# 15625
7.500000000000000000e+01
7.100694444444444287e+01
6.736111111111111427e+01
6.406250000000000000e+01
6.111111111111110716e+01
5.850694444444444287e+01
5.625000000000000000e+01
5.434027777777777857e+01
5.277777777777777857e+01
5.156250000000000000e+01
5.069444444444444287e+01
5.017361111111111427e+01
5.000000000000000000e+01
5.017361111111111427e+01
5.069444444444444287e+01
5.156250000000000000e+01
5.277777777777777857e+01
5.434027777777777857e+01
5.625000000000000000e+01
5.850694444444444287e+01
6.111111111111111427e+01
6.406250000000000000e+01
6.736111111111111427e+01
7.100694444444445708e+01
7.500000000000000000e+01
7.100694444444444287e+01
6.701388888888888573e+01
6.336805555555555713e+01
6.006944444444444287e+01
5.711805555555555003e+01
5.451388888888888573e+01
5.225694444444444287e+01
5.034722222222222143e+01
4.878472222222222143e+01
4.756944444444444287e+01
4.670138888888888573e+01
4.618055555555555713e+01
4.600694444444444287e+01
4.618055555555555713e+01
4.670138888888888573e+01
4.756944444444444287e+01
4.878472222222222143e+01
5.034722222222222143e+01
5.225694444444444287e+01
5.451388888888888573e+01
5.711805555555555713e+01
6.006944444444444287e+01
6.336805555555556424e+01
6.701388888888888573e+01
7.100694444444444287e+01
6.736111111111111427e+01
6.336805555555555713e+01
5.972222222222222854e+01
5.642361111111111427e+01
5.347222222222222143e+01
5.086805555555555713e+01
4.861111111111111427e+01
4.670138888888889284e+01
4.513888888888889284e+01
4.392361111111111427e+01
4.305555555555555713e+01
4.253472222222222854e+01
4.236111111111111427e+01
4.253472222222222854e+01
4.305555555555555713e+01
4.392361111111111427e+01
4.513888888888889284e+01
4.670138888888889284e+01
4.861111111111111427e+01
5.086805555555555713e+01
5.347222222222222854e+01
5.642361111111111427e+01
5.972222222222223564e+01
6.336805555555556424e+01
6.736111111111111427e+01
6.406250000000000000e+01
6.006944444444444287e+01
5.642361111111111427e+01
5.312500000000000000e+01
5.017361111111110716e+01
4.756944444444444287e+01
4.531250000000000000e+01
4.340277777777777857e+01
4.184027777777777857e+01
4.062500000000000000e+01
3.975694444444444287e+01
3.923611111111111427e+01
3.906250000000000000e+01
3.923611111111111427e+01
3.975694444444444287e+01
4.062500000000000000e+01
4.184027777777777857e+01
4.340277777777777857e+01
4.531250000000000000e+01
4.756944444444444287e+01
5.017361111111111427e+01
5.312500000000000000e+01
5.642361111111112137e+01
6.006944444444444997e+01
6.406250000000000000e+01
6.111111111111110716e+01
5.711805555555555003e+01
5.347222222222222143e+01
5.017361111111110716e+01
4.722222222222221433e+01
4.461805555555555003e+01
4.236111111111110716e+01
4.045138888888888573e+01
3.888888888888888573e+01
3.767361111111110716e+01
3.680555555555555713e+01
3.628472222222222143e+01
3.611111111111110716e+01
3.628472222222222143e+01
3.680555555555555713e+01
3.767361111111110716e+01
3.888888888888888573e+01
4.045138888888888573e+01
4.236111111111110716e+01
4.461805555555555713e+01
4.722222222222222143e+01
5.017361111111110716e+01
5.347222222222222854e+01
5.711805555555555713e+01
6.111111111111110716e+01
5.850694444444444287e+01
5.451388888888888573e+01
5.086805555555555713e+01
4.756944444444444287e+01
4.461805555555555003e+01
4.201388888888888573e+01
3.975694444444444287e+01
3.784722222222222143e+01
3.628472222222222143e+01
3.506944444444444287e+01
3.420138888888888573e+01
3.368055555555555713e+01
3.350694444444444287e+01
3.368055555555555713e+01
3.420138888888888573e+01
3.506944444444444287e+01
3.628472222222222143e+01
3.784722222222222143e+01
3.975694444444444287e+01
4.201388888888888573e+01
4.461805555555555713e+01
4.756944444444444287e+01
5.086805555555556424e+01
5.451388888888889284e+01
5.850694444444444287e+01
5.625000000000000000e+01
5.225694444444444287e+01
4.861111111111111427e+01
4.531250000000000000e+01
4.236111111111110716e+01
3.975694444444444287e+01
3.750000000000000000e+01
3.559027777777777857e+01
3.402777777777777857e+01
3.281250000000000000e+01
3.194444444444444287e+01
3.142361111111111072e+01
3.125000000000000000e+01
3.142361111111111072e+01
3.194444444444444642e+01
3.281250000000000000e+01
3.402777777777777857e+01
3.559027777777777857e+01
3.750000000000000000e+01
3.975694444444444287e+01
4.236111111111111427e+01
4.531250000000000000e+01
4.861111111111112137e+01
5.225694444444444997e+01
5.625000000000000000e+01
5.434027777777777857e+01
5.034722222222222143e+01
4.670138888888889284e+01
4.340277777777777857e+01
4.045138888888888573e+01
3.784722222222222143e+01
3.559027777777777857e+01
3.368055555555555713e+01
3.211805555555555713e+01
3.090277777777777857e+01
3.003472222222222143e+01
2.951388888888888573e+01
2.934027777777777857e+01
2.951388888888888928e+01
3.003472222222222143e+01
3.090277777777777857e+01
3.211805555555555713e+01
3.368055555555555713e+01
3.559027777777777857e+01
3.784722222222222143e+01
4.045138888888889284e+01
4.340277777777777857e+01
4.670138888888889994e+01
5.034722222222222854e+01
5.434027777777777857e+01
5.277777777777777857e+01
4.878472222222222143e+01
4.513888888888889284e+01
4.184027777777777857e+01
3.888888888888888573e+01
3.628472222222222143e+01
3.402777777777777857e+01
3.211805555555555713e+01
3.055555555555555358e+01
2.934027777777777857e+01
2.847222222222222143e+01
2.795138888888888928e+01
2.777777777777777857e+01
2.795138888888888928e+01
2.847222222222222143e+01
2.934027777777777857e+01
3.055555555555555713e+01
3.211805555555555713e+01
3.402777777777777857e+01
3.628472222222222143e+01
3.888888888888889284e+01
4.184027777777777857e+01
4.513888888888889994e+01
4.878472222222222854e+01
5.277777777777777857e+01
5.156250000000000000e+01
4.756944444444444287e+01
4.392361111111111427e+01
4.062500000000000000e+01
3.767361111111110716e+01
3.506944444444444287e+01
3.281250000000000000e+01
3.090277777777777857e+01
2.934027777777777857e+01
2.812500000000000000e+01
2.725694444444444287e+01
2.673611111111111072e+01
2.656250000000000000e+01
2.673611111111111072e+01
2.725694444444444642e+01
2.812500000000000000e+01
2.934027777777777857e+01
3.090277777777777857e+01
3.281250000000000000e+01
3.506944444444444287e+01
3.767361111111111427e+01
4.062500000000000000e+01
4.392361111111112137e+01
4.756944444444444997e+01
5.156250000000000000e+01
5.069444444444444287e+01
4.670138888888888573e+01
4.305555555555555713e+01
3.975694444444444287e+01
3.680555555555555713e+01
3.420138888888888573e+01
3.194444444444444287e+01
3.003472222222222143e+01
2.847222222222222143e+01
2.725694444444444287e+01
2.638888888888888928e+01
2.586805555555555358e+01
2.569444444444444287e+01
2.586805555555555713e+01
2.638888888888888928e+01
2.725694444444444287e+01
2.847222222222222143e+01
3.003472222222222499e+01
3.194444444444444287e+01
3.420138888888889284e+01
3.680555555555555713e+01
3.975694444444444287e+01
4.305555555555556424e+01
4.670138888888889284e+01
5.069444444444444287e+01
5.017361111111111427e+01
4.618055555555555713e+01
4.253472222222222854e+01
3.923611111111111427e+01
3.628472222222222143e+01
3.368055555555555713e+01
3.142361111111111072e+01
2.951388888888888573e+01
2.795138888888888928e+01
2.673611111111111072e+01
2.586805555555555358e+01
2.534722222222222143e+01
2.517361111111111072e+01
2.534722222222222143e+01
2.586805555555555713e+01
2.673611111111111072e+01
2.795138888888888928e+01
2.951388888888889284e+01
3.142361111111111072e+01
3.368055555555555713e+01
3.628472222222222854e+01
3.923611111111111427e+01
4.253472222222222854e+01
4.618055555555555713e+01
5.017361111111111427e+01
5.000000000000000000e+01
4.600694444444444287e+01
4.236111111111111427e+01
3.906250000000000000e+01
3.611111111111110716e+01
3.350694444444444287e+01
3.125000000000000000e+01
2.934027777777777857e+01
2.777777777777777857e+01
2.656250000000000000e+01
2.569444444444444287e+01
2.517361111111111072e+01
2.500000000000000000e+01
2.517361111111111072e+01
2.569444444444444642e+01
2.656250000000000000e+01
2.777777777777777857e+01
2.934027777777777857e+01
3.125000000000000000e+01
3.350694444444444287e+01
3.611111111111111427e+01
3.906250000000000000e+01
4.236111111111112137e+01
4.600694444444444997e+01
5.000000000000000000e+01
5.017361111111111427e+01
4.618055555555555713e+01
4.253472222222222854e+01
3.923611111111111427e+01
3.628472222222222143e+01
3.368055555555555713e+01
3.142361111111111072e+01
2.951388888888888928e+01
2.795138888888888928e+01
2.673611111111111072e+01
2.586805555555555713e+01
2.534722222222222143e+01
2.517361111111111072e+01
2.534722222222222143e+01
2.586805555555555713e+01
2.673611111111111072e+01
2.795138888888888928e+01
2.951388888888889284e+01
3.142361111111111072e+01
3.368055555555555713e+01
3.628472222222222854e+01
3.923611111111111427e+01
4.253472222222222854e+01
4.618055555555555713e+01
5.017361111111111427e+01
5.069444444444444287e+01
4.670138888888888573e+01
4.305555555555555713e+01
3.975694444444444287e+01
3.680555555555555713e+01
3.420138888888888573e+01
3.194444444444444642e+01
3.003472222222222143e+01
2.847222222222222143e+01
2.725694444444444642e+01
2.638888888888888928e+01
2.586805555555555713e+01
2.569444444444444642e+01
2.586805555555555713e+01
2.638888888888888928e+01
2.725694444444444642e+01
2.847222222222222499e+01
3.003472222222222499e+01
3.194444444444444642e+01
3.420138888888889284e+01
3.680555555555555713e+01
3.975694444444444287e+01
4.305555555555557135e+01
4.670138888888889994e+01
5.069444444444444287e+01
5.156250000000000000e+01
4.756944444444444287e+01
4.392361111111111427e+01
4.062500000000000000e+01
3.767361111111110716e+01
3.506944444444444287e+01
3.281250000000000000e+01
3.090277777777777857e+01
2.934027777777777857e+01
2.812500000000000000e+01
2.725694444444444287e+01
2.673611111111111072e+01
2.656250000000000000e+01
2.673611111111111072e+01
2.725694444444444642e+01
2.812500000000000000e+01
2.934027777777777857e+01
3.090277777777777857e+01
3.281250000000000000e+01
3.506944444444444287e+01
3.767361111111111427e+01
4.062500000000000000e+01
4.392361111111112137e+01
4.756944444444444997e+01
5.156250000000000000e+01
5.277777777777777857e+01
4.878472222222222143e+01
4.513888888888889284e+01
4.184027777777777857e+01
3.888888888888888573e+01
3.628472222222222143e+01
3.402777777777777857e+01
3.211805555555555713e+01
3.055555555555555713e+01
2.934027777777777857e+01
2.847222222222222143e+01
2.795138888888888928e+01
2.777777777777777857e+01
2.795138888888888928e+01
2.847222222222222499e+01
2.934027777777777857e+01
3.055555555555555713e+01
3.211805555555555713e+01
3.402777777777777857e+01
3.628472222222222854e+01
3.888888888888889284e+01
4.184027777777777857e+01
4.513888888888889994e+01
4.878472222222222854e+01
5.277777777777777857e+01
5.434027777777777857e+01
5.034722222222222143e+01
4.670138888888889284e+01
4.340277777777777857e+01
4.045138888888888573e+01
3.784722222222222143e+01
3.559027777777777857e+01
3.368055555555555713e+01
3.211805555555555713e+01
3.090277777777777857e+01
3.003472222222222499e+01
2.951388888888889284e+01
2.934027777777777857e+01
2.951388888888889284e+01
3.003472222222222499e+01
3.090277777777777857e+01
3.211805555555555713e+01
3.368055555555555713e+01
3.559027777777777857e+01
3.784722222222222854e+01
4.045138888888889284e+01
4.340277777777777857e+01
4.670138888888889994e+01
5.034722222222222854e+01
5.434027777777777857e+01
5.625000000000000000e+01
5.225694444444444287e+01
4.861111111111111427e+01
4.531250000000000000e+01
4.236111111111110716e+01
3.975694444444444287e+01
3.750000000000000000e+01
3.559027777777777857e+01
3.402777777777777857e+01
3.281250000000000000e+01
3.194444444444444287e+01
3.142361111111111072e+01
3.125000000000000000e+01
3.142361111111111072e+01
3.194444444444444642e+01
3.281250000000000000e+01
3.402777777777777857e+01
3.559027777777777857e+01
3.750000000000000000e+01
3.975694444444444287e+01
4.236111111111111427e+01
4.531250000000000000e+01
4.861111111111112137e+01
5.225694444444444997e+01
5.625000000000000000e+01
5.850694444444444287e+01
5.451388888888888573e+01
5.086805555555555713e+01
4.756944444444444287e+01
4.461805555555555713e+01
4.201388888888888573e+01
3.975694444444444287e+01
3.784722222222222143e+01
3.628472222222222143e+01
3.506944444444444287e+01
3.420138888888889284e+01
3.368055555555555713e+01
3.350694444444444287e+01
3.368055555555555713e+01
3.420138888888889284e+01
3.506944444444444287e+01
3.628472222222222854e+01
3.784722222222222854e+01
3.975694444444444287e+01
4.201388888888889284e+01
4.461805555555555713e+01
4.756944444444444287e+01
5.086805555555557135e+01
5.451388888888889994e+01
5.850694444444444287e+01
6.111111111111111427e+01
5.711805555555555713e+01
5.347222222222222854e+01
5.017361111111111427e+01
4.722222222222222143e+01
4.461805555555555713e+01
4.236111111111111427e+01
4.045138888888889284e+01
3.888888888888889284e+01
3.767361111111111427e+01
3.680555555555555713e+01
3.628472222222222854e+01
3.611111111111111427e+01
3.628472222222222854e+01
3.680555555555555713e+01
3.767361111111111427e+01
3.888888888888889284e+01
4.045138888888889284e+01
4.236111111111111427e+01
4.461805555555555713e+01
4.722222222222222854e+01
5.017361111111111427e+01
5.347222222222223564e+01
5.711805555555556424e+01
6.111111111111111427e+01
6.406250000000000000e+01
6.006944444444444287e+01
5.642361111111111427e+01
5.312500000000000000e+01
5.017361111111110716e+01
4.756944444444444287e+01
4.531250000000000000e+01
4.340277777777777857e+01
4.184027777777777857e+01
4.062500000000000000e+01
3.975694444444444287e+01
3.923611111111111427e+01
3.906250000000000000e+01
3.923611111111111427e+01
3.975694444444444287e+01
4.062500000000000000e+01
4.184027777777777857e+01
4.340277777777777857e+01
4.531250000000000000e+01
4.756944444444444287e+01
5.017361111111111427e+01
5.312500000000000000e+01
5.642361111111112137e+01
6.006944444444444997e+01
6.406250000000000000e+01
6.736111111111111427e+01
6.336805555555556424e+01
5.972222222222223564e+01
5.642361111111112137e+01
5.347222222222222854e+01
5.086805555555556424e+01
4.861111111111112137e+01
4.670138888888889994e+01
4.513888888888889994e+01
4.392361111111112137e+01
4.305555555555556424e+01
4.253472222222222854e+01
4.236111111111112137e+01
4.253472222222222854e+01
4.305555555555557135e+01
4.392361111111112137e+01
4.513888888888889994e+01
4.670138888888889994e+01
4.861111111111112137e+01
5.086805555555557135e+01
5.347222222222223564e+01
5.642361111111112137e+01
5.972222222222224275e+01
6.336805555555557135e+01
6.736111111111111427e+01
7.100694444444445708e+01
6.701388888888888573e+01
6.336805555555556424e+01
6.006944444444444997e+01
5.711805555555555713e+01
5.451388888888889284e+01
5.225694444444444997e+01
5.034722222222222854e+01
4.878472222222222854e+01
4.756944444444444997e+01
4.670138888888889284e+01
4.618055555555555713e+01
4.600694444444444997e+01
4.618055555555555713e+01
4.670138888888889994e+01
4.756944444444444997e+01
4.878472222222222854e+01
5.034722222222222854e+01
5.225694444444444997e+01
5.451388888888889994e+01
5.711805555555556424e+01
6.006944444444444997e+01
6.336805555555557135e+01
6.701388888888889994e+01
7.100694444444445708e+01
7.500000000000000000e+01
7.100694444444444287e+01
6.736111111111111427e+01
6.406250000000000000e+01
6.111111111111110716e+01
5.850694444444444287e+01
5.625000000000000000e+01
5.434027777777777857e+01
5.277777777777777857e+01
5.156250000000000000e+01
5.069444444444444287e+01
5.017361111111111427e+01
5.000000000000000000e+01
5.017361111111111427e+01
5.069444444444444287e+01
5.156250000000000000e+01
5.277777777777777857e+01
5.434027777777777857e+01
5.625000000000000000e+01
5.850694444444444287e+01
6.111111111111111427e+01
6.406250000000000000e+01
6.736111111111111427e+01
7.100694444444445708e+01
7.500000000000000000e+01
7.100694444444444287e+01
6.701388888888888573e+01
6.336805555555555713e+01
6.006944444444444287e+01
5.711805555555555003e+01
5.451388888888888573e+01
5.225694444444444287e+01
5.034722222222222143e+01
4.878472222222222143e+01
4.756944444444444287e+01
4.670138888888888573e+01
4.618055555555555713e+01
4.600694444444444287e+01
4.618055555555555713e+01
4.670138888888888573e+01
4.756944444444444287e+01
4.878472222222222143e+01
5.034722222222222143e+01
5.225694444444444287e+01
5.451388888888888573e+01
5.711805555555555713e+01
6.006944444444444287e+01
6.336805555555556424e+01
6.701388888888888573e+01
7.100694444444444287e+01
6.701388888888888573e+01
6.302083333333332860e+01
5.937500000000000000e+01
5.607638888888888573e+01
5.312499999999999289e+01
5.052083333333332860e+01
4.826388888888888573e+01
4.635416666666666430e+01
4.479166666666666430e+01
4.357638888888888573e+01
4.270833333333332860e+01
4.218750000000000000e+01
4.201388888888888573e+01
4.218750000000000000e+01
4.270833333333332860e+01
4.357638888888888573e+01
4.479166666666666430e+01
4.635416666666666430e+01
4.826388888888888573e+01
5.052083333333332860e+01
5.312500000000000000e+01
5.607638888888888573e+01
5.937500000000000711e+01
6.302083333333333570e+01
6.701388888888888573e+01
6.336805555555555713e+01
5.937500000000000000e+01
5.572916666666667140e+01
5.243055555555555713e+01
4.947916666666666430e+01
4.687500000000000000e+01
4.461805555555555713e+01
4.270833333333333570e+01
4.114583333333333570e+01
3.993055555555555713e+01
3.906250000000000000e+01
3.854166666666667140e+01
3.836805555555555713e+01
3.854166666666667140e+01
3.906250000000000000e+01
3.993055555555555713e+01
4.114583333333333570e+01
4.270833333333333570e+01
4.461805555555555713e+01
4.687500000000000000e+01
4.947916666666667140e+01
5.243055555555555713e+01
5.572916666666667851e+01
5.937500000000000711e+01
6.336805555555555713e+01
6.006944444444444287e+01
5.607638888888888573e+01
5.243055555555555713e+01
4.913194444444444287e+01
4.618055555555555003e+01
4.357638888888888573e+01
4.131944444444444287e+01
3.940972222222222143e+01
3.784722222222222143e+01
3.663194444444444287e+01
3.576388888888888573e+01
3.524305555555555713e+01
3.506944444444444287e+01
3.524305555555555713e+01
3.576388888888888573e+01
3.663194444444444287e+01
3.784722222222222143e+01
3.940972222222222143e+01
4.131944444444444287e+01
4.357638888888888573e+01
4.618055555555555713e+01
4.913194444444444287e+01
5.243055555555556424e+01
5.607638888888889284e+01
6.006944444444444287e+01
5.711805555555555003e+01
5.312499999999999289e+01
4.947916666666666430e+01
4.618055555555555003e+01
4.322916666666665719e+01
4.062499999999999289e+01
3.836805555555555003e+01
3.645833333333332860e+01
3.489583333333332860e+01
3.368055555555555003e+01
3.281250000000000000e+01
3.229166666666666430e+01
3.211805555555555003e+01
3.229166666666666430e+01
3.281250000000000000e+01
3.368055555555555003e+01
3.489583333333332860e+01
3.645833333333332860e+01
3.836805555555555003e+01
4.062500000000000000e+01
4.322916666666666430e+01
4.618055555555555003e+01
4.947916666666667140e+01
5.312500000000000000e+01
5.711805555555555003e+01
5.451388888888888573e+01
5.052083333333332860e+01
4.687500000000000000e+01
4.357638888888888573e+01
4.062499999999999289e+01
3.802083333333332860e+01
3.576388888888888573e+01
3.385416666666666430e+01
3.229166666666666430e+01
3.107638888888888573e+01
3.020833333333332860e+01
2.968749999999999645e+01
2.951388888888888573e+01
2.968749999999999645e+01
3.020833333333332860e+01
3.107638888888888573e+01
3.229166666666666430e+01
3.385416666666666430e+01
3.576388888888888573e+01
3.802083333333332860e+01
4.062500000000000000e+01
4.357638888888888573e+01
4.687500000000000711e+01
5.052083333333333570e+01
5.451388888888888573e+01
5.225694444444444287e+01
4.826388888888888573e+01
4.461805555555555713e+01
4.131944444444444287e+01
3.836805555555555003e+01
3.576388888888888573e+01
3.350694444444444287e+01
3.159722222222222143e+01
3.003472222222222143e+01
2.881944444444444287e+01
2.795138888888888573e+01
2.743055555555555358e+01
2.725694444444444287e+01
2.743055555555555358e+01
2.795138888888888928e+01
2.881944444444444287e+01
3.003472222222222143e+01
3.159722222222222143e+01
3.350694444444444287e+01
3.576388888888888573e+01
3.836805555555555713e+01
4.131944444444444287e+01
4.461805555555556424e+01
4.826388888888889284e+01
5.225694444444444287e+01
5.034722222222222143e+01
4.635416666666666430e+01
4.270833333333333570e+01
3.940972222222222143e+01
3.645833333333332860e+01
3.385416666666666430e+01
3.159722222222222143e+01
2.968749999999999645e+01
2.812499999999999645e+01
2.690972222222222143e+01
2.604166666666666430e+01
2.552083333333332860e+01
2.534722222222222143e+01
2.552083333333333215e+01
2.604166666666666430e+01
2.690972222222222143e+01
2.812500000000000000e+01
2.968750000000000000e+01
3.159722222222222143e+01
3.385416666666666430e+01
3.645833333333333570e+01
3.940972222222222143e+01
4.270833333333334281e+01
4.635416666666667140e+01
5.034722222222222143e+01
4.878472222222222143e+01
4.479166666666666430e+01
4.114583333333333570e+01
3.784722222222222143e+01
3.489583333333332860e+01
3.229166666666666430e+01
3.003472222222222143e+01
2.812499999999999645e+01
2.656249999999999645e+01
2.534722222222222143e+01
2.447916666666666430e+01
2.395833333333333215e+01
2.378472222222222143e+01
2.395833333333333215e+01
2.447916666666666430e+01
2.534722222222222143e+01
2.656250000000000000e+01
2.812500000000000000e+01
3.003472222222222143e+01
3.229166666666666430e+01
3.489583333333333570e+01
3.784722222222222143e+01
4.114583333333334281e+01
4.479166666666667140e+01
4.878472222222222143e+01
4.756944444444444287e+01
4.357638888888888573e+01
3.993055555555555713e+01
3.663194444444444287e+01
3.368055555555555003e+01
3.107638888888888573e+01
2.881944444444444287e+01
2.690972222222222143e+01
2.534722222222222143e+01
2.413194444444444287e+01
2.326388888888888573e+01
2.274305555555555358e+01
2.256944444444444287e+01
2.274305555555555358e+01
2.326388888888888928e+01
2.413194444444444287e+01
2.534722222222222143e+01
2.690972222222222143e+01
2.881944444444444287e+01
3.107638888888888928e+01
3.368055555555555713e+01
3.663194444444444287e+01
3.993055555555556424e+01
4.357638888888889284e+01
4.756944444444444287e+01
4.670138888888888573e+01
4.270833333333332860e+01
3.906250000000000000e+01
3.576388888888888573e+01
3.281250000000000000e+01
3.020833333333332860e+01
2.795138888888888573e+01
2.604166666666666430e+01
2.447916666666666430e+01
2.326388888888888573e+01
2.239583333333333215e+01
2.187499999999999645e+01
2.170138888888888573e+01
2.187500000000000000e+01
2.239583333333333215e+01
2.326388888888888573e+01
2.447916666666666430e+01
2.604166666666666785e+01
2.795138888888888573e+01
3.020833333333333570e+01
3.281250000000000000e+01
3.576388888888888573e+01
3.906250000000000711e+01
4.270833333333333570e+01
4.670138888888888573e+01
4.618055555555555713e+01
4.218750000000000000e+01
3.854166666666667140e+01
3.524305555555555713e+01
3.229166666666666430e+01
2.968749999999999645e+01
2.743055555555555358e+01
2.552083333333332860e+01
2.395833333333333215e+01
2.274305555555555358e+01
2.187499999999999645e+01
2.135416666666666430e+01
2.118055555555555358e+01
2.135416666666666430e+01
2.187500000000000000e+01
2.274305555555555358e+01
2.395833333333333215e+01
2.552083333333333570e+01
2.743055555555555358e+01
2.968750000000000000e+01
3.229166666666667140e+01
3.524305555555555713e+01
3.854166666666667140e+01
4.218750000000000000e+01
4.618055555555555713e+01
4.600694444444444287e+01
4.201388888888888573e+01
3.836805555555555713e+01
3.506944444444444287e+01
3.211805555555555003e+01
2.951388888888888573e+01
2.725694444444444287e+01
2.534722222222222143e+01
2.378472222222222143e+01
2.256944444444444287e+01
2.170138888888888573e+01
2.118055555555555358e+01
2.100694444444444287e+01
2.118055555555555358e+01
2.170138888888888928e+01
2.256944444444444287e+01
2.378472222222222143e+01
2.534722222222222143e+01
2.725694444444444287e+01
2.951388888888888928e+01
3.211805555555555713e+01
3.506944444444444287e+01
3.836805555555556424e+01
4.201388888888889284e+01
4.600694444444444287e+01
4.618055555555555713e+01
4.218750000000000000e+01
3.854166666666667140e+01
3.524305555555555713e+01
3.229166666666666430e+01
2.968749999999999645e+01
2.743055555555555358e+01
2.552083333333333215e+01
2.395833333333333215e+01
2.274305555555555358e+01
2.187500000000000000e+01
2.135416666666666430e+01
2.118055555555555358e+01
2.135416666666666430e+01
2.187500000000000000e+01
2.274305555555555358e+01
2.395833333333333215e+01
2.552083333333333570e+01
2.743055555555555358e+01
2.968750000000000000e+01
3.229166666666667140e+01
3.524305555555555713e+01
3.854166666666667140e+01
4.218750000000000000e+01
4.618055555555555713e+01
4.670138888888888573e+01
4.270833333333332860e+01
3.906250000000000000e+01
3.576388888888888573e+01
3.281250000000000000e+01
3.020833333333332860e+01
2.795138888888888928e+01
2.604166666666666430e+01
2.447916666666666430e+01
2.326388888888888928e+01
2.239583333333333215e+01
2.187500000000000000e+01
2.170138888888888928e+01
2.187500000000000000e+01
2.239583333333333215e+01
2.326388888888888928e+01
2.447916666666666785e+01
2.604166666666666785e+01
2.795138888888888928e+01
3.020833333333333570e+01
3.281250000000000000e+01
3.576388888888888573e+01
3.906250000000001421e+01
4.270833333333334281e+01
4.670138888888888573e+01
4.756944444444444287e+01
4.357638888888888573e+01
3.993055555555555713e+01
3.663194444444444287e+01
3.368055555555555003e+01
3.107638888888888573e+01
2.881944444444444287e+01
2.690972222222222143e+01
2.534722222222222143e+01
2.413194444444444287e+01
2.326388888888888573e+01
2.274305555555555358e+01
2.256944444444444287e+01
2.274305555555555358e+01
2.326388888888888928e+01
2.413194444444444287e+01
2.534722222222222143e+01
2.690972222222222143e+01
2.881944444444444287e+01
3.107638888888888928e+01
3.368055555555555713e+01
3.663194444444444287e+01
3.993055555555556424e+01
4.357638888888889284e+01
4.756944444444444287e+01
4.878472222222222143e+01
4.479166666666666430e+01
4.114583333333333570e+01
3.784722222222222143e+01
3.489583333333332860e+01
3.229166666666666430e+01
3.003472222222222143e+01
2.812500000000000000e+01
2.656250000000000000e+01
2.534722222222222143e+01
2.447916666666666430e+01
2.395833333333333215e+01
2.378472222222222143e+01
2.395833333333333215e+01
2.447916666666666785e+01
2.534722222222222143e+01
2.656250000000000000e+01
2.812500000000000000e+01
3.003472222222222143e+01
3.229166666666667140e+01
3.489583333333333570e+01
3.784722222222222143e+01
4.114583333333334281e+01
4.479166666666667140e+01
4.878472222222222143e+01
5.034722222222222143e+01
4.635416666666666430e+01
4.270833333333333570e+01
3.940972222222222143e+01
3.645833333333332860e+01
3.385416666666666430e+01
3.159722222222222143e+01
2.968750000000000000e+01
2.812500000000000000e+01
2.690972222222222143e+01
2.604166666666666785e+01
2.552083333333333570e+01
2.534722222222222143e+01
2.552083333333333570e+01
2.604166666666666785e+01
2.690972222222222143e+01
2.812500000000000000e+01
2.968750000000000355e+01
3.159722222222222143e+01
3.385416666666667140e+01
3.645833333333333570e+01
3.940972222222222143e+01
4.270833333333334281e+01
4.635416666666667140e+01
5.034722222222222143e+01
5.225694444444444287e+01
4.826388888888888573e+01
4.461805555555555713e+01
4.131944444444444287e+01
3.836805555555555003e+01
3.576388888888888573e+01
3.350694444444444287e+01
3.159722222222222143e+01
3.003472222222222143e+01
2.881944444444444287e+01
2.795138888888888573e+01
2.743055555555555358e+01
2.725694444444444287e+01
2.743055555555555358e+01
2.795138888888888928e+01
2.881944444444444287e+01
3.003472222222222143e+01
3.159722222222222143e+01
3.350694444444444287e+01
3.576388888888888573e+01
3.836805555555555713e+01
4.131944444444444287e+01
4.461805555555556424e+01
4.826388888888889284e+01
5.225694444444444287e+01
5.451388888888888573e+01
5.052083333333332860e+01
4.687500000000000000e+01
4.357638888888888573e+01
4.062500000000000000e+01
3.802083333333332860e+01
3.576388888888888573e+01
3.385416666666666430e+01
3.229166666666666430e+01
3.107638888888888928e+01
3.020833333333333570e+01
2.968750000000000000e+01
2.951388888888888928e+01
2.968750000000000000e+01
3.020833333333333570e+01
3.107638888888888928e+01
3.229166666666667140e+01
3.385416666666667140e+01
3.576388888888888573e+01
3.802083333333333570e+01
4.062500000000000000e+01
4.357638888888888573e+01
4.687500000000001421e+01
5.052083333333334281e+01
5.451388888888888573e+01
5.711805555555555713e+01
5.312500000000000000e+01
4.947916666666667140e+01
4.618055555555555713e+01
4.322916666666666430e+01
4.062500000000000000e+01
3.836805555555555713e+01
3.645833333333333570e+01
3.489583333333333570e+01
3.368055555555555713e+01
3.281250000000000000e+01
3.229166666666667140e+01
3.211805555555555713e+01
3.229166666666667140e+01
3.281250000000000000e+01
3.368055555555555713e+01
3.489583333333333570e+01
3.645833333333333570e+01
3.836805555555555713e+01
4.062500000000000000e+01
4.322916666666667140e+01
4.618055555555555713e+01
4.947916666666667851e+01
5.312500000000000711e+01
5.711805555555555713e+01
6.006944444444444287e+01
5.607638888888888573e+01
5.243055555555555713e+01
4.913194444444444287e+01
4.618055555555555003e+01
4.357638888888888573e+01
4.131944444444444287e+01
3.940972222222222143e+01
3.784722222222222143e+01
3.663194444444444287e+01
3.576388888888888573e+01
3.524305555555555713e+01
3.506944444444444287e+01
3.524305555555555713e+01
3.576388888888888573e+01
3.663194444444444287e+01
3.784722222222222143e+01
3.940972222222222143e+01
4.131944444444444287e+01
4.357638888888888573e+01
4.618055555555555713e+01
4.913194444444444287e+01
5.243055555555556424e+01
5.607638888888889284e+01
6.006944444444444287e+01
6.336805555555556424e+01
5.937500000000000711e+01
5.572916666666667851e+01
5.243055555555556424e+01
4.947916666666667140e+01
4.687500000000000711e+01
4.461805555555556424e+01
4.270833333333334281e+01
4.114583333333334281e+01
3.993055555555556424e+01
3.906250000000000711e+01
3.854166666666667140e+01
3.836805555555556424e+01
3.854166666666667140e+01
3.906250000000001421e+01
3.993055555555556424e+01
4.114583333333334281e+01
4.270833333333334281e+01
4.461805555555556424e+01
4.687500000000001421e+01
4.947916666666667851e+01
5.243055555555556424e+01
5.572916666666668561e+01
5.937500000000001421e+01
6.336805555555556424e+01
6.701388888888888573e+01
6.302083333333333570e+01
5.937500000000000711e+01
5.607638888888889284e+01
5.312500000000000000e+01
5.052083333333333570e+01
4.826388888888889284e+01
4.635416666666667140e+01
4.479166666666667140e+01
4.357638888888889284e+01
4.270833333333333570e+01
4.218750000000000000e+01
4.201388888888889284e+01
4.218750000000000000e+01
4.270833333333334281e+01
4.357638888888889284e+01
4.479166666666667140e+01
4.635416666666667140e+01
4.826388888888889284e+01
5.052083333333334281e+01
5.312500000000000711e+01
5.607638888888889284e+01
5.937500000000001421e+01
6.302083333333334281e+01
6.701388888888888573e+01
7.100694444444444287e+01
6.701388888888888573e+01
6.336805555555555713e+01
6.006944444444444287e+01
5.711805555555555003e+01
5.451388888888888573e+01
5.225694444444444287e+01
5.034722222222222143e+01
4.878472222222222143e+01
4.756944444444444287e+01
4.670138888888888573e+01
4.618055555555555713e+01
4.600694444444444287e+01
4.618055555555555713e+01
4.670138888888888573e+01
4.756944444444444287e+01
4.878472222222222143e+01
5.034722222222222143e+01
5.225694444444444287e+01
5.451388888888888573e+01
5.711805555555555713e+01
6.006944444444444287e+01
6.336805555555556424e+01
6.701388888888888573e+01
7.100694444444444287e+01
6.736111111111111427e+01
6.336805555555555713e+01
5.972222222222222854e+01
5.642361111111111427e+01
5.347222222222222143e+01
5.086805555555555713e+01
4.861111111111111427e+01
4.670138888888889284e+01
4.513888888888889284e+01
4.392361111111111427e+01
4.305555555555555713e+01
4.253472222222222854e+01
4.236111111111111427e+01
4.253472222222222854e+01
4.305555555555555713e+01
4.392361111111111427e+01
4.513888888888889284e+01
4.670138888888889284e+01
4.861111111111111427e+01
5.086805555555555713e+01
5.347222222222222854e+01
5.642361111111111427e+01
5.972222222222223564e+01
6.336805555555556424e+01
6.736111111111111427e+01
6.336805555555555713e+01
5.937500000000000000e+01
5.572916666666667140e+01
5.243055555555555713e+01
4.947916666666666430e+01
4.687500000000000000e+01
4.461805555555555713e+01
4.270833333333333570e+01
4.114583333333333570e+01
3.993055555555555713e+01
3.906250000000000000e+01
3.854166666666667140e+01
3.836805555555555713e+01
3.854166666666667140e+01
3.906250000000000000e+01
3.993055555555555713e+01
4.114583333333333570e+01
4.270833333333333570e+01
4.461805555555555713e+01
4.687500000000000000e+01
4.947916666666667140e+01
5.243055555555555713e+01
5.572916666666667851e+01
5.937500000000000711e+01
6.336805555555555713e+01
5.972222222222222854e+01
5.572916666666667140e+01
5.208333333333334281e+01
4.878472222222222854e+01
4.583333333333333570e+01
4.322916666666667140e+01
4.097222222222222854e+01
3.906250000000000711e+01
3.750000000000000711e+01
3.628472222222222854e+01
3.541666666666667140e+01
3.489583333333334281e+01
3.472222222222222854e+01
3.489583333333334281e+01
3.541666666666667140e+01
3.628472222222222854e+01
3.750000000000000711e+01
3.906250000000000711e+01
4.097222222222222854e+01
4.322916666666667140e+01
4.583333333333334281e+01
4.878472222222222854e+01
5.208333333333334991e+01
5.572916666666667851e+01
5.972222222222222854e+01
5.642361111111111427e+01
5.243055555555555713e+01
4.878472222222222854e+01
4.548611111111111427e+01
4.253472222222222143e+01
3.993055555555555713e+01
3.767361111111111427e+01
3.576388888888889284e+01
3.420138888888889284e+01
3.298611111111111427e+01
3.211805555555555713e+01
3.159722222222222499e+01
3.142361111111111427e+01
3.159722222222222499e+01
3.211805555555555713e+01
3.298611111111111427e+01
3.420138888888889284e+01
3.576388888888889284e+01
3.767361111111111427e+01
3.993055555555555713e+01
4.253472222222222854e+01
4.548611111111111427e+01
4.878472222222223564e+01
5.243055555555556424e+01
5.642361111111111427e+01
5.347222222222222143e+01
4.947916666666666430e+01
4.583333333333333570e+01
4.253472222222222143e+01
3.958333333333332860e+01
3.697916666666666430e+01
3.472222222222222143e+01
3.281250000000000000e+01
3.125000000000000000e+01
3.003472222222222143e+01
2.916666666666666785e+01
2.864583333333333570e+01
2.847222222222222143e+01
2.864583333333333570e+01
2.916666666666666785e+01
3.003472222222222143e+01
3.125000000000000000e+01
3.281250000000000000e+01
3.472222222222222143e+01
3.697916666666667140e+01
3.958333333333333570e+01
4.253472222222222143e+01
4.583333333333334281e+01
4.947916666666667140e+01
5.347222222222222143e+01
5.086805555555555713e+01
4.687500000000000000e+01
4.322916666666667140e+01
3.993055555555555713e+01
3.697916666666666430e+01
3.437500000000000000e+01
3.211805555555555713e+01
3.020833333333333570e+01
2.864583333333333570e+01
2.743055555555555713e+01
2.656250000000000000e+01
2.604166666666666785e+01
2.586805555555555713e+01
2.604166666666666785e+01
2.656250000000000000e+01
2.743055555555555713e+01
2.864583333333333570e+01
3.020833333333333570e+01
3.211805555555555713e+01
3.437500000000000000e+01
3.697916666666667140e+01
3.993055555555555713e+01
4.322916666666667851e+01
4.687500000000000711e+01
5.086805555555555713e+01
4.861111111111111427e+01
4.461805555555555713e+01
4.097222222222222854e+01
3.767361111111111427e+01
3.472222222222222143e+01
3.211805555555555713e+01
2.986111111111111427e+01
2.795138888888889284e+01
2.638888888888889284e+01
2.517361111111111427e+01
2.430555555555555713e+01
2.378472222222222499e+01
2.361111111111111427e+01
2.378472222222222499e+01
2.430555555555556069e+01
2.517361111111111427e+01
2.638888888888889284e+01
2.795138888888889284e+01
2.986111111111111427e+01
3.211805555555555713e+01
3.472222222222222854e+01
3.767361111111111427e+01
4.097222222222223564e+01
4.461805555555556424e+01
4.861111111111111427e+01
4.670138888888889284e+01
4.270833333333333570e+01
3.906250000000000711e+01
3.576388888888889284e+01
3.281250000000000000e+01
3.020833333333333570e+01
2.795138888888889284e+01
2.604166666666666785e+01
2.447916666666666785e+01
2.326388888888889284e+01
2.239583333333333570e+01
2.187500000000000000e+01
2.170138888888889284e+01
2.187500000000000355e+01
2.239583333333333570e+01
2.326388888888889284e+01
2.447916666666667140e+01
2.604166666666667140e+01
2.795138888888889284e+01
3.020833333333333570e+01
3.281250000000000711e+01
3.576388888888889284e+01
3.906250000000001421e+01
4.270833333333334281e+01
4.670138888888889284e+01
4.513888888888889284e+01
4.114583333333333570e+01
3.750000000000000711e+01
3.420138888888889284e+01
3.125000000000000000e+01
2.864583333333333570e+01
2.638888888888889284e+01
2.447916666666666785e+01
2.291666666666666785e+01
2.170138888888889284e+01
2.083333333333333570e+01
2.031250000000000355e+01
2.013888888888889284e+01
2.031250000000000355e+01
2.083333333333333570e+01
2.170138888888889284e+01
2.291666666666667140e+01
2.447916666666667140e+01
2.638888888888889284e+01
2.864583333333333570e+01
3.125000000000000711e+01
3.420138888888889284e+01
3.750000000000001421e+01
4.114583333333334281e+01
4.513888888888889284e+01
4.392361111111111427e+01
3.993055555555555713e+01
3.628472222222222854e+01
3.298611111111111427e+01
3.003472222222222143e+01
2.743055555555555713e+01
2.517361111111111427e+01
2.326388888888889284e+01
2.170138888888889284e+01
2.048611111111111427e+01
1.961805555555555713e+01
1.909722222222222499e+01
1.892361111111111427e+01
1.909722222222222499e+01
1.961805555555556069e+01
2.048611111111111427e+01
2.170138888888889284e+01
2.326388888888889284e+01
2.517361111111111427e+01
2.743055555555556069e+01
3.003472222222222854e+01
3.298611111111111427e+01
3.628472222222223564e+01
3.993055555555556424e+01
4.392361111111111427e+01
4.305555555555555713e+01
3.906250000000000000e+01
3.541666666666667140e+01
3.211805555555555713e+01
2.916666666666666785e+01
2.656250000000000000e+01
2.430555555555555713e+01
2.239583333333333570e+01
2.083333333333333570e+01
1.961805555555555713e+01
1.875000000000000355e+01
1.822916666666666785e+01
1.805555555555555713e+01
1.822916666666667140e+01
1.875000000000000355e+01
1.961805555555555713e+01
2.083333333333333570e+01
2.239583333333333925e+01
2.430555555555555713e+01
2.656250000000000711e+01
2.916666666666667140e+01
3.211805555555555713e+01
3.541666666666667851e+01
3.906250000000000711e+01
4.305555555555555713e+01
4.253472222222222854e+01
3.854166666666667140e+01
3.489583333333334281e+01
3.159722222222222499e+01
2.864583333333333570e+01
2.604166666666666785e+01
2.378472222222222499e+01
2.187500000000000000e+01
2.031250000000000355e+01
1.909722222222222499e+01
1.822916666666666785e+01
1.770833333333333570e+01
1.753472222222222499e+01
1.770833333333333570e+01
1.822916666666667140e+01
1.909722222222222499e+01
2.031250000000000355e+01
2.187500000000000711e+01
2.378472222222222499e+01
2.604166666666667140e+01
2.864583333333333925e+01
3.159722222222222499e+01
3.489583333333334281e+01
3.854166666666667140e+01
4.253472222222222854e+01
4.236111111111111427e+01
3.836805555555555713e+01
3.472222222222222854e+01
3.142361111111111427e+01
2.847222222222222143e+01
2.586805555555555713e+01
2.361111111111111427e+01
2.170138888888889284e+01
2.013888888888889284e+01
1.892361111111111427e+01
1.805555555555555713e+01
1.753472222222222499e+01
1.736111111111111427e+01
1.753472222222222499e+01
1.805555555555556069e+01
1.892361111111111427e+01
2.013888888888889284e+01
2.170138888888889284e+01
2.361111111111111427e+01
2.586805555555556069e+01
2.847222222222222854e+01
3.142361111111111427e+01
3.472222222222223564e+01
3.836805555555556424e+01
4.236111111111111427e+01
4.253472222222222854e+01
3.854166666666667140e+01
3.489583333333334281e+01
3.159722222222222499e+01
2.864583333333333570e+01
2.604166666666666785e+01
2.378472222222222499e+01
2.187500000000000355e+01
2.031250000000000355e+01
1.909722222222222499e+01
1.822916666666667140e+01
1.770833333333333570e+01
1.753472222222222499e+01
1.770833333333333570e+01
1.822916666666667140e+01
1.909722222222222499e+01
2.031250000000000355e+01
2.187500000000000711e+01
2.378472222222222499e+01
2.604166666666667140e+01
2.864583333333333925e+01
3.159722222222222499e+01
3.489583333333334281e+01
3.854166666666667140e+01
4.253472222222222854e+01
4.305555555555555713e+01
3.906250000000000000e+01
3.541666666666667140e+01
3.211805555555555713e+01
2.916666666666666785e+01
2.656250000000000000e+01
2.430555555555556069e+01
2.239583333333333570e+01
2.083333333333333570e+01
1.961805555555556069e+01
1.875000000000000355e+01
1.822916666666667140e+01
1.805555555555556069e+01
1.822916666666667140e+01
1.875000000000000355e+01
1.961805555555556069e+01
2.083333333333333925e+01
2.239583333333333925e+01
2.430555555555556069e+01
2.656250000000000711e+01
2.916666666666667140e+01
3.211805555555555713e+01
3.541666666666668561e+01
3.906250000000001421e+01
4.305555555555555713e+01
4.392361111111111427e+01
3.993055555555555713e+01
3.628472222222222854e+01
3.298611111111111427e+01
3.003472222222222143e+01
2.743055555555555713e+01
2.517361111111111427e+01
2.326388888888889284e+01
2.170138888888889284e+01
2.048611111111111427e+01
1.961805555555555713e+01
1.909722222222222499e+01
1.892361111111111427e+01
1.909722222222222499e+01
1.961805555555556069e+01
2.048611111111111427e+01
2.170138888888889284e+01
2.326388888888889284e+01
2.517361111111111427e+01
2.743055555555556069e+01
3.003472222222222854e+01
3.298611111111111427e+01
3.628472222222223564e+01
3.993055555555556424e+01
4.392361111111111427e+01
4.513888888888889284e+01
4.114583333333333570e+01
3.750000000000000711e+01
3.420138888888889284e+01
3.125000000000000000e+01
2.864583333333333570e+01
2.638888888888889284e+01
2.447916666666667140e+01
2.291666666666667140e+01
2.170138888888889284e+01
2.083333333333333570e+01
2.031250000000000355e+01
2.013888888888889284e+01
2.031250000000000355e+01
2.083333333333333925e+01
2.170138888888889284e+01
2.291666666666667140e+01
2.447916666666667140e+01
2.638888888888889284e+01
2.864583333333333925e+01
3.125000000000000711e+01
3.420138888888889284e+01
3.750000000000001421e+01
4.114583333333334281e+01
4.513888888888889284e+01
4.670138888888889284e+01
4.270833333333333570e+01
3.906250000000000711e+01
3.576388888888889284e+01
3.281250000000000000e+01
3.020833333333333570e+01
2.795138888888889284e+01
2.604166666666667140e+01
2.447916666666667140e+01
2.326388888888889284e+01
2.239583333333333925e+01
2.187500000000000711e+01
2.170138888888889284e+01
2.187500000000000711e+01
2.239583333333333925e+01
2.326388888888889284e+01
2.447916666666667140e+01
2.604166666666667496e+01
2.795138888888889284e+01
3.020833333333334281e+01
3.281250000000000711e+01
3.576388888888889284e+01
3.906250000000001421e+01
4.270833333333334281e+01
4.670138888888889284e+01
4.861111111111111427e+01
4.461805555555555713e+01
4.097222222222222854e+01
3.767361111111111427e+01
3.472222222222222143e+01
3.211805555555555713e+01
2.986111111111111427e+01
2.795138888888889284e+01
2.638888888888889284e+01
2.517361111111111427e+01
2.430555555555555713e+01
2.378472222222222499e+01
2.361111111111111427e+01
2.378472222222222499e+01
2.430555555555556069e+01
2.517361111111111427e+01
2.638888888888889284e+01
2.795138888888889284e+01
2.986111111111111427e+01
3.211805555555555713e+01
3.472222222222222854e+01
3.767361111111111427e+01
4.097222222222223564e+01
4.461805555555556424e+01
4.861111111111111427e+01
5.086805555555555713e+01
4.687500000000000000e+01
4.322916666666667140e+01
3.993055555555555713e+01
3.697916666666667140e+01
3.437500000000000000e+01
3.211805555555555713e+01
3.020833333333333570e+01
2.864583333333333570e+01
2.743055555555556069e+01
2.656250000000000711e+01
2.604166666666667140e+01
2.586805555555556069e+01
2.604166666666667140e+01
2.656250000000000711e+01
2.743055555555556069e+01
2.864583333333333925e+01
3.020833333333334281e+01
3.211805555555555713e+01
3.437500000000000711e+01
3.697916666666667140e+01
3.993055555555555713e+01
4.322916666666668561e+01
4.687500000000001421e+01
5.086805555555555713e+01
5.347222222222222854e+01
4.947916666666667140e+01
4.583333333333334281e+01
4.253472222222222854e+01
3.958333333333333570e+01
3.697916666666667140e+01
3.472222222222222854e+01
3.281250000000000711e+01
3.125000000000000711e+01
3.003472222222222854e+01
2.916666666666667140e+01
2.864583333333333925e+01
2.847222222222222854e+01
2.864583333333333925e+01
2.916666666666667140e+01
3.003472222222222854e+01
3.125000000000000711e+01
3.281250000000000711e+01
3.472222222222222854e+01
3.697916666666667140e+01
3.958333333333334281e+01
4.253472222222222854e+01
4.583333333333334991e+01
4.947916666666667851e+01
5.347222222222222854e+01
5.642361111111111427e+01
5.243055555555555713e+01
4.878472222222222854e+01
4.548611111111111427e+01
4.253472222222222143e+01
3.993055555555555713e+01
3.767361111111111427e+01
3.576388888888889284e+01
3.420138888888889284e+01
3.298611111111111427e+01
3.211805555555555713e+01
3.159722222222222499e+01
3.142361111111111427e+01
3.159722222222222499e+01
3.211805555555555713e+01
3.298611111111111427e+01
3.420138888888889284e+01
3.576388888888889284e+01
3.767361111111111427e+01
3.993055555555555713e+01
4.253472222222222854e+01
4.548611111111111427e+01
4.878472222222223564e+01
5.243055555555556424e+01
5.642361111111111427e+01
5.972222222222223564e+01
5.572916666666667851e+01
5.208333333333334991e+01
4.878472222222223564e+01
4.583333333333334281e+01
4.322916666666667851e+01
4.097222222222223564e+01
3.906250000000001421e+01
3.750000000000001421e+01
3.628472222222223564e+01
3.541666666666667851e+01
3.489583333333334281e+01
3.472222222222223564e+01
3.489583333333334281e+01
3.541666666666668561e+01
3.628472222222223564e+01
3.750000000000001421e+01
3.906250000000001421e+01
4.097222222222223564e+01
4.322916666666668561e+01
4.583333333333334991e+01
4.878472222222223564e+01
5.208333333333335702e+01
5.572916666666668561e+01
5.972222222222223564e+01
6.336805555555556424e+01
5.937500000000000711e+01
5.572916666666667851e+01
5.243055555555556424e+01
4.947916666666667140e+01
4.687500000000000711e+01
4.461805555555556424e+01
4.270833333333334281e+01
4.114583333333334281e+01
3.993055555555556424e+01
3.906250000000000711e+01
3.854166666666667140e+01
3.836805555555556424e+01
3.854166666666667140e+01
3.906250000000001421e+01
3.993055555555556424e+01
4.114583333333334281e+01
4.270833333333334281e+01
4.461805555555556424e+01
4.687500000000001421e+01
4.947916666666667851e+01
5.243055555555556424e+01
5.572916666666668561e+01
5.937500000000001421e+01
6.336805555555556424e+01
6.736111111111111427e+01
6.336805555555555713e+01
5.972222222222222854e+01
5.642361111111111427e+01
5.347222222222222143e+01
5.086805555555555713e+01
4.861111111111111427e+01
4.670138888888889284e+01
4.513888888888889284e+01
4.392361111111111427e+01
4.305555555555555713e+01
4.253472222222222854e+01
4.236111111111111427e+01
4.253472222222222854e+01
4.305555555555555713e+01
4.392361111111111427e+01
4.513888888888889284e+01
4.670138888888889284e+01
4.861111111111111427e+01
5.086805555555555713e+01
5.347222222222222854e+01
5.642361111111111427e+01
5.972222222222223564e+01
6.336805555555556424e+01
6.736111111111111427e+01
6.406250000000000000e+01
6.006944444444444287e+01
5.642361111111111427e+01
5.312500000000000000e+01
5.017361111111110716e+01
4.756944444444444287e+01
4.531250000000000000e+01
4.340277777777777857e+01
4.184027777777777857e+01
4.062500000000000000e+01
3.975694444444444287e+01
3.923611111111111427e+01
3.906250000000000000e+01
3.923611111111111427e+01
3.975694444444444287e+01
4.062500000000000000e+01
4.184027777777777857e+01
4.340277777777777857e+01
4.531250000000000000e+01
4.756944444444444287e+01
5.017361111111111427e+01
5.312500000000000000e+01
5.642361111111112137e+01
6.006944444444444997e+01
6.406250000000000000e+01
6.006944444444444287e+01
5.607638888888888573e+01
5.243055555555555713e+01
4.913194444444444287e+01
4.618055555555555003e+01
4.357638888888888573e+01
4.131944444444444287e+01
3.940972222222222143e+01
3.784722222222222143e+01
3.663194444444444287e+01
3.576388888888888573e+01
3.524305555555555713e+01
3.506944444444444287e+01
3.524305555555555713e+01
3.576388888888888573e+01
3.663194444444444287e+01
3.784722222222222143e+01
3.940972222222222143e+01
4.131944444444444287e+01
4.357638888888888573e+01
4.618055555555555713e+01
4.913194444444444287e+01
5.243055555555556424e+01
5.607638888888889284e+01
6.006944444444444287e+01
5.642361111111111427e+01
5.243055555555555713e+01
4.878472222222222854e+01
4.548611111111111427e+01
4.253472222222222143e+01
3.993055555555555713e+01
3.767361111111111427e+01
3.576388888888889284e+01
3.420138888888889284e+01
3.298611111111111427e+01
3.211805555555555713e+01
3.159722222222222499e+01
3.142361111111111427e+01
3.159722222222222499e+01
3.211805555555555713e+01
3.298611111111111427e+01
3.420138888888889284e+01
3.576388888888889284e+01
3.767361111111111427e+01
3.993055555555555713e+01
4.253472222222222854e+01
4.548611111111111427e+01
4.878472222222223564e+01
5.243055555555556424e+01
5.642361111111111427e+01
5.312500000000000000e+01
4.913194444444444287e+01
4.548611111111111427e+01
4.218750000000000000e+01
3.923611111111110716e+01
3.663194444444444287e+01
3.437500000000000000e+01
3.246527777777777857e+01
3.090277777777777857e+01
2.968750000000000000e+01
2.881944444444444287e+01
2.829861111111111072e+01
2.812500000000000000e+01
2.829861111111111072e+01
2.881944444444444287e+01
2.968750000000000000e+01
3.090277777777777857e+01
3.246527777777777857e+01
3.437500000000000000e+01
3.663194444444444287e+01
3.923611111111111427e+01
4.218750000000000000e+01
4.548611111111112137e+01
4.913194444444444997e+01
5.312500000000000000e+01
5.017361111111110716e+01
4.618055555555555003e+01
4.253472222222222143e+01
3.923611111111110716e+01
3.628472222222221433e+01
3.368055555555555003e+01
3.142361111111110716e+01
2.951388888888888573e+01
2.795138888888888573e+01
2.673611111111110716e+01
2.586805555555555358e+01
2.534722222222222143e+01
2.517361111111110716e+01
2.534722222222222143e+01
2.586805555555555358e+01
2.673611111111110716e+01
2.795138888888888573e+01
2.951388888888888928e+01
3.142361111111110716e+01
3.368055555555555713e+01
3.628472222222222143e+01
3.923611111111110716e+01
4.253472222222222854e+01
4.618055555555555713e+01
5.017361111111110716e+01
4.756944444444444287e+01
4.357638888888888573e+01
3.993055555555555713e+01
3.663194444444444287e+01
3.368055555555555003e+01
3.107638888888888573e+01
2.881944444444444287e+01
2.690972222222222143e+01
2.534722222222222143e+01
2.413194444444444287e+01
2.326388888888888573e+01
2.274305555555555358e+01
2.256944444444444287e+01
2.274305555555555358e+01
2.326388888888888573e+01
2.413194444444444287e+01
2.534722222222222143e+01
2.690972222222222143e+01
2.881944444444444287e+01
3.107638888888888928e+01
3.368055555555555713e+01
3.663194444444444287e+01
3.993055555555556424e+01
4.357638888888889284e+01
4.756944444444444287e+01
4.531250000000000000e+01
4.131944444444444287e+01
3.767361111111111427e+01
3.437500000000000000e+01
3.142361111111110716e+01
2.881944444444444287e+01
2.656250000000000000e+01
2.465277777777777857e+01
2.309027777777777857e+01
2.187500000000000000e+01
2.100694444444444287e+01
2.048611111111111072e+01
2.031250000000000000e+01
2.048611111111111072e+01
2.100694444444444642e+01
2.187500000000000000e+01
2.309027777777777857e+01
2.465277777777777857e+01
2.656250000000000000e+01
2.881944444444444642e+01
3.142361111111111427e+01
3.437500000000000000e+01
3.767361111111112137e+01
4.131944444444444997e+01
4.531250000000000000e+01
4.340277777777777857e+01
3.940972222222222143e+01
3.576388888888889284e+01
3.246527777777777857e+01
2.951388888888888573e+01
2.690972222222222143e+01
2.465277777777777857e+01
2.274305555555555358e+01
2.118055555555555358e+01
1.996527777777777857e+01
1.909722222222222143e+01
1.857638888888888573e+01
1.840277777777777857e+01
1.857638888888888928e+01
1.909722222222222143e+01
1.996527777777777857e+01
2.118055555555555713e+01
2.274305555555555713e+01
2.465277777777777857e+01
2.690972222222222143e+01
2.951388888888889284e+01
3.246527777777777857e+01
3.576388888888889994e+01
3.940972222222222854e+01
4.340277777777777857e+01
4.184027777777777857e+01
3.784722222222222143e+01
3.420138888888889284e+01
3.090277777777777857e+01
2.795138888888888573e+01
2.534722222222222143e+01
2.309027777777777857e+01
2.118055555555555358e+01
1.961805555555555358e+01
1.840277777777777857e+01
1.753472222222222143e+01
1.701388888888888928e+01
1.684027777777777857e+01
1.701388888888888928e+01
1.753472222222222143e+01
1.840277777777777857e+01
1.961805555555555713e+01
2.118055555555555713e+01
2.309027777777777857e+01
2.534722222222222143e+01
2.795138888888889284e+01
3.090277777777777857e+01
3.420138888888889994e+01
3.784722222222222854e+01
4.184027777777777857e+01
4.062500000000000000e+01
3.663194444444444287e+01
3.298611111111111427e+01
2.968750000000000000e+01
2.673611111111110716e+01
2.413194444444444287e+01
2.187500000000000000e+01
1.996527777777777857e+01
1.840277777777777857e+01
1.718750000000000000e+01
1.631944444444444287e+01
1.579861111111111072e+01
1.562500000000000000e+01
1.579861111111111072e+01
1.631944444444444642e+01
1.718750000000000000e+01
1.840277777777777857e+01
1.996527777777777857e+01
2.187500000000000000e+01
2.413194444444444642e+01
2.673611111111111427e+01
2.968750000000000000e+01
3.298611111111112137e+01
3.663194444444444997e+01
4.062500000000000000e+01
3.975694444444444287e+01
3.576388888888888573e+01
3.211805555555555713e+01
2.881944444444444287e+01
2.586805555555555358e+01
2.326388888888888573e+01
2.100694444444444287e+01
1.909722222222222143e+01
1.753472222222222143e+01
1.631944444444444287e+01
1.545138888888888751e+01
1.493055555555555536e+01
1.475694444444444464e+01
1.493055555555555536e+01
1.545138888888888928e+01
1.631944444444444287e+01
1.753472222222222143e+01
1.909722222222222499e+01
2.100694444444444287e+01
2.326388888888889284e+01
2.586805555555555713e+01
2.881944444444444287e+01
3.211805555555556424e+01
3.576388888888889284e+01
3.975694444444444287e+01
3.923611111111111427e+01
3.524305555555555713e+01
3.159722222222222499e+01
2.829861111111111072e+01
2.534722222222222143e+01
2.274305555555555358e+01
2.048611111111111072e+01
1.857638888888888573e+01
1.701388888888888928e+01
1.579861111111111072e+01
1.493055555555555536e+01
1.440972222222222143e+01
1.423611111111111072e+01
1.440972222222222143e+01
1.493055555555555536e+01
1.579861111111111072e+01
1.701388888888888928e+01
1.857638888888889284e+01
2.048611111111111072e+01
2.274305555555555713e+01
2.534722222222222499e+01
2.829861111111111072e+01
3.159722222222223209e+01
3.524305555555555713e+01
3.923611111111111427e+01
3.906250000000000000e+01
3.506944444444444287e+01
3.142361111111111427e+01
2.812500000000000000e+01
2.517361111111110716e+01
2.256944444444444287e+01
2.031250000000000000e+01
1.840277777777777857e+01
1.684027777777777857e+01
1.562500000000000000e+01
1.475694444444444464e+01
1.423611111111111072e+01
1.406250000000000000e+01
1.423611111111111072e+01
1.475694444444444464e+01
1.562500000000000000e+01
1.684027777777777857e+01
1.840277777777777857e+01
2.031250000000000000e+01
2.256944444444444642e+01
2.517361111111111427e+01
2.812500000000000000e+01
3.142361111111112137e+01
3.506944444444444997e+01
3.906250000000000000e+01
3.923611111111111427e+01
3.524305555555555713e+01
3.159722222222222499e+01
2.829861111111111072e+01
2.534722222222222143e+01
2.274305555555555358e+01
2.048611111111111072e+01
1.857638888888888928e+01
1.701388888888888928e+01
1.579861111111111072e+01
1.493055555555555536e+01
1.440972222222222143e+01
1.423611111111111072e+01
1.440972222222222321e+01
1.493055555555555713e+01
1.579861111111111072e+01
1.701388888888888928e+01
1.857638888888889284e+01
2.048611111111111072e+01
2.274305555555555713e+01
2.534722222222222499e+01
2.829861111111111072e+01
3.159722222222223209e+01
3.524305555555555713e+01
3.923611111111111427e+01
3.975694444444444287e+01
3.576388888888888573e+01
3.211805555555555713e+01
2.881944444444444287e+01
2.586805555555555358e+01
2.326388888888888573e+01
2.100694444444444642e+01
1.909722222222222143e+01
1.753472222222222143e+01
1.631944444444444642e+01
1.545138888888888928e+01
1.493055555555555536e+01
1.475694444444444464e+01
1.493055555555555713e+01
1.545138888888889106e+01
1.631944444444444642e+01
1.753472222222222499e+01
1.909722222222222499e+01
2.100694444444444642e+01
2.326388888888889284e+01
2.586805555555555713e+01
2.881944444444444287e+01
3.211805555555557135e+01
3.576388888888889994e+01
3.975694444444444287e+01
4.062500000000000000e+01
3.663194444444444287e+01
3.298611111111111427e+01
2.968750000000000000e+01
2.673611111111110716e+01
2.413194444444444287e+01
2.187500000000000000e+01
1.996527777777777857e+01
1.840277777777777857e+01
1.718750000000000000e+01
1.631944444444444287e+01
1.579861111111111072e+01
1.562500000000000000e+01
1.579861111111111072e+01
1.631944444444444642e+01
1.718750000000000000e+01
1.840277777777777857e+01
1.996527777777777857e+01
2.187500000000000000e+01
2.413194444444444642e+01
2.673611111111111427e+01
2.968750000000000000e+01
3.298611111111112137e+01
3.663194444444444997e+01
4.062500000000000000e+01
4.184027777777777857e+01
3.784722222222222143e+01
3.420138888888889284e+01
3.090277777777777857e+01
2.795138888888888573e+01
2.534722222222222143e+01
2.309027777777777857e+01
2.118055555555555713e+01
1.961805555555555713e+01
1.840277777777777857e+01
1.753472222222222143e+01
1.701388888888888928e+01
1.684027777777777857e+01
1.701388888888888928e+01
1.753472222222222499e+01
1.840277777777777857e+01
1.961805555555555713e+01
2.118055555555555713e+01
2.309027777777777857e+01
2.534722222222222499e+01
2.795138888888889284e+01
3.090277777777777857e+01
3.420138888888889994e+01
3.784722222222222854e+01
4.184027777777777857e+01
4.340277777777777857e+01
3.940972222222222143e+01
3.576388888888889284e+01
3.246527777777777857e+01
2.951388888888888928e+01
2.690972222222222143e+01
2.465277777777777857e+01
2.274305555555555713e+01
2.118055555555555713e+01
1.996527777777777857e+01
1.909722222222222499e+01
1.857638888888889284e+01
1.840277777777777857e+01
1.857638888888889284e+01
1.909722222222222499e+01
1.996527777777777857e+01
2.118055555555555713e+01
2.274305555555556069e+01
2.465277777777777857e+01
2.690972222222222854e+01
2.951388888888889284e+01
3.246527777777777857e+01
3.576388888888889994e+01
3.940972222222222854e+01
4.340277777777777857e+01
4.531250000000000000e+01
4.131944444444444287e+01
3.767361111111111427e+01
3.437500000000000000e+01
3.142361111111110716e+01
2.881944444444444287e+01
2.656250000000000000e+01
2.465277777777777857e+01
2.309027777777777857e+01
2.187500000000000000e+01
2.100694444444444287e+01
2.048611111111111072e+01
2.031250000000000000e+01
2.048611111111111072e+01
2.100694444444444642e+01
2.187500000000000000e+01
2.309027777777777857e+01
2.465277777777777857e+01
2.656250000000000000e+01
2.881944444444444642e+01
3.142361111111111427e+01
3.437500000000000000e+01
3.767361111111112137e+01
4.131944444444444997e+01
4.531250000000000000e+01
4.756944444444444287e+01
4.357638888888888573e+01
3.993055555555555713e+01
3.663194444444444287e+01
3.368055555555555713e+01
3.107638888888888928e+01
2.881944444444444642e+01
2.690972222222222143e+01
2.534722222222222143e+01
2.413194444444444642e+01
2.326388888888889284e+01
2.274305555555555713e+01
2.256944444444444642e+01
2.274305555555555713e+01
2.326388888888889284e+01
2.413194444444444642e+01
2.534722222222222499e+01
2.690972222222222854e+01
2.881944444444444642e+01
3.107638888888889284e+01
3.368055555555555713e+01
3.663194444444444287e+01
3.993055555555557135e+01
4.357638888888889994e+01
4.756944444444444287e+01
5.017361111111111427e+01
4.618055555555555713e+01
4.253472222222222854e+01
3.923611111111111427e+01
3.628472222222222143e+01
3.368055555555555713e+01
3.142361111111111427e+01
2.951388888888889284e+01
2.795138888888889284e+01
2.673611111111111427e+01
2.586805555555555713e+01
2.534722222222222499e+01
2.517361111111111427e+01
2.534722222222222499e+01
2.586805555555555713e+01
2.673611111111111427e+01
2.795138888888889284e+01
2.951388888888889284e+01
3.142361111111111427e+01
3.368055555555555713e+01
3.628472222222222854e+01
3.923611111111111427e+01
4.253472222222223564e+01
4.618055555555556424e+01
5.017361111111111427e+01
5.312500000000000000e+01
4.913194444444444287e+01
4.548611111111111427e+01
4.218750000000000000e+01
3.923611111111110716e+01
3.663194444444444287e+01
3.437500000000000000e+01
3.246527777777777857e+01
3.090277777777777857e+01
2.968750000000000000e+01
2.881944444444444287e+01
2.829861111111111072e+01
2.812500000000000000e+01
2.829861111111111072e+01
2.881944444444444287e+01
2.968750000000000000e+01
3.090277777777777857e+01
3.246527777777777857e+01
3.437500000000000000e+01
3.663194444444444287e+01
3.923611111111111427e+01
4.218750000000000000e+01
4.548611111111112137e+01
4.913194444444444997e+01
5.312500000000000000e+01
5.642361111111112137e+01
5.243055555555556424e+01
4.878472222222223564e+01
4.548611111111112137e+01
4.253472222222222854e+01
3.993055555555556424e+01
3.767361111111112137e+01
3.576388888888889994e+01
3.420138888888889994e+01
3.298611111111112137e+01
3.211805555555556424e+01
3.159722222222223209e+01
3.142361111111112137e+01
3.159722222222223209e+01
3.211805555555557135e+01
3.298611111111112137e+01
3.420138888888889994e+01
3.576388888888889994e+01
3.767361111111112137e+01
3.993055555555557135e+01
4.253472222222223564e+01
4.548611111111112137e+01
4.878472222222224275e+01
5.243055555555557135e+01
5.642361111111112137e+01
6.006944444444444997e+01
5.607638888888889284e+01
5.243055555555556424e+01
4.913194444444444997e+01
4.618055555555555713e+01
4.357638888888889284e+01
4.131944444444444997e+01
3.940972222222222854e+01
3.784722222222222854e+01
3.663194444444444997e+01
3.576388888888889284e+01
3.524305555555555713e+01
3.506944444444444997e+01
3.524305555555555713e+01
3.576388888888889994e+01
3.663194444444444997e+01
3.784722222222222854e+01
3.940972222222222854e+01
4.131944444444444997e+01
4.357638888888889994e+01
4.618055555555556424e+01
4.913194444444444997e+01
5.243055555555557135e+01
5.607638888888889994e+01
6.006944444444444997e+01
6.406250000000000000e+01
6.006944444444444287e+01
5.642361111111111427e+01
5.312500000000000000e+01
5.017361111111110716e+01
4.756944444444444287e+01
4.531250000000000000e+01
4.340277777777777857e+01
4.184027777777777857e+01
4.062500000000000000e+01
3.975694444444444287e+01
3.923611111111111427e+01
3.906250000000000000e+01
3.923611111111111427e+01
3.975694444444444287e+01
4.062500000000000000e+01
4.184027777777777857e+01
4.340277777777777857e+01
4.531250000000000000e+01
4.756944444444444287e+01
5.017361111111111427e+01
5.312500000000000000e+01
5.642361111111112137e+01
6.006944444444444997e+01
6.406250000000000000e+01
6.111111111111110716e+01
5.711805555555555003e+01
5.347222222222222143e+01
5.017361111111110716e+01
4.722222222222221433e+01
4.461805555555555003e+01
4.236111111111110716e+01
4.045138888888888573e+01
3.888888888888888573e+01
3.767361111111110716e+01
3.680555555555555003e+01
3.628472222222222143e+01
3.611111111111110716e+01
3.628472222222222143e+01
3.680555555555555713e+01
3.767361111111110716e+01
3.888888888888888573e+01
4.045138888888888573e+01
4.236111111111110716e+01
4.461805555555555003e+01
4.722222222222222143e+01
5.017361111111110716e+01
5.347222222222222854e+01
5.711805555555555713e+01
6.111111111111110716e+01
5.711805555555555003e+01
5.312499999999999289e+01
4.947916666666666430e+01
4.618055555555555003e+01
4.322916666666665719e+01
4.062499999999999289e+01
3.836805555555555003e+01
3.645833333333332860e+01
3.489583333333332860e+01
3.368055555555555003e+01
3.281249999999999289e+01
3.229166666666666430e+01
3.211805555555555003e+01
3.229166666666666430e+01
3.281250000000000000e+01
3.368055555555555003e+01
3.489583333333332860e+01
3.645833333333332860e+01
3.836805555555555003e+01
4.062500000000000000e+01
4.322916666666666430e+01
4.618055555555555003e+01
4.947916666666667140e+01
5.312500000000000000e+01
5.711805555555555003e+01
5.347222222222222143e+01
4.947916666666666430e+01
4.583333333333333570e+01
4.253472222222222143e+01
3.958333333333332860e+01
3.697916666666666430e+01
3.472222222222222143e+01
3.281250000000000000e+01
3.125000000000000000e+01
3.003472222222222143e+01
2.916666666666666430e+01
2.864583333333333570e+01
2.847222222222222143e+01
2.864583333333333570e+01
2.916666666666667140e+01
3.003472222222222143e+01
3.125000000000000000e+01
3.281250000000000000e+01
3.472222222222222143e+01
3.697916666666667140e+01
3.958333333333333570e+01
4.253472222222222143e+01
4.583333333333334281e+01
4.947916666666667140e+01
5.347222222222222143e+01
5.017361111111110716e+01
4.618055555555555003e+01
4.253472222222222143e+01
3.923611111111110716e+01
3.628472222222221433e+01
3.368055555555555003e+01
3.142361111111110716e+01
2.951388888888888573e+01
2.795138888888888573e+01
2.673611111111110716e+01
2.586805555555555358e+01
2.534722222222222143e+01
2.517361111111110716e+01
2.534722222222222143e+01
2.586805555555555358e+01
2.673611111111110716e+01
2.795138888888888573e+01
2.951388888888888573e+01
3.142361111111110716e+01
3.368055555555555713e+01
3.628472222222222143e+01
3.923611111111110716e+01
4.253472222222222854e+01
4.618055555555555713e+01
5.017361111111110716e+01
4.722222222222221433e+01
4.322916666666665719e+01
3.958333333333332860e+01
3.628472222222221433e+01
3.333333333333332860e+01
3.072916666666665719e+01
2.847222222222221433e+01
2.656249999999999289e+01
2.499999999999999289e+01
2.378472222222221788e+01
2.291666666666666430e+01
2.239583333333332860e+01
2.222222222222221788e+01
2.239583333333332860e+01
2.291666666666666430e+01
2.378472222222221788e+01
2.499999999999999645e+01
2.656250000000000000e+01
2.847222222222221433e+01
3.072916666666666430e+01
3.333333333333332860e+01
3.628472222222221433e+01
3.958333333333333570e+01
4.322916666666666430e+01
4.722222222222221433e+01
4.461805555555555003e+01
4.062499999999999289e+01
3.697916666666666430e+01
3.368055555555555003e+01
3.072916666666665719e+01
2.812499999999999289e+01
2.586805555555555003e+01
2.395833333333332860e+01
2.239583333333332860e+01
2.118055555555555003e+01
2.031249999999999645e+01
1.979166666666666430e+01
1.961805555555555003e+01
1.979166666666666430e+01
2.031249999999999645e+01
2.118055555555555003e+01
2.239583333333332860e+01
2.395833333333333215e+01
2.586805555555555003e+01
2.812500000000000000e+01
3.072916666666666430e+01
3.368055555555555003e+01
3.697916666666667140e+01
4.062500000000000000e+01
4.461805555555555003e+01
4.236111111111110716e+01
3.836805555555555003e+01
3.472222222222222143e+01
3.142361111111110716e+01
2.847222222222221433e+01
2.586805555555555003e+01
2.361111111111110716e+01
2.170138888888888573e+01
2.013888888888888573e+01
1.892361111111110716e+01
1.805555555555555358e+01
1.753472222222222143e+01
1.736111111111110716e+01
1.753472222222222143e+01
1.805555555555555358e+01
1.892361111111110716e+01
2.013888888888888573e+01
2.170138888888888928e+01
2.361111111111110716e+01
2.586805555555555713e+01
2.847222222222222143e+01
3.142361111111110716e+01
3.472222222222222854e+01
3.836805555555555713e+01
4.236111111111110716e+01
4.045138888888888573e+01
3.645833333333332860e+01
3.281250000000000000e+01
2.951388888888888573e+01
2.656249999999999289e+01
2.395833333333332860e+01
2.170138888888888573e+01
1.979166666666666430e+01
1.822916666666666430e+01
1.701388888888888573e+01
1.614583333333332860e+01
1.562499999999999645e+01
1.545138888888888573e+01
1.562499999999999645e+01
1.614583333333333215e+01
1.701388888888888573e+01
1.822916666666666430e+01
1.979166666666666430e+01
2.170138888888888573e+01
2.395833333333333215e+01
2.656250000000000000e+01
2.951388888888888573e+01
3.281250000000000711e+01
3.645833333333333570e+01
4.045138888888888573e+01
3.888888888888888573e+01
3.489583333333332860e+01
3.125000000000000000e+01
2.795138888888888573e+01
2.499999999999999289e+01
2.239583333333332860e+01
2.013888888888888573e+01
1.822916666666666430e+01
1.666666666666666430e+01
1.545138888888888573e+01
1.458333333333333037e+01
1.406249999999999645e+01
1.388888888888888573e+01
1.406249999999999645e+01
1.458333333333333215e+01
1.545138888888888573e+01
1.666666666666666430e+01
1.822916666666666430e+01
2.013888888888888573e+01
2.239583333333333215e+01
2.500000000000000000e+01
2.795138888888888573e+01
3.125000000000000711e+01
3.489583333333333570e+01
3.888888888888888573e+01
3.767361111111110716e+01
3.368055555555555003e+01
3.003472222222222143e+01
2.673611111111110716e+01
2.378472222222221788e+01
2.118055555555555003e+01
1.892361111111110716e+01
1.701388888888888573e+01
1.545138888888888573e+01
1.423611111111110894e+01
1.336805555555555358e+01
1.284722222222221966e+01
1.267361111111110894e+01
1.284722222222221966e+01
1.336805555555555358e+01
1.423611111111110894e+01
1.545138888888888751e+01
1.701388888888888928e+01
1.892361111111110716e+01
2.118055555555555713e+01
2.378472222222222143e+01
2.673611111111110716e+01
3.003472222222222854e+01
3.368055555555555713e+01
3.767361111111110716e+01
3.680555555555555003e+01
3.281249999999999289e+01
2.916666666666666430e+01
2.586805555555555358e+01
2.291666666666666430e+01
2.031249999999999645e+01
1.805555555555555358e+01
1.614583333333332860e+01
1.458333333333333037e+01
1.336805555555555358e+01
1.249999999999999645e+01
1.197916666666666430e+01
1.180555555555555358e+01
1.197916666666666430e+01
1.249999999999999822e+01
1.336805555555555358e+01
1.458333333333333215e+01
1.614583333333333215e+01
1.805555555555555358e+01
2.031250000000000000e+01
2.291666666666666785e+01
2.586805555555555358e+01
2.916666666666667140e+01
3.281250000000000000e+01
3.680555555555555003e+01
3.628472222222222143e+01
3.229166666666666430e+01
2.864583333333333570e+01
2.534722222222222143e+01
2.239583333333332860e+01
1.979166666666666430e+01
1.753472222222222143e+01
1.562499999999999645e+01
1.406249999999999645e+01
1.284722222222221966e+01
1.197916666666666430e+01
1.145833333333333037e+01
1.128472222222221966e+01
1.145833333333333037e+01
1.197916666666666430e+01
1.284722222222221966e+01
1.406249999999999822e+01
1.562500000000000000e+01
1.753472222222222143e+01
1.979166666666666430e+01
2.239583333333333570e+01
2.534722222222222143e+01
2.864583333333334281e+01
3.229166666666667140e+01
3.628472222222222143e+01
3.611111111111110716e+01
3.211805555555555003e+01
2.847222222222222143e+01
2.517361111111110716e+01
2.222222222222221788e+01
1.961805555555555003e+01
1.736111111111110716e+01
1.545138888888888573e+01
1.388888888888888573e+01
1.267361111111110894e+01
1.180555555555555358e+01
1.128472222222221966e+01
1.111111111111110894e+01
1.128472222222221966e+01
1.180555555555555358e+01
1.267361111111110894e+01
1.388888888888888751e+01
1.545138888888888928e+01
1.736111111111110716e+01
1.961805555555555713e+01
2.222222222222222143e+01
2.517361111111110716e+01
2.847222222222222854e+01
3.211805555555555713e+01
3.611111111111110716e+01
3.628472222222222143e+01
3.229166666666666430e+01
2.864583333333333570e+01
2.534722222222222143e+01
2.239583333333332860e+01
1.979166666666666430e+01
1.753472222222222143e+01
1.562499999999999645e+01
1.406249999999999645e+01
1.284722222222221966e+01
1.197916666666666430e+01
1.145833333333333037e+01
1.128472222222221966e+01
1.145833333333333215e+01
1.197916666666666607e+01
1.284722222222221966e+01
1.406249999999999822e+01
1.562500000000000000e+01
1.753472222222222143e+01
1.979166666666666430e+01
2.239583333333333570e+01
2.534722222222222143e+01
2.864583333333334281e+01
3.229166666666667140e+01
3.628472222222222143e+01
3.680555555555555713e+01
3.281250000000000000e+01
2.916666666666667140e+01
2.586805555555555358e+01
2.291666666666666430e+01
2.031249999999999645e+01
1.805555555555555358e+01
1.614583333333333215e+01
1.458333333333333215e+01
1.336805555555555358e+01
1.249999999999999822e+01
1.197916666666666430e+01
1.180555555555555358e+01
1.197916666666666607e+01
1.250000000000000000e+01
1.336805555555555358e+01
1.458333333333333215e+01
1.614583333333333570e+01
1.805555555555555358e+01
2.031250000000000000e+01
2.291666666666666785e+01
2.586805555555555358e+01
2.916666666666667851e+01
3.281250000000000711e+01
3.680555555555555713e+01
3.767361111111110716e+01
3.368055555555555003e+01
3.003472222222222143e+01
2.673611111111110716e+01
2.378472222222221788e+01
2.118055555555555003e+01
1.892361111111110716e+01
1.701388888888888573e+01
1.545138888888888573e+01
1.423611111111110894e+01
1.336805555555555358e+01
1.284722222222221966e+01
1.267361111111110894e+01
1.284722222222221966e+01
1.336805555555555358e+01
1.423611111111110894e+01
1.545138888888888751e+01
1.701388888888888928e+01
1.892361111111110716e+01
2.118055555555555713e+01
2.378472222222222143e+01
2.673611111111110716e+01
3.003472222222222854e+01
3.368055555555555713e+01
3.767361111111110716e+01
3.888888888888888573e+01
3.489583333333332860e+01
3.125000000000000000e+01
2.795138888888888573e+01
2.499999999999999645e+01
2.239583333333332860e+01
2.013888888888888573e+01
1.822916666666666430e+01
1.666666666666666430e+01
1.545138888888888751e+01
1.458333333333333215e+01
1.406249999999999822e+01
1.388888888888888751e+01
1.406249999999999822e+01
1.458333333333333215e+01
1.545138888888888751e+01
1.666666666666666430e+01
1.822916666666666785e+01
2.013888888888888573e+01
2.239583333333333570e+01
2.500000000000000000e+01
2.795138888888888573e+01
3.125000000000000711e+01
3.489583333333333570e+01
3.888888888888888573e+01
4.045138888888888573e+01
3.645833333333332860e+01
3.281250000000000000e+01
2.951388888888888573e+01
2.656250000000000000e+01
2.395833333333333215e+01
2.170138888888888928e+01
1.979166666666666430e+01
1.822916666666666430e+01
1.701388888888888928e+01
1.614583333333333215e+01
1.562500000000000000e+01
1.545138888888888928e+01
1.562500000000000000e+01
1.614583333333333570e+01
1.701388888888888928e+01
1.822916666666666785e+01
1.979166666666667140e+01
2.170138888888888928e+01
2.395833333333333570e+01
2.656250000000000355e+01
2.951388888888888573e+01
3.281250000000000711e+01
3.645833333333333570e+01
4.045138888888888573e+01
4.236111111111110716e+01
3.836805555555555003e+01
3.472222222222222143e+01
3.142361111111110716e+01
2.847222222222221433e+01
2.586805555555555003e+01
2.361111111111110716e+01
2.170138888888888573e+01
2.013888888888888573e+01
1.892361111111110716e+01
1.805555555555555358e+01
1.753472222222222143e+01
1.736111111111110716e+01
1.753472222222222143e+01
1.805555555555555358e+01
1.892361111111110716e+01
2.013888888888888573e+01
2.170138888888888928e+01
2.361111111111110716e+01
2.586805555555555713e+01
2.847222222222222143e+01
3.142361111111110716e+01
3.472222222222222854e+01
3.836805555555555713e+01
4.236111111111110716e+01
4.461805555555555003e+01
4.062500000000000000e+01
3.697916666666667140e+01
3.368055555555555713e+01
3.072916666666666430e+01
2.812500000000000000e+01
2.586805555555555713e+01
2.395833333333333215e+01
2.239583333333333215e+01
2.118055555555555713e+01
2.031250000000000000e+01
1.979166666666666430e+01
1.961805555555555713e+01
1.979166666666666430e+01
2.031250000000000000e+01
2.118055555555555713e+01
2.239583333333333570e+01
2.395833333333333570e+01
2.586805555555555713e+01
2.812500000000000000e+01
3.072916666666667140e+01
3.368055555555555713e+01
3.697916666666667851e+01
4.062500000000000711e+01
4.461805555555555003e+01
4.722222222222222143e+01
4.322916666666666430e+01
3.958333333333333570e+01
3.628472222222222143e+01
3.333333333333332860e+01
3.072916666666666430e+01
2.847222222222222143e+01
2.656250000000000000e+01
2.500000000000000000e+01
2.378472222222222143e+01
2.291666666666666785e+01
2.239583333333333570e+01
2.222222222222222143e+01
2.239583333333333570e+01
2.291666666666666785e+01
2.378472222222222143e+01
2.500000000000000000e+01
2.656250000000000355e+01
2.847222222222222143e+01
3.072916666666667140e+01
3.333333333333333570e+01
3.628472222222222143e+01
3.958333333333334281e+01
4.322916666666667140e+01
4.722222222222222143e+01
5.017361111111110716e+01
4.618055555555555003e+01
4.253472222222222143e+01
3.923611111111110716e+01
3.628472222222221433e+01
3.368055555555555003e+01
3.142361111111110716e+01
2.951388888888888573e+01
2.795138888888888573e+01
2.673611111111110716e+01
2.586805555555555358e+01
2.534722222222222143e+01
2.517361111111110716e+01
2.534722222222222143e+01
2.586805555555555358e+01
2.673611111111110716e+01
2.795138888888888573e+01
2.951388888888888573e+01
3.142361111111110716e+01
3.368055555555555713e+01
3.628472222222222143e+01
3.923611111111110716e+01
4.253472222222222854e+01
4.618055555555555713e+01
5.017361111111110716e+01
5.347222222222222854e+01
4.947916666666667140e+01
4.583333333333334281e+01
4.253472222222222854e+01
3.958333333333333570e+01
3.697916666666667140e+01
3.472222222222222854e+01
3.281250000000000711e+01
3.125000000000000711e+01
3.003472222222222854e+01
2.916666666666667140e+01
2.864583333333334281e+01
2.847222222222222854e+01
2.864583333333334281e+01
2.916666666666667851e+01
3.003472222222222854e+01
3.125000000000000711e+01
3.281250000000000711e+01
3.472222222222222854e+01
3.697916666666667851e+01
3.958333333333334281e+01
4.253472222222222854e+01
4.583333333333334991e+01
4.947916666666667851e+01
5.347222222222222854e+01
5.711805555555555713e+01
5.312500000000000000e+01
4.947916666666667140e+01
4.618055555555555713e+01
4.322916666666666430e+01
4.062500000000000000e+01
3.836805555555555713e+01
3.645833333333333570e+01
3.489583333333333570e+01
3.368055555555555713e+01
3.281250000000000000e+01
3.229166666666667140e+01
3.211805555555555713e+01
3.229166666666667140e+01
3.281250000000000711e+01
3.368055555555555713e+01
3.489583333333333570e+01
3.645833333333333570e+01
3.836805555555555713e+01
4.062500000000000711e+01
4.322916666666667140e+01
4.618055555555555713e+01
4.947916666666667851e+01
5.312500000000000711e+01
5.711805555555555713e+01
6.111111111111110716e+01
5.711805555555555003e+01
5.347222222222222143e+01
5.017361111111110716e+01
4.722222222222221433e+01
4.461805555555555003e+01
4.236111111111110716e+01
4.045138888888888573e+01
3.888888888888888573e+01
3.767361111111110716e+01
3.680555555555555003e+01
3.628472222222222143e+01
3.611111111111110716e+01
3.628472222222222143e+01
3.680555555555555713e+01
3.767361111111110716e+01
3.888888888888888573e+01
4.045138888888888573e+01
4.236111111111110716e+01
4.461805555555555003e+01
4.722222222222222143e+01
5.017361111111110716e+01
5.347222222222222854e+01
5.711805555555555713e+01
6.111111111111110716e+01
5.850694444444444287e+01
5.451388888888888573e+01
5.086805555555555713e+01
4.756944444444444287e+01
4.461805555555555003e+01
4.201388888888888573e+01
3.975694444444444287e+01
3.784722222222222143e+01
3.628472222222222143e+01
3.506944444444444287e+01
3.420138888888888573e+01
3.368055555555555713e+01
3.350694444444444287e+01
3.368055555555555713e+01
3.420138888888888573e+01
3.506944444444444287e+01
3.628472222222222143e+01
3.784722222222222143e+01
3.975694444444444287e+01
4.201388888888888573e+01
4.461805555555555713e+01
4.756944444444444287e+01
5.086805555555556424e+01
5.451388888888889284e+01
5.850694444444444287e+01
5.451388888888888573e+01
5.052083333333332860e+01
4.687500000000000000e+01
4.357638888888888573e+01
4.062499999999999289e+01
3.802083333333332860e+01
3.576388888888888573e+01
3.385416666666666430e+01
3.229166666666666430e+01
3.107638888888888573e+01
3.020833333333332860e+01
2.968749999999999645e+01
2.951388888888888573e+01
2.968749999999999645e+01
3.020833333333333215e+01
3.107638888888888573e+01
3.229166666666666430e+01
3.385416666666666430e+01
3.576388888888888573e+01
3.802083333333332860e+01
4.062500000000000000e+01
4.357638888888888573e+01
4.687500000000000711e+01
5.052083333333333570e+01
5.451388888888888573e+01
5.086805555555555713e+01
4.687500000000000000e+01
4.322916666666667140e+01
3.993055555555555713e+01
3.697916666666666430e+01
3.437500000000000000e+01
3.211805555555555713e+01
3.020833333333333570e+01
2.864583333333333570e+01
2.743055555555555713e+01
2.656250000000000000e+01
2.604166666666666785e+01
2.586805555555555713e+01
2.604166666666666785e+01
2.656250000000000355e+01
2.743055555555555713e+01
2.864583333333333570e+01
3.020833333333333570e+01
3.211805555555555713e+01
3.437500000000000000e+01
3.697916666666667140e+01
3.993055555555555713e+01
4.322916666666667851e+01
4.687500000000000711e+01
5.086805555555555713e+01
4.756944444444444287e+01
4.357638888888888573e+01
3.993055555555555713e+01
3.663194444444444287e+01
3.368055555555555003e+01
3.107638888888888573e+01
2.881944444444444287e+01
2.690972222222222143e+01
2.534722222222222143e+01
2.413194444444444287e+01
2.326388888888888573e+01
2.274305555555555358e+01
2.256944444444444287e+01
2.274305555555555358e+01
2.326388888888888573e+01
2.413194444444444287e+01
2.534722222222222143e+01
2.690972222222222143e+01
2.881944444444444287e+01
3.107638888888888928e+01
3.368055555555555713e+01
3.663194444444444287e+01
3.993055555555556424e+01
4.357638888888889284e+01
4.756944444444444287e+01
4.461805555555555003e+01
4.062499999999999289e+01
3.697916666666666430e+01
3.368055555555555003e+01
3.072916666666666075e+01
2.812499999999999289e+01
2.586805555555555003e+01
2.395833333333332860e+01
2.239583333333332860e+01
2.118055555555555003e+01
2.031249999999999645e+01
1.979166666666666430e+01
1.961805555555555003e+01
1.979166666666666430e+01
2.031249999999999645e+01
2.118055555555555003e+01
2.239583333333332860e+01
2.395833333333333215e+01
2.586805555555555003e+01
2.812500000000000000e+01
3.072916666666666430e+01
3.368055555555555003e+01
3.697916666666667140e+01
4.062500000000000000e+01
4.461805555555555003e+01
4.201388888888888573e+01
3.802083333333332860e+01
3.437500000000000000e+01
3.107638888888888573e+01
2.812499999999999289e+01
2.552083333333332860e+01
2.326388888888888573e+01
2.135416666666666430e+01
1.979166666666666430e+01
1.857638888888888573e+01
1.770833333333332860e+01
1.718749999999999645e+01
1.701388888888888573e+01
1.718749999999999645e+01
1.770833333333332860e+01
1.857638888888888573e+01
1.979166666666666430e+01
2.135416666666666430e+01
2.326388888888888573e+01
2.552083333333333215e+01
2.812500000000000000e+01
3.107638888888888573e+01
3.437500000000000711e+01
3.802083333333333570e+01
4.201388888888888573e+01
3.975694444444444287e+01
3.576388888888888573e+01
3.211805555555555713e+01
2.881944444444444287e+01
2.586805555555555003e+01
2.326388888888888573e+01
2.100694444444444287e+01
1.909722222222222143e+01
1.753472222222222143e+01
1.631944444444444287e+01
1.545138888888888573e+01
1.493055555555555358e+01
1.475694444444444287e+01
1.493055555555555358e+01
1.545138888888888928e+01
1.631944444444444287e+01
1.753472222222222143e+01
1.909722222222222143e+01
2.100694444444444287e+01
2.326388888888888928e+01
2.586805555555555713e+01
2.881944444444444287e+01
3.211805555555556424e+01
3.576388888888889284e+01
3.975694444444444287e+01
3.784722222222222143e+01
3.385416666666666430e+01
3.020833333333333570e+01
2.690972222222222143e+01
2.395833333333332860e+01
2.135416666666666430e+01
1.909722222222222143e+01
1.718749999999999645e+01
1.562499999999999645e+01
1.440972222222221966e+01
1.354166666666666430e+01
1.302083333333333037e+01
1.284722222222221966e+01
1.302083333333333215e+01
1.354166666666666430e+01
1.440972222222221966e+01
1.562499999999999822e+01
1.718750000000000000e+01
1.909722222222222143e+01
2.135416666666666430e+01
2.395833333333333570e+01
2.690972222222222143e+01
3.020833333333334281e+01
3.385416666666667140e+01
3.784722222222222143e+01
3.628472222222222143e+01
3.229166666666666430e+01
2.864583333333333570e+01
2.534722222222222143e+01
2.239583333333332860e+01
1.979166666666666430e+01
1.753472222222222143e+01
1.562499999999999645e+01
1.406249999999999645e+01
1.284722222222221966e+01
1.197916666666666430e+01
1.145833333333333037e+01
1.128472222222221966e+01
1.145833333333333215e+01
1.197916666666666607e+01
1.284722222222221966e+01
1.406249999999999822e+01
1.562500000000000000e+01
1.753472222222222143e+01
1.979166666666666430e+01
2.239583333333333570e+01
2.534722222222222143e+01
2.864583333333334281e+01
3.229166666666667140e+01
3.628472222222222143e+01
3.506944444444444287e+01
3.107638888888888573e+01
2.743055555555555713e+01
2.413194444444444287e+01
2.118055555555555003e+01
1.857638888888888573e+01
1.631944444444444287e+01
1.440972222222221966e+01
1.284722222222221966e+01
1.163194444444444287e+01
1.076388888888888573e+01
1.024305555555555358e+01
1.006944444444444287e+01
1.024305555555555358e+01
1.076388888888888928e+01
1.163194444444444287e+01
1.284722222222222143e+01
1.440972222222222321e+01
1.631944444444444287e+01
1.857638888888888928e+01
2.118055555555555713e+01
2.413194444444444287e+01
2.743055555555556424e+01
3.107638888888889284e+01
3.506944444444444287e+01
3.420138888888888573e+01
3.020833333333332860e+01
2.656250000000000000e+01
2.326388888888888573e+01
2.031249999999999645e+01
1.770833333333332860e+01
1.545138888888888573e+01
1.354166666666666430e+01
1.197916666666666430e+01
1.076388888888888573e+01
9.895833333333330373e+00
9.374999999999998224e+00
9.201388888888887507e+00
9.374999999999998224e+00
9.895833333333332149e+00
1.076388888888888573e+01
1.197916666666666430e+01
1.354166666666666785e+01
1.545138888888888573e+01
1.770833333333333570e+01
2.031250000000000000e+01
2.326388888888888573e+01
2.656250000000000711e+01
3.020833333333333570e+01
3.420138888888888573e+01
3.368055555555555713e+01
2.968749999999999645e+01
2.604166666666666785e+01
2.274305555555555358e+01
1.979166666666666430e+01
1.718749999999999645e+01
1.493055555555555358e+01
1.302083333333333037e+01
1.145833333333333037e+01
1.024305555555555358e+01
9.374999999999998224e+00
8.854166666666664298e+00
8.680555555555553582e+00
8.854166666666664298e+00
9.374999999999998224e+00
1.024305555555555358e+01
1.145833333333333215e+01
1.302083333333333393e+01
1.493055555555555358e+01
1.718750000000000000e+01
1.979166666666666785e+01
2.274305555555555358e+01
2.604166666666667496e+01
2.968750000000000355e+01
3.368055555555555713e+01
3.350694444444444287e+01
2.951388888888888573e+01
2.586805555555555713e+01
2.256944444444444287e+01
1.961805555555555003e+01
1.701388888888888573e+01
1.475694444444444287e+01
1.284722222222221966e+01
1.128472222222221966e+01
1.006944444444444287e+01
9.201388888888887507e+00
8.680555555555553582e+00
8.506944444444442865e+00
8.680555555555553582e+00
9.201388888888887507e+00
1.006944444444444287e+01
1.128472222222222143e+01
1.284722222222222321e+01
1.475694444444444287e+01
1.701388888888888928e+01
1.961805555555555713e+01
2.256944444444444287e+01
2.586805555555556424e+01
2.951388888888889284e+01
3.350694444444444287e+01
3.368055555555555713e+01
2.968749999999999645e+01
2.604166666666666785e+01
2.274305555555555358e+01
1.979166666666666430e+01
1.718749999999999645e+01
1.493055555555555358e+01
1.302083333333333215e+01
1.145833333333333215e+01
1.024305555555555358e+01
9.374999999999998224e+00
8.854166666666664298e+00
8.680555555555553582e+00
8.854166666666666075e+00
9.375000000000000000e+00
1.024305555555555358e+01
1.145833333333333215e+01
1.302083333333333570e+01
1.493055555555555358e+01
1.718750000000000000e+01
1.979166666666666785e+01
2.274305555555555358e+01
2.604166666666667496e+01
2.968750000000000355e+01
3.368055555555555713e+01
3.420138888888888573e+01
3.020833333333333215e+01
2.656250000000000355e+01
2.326388888888888573e+01
2.031249999999999645e+01
1.770833333333332860e+01
1.545138888888888928e+01
1.354166666666666430e+01
1.197916666666666607e+01
1.076388888888888928e+01
9.895833333333332149e+00
9.374999999999998224e+00
9.201388888888887507e+00
9.375000000000000000e+00
9.895833333333333925e+00
1.076388888888888928e+01
1.197916666666666785e+01
1.354166666666666785e+01
1.545138888888888928e+01
1.770833333333333570e+01
2.031250000000000000e+01
2.326388888888888573e+01
2.656250000000001066e+01
3.020833333333333925e+01
3.420138888888888573e+01
3.506944444444444287e+01
3.107638888888888573e+01
2.743055555555555713e+01
2.413194444444444287e+01
2.118055555555555003e+01
1.857638888888888573e+01
1.631944444444444287e+01
1.440972222222221966e+01
1.284722222222221966e+01
1.163194444444444287e+01
1.076388888888888573e+01
1.024305555555555358e+01
1.006944444444444287e+01
1.024305555555555358e+01
1.076388888888888928e+01
1.163194444444444287e+01
1.284722222222222143e+01
1.440972222222222321e+01
1.631944444444444287e+01
1.857638888888888928e+01
2.118055555555555713e+01
2.413194444444444287e+01
2.743055555555556424e+01
3.107638888888889284e+01
3.506944444444444287e+01
3.628472222222222143e+01
3.229166666666666430e+01
2.864583333333333570e+01
2.534722222222222143e+01
2.239583333333332860e+01
1.979166666666666430e+01
1.753472222222222143e+01
1.562499999999999822e+01
1.406249999999999822e+01
1.284722222222222143e+01
1.197916666666666430e+01
1.145833333333333215e+01
1.128472222222222143e+01
1.145833333333333215e+01
1.197916666666666785e+01
1.284722222222222143e+01
1.406250000000000000e+01
1.562500000000000178e+01
1.753472222222222143e+01
1.979166666666666785e+01
2.239583333333333570e+01
2.534722222222222143e+01
2.864583333333334281e+01
3.229166666666667140e+01
3.628472222222222143e+01
3.784722222222222143e+01
3.385416666666666430e+01
3.020833333333333570e+01
2.690972222222222143e+01
2.395833333333333215e+01
2.135416666666666430e+01
1.909722222222222143e+01
1.718750000000000000e+01
1.562500000000000000e+01
1.440972222222222321e+01
1.354166666666666785e+01
1.302083333333333393e+01
1.284722222222222321e+01
1.302083333333333570e+01
1.354166666666666785e+01
1.440972222222222321e+01
1.562500000000000178e+01
1.718750000000000355e+01
1.909722222222222143e+01
2.135416666666667140e+01
2.395833333333333570e+01
2.690972222222222143e+01
3.020833333333334281e+01
3.385416666666667140e+01
3.784722222222222143e+01
3.975694444444444287e+01
3.576388888888888573e+01
3.211805555555555713e+01
2.881944444444444287e+01
2.586805555555555003e+01
2.326388888888888573e+01
2.100694444444444287e+01
1.909722222222222143e+01
1.753472222222222143e+01
1.631944444444444287e+01
1.545138888888888573e+01
1.493055555555555358e+01
1.475694444444444287e+01
1.493055555555555358e+01
1.545138888888888928e+01
1.631944444444444287e+01
1.753472222222222143e+01
1.909722222222222143e+01
2.100694444444444287e+01
2.326388888888888928e+01
2.586805555555555713e+01
2.881944444444444287e+01
3.211805555555556424e+01
3.576388888888889284e+01
3.975694444444444287e+01
4.201388888888888573e+01
3.802083333333332860e+01
3.437500000000000000e+01
3.107638888888888928e+01
2.812500000000000000e+01
2.552083333333333215e+01
2.326388888888888928e+01
2.135416666666666430e+01
1.979166666666666430e+01
1.857638888888888928e+01
1.770833333333333570e+01
1.718750000000000000e+01
1.701388888888888928e+01
1.718750000000000000e+01
1.770833333333333570e+01
1.857638888888888928e+01
1.979166666666666785e+01
2.135416666666667140e+01
2.326388888888888928e+01
2.552083333333333570e+01
2.812500000000000355e+01
3.107638888888888928e+01
3.437500000000001421e+01
3.802083333333334281e+01
4.201388888888888573e+01
4.461805555555555713e+01
4.062500000000000000e+01
3.697916666666667140e+01
3.368055555555555713e+01
3.072916666666666430e+01
2.812500000000000000e+01
2.586805555555555713e+01
2.395833333333333570e+01
2.239583333333333570e+01
2.118055555555555713e+01
2.031250000000000000e+01
1.979166666666666785e+01
1.961805555555555713e+01
1.979166666666666785e+01
2.031250000000000000e+01
2.118055555555555713e+01
2.239583333333333570e+01
2.395833333333333570e+01
2.586805555555555713e+01
2.812500000000000355e+01
3.072916666666667140e+01
3.368055555555555713e+01
3.697916666666667851e+01
4.062500000000000711e+01
4.461805555555555713e+01
4.756944444444444287e+01
4.357638888888888573e+01
3.993055555555555713e+01
3.663194444444444287e+01
3.368055555555555003e+01
3.107638888888888573e+01
2.881944444444444287e+01
2.690972222222222143e+01
2.534722222222222143e+01
2.413194444444444287e+01
2.326388888888888573e+01
2.274305555555555358e+01
2.256944444444444287e+01
2.274305555555555358e+01
2.326388888888888573e+01
2.413194444444444287e+01
2.534722222222222143e+01
2.690972222222222143e+01
2.881944444444444287e+01
3.107638888888888928e+01
3.368055555555555713e+01
3.663194444444444287e+01
3.993055555555556424e+01
4.357638888888889284e+01
4.756944444444444287e+01
5.086805555555556424e+01
4.687500000000000711e+01
4.322916666666667851e+01
3.993055555555556424e+01
3.697916666666667140e+01
3.437500000000000711e+01
3.211805555555556424e+01
3.020833333333334281e+01
2.864583333333334281e+01
2.743055555555556424e+01
2.656250000000000711e+01
2.604166666666667496e+01
2.586805555555556424e+01
2.604166666666667496e+01
2.656250000000001066e+01
2.743055555555556424e+01
2.864583333333334281e+01
3.020833333333334281e+01
3.211805555555556424e+01
3.437500000000001421e+01
3.697916666666667851e+01
3.993055555555556424e+01
4.322916666666668561e+01
4.687500000000001421e+01
5.086805555555556424e+01
5.451388888888889284e+01
5.052083333333333570e+01
4.687500000000000711e+01
4.357638888888889284e+01
4.062500000000000000e+01
3.802083333333333570e+01
3.576388888888889284e+01
3.385416666666667140e+01
3.229166666666667140e+01
3.107638888888889284e+01
3.020833333333333570e+01
2.968750000000000355e+01
2.951388888888889284e+01
2.968750000000000355e+01
3.020833333333333925e+01
3.107638888888889284e+01
3.229166666666667140e+01
3.385416666666667140e+01
3.576388888888889284e+01
3.802083333333334281e+01
4.062500000000000711e+01
4.357638888888889284e+01
4.687500000000001421e+01
5.052083333333334281e+01
5.451388888888889284e+01
5.850694444444444287e+01
5.451388888888888573e+01
5.086805555555555713e+01
4.756944444444444287e+01
4.461805555555555003e+01
4.201388888888888573e+01
3.975694444444444287e+01
3.784722222222222143e+01
3.628472222222222143e+01
3.506944444444444287e+01
3.420138888888888573e+01
3.368055555555555713e+01
3.350694444444444287e+01
3.368055555555555713e+01
3.420138888888888573e+01
3.506944444444444287e+01
3.628472222222222143e+01
3.784722222222222143e+01
3.975694444444444287e+01
4.201388888888888573e+01
4.461805555555555713e+01
4.756944444444444287e+01
5.086805555555556424e+01
5.451388888888889284e+01
5.850694444444444287e+01
5.625000000000000000e+01
5.225694444444444287e+01
4.861111111111111427e+01
4.531250000000000000e+01
4.236111111111110716e+01
3.975694444444444287e+01
3.750000000000000000e+01
3.559027777777777857e+01
3.402777777777777857e+01
3.281250000000000000e+01
3.194444444444444287e+01
3.142361111111111072e+01
3.125000000000000000e+01
3.142361111111111072e+01
3.194444444444444642e+01
3.281250000000000000e+01
3.402777777777777857e+01
3.559027777777777857e+01
3.750000000000000000e+01
3.975694444444444287e+01
4.236111111111111427e+01
4.531250000000000000e+01
4.861111111111112137e+01
5.225694444444444997e+01
5.625000000000000000e+01
5.225694444444444287e+01
4.826388888888888573e+01
4.461805555555555713e+01
4.131944444444444287e+01
3.836805555555555003e+01
3.576388888888888573e+01
3.350694444444444287e+01
3.159722222222222143e+01
3.003472222222222143e+01
2.881944444444444287e+01
2.795138888888888573e+01
2.743055555555555358e+01
2.725694444444444287e+01
2.743055555555555358e+01
2.795138888888888928e+01
2.881944444444444287e+01
3.003472222222222143e+01
3.159722222222222143e+01
3.350694444444444287e+01
3.576388888888888573e+01
3.836805555555555713e+01
4.131944444444444287e+01
4.461805555555556424e+01
4.826388888888889284e+01
5.225694444444444287e+01
4.861111111111111427e+01
4.461805555555555713e+01
4.097222222222222854e+01
3.767361111111111427e+01
3.472222222222222143e+01
3.211805555555555713e+01
2.986111111111111427e+01
2.795138888888889284e+01
2.638888888888889284e+01
2.517361111111111427e+01
2.430555555555555713e+01
2.378472222222222499e+01
2.361111111111111427e+01
2.378472222222222499e+01
2.430555555555556069e+01
2.517361111111111427e+01
2.638888888888889284e+01
2.795138888888889284e+01
2.986111111111111427e+01
3.211805555555555713e+01
3.472222222222222854e+01
3.767361111111111427e+01
4.097222222222223564e+01
4.461805555555556424e+01
4.861111111111111427e+01
4.531250000000000000e+01
4.131944444444444287e+01
3.767361111111111427e+01
3.437500000000000000e+01
3.142361111111110716e+01
2.881944444444444287e+01
2.656250000000000000e+01
2.465277777777777857e+01
2.309027777777777857e+01
2.187500000000000000e+01
2.100694444444444287e+01
2.048611111111111072e+01
2.031250000000000000e+01
2.048611111111111072e+01
2.100694444444444287e+01
2.187500000000000000e+01
2.309027777777777857e+01
2.465277777777777857e+01
2.656250000000000000e+01
2.881944444444444642e+01
3.142361111111111427e+01
3.437500000000000000e+01
3.767361111111112137e+01
4.131944444444444997e+01
4.531250000000000000e+01
4.236111111111110716e+01
3.836805555555555003e+01
3.472222222222222143e+01
3.142361111111110716e+01
2.847222222222221788e+01
2.586805555555555003e+01
2.361111111111110716e+01
2.170138888888888573e+01
2.013888888888888573e+01
1.892361111111110716e+01
1.805555555555555358e+01
1.753472222222222143e+01
1.736111111111110716e+01
1.753472222222222143e+01
1.805555555555555358e+01
1.892361111111110716e+01
2.013888888888888573e+01
2.170138888888888928e+01
2.361111111111110716e+01
2.586805555555555713e+01
2.847222222222222143e+01
3.142361111111110716e+01
3.472222222222222854e+01
3.836805555555555713e+01
4.236111111111110716e+01
3.975694444444444287e+01
3.576388888888888573e+01
3.211805555555555713e+01
2.881944444444444287e+01
2.586805555555555003e+01
2.326388888888888573e+01
2.100694444444444287e+01
1.909722222222222143e+01
1.753472222222222143e+01
1.631944444444444287e+01
1.545138888888888751e+01
1.493055555555555358e+01
1.475694444444444287e+01
1.493055555555555358e+01
1.545138888888888751e+01
1.631944444444444287e+01
1.753472222222222143e+01
1.909722222222222143e+01
2.100694444444444287e+01
2.326388888888888928e+01
2.586805555555555713e+01
2.881944444444444287e+01
3.211805555555556424e+01
3.576388888888889284e+01
3.975694444444444287e+01
3.750000000000000000e+01
3.350694444444444287e+01
2.986111111111111427e+01
2.656250000000000000e+01
2.361111111111110716e+01
2.100694444444444287e+01
1.875000000000000000e+01
1.684027777777777857e+01
1.527777777777777679e+01
1.406250000000000000e+01
1.319444444444444287e+01
1.267361111111111072e+01
1.250000000000000000e+01
1.267361111111111072e+01
1.319444444444444642e+01
1.406250000000000000e+01
1.527777777777777857e+01
1.684027777777777857e+01
1.875000000000000000e+01
2.100694444444444642e+01
2.361111111111111427e+01
2.656250000000000000e+01
2.986111111111112137e+01
3.350694444444444997e+01
3.750000000000000000e+01
3.559027777777777857e+01
3.159722222222222143e+01
2.795138888888889284e+01
2.465277777777777857e+01
2.170138888888888573e+01
1.909722222222222143e+01
1.684027777777777857e+01
1.493055555555555358e+01
1.336805555555555358e+01
1.215277777777777679e+01
1.128472222222222143e+01
1.076388888888888751e+01
1.059027777777777679e+01
1.076388888888888928e+01
1.128472222222222143e+01
1.215277777777777679e+01
1.336805555555555536e+01
1.493055555555555713e+01
1.684027777777777857e+01
1.909722222222222143e+01
2.170138888888889284e+01
2.465277777777777857e+01
2.795138888888889994e+01
3.159722222222222854e+01
3.559027777777777857e+01
3.402777777777777857e+01
3.003472222222222143e+01
2.638888888888889284e+01
2.309027777777777857e+01
2.013888888888888573e+01
1.753472222222222143e+01
1.527777777777777679e+01
1.336805555555555358e+01
1.180555555555555358e+01
1.059027777777777679e+01
9.722222222222221433e+00
9.201388888888887507e+00
9.027777777777776791e+00
9.201388888888889284e+00
9.722222222222223209e+00
1.059027777777777679e+01
1.180555555555555536e+01
1.336805555555555713e+01
1.527777777777777679e+01
1.753472222222222143e+01
2.013888888888889284e+01
2.309027777777777857e+01
2.638888888888889994e+01
3.003472222222222854e+01
3.402777777777777857e+01
3.281250000000000000e+01
2.881944444444444287e+01
2.517361111111111427e+01
2.187500000000000000e+01
1.892361111111110716e+01
1.631944444444444287e+01
1.406250000000000000e+01
1.215277777777777679e+01
1.059027777777777679e+01
9.375000000000000000e+00
8.506944444444442865e+00
7.986111111111110716e+00
7.812500000000000000e+00
7.986111111111111605e+00
8.506944444444446418e+00
9.375000000000000000e+00
1.059027777777777857e+01
1.215277777777778034e+01
1.406250000000000000e+01
1.631944444444444642e+01
1.892361111111111427e+01
2.187500000000000000e+01
2.517361111111112137e+01
2.881944444444444997e+01
3.281250000000000000e+01
3.194444444444444287e+01
2.795138888888888573e+01
2.430555555555555713e+01
2.100694444444444287e+01
1.805555555555555358e+01
1.545138888888888751e+01
1.319444444444444287e+01
1.128472222222222143e+01
9.722222222222221433e+00
8.506944444444442865e+00
7.638888888888887507e+00
7.118055555555554470e+00
6.944444444444443754e+00
7.118055555555555358e+00
7.638888888888889284e+00
8.506944444444442865e+00
9.722222222222221433e+00
1.128472222222222499e+01
1.319444444444444287e+01
1.545138888888889106e+01
1.805555555555555713e+01
2.100694444444444287e+01
2.430555555555556424e+01
2.795138888888889284e+01
3.194444444444444287e+01
3.142361111111111072e+01
2.743055555555555358e+01
2.378472222222222499e+01
2.048611111111111072e+01
1.753472222222222143e+01
1.493055555555555358e+01
1.267361111111111072e+01
1.076388888888888751e+01
9.201388888888887507e+00
7.986111111111110716e+00
7.118055555555554470e+00
6.597222222222221433e+00
6.423611111111110716e+00
6.597222222222222321e+00
7.118055555555556246e+00
7.986111111111110716e+00
9.201388888888889284e+00
1.076388888888889106e+01
1.267361111111111072e+01
1.493055555555555713e+01
1.753472222222222499e+01
2.048611111111111072e+01
2.378472222222223209e+01
2.743055555555556069e+01
3.142361111111111072e+01
3.125000000000000000e+01
2.725694444444444287e+01
2.361111111111111427e+01
2.031250000000000000e+01
1.736111111111110716e+01
1.475694444444444287e+01
1.250000000000000000e+01
1.059027777777777679e+01
9.027777777777776791e+00
7.812500000000000000e+00
6.944444444444443754e+00
6.423611111111110716e+00
6.250000000000000000e+00
6.423611111111111605e+00
6.944444444444445530e+00
7.812500000000000000e+00
9.027777777777778567e+00
1.059027777777778034e+01
1.250000000000000000e+01
1.475694444444444642e+01
1.736111111111111427e+01
2.031250000000000000e+01
2.361111111111112137e+01
2.725694444444444997e+01
3.125000000000000000e+01
3.142361111111111072e+01
2.743055555555555358e+01
2.378472222222222499e+01
2.048611111111111072e+01
1.753472222222222143e+01
1.493055555555555358e+01
1.267361111111111072e+01
1.076388888888888928e+01
9.201388888888889284e+00
7.986111111111111605e+00
7.118055555555555358e+00
6.597222222222222321e+00
6.423611111111111605e+00
6.597222222222222321e+00
7.118055555555557135e+00
7.986111111111111605e+00
9.201388888888889284e+00
1.076388888888889284e+01
1.267361111111111072e+01
1.493055555555555713e+01
1.753472222222222499e+01
2.048611111111111072e+01
2.378472222222223209e+01
2.743055555555556069e+01
3.142361111111111072e+01
3.194444444444444642e+01
2.795138888888888928e+01
2.430555555555556069e+01
2.100694444444444287e+01
1.805555555555555358e+01
1.545138888888888751e+01
1.319444444444444642e+01
1.128472222222222143e+01
9.722222222222223209e+00
8.506944444444446418e+00
7.638888888888889284e+00
7.118055555555556246e+00
6.944444444444445530e+00
7.118055555555557135e+00
7.638888888888891060e+00
8.506944444444446418e+00
9.722222222222224985e+00
1.128472222222222499e+01
1.319444444444444642e+01
1.545138888888889106e+01
1.805555555555555713e+01
2.100694444444444287e+01
2.430555555555556779e+01
2.795138888888889639e+01
3.194444444444444642e+01
3.281250000000000000e+01
2.881944444444444287e+01
2.517361111111111427e+01
2.187500000000000000e+01
1.892361111111110716e+01
1.631944444444444287e+01
1.406250000000000000e+01
1.215277777777777679e+01
1.059027777777777679e+01
9.375000000000000000e+00
8.506944444444442865e+00
7.986111111111110716e+00
7.812500000000000000e+00
7.986111111111111605e+00
8.506944444444446418e+00
9.375000000000000000e+00
1.059027777777777857e+01
1.215277777777778034e+01
1.406250000000000000e+01
1.631944444444444642e+01
1.892361111111111427e+01
2.187500000000000000e+01
2.517361111111112137e+01
2.881944444444444997e+01
3.281250000000000000e+01
3.402777777777777857e+01
3.003472222222222143e+01
2.638888888888889284e+01
2.309027777777777857e+01
2.013888888888888573e+01
1.753472222222222143e+01
1.527777777777777857e+01
1.336805555555555536e+01
1.180555555555555536e+01
1.059027777777777857e+01
9.722222222222221433e+00
9.201388888888889284e+00
9.027777777777778567e+00
9.201388888888889284e+00
9.722222222222224985e+00
1.059027777777777857e+01
1.180555555555555713e+01
1.336805555555555891e+01
1.527777777777777857e+01
1.753472222222222499e+01
2.013888888888889284e+01
2.309027777777777857e+01
2.638888888888889994e+01
3.003472222222222854e+01
3.402777777777777857e+01
3.559027777777777857e+01
3.159722222222222143e+01
2.795138888888889284e+01
2.465277777777777857e+01
2.170138888888888928e+01
1.909722222222222143e+01
1.684027777777777857e+01
1.493055555555555713e+01
1.336805555555555713e+01
1.215277777777778034e+01
1.128472222222222499e+01
1.076388888888889106e+01
1.059027777777778034e+01
1.076388888888889284e+01
1.128472222222222499e+01
1.215277777777778034e+01
1.336805555555555891e+01
1.493055555555556069e+01
1.684027777777777857e+01
1.909722222222222854e+01
2.170138888888889284e+01
2.465277777777777857e+01
2.795138888888889994e+01
3.159722222222222854e+01
3.559027777777777857e+01
3.750000000000000000e+01
3.350694444444444287e+01
2.986111111111111427e+01
2.656250000000000000e+01
2.361111111111110716e+01
2.100694444444444287e+01
1.875000000000000000e+01
1.684027777777777857e+01
1.527777777777777679e+01
1.406250000000000000e+01
1.319444444444444287e+01
1.267361111111111072e+01
1.250000000000000000e+01
1.267361111111111072e+01
1.319444444444444642e+01
1.406250000000000000e+01
1.527777777777777857e+01
1.684027777777777857e+01
1.875000000000000000e+01
2.100694444444444642e+01
2.361111111111111427e+01
2.656250000000000000e+01
2.986111111111112137e+01
3.350694444444444997e+01
3.750000000000000000e+01
3.975694444444444287e+01
3.576388888888888573e+01
3.211805555555555713e+01
2.881944444444444642e+01
2.586805555555555713e+01
2.326388888888888928e+01
2.100694444444444642e+01
1.909722222222222143e+01
1.753472222222222143e+01
1.631944444444444642e+01
1.545138888888889106e+01
1.493055555555555713e+01
1.475694444444444642e+01
1.493055555555555713e+01
1.545138888888889106e+01
1.631944444444444642e+01
1.753472222222222499e+01
1.909722222222222854e+01
2.100694444444444642e+01
2.326388888888889284e+01
2.586805555555556069e+01
2.881944444444444642e+01
3.211805555555557135e+01
3.576388888888889994e+01
3.975694444444444287e+01
4.236111111111111427e+01
3.836805555555555713e+01
3.472222222222222854e+01
3.142361111111111427e+01
2.847222222222222143e+01
2.586805555555555713e+01
2.361111111111111427e+01
2.170138888888889284e+01
2.013888888888889284e+01
1.892361111111111427e+01
1.805555555555555713e+01
1.753472222222222499e+01
1.736111111111111427e+01
1.753472222222222499e+01
1.805555555555555713e+01
1.892361111111111427e+01
2.013888888888889284e+01
2.170138888888889284e+01
2.361111111111111427e+01
2.586805555555556069e+01
2.847222222222222854e+01
3.142361111111111427e+01
3.472222222222223564e+01
3.836805555555556424e+01
4.236111111111111427e+01
4.531250000000000000e+01
4.131944444444444287e+01
3.767361111111111427e+01
3.437500000000000000e+01
3.142361111111110716e+01
2.881944444444444287e+01
2.656250000000000000e+01
2.465277777777777857e+01
2.309027777777777857e+01
2.187500000000000000e+01
2.100694444444444287e+01
2.048611111111111072e+01
2.031250000000000000e+01
2.048611111111111072e+01
2.100694444444444287e+01
2.187500000000000000e+01
2.309027777777777857e+01
2.465277777777777857e+01
2.656250000000000000e+01
2.881944444444444642e+01
3.142361111111111427e+01
3.437500000000000000e+01
3.767361111111112137e+01
4.131944444444444997e+01
4.531250000000000000e+01
4.861111111111112137e+01
4.461805555555556424e+01
4.097222222222223564e+01
3.767361111111112137e+01
3.472222222222222854e+01
3.211805555555556424e+01
2.986111111111112137e+01
2.795138888888889994e+01
2.638888888888889994e+01
2.517361111111112137e+01
2.430555555555556424e+01
2.378472222222223209e+01
2.361111111111112137e+01
2.378472222222223209e+01
2.430555555555556779e+01
2.517361111111112137e+01
2.638888888888889994e+01
2.795138888888889994e+01
2.986111111111112137e+01
3.211805555555557135e+01
3.472222222222223564e+01
3.767361111111112137e+01
4.097222222222224275e+01
4.461805555555557135e+01
4.861111111111112137e+01
5.225694444444444997e+01
4.826388888888889284e+01
4.461805555555556424e+01
4.131944444444444997e+01
3.836805555555555713e+01
3.576388888888889284e+01
3.350694444444444997e+01
3.159722222222222854e+01
3.003472222222222854e+01
2.881944444444444997e+01
2.795138888888889284e+01
2.743055555555556069e+01
2.725694444444444997e+01
2.743055555555556069e+01
2.795138888888889639e+01
2.881944444444444997e+01
3.003472222222222854e+01
3.159722222222222854e+01
3.350694444444444997e+01
3.576388888888889994e+01
3.836805555555556424e+01
4.131944444444444997e+01
4.461805555555557135e+01
4.826388888888889994e+01
5.225694444444444997e+01
5.625000000000000000e+01
5.225694444444444287e+01
4.861111111111111427e+01
4.531250000000000000e+01
4.236111111111110716e+01
3.975694444444444287e+01
3.750000000000000000e+01
3.559027777777777857e+01
3.402777777777777857e+01
3.281250000000000000e+01
3.194444444444444287e+01
3.142361111111111072e+01
3.125000000000000000e+01
3.142361111111111072e+01
3.194444444444444642e+01
3.281250000000000000e+01
3.402777777777777857e+01
3.559027777777777857e+01
3.750000000000000000e+01
3.975694444444444287e+01
4.236111111111111427e+01
4.531250000000000000e+01
4.861111111111112137e+01
5.225694444444444997e+01
5.625000000000000000e+01
5.434027777777777857e+01
5.034722222222222143e+01
4.670138888888889284e+01
4.340277777777777857e+01
4.045138888888888573e+01
3.784722222222222143e+01
3.559027777777777857e+01
3.368055555555555713e+01
3.211805555555555713e+01
3.090277777777777857e+01
3.003472222222222143e+01
2.951388888888888573e+01
2.934027777777777857e+01
2.951388888888888573e+01
3.003472222222222143e+01
3.090277777777777857e+01
3.211805555555555713e+01
3.368055555555555713e+01
3.559027777777777857e+01
3.784722222222222143e+01
4.045138888888889284e+01
4.340277777777777857e+01
4.670138888888889994e+01
5.034722222222222854e+01
5.434027777777777857e+01
5.034722222222222143e+01
4.635416666666666430e+01
4.270833333333333570e+01
3.940972222222222143e+01
3.645833333333332860e+01
3.385416666666666430e+01
3.159722222222222143e+01
2.968750000000000000e+01
2.812500000000000000e+01
2.690972222222222143e+01
2.604166666666666430e+01
2.552083333333332860e+01
2.534722222222222143e+01
2.552083333333332860e+01
2.604166666666666430e+01
2.690972222222222143e+01
2.812500000000000000e+01
2.968750000000000000e+01
3.159722222222222143e+01
3.385416666666666430e+01
3.645833333333333570e+01
3.940972222222222143e+01
4.270833333333334281e+01
4.635416666666667140e+01
5.034722222222222143e+01
4.670138888888889284e+01
4.270833333333333570e+01
3.906250000000000711e+01
3.576388888888889284e+01
3.281250000000000000e+01
3.020833333333333570e+01
2.795138888888889284e+01
2.604166666666667140e+01
2.447916666666667140e+01
2.326388888888889284e+01
2.239583333333333570e+01
2.187500000000000000e+01
2.170138888888889284e+01
2.187500000000000000e+01
2.239583333333333570e+01
2.326388888888889284e+01
2.447916666666667140e+01
2.604166666666667140e+01
2.795138888888889284e+01
3.020833333333333570e+01
3.281250000000000711e+01
3.576388888888889284e+01
3.906250000000001421e+01
4.270833333333334281e+01
4.670138888888889284e+01
4.340277777777777857e+01
3.940972222222222143e+01
3.576388888888889284e+01
3.246527777777777857e+01
2.951388888888888573e+01
2.690972222222222143e+01
2.465277777777777857e+01
2.274305555555555713e+01
2.118055555555555713e+01
1.996527777777777857e+01
1.909722222222222143e+01
1.857638888888888573e+01
1.840277777777777857e+01
1.857638888888888573e+01
1.909722222222222143e+01
1.996527777777777857e+01
2.118055555555555713e+01
2.274305555555555713e+01
2.465277777777777857e+01
2.690972222222222143e+01
2.951388888888889284e+01
3.246527777777777857e+01
3.576388888888889994e+01
3.940972222222222854e+01
4.340277777777777857e+01
4.045138888888888573e+01
3.645833333333332860e+01
3.281250000000000000e+01
2.951388888888888573e+01
2.656249999999999289e+01
2.395833333333332860e+01
2.170138888888888573e+01
1.979166666666666430e+01
1.822916666666666430e+01
1.701388888888888573e+01
1.614583333333332860e+01
1.562499999999999645e+01
1.545138888888888573e+01
1.562499999999999645e+01
1.614583333333332860e+01
1.701388888888888573e+01
1.822916666666666430e+01
1.979166666666666430e+01
2.170138888888888573e+01
2.395833333333333570e+01
2.656250000000000000e+01
2.951388888888888573e+01
3.281250000000000711e+01
3.645833333333333570e+01
4.045138888888888573e+01
3.784722222222222143e+01
3.385416666666666430e+01
3.020833333333333570e+01
2.690972222222222143e+01
2.395833333333332860e+01
2.135416666666666430e+01
1.909722222222222143e+01
1.718749999999999645e+01
1.562499999999999645e+01
1.440972222222221966e+01
1.354166666666666430e+01
1.302083333333333037e+01
1.284722222222221966e+01
1.302083333333333037e+01
1.354166666666666430e+01
1.440972222222221966e+01
1.562499999999999822e+01
1.718750000000000000e+01
1.909722222222222143e+01
2.135416666666666430e+01
2.395833333333333570e+01
2.690972222222222143e+01
3.020833333333334281e+01
3.385416666666667140e+01
3.784722222222222143e+01
3.559027777777777857e+01
3.159722222222222143e+01
2.795138888888889284e+01
2.465277777777777857e+01
2.170138888888888573e+01
1.909722222222222143e+01
1.684027777777777857e+01
1.493055555555555358e+01
1.336805555555555358e+01
1.215277777777777679e+01
1.128472222222222143e+01
1.076388888888888751e+01
1.059027777777777679e+01
1.076388888888888928e+01
1.128472222222222143e+01
1.215277777777777679e+01
1.336805555555555536e+01
1.493055555555555713e+01
1.684027777777777857e+01
1.909722222222222143e+01
2.170138888888889284e+01
2.465277777777777857e+01
2.795138888888889994e+01
3.159722222222222854e+01
3.559027777777777857e+01
3.368055555555555713e+01
2.968750000000000000e+01
2.604166666666667140e+01
2.274305555555555713e+01
1.979166666666666430e+01
1.718749999999999645e+01
1.493055555555555358e+01
1.302083333333333037e+01
1.145833333333333037e+01
1.024305555555555358e+01
9.374999999999996447e+00
8.854166666666664298e+00
8.680555555555553582e+00
8.854166666666664298e+00
9.375000000000000000e+00
1.024305555555555358e+01
1.145833333333333215e+01
1.302083333333333393e+01
1.493055555555555358e+01
1.718750000000000000e+01
1.979166666666666785e+01
2.274305555555555713e+01
2.604166666666667851e+01
2.968750000000000711e+01
3.368055555555555713e+01
3.211805555555555713e+01
2.812500000000000000e+01
2.447916666666667140e+01
2.118055555555555713e+01
1.822916666666666430e+01
1.562499999999999645e+01
1.336805555555555358e+01
1.145833333333333037e+01
9.895833333333332149e+00
8.680555555555553582e+00
7.812499999999998224e+00
7.291666666666664298e+00
7.118055555555553582e+00
7.291666666666665186e+00
7.812500000000000000e+00
8.680555555555553582e+00
9.895833333333332149e+00
1.145833333333333393e+01
1.336805555555555358e+01
1.562500000000000000e+01
1.822916666666666785e+01
2.118055555555555713e+01
2.447916666666667851e+01
2.812500000000000711e+01
3.211805555555555713e+01
3.090277777777777857e+01
2.690972222222222143e+01
2.326388888888889284e+01
1.996527777777777857e+01
1.701388888888888573e+01
1.440972222222221966e+01
1.215277777777777679e+01
1.024305555555555358e+01
8.680555555555553582e+00
7.465277777777776791e+00
6.597222222222220545e+00
6.076388888888887507e+00
5.902777777777776791e+00
6.076388888888888395e+00
6.597222222222222321e+00
7.465277777777776791e+00
8.680555555555555358e+00
1.024305555555555713e+01
1.215277777777777679e+01
1.440972222222222321e+01
1.701388888888889284e+01
1.996527777777777857e+01
2.326388888888889994e+01
2.690972222222222854e+01
3.090277777777777857e+01
3.003472222222222143e+01
2.604166666666666430e+01
2.239583333333333570e+01
1.909722222222222143e+01
1.614583333333332860e+01
1.354166666666666430e+01
1.128472222222222143e+01
9.374999999999996447e+00
7.812499999999998224e+00
6.597222222222220545e+00
5.729166666666664298e+00
5.208333333333331261e+00
5.034722222222220545e+00
5.208333333333332149e+00
5.729166666666666075e+00
6.597222222222220545e+00
7.812499999999999112e+00
9.375000000000000000e+00
1.128472222222222143e+01
1.354166666666666785e+01
1.614583333333333570e+01
1.909722222222222143e+01
2.239583333333334281e+01
2.604166666666667140e+01
3.003472222222222143e+01
2.951388888888888573e+01
2.552083333333332860e+01
2.187500000000000000e+01
1.857638888888888573e+01
1.562499999999999645e+01
1.302083333333333037e+01
1.076388888888888751e+01
8.854166666666664298e+00
7.291666666666664298e+00
6.076388888888887507e+00
5.208333333333331261e+00
4.687499999999998224e+00
4.513888888888887507e+00
4.687499999999999112e+00
5.208333333333333037e+00
6.076388888888887507e+00
7.291666666666666075e+00
8.854166666666667851e+00
1.076388888888888751e+01
1.302083333333333393e+01
1.562500000000000178e+01
1.857638888888888573e+01
2.187500000000000711e+01
2.552083333333333570e+01
2.951388888888888573e+01
2.934027777777777857e+01
2.534722222222222143e+01
2.170138888888889284e+01
1.840277777777777857e+01
1.545138888888888573e+01
1.284722222222221966e+01
1.059027777777777679e+01
8.680555555555553582e+00
7.118055555555553582e+00
5.902777777777776791e+00
5.034722222222220545e+00
4.513888888888887507e+00
4.340277777777776791e+00
4.513888888888888395e+00
5.034722222222222321e+00
5.902777777777776791e+00
7.118055555555555358e+00
8.680555555555557135e+00
1.059027777777777679e+01
1.284722222222222321e+01
1.545138888888889106e+01
1.840277777777777857e+01
2.170138888888889994e+01
2.534722222222222854e+01
2.934027777777777857e+01
2.951388888888888573e+01
2.552083333333332860e+01
2.187500000000000000e+01
1.857638888888888573e+01
1.562499999999999645e+01
1.302083333333333037e+01
1.076388888888888928e+01
8.854166666666664298e+00
7.291666666666665186e+00
6.076388888888888395e+00
5.208333333333332149e+00
4.687499999999999112e+00
4.513888888888888395e+00
4.687499999999999112e+00
5.208333333333333925e+00
6.076388888888888395e+00
7.291666666666666075e+00
8.854166666666667851e+00
1.076388888888888928e+01
1.302083333333333393e+01
1.562500000000000178e+01
1.857638888888888573e+01
2.187500000000000711e+01
2.552083333333333570e+01
2.951388888888888573e+01
3.003472222222222143e+01
2.604166666666666430e+01
2.239583333333333570e+01
1.909722222222222143e+01
1.614583333333332860e+01
1.354166666666666430e+01
1.128472222222222143e+01
9.375000000000000000e+00
7.812500000000000000e+00
6.597222222222222321e+00
5.729166666666666075e+00
5.208333333333333037e+00
5.034722222222222321e+00
5.208333333333333925e+00
5.729166666666667851e+00
6.597222222222222321e+00
7.812500000000000888e+00
9.375000000000003553e+00
1.128472222222222143e+01
1.354166666666666785e+01
1.614583333333333570e+01
1.909722222222222143e+01
2.239583333333334281e+01
2.604166666666667140e+01
3.003472222222222143e+01
3.090277777777777857e+01
2.690972222222222143e+01
2.326388888888889284e+01
1.996527777777777857e+01
1.701388888888888573e+01
1.440972222222221966e+01
1.215277777777777679e+01
1.024305555555555358e+01
8.680555555555553582e+00
7.465277777777776791e+00
6.597222222222220545e+00
6.076388888888887507e+00
5.902777777777776791e+00
6.076388888888888395e+00
6.597222222222222321e+00
7.465277777777776791e+00
8.680555555555555358e+00
1.024305555555555713e+01
1.215277777777777679e+01
1.440972222222222321e+01
1.701388888888889284e+01
1.996527777777777857e+01
2.326388888888889994e+01
2.690972222222222854e+01
3.090277777777777857e+01
3.211805555555555713e+01
2.812500000000000000e+01
2.447916666666667140e+01
2.118055555555555713e+01
1.822916666666666430e+01
1.562499999999999822e+01
1.336805555555555536e+01
1.145833333333333215e+01
9.895833333333332149e+00
8.680555555555555358e+00
7.812499999999999112e+00
7.291666666666666075e+00
7.118055555555555358e+00
7.291666666666666075e+00
7.812500000000000888e+00
8.680555555555555358e+00
9.895833333333333925e+00
1.145833333333333570e+01
1.336805555555555536e+01
1.562500000000000178e+01
1.822916666666667140e+01
2.118055555555555713e+01
2.447916666666667851e+01
2.812500000000000711e+01
3.211805555555555713e+01
3.368055555555555713e+01
2.968750000000000000e+01
2.604166666666667140e+01
2.274305555555555713e+01
1.979166666666666430e+01
1.718750000000000000e+01
1.493055555555555713e+01
1.302083333333333393e+01
1.145833333333333393e+01
1.024305555555555713e+01
9.375000000000000000e+00
8.854166666666667851e+00
8.680555555555557135e+00
8.854166666666667851e+00
9.375000000000003553e+00
1.024305555555555713e+01
1.145833333333333570e+01
1.302083333333333748e+01
1.493055555555555713e+01
1.718750000000000355e+01
1.979166666666667140e+01
2.274305555555555713e+01
2.604166666666667851e+01
2.968750000000000711e+01
3.368055555555555713e+01
3.559027777777777857e+01
3.159722222222222143e+01
2.795138888888889284e+01
2.465277777777777857e+01
2.170138888888888573e+01
1.909722222222222143e+01
1.684027777777777857e+01
1.493055555555555358e+01
1.336805555555555358e+01
1.215277777777777679e+01
1.128472222222222143e+01
1.076388888888888751e+01
1.059027777777777679e+01
1.076388888888888928e+01
1.128472222222222143e+01
1.215277777777777679e+01
1.336805555555555536e+01
1.493055555555555713e+01
1.684027777777777857e+01
1.909722222222222143e+01
2.170138888888889284e+01
2.465277777777777857e+01
2.795138888888889994e+01
3.159722222222222854e+01
3.559027777777777857e+01
3.784722222222222143e+01
3.385416666666666430e+01
3.020833333333333570e+01
2.690972222222222143e+01
2.395833333333333570e+01
2.135416666666666430e+01
1.909722222222222143e+01
1.718750000000000000e+01
1.562500000000000000e+01
1.440972222222222321e+01
1.354166666666666785e+01
1.302083333333333393e+01
1.284722222222222321e+01
1.302083333333333393e+01
1.354166666666666785e+01
1.440972222222222321e+01
1.562500000000000178e+01
1.718750000000000355e+01
1.909722222222222143e+01
2.135416666666667140e+01
2.395833333333333570e+01
2.690972222222222143e+01
3.020833333333334281e+01
3.385416666666667140e+01
3.784722222222222143e+01
4.045138888888889284e+01
3.645833333333333570e+01
3.281250000000000711e+01
2.951388888888889284e+01
2.656250000000000000e+01
2.395833333333333570e+01
2.170138888888889284e+01
1.979166666666666785e+01
1.822916666666666785e+01
1.701388888888889284e+01
1.614583333333333570e+01
1.562500000000000178e+01
1.545138888888889106e+01
1.562500000000000178e+01
1.614583333333333570e+01
1.701388888888889284e+01
1.822916666666667140e+01
1.979166666666667140e+01
2.170138888888889284e+01
2.395833333333333570e+01
2.656250000000000711e+01
2.951388888888889284e+01
3.281250000000001421e+01
3.645833333333334281e+01
4.045138888888889284e+01
4.340277777777777857e+01
3.940972222222222143e+01
3.576388888888889284e+01
3.246527777777777857e+01
2.951388888888888573e+01
2.690972222222222143e+01
2.465277777777777857e+01
2.274305555555555713e+01
2.118055555555555713e+01
1.996527777777777857e+01
1.909722222222222143e+01
1.857638888888888573e+01
1.840277777777777857e+01
1.857638888888888573e+01
1.909722222222222143e+01
1.996527777777777857e+01
2.118055555555555713e+01
2.274305555555555713e+01
2.465277777777777857e+01
2.690972222222222143e+01
2.951388888888889284e+01
3.246527777777777857e+01
3.576388888888889994e+01
3.940972222222222854e+01
4.340277777777777857e+01
4.670138888888889994e+01
4.270833333333334281e+01
3.906250000000001421e+01
3.576388888888889994e+01
3.281250000000000711e+01
3.020833333333334281e+01
2.795138888888889994e+01
2.604166666666667851e+01
2.447916666666667851e+01
2.326388888888889994e+01
2.239583333333334281e+01
2.187500000000000711e+01
2.170138888888889994e+01
2.187500000000000711e+01
2.239583333333334281e+01
2.326388888888889994e+01
2.447916666666667851e+01
2.604166666666667851e+01
2.795138888888889994e+01
3.020833333333334281e+01
3.281250000000001421e+01
3.576388888888889994e+01
3.906250000000002132e+01
4.270833333333334991e+01
4.670138888888889994e+01
5.034722222222222854e+01
4.635416666666667140e+01
4.270833333333334281e+01
3.940972222222222854e+01
3.645833333333333570e+01
3.385416666666667140e+01
3.159722222222222854e+01
2.968750000000000711e+01
2.812500000000000711e+01
2.690972222222222854e+01
2.604166666666667140e+01
2.552083333333333570e+01
2.534722222222222854e+01
2.552083333333333570e+01
2.604166666666667140e+01
2.690972222222222854e+01
2.812500000000000711e+01
2.968750000000000711e+01
3.159722222222222854e+01
3.385416666666667140e+01
3.645833333333334281e+01
3.940972222222222854e+01
4.270833333333334991e+01
4.635416666666667851e+01
5.034722222222222854e+01
5.434027777777777857e+01
5.034722222222222143e+01
4.670138888888889284e+01
4.340277777777777857e+01
4.045138888888888573e+01
3.784722222222222143e+01
3.559027777777777857e+01
3.368055555555555713e+01
3.211805555555555713e+01
3.090277777777777857e+01
3.003472222222222143e+01
2.951388888888888573e+01
2.934027777777777857e+01
2.951388888888888573e+01
3.003472222222222143e+01
3.090277777777777857e+01
3.211805555555555713e+01
3.368055555555555713e+01
3.559027777777777857e+01
3.784722222222222143e+01
4.045138888888889284e+01
4.340277777777777857e+01
4.670138888888889994e+01
5.034722222222222854e+01
5.434027777777777857e+01
5.277777777777777857e+01
4.878472222222222143e+01
4.513888888888889284e+01
4.184027777777777857e+01
3.888888888888888573e+01
3.628472222222222143e+01
3.402777777777777857e+01
3.211805555555555713e+01
3.055555555555555713e+01
2.934027777777777857e+01
2.847222222222222143e+01
2.795138888888888928e+01
2.777777777777777857e+01
2.795138888888888928e+01
2.847222222222222499e+01
2.934027777777777857e+01
3.055555555555555713e+01
3.211805555555555713e+01
3.402777777777777857e+01
3.628472222222222143e+01
3.888888888888889284e+01
4.184027777777777857e+01
4.513888888888889994e+01
4.878472222222222854e+01
5.277777777777777857e+01
4.878472222222222143e+01
4.479166666666666430e+01
4.114583333333333570e+01
3.784722222222222143e+01
3.489583333333332860e+01
3.229166666666666430e+01
3.003472222222222143e+01
2.812500000000000000e+01
2.656250000000000000e+01
2.534722222222222143e+01
2.447916666666666430e+01
2.395833333333333215e+01
2.378472222222222143e+01
2.395833333333333215e+01
2.447916666666666785e+01
2.534722222222222143e+01
2.656250000000000000e+01
2.812500000000000000e+01
3.003472222222222143e+01
3.229166666666666430e+01
3.489583333333333570e+01
3.784722222222222143e+01
4.114583333333334281e+01
4.479166666666667140e+01
4.878472222222222143e+01
4.513888888888889284e+01
4.114583333333333570e+01
3.750000000000000711e+01
3.420138888888889284e+01
3.125000000000000000e+01
2.864583333333333570e+01
2.638888888888889284e+01
2.447916666666667140e+01
2.291666666666667140e+01
2.170138888888889284e+01
2.083333333333333570e+01
2.031250000000000355e+01
2.013888888888889284e+01
2.031250000000000355e+01
2.083333333333333925e+01
2.170138888888889284e+01
2.291666666666667140e+01
2.447916666666667140e+01
2.638888888888889284e+01
2.864583333333333925e+01
3.125000000000000711e+01
3.420138888888889284e+01
3.750000000000001421e+01
4.114583333333334281e+01
4.513888888888889284e+01
4.184027777777777857e+01
3.784722222222222143e+01
3.420138888888889284e+01
3.090277777777777857e+01
2.795138888888888573e+01
2.534722222222222143e+01
2.309027777777777857e+01
2.118055555555555713e+01
1.961805555555555713e+01
1.840277777777777857e+01
1.753472222222222143e+01
1.701388888888888928e+01
1.684027777777777857e+01
1.701388888888888928e+01
1.753472222222222143e+01
1.840277777777777857e+01
1.961805555555555713e+01
2.118055555555555713e+01
2.309027777777777857e+01
2.534722222222222499e+01
2.795138888888889284e+01
3.090277777777777857e+01
3.420138888888889994e+01
3.784722222222222854e+01
4.184027777777777857e+01
3.888888888888888573e+01
3.489583333333332860e+01
3.125000000000000000e+01
2.795138888888888573e+01
2.499999999999999645e+01
2.239583333333332860e+01
2.013888888888888573e+01
1.822916666666666430e+01
1.666666666666666430e+01
1.545138888888888573e+01
1.458333333333333037e+01
1.406249999999999645e+01
1.388888888888888573e+01
1.406249999999999645e+01
1.458333333333333037e+01
1.545138888888888573e+01
1.666666666666666430e+01
1.822916666666666785e+01
2.013888888888888573e+01
2.239583333333333570e+01
2.500000000000000000e+01
2.795138888888888573e+01
3.125000000000000711e+01
3.489583333333333570e+01
3.888888888888888573e+01
3.628472222222222143e+01
3.229166666666666430e+01
2.864583333333333570e+01
2.534722222222222143e+01
2.239583333333332860e+01
1.979166666666666430e+01
1.753472222222222143e+01
1.562499999999999645e+01
1.406249999999999645e+01
1.284722222222221966e+01
1.197916666666666430e+01
1.145833333333333037e+01
1.128472222222221966e+01
1.145833333333333037e+01
1.197916666666666430e+01
1.284722222222221966e+01
1.406249999999999822e+01
1.562500000000000000e+01
1.753472222222222143e+01
1.979166666666666785e+01
2.239583333333333570e+01
2.534722222222222143e+01
2.864583333333334281e+01
3.229166666666667140e+01
3.628472222222222143e+01
3.402777777777777857e+01
3.003472222222222143e+01
2.638888888888889284e+01
2.309027777777777857e+01
2.013888888888888573e+01
1.753472222222222143e+01
1.527777777777777679e+01
1.336805555555555358e+01
1.180555555555555358e+01
1.059027777777777679e+01
9.722222222222221433e+00
9.201388888888887507e+00
9.027777777777776791e+00
9.201388888888889284e+00
9.722222222222223209e+00
1.059027777777777679e+01
1.180555555555555536e+01
1.336805555555555713e+01
1.527777777777777679e+01
1.753472222222222499e+01
2.013888888888889284e+01
2.309027777777777857e+01
2.638888888888889994e+01
3.003472222222222854e+01
3.402777777777777857e+01
3.211805555555555713e+01
2.812500000000000000e+01
2.447916666666667140e+01
2.118055555555555713e+01
1.822916666666666430e+01
1.562499999999999645e+01
1.336805555555555358e+01
1.145833333333333037e+01
9.895833333333330373e+00
8.680555555555553582e+00
7.812499999999998224e+00
7.291666666666664298e+00
7.118055555555553582e+00
7.291666666666666075e+00
7.812500000000000000e+00
8.680555555555553582e+00
9.895833333333332149e+00
1.145833333333333393e+01
1.336805555555555358e+01
1.562500000000000000e+01
1.822916666666666785e+01
2.118055555555555713e+01
2.447916666666667851e+01
2.812500000000000711e+01
3.211805555555555713e+01
3.055555555555555713e+01
2.656250000000000000e+01
2.291666666666667140e+01
1.961805555555555713e+01
1.666666666666666430e+01
1.406249999999999645e+01
1.180555555555555358e+01
9.895833333333330373e+00
8.333333333333332149e+00
7.118055555555553582e+00
6.249999999999998224e+00
5.729166666666665186e+00
5.555555555555554470e+00
5.729166666666666075e+00
6.250000000000000000e+00
7.118055555555553582e+00
8.333333333333332149e+00
9.895833333333333925e+00
1.180555555555555358e+01
1.406250000000000000e+01
1.666666666666666785e+01
1.961805555555555713e+01
2.291666666666667851e+01
2.656250000000000711e+01
3.055555555555555713e+01
2.934027777777777857e+01
2.534722222222222143e+01
2.170138888888889284e+01
1.840277777777777857e+01
1.545138888888888573e+01
1.284722222222221966e+01
1.059027777777777679e+01
8.680555555555553582e+00
7.118055555555553582e+00
5.902777777777776791e+00
5.034722222222221433e+00
4.513888888888887507e+00
4.340277777777776791e+00
4.513888888888888395e+00
5.034722222222223209e+00
5.902777777777776791e+00
7.118055555555555358e+00
8.680555555555557135e+00
1.059027777777777679e+01
1.284722222222222321e+01
1.545138888888889106e+01
1.840277777777777857e+01
2.170138888888889994e+01
2.534722222222222854e+01
2.934027777777777857e+01
2.847222222222222143e+01
2.447916666666666430e+01
2.083333333333333570e+01
1.753472222222222143e+01
1.458333333333333037e+01
1.197916666666666430e+01
9.722222222222221433e+00
7.812499999999998224e+00
6.249999999999998224e+00
5.034722222222221433e+00
4.166666666666665186e+00
3.645833333333331705e+00
3.472222222222221433e+00
3.645833333333332593e+00
4.166666666666666075e+00
5.034722222222221433e+00
6.250000000000000000e+00
7.812500000000001776e+00
9.722222222222221433e+00
1.197916666666666785e+01
1.458333333333333570e+01
1.753472222222222143e+01
2.083333333333334281e+01
2.447916666666667140e+01
2.847222222222222143e+01
2.795138888888888928e+01
2.395833333333333215e+01
2.031250000000000355e+01
1.701388888888888928e+01
1.406249999999999645e+01
1.145833333333333037e+01
9.201388888888887507e+00
7.291666666666664298e+00
5.729166666666665186e+00
4.513888888888887507e+00
3.645833333333331705e+00
3.124999999999998224e+00
2.951388888888887951e+00
3.124999999999999112e+00
3.645833333333333037e+00
4.513888888888887507e+00
5.729166666666666075e+00
7.291666666666667851e+00
9.201388888888887507e+00
1.145833333333333393e+01
1.406250000000000178e+01
1.701388888888888928e+01
2.031250000000001066e+01
2.395833333333333925e+01
2.795138888888888928e+01
2.777777777777777857e+01
2.378472222222222143e+01
2.013888888888889284e+01
1.684027777777777857e+01
1.388888888888888573e+01
1.128472222222221966e+01
9.027777777777776791e+00
7.118055555555553582e+00
5.555555555555554470e+00
4.340277777777776791e+00
3.472222222222221433e+00
2.951388888888887951e+00
2.777777777777777235e+00
2.951388888888888395e+00
3.472222222222222765e+00
4.340277777777776791e+00
5.555555555555555358e+00
7.118055555555557135e+00
9.027777777777776791e+00
1.128472222222222321e+01
1.388888888888889106e+01
1.684027777777777857e+01
2.013888888888889994e+01
2.378472222222222854e+01
2.777777777777777857e+01
2.795138888888888928e+01
2.395833333333333215e+01
2.031250000000000355e+01
1.701388888888888928e+01
1.406249999999999645e+01
1.145833333333333037e+01
9.201388888888889284e+00
7.291666666666666075e+00
5.729166666666666075e+00
4.513888888888888395e+00
3.645833333333332593e+00
3.124999999999999112e+00
2.951388888888888395e+00
3.125000000000000000e+00
3.645833333333333925e+00
4.513888888888888395e+00
5.729166666666666963e+00
7.291666666666669627e+00
9.201388888888889284e+00
1.145833333333333393e+01
1.406250000000000178e+01
1.701388888888888928e+01
2.031250000000001066e+01
2.395833333333333925e+01
2.795138888888888928e+01
2.847222222222222499e+01
2.447916666666666785e+01
2.083333333333333925e+01
1.753472222222222143e+01
1.458333333333333037e+01
1.197916666666666430e+01
9.722222222222223209e+00
7.812500000000000000e+00
6.250000000000000000e+00
5.034722222222223209e+00
4.166666666666666075e+00
3.645833333333333037e+00
3.472222222222222765e+00
3.645833333333333925e+00
4.166666666666667851e+00
5.034722222222223209e+00
6.250000000000001776e+00
7.812500000000003553e+00
9.722222222222223209e+00
1.197916666666666785e+01
1.458333333333333570e+01
1.753472222222222143e+01
2.083333333333334636e+01
2.447916666666667496e+01
2.847222222222222499e+01
2.934027777777777857e+01
2.534722222222222143e+01
2.170138888888889284e+01
1.840277777777777857e+01
1.545138888888888573e+01
1.284722222222221966e+01
1.059027777777777679e+01
8.680555555555553582e+00
7.118055555555553582e+00
5.902777777777776791e+00
5.034722222222221433e+00
4.513888888888887507e+00
4.340277777777776791e+00
4.513888888888888395e+00
5.034722222222223209e+00
5.902777777777776791e+00
7.118055555555555358e+00
8.680555555555557135e+00
1.059027777777777679e+01
1.284722222222222321e+01
1.545138888888889106e+01
1.840277777777777857e+01
2.170138888888889994e+01
2.534722222222222854e+01
2.934027777777777857e+01
3.055555555555555713e+01
2.656250000000000000e+01
2.291666666666667140e+01
1.961805555555555713e+01
1.666666666666666430e+01
1.406249999999999822e+01
1.180555555555555536e+01
9.895833333333332149e+00
8.333333333333332149e+00
7.118055555555555358e+00
6.250000000000000000e+00
5.729166666666666075e+00
5.555555555555555358e+00
5.729166666666666963e+00
6.250000000000001776e+00
7.118055555555555358e+00
8.333333333333333925e+00
9.895833333333335702e+00
1.180555555555555536e+01
1.406250000000000178e+01
1.666666666666667140e+01
1.961805555555555713e+01
2.291666666666667851e+01
2.656250000000000711e+01
3.055555555555555713e+01
3.211805555555555713e+01
2.812500000000000000e+01
2.447916666666667140e+01
2.118055555555555713e+01
1.822916666666666785e+01
1.562500000000000000e+01
1.336805555555555713e+01
1.145833333333333393e+01
9.895833333333333925e+00
8.680555555555557135e+00
7.812500000000001776e+00
7.291666666666667851e+00
7.118055555555557135e+00
7.291666666666669627e+00
7.812500000000003553e+00
8.680555555555557135e+00
9.895833333333335702e+00
1.145833333333333748e+01
1.336805555555555713e+01
1.562500000000000355e+01
1.822916666666667140e+01
2.118055555555555713e+01
2.447916666666667851e+01
2.812500000000000711e+01
3.211805555555555713e+01
3.402777777777777857e+01
3.003472222222222143e+01
2.638888888888889284e+01
2.309027777777777857e+01
2.013888888888888573e+01
1.753472222222222143e+01
1.527777777777777679e+01
1.336805555555555358e+01
1.180555555555555358e+01
1.059027777777777679e+01
9.722222222222221433e+00
9.201388888888887507e+00
9.027777777777776791e+00
9.201388888888889284e+00
9.722222222222223209e+00
1.059027777777777679e+01
1.180555555555555536e+01
1.336805555555555713e+01
1.527777777777777679e+01
1.753472222222222499e+01
2.013888888888889284e+01
2.309027777777777857e+01
2.638888888888889994e+01
3.003472222222222854e+01
3.402777777777777857e+01
3.628472222222222143e+01
3.229166666666666430e+01
2.864583333333333925e+01
2.534722222222222499e+01
2.239583333333333570e+01
1.979166666666666785e+01
1.753472222222222499e+01
1.562500000000000000e+01
1.406250000000000000e+01
1.284722222222222321e+01
1.197916666666666785e+01
1.145833333333333393e+01
1.128472222222222321e+01
1.145833333333333393e+01
1.197916666666666785e+01
1.284722222222222321e+01
1.406250000000000178e+01
1.562500000000000355e+01
1.753472222222222499e+01
1.979166666666667140e+01
2.239583333333333925e+01
2.534722222222222499e+01
2.864583333333334636e+01
3.229166666666667140e+01
3.628472222222222143e+01
3.888888888888889284e+01
3.489583333333333570e+01
3.125000000000000711e+01
2.795138888888889284e+01
2.500000000000000000e+01
2.239583333333333570e+01
2.013888888888889284e+01
1.822916666666666785e+01
1.666666666666666785e+01
1.545138888888889106e+01
1.458333333333333570e+01
1.406250000000000178e+01
1.388888888888889106e+01
1.406250000000000178e+01
1.458333333333333570e+01
1.545138888888889106e+01
1.666666666666667140e+01
1.822916666666667140e+01
2.013888888888889284e+01
2.239583333333333925e+01
2.500000000000000711e+01
2.795138888888889284e+01
3.125000000000001421e+01
3.489583333333334281e+01
3.888888888888889284e+01
4.184027777777777857e+01
3.784722222222222143e+01
3.420138888888889284e+01
3.090277777777777857e+01
2.795138888888888573e+01
2.534722222222222143e+01
2.309027777777777857e+01
2.118055555555555713e+01
1.961805555555555713e+01
1.840277777777777857e+01
1.753472222222222143e+01
1.701388888888888928e+01
1.684027777777777857e+01
1.701388888888888928e+01
1.753472222222222143e+01
1.840277777777777857e+01
1.961805555555555713e+01
2.118055555555555713e+01
2.309027777777777857e+01
2.534722222222222499e+01
2.795138888888889284e+01
3.090277777777777857e+01
3.420138888888889994e+01
3.784722222222222854e+01
4.184027777777777857e+01
4.513888888888889994e+01
4.114583333333334281e+01
3.750000000000001421e+01
3.420138888888889994e+01
3.125000000000000711e+01
2.864583333333334281e+01
2.638888888888889994e+01
2.447916666666667851e+01
2.291666666666667851e+01
2.170138888888889994e+01
2.083333333333334281e+01
2.031250000000001066e+01
2.013888888888889994e+01
2.031250000000001066e+01
2.083333333333334636e+01
2.170138888888889994e+01
2.291666666666667851e+01
2.447916666666667851e+01
2.638888888888889994e+01
2.864583333333334636e+01
3.125000000000001421e+01
3.420138888888889994e+01
3.750000000000002132e+01
4.114583333333334991e+01
4.513888888888889994e+01
4.878472222222222854e+01
4.479166666666667140e+01
4.114583333333334281e+01
3.784722222222222854e+01
3.489583333333333570e+01
3.229166666666667140e+01
3.003472222222222854e+01
2.812500000000000711e+01
2.656250000000000711e+01
2.534722222222222854e+01
2.447916666666667140e+01
2.395833333333333925e+01
2.378472222222222854e+01
2.395833333333333925e+01
2.447916666666667496e+01
2.534722222222222854e+01
2.656250000000000711e+01
2.812500000000000711e+01
3.003472222222222854e+01
3.229166666666667140e+01
3.489583333333334281e+01
3.784722222222222854e+01
4.114583333333334991e+01
4.479166666666667851e+01
4.878472222222222854e+01
5.277777777777777857e+01
4.878472222222222143e+01
4.513888888888889284e+01
4.184027777777777857e+01
3.888888888888888573e+01
3.628472222222222143e+01
3.402777777777777857e+01
3.211805555555555713e+01
3.055555555555555713e+01
2.934027777777777857e+01
2.847222222222222143e+01
2.795138888888888928e+01
2.777777777777777857e+01
2.795138888888888928e+01
2.847222222222222499e+01
2.934027777777777857e+01
3.055555555555555713e+01
3.211805555555555713e+01
3.402777777777777857e+01
3.628472222222222143e+01
3.888888888888889284e+01
4.184027777777777857e+01
4.513888888888889994e+01
4.878472222222222854e+01
5.277777777777777857e+01
5.156250000000000000e+01
4.756944444444444287e+01
4.392361111111111427e+01
4.062500000000000000e+01
3.767361111111110716e+01
3.506944444444444287e+01
3.281250000000000000e+01
3.090277777777777857e+01
2.934027777777777857e+01
2.812500000000000000e+01
2.725694444444444287e+01
2.673611111111111072e+01
2.656250000000000000e+01
2.673611111111111072e+01
2.725694444444444642e+01
2.812500000000000000e+01
2.934027777777777857e+01
3.090277777777777857e+01
3.281250000000000000e+01
3.506944444444444287e+01
3.767361111111111427e+01
4.062500000000000000e+01
4.392361111111112137e+01
4.756944444444444997e+01
5.156250000000000000e+01
4.756944444444444287e+01
4.357638888888888573e+01
3.993055555555555713e+01
3.663194444444444287e+01
3.368055555555555003e+01
3.107638888888888573e+01
2.881944444444444287e+01
2.690972222222222143e+01
2.534722222222222143e+01
2.413194444444444287e+01
2.326388888888888573e+01
2.274305555555555358e+01
2.256944444444444287e+01
2.274305555555555358e+01
2.326388888888888928e+01
2.413194444444444287e+01
2.534722222222222143e+01
2.690972222222222143e+01
2.881944444444444287e+01
3.107638888888888928e+01
3.368055555555555713e+01
3.663194444444444287e+01
3.993055555555556424e+01
4.357638888888889284e+01
4.756944444444444287e+01
4.392361111111111427e+01
3.993055555555555713e+01
3.628472222222222854e+01
3.298611111111111427e+01
3.003472222222222143e+01
2.743055555555555713e+01
2.517361111111111427e+01
2.326388888888889284e+01
2.170138888888889284e+01
2.048611111111111427e+01
1.961805555555555713e+01
1.909722222222222499e+01
1.892361111111111427e+01
1.909722222222222499e+01
1.961805555555556069e+01
2.048611111111111427e+01
2.170138888888889284e+01
2.326388888888889284e+01
2.517361111111111427e+01
2.743055555555556069e+01
3.003472222222222854e+01
3.298611111111111427e+01
3.628472222222223564e+01
3.993055555555556424e+01
4.392361111111111427e+01
4.062500000000000000e+01
3.663194444444444287e+01
3.298611111111111427e+01
2.968750000000000000e+01
2.673611111111110716e+01
2.413194444444444287e+01
2.187500000000000000e+01
1.996527777777777857e+01
1.840277777777777857e+01
1.718750000000000000e+01
1.631944444444444287e+01
1.579861111111111072e+01
1.562500000000000000e+01
1.579861111111111072e+01
1.631944444444444287e+01
1.718750000000000000e+01
1.840277777777777857e+01
1.996527777777777857e+01
2.187500000000000000e+01
2.413194444444444642e+01
2.673611111111111427e+01
2.968750000000000000e+01
3.298611111111112137e+01
3.663194444444444997e+01
4.062500000000000000e+01
3.767361111111110716e+01
3.368055555555555003e+01
3.003472222222222143e+01
2.673611111111110716e+01
2.378472222222221788e+01
2.118055555555555003e+01
1.892361111111110716e+01
1.701388888888888573e+01
1.545138888888888573e+01
1.423611111111110894e+01
1.336805555555555358e+01
1.284722222222221966e+01
1.267361111111110894e+01
1.284722222222221966e+01
1.336805555555555358e+01
1.423611111111110894e+01
1.545138888888888751e+01
1.701388888888888928e+01
1.892361111111110716e+01
2.118055555555555713e+01
2.378472222222222143e+01
2.673611111111110716e+01
3.003472222222222854e+01
3.368055555555555713e+01
3.767361111111110716e+01
3.506944444444444287e+01
3.107638888888888573e+01
2.743055555555555713e+01
2.413194444444444287e+01
2.118055555555555003e+01
1.857638888888888573e+01
1.631944444444444287e+01
1.440972222222221966e+01
1.284722222222221966e+01
1.163194444444444287e+01
1.076388888888888751e+01
1.024305555555555358e+01
1.006944444444444287e+01
1.024305555555555358e+01
1.076388888888888751e+01
1.163194444444444287e+01
1.284722222222222143e+01
1.440972222222222321e+01
1.631944444444444287e+01
1.857638888888888928e+01
2.118055555555555713e+01
2.413194444444444287e+01
2.743055555555556424e+01
3.107638888888889284e+01
3.506944444444444287e+01
3.281250000000000000e+01
2.881944444444444287e+01
2.517361111111111427e+01
2.187500000000000000e+01
1.892361111111110716e+01
1.631944444444444287e+01
1.406250000000000000e+01
1.215277777777777679e+01
1.059027777777777679e+01
9.375000000000000000e+00
8.506944444444442865e+00
7.986111111111110716e+00
7.812500000000000000e+00
7.986111111111111605e+00
8.506944444444446418e+00
9.375000000000000000e+00
1.059027777777777857e+01
1.215277777777778034e+01
1.406250000000000000e+01
1.631944444444444642e+01
1.892361111111111427e+01
2.187500000000000000e+01
2.517361111111112137e+01
2.881944444444444997e+01
3.281250000000000000e+01
3.090277777777777857e+01
2.690972222222222143e+01
2.326388888888889284e+01
1.996527777777777857e+01
1.701388888888888573e+01
1.440972222222221966e+01
1.215277777777777679e+01
1.024305555555555358e+01
8.680555555555553582e+00
7.465277777777776791e+00
6.597222222222220545e+00
6.076388888888887507e+00
5.902777777777776791e+00
6.076388888888888395e+00
6.597222222222222321e+00
7.465277777777776791e+00
8.680555555555555358e+00
1.024305555555555713e+01
1.215277777777777679e+01
1.440972222222222321e+01
1.701388888888889284e+01
1.996527777777777857e+01
2.326388888888889994e+01
2.690972222222222854e+01
3.090277777777777857e+01
2.934027777777777857e+01
2.534722222222222143e+01
2.170138888888889284e+01
1.840277777777777857e+01
1.545138888888888573e+01
1.284722222222221966e+01
1.059027777777777679e+01
8.680555555555553582e+00
7.118055555555554470e+00
5.902777777777776791e+00
5.034722222222221433e+00
4.513888888888887507e+00
4.340277777777776791e+00
4.513888888888888395e+00
5.034722222222223209e+00
5.902777777777776791e+00
7.118055555555555358e+00
8.680555555555557135e+00
1.059027777777777679e+01
1.284722222222222321e+01
1.545138888888889106e+01
1.840277777777777857e+01
2.170138888888889994e+01
2.534722222222222854e+01
2.934027777777777857e+01
2.812500000000000000e+01
2.413194444444444287e+01
2.048611111111111427e+01
1.718750000000000000e+01
1.423611111111110894e+01
1.163194444444444287e+01
9.375000000000000000e+00
7.465277777777776791e+00
5.902777777777776791e+00
4.687500000000000000e+00
3.819444444444443754e+00
3.298611111111110716e+00
3.125000000000000000e+00
3.298611111111111605e+00
3.819444444444445530e+00
4.687500000000000000e+00
5.902777777777778567e+00
7.465277777777780344e+00
9.375000000000000000e+00
1.163194444444444642e+01
1.423611111111111427e+01
1.718750000000000000e+01
2.048611111111112137e+01
2.413194444444444997e+01
2.812500000000000000e+01
2.725694444444444287e+01
2.326388888888888573e+01
1.961805555555555713e+01
1.631944444444444287e+01
1.336805555555555358e+01
1.076388888888888751e+01
8.506944444444442865e+00
6.597222222222220545e+00
5.034722222222221433e+00
3.819444444444443754e+00
2.951388888888887951e+00
2.430555555555554470e+00
2.256944444444443754e+00
2.430555555555555358e+00
2.951388888888889284e+00
3.819444444444443754e+00
5.034722222222222321e+00
6.597222222222224097e+00
8.506944444444442865e+00
1.076388888888889106e+01
1.336805555555555891e+01
1.631944444444444287e+01
1.961805555555556424e+01
2.326388888888889284e+01
2.725694444444444287e+01
2.673611111111111072e+01
2.274305555555555358e+01
1.909722222222222499e+01
1.579861111111111072e+01
1.284722222222221966e+01
1.024305555555555358e+01
7.986111111111110716e+00
6.076388888888887507e+00
4.513888888888887507e+00
3.298611111111110716e+00
2.430555555555554470e+00
1.909722222222221211e+00
1.736111111111110716e+00
1.909722222222221877e+00
2.430555555555556246e+00
3.298611111111110716e+00
4.513888888888889284e+00
6.076388888888891060e+00
7.986111111111110716e+00
1.024305555555555713e+01
1.284722222222222499e+01
1.579861111111111072e+01
1.909722222222223209e+01
2.274305555555556069e+01
2.673611111111111072e+01
2.656250000000000000e+01
2.256944444444444287e+01
1.892361111111111427e+01
1.562500000000000000e+01
1.267361111111110894e+01
1.006944444444444287e+01
7.812500000000000000e+00
5.902777777777776791e+00
4.340277777777776791e+00
3.125000000000000000e+00
2.256944444444443754e+00
1.736111111111110716e+00
1.562500000000000000e+00
1.736111111111111382e+00
2.256944444444445530e+00
3.125000000000000000e+00
4.340277777777778567e+00
5.902777777777780344e+00
7.812500000000000000e+00
1.006944444444444642e+01
1.267361111111111427e+01
1.562500000000000000e+01
1.892361111111112137e+01
2.256944444444444997e+01
2.656250000000000000e+01
2.673611111111111072e+01
2.274305555555555358e+01
1.909722222222222499e+01
1.579861111111111072e+01
1.284722222222221966e+01
1.024305555555555358e+01
7.986111111111111605e+00
6.076388888888888395e+00
4.513888888888888395e+00
3.298611111111111605e+00
2.430555555555555358e+00
1.909722222222221877e+00
1.736111111111111382e+00
1.909722222222222765e+00
2.430555555555556690e+00
3.298611111111111605e+00
4.513888888888889284e+00
6.076388888888891948e+00
7.986111111111111605e+00
1.024305555555555713e+01
1.284722222222222499e+01
1.579861111111111072e+01
1.909722222222223209e+01
2.274305555555556069e+01
2.673611111111111072e+01
2.725694444444444642e+01
2.326388888888888928e+01
1.961805555555556069e+01
1.631944444444444287e+01
1.336805555555555358e+01
1.076388888888888751e+01
8.506944444444446418e+00
6.597222222222222321e+00
5.034722222222223209e+00
3.819444444444445530e+00
2.951388888888889284e+00
2.430555555555556246e+00
2.256944444444445530e+00
2.430555555555556690e+00
2.951388888888891060e+00
3.819444444444445530e+00
5.034722222222224097e+00
6.597222222222225874e+00
8.506944444444446418e+00
1.076388888888889106e+01
1.336805555555555891e+01
1.631944444444444287e+01
1.961805555555556779e+01
2.326388888888889639e+01
2.725694444444444642e+01
2.812500000000000000e+01
2.413194444444444287e+01
2.048611111111111427e+01
1.718750000000000000e+01
1.423611111111110894e+01
1.163194444444444287e+01
9.375000000000000000e+00
7.465277777777776791e+00
5.902777777777776791e+00
4.687500000000000000e+00
3.819444444444443754e+00
3.298611111111110716e+00
3.125000000000000000e+00
3.298611111111111605e+00
3.819444444444445530e+00
4.687500000000000000e+00
5.902777777777778567e+00
7.465277777777780344e+00
9.375000000000000000e+00
1.163194444444444642e+01
1.423611111111111427e+01
1.718750000000000000e+01
2.048611111111112137e+01
2.413194444444444997e+01
2.812500000000000000e+01
2.934027777777777857e+01
2.534722222222222143e+01
2.170138888888889284e+01
1.840277777777777857e+01
1.545138888888888751e+01
1.284722222222222143e+01
1.059027777777777857e+01
8.680555555555555358e+00
7.118055555555555358e+00
5.902777777777778567e+00
5.034722222222222321e+00
4.513888888888889284e+00
4.340277777777778567e+00
4.513888888888889284e+00
5.034722222222224097e+00
5.902777777777778567e+00
7.118055555555557135e+00
8.680555555555558911e+00
1.059027777777777857e+01
1.284722222222222499e+01
1.545138888888889284e+01
1.840277777777777857e+01
2.170138888888889994e+01
2.534722222222222854e+01
2.934027777777777857e+01
3.090277777777777857e+01
2.690972222222222143e+01
2.326388888888889284e+01
1.996527777777777857e+01
1.701388888888888928e+01
1.440972222222222321e+01
1.215277777777778034e+01
1.024305555555555713e+01
8.680555555555557135e+00
7.465277777777780344e+00
6.597222222222224097e+00
6.076388888888891060e+00
5.902777777777780344e+00
6.076388888888891948e+00
6.597222222222225874e+00
7.465277777777780344e+00
8.680555555555558911e+00
1.024305555555556069e+01
1.215277777777778034e+01
1.440972222222222676e+01
1.701388888888889284e+01
1.996527777777777857e+01
2.326388888888889994e+01
2.690972222222222854e+01
3.090277777777777857e+01
3.281250000000000000e+01
2.881944444444444287e+01
2.517361111111111427e+01
2.187500000000000000e+01
1.892361111111110716e+01
1.631944444444444287e+01
1.406250000000000000e+01
1.215277777777777679e+01
1.059027777777777679e+01
9.375000000000000000e+00
8.506944444444442865e+00
7.986111111111110716e+00
7.812500000000000000e+00
7.986111111111111605e+00
8.506944444444446418e+00
9.375000000000000000e+00
1.059027777777777857e+01
1.215277777777778034e+01
1.406250000000000000e+01
1.631944444444444642e+01
1.892361111111111427e+01
2.187500000000000000e+01
2.517361111111112137e+01
2.881944444444444997e+01
3.281250000000000000e+01
3.506944444444444287e+01
3.107638888888888928e+01
2.743055555555556069e+01
2.413194444444444642e+01
2.118055555555555713e+01
1.857638888888888928e+01
1.631944444444444642e+01
1.440972222222222321e+01
1.284722222222222321e+01
1.163194444444444642e+01
1.076388888888889106e+01
1.024305555555555713e+01
1.006944444444444642e+01
1.024305555555555713e+01
1.076388888888889106e+01
1.163194444444444642e+01
1.284722222222222499e+01
1.440972222222222676e+01
1.631944444444444642e+01
1.857638888888889284e+01
2.118055555555556069e+01
2.413194444444444642e+01
2.743055555555556779e+01
3.107638888888889639e+01
3.506944444444444287e+01
3.767361111111111427e+01
3.368055555555555713e+01
3.003472222222222854e+01
2.673611111111111427e+01
2.378472222222222143e+01
2.118055555555555713e+01
1.892361111111111427e+01
1.701388888888889284e+01
1.545138888888889106e+01
1.423611111111111427e+01
1.336805555555555891e+01
1.284722222222222499e+01
1.267361111111111427e+01
1.284722222222222499e+01
1.336805555555555891e+01
1.423611111111111427e+01
1.545138888888889284e+01
1.701388888888889284e+01
1.892361111111111427e+01
2.118055555555556069e+01
2.378472222222222854e+01
2.673611111111111427e+01
3.003472222222223564e+01
3.368055555555556424e+01
3.767361111111111427e+01
4.062500000000000000e+01
3.663194444444444287e+01
3.298611111111111427e+01
2.968750000000000000e+01
2.673611111111110716e+01
2.413194444444444287e+01
2.187500000000000000e+01
1.996527777777777857e+01
1.840277777777777857e+01
1.718750000000000000e+01
1.631944444444444287e+01
1.579861111111111072e+01
1.562500000000000000e+01
1.579861111111111072e+01
1.631944444444444287e+01
1.718750000000000000e+01
1.840277777777777857e+01
1.996527777777777857e+01
2.187500000000000000e+01
2.413194444444444642e+01
2.673611111111111427e+01
2.968750000000000000e+01
3.298611111111112137e+01
3.663194444444444997e+01
4.062500000000000000e+01
4.392361111111112137e+01
3.993055555555556424e+01
3.628472222222223564e+01
3.298611111111112137e+01
3.003472222222222854e+01
2.743055555555556424e+01
2.517361111111112137e+01
2.326388888888889994e+01
2.170138888888889994e+01
2.048611111111112137e+01
1.961805555555556424e+01
1.909722222222223209e+01
1.892361111111112137e+01
1.909722222222223209e+01
1.961805555555556779e+01
2.048611111111112137e+01
2.170138888888889994e+01
2.326388888888889994e+01
2.517361111111112137e+01
2.743055555555556779e+01
3.003472222222223564e+01
3.298611111111112137e+01
3.628472222222224275e+01
3.993055555555557135e+01
4.392361111111112137e+01
4.756944444444444997e+01
4.357638888888889284e+01
3.993055555555556424e+01
3.663194444444444997e+01
3.368055555555555713e+01
3.107638888888889284e+01
2.881944444444444997e+01
2.690972222222222854e+01
2.534722222222222854e+01
2.413194444444444997e+01
2.326388888888889284e+01
2.274305555555556069e+01
2.256944444444444997e+01
2.274305555555556069e+01
2.326388888888889639e+01
2.413194444444444997e+01
2.534722222222222854e+01
2.690972222222222854e+01
2.881944444444444997e+01
3.107638888888889639e+01
3.368055555555556424e+01
3.663194444444444997e+01
3.993055555555557135e+01
4.357638888888889994e+01
4.756944444444444997e+01
5.156250000000000000e+01
4.756944444444444287e+01
4.392361111111111427e+01
4.062500000000000000e+01
3.767361111111110716e+01
3.506944444444444287e+01
3.281250000000000000e+01
3.090277777777777857e+01
2.934027777777777857e+01
2.812500000000000000e+01
2.725694444444444287e+01
2.673611111111111072e+01
2.656250000000000000e+01
2.673611111111111072e+01
2.725694444444444642e+01
2.812500000000000000e+01
2.934027777777777857e+01
3.090277777777777857e+01
3.281250000000000000e+01
3.506944444444444287e+01
3.767361111111111427e+01
4.062500000000000000e+01
4.392361111111112137e+01
4.756944444444444997e+01
5.156250000000000000e+01
5.069444444444444287e+01
4.670138888888888573e+01
4.305555555555555713e+01
3.975694444444444287e+01
3.680555555555555003e+01
3.420138888888888573e+01
3.194444444444444287e+01
3.003472222222222143e+01
2.847222222222222143e+01
2.725694444444444287e+01
2.638888888888888573e+01
2.586805555555555358e+01
2.569444444444444287e+01
2.586805555555555358e+01
2.638888888888888928e+01
2.725694444444444287e+01
2.847222222222222143e+01
3.003472222222222143e+01
3.194444444444444287e+01
3.420138888888888573e+01
3.680555555555555713e+01
3.975694444444444287e+01
4.305555555555556424e+01
4.670138888888889284e+01
5.069444444444444287e+01
4.670138888888888573e+01
4.270833333333332860e+01
3.906250000000000000e+01
3.576388888888888573e+01
3.281249999999999289e+01
3.020833333333332860e+01
2.795138888888888573e+01
2.604166666666666430e+01
2.447916666666666430e+01
2.326388888888888573e+01
2.239583333333332860e+01
2.187499999999999645e+01
2.170138888888888573e+01
2.187499999999999645e+01
2.239583333333333215e+01
2.326388888888888573e+01
2.447916666666666430e+01
2.604166666666666430e+01
2.795138888888888573e+01
3.020833333333333215e+01
3.281250000000000000e+01
3.576388888888888573e+01
3.906250000000000711e+01
4.270833333333333570e+01
4.670138888888888573e+01
4.305555555555555713e+01
3.906250000000000000e+01
3.541666666666667140e+01
3.211805555555555713e+01
2.916666666666666430e+01
2.656250000000000000e+01
2.430555555555555713e+01
2.239583333333333570e+01
2.083333333333333570e+01
1.961805555555555713e+01
1.875000000000000000e+01
1.822916666666666785e+01
1.805555555555555713e+01
1.822916666666666785e+01
1.875000000000000355e+01
1.961805555555555713e+01
2.083333333333333570e+01
2.239583333333333570e+01
2.430555555555555713e+01
2.656250000000000355e+01
2.916666666666667140e+01
3.211805555555555713e+01
3.541666666666667851e+01
3.906250000000000711e+01
4.305555555555555713e+01
3.975694444444444287e+01
3.576388888888888573e+01
3.211805555555555713e+01
2.881944444444444287e+01
2.586805555555555003e+01
2.326388888888888573e+01
2.100694444444444287e+01
1.909722222222222143e+01
1.753472222222222143e+01
1.631944444444444287e+01
1.545138888888888928e+01
1.493055555555555536e+01
1.475694444444444464e+01
1.493055555555555536e+01
1.545138888888888928e+01
1.631944444444444287e+01
1.753472222222222143e+01
1.909722222222222143e+01
2.100694444444444287e+01
2.326388888888888928e+01
2.586805555555555713e+01
2.881944444444444287e+01
3.211805555555556424e+01
3.576388888888889284e+01
3.975694444444444287e+01
3.680555555555555003e+01
3.281249999999999289e+01
2.916666666666666430e+01
2.586805555555555003e+01
2.291666666666666075e+01
2.031249999999999289e+01
1.805555555555555003e+01
1.614583333333332860e+01
1.458333333333333037e+01
1.336805555555555358e+01
1.249999999999999822e+01
1.197916666666666430e+01
1.180555555555555358e+01
1.197916666666666430e+01
1.249999999999999822e+01
1.336805555555555358e+01
1.458333333333333215e+01
1.614583333333333215e+01
1.805555555555555003e+01
2.031250000000000000e+01
2.291666666666666430e+01
2.586805555555555003e+01
2.916666666666667140e+01
3.281250000000000000e+01
3.680555555555555003e+01
3.420138888888888573e+01
3.020833333333332860e+01
2.656250000000000000e+01
2.326388888888888573e+01
2.031249999999999289e+01
1.770833333333332860e+01
1.545138888888888751e+01
1.354166666666666430e+01
1.197916666666666430e+01
1.076388888888888751e+01
9.895833333333332149e+00
9.374999999999998224e+00
9.201388888888887507e+00
9.374999999999998224e+00
9.895833333333332149e+00
1.076388888888888751e+01
1.197916666666666607e+01
1.354166666666666785e+01
1.545138888888888751e+01
1.770833333333333215e+01
2.031250000000000000e+01
2.326388888888888573e+01
2.656250000000000711e+01
3.020833333333333570e+01
3.420138888888888573e+01
3.194444444444444287e+01
2.795138888888888573e+01
2.430555555555555713e+01
2.100694444444444287e+01
1.805555555555555003e+01
1.545138888888888751e+01
1.319444444444444464e+01
1.128472222222222143e+01
9.722222222222221433e+00
8.506944444444444642e+00
7.638888888888887507e+00
7.118055555555554470e+00
6.944444444444443754e+00
7.118055555555555358e+00
7.638888888888889284e+00
8.506944444444444642e+00
9.722222222222223209e+00
1.128472222222222499e+01
1.319444444444444464e+01
1.545138888888889106e+01
1.805555555555555713e+01
2.100694444444444287e+01
2.430555555555556424e+01
2.795138888888889284e+01
3.194444444444444287e+01
3.003472222222222143e+01
2.604166666666666430e+01
2.239583333333333570e+01
1.909722222222222143e+01
1.614583333333332860e+01
1.354166666666666430e+01
1.128472222222222143e+01
9.374999999999998224e+00
7.812499999999997335e+00
6.597222222222220545e+00
5.729166666666664298e+00
5.208333333333331261e+00
5.034722222222220545e+00
5.208333333333332149e+00
5.729166666666666075e+00
6.597222222222220545e+00
7.812499999999999112e+00
9.375000000000001776e+00
1.128472222222222143e+01
1.354166666666666785e+01
1.614583333333333570e+01
1.909722222222222143e+01
2.239583333333334281e+01
2.604166666666667140e+01
3.003472222222222143e+01
2.847222222222222143e+01
2.447916666666666430e+01
2.083333333333333570e+01
1.753472222222222143e+01
1.458333333333333037e+01
1.197916666666666430e+01
9.722222222222221433e+00
7.812499999999997335e+00
6.249999999999998224e+00
5.034722222222220545e+00
4.166666666666665186e+00
3.645833333333332149e+00
3.472222222222221433e+00
3.645833333333332149e+00
4.166666666666666963e+00
5.034722222222220545e+00
6.249999999999999112e+00
7.812500000000000888e+00
9.722222222222221433e+00
1.197916666666666785e+01
1.458333333333333570e+01
1.753472222222222143e+01
2.083333333333334281e+01
2.447916666666667140e+01
2.847222222222222143e+01
2.725694444444444287e+01
2.326388888888888573e+01
1.961805555555555713e+01
1.631944444444444287e+01
1.336805555555555358e+01
1.076388888888888751e+01
8.506944444444444642e+00
6.597222222222220545e+00
5.034722222222220545e+00
3.819444444444443754e+00
2.951388888888887507e+00
2.430555555555554470e+00
2.256944444444443754e+00
2.430555555555555358e+00
2.951388888888889284e+00
3.819444444444443754e+00
5.034722222222222321e+00
6.597222222222224097e+00
8.506944444444444642e+00
1.076388888888889106e+01
1.336805555555555891e+01
1.631944444444444287e+01
1.961805555555556424e+01
2.326388888888889284e+01
2.725694444444444287e+01
2.638888888888888573e+01
2.239583333333332860e+01
1.875000000000000000e+01
1.545138888888888928e+01
1.249999999999999822e+01
9.895833333333332149e+00
7.638888888888887507e+00
5.729166666666664298e+00
4.166666666666665186e+00
2.951388888888887507e+00
2.083333333333332149e+00
1.562499999999998668e+00
1.388888888888887951e+00
1.562499999999999334e+00
2.083333333333333037e+00
2.951388888888887507e+00
4.166666666666666075e+00
5.729166666666667851e+00
7.638888888888887507e+00
9.895833333333335702e+00
1.250000000000000355e+01
1.545138888888888928e+01
1.875000000000000711e+01
2.239583333333333570e+01
2.638888888888888573e+01
2.586805555555555358e+01
2.187499999999999645e+01
1.822916666666666785e+01
1.493055555555555536e+01
1.197916666666666430e+01
9.374999999999998224e+00
7.118055555555554470e+00
5.208333333333331261e+00
3.645833333333332149e+00
2.430555555555554470e+00
1.562499999999998668e+00
1.041666666666665186e+00
8.680555555555545810e-01
1.041666666666666075e+00
1.562500000000000000e+00
2.430555555555554470e+00
3.645833333333333037e+00
5.208333333333334814e+00
7.118055555555554470e+00
9.375000000000001776e+00
1.197916666666666963e+01
1.493055555555555536e+01
1.822916666666667496e+01
2.187500000000000355e+01
2.586805555555555358e+01
2.569444444444444287e+01
2.170138888888888573e+01
1.805555555555555713e+01
1.475694444444444464e+01
1.180555555555555358e+01
9.201388888888887507e+00
6.944444444444443754e+00
5.034722222222220545e+00
3.472222222222221433e+00
2.256944444444443754e+00
1.388888888888887951e+00
8.680555555555545810e-01
6.944444444444439757e-01
8.680555555555553582e-01
1.388888888888889284e+00
2.256944444444443754e+00
3.472222222222222321e+00
5.034722222222224097e+00
6.944444444444443754e+00
9.201388888888891060e+00
1.180555555555555891e+01
1.475694444444444464e+01
1.805555555555556424e+01
2.170138888888889284e+01
2.569444444444444287e+01
2.586805555555555358e+01
2.187499999999999645e+01
1.822916666666666785e+01
1.493055555555555536e+01
1.197916666666666430e+01
9.374999999999998224e+00
7.118055555555555358e+00
5.208333333333332149e+00
3.645833333333332149e+00
2.430555555555555358e+00
1.562499999999999334e+00
1.041666666666666075e+00
8.680555555555553582e-01
1.041666666666666741e+00
1.562500000000000888e+00
2.430555555555555358e+00
3.645833333333333925e+00
5.208333333333335702e+00
7.118055555555555358e+00
9.375000000000001776e+00
1.197916666666666963e+01
1.493055555555555536e+01
1.822916666666667496e+01
2.187500000000000355e+01
2.586805555555555358e+01
2.638888888888888928e+01
2.239583333333333215e+01
1.875000000000000355e+01
1.545138888888888928e+01
1.249999999999999822e+01
9.895833333333332149e+00
7.638888888888889284e+00
5.729166666666666075e+00
4.166666666666666963e+00
2.951388888888889284e+00
2.083333333333333037e+00
1.562500000000000000e+00
1.388888888888889284e+00
1.562500000000000888e+00
2.083333333333334814e+00
2.951388888888889284e+00
4.166666666666667851e+00
5.729166666666669627e+00
7.638888888888889284e+00
9.895833333333335702e+00
1.250000000000000355e+01
1.545138888888888928e+01
1.875000000000001066e+01
2.239583333333333925e+01
2.638888888888888928e+01
2.725694444444444287e+01
2.326388888888888573e+01
1.961805555555555713e+01
1.631944444444444287e+01
1.336805555555555358e+01
1.076388888888888751e+01
8.506944444444444642e+00
6.597222222222220545e+00
5.034722222222220545e+00
3.819444444444443754e+00
2.951388888888887507e+00
2.430555555555554470e+00
2.256944444444443754e+00
2.430555555555555358e+00
2.951388888888889284e+00
3.819444444444443754e+00
5.034722222222222321e+00
6.597222222222224097e+00
8.506944444444444642e+00
1.076388888888889106e+01
1.336805555555555891e+01
1.631944444444444287e+01
1.961805555555556424e+01
2.326388888888889284e+01
2.725694444444444287e+01
2.847222222222222143e+01
2.447916666666666430e+01
2.083333333333333570e+01
1.753472222222222143e+01
1.458333333333333215e+01
1.197916666666666607e+01
9.722222222222223209e+00
7.812499999999999112e+00
6.249999999999999112e+00
5.034722222222222321e+00
4.166666666666666075e+00
3.645833333333333037e+00
3.472222222222222321e+00
3.645833333333333925e+00
4.166666666666667851e+00
5.034722222222222321e+00
6.250000000000000888e+00
7.812500000000002665e+00
9.722222222222223209e+00
1.197916666666666963e+01
1.458333333333333748e+01
1.753472222222222143e+01
2.083333333333334281e+01
2.447916666666667140e+01
2.847222222222222143e+01
3.003472222222222143e+01
2.604166666666666430e+01
2.239583333333333570e+01
1.909722222222222143e+01
1.614583333333333215e+01
1.354166666666666785e+01
1.128472222222222499e+01
9.375000000000001776e+00
7.812500000000000888e+00
6.597222222222224097e+00
5.729166666666667851e+00
5.208333333333334814e+00
5.034722222222224097e+00
5.208333333333335702e+00
5.729166666666669627e+00
6.597222222222224097e+00
7.812500000000002665e+00
9.375000000000005329e+00
1.128472222222222499e+01
1.354166666666667140e+01
1.614583333333333925e+01
1.909722222222222143e+01
2.239583333333334281e+01
2.604166666666667140e+01
3.003472222222222143e+01
3.194444444444444287e+01
2.795138888888888573e+01
2.430555555555555713e+01
2.100694444444444287e+01
1.805555555555555003e+01
1.545138888888888751e+01
1.319444444444444464e+01
1.128472222222222143e+01
9.722222222222221433e+00
8.506944444444444642e+00
7.638888888888887507e+00
7.118055555555554470e+00
6.944444444444443754e+00
7.118055555555555358e+00
7.638888888888889284e+00
8.506944444444444642e+00
9.722222222222223209e+00
1.128472222222222499e+01
1.319444444444444464e+01
1.545138888888889106e+01
1.805555555555555713e+01
2.100694444444444287e+01
2.430555555555556424e+01
2.795138888888889284e+01
3.194444444444444287e+01
3.420138888888888573e+01
3.020833333333333215e+01
2.656250000000000355e+01
2.326388888888888928e+01
2.031250000000000000e+01
1.770833333333333215e+01
1.545138888888889106e+01
1.354166666666666785e+01
1.197916666666666785e+01
1.076388888888889106e+01
9.895833333333335702e+00
9.375000000000001776e+00
9.201388888888891060e+00
9.375000000000001776e+00
9.895833333333335702e+00
1.076388888888889106e+01
1.197916666666666963e+01
1.354166666666667140e+01
1.545138888888889106e+01
1.770833333333333570e+01
2.031250000000000355e+01
2.326388888888888928e+01
2.656250000000001066e+01
3.020833333333333925e+01
3.420138888888888573e+01
3.680555555555555713e+01
3.281250000000000000e+01
2.916666666666667140e+01
2.586805555555555713e+01
2.291666666666666430e+01
2.031250000000000000e+01
1.805555555555555713e+01
1.614583333333333570e+01
1.458333333333333570e+01
1.336805555555555891e+01
1.250000000000000355e+01
1.197916666666666963e+01
1.180555555555555891e+01
1.197916666666666963e+01
1.250000000000000355e+01
1.336805555555555891e+01
1.458333333333333748e+01
1.614583333333333925e+01
1.805555555555555713e+01
2.031250000000000355e+01
2.291666666666667140e+01
2.586805555555555713e+01
2.916666666666667851e+01
3.281250000000000711e+01
3.680555555555555713e+01
3.975694444444444287e+01
3.576388888888888573e+01
3.211805555555555713e+01
2.881944444444444287e+01
2.586805555555555003e+01
2.326388888888888573e+01
2.100694444444444287e+01
1.909722222222222143e+01
1.753472222222222143e+01
1.631944444444444287e+01
1.545138888888888928e+01
1.493055555555555536e+01
1.475694444444444464e+01
1.493055555555555536e+01
1.545138888888888928e+01
1.631944444444444287e+01
1.753472222222222143e+01
1.909722222222222143e+01
2.100694444444444287e+01
2.326388888888888928e+01
2.586805555555555713e+01
2.881944444444444287e+01
3.211805555555556424e+01
3.576388888888889284e+01
3.975694444444444287e+01
4.305555555555556424e+01
3.906250000000000711e+01
3.541666666666667851e+01
3.211805555555556424e+01
2.916666666666667140e+01
2.656250000000000711e+01
2.430555555555556424e+01
2.239583333333334281e+01
2.083333333333334281e+01
1.961805555555556424e+01
1.875000000000000711e+01
1.822916666666667496e+01
1.805555555555556424e+01
1.822916666666667496e+01
1.875000000000001066e+01
1.961805555555556424e+01
2.083333333333334281e+01
2.239583333333334281e+01
2.430555555555556424e+01
2.656250000000001066e+01
2.916666666666667851e+01
3.211805555555556424e+01
3.541666666666668561e+01
3.906250000000001421e+01
4.305555555555556424e+01
4.670138888888889284e+01
4.270833333333333570e+01
3.906250000000000711e+01
3.576388888888889284e+01
3.281250000000000000e+01
3.020833333333333570e+01
2.795138888888889284e+01
2.604166666666667140e+01
2.447916666666667140e+01
2.326388888888889284e+01
2.239583333333333570e+01
2.187500000000000355e+01
2.170138888888889284e+01
2.187500000000000355e+01
2.239583333333333925e+01
2.326388888888889284e+01
2.447916666666667140e+01
2.604166666666667140e+01
2.795138888888889284e+01
3.020833333333333925e+01
3.281250000000000711e+01
3.576388888888889284e+01
3.906250000000001421e+01
4.270833333333334281e+01
4.670138888888889284e+01
5.069444444444444287e+01
4.670138888888888573e+01
4.305555555555555713e+01
3.975694444444444287e+01
3.680555555555555003e+01
3.420138888888888573e+01
3.194444444444444287e+01
3.003472222222222143e+01
2.847222222222222143e+01
2.725694444444444287e+01
2.638888888888888573e+01
2.586805555555555358e+01
2.569444444444444287e+01
2.586805555555555358e+01
2.638888888888888928e+01
2.725694444444444287e+01
2.847222222222222143e+01
3.003472222222222143e+01
3.194444444444444287e+01
3.420138888888888573e+01
3.680555555555555713e+01
3.975694444444444287e+01
4.305555555555556424e+01
4.670138888888889284e+01
5.069444444444444287e+01
5.017361111111110716e+01
4.618055555555555003e+01
4.253472222222222143e+01
3.923611111111110716e+01
3.628472222222221433e+01
3.368055555555555003e+01
3.142361111111111072e+01
2.951388888888888928e+01
2.795138888888888928e+01
2.673611111111111072e+01
2.586805555555555358e+01
2.534722222222222143e+01
2.517361111111111072e+01
2.534722222222222143e+01
2.586805555555555713e+01
2.673611111111111072e+01
2.795138888888888928e+01
2.951388888888888928e+01
3.142361111111111072e+01
3.368055555555555003e+01
3.628472222222222143e+01
3.923611111111110716e+01
4.253472222222222854e+01
4.618055555555555713e+01
5.017361111111110716e+01
4.618055555555555003e+01
4.218749999999999289e+01
3.854166666666666430e+01
3.524305555555555003e+01
3.229166666666665719e+01
2.968749999999999645e+01
2.743055555555555358e+01
2.552083333333333215e+01
2.395833333333333215e+01
2.274305555555555358e+01
2.187499999999999645e+01
2.135416666666666430e+01
2.118055555555555358e+01
2.135416666666666430e+01
2.187500000000000000e+01
2.274305555555555358e+01
2.395833333333333215e+01
2.552083333333333215e+01
2.743055555555555358e+01
2.968750000000000000e+01
3.229166666666666430e+01
3.524305555555555003e+01
3.854166666666667140e+01
4.218750000000000000e+01
4.618055555555555003e+01
4.253472222222222143e+01
3.854166666666666430e+01
3.489583333333333570e+01
3.159722222222222499e+01
2.864583333333333215e+01
2.604166666666666785e+01
2.378472222222222499e+01
2.187500000000000355e+01
2.031250000000000355e+01
1.909722222222222499e+01
1.822916666666666785e+01
1.770833333333333570e+01
1.753472222222222499e+01
1.770833333333333570e+01
1.822916666666667140e+01
1.909722222222222499e+01
2.031250000000000355e+01
2.187500000000000355e+01
2.378472222222222499e+01
2.604166666666667140e+01
2.864583333333333925e+01
3.159722222222222499e+01
3.489583333333334281e+01
3.854166666666667140e+01
4.253472222222222143e+01
3.923611111111110716e+01
3.524305555555555003e+01
3.159722222222222499e+01
2.829861111111111072e+01
2.534722222222221788e+01
2.274305555555555358e+01
2.048611111111111072e+01
1.857638888888888928e+01
1.701388888888888928e+01
1.579861111111111072e+01
1.493055555555555536e+01
1.440972222222222143e+01
1.423611111111111072e+01
1.440972222222222143e+01
1.493055555555555536e+01
1.579861111111111072e+01
1.701388888888888928e+01
1.857638888888888928e+01
2.048611111111111072e+01
2.274305555555555713e+01
2.534722222222222499e+01
2.829861111111111072e+01
3.159722222222223209e+01
3.524305555555555713e+01
3.923611111111110716e+01
3.628472222222221433e+01
3.229166666666665719e+01
2.864583333333333215e+01
2.534722222222221788e+01
2.239583333333332860e+01
1.979166666666666075e+01
1.753472222222221788e+01
1.562499999999999645e+01
1.406249999999999645e+01
1.284722222222221966e+01
1.197916666666666430e+01
1.145833333333333037e+01
1.128472222222221966e+01
1.145833333333333037e+01
1.197916666666666430e+01
1.284722222222221966e+01
1.406249999999999822e+01
1.562500000000000000e+01
1.753472222222221788e+01
1.979166666666666785e+01
2.239583333333333215e+01
2.534722222222221788e+01
2.864583333333333925e+01
3.229166666666666430e+01
3.628472222222221433e+01
3.368055555555555003e+01
2.968749999999999645e+01
2.604166666666666785e+01
2.274305555555555358e+01
1.979166666666666075e+01
1.718749999999999645e+01
1.493055555555555358e+01
1.302083333333333037e+01
1.145833333333333037e+01
1.024305555555555358e+01
9.374999999999998224e+00
8.854166666666664298e+00
8.680555555555553582e+00
8.854166666666664298e+00
9.374999999999998224e+00
1.024305555555555358e+01
1.145833333333333215e+01
1.302083333333333393e+01
1.493055555555555358e+01
1.718750000000000000e+01
1.979166666666666785e+01
2.274305555555555358e+01
2.604166666666667496e+01
2.968750000000000355e+01
3.368055555555555003e+01
3.142361111111111072e+01
2.743055555555555358e+01
2.378472222222222499e+01
2.048611111111111072e+01
1.753472222222221788e+01
1.493055555555555358e+01
1.267361111111111072e+01
1.076388888888888751e+01
9.201388888888887507e+00
7.986111111111110716e+00
7.118055555555554470e+00
6.597222222222221433e+00
6.423611111111110716e+00
6.597222222222222321e+00
7.118055555555556246e+00
7.986111111111110716e+00
9.201388888888889284e+00
1.076388888888889106e+01
1.267361111111111072e+01
1.493055555555555713e+01
1.753472222222222499e+01
2.048611111111111072e+01
2.378472222222223209e+01
2.743055555555556069e+01
3.142361111111111072e+01
2.951388888888888928e+01
2.552083333333333215e+01
2.187500000000000355e+01
1.857638888888888928e+01
1.562499999999999645e+01
1.302083333333333037e+01
1.076388888888888751e+01
8.854166666666664298e+00
7.291666666666664298e+00
6.076388888888887507e+00
5.208333333333331261e+00
4.687499999999998224e+00
4.513888888888887507e+00
4.687499999999999112e+00
5.208333333333333037e+00
6.076388888888887507e+00
7.291666666666666075e+00
8.854166666666667851e+00
1.076388888888888751e+01
1.302083333333333393e+01
1.562500000000000178e+01
1.857638888888888928e+01
2.187500000000001066e+01
2.552083333333333925e+01
2.951388888888888928e+01
2.795138888888888928e+01
2.395833333333333215e+01
2.031250000000000355e+01
1.701388888888888928e+01
1.406249999999999645e+01
1.145833333333333037e+01
9.201388888888887507e+00
7.291666666666664298e+00
5.729166666666665186e+00
4.513888888888887507e+00
3.645833333333332149e+00
3.124999999999998668e+00
2.951388888888887951e+00
3.124999999999999112e+00
3.645833333333333481e+00
4.513888888888887507e+00
5.729166666666666075e+00
7.291666666666667851e+00
9.201388888888887507e+00
1.145833333333333393e+01
1.406250000000000178e+01
1.701388888888888928e+01
2.031250000000001066e+01
2.395833333333333925e+01
2.795138888888888928e+01
2.673611111111111072e+01
2.274305555555555358e+01
1.909722222222222499e+01
1.579861111111111072e+01
1.284722222222221966e+01
1.024305555555555358e+01
7.986111111111110716e+00
6.076388888888887507e+00
4.513888888888887507e+00
3.298611111111110716e+00
2.430555555555554470e+00
1.909722222222221433e+00
1.736111111111110716e+00
1.909722222222221877e+00
2.430555555555556246e+00
3.298611111111110716e+00
4.513888888888889284e+00
6.076388888888891060e+00
7.986111111111110716e+00
1.024305555555555713e+01
1.284722222222222499e+01
1.579861111111111072e+01
1.909722222222223209e+01
2.274305555555556069e+01
2.673611111111111072e+01
2.586805555555555358e+01
2.187499999999999645e+01
1.822916666666666785e+01
1.493055555555555536e+01
1.197916666666666430e+01
9.374999999999998224e+00
7.118055555555554470e+00
5.208333333333331261e+00
3.645833333333332149e+00
2.430555555555554470e+00
1.562499999999998668e+00
1.041666666666665186e+00
8.680555555555545810e-01
1.041666666666666075e+00
1.562500000000000000e+00
2.430555555555554470e+00
3.645833333333333037e+00
5.208333333333334814e+00
7.118055555555554470e+00
9.375000000000001776e+00
1.197916666666666963e+01
1.493055555555555536e+01
1.822916666666667496e+01
2.187500000000000355e+01
2.586805555555555358e+01
2.534722222222222143e+01
2.135416666666666430e+01
1.770833333333333570e+01
1.440972222222222143e+01
1.145833333333333037e+01
8.854166666666664298e+00
6.597222222222221433e+00
4.687499999999998224e+00
3.124999999999998668e+00
1.909722222222221433e+00
1.041666666666665186e+00
5.208333333333318160e-01
3.472222222222212107e-01
5.208333333333325932e-01
1.041666666666666519e+00
1.909722222222221433e+00
3.125000000000000000e+00
4.687500000000001776e+00
6.597222222222221433e+00
8.854166666666667851e+00
1.145833333333333570e+01
1.440972222222222143e+01
1.770833333333334281e+01
2.135416666666667140e+01
2.534722222222222143e+01
2.517361111111111072e+01
2.118055555555555358e+01
1.753472222222222499e+01
1.423611111111111072e+01
1.128472222222221966e+01
8.680555555555553582e+00
6.423611111111110716e+00
4.513888888888887507e+00
2.951388888888887951e+00
1.736111111111110716e+00
8.680555555555545810e-01
3.472222222222212107e-01
1.736111111111106053e-01
3.472222222222219878e-01
8.680555555555560243e-01
1.736111111111110716e+00
2.951388888888889284e+00
4.513888888888891060e+00
6.423611111111110716e+00
8.680555555555557135e+00
1.128472222222222499e+01
1.423611111111111072e+01
1.753472222222223209e+01
2.118055555555556069e+01
2.517361111111111072e+01
2.534722222222222143e+01
2.135416666666666430e+01
1.770833333333333570e+01
1.440972222222222143e+01
1.145833333333333037e+01
8.854166666666664298e+00
6.597222222222222321e+00
4.687499999999999112e+00
3.124999999999999112e+00
1.909722222222221877e+00
1.041666666666666075e+00
5.208333333333325932e-01
3.472222222222219878e-01
5.208333333333332593e-01
1.041666666666667407e+00
1.909722222222221877e+00
3.125000000000000444e+00
4.687500000000002665e+00
6.597222222222222321e+00
8.854166666666667851e+00
1.145833333333333570e+01
1.440972222222222143e+01
1.770833333333334281e+01
2.135416666666667140e+01
2.534722222222222143e+01
2.586805555555555713e+01
2.187500000000000000e+01
1.822916666666667140e+01
1.493055555555555536e+01
1.197916666666666430e+01
9.374999999999998224e+00
7.118055555555556246e+00
5.208333333333333037e+00
3.645833333333333481e+00
2.430555555555556246e+00
1.562500000000000000e+00
1.041666666666666519e+00
8.680555555555560243e-01
1.041666666666667407e+00
1.562500000000001332e+00
2.430555555555556246e+00
3.645833333333334814e+00
5.208333333333336590e+00
7.118055555555556246e+00
9.375000000000001776e+00
1.197916666666666963e+01
1.493055555555555536e+01
1.822916666666667851e+01
2.187500000000000711e+01
2.586805555555555713e+01
2.673611111111111072e+01
2.274305555555555358e+01
1.909722222222222499e+01
1.579861111111111072e+01
1.284722222222221966e+01
1.024305555555555358e+01
7.986111111111110716e+00
6.076388888888887507e+00
4.513888888888887507e+00
3.298611111111110716e+00
2.430555555555554470e+00
1.909722222222221433e+00
1.736111111111110716e+00
1.909722222222221877e+00
2.430555555555556246e+00
3.298611111111110716e+00
4.513888888888889284e+00
6.076388888888891060e+00
7.986111111111110716e+00
1.024305555555555713e+01
1.284722222222222499e+01
1.579861111111111072e+01
1.909722222222223209e+01
2.274305555555556069e+01
2.673611111111111072e+01
2.795138888888888928e+01
2.395833333333333215e+01
2.031250000000000355e+01
1.701388888888888928e+01
1.406249999999999822e+01
1.145833333333333215e+01
9.201388888888889284e+00
7.291666666666666075e+00
5.729166666666666075e+00
4.513888888888889284e+00
3.645833333333333037e+00
3.125000000000000000e+00
2.951388888888889284e+00
3.125000000000000444e+00
3.645833333333334814e+00
4.513888888888889284e+00
5.729166666666667851e+00
7.291666666666669627e+00
9.201388888888889284e+00
1.145833333333333570e+01
1.406250000000000355e+01
1.701388888888888928e+01
2.031250000000001066e+01
2.395833333333333925e+01
2.795138888888888928e+01
2.951388888888888928e+01
2.552083333333333215e+01
2.187500000000000355e+01
1.857638888888888928e+01
1.562500000000000000e+01
1.302083333333333393e+01
1.076388888888889106e+01
8.854166666666667851e+00
7.291666666666667851e+00
6.076388888888891060e+00
5.208333333333334814e+00
4.687500000000001776e+00
4.513888888888891060e+00
4.687500000000002665e+00
5.208333333333336590e+00
6.076388888888891060e+00
7.291666666666669627e+00
8.854166666666671404e+00
1.076388888888889106e+01
1.302083333333333748e+01
1.562500000000000533e+01
1.857638888888888928e+01
2.187500000000001066e+01
2.552083333333333925e+01
2.951388888888888928e+01
3.142361111111111072e+01
2.743055555555555358e+01
2.378472222222222499e+01
2.048611111111111072e+01
1.753472222222221788e+01
1.493055555555555358e+01
1.267361111111111072e+01
1.076388888888888751e+01
9.201388888888887507e+00
7.986111111111110716e+00
7.118055555555554470e+00
6.597222222222221433e+00
6.423611111111110716e+00
6.597222222222222321e+00
7.118055555555556246e+00
7.986111111111110716e+00
9.201388888888889284e+00
1.076388888888889106e+01
1.267361111111111072e+01
1.493055555555555713e+01
1.753472222222222499e+01
2.048611111111111072e+01
2.378472222222223209e+01
2.743055555555556069e+01
3.142361111111111072e+01
3.368055555555555003e+01
2.968750000000000000e+01
2.604166666666667140e+01
2.274305555555555713e+01
1.979166666666666785e+01
1.718750000000000000e+01
1.493055555555555713e+01
1.302083333333333393e+01
1.145833333333333393e+01
1.024305555555555713e+01
9.375000000000001776e+00
8.854166666666667851e+00
8.680555555555557135e+00
8.854166666666667851e+00
9.375000000000001776e+00
1.024305555555555713e+01
1.145833333333333570e+01
1.302083333333333748e+01
1.493055555555555713e+01
1.718750000000000355e+01
1.979166666666667140e+01
2.274305555555555713e+01
2.604166666666667851e+01
2.968750000000000711e+01
3.368055555555555003e+01
3.628472222222222143e+01
3.229166666666666430e+01
2.864583333333333925e+01
2.534722222222222499e+01
2.239583333333333215e+01
1.979166666666666785e+01
1.753472222222222499e+01
1.562500000000000178e+01
1.406250000000000178e+01
1.284722222222222499e+01
1.197916666666666963e+01
1.145833333333333570e+01
1.128472222222222499e+01
1.145833333333333570e+01
1.197916666666666963e+01
1.284722222222222499e+01
1.406250000000000355e+01
1.562500000000000533e+01
1.753472222222222499e+01
1.979166666666667140e+01
2.239583333333333925e+01
2.534722222222222499e+01
2.864583333333334636e+01
3.229166666666667140e+01
3.628472222222222143e+01
3.923611111111110716e+01
3.524305555555555003e+01
3.159722222222222499e+01
2.829861111111111072e+01
2.534722222222221788e+01
2.274305555555555358e+01
2.048611111111111072e+01
1.857638888888888928e+01
1.701388888888888928e+01
1.579861111111111072e+01
1.493055555555555536e+01
1.440972222222222143e+01
1.423611111111111072e+01
1.440972222222222143e+01
1.493055555555555536e+01
1.579861111111111072e+01
1.701388888888888928e+01
1.857638888888888928e+01
2.048611111111111072e+01
2.274305555555555713e+01
2.534722222222222499e+01
2.829861111111111072e+01
3.159722222222223209e+01
3.524305555555555713e+01
3.923611111111110716e+01
4.253472222222222854e+01
3.854166666666667140e+01
3.489583333333334281e+01
3.159722222222223209e+01
2.864583333333333925e+01
2.604166666666667496e+01
2.378472222222223209e+01
2.187500000000001066e+01
2.031250000000001066e+01
1.909722222222223209e+01
1.822916666666667496e+01
1.770833333333334281e+01
1.753472222222223209e+01
1.770833333333334281e+01
1.822916666666667851e+01
1.909722222222223209e+01
2.031250000000001066e+01
2.187500000000001066e+01
2.378472222222223209e+01
2.604166666666667851e+01
2.864583333333334636e+01
3.159722222222223209e+01
3.489583333333334991e+01
3.854166666666667851e+01
4.253472222222222854e+01
4.618055555555555713e+01
4.218750000000000000e+01
3.854166666666667140e+01
3.524305555555555713e+01
3.229166666666666430e+01
2.968750000000000355e+01
2.743055555555556069e+01
2.552083333333333925e+01
2.395833333333333925e+01
2.274305555555556069e+01
2.187500000000000355e+01
2.135416666666667140e+01
2.118055555555556069e+01
2.135416666666667140e+01
2.187500000000000711e+01
2.274305555555556069e+01
2.395833333333333925e+01
2.552083333333333925e+01
2.743055555555556069e+01
2.968750000000000711e+01
3.229166666666667140e+01
3.524305555555555713e+01
3.854166666666667851e+01
4.218750000000000711e+01
4.618055555555555713e+01
5.017361111111110716e+01
4.618055555555555003e+01
4.253472222222222143e+01
3.923611111111110716e+01
3.628472222222221433e+01
3.368055555555555003e+01
3.142361111111111072e+01
2.951388888888888928e+01
2.795138888888888928e+01
2.673611111111111072e+01
2.586805555555555358e+01
2.534722222222222143e+01
2.517361111111111072e+01
2.534722222222222143e+01
2.586805555555555713e+01
2.673611111111111072e+01
2.795138888888888928e+01
2.951388888888888928e+01
3.142361111111111072e+01
3.368055555555555003e+01
3.628472222222222143e+01
3.923611111111110716e+01
4.253472222222222854e+01
4.618055555555555713e+01
5.017361111111110716e+01
5.000000000000000000e+01
4.600694444444444287e+01
4.236111111111111427e+01
3.906250000000000000e+01
3.611111111111110716e+01
3.350694444444444287e+01
3.125000000000000000e+01
2.934027777777777857e+01
2.777777777777777857e+01
2.656250000000000000e+01
2.569444444444444287e+01
2.517361111111111072e+01
2.500000000000000000e+01
2.517361111111111072e+01
2.569444444444444642e+01
2.656250000000000000e+01
2.777777777777777857e+01
2.934027777777777857e+01
3.125000000000000000e+01
3.350694444444444287e+01
3.611111111111111427e+01
3.906250000000000000e+01
4.236111111111112137e+01
4.600694444444444997e+01
5.000000000000000000e+01
4.600694444444444287e+01
4.201388888888888573e+01
3.836805555555555713e+01
3.506944444444444287e+01
3.211805555555555003e+01
2.951388888888888573e+01
2.725694444444444287e+01
2.534722222222222143e+01
2.378472222222222143e+01
2.256944444444444287e+01
2.170138888888888573e+01
2.118055555555555358e+01
2.100694444444444287e+01
2.118055555555555358e+01
2.170138888888888928e+01
2.256944444444444287e+01
2.378472222222222143e+01
2.534722222222222143e+01
2.725694444444444287e+01
2.951388888888888928e+01
3.211805555555555713e+01
3.506944444444444287e+01
3.836805555555556424e+01
4.201388888888889284e+01
4.600694444444444287e+01
4.236111111111111427e+01
3.836805555555555713e+01
3.472222222222222854e+01
3.142361111111111427e+01
2.847222222222222143e+01
2.586805555555555713e+01
2.361111111111111427e+01
2.170138888888889284e+01
2.013888888888889284e+01
1.892361111111111427e+01
1.805555555555555713e+01
1.753472222222222499e+01
1.736111111111111427e+01
1.753472222222222499e+01
1.805555555555556069e+01
1.892361111111111427e+01
2.013888888888889284e+01
2.170138888888889284e+01
2.361111111111111427e+01
2.586805555555556069e+01
2.847222222222222854e+01
3.142361111111111427e+01
3.472222222222223564e+01
3.836805555555556424e+01
4.236111111111111427e+01
3.906250000000000000e+01
3.506944444444444287e+01
3.142361111111111427e+01
2.812500000000000000e+01
2.517361111111110716e+01
2.256944444444444287e+01
2.031250000000000000e+01
1.840277777777777857e+01
1.684027777777777857e+01
1.562500000000000000e+01
1.475694444444444464e+01
1.423611111111111072e+01
1.406250000000000000e+01
1.423611111111111072e+01
1.475694444444444464e+01
1.562500000000000000e+01
1.684027777777777857e+01
1.840277777777777857e+01
2.031250000000000000e+01
2.256944444444444642e+01
2.517361111111111427e+01
2.812500000000000000e+01
3.142361111111112137e+01
3.506944444444444997e+01
3.906250000000000000e+01
3.611111111111110716e+01
3.211805555555555003e+01
2.847222222222222143e+01
2.517361111111110716e+01
2.222222222222221788e+01
1.961805555555555003e+01
1.736111111111110716e+01
1.545138888888888573e+01
1.388888888888888573e+01
1.267361111111110894e+01
1.180555555555555358e+01
1.128472222222221966e+01
1.111111111111110894e+01
1.128472222222221966e+01
1.180555555555555358e+01
1.267361111111110894e+01
1.388888888888888751e+01
1.545138888888888928e+01
1.736111111111110716e+01
1.961805555555555713e+01
2.222222222222222143e+01
2.517361111111110716e+01
2.847222222222222854e+01
3.211805555555555713e+01
3.611111111111110716e+01
3.350694444444444287e+01
2.951388888888888573e+01
2.586805555555555713e+01
2.256944444444444287e+01
1.961805555555555003e+01
1.701388888888888573e+01
1.475694444444444287e+01
1.284722222222221966e+01
1.128472222222221966e+01
1.006944444444444287e+01
9.201388888888887507e+00
8.680555555555553582e+00
8.506944444444442865e+00
8.680555555555553582e+00
9.201388888888887507e+00
1.006944444444444287e+01
1.128472222222222143e+01
1.284722222222222321e+01
1.475694444444444287e+01
1.701388888888888928e+01
1.961805555555555713e+01
2.256944444444444287e+01
2.586805555555556424e+01
2.951388888888889284e+01
3.350694444444444287e+01
3.125000000000000000e+01
2.725694444444444287e+01
2.361111111111111427e+01
2.031250000000000000e+01
1.736111111111110716e+01
1.475694444444444287e+01
1.250000000000000000e+01
1.059027777777777679e+01
9.027777777777776791e+00
7.812500000000000000e+00
6.944444444444443754e+00
6.423611111111110716e+00
6.250000000000000000e+00
6.423611111111111605e+00
6.944444444444445530e+00
7.812500000000000000e+00
9.027777777777778567e+00
1.059027777777778034e+01
1.250000000000000000e+01
1.475694444444444642e+01
1.736111111111111427e+01
2.031250000000000000e+01
2.361111111111112137e+01
2.725694444444444997e+01
3.125000000000000000e+01
2.934027777777777857e+01
2.534722222222222143e+01
2.170138888888889284e+01
1.840277777777777857e+01
1.545138888888888573e+01
1.284722222222221966e+01
1.059027777777777679e+01
8.680555555555553582e+00
7.118055555555553582e+00
5.902777777777776791e+00
5.034722222222220545e+00
4.513888888888887507e+00
4.340277777777776791e+00
4.513888888888888395e+00
5.034722222222222321e+00
5.902777777777776791e+00
7.118055555555555358e+00
8.680555555555557135e+00
1.059027777777777679e+01
1.284722222222222321e+01
1.545138888888889106e+01
1.840277777777777857e+01
2.170138888888889994e+01
2.534722222222222854e+01
2.934027777777777857e+01
2.777777777777777857e+01
2.378472222222222143e+01
2.013888888888889284e+01
1.684027777777777857e+01
1.388888888888888573e+01
1.128472222222221966e+01
9.027777777777776791e+00
7.118055555555553582e+00
5.555555555555554470e+00
4.340277777777776791e+00
3.472222222222221433e+00
2.951388888888887951e+00
2.777777777777777235e+00
2.951388888888888395e+00
3.472222222222222765e+00
4.340277777777776791e+00
5.555555555555555358e+00
7.118055555555557135e+00
9.027777777777776791e+00
1.128472222222222321e+01
1.388888888888889106e+01
1.684027777777777857e+01
2.013888888888889994e+01
2.378472222222222854e+01
2.777777777777777857e+01
2.656250000000000000e+01
2.256944444444444287e+01
1.892361111111111427e+01
1.562500000000000000e+01
1.267361111111110894e+01
1.006944444444444287e+01
7.812500000000000000e+00
5.902777777777776791e+00
4.340277777777776791e+00
3.125000000000000000e+00
2.256944444444443754e+00
1.736111111111110716e+00
1.562500000000000000e+00
1.736111111111111382e+00
2.256944444444445530e+00
3.125000000000000000e+00
4.340277777777778567e+00
5.902777777777780344e+00
7.812500000000000000e+00
1.006944444444444642e+01
1.267361111111111427e+01
1.562500000000000000e+01
1.892361111111112137e+01
2.256944444444444997e+01
2.656250000000000000e+01
2.569444444444444287e+01
2.170138888888888573e+01
1.805555555555555713e+01
1.475694444444444464e+01
1.180555555555555358e+01
9.201388888888887507e+00
6.944444444444443754e+00
5.034722222222220545e+00
3.472222222222221433e+00
2.256944444444443754e+00
1.388888888888887951e+00
8.680555555555545810e-01
6.944444444444439757e-01
8.680555555555553582e-01
1.388888888888889284e+00
2.256944444444443754e+00
3.472222222222222321e+00
5.034722222222224097e+00
6.944444444444443754e+00
9.201388888888891060e+00
1.180555555555555891e+01
1.475694444444444464e+01
1.805555555555556424e+01
2.170138888888889284e+01
2.569444444444444287e+01
2.517361111111111072e+01
2.118055555555555358e+01
1.753472222222222499e+01
1.423611111111111072e+01
1.128472222222221966e+01
8.680555555555553582e+00
6.423611111111110716e+00
4.513888888888887507e+00
2.951388888888887951e+00
1.736111111111110716e+00
8.680555555555545810e-01
3.472222222222212107e-01
1.736111111111106053e-01
3.472222222222219878e-01
8.680555555555560243e-01
1.736111111111110716e+00
2.951388888888889284e+00
4.513888888888891060e+00
6.423611111111110716e+00
8.680555555555557135e+00
1.128472222222222499e+01
1.423611111111111072e+01
1.753472222222223209e+01
2.118055555555556069e+01
2.517361111111111072e+01
2.500000000000000000e+01
2.100694444444444287e+01
1.736111111111111427e+01
1.406250000000000000e+01
1.111111111111110894e+01
8.506944444444442865e+00
6.250000000000000000e+00
4.340277777777776791e+00
2.777777777777777235e+00
1.562500000000000000e+00
6.944444444444439757e-01
1.736111111111106053e-01
0.000000000000000000e+00
1.736111111111113547e-01
6.944444444444454190e-01
1.562500000000000000e+00
2.777777777777778567e+00
4.340277777777780344e+00
6.250000000000000000e+00
8.506944444444446418e+00
1.111111111111111427e+01
1.406250000000000000e+01
1.736111111111112137e+01
2.100694444444444997e+01
2.500000000000000000e+01
2.517361111111111072e+01
2.118055555555555358e+01
1.753472222222222499e+01
1.423611111111111072e+01
1.128472222222221966e+01
8.680555555555553582e+00
6.423611111111111605e+00
4.513888888888888395e+00
2.951388888888888395e+00
1.736111111111111382e+00
8.680555555555553582e-01
3.472222222222219878e-01
1.736111111111113547e-01
3.472222222222227095e-01
8.680555555555568015e-01
1.736111111111111382e+00
2.951388888888889728e+00
4.513888888888891948e+00
6.423611111111111605e+00
8.680555555555557135e+00
1.128472222222222499e+01
1.423611111111111072e+01
1.753472222222223209e+01
2.118055555555556069e+01
2.517361111111111072e+01
2.569444444444444642e+01
2.170138888888888928e+01
1.805555555555556069e+01
1.475694444444444464e+01
1.180555555555555358e+01
9.201388888888887507e+00
6.944444444444445530e+00
5.034722222222222321e+00
3.472222222222222765e+00
2.256944444444445530e+00
1.388888888888889284e+00
8.680555555555560243e-01
6.944444444444454190e-01
8.680555555555568015e-01
1.388888888888890838e+00
2.256944444444445530e+00
3.472222222222224097e+00
5.034722222222225874e+00
6.944444444444445530e+00
9.201388888888891060e+00
1.180555555555555891e+01
1.475694444444444464e+01
1.805555555555556779e+01
2.170138888888889639e+01
2.569444444444444642e+01
2.656250000000000000e+01
2.256944444444444287e+01
1.892361111111111427e+01
1.562500000000000000e+01
1.267361111111110894e+01
1.006944444444444287e+01
7.812500000000000000e+00
5.902777777777776791e+00
4.340277777777776791e+00
3.125000000000000000e+00
2.256944444444443754e+00
1.736111111111110716e+00
1.562500000000000000e+00
1.736111111111111382e+00
2.256944444444445530e+00
3.125000000000000000e+00
4.340277777777778567e+00
5.902777777777780344e+00
7.812500000000000000e+00
1.006944444444444642e+01
1.267361111111111427e+01
1.562500000000000000e+01
1.892361111111112137e+01
2.256944444444444997e+01
2.656250000000000000e+01
2.777777777777777857e+01
2.378472222222222143e+01
2.013888888888889284e+01
1.684027777777777857e+01
1.388888888888888751e+01
1.128472222222222143e+01
9.027777777777778567e+00
7.118055555555555358e+00
5.555555555555555358e+00
4.340277777777778567e+00
3.472222222222222321e+00
2.951388888888889284e+00
2.777777777777778567e+00
2.951388888888889728e+00
3.472222222222224097e+00
4.340277777777778567e+00
5.555555555555557135e+00
7.118055555555558911e+00
9.027777777777778567e+00
1.128472222222222499e+01
1.388888888888889284e+01
1.684027777777777857e+01
2.013888888888889994e+01
2.378472222222222854e+01
2.777777777777777857e+01
2.934027777777777857e+01
2.534722222222222143e+01
2.170138888888889284e+01
1.840277777777777857e+01
1.545138888888888928e+01
1.284722222222222321e+01
1.059027777777778034e+01
8.680555555555557135e+00
7.118055555555557135e+00
5.902777777777780344e+00
5.034722222222224097e+00
4.513888888888891060e+00
4.340277777777780344e+00
4.513888888888891948e+00
5.034722222222225874e+00
5.902777777777780344e+00
7.118055555555558911e+00
8.680555555555560687e+00
1.059027777777778034e+01
1.284722222222222676e+01
1.545138888888889461e+01
1.840277777777777857e+01
2.170138888888889994e+01
2.534722222222222854e+01
2.934027777777777857e+01
3.125000000000000000e+01
2.725694444444444287e+01
2.361111111111111427e+01
2.031250000000000000e+01
1.736111111111110716e+01
1.475694444444444287e+01
1.250000000000000000e+01
1.059027777777777679e+01
9.027777777777776791e+00
7.812500000000000000e+00
6.944444444444443754e+00
6.423611111111110716e+00
6.250000000000000000e+00
6.423611111111111605e+00
6.944444444444445530e+00
7.812500000000000000e+00
9.027777777777778567e+00
1.059027777777778034e+01
1.250000000000000000e+01
1.475694444444444642e+01
1.736111111111111427e+01
2.031250000000000000e+01
2.361111111111112137e+01
2.725694444444444997e+01
3.125000000000000000e+01
3.350694444444444287e+01
2.951388888888888928e+01
2.586805555555556069e+01
2.256944444444444642e+01
1.961805555555555713e+01
1.701388888888888928e+01
1.475694444444444642e+01
1.284722222222222321e+01
1.128472222222222321e+01
1.006944444444444642e+01
9.201388888888891060e+00
8.680555555555557135e+00
8.506944444444446418e+00
8.680555555555557135e+00
9.201388888888891060e+00
1.006944444444444642e+01
1.128472222222222499e+01
1.284722222222222676e+01
1.475694444444444642e+01
1.701388888888889284e+01
1.961805555555556069e+01
2.256944444444444642e+01
2.586805555555556779e+01
2.951388888888889639e+01
3.350694444444444287e+01
3.611111111111111427e+01
3.211805555555555713e+01
2.847222222222222854e+01
2.517361111111111427e+01
2.222222222222222143e+01
1.961805555555555713e+01
1.736111111111111427e+01
1.545138888888889106e+01
1.388888888888889106e+01
1.267361111111111427e+01
1.180555555555555891e+01
1.128472222222222499e+01
1.111111111111111427e+01
1.128472222222222499e+01
1.180555555555555891e+01
1.267361111111111427e+01
1.388888888888889284e+01
1.545138888888889461e+01
1.736111111111111427e+01
1.961805555555556069e+01
2.222222222222222854e+01
2.517361111111111427e+01
2.847222222222223564e+01
3.211805555555556424e+01
3.611111111111111427e+01
3.906250000000000000e+01
3.506944444444444287e+01
3.142361111111111427e+01
2.812500000000000000e+01
2.517361111111110716e+01
2.256944444444444287e+01
2.031250000000000000e+01
1.840277777777777857e+01
1.684027777777777857e+01
1.562500000000000000e+01
1.475694444444444464e+01
1.423611111111111072e+01
1.406250000000000000e+01
1.423611111111111072e+01
1.475694444444444464e+01
1.562500000000000000e+01
1.684027777777777857e+01
1.840277777777777857e+01
2.031250000000000000e+01
2.256944444444444642e+01
2.517361111111111427e+01
2.812500000000000000e+01
3.142361111111112137e+01
3.506944444444444997e+01
3.906250000000000000e+01
4.236111111111112137e+01
3.836805555555556424e+01
3.472222222222223564e+01
3.142361111111112137e+01
2.847222222222222854e+01
2.586805555555556424e+01
2.361111111111112137e+01
2.170138888888889994e+01
2.013888888888889994e+01
1.892361111111112137e+01
1.805555555555556424e+01
1.753472222222223209e+01
1.736111111111112137e+01
1.753472222222223209e+01
1.805555555555556779e+01
1.892361111111112137e+01
2.013888888888889994e+01
2.170138888888889994e+01
2.361111111111112137e+01
2.586805555555556779e+01
2.847222222222223564e+01
3.142361111111112137e+01
3.472222222222224275e+01
3.836805555555557135e+01
4.236111111111112137e+01
4.600694444444444997e+01
4.201388888888889284e+01
3.836805555555556424e+01
3.506944444444444997e+01
3.211805555555555713e+01
2.951388888888889284e+01
2.725694444444444997e+01
2.534722222222222854e+01
2.378472222222222854e+01
2.256944444444444997e+01
2.170138888888889284e+01
2.118055555555556069e+01
2.100694444444444997e+01
2.118055555555556069e+01
2.170138888888889639e+01
2.256944444444444997e+01
2.378472222222222854e+01
2.534722222222222854e+01
2.725694444444444997e+01
2.951388888888889639e+01
3.211805555555556424e+01
3.506944444444444997e+01
3.836805555555557135e+01
4.201388888888889994e+01
4.600694444444444997e+01
5.000000000000000000e+01
4.600694444444444287e+01
4.236111111111111427e+01
3.906250000000000000e+01
3.611111111111110716e+01
3.350694444444444287e+01
3.125000000000000000e+01
2.934027777777777857e+01
2.777777777777777857e+01
2.656250000000000000e+01
2.569444444444444287e+01
2.517361111111111072e+01
2.500000000000000000e+01
2.517361111111111072e+01
2.569444444444444642e+01
2.656250000000000000e+01
2.777777777777777857e+01
2.934027777777777857e+01
3.125000000000000000e+01
3.350694444444444287e+01
3.611111111111111427e+01
3.906250000000000000e+01
4.236111111111112137e+01
4.600694444444444997e+01
5.000000000000000000e+01
5.017361111111111427e+01
4.618055555555555713e+01
4.253472222222222854e+01
3.923611111111111427e+01
3.628472222222222143e+01
3.368055555555555713e+01
3.142361111111111072e+01
2.951388888888888928e+01
2.795138888888888928e+01
2.673611111111111072e+01
2.586805555555555358e+01
2.534722222222222143e+01
2.517361111111111072e+01
2.534722222222222143e+01
2.586805555555555713e+01
2.673611111111111072e+01
2.795138888888888928e+01
2.951388888888888928e+01
3.142361111111111072e+01
3.368055555555555713e+01
3.628472222222222854e+01
3.923611111111111427e+01
4.253472222222223564e+01
4.618055555555556424e+01
5.017361111111111427e+01
4.618055555555555713e+01
4.218750000000000000e+01
3.854166666666667140e+01
3.524305555555555713e+01
3.229166666666666430e+01
2.968749999999999645e+01
2.743055555555555358e+01
2.552083333333333215e+01
2.395833333333333215e+01
2.274305555555555358e+01
2.187499999999999645e+01
2.135416666666666430e+01
2.118055555555555358e+01
2.135416666666666430e+01
2.187500000000000000e+01
2.274305555555555358e+01
2.395833333333333215e+01
2.552083333333333215e+01
2.743055555555555358e+01
2.968750000000000000e+01
3.229166666666667140e+01
3.524305555555555713e+01
3.854166666666667851e+01
4.218750000000000711e+01
4.618055555555555713e+01
4.253472222222222854e+01
3.854166666666667140e+01
3.489583333333334281e+01
3.159722222222222499e+01
2.864583333333333215e+01
2.604166666666666785e+01
2.378472222222222499e+01
2.187500000000000355e+01
2.031250000000000355e+01
1.909722222222222499e+01
1.822916666666666785e+01
1.770833333333333570e+01
1.753472222222222499e+01
1.770833333333333570e+01
1.822916666666667140e+01
1.909722222222222499e+01
2.031250000000000355e+01
2.187500000000000355e+01
2.378472222222222499e+01
2.604166666666667140e+01
2.864583333333333925e+01
3.159722222222222499e+01
3.489583333333334991e+01
3.854166666666667851e+01
4.253472222222222854e+01
3.923611111111111427e+01
3.524305555555555713e+01
3.159722222222222499e+01
2.829861111111111072e+01
2.534722222222221788e+01
2.274305555555555358e+01
2.048611111111111072e+01
1.857638888888888928e+01
1.701388888888888928e+01
1.579861111111111072e+01
1.493055555555555536e+01
1.440972222222222143e+01
1.423611111111111072e+01
1.440972222222222143e+01
1.493055555555555536e+01
1.579861111111111072e+01
1.701388888888888928e+01
1.857638888888888928e+01
2.048611111111111072e+01
2.274305555555555713e+01
2.534722222222222499e+01
2.829861111111111072e+01
3.159722222222223209e+01
3.524305555555556424e+01
3.923611111111111427e+01
3.628472222222222143e+01
3.229166666666666430e+01
2.864583333333333215e+01
2.534722222222221788e+01
2.239583333333332860e+01
1.979166666666666075e+01
1.753472222222221788e+01
1.562499999999999645e+01
1.406249999999999645e+01
1.284722222222221966e+01
1.197916666666666430e+01
1.145833333333333037e+01
1.128472222222221966e+01
1.145833333333333037e+01
1.197916666666666430e+01
1.284722222222221966e+01
1.406249999999999822e+01
1.562500000000000000e+01
1.753472222222221788e+01
1.979166666666666785e+01
2.239583333333333215e+01
2.534722222222221788e+01
2.864583333333333925e+01
3.229166666666667140e+01
3.628472222222222143e+01
3.368055555555555713e+01
2.968749999999999645e+01
2.604166666666666785e+01
2.274305555555555358e+01
1.979166666666666075e+01
1.718749999999999645e+01
1.493055555555555358e+01
1.302083333333333037e+01
1.145833333333333037e+01
1.024305555555555358e+01
9.374999999999998224e+00
8.854166666666664298e+00
8.680555555555553582e+00
8.854166666666664298e+00
9.374999999999998224e+00
1.024305555555555358e+01
1.145833333333333215e+01
1.302083333333333393e+01
1.493055555555555358e+01
1.718750000000000000e+01
1.979166666666666785e+01
2.274305555555555358e+01
2.604166666666667496e+01
2.968750000000000355e+01
3.368055555555555713e+01
3.142361111111111072e+01
2.743055555555555358e+01
2.378472222222222499e+01
2.048611111111111072e+01
1.753472222222221788e+01
1.493055555555555358e+01
1.267361111111111072e+01
1.076388888888888751e+01
9.201388888888887507e+00
7.986111111111111605e+00
7.118055555555555358e+00
6.597222222222222321e+00
6.423611111111111605e+00
6.597222222222223209e+00
7.118055555555557135e+00
7.986111111111111605e+00
9.201388888888889284e+00
1.076388888888889106e+01
1.267361111111111072e+01
1.493055555555555713e+01
1.753472222222222499e+01
2.048611111111111072e+01
2.378472222222223209e+01
2.743055555555556069e+01
3.142361111111111072e+01
2.951388888888888928e+01
2.552083333333333215e+01
2.187500000000000355e+01
1.857638888888888928e+01
1.562499999999999645e+01
1.302083333333333037e+01
1.076388888888888751e+01
8.854166666666664298e+00
7.291666666666665186e+00
6.076388888888888395e+00
5.208333333333332149e+00
4.687499999999999112e+00
4.513888888888888395e+00
4.687500000000000000e+00
5.208333333333333925e+00
6.076388888888888395e+00
7.291666666666666963e+00
8.854166666666667851e+00
1.076388888888888751e+01
1.302083333333333393e+01
1.562500000000000178e+01
1.857638888888888928e+01
2.187500000000001066e+01
2.552083333333333925e+01
2.951388888888888928e+01
2.795138888888888928e+01
2.395833333333333215e+01
2.031250000000000355e+01
1.701388888888888928e+01
1.406249999999999645e+01
1.145833333333333037e+01
9.201388888888887507e+00
7.291666666666665186e+00
5.729166666666666075e+00
4.513888888888888395e+00
3.645833333333332593e+00
3.124999999999999112e+00
2.951388888888888395e+00
3.124999999999999556e+00
3.645833333333333925e+00
4.513888888888888395e+00
5.729166666666666963e+00
7.291666666666668739e+00
9.201388888888887507e+00
1.145833333333333393e+01
1.406250000000000178e+01
1.701388888888888928e+01
2.031250000000001066e+01
2.395833333333333925e+01
2.795138888888888928e+01
2.673611111111111072e+01
2.274305555555555358e+01
1.909722222222222499e+01
1.579861111111111072e+01
1.284722222222221966e+01
1.024305555555555358e+01
7.986111111111111605e+00
6.076388888888888395e+00
4.513888888888888395e+00
3.298611111111111160e+00
2.430555555555554914e+00
1.909722222222222099e+00
1.736111111111111382e+00
1.909722222222222765e+00
2.430555555555556690e+00
3.298611111111111160e+00
4.513888888888890172e+00
6.076388888888891948e+00
7.986111111111111605e+00
1.024305555555555713e+01
1.284722222222222499e+01
1.579861111111111072e+01
1.909722222222223209e+01
2.274305555555556069e+01
2.673611111111111072e+01
2.586805555555555358e+01
2.187499999999999645e+01
1.822916666666666785e+01
1.493055555555555536e+01
1.197916666666666430e+01
9.374999999999998224e+00
7.118055555555555358e+00
5.208333333333332149e+00
3.645833333333332593e+00
2.430555555555554914e+00
1.562499999999999334e+00
1.041666666666665853e+00
8.680555555555553582e-01
1.041666666666666741e+00
1.562500000000000666e+00
2.430555555555554914e+00
3.645833333333333481e+00
5.208333333333335702e+00
7.118055555555555358e+00
9.375000000000001776e+00
1.197916666666666963e+01
1.493055555555555536e+01
1.822916666666667496e+01
2.187500000000000355e+01
2.586805555555555358e+01
2.534722222222222143e+01
2.135416666666666430e+01
1.770833333333333570e+01
1.440972222222222143e+01
1.145833333333333037e+01
8.854166666666664298e+00
6.597222222222222321e+00
4.687499999999999112e+00
3.124999999999999112e+00
1.909722222222222099e+00
1.041666666666665853e+00
5.208333333333325932e-01
3.472222222222219878e-01
5.208333333333333703e-01
1.041666666666667407e+00
1.909722222222222099e+00
3.125000000000000444e+00
4.687500000000002665e+00
6.597222222222222321e+00
8.854166666666667851e+00
1.145833333333333570e+01
1.440972222222222143e+01
1.770833333333334281e+01
2.135416666666667140e+01
2.534722222222222143e+01
2.517361111111111072e+01
2.118055555555555358e+01
1.753472222222222499e+01
1.423611111111111072e+01
1.128472222222221966e+01
8.680555555555553582e+00
6.423611111111111605e+00
4.513888888888888395e+00
2.951388888888888395e+00
1.736111111111111382e+00
8.680555555555553582e-01
3.472222222222219878e-01
1.736111111111113547e-01
3.472222222222227095e-01
8.680555555555568015e-01
1.736111111111111382e+00
2.951388888888889728e+00
4.513888888888891948e+00
6.423611111111111605e+00
8.680555555555557135e+00
1.128472222222222499e+01
1.423611111111111072e+01
1.753472222222223209e+01
2.118055555555556069e+01
2.517361111111111072e+01
2.534722222222222143e+01
2.135416666666666430e+01
1.770833333333333570e+01
1.440972222222222143e+01
1.145833333333333037e+01
8.854166666666664298e+00
6.597222222222223209e+00
4.687500000000000000e+00
3.124999999999999556e+00
1.909722222222222765e+00
1.041666666666666741e+00
5.208333333333333703e-01
3.472222222222227095e-01
5.208333333333340365e-01
1.041666666666668073e+00
1.909722222222222765e+00
3.125000000000000888e+00
4.687500000000003553e+00
6.597222222222223209e+00
8.854166666666667851e+00
1.145833333333333570e+01
1.440972222222222143e+01
1.770833333333334281e+01
2.135416666666667140e+01
2.534722222222222143e+01
2.586805555555555713e+01
2.187500000000000000e+01
1.822916666666667140e+01
1.493055555555555536e+01
1.197916666666666430e+01
9.374999999999998224e+00
7.118055555555557135e+00
5.208333333333333925e+00
3.645833333333333925e+00
2.430555555555556690e+00
1.562500000000000666e+00
1.041666666666667407e+00
8.680555555555568015e-01
1.041666666666668073e+00
1.562500000000002220e+00
2.430555555555556690e+00
3.645833333333335258e+00
5.208333333333337478e+00
7.118055555555557135e+00
9.375000000000001776e+00
1.197916666666666963e+01
1.493055555555555536e+01
1.822916666666667851e+01
2.187500000000000711e+01
2.586805555555555713e+01
2.673611111111111072e+01
2.274305555555555358e+01
1.909722222222222499e+01
1.579861111111111072e+01
1.284722222222221966e+01
1.024305555555555358e+01
7.986111111111111605e+00
6.076388888888888395e+00
4.513888888888888395e+00
3.298611111111111160e+00
2.430555555555554914e+00
1.909722222222222099e+00
1.736111111111111382e+00
1.909722222222222765e+00
2.430555555555556690e+00
3.298611111111111160e+00
4.513888888888890172e+00
6.076388888888891948e+00
7.986111111111111605e+00
1.024305555555555713e+01
1.284722222222222499e+01
1.579861111111111072e+01
1.909722222222223209e+01
2.274305555555556069e+01
2.673611111111111072e+01
2.795138888888888928e+01
2.395833333333333215e+01
2.031250000000000355e+01
1.701388888888888928e+01
1.406249999999999822e+01
1.145833333333333215e+01
9.201388888888889284e+00
7.291666666666666963e+00
5.729166666666666963e+00
4.513888888888890172e+00
3.645833333333333481e+00
3.125000000000000444e+00
2.951388888888889728e+00
3.125000000000000888e+00
3.645833333333335258e+00
4.513888888888890172e+00
5.729166666666668739e+00
7.291666666666670515e+00
9.201388888888889284e+00
1.145833333333333570e+01
1.406250000000000355e+01
1.701388888888888928e+01
2.031250000000001066e+01
2.395833333333333925e+01
2.795138888888888928e+01
2.951388888888888928e+01
2.552083333333333215e+01
2.187500000000000355e+01
1.857638888888888928e+01
1.562500000000000000e+01
1.302083333333333393e+01
1.076388888888889106e+01
8.854166666666667851e+00
7.291666666666668739e+00
6.076388888888891948e+00
5.208333333333335702e+00
4.687500000000002665e+00
4.513888888888891948e+00
4.687500000000003553e+00
5.208333333333337478e+00
6.076388888888891948e+00
7.291666666666670515e+00
8.854166666666671404e+00
1.076388888888889106e+01
1.302083333333333748e+01
1.562500000000000533e+01
1.857638888888888928e+01
2.187500000000001066e+01
2.552083333333333925e+01
2.951388888888888928e+01
3.142361111111111072e+01
2.743055555555555358e+01
2.378472222222222499e+01
2.048611111111111072e+01
1.753472222222221788e+01
1.493055555555555358e+01
1.267361111111111072e+01
1.076388888888888751e+01
9.201388888888887507e+00
7.986111111111111605e+00
7.118055555555555358e+00
6.597222222222222321e+00
6.423611111111111605e+00
6.597222222222223209e+00
7.118055555555557135e+00
7.986111111111111605e+00
9.201388888888889284e+00
1.076388888888889106e+01
1.267361111111111072e+01
1.493055555555555713e+01
1.753472222222222499e+01
2.048611111111111072e+01
2.378472222222223209e+01
2.743055555555556069e+01
3.142361111111111072e+01
3.368055555555555713e+01
2.968750000000000000e+01
2.604166666666667140e+01
2.274305555555555713e+01
1.979166666666666785e+01
1.718750000000000000e+01
1.493055555555555713e+01
1.302083333333333393e+01
1.145833333333333393e+01
1.024305555555555713e+01
9.375000000000001776e+00
8.854166666666667851e+00
8.680555555555557135e+00
8.854166666666667851e+00
9.375000000000001776e+00
1.024305555555555713e+01
1.145833333333333570e+01
1.302083333333333748e+01
1.493055555555555713e+01
1.718750000000000355e+01
1.979166666666667140e+01
2.274305555555555713e+01
2.604166666666667851e+01
2.968750000000000711e+01
3.368055555555555713e+01
3.628472222222222854e+01
3.229166666666667140e+01
2.864583333333333925e+01
2.534722222222222499e+01
2.239583333333333215e+01
1.979166666666666785e+01
1.753472222222222499e+01
1.562500000000000178e+01
1.406250000000000178e+01
1.284722222222222499e+01
1.197916666666666963e+01
1.145833333333333570e+01
1.128472222222222499e+01
1.145833333333333570e+01
1.197916666666666963e+01
1.284722222222222499e+01
1.406250000000000355e+01
1.562500000000000533e+01
1.753472222222222499e+01
1.979166666666667140e+01
2.239583333333333925e+01
2.534722222222222499e+01
2.864583333333334636e+01
3.229166666666667851e+01
3.628472222222222854e+01
3.923611111111111427e+01
3.524305555555555713e+01
3.159722222222222499e+01
2.829861111111111072e+01
2.534722222222221788e+01
2.274305555555555358e+01
2.048611111111111072e+01
1.857638888888888928e+01
1.701388888888888928e+01
1.579861111111111072e+01
1.493055555555555536e+01
1.440972222222222143e+01
1.423611111111111072e+01
1.440972222222222143e+01
1.493055555555555536e+01
1.579861111111111072e+01
1.701388888888888928e+01
1.857638888888888928e+01
2.048611111111111072e+01
2.274305555555555713e+01
2.534722222222222499e+01
2.829861111111111072e+01
3.159722222222223209e+01
3.524305555555556424e+01
3.923611111111111427e+01
4.253472222222223564e+01
3.854166666666667851e+01
3.489583333333334991e+01
3.159722222222223209e+01
2.864583333333333925e+01
2.604166666666667496e+01
2.378472222222223209e+01
2.187500000000001066e+01
2.031250000000001066e+01
1.909722222222223209e+01
1.822916666666667496e+01
1.770833333333334281e+01
1.753472222222223209e+01
1.770833333333334281e+01
1.822916666666667851e+01
1.909722222222223209e+01
2.031250000000001066e+01
2.187500000000001066e+01
2.378472222222223209e+01
2.604166666666667851e+01
2.864583333333334636e+01
3.159722222222223209e+01
3.489583333333335702e+01
3.854166666666668561e+01
4.253472222222223564e+01
4.618055555555556424e+01
4.218750000000000711e+01
3.854166666666667851e+01
3.524305555555556424e+01
3.229166666666667140e+01
2.968750000000000355e+01
2.743055555555556069e+01
2.552083333333333925e+01
2.395833333333333925e+01
2.274305555555556069e+01
2.187500000000000355e+01
2.135416666666667140e+01
2.118055555555556069e+01
2.135416666666667140e+01
2.187500000000000711e+01
2.274305555555556069e+01
2.395833333333333925e+01
2.552083333333333925e+01
2.743055555555556069e+01
2.968750000000000711e+01
3.229166666666667851e+01
3.524305555555556424e+01
3.854166666666668561e+01
4.218750000000001421e+01
4.618055555555556424e+01
5.017361111111111427e+01
4.618055555555555713e+01
4.253472222222222854e+01
3.923611111111111427e+01
3.628472222222222143e+01
3.368055555555555713e+01
3.142361111111111072e+01
2.951388888888888928e+01
2.795138888888888928e+01
2.673611111111111072e+01
2.586805555555555358e+01
2.534722222222222143e+01
2.517361111111111072e+01
2.534722222222222143e+01
2.586805555555555713e+01
2.673611111111111072e+01
2.795138888888888928e+01
2.951388888888888928e+01
3.142361111111111072e+01
3.368055555555555713e+01
3.628472222222222854e+01
3.923611111111111427e+01
4.253472222222223564e+01
4.618055555555556424e+01
5.017361111111111427e+01
5.069444444444444287e+01
4.670138888888888573e+01
4.305555555555555713e+01
3.975694444444444287e+01
3.680555555555555003e+01
3.420138888888888573e+01
3.194444444444444642e+01
3.003472222222222499e+01
2.847222222222222499e+01
2.725694444444444642e+01
2.638888888888888928e+01
2.586805555555555713e+01
2.569444444444444642e+01
2.586805555555555713e+01
2.638888888888889284e+01
2.725694444444444642e+01
2.847222222222222499e+01
3.003472222222222499e+01
3.194444444444444642e+01
3.420138888888888573e+01
3.680555555555555713e+01
3.975694444444444287e+01
4.305555555555556424e+01
4.670138888888889284e+01
5.069444444444444287e+01
4.670138888888888573e+01
4.270833333333332860e+01
3.906250000000000000e+01
3.576388888888888573e+01
3.281249999999999289e+01
3.020833333333333215e+01
2.795138888888888928e+01
2.604166666666666785e+01
2.447916666666666785e+01
2.326388888888888928e+01
2.239583333333333215e+01
2.187500000000000000e+01
2.170138888888888928e+01
2.187500000000000000e+01
2.239583333333333570e+01
2.326388888888888928e+01
2.447916666666666785e+01
2.604166666666666785e+01
2.795138888888888928e+01
3.020833333333333570e+01
3.281250000000000000e+01
3.576388888888888573e+01
3.906250000000000711e+01
4.270833333333333570e+01
4.670138888888888573e+01
4.305555555555555713e+01
3.906250000000000000e+01
3.541666666666667140e+01
3.211805555555555713e+01
2.916666666666666785e+01
2.656250000000000355e+01
2.430555555555556069e+01
2.239583333333333925e+01
2.083333333333333925e+01
1.961805555555556069e+01
1.875000000000000355e+01
1.822916666666667140e+01
1.805555555555556069e+01
1.822916666666667140e+01
1.875000000000000711e+01
1.961805555555556069e+01
2.083333333333333925e+01
2.239583333333333925e+01
2.430555555555556069e+01
2.656250000000000711e+01
2.916666666666667496e+01
3.211805555555555713e+01
3.541666666666667851e+01
3.906250000000000711e+01
4.305555555555555713e+01
3.975694444444444287e+01
3.576388888888888573e+01
3.211805555555555713e+01
2.881944444444444642e+01
2.586805555555555358e+01
2.326388888888888928e+01
2.100694444444444642e+01
1.909722222222222499e+01
1.753472222222222499e+01
1.631944444444444642e+01
1.545138888888888928e+01
1.493055555555555536e+01
1.475694444444444464e+01
1.493055555555555536e+01
1.545138888888888928e+01
1.631944444444444642e+01
1.753472222222222499e+01
1.909722222222222499e+01
2.100694444444444642e+01
2.326388888888889284e+01
2.586805555555556069e+01
2.881944444444444642e+01
3.211805555555556424e+01
3.576388888888889284e+01
3.975694444444444287e+01
3.680555555555555003e+01
3.281249999999999289e+01
2.916666666666666785e+01
2.586805555555555358e+01
2.291666666666666430e+01
2.031249999999999645e+01
1.805555555555555358e+01
1.614583333333333215e+01
1.458333333333333037e+01
1.336805555555555358e+01
1.249999999999999822e+01
1.197916666666666430e+01
1.180555555555555358e+01
1.197916666666666430e+01
1.249999999999999822e+01
1.336805555555555358e+01
1.458333333333333215e+01
1.614583333333333570e+01
1.805555555555555358e+01
2.031250000000000355e+01
2.291666666666666785e+01
2.586805555555555358e+01
2.916666666666667496e+01
3.281250000000000000e+01
3.680555555555555003e+01
3.420138888888888573e+01
3.020833333333333215e+01
2.656250000000000355e+01
2.326388888888888928e+01
2.031249999999999645e+01
1.770833333333333215e+01
1.545138888888888751e+01
1.354166666666666430e+01
1.197916666666666430e+01
1.076388888888888751e+01
9.895833333333332149e+00
9.374999999999998224e+00
9.201388888888887507e+00
9.374999999999998224e+00
9.895833333333332149e+00
1.076388888888888751e+01
1.197916666666666607e+01
1.354166666666666785e+01
1.545138888888888751e+01
1.770833333333333570e+01
2.031250000000000355e+01
2.326388888888888928e+01
2.656250000000001066e+01
3.020833333333333925e+01
3.420138888888888573e+01
3.194444444444444642e+01
2.795138888888888928e+01
2.430555555555556069e+01
2.100694444444444642e+01
1.805555555555555358e+01
1.545138888888888751e+01
1.319444444444444464e+01
1.128472222222222143e+01
9.722222222222221433e+00
8.506944444444444642e+00
7.638888888888889284e+00
7.118055555555556246e+00
6.944444444444445530e+00
7.118055555555557135e+00
7.638888888888891060e+00
8.506944444444444642e+00
9.722222222222223209e+00
1.128472222222222499e+01
1.319444444444444464e+01
1.545138888888889106e+01
1.805555555555556069e+01
2.100694444444444642e+01
2.430555555555556779e+01
2.795138888888889639e+01
3.194444444444444642e+01
3.003472222222222499e+01
2.604166666666666785e+01
2.239583333333333925e+01
1.909722222222222499e+01
1.614583333333333215e+01
1.354166666666666430e+01
1.128472222222222143e+01
9.374999999999998224e+00
7.812499999999999112e+00
6.597222222222222321e+00
5.729166666666666075e+00
5.208333333333333037e+00
5.034722222222222321e+00
5.208333333333333925e+00
5.729166666666667851e+00
6.597222222222222321e+00
7.812500000000000888e+00
9.375000000000001776e+00
1.128472222222222143e+01
1.354166666666666785e+01
1.614583333333333570e+01
1.909722222222222499e+01
2.239583333333334636e+01
2.604166666666667496e+01
3.003472222222222499e+01
2.847222222222222499e+01
2.447916666666666785e+01
2.083333333333333925e+01
1.753472222222222499e+01
1.458333333333333037e+01
1.197916666666666430e+01
9.722222222222221433e+00
7.812499999999999112e+00
6.250000000000000000e+00
5.034722222222222321e+00
4.166666666666666963e+00
3.645833333333333481e+00
3.472222222222222765e+00
3.645833333333333925e+00
4.166666666666667851e+00
5.034722222222222321e+00
6.250000000000000888e+00
7.812500000000002665e+00
9.722222222222221433e+00
1.197916666666666785e+01
1.458333333333333570e+01
1.753472222222222499e+01
2.083333333333334636e+01
2.447916666666667496e+01
2.847222222222222499e+01
2.725694444444444642e+01
2.326388888888888928e+01
1.961805555555556069e+01
1.631944444444444642e+01
1.336805555555555358e+01
1.076388888888888751e+01
8.506944444444444642e+00
6.597222222222222321e+00
5.034722222222222321e+00
3.819444444444445530e+00
2.951388888888889284e+00
2.430555555555556246e+00
2.256944444444445530e+00
2.430555555555556690e+00
2.951388888888891060e+00
3.819444444444445530e+00
5.034722222222224097e+00
6.597222222222225874e+00
8.506944444444444642e+00
1.076388888888889106e+01
1.336805555555555891e+01
1.631944444444444642e+01
1.961805555555556779e+01
2.326388888888889639e+01
2.725694444444444642e+01
2.638888888888888928e+01
2.239583333333333215e+01
1.875000000000000355e+01
1.545138888888888928e+01
1.249999999999999822e+01
9.895833333333332149e+00
7.638888888888889284e+00
5.729166666666666075e+00
4.166666666666666963e+00
2.951388888888889284e+00
2.083333333333333481e+00
1.562500000000000000e+00
1.388888888888889284e+00
1.562500000000000888e+00
2.083333333333334814e+00
2.951388888888889284e+00
4.166666666666667851e+00
5.729166666666669627e+00
7.638888888888889284e+00
9.895833333333335702e+00
1.250000000000000355e+01
1.545138888888888928e+01
1.875000000000001066e+01
2.239583333333333925e+01
2.638888888888888928e+01
2.586805555555555713e+01
2.187500000000000000e+01
1.822916666666667140e+01
1.493055555555555536e+01
1.197916666666666430e+01
9.374999999999998224e+00
7.118055555555556246e+00
5.208333333333333037e+00
3.645833333333333481e+00
2.430555555555556246e+00
1.562500000000000000e+00
1.041666666666666519e+00
8.680555555555560243e-01
1.041666666666667407e+00
1.562500000000001332e+00
2.430555555555556246e+00
3.645833333333334814e+00
5.208333333333336590e+00
7.118055555555556246e+00
9.375000000000001776e+00
1.197916666666666963e+01
1.493055555555555536e+01
1.822916666666667851e+01
2.187500000000000711e+01
2.586805555555555713e+01
2.569444444444444642e+01
2.170138888888888928e+01
1.805555555555556069e+01
1.475694444444444464e+01
1.180555555555555358e+01
9.201388888888887507e+00
6.944444444444445530e+00
5.034722222222222321e+00
3.472222222222222765e+00
2.256944444444445530e+00
1.388888888888889284e+00
8.680555555555560243e-01
6.944444444444454190e-01
8.680555555555568015e-01
1.388888888888890838e+00
2.256944444444445530e+00
3.472222222222224097e+00
5.034722222222225874e+00
6.944444444444445530e+00
9.201388888888891060e+00
1.180555555555555891e+01
1.475694444444444464e+01
1.805555555555556779e+01
2.170138888888889639e+01
2.569444444444444642e+01
2.586805555555555713e+01
2.187500000000000000e+01
1.822916666666667140e+01
1.493055555555555536e+01
1.197916666666666430e+01
9.374999999999998224e+00
7.118055555555557135e+00
5.208333333333333925e+00
3.645833333333333925e+00
2.430555555555556690e+00
1.562500000000000888e+00
1.041666666666667407e+00
8.680555555555568015e-01
1.041666666666668073e+00
1.562500000000002220e+00
2.430555555555556690e+00
3.645833333333335258e+00
5.208333333333337478e+00
7.118055555555557135e+00
9.375000000000001776e+00
1.197916666666666963e+01
1.493055555555555536e+01
1.822916666666667851e+01
2.187500000000000711e+01
2.586805555555555713e+01
2.638888888888889284e+01
2.239583333333333570e+01
1.875000000000000711e+01
1.545138888888888928e+01
1.249999999999999822e+01
9.895833333333332149e+00
7.638888888888891060e+00
5.729166666666667851e+00
4.166666666666667851e+00
2.951388888888891060e+00
2.083333333333334814e+00
1.562500000000001332e+00
1.388888888888890838e+00
1.562500000000002220e+00
2.083333333333336146e+00
2.951388888888891060e+00
4.166666666666669627e+00
5.729166666666671404e+00
7.638888888888891060e+00
9.895833333333335702e+00
1.250000000000000355e+01
1.545138888888888928e+01
1.875000000000001421e+01
2.239583333333334281e+01
2.638888888888889284e+01
2.725694444444444642e+01
2.326388888888888928e+01
1.961805555555556069e+01
1.631944444444444642e+01
1.336805555555555358e+01
1.076388888888888751e+01
8.506944444444444642e+00
6.597222222222222321e+00
5.034722222222222321e+00
3.819444444444445530e+00
2.951388888888889284e+00
2.430555555555556246e+00
2.256944444444445530e+00
2.430555555555556690e+00
2.951388888888891060e+00
3.819444444444445530e+00
5.034722222222224097e+00
6.597222222222225874e+00
8.506944444444444642e+00
1.076388888888889106e+01
1.336805555555555891e+01
1.631944444444444642e+01
1.961805555555556779e+01
2.326388888888889639e+01
2.725694444444444642e+01
2.847222222222222499e+01
2.447916666666666785e+01
2.083333333333333925e+01
1.753472222222222499e+01
1.458333333333333215e+01
1.197916666666666607e+01
9.722222222222223209e+00
7.812500000000000888e+00
6.250000000000000888e+00
5.034722222222224097e+00
4.166666666666667851e+00
3.645833333333334814e+00
3.472222222222224097e+00
3.645833333333335258e+00
4.166666666666669627e+00
5.034722222222224097e+00
6.250000000000002665e+00
7.812500000000004441e+00
9.722222222222223209e+00
1.197916666666666963e+01
1.458333333333333748e+01
1.753472222222222499e+01
2.083333333333334636e+01
2.447916666666667496e+01
2.847222222222222499e+01
3.003472222222222499e+01
2.604166666666666785e+01
2.239583333333333925e+01
1.909722222222222499e+01
1.614583333333333570e+01
1.354166666666666785e+01
1.128472222222222499e+01
9.375000000000001776e+00
7.812500000000002665e+00
6.597222222222225874e+00
5.729166666666669627e+00
5.208333333333336590e+00
5.034722222222225874e+00
5.208333333333337478e+00
5.729166666666671404e+00
6.597222222222225874e+00
7.812500000000004441e+00
9.375000000000005329e+00
1.128472222222222499e+01
1.354166666666667140e+01
1.614583333333333925e+01
1.909722222222222499e+01
2.239583333333334636e+01
2.604166666666667496e+01
3.003472222222222499e+01
3.194444444444444642e+01
2.795138888888888928e+01
2.430555555555556069e+01
2.100694444444444642e+01
1.805555555555555358e+01
1.545138888888888751e+01
1.319444444444444464e+01
1.128472222222222143e+01
9.722222222222221433e+00
8.506944444444444642e+00
7.638888888888889284e+00
7.118055555555556246e+00
6.944444444444445530e+00
7.118055555555557135e+00
7.638888888888891060e+00
8.506944444444444642e+00
9.722222222222223209e+00
1.128472222222222499e+01
1.319444444444444464e+01
1.545138888888889106e+01
1.805555555555556069e+01
2.100694444444444642e+01
2.430555555555556779e+01
2.795138888888889639e+01
3.194444444444444642e+01
3.420138888888888573e+01
3.020833333333333570e+01
2.656250000000000711e+01
2.326388888888889284e+01
2.031250000000000355e+01
1.770833333333333570e+01
1.545138888888889106e+01
1.354166666666666785e+01
1.197916666666666785e+01
1.076388888888889106e+01
9.895833333333335702e+00
9.375000000000001776e+00
9.201388888888891060e+00
9.375000000000001776e+00
9.895833333333335702e+00
1.076388888888889106e+01
1.197916666666666963e+01
1.354166666666667140e+01
1.545138888888889106e+01
1.770833333333333925e+01
2.031250000000000711e+01
2.326388888888889284e+01
2.656250000000001421e+01
3.020833333333334281e+01
3.420138888888888573e+01
3.680555555555555713e+01
3.281250000000000000e+01
2.916666666666667496e+01
2.586805555555556069e+01
2.291666666666666785e+01
2.031250000000000355e+01
1.805555555555556069e+01
1.614583333333333570e+01
1.458333333333333570e+01
1.336805555555555891e+01
1.250000000000000355e+01
1.197916666666666963e+01
1.180555555555555891e+01
1.197916666666666963e+01
1.250000000000000355e+01
1.336805555555555891e+01
1.458333333333333748e+01
1.614583333333333925e+01
1.805555555555556069e+01
2.031250000000000711e+01
2.291666666666667496e+01
2.586805555555556069e+01
2.916666666666668206e+01
3.281250000000000711e+01
3.680555555555555713e+01
3.975694444444444287e+01
3.576388888888888573e+01
3.211805555555555713e+01
2.881944444444444642e+01
2.586805555555555358e+01
2.326388888888888928e+01
2.100694444444444642e+01
1.909722222222222499e+01
1.753472222222222499e+01
1.631944444444444642e+01
1.545138888888888928e+01
1.493055555555555536e+01
1.475694444444444464e+01
1.493055555555555536e+01
1.545138888888888928e+01
1.631944444444444642e+01
1.753472222222222499e+01
1.909722222222222499e+01
2.100694444444444642e+01
2.326388888888889284e+01
2.586805555555556069e+01
2.881944444444444642e+01
3.211805555555556424e+01
3.576388888888889284e+01
3.975694444444444287e+01
4.305555555555556424e+01
3.906250000000000711e+01
3.541666666666667851e+01
3.211805555555556424e+01
2.916666666666667496e+01
2.656250000000001066e+01
2.430555555555556779e+01
2.239583333333334636e+01
2.083333333333334636e+01
1.961805555555556779e+01
1.875000000000001066e+01
1.822916666666667851e+01
1.805555555555556779e+01
1.822916666666667851e+01
1.875000000000001421e+01
1.961805555555556779e+01
2.083333333333334636e+01
2.239583333333334636e+01
2.430555555555556779e+01
2.656250000000001421e+01
2.916666666666668206e+01
3.211805555555556424e+01
3.541666666666668561e+01
3.906250000000001421e+01
4.305555555555556424e+01
4.670138888888889284e+01
4.270833333333333570e+01
3.906250000000000711e+01
3.576388888888889284e+01
3.281250000000000000e+01
3.020833333333333925e+01
2.795138888888889639e+01
2.604166666666667496e+01
2.447916666666667496e+01
2.326388888888889639e+01
2.239583333333333925e+01
2.187500000000000711e+01
2.170138888888889639e+01
2.187500000000000711e+01
2.239583333333334281e+01
2.326388888888889639e+01
2.447916666666667496e+01
2.604166666666667496e+01
2.795138888888889639e+01
3.020833333333334281e+01
3.281250000000000711e+01
3.576388888888889284e+01
3.906250000000001421e+01
4.270833333333334281e+01
4.670138888888889284e+01
5.069444444444444287e+01
4.670138888888888573e+01
4.305555555555555713e+01
3.975694444444444287e+01
3.680555555555555003e+01
3.420138888888888573e+01
3.194444444444444642e+01
3.003472222222222499e+01
2.847222222222222499e+01
2.725694444444444642e+01
2.638888888888888928e+01
2.586805555555555713e+01
2.569444444444444642e+01
2.586805555555555713e+01
2.638888888888889284e+01
2.725694444444444642e+01
2.847222222222222499e+01
3.003472222222222499e+01
3.194444444444444642e+01
3.420138888888888573e+01
3.680555555555555713e+01
3.975694444444444287e+01
4.305555555555556424e+01
4.670138888888889284e+01
5.069444444444444287e+01
5.156250000000000000e+01
4.756944444444444287e+01
4.392361111111111427e+01
4.062500000000000000e+01
3.767361111111110716e+01
3.506944444444444287e+01
3.281250000000000000e+01
3.090277777777777857e+01
2.934027777777777857e+01
2.812500000000000000e+01
2.725694444444444287e+01
2.673611111111111072e+01
2.656250000000000000e+01
2.673611111111111072e+01
2.725694444444444642e+01
2.812500000000000000e+01
2.934027777777777857e+01
3.090277777777777857e+01
3.281250000000000000e+01
3.506944444444444287e+01
3.767361111111111427e+01
4.062500000000000000e+01
4.392361111111112137e+01
4.756944444444444997e+01
5.156250000000000000e+01
4.756944444444444287e+01
4.357638888888888573e+01
3.993055555555555713e+01
3.663194444444444287e+01
3.368055555555555003e+01
3.107638888888888573e+01
2.881944444444444287e+01
2.690972222222222143e+01
2.534722222222222143e+01
2.413194444444444287e+01
2.326388888888888573e+01
2.274305555555555358e+01
2.256944444444444287e+01
2.274305555555555358e+01
2.326388888888888928e+01
2.413194444444444287e+01
2.534722222222222143e+01
2.690972222222222143e+01
2.881944444444444287e+01
3.107638888888888928e+01
3.368055555555555713e+01
3.663194444444444287e+01
3.993055555555556424e+01
4.357638888888889284e+01
4.756944444444444287e+01
4.392361111111111427e+01
3.993055555555555713e+01
3.628472222222222854e+01
3.298611111111111427e+01
3.003472222222222143e+01
2.743055555555555713e+01
2.517361111111111427e+01
2.326388888888889284e+01
2.170138888888889284e+01
2.048611111111111427e+01
1.961805555555555713e+01
1.909722222222222499e+01
1.892361111111111427e+01
1.909722222222222499e+01
1.961805555555556069e+01
2.048611111111111427e+01
2.170138888888889284e+01
2.326388888888889284e+01
2.517361111111111427e+01
2.743055555555556069e+01
3.003472222222222854e+01
3.298611111111111427e+01
3.628472222222223564e+01
3.993055555555556424e+01
4.392361111111111427e+01
4.062500000000000000e+01
3.663194444444444287e+01
3.298611111111111427e+01
2.968750000000000000e+01
2.673611111111110716e+01
2.413194444444444287e+01
2.187500000000000000e+01
1.996527777777777857e+01
1.840277777777777857e+01
1.718750000000000000e+01
1.631944444444444287e+01
1.579861111111111072e+01
1.562500000000000000e+01
1.579861111111111072e+01
1.631944444444444287e+01
1.718750000000000000e+01
1.840277777777777857e+01
1.996527777777777857e+01
2.187500000000000000e+01
2.413194444444444642e+01
2.673611111111111427e+01
2.968750000000000000e+01
3.298611111111112137e+01
3.663194444444444997e+01
4.062500000000000000e+01
3.767361111111110716e+01
3.368055555555555003e+01
3.003472222222222143e+01
2.673611111111110716e+01
2.378472222222221788e+01
2.118055555555555003e+01
1.892361111111110716e+01
1.701388888888888573e+01
1.545138888888888573e+01
1.423611111111110894e+01
1.336805555555555358e+01
1.284722222222221966e+01
1.267361111111110894e+01
1.284722222222221966e+01
1.336805555555555358e+01
1.423611111111110894e+01
1.545138888888888751e+01
1.701388888888888928e+01
1.892361111111110716e+01
2.118055555555555713e+01
2.378472222222222143e+01
2.673611111111110716e+01
3.003472222222222854e+01
3.368055555555555713e+01
3.767361111111110716e+01
3.506944444444444287e+01
3.107638888888888573e+01
2.743055555555555713e+01
2.413194444444444287e+01
2.118055555555555003e+01
1.857638888888888573e+01
1.631944444444444287e+01
1.440972222222221966e+01
1.284722222222221966e+01
1.163194444444444287e+01
1.076388888888888751e+01
1.024305555555555358e+01
1.006944444444444287e+01
1.024305555555555358e+01
1.076388888888888751e+01
1.163194444444444287e+01
1.284722222222222143e+01
1.440972222222222321e+01
1.631944444444444287e+01
1.857638888888888928e+01
2.118055555555555713e+01
2.413194444444444287e+01
2.743055555555556424e+01
3.107638888888889284e+01
3.506944444444444287e+01
3.281250000000000000e+01
2.881944444444444287e+01
2.517361111111111427e+01
2.187500000000000000e+01
1.892361111111110716e+01
1.631944444444444287e+01
1.406250000000000000e+01
1.215277777777777679e+01
1.059027777777777679e+01
9.375000000000000000e+00
8.506944444444442865e+00
7.986111111111110716e+00
7.812500000000000000e+00
7.986111111111111605e+00
8.506944444444446418e+00
9.375000000000000000e+00
1.059027777777777857e+01
1.215277777777778034e+01
1.406250000000000000e+01
1.631944444444444642e+01
1.892361111111111427e+01
2.187500000000000000e+01
2.517361111111112137e+01
2.881944444444444997e+01
3.281250000000000000e+01
3.090277777777777857e+01
2.690972222222222143e+01
2.326388888888889284e+01
1.996527777777777857e+01
1.701388888888888573e+01
1.440972222222221966e+01
1.215277777777777679e+01
1.024305555555555358e+01
8.680555555555553582e+00
7.465277777777776791e+00
6.597222222222220545e+00
6.076388888888887507e+00
5.902777777777776791e+00
6.076388888888888395e+00
6.597222222222222321e+00
7.465277777777776791e+00
8.680555555555555358e+00
1.024305555555555713e+01
1.215277777777777679e+01
1.440972222222222321e+01
1.701388888888889284e+01
1.996527777777777857e+01
2.326388888888889994e+01
2.690972222222222854e+01
3.090277777777777857e+01
2.934027777777777857e+01
2.534722222222222143e+01
2.170138888888889284e+01
1.840277777777777857e+01
1.545138888888888573e+01
1.284722222222221966e+01
1.059027777777777679e+01
8.680555555555553582e+00
7.118055555555554470e+00
5.902777777777776791e+00
5.034722222222221433e+00
4.513888888888887507e+00
4.340277777777776791e+00
4.513888888888888395e+00
5.034722222222223209e+00
5.902777777777776791e+00
7.118055555555555358e+00
8.680555555555557135e+00
1.059027777777777679e+01
1.284722222222222321e+01
1.545138888888889106e+01
1.840277777777777857e+01
2.170138888888889994e+01
2.534722222222222854e+01
2.934027777777777857e+01
2.812500000000000000e+01
2.413194444444444287e+01
2.048611111111111427e+01
1.718750000000000000e+01
1.423611111111110894e+01
1.163194444444444287e+01
9.375000000000000000e+00
7.465277777777776791e+00
5.902777777777776791e+00
4.687500000000000000e+00
3.819444444444443754e+00
3.298611111111110716e+00
3.125000000000000000e+00
3.298611111111111605e+00
3.819444444444445530e+00
4.687500000000000000e+00
5.902777777777778567e+00
7.465277777777780344e+00
9.375000000000000000e+00
1.163194444444444642e+01
1.423611111111111427e+01
1.718750000000000000e+01
2.048611111111112137e+01
2.413194444444444997e+01
2.812500000000000000e+01
2.725694444444444287e+01
2.326388888888888573e+01
1.961805555555555713e+01
1.631944444444444287e+01
1.336805555555555358e+01
1.076388888888888751e+01
8.506944444444442865e+00
6.597222222222220545e+00
5.034722222222221433e+00
3.819444444444443754e+00
2.951388888888887951e+00
2.430555555555554470e+00
2.256944444444443754e+00
2.430555555555555358e+00
2.951388888888889284e+00
3.819444444444443754e+00
5.034722222222222321e+00
6.597222222222224097e+00
8.506944444444442865e+00
1.076388888888889106e+01
1.336805555555555891e+01
1.631944444444444287e+01
1.961805555555556424e+01
2.326388888888889284e+01
2.725694444444444287e+01
2.673611111111111072e+01
2.274305555555555358e+01
1.909722222222222499e+01
1.579861111111111072e+01
1.284722222222221966e+01
1.024305555555555358e+01
7.986111111111110716e+00
6.076388888888887507e+00
4.513888888888887507e+00
3.298611111111110716e+00
2.430555555555554470e+00
1.909722222222221211e+00
1.736111111111110716e+00
1.909722222222221877e+00
2.430555555555556246e+00
3.298611111111110716e+00
4.513888888888889284e+00
6.076388888888891060e+00
7.986111111111110716e+00
1.024305555555555713e+01
1.284722222222222499e+01
1.579861111111111072e+01
1.909722222222223209e+01
2.274305555555556069e+01
2.673611111111111072e+01
2.656250000000000000e+01
2.256944444444444287e+01
1.892361111111111427e+01
1.562500000000000000e+01
1.267361111111110894e+01
1.006944444444444287e+01
7.812500000000000000e+00
5.902777777777776791e+00
4.340277777777776791e+00
3.125000000000000000e+00
2.256944444444443754e+00
1.736111111111110716e+00
1.562500000000000000e+00
1.736111111111111382e+00
2.256944444444445530e+00
3.125000000000000000e+00
4.340277777777778567e+00
5.902777777777780344e+00
7.812500000000000000e+00
1.006944444444444642e+01
1.267361111111111427e+01
1.562500000000000000e+01
1.892361111111112137e+01
2.256944444444444997e+01
2.656250000000000000e+01
2.673611111111111072e+01
2.274305555555555358e+01
1.909722222222222499e+01
1.579861111111111072e+01
1.284722222222221966e+01
1.024305555555555358e+01
7.986111111111111605e+00
6.076388888888888395e+00
4.513888888888888395e+00
3.298611111111111605e+00
2.430555555555555358e+00
1.909722222222221877e+00
1.736111111111111382e+00
1.909722222222222765e+00
2.430555555555556690e+00
3.298611111111111605e+00
4.513888888888889284e+00
6.076388888888891948e+00
7.986111111111111605e+00
1.024305555555555713e+01
1.284722222222222499e+01
1.579861111111111072e+01
1.909722222222223209e+01
2.274305555555556069e+01
2.673611111111111072e+01
2.725694444444444642e+01
2.326388888888888928e+01
1.961805555555556069e+01
1.631944444444444287e+01
1.336805555555555358e+01
1.076388888888888751e+01
8.506944444444446418e+00
6.597222222222222321e+00
5.034722222222223209e+00
3.819444444444445530e+00
2.951388888888889284e+00
2.430555555555556246e+00
2.256944444444445530e+00
2.430555555555556690e+00
2.951388888888891060e+00
3.819444444444445530e+00
5.034722222222224097e+00
6.597222222222225874e+00
8.506944444444446418e+00
1.076388888888889106e+01
1.336805555555555891e+01
1.631944444444444287e+01
1.961805555555556779e+01
2.326388888888889639e+01
2.725694444444444642e+01
2.812500000000000000e+01
2.413194444444444287e+01
2.048611111111111427e+01
1.718750000000000000e+01
1.423611111111110894e+01
1.163194444444444287e+01
9.375000000000000000e+00
7.465277777777776791e+00
5.902777777777776791e+00
4.687500000000000000e+00
3.819444444444443754e+00
3.298611111111110716e+00
3.125000000000000000e+00
3.298611111111111605e+00
3.819444444444445530e+00
4.687500000000000000e+00
5.902777777777778567e+00
7.465277777777780344e+00
9.375000000000000000e+00
1.163194444444444642e+01
1.423611111111111427e+01
1.718750000000000000e+01
2.048611111111112137e+01
2.413194444444444997e+01
2.812500000000000000e+01
2.934027777777777857e+01
2.534722222222222143e+01
2.170138888888889284e+01
1.840277777777777857e+01
1.545138888888888751e+01
1.284722222222222143e+01
1.059027777777777857e+01
8.680555555555555358e+00
7.118055555555555358e+00
5.902777777777778567e+00
5.034722222222222321e+00
4.513888888888889284e+00
4.340277777777778567e+00
4.513888888888889284e+00
5.034722222222224097e+00
5.902777777777778567e+00
7.118055555555557135e+00
8.680555555555558911e+00
1.059027777777777857e+01
1.284722222222222499e+01
1.545138888888889284e+01
1.840277777777777857e+01
2.170138888888889994e+01
2.534722222222222854e+01
2.934027777777777857e+01
3.090277777777777857e+01
2.690972222222222143e+01
2.326388888888889284e+01
1.996527777777777857e+01
1.701388888888888928e+01
1.440972222222222321e+01
1.215277777777778034e+01
1.024305555555555713e+01
8.680555555555557135e+00
7.465277777777780344e+00
6.597222222222224097e+00
6.076388888888891060e+00
5.902777777777780344e+00
6.076388888888891948e+00
6.597222222222225874e+00
7.465277777777780344e+00
8.680555555555558911e+00
1.024305555555556069e+01
1.215277777777778034e+01
1.440972222222222676e+01
1.701388888888889284e+01
1.996527777777777857e+01
2.326388888888889994e+01
2.690972222222222854e+01
3.090277777777777857e+01
3.281250000000000000e+01
2.881944444444444287e+01
2.517361111111111427e+01
2.187500000000000000e+01
1.892361111111110716e+01
1.631944444444444287e+01
1.406250000000000000e+01
1.215277777777777679e+01
1.059027777777777679e+01
9.375000000000000000e+00
8.506944444444442865e+00
7.986111111111110716e+00
7.812500000000000000e+00
7.986111111111111605e+00
8.506944444444446418e+00
9.375000000000000000e+00
1.059027777777777857e+01
1.215277777777778034e+01
1.406250000000000000e+01
1.631944444444444642e+01
1.892361111111111427e+01
2.187500000000000000e+01
2.517361111111112137e+01
2.881944444444444997e+01
3.281250000000000000e+01
3.506944444444444287e+01
3.107638888888888928e+01
2.743055555555556069e+01
2.413194444444444642e+01
2.118055555555555713e+01
1.857638888888888928e+01
1.631944444444444642e+01
1.440972222222222321e+01
1.284722222222222321e+01
1.163194444444444642e+01
1.076388888888889106e+01
1.024305555555555713e+01
1.006944444444444642e+01
1.024305555555555713e+01
1.076388888888889106e+01
1.163194444444444642e+01
1.284722222222222499e+01
1.440972222222222676e+01
1.631944444444444642e+01
1.857638888888889284e+01
2.118055555555556069e+01
2.413194444444444642e+01
2.743055555555556779e+01
3.107638888888889639e+01
3.506944444444444287e+01
3.767361111111111427e+01
3.368055555555555713e+01
3.003472222222222854e+01
2.673611111111111427e+01
2.378472222222222143e+01
2.118055555555555713e+01
1.892361111111111427e+01
1.701388888888889284e+01
1.545138888888889106e+01
1.423611111111111427e+01
1.336805555555555891e+01
1.284722222222222499e+01
1.267361111111111427e+01
1.284722222222222499e+01
1.336805555555555891e+01
1.423611111111111427e+01
1.545138888888889284e+01
1.701388888888889284e+01
1.892361111111111427e+01
2.118055555555556069e+01
2.378472222222222854e+01
2.673611111111111427e+01
3.003472222222223564e+01
3.368055555555556424e+01
3.767361111111111427e+01
4.062500000000000000e+01
3.663194444444444287e+01
3.298611111111111427e+01
2.968750000000000000e+01
2.673611111111110716e+01
2.413194444444444287e+01
2.187500000000000000e+01
1.996527777777777857e+01
1.840277777777777857e+01
1.718750000000000000e+01
1.631944444444444287e+01
1.579861111111111072e+01
1.562500000000000000e+01
1.579861111111111072e+01
1.631944444444444287e+01
1.718750000000000000e+01
1.840277777777777857e+01
1.996527777777777857e+01
2.187500000000000000e+01
2.413194444444444642e+01
2.673611111111111427e+01
2.968750000000000000e+01
3.298611111111112137e+01
3.663194444444444997e+01
4.062500000000000000e+01
4.392361111111112137e+01
3.993055555555556424e+01
3.628472222222223564e+01
3.298611111111112137e+01
3.003472222222222854e+01
2.743055555555556424e+01
2.517361111111112137e+01
2.326388888888889994e+01
2.170138888888889994e+01
2.048611111111112137e+01
1.961805555555556424e+01
1.909722222222223209e+01
1.892361111111112137e+01
1.909722222222223209e+01
1.961805555555556779e+01
2.048611111111112137e+01
2.170138888888889994e+01
2.326388888888889994e+01
2.517361111111112137e+01
2.743055555555556779e+01
3.003472222222223564e+01
3.298611111111112137e+01
3.628472222222224275e+01
3.993055555555557135e+01
4.392361111111112137e+01
4.756944444444444997e+01
4.357638888888889284e+01
3.993055555555556424e+01
3.663194444444444997e+01
3.368055555555555713e+01
3.107638888888889284e+01
2.881944444444444997e+01
2.690972222222222854e+01
2.534722222222222854e+01
2.413194444444444997e+01
2.326388888888889284e+01
2.274305555555556069e+01
2.256944444444444997e+01
2.274305555555556069e+01
2.326388888888889639e+01
2.413194444444444997e+01
2.534722222222222854e+01
2.690972222222222854e+01
2.881944444444444997e+01
3.107638888888889639e+01
3.368055555555556424e+01
3.663194444444444997e+01
3.993055555555557135e+01
4.357638888888889994e+01
4.756944444444444997e+01
5.156250000000000000e+01
4.756944444444444287e+01
4.392361111111111427e+01
4.062500000000000000e+01
3.767361111111110716e+01
3.506944444444444287e+01
3.281250000000000000e+01
3.090277777777777857e+01
2.934027777777777857e+01
2.812500000000000000e+01
2.725694444444444287e+01
2.673611111111111072e+01
2.656250000000000000e+01
2.673611111111111072e+01
2.725694444444444642e+01
2.812500000000000000e+01
2.934027777777777857e+01
3.090277777777777857e+01
3.281250000000000000e+01
3.506944444444444287e+01
3.767361111111111427e+01
4.062500000000000000e+01
4.392361111111112137e+01
4.756944444444444997e+01
5.156250000000000000e+01
5.277777777777777857e+01
4.878472222222222143e+01
4.513888888888889284e+01
4.184027777777777857e+01
3.888888888888888573e+01
3.628472222222222143e+01
3.402777777777777857e+01
3.211805555555555713e+01
3.055555555555555713e+01
2.934027777777777857e+01
2.847222222222222143e+01
2.795138888888888928e+01
2.777777777777777857e+01
2.795138888888888928e+01
2.847222222222222499e+01
2.934027777777777857e+01
3.055555555555555713e+01
3.211805555555555713e+01
3.402777777777777857e+01
3.628472222222222143e+01
3.888888888888889284e+01
4.184027777777777857e+01
4.513888888888889994e+01
4.878472222222222854e+01
5.277777777777777857e+01
4.878472222222222143e+01
4.479166666666666430e+01
4.114583333333333570e+01
3.784722222222222143e+01
3.489583333333332860e+01
3.229166666666666430e+01
3.003472222222222143e+01
2.812500000000000000e+01
2.656250000000000000e+01
2.534722222222222143e+01
2.447916666666666430e+01
2.395833333333333215e+01
2.378472222222222143e+01
2.395833333333333215e+01
2.447916666666666785e+01
2.534722222222222143e+01
2.656250000000000000e+01
2.812500000000000000e+01
3.003472222222222143e+01
3.229166666666667140e+01
3.489583333333333570e+01
3.784722222222222143e+01
4.114583333333334281e+01
4.479166666666667140e+01
4.878472222222222143e+01
4.513888888888889284e+01
4.114583333333333570e+01
3.750000000000000711e+01
3.420138888888889284e+01
3.125000000000000000e+01
2.864583333333333570e+01
2.638888888888889284e+01
2.447916666666667140e+01
2.291666666666667140e+01
2.170138888888889284e+01
2.083333333333333570e+01
2.031250000000000355e+01
2.013888888888889284e+01
2.031250000000000355e+01
2.083333333333333925e+01
2.170138888888889284e+01
2.291666666666667140e+01
2.447916666666667140e+01
2.638888888888889284e+01
2.864583333333333925e+01
3.125000000000000711e+01
3.420138888888889284e+01
3.750000000000001421e+01
4.114583333333334281e+01
4.513888888888889284e+01
4.184027777777777857e+01
3.784722222222222143e+01
3.420138888888889284e+01
3.090277777777777857e+01
2.795138888888888573e+01
2.534722222222222143e+01
2.309027777777777857e+01
2.118055555555555713e+01
1.961805555555555713e+01
1.840277777777777857e+01
1.753472222222222143e+01
1.701388888888888928e+01
1.684027777777777857e+01
1.701388888888888928e+01
1.753472222222222143e+01
1.840277777777777857e+01
1.961805555555555713e+01
2.118055555555555713e+01
2.309027777777777857e+01
2.534722222222222499e+01
2.795138888888889284e+01
3.090277777777777857e+01
3.420138888888889994e+01
3.784722222222222854e+01
4.184027777777777857e+01
3.888888888888888573e+01
3.489583333333332860e+01
3.125000000000000000e+01
2.795138888888888573e+01
2.499999999999999645e+01
2.239583333333332860e+01
2.013888888888888573e+01
1.822916666666666430e+01
1.666666666666666430e+01
1.545138888888888751e+01
1.458333333333333215e+01
1.406249999999999822e+01
1.388888888888888751e+01
1.406249999999999822e+01
1.458333333333333215e+01
1.545138888888888751e+01
1.666666666666666430e+01
1.822916666666666785e+01
2.013888888888888573e+01
2.239583333333333570e+01
2.500000000000000000e+01
2.795138888888888573e+01
3.125000000000000711e+01
3.489583333333333570e+01
3.888888888888888573e+01
3.628472222222222143e+01
3.229166666666666430e+01
2.864583333333333570e+01
2.534722222222222143e+01
2.239583333333332860e+01
1.979166666666666430e+01
1.753472222222222143e+01
1.562499999999999822e+01
1.406249999999999822e+01
1.284722222222222143e+01
1.197916666666666607e+01
1.145833333333333215e+01
1.128472222222222143e+01
1.145833333333333215e+01
1.197916666666666607e+01
1.284722222222222143e+01
1.406250000000000000e+01
1.562500000000000178e+01
1.753472222222222143e+01
1.979166666666666785e+01
2.239583333333333570e+01
2.534722222222222143e+01
2.864583333333334281e+01
3.229166666666667140e+01
3.628472222222222143e+01
3.402777777777777857e+01
3.003472222222222143e+01
2.638888888888889284e+01
2.309027777777777857e+01
2.013888888888888573e+01
1.753472222222222143e+01
1.527777777777777857e+01
1.336805555555555536e+01
1.180555555555555536e+01
1.059027777777777857e+01
9.722222222222221433e+00
9.201388888888889284e+00
9.027777777777778567e+00
9.201388888888889284e+00
9.722222222222224985e+00
1.059027777777777857e+01
1.180555555555555713e+01
1.336805555555555891e+01
1.527777777777777857e+01
1.753472222222222499e+01
2.013888888888889284e+01
2.309027777777777857e+01
2.638888888888889994e+01
3.003472222222222854e+01
3.402777777777777857e+01
3.211805555555555713e+01
2.812500000000000000e+01
2.447916666666667140e+01
2.118055555555555713e+01
1.822916666666666430e+01
1.562499999999999822e+01
1.336805555555555536e+01
1.145833333333333215e+01
9.895833333333332149e+00
8.680555555555555358e+00
7.812499999999999112e+00
7.291666666666666075e+00
7.118055555555555358e+00
7.291666666666666963e+00
7.812500000000000888e+00
8.680555555555555358e+00
9.895833333333333925e+00
1.145833333333333570e+01
1.336805555555555536e+01
1.562500000000000178e+01
1.822916666666667140e+01
2.118055555555555713e+01
2.447916666666667851e+01
2.812500000000000711e+01
3.211805555555555713e+01
3.055555555555555713e+01
2.656250000000000000e+01
2.291666666666667140e+01
1.961805555555555713e+01
1.666666666666666430e+01
1.406249999999999822e+01
1.180555555555555536e+01
9.895833333333332149e+00
8.333333333333332149e+00
7.118055555555555358e+00
6.250000000000000000e+00
5.729166666666666075e+00
5.555555555555555358e+00
5.729166666666666963e+00
6.250000000000001776e+00
7.118055555555555358e+00
8.333333333333333925e+00
9.895833333333335702e+00
1.180555555555555536e+01
1.406250000000000178e+01
1.666666666666667140e+01
1.961805555555555713e+01
2.291666666666667851e+01
2.656250000000000711e+01
3.055555555555555713e+01
2.934027777777777857e+01
2.534722222222222143e+01
2.170138888888889284e+01
1.840277777777777857e+01
1.545138888888888751e+01
1.284722222222222143e+01
1.059027777777777857e+01
8.680555555555555358e+00
7.118055555555555358e+00
5.902777777777778567e+00
5.034722222222222321e+00
4.513888888888889284e+00
4.340277777777778567e+00
4.513888888888890172e+00
5.034722222222224097e+00
5.902777777777778567e+00
7.118055555555557135e+00
8.680555555555558911e+00
1.059027777777777857e+01
1.284722222222222499e+01
1.545138888888889284e+01
1.840277777777777857e+01
2.170138888888889994e+01
2.534722222222222854e+01
2.934027777777777857e+01
2.847222222222222143e+01
2.447916666666666430e+01
2.083333333333333570e+01
1.753472222222222143e+01
1.458333333333333215e+01
1.197916666666666607e+01
9.722222222222221433e+00
7.812499999999999112e+00
6.250000000000000000e+00
5.034722222222222321e+00
4.166666666666666075e+00
3.645833333333333037e+00
3.472222222222222321e+00
3.645833333333333925e+00
4.166666666666667851e+00
5.034722222222222321e+00
6.250000000000000888e+00
7.812500000000002665e+00
9.722222222222221433e+00
1.197916666666666963e+01
1.458333333333333748e+01
1.753472222222222143e+01
2.083333333333334281e+01
2.447916666666667140e+01
2.847222222222222143e+01
2.795138888888888928e+01
2.395833333333333215e+01
2.031250000000000355e+01
1.701388888888888928e+01
1.406249999999999822e+01
1.145833333333333215e+01
9.201388888888889284e+00
7.291666666666666075e+00
5.729166666666666075e+00
4.513888888888889284e+00
3.645833333333333037e+00
3.125000000000000000e+00
2.951388888888889284e+00
3.125000000000000444e+00
3.645833333333334814e+00
4.513888888888889284e+00
5.729166666666667851e+00
7.291666666666669627e+00
9.201388888888889284e+00
1.145833333333333570e+01
1.406250000000000355e+01
1.701388888888888928e+01
2.031250000000001066e+01
2.395833333333333925e+01
2.795138888888888928e+01
2.777777777777777857e+01
2.378472222222222143e+01
2.013888888888889284e+01
1.684027777777777857e+01
1.388888888888888751e+01
1.128472222222222143e+01
9.027777777777778567e+00
7.118055555555555358e+00
5.555555555555555358e+00
4.340277777777778567e+00
3.472222222222222321e+00
2.951388888888889284e+00
2.777777777777778567e+00
2.951388888888889728e+00
3.472222222222224097e+00
4.340277777777778567e+00
5.555555555555557135e+00
7.118055555555558911e+00
9.027777777777778567e+00
1.128472222222222499e+01
1.388888888888889284e+01
1.684027777777777857e+01
2.013888888888889994e+01
2.378472222222222854e+01
2.777777777777777857e+01
2.795138888888888928e+01
2.395833333333333215e+01
2.031250000000000355e+01
1.701388888888888928e+01
1.406249999999999822e+01
1.145833333333333215e+01
9.201388888888889284e+00
7.291666666666666963e+00
5.729166666666666963e+00
4.513888888888890172e+00
3.645833333333333925e+00
3.125000000000000444e+00
2.951388888888889728e+00
3.125000000000001332e+00
3.645833333333335258e+00
4.513888888888890172e+00
5.729166666666667851e+00
7.291666666666670515e+00
9.201388888888889284e+00
1.145833333333333570e+01
1.406250000000000355e+01
1.701388888888888928e+01
2.031250000000001066e+01
2.395833333333333925e+01
2.795138888888888928e+01
2.847222222222222499e+01
2.447916666666666785e+01
2.083333333333333925e+01
1.753472222222222143e+01
1.458333333333333215e+01
1.197916666666666607e+01
9.722222222222224985e+00
7.812500000000000888e+00
6.250000000000001776e+00
5.034722222222224097e+00
4.166666666666667851e+00
3.645833333333334814e+00
3.472222222222224097e+00
3.645833333333335258e+00
4.166666666666669627e+00
5.034722222222224097e+00
6.250000000000002665e+00
7.812500000000004441e+00
9.722222222222224985e+00
1.197916666666666963e+01
1.458333333333333748e+01
1.753472222222222143e+01
2.083333333333334636e+01
2.447916666666667496e+01
2.847222222222222499e+01
2.934027777777777857e+01
2.534722222222222143e+01
2.170138888888889284e+01
1.840277777777777857e+01
1.545138888888888751e+01
1.284722222222222143e+01
1.059027777777777857e+01
8.680555555555555358e+00
7.118055555555555358e+00
5.902777777777778567e+00
5.034722222222222321e+00
4.513888888888889284e+00
4.340277777777778567e+00
4.513888888888890172e+00
5.034722222222224097e+00
5.902777777777778567e+00
7.118055555555557135e+00
8.680555555555558911e+00
1.059027777777777857e+01
1.284722222222222499e+01
1.545138888888889284e+01
1.840277777777777857e+01
2.170138888888889994e+01
2.534722222222222854e+01
2.934027777777777857e+01
3.055555555555555713e+01
2.656250000000000000e+01
2.291666666666667140e+01
1.961805555555555713e+01
1.666666666666666430e+01
1.406250000000000000e+01
1.180555555555555713e+01
9.895833333333333925e+00
8.333333333333333925e+00
7.118055555555557135e+00
6.250000000000000888e+00
5.729166666666667851e+00
5.555555555555557135e+00
5.729166666666667851e+00
6.250000000000002665e+00
7.118055555555557135e+00
8.333333333333335702e+00
9.895833333333337478e+00
1.180555555555555713e+01
1.406250000000000355e+01
1.666666666666667140e+01
1.961805555555555713e+01
2.291666666666667851e+01
2.656250000000000711e+01
3.055555555555555713e+01
3.211805555555555713e+01
2.812500000000000000e+01
2.447916666666667140e+01
2.118055555555555713e+01
1.822916666666666785e+01
1.562500000000000178e+01
1.336805555555555891e+01
1.145833333333333570e+01
9.895833333333335702e+00
8.680555555555558911e+00
7.812500000000002665e+00
7.291666666666669627e+00
7.118055555555558911e+00
7.291666666666670515e+00
7.812500000000004441e+00
8.680555555555558911e+00
9.895833333333337478e+00
1.145833333333333925e+01
1.336805555555555891e+01
1.562500000000000533e+01
1.822916666666667140e+01
2.118055555555555713e+01
2.447916666666667851e+01
2.812500000000000711e+01
3.211805555555555713e+01
3.402777777777777857e+01
3.003472222222222143e+01
2.638888888888889284e+01
2.309027777777777857e+01
2.013888888888888573e+01
1.753472222222222143e+01
1.527777777777777857e+01
1.336805555555555536e+01
1.180555555555555536e+01
1.059027777777777857e+01
9.722222222222221433e+00
9.201388888888889284e+00
9.027777777777778567e+00
9.201388888888889284e+00
9.722222222222224985e+00
1.059027777777777857e+01
1.180555555555555713e+01
1.336805555555555891e+01
1.527777777777777857e+01
1.753472222222222499e+01
2.013888888888889284e+01
2.309027777777777857e+01
2.638888888888889994e+01
3.003472222222222854e+01
3.402777777777777857e+01
3.628472222222222143e+01
3.229166666666667140e+01
2.864583333333333925e+01
2.534722222222222499e+01
2.239583333333333570e+01
1.979166666666666785e+01
1.753472222222222499e+01
1.562500000000000178e+01
1.406250000000000178e+01
1.284722222222222499e+01
1.197916666666666963e+01
1.145833333333333570e+01
1.128472222222222499e+01
1.145833333333333570e+01
1.197916666666666963e+01
1.284722222222222499e+01
1.406250000000000355e+01
1.562500000000000533e+01
1.753472222222222499e+01
1.979166666666667140e+01
2.239583333333333925e+01
2.534722222222222499e+01
2.864583333333334636e+01
3.229166666666667140e+01
3.628472222222222143e+01
3.888888888888889284e+01
3.489583333333333570e+01
3.125000000000000711e+01
2.795138888888889284e+01
2.500000000000000000e+01
2.239583333333333570e+01
2.013888888888889284e+01
1.822916666666667140e+01
1.666666666666667140e+01
1.545138888888889284e+01
1.458333333333333748e+01
1.406250000000000355e+01
1.388888888888889284e+01
1.406250000000000355e+01
1.458333333333333748e+01
1.545138888888889284e+01
1.666666666666667140e+01
1.822916666666667140e+01
2.013888888888889284e+01
2.239583333333333925e+01
2.500000000000000711e+01
2.795138888888889284e+01
3.125000000000001421e+01
3.489583333333334281e+01
3.888888888888889284e+01
4.184027777777777857e+01
3.784722222222222143e+01
3.420138888888889284e+01
3.090277777777777857e+01
2.795138888888888573e+01
2.534722222222222143e+01
2.309027777777777857e+01
2.118055555555555713e+01
1.961805555555555713e+01
1.840277777777777857e+01
1.753472222222222143e+01
1.701388888888888928e+01
1.684027777777777857e+01
1.701388888888888928e+01
1.753472222222222143e+01
1.840277777777777857e+01
1.961805555555555713e+01
2.118055555555555713e+01
2.309027777777777857e+01
2.534722222222222499e+01
2.795138888888889284e+01
3.090277777777777857e+01
3.420138888888889994e+01
3.784722222222222854e+01
4.184027777777777857e+01
4.513888888888889994e+01
4.114583333333334281e+01
3.750000000000001421e+01
3.420138888888889994e+01
3.125000000000000711e+01
2.864583333333334281e+01
2.638888888888889994e+01
2.447916666666667851e+01
2.291666666666667851e+01
2.170138888888889994e+01
2.083333333333334281e+01
2.031250000000001066e+01
2.013888888888889994e+01
2.031250000000001066e+01
2.083333333333334636e+01
2.170138888888889994e+01
2.291666666666667851e+01
2.447916666666667851e+01
2.638888888888889994e+01
2.864583333333334636e+01
3.125000000000001421e+01
3.420138888888889994e+01
3.750000000000002132e+01
4.114583333333334991e+01
4.513888888888889994e+01
4.878472222222222854e+01
4.479166666666667140e+01
4.114583333333334281e+01
3.784722222222222854e+01
3.489583333333333570e+01
3.229166666666667140e+01
3.003472222222222854e+01
2.812500000000000711e+01
2.656250000000000711e+01
2.534722222222222854e+01
2.447916666666667140e+01
2.395833333333333925e+01
2.378472222222222854e+01
2.395833333333333925e+01
2.447916666666667496e+01
2.534722222222222854e+01
2.656250000000000711e+01
2.812500000000000711e+01
3.003472222222222854e+01
3.229166666666667140e+01
3.489583333333334281e+01
3.784722222222222854e+01
4.114583333333334991e+01
4.479166666666667851e+01
4.878472222222222854e+01
5.277777777777777857e+01
4.878472222222222143e+01
4.513888888888889284e+01
4.184027777777777857e+01
3.888888888888888573e+01
3.628472222222222143e+01
3.402777777777777857e+01
3.211805555555555713e+01
3.055555555555555713e+01
2.934027777777777857e+01
2.847222222222222143e+01
2.795138888888888928e+01
2.777777777777777857e+01
2.795138888888888928e+01
2.847222222222222499e+01
2.934027777777777857e+01
3.055555555555555713e+01
3.211805555555555713e+01
3.402777777777777857e+01
3.628472222222222143e+01
3.888888888888889284e+01
4.184027777777777857e+01
4.513888888888889994e+01
4.878472222222222854e+01
5.277777777777777857e+01
5.434027777777777857e+01
5.034722222222222143e+01
4.670138888888889284e+01
4.340277777777777857e+01
4.045138888888888573e+01
3.784722222222222143e+01
3.559027777777777857e+01
3.368055555555555713e+01
3.211805555555555713e+01
3.090277777777777857e+01
3.003472222222222143e+01
2.951388888888889284e+01
2.934027777777777857e+01
2.951388888888889284e+01
3.003472222222222854e+01
3.090277777777777857e+01
3.211805555555555713e+01
3.368055555555555713e+01
3.559027777777777857e+01
3.784722222222222143e+01
4.045138888888889284e+01
4.340277777777777857e+01
4.670138888888889994e+01
5.034722222222222854e+01
5.434027777777777857e+01
5.034722222222222143e+01
4.635416666666666430e+01
4.270833333333333570e+01
3.940972222222222143e+01
3.645833333333332860e+01
3.385416666666666430e+01
3.159722222222222143e+01
2.968750000000000000e+01
2.812500000000000000e+01
2.690972222222222143e+01
2.604166666666666430e+01
2.552083333333333570e+01
2.534722222222222143e+01
2.552083333333333570e+01
2.604166666666667140e+01
2.690972222222222143e+01
2.812500000000000000e+01
2.968750000000000000e+01
3.159722222222222143e+01
3.385416666666667140e+01
3.645833333333333570e+01
3.940972222222222143e+01
4.270833333333334281e+01
4.635416666666667140e+01
5.034722222222222143e+01
4.670138888888889284e+01
4.270833333333333570e+01
3.906250000000000711e+01
3.576388888888889284e+01
3.281250000000000000e+01
3.020833333333333570e+01
2.795138888888889284e+01
2.604166666666667140e+01
2.447916666666667140e+01
2.326388888888889284e+01
2.239583333333333570e+01
2.187500000000000711e+01
2.170138888888889284e+01
2.187500000000000711e+01
2.239583333333334281e+01
2.326388888888889284e+01
2.447916666666667140e+01
2.604166666666667140e+01
2.795138888888889284e+01
3.020833333333334281e+01
3.281250000000000711e+01
3.576388888888889284e+01
3.906250000000001421e+01
4.270833333333334281e+01
4.670138888888889284e+01
4.340277777777777857e+01
3.940972222222222143e+01
3.576388888888889284e+01
3.246527777777777857e+01
2.951388888888888573e+01
2.690972222222222143e+01
2.465277777777777857e+01
2.274305555555555713e+01
2.118055555555555713e+01
1.996527777777777857e+01
1.909722222222222499e+01
1.857638888888889284e+01
1.840277777777777857e+01
1.857638888888889284e+01
1.909722222222222499e+01
1.996527777777777857e+01
2.118055555555555713e+01
2.274305555555555713e+01
2.465277777777777857e+01
2.690972222222222854e+01
2.951388888888889284e+01
3.246527777777777857e+01
3.576388888888889994e+01
3.940972222222222854e+01
4.340277777777777857e+01
4.045138888888888573e+01
3.645833333333332860e+01
3.281250000000000000e+01
2.951388888888888573e+01
2.656250000000000000e+01
2.395833333333332860e+01
2.170138888888888573e+01
1.979166666666666430e+01
1.822916666666666430e+01
1.701388888888888928e+01
1.614583333333333570e+01
1.562500000000000000e+01
1.545138888888888928e+01
1.562500000000000000e+01
1.614583333333333570e+01
1.701388888888888928e+01
1.822916666666666785e+01
1.979166666666667140e+01
2.170138888888888573e+01
2.395833333333333570e+01
2.656250000000000000e+01
2.951388888888888573e+01
3.281250000000000711e+01
3.645833333333333570e+01
4.045138888888888573e+01
3.784722222222222143e+01
3.385416666666666430e+01
3.020833333333333570e+01
2.690972222222222143e+01
2.395833333333332860e+01
2.135416666666666430e+01
1.909722222222222143e+01
1.718750000000000000e+01
1.562500000000000000e+01
1.440972222222222321e+01
1.354166666666666785e+01
1.302083333333333393e+01
1.284722222222222321e+01
1.302083333333333393e+01
1.354166666666666785e+01
1.440972222222222321e+01
1.562500000000000178e+01
1.718750000000000355e+01
1.909722222222222143e+01
2.135416666666667140e+01
2.395833333333333570e+01
2.690972222222222143e+01
3.020833333333334281e+01
3.385416666666667140e+01
3.784722222222222143e+01
3.559027777777777857e+01
3.159722222222222143e+01
2.795138888888889284e+01
2.465277777777777857e+01
2.170138888888888573e+01
1.909722222222222143e+01
1.684027777777777857e+01
1.493055555555555713e+01
1.336805555555555713e+01
1.215277777777778034e+01
1.128472222222222499e+01
1.076388888888889106e+01
1.059027777777778034e+01
1.076388888888889284e+01
1.128472222222222499e+01
1.215277777777778034e+01
1.336805555555555891e+01
1.493055555555556069e+01
1.684027777777777857e+01
1.909722222222222854e+01
2.170138888888889284e+01
2.465277777777777857e+01
2.795138888888889994e+01
3.159722222222222854e+01
3.559027777777777857e+01
3.368055555555555713e+01
2.968750000000000000e+01
2.604166666666667140e+01
2.274305555555555713e+01
1.979166666666666430e+01
1.718750000000000000e+01
1.493055555555555713e+01
1.302083333333333393e+01
1.145833333333333393e+01
1.024305555555555713e+01
9.375000000000000000e+00
8.854166666666667851e+00
8.680555555555557135e+00
8.854166666666667851e+00
9.375000000000003553e+00
1.024305555555555713e+01
1.145833333333333570e+01
1.302083333333333748e+01
1.493055555555555713e+01
1.718750000000000355e+01
1.979166666666667140e+01
2.274305555555555713e+01
2.604166666666667851e+01
2.968750000000000711e+01
3.368055555555555713e+01
3.211805555555555713e+01
2.812500000000000000e+01
2.447916666666667140e+01
2.118055555555555713e+01
1.822916666666666430e+01
1.562500000000000000e+01
1.336805555555555713e+01
1.145833333333333393e+01
9.895833333333335702e+00
8.680555555555557135e+00
7.812500000000001776e+00
7.291666666666667851e+00
7.118055555555557135e+00
7.291666666666668739e+00
7.812500000000003553e+00
8.680555555555557135e+00
9.895833333333335702e+00
1.145833333333333748e+01
1.336805555555555713e+01
1.562500000000000355e+01
1.822916666666667140e+01
2.118055555555555713e+01
2.447916666666667851e+01
2.812500000000000711e+01
3.211805555555555713e+01
3.090277777777777857e+01
2.690972222222222143e+01
2.326388888888889284e+01
1.996527777777777857e+01
1.701388888888888928e+01
1.440972222222222321e+01
1.215277777777778034e+01
1.024305555555555713e+01
8.680555555555557135e+00
7.465277777777780344e+00
6.597222222222224097e+00
6.076388888888891060e+00
5.902777777777780344e+00
6.076388888888891948e+00
6.597222222222225874e+00
7.465277777777780344e+00
8.680555555555558911e+00
1.024305555555556069e+01
1.215277777777778034e+01
1.440972222222222676e+01
1.701388888888889284e+01
1.996527777777777857e+01
2.326388888888889994e+01
2.690972222222222854e+01
3.090277777777777857e+01
3.003472222222222143e+01
2.604166666666666430e+01
2.239583333333333570e+01
1.909722222222222499e+01
1.614583333333333570e+01
1.354166666666666785e+01
1.128472222222222499e+01
9.375000000000000000e+00
7.812500000000001776e+00
6.597222222222224097e+00
5.729166666666667851e+00
5.208333333333334814e+00
5.034722222222224097e+00
5.208333333333335702e+00
5.729166666666669627e+00
6.597222222222224097e+00
7.812500000000002665e+00
9.375000000000003553e+00
1.128472222222222499e+01
1.354166666666667140e+01
1.614583333333333925e+01
1.909722222222222499e+01
2.239583333333334281e+01
2.604166666666667140e+01
3.003472222222222143e+01
2.951388888888889284e+01
2.552083333333333570e+01
2.187500000000000711e+01
1.857638888888889284e+01
1.562500000000000000e+01
1.302083333333333393e+01
1.076388888888889106e+01
8.854166666666667851e+00
7.291666666666667851e+00
6.076388888888891060e+00
5.208333333333334814e+00
4.687500000000001776e+00
4.513888888888891060e+00
4.687500000000002665e+00
5.208333333333336590e+00
6.076388888888891060e+00
7.291666666666669627e+00
8.854166666666671404e+00
1.076388888888889106e+01
1.302083333333333748e+01
1.562500000000000533e+01
1.857638888888889284e+01
2.187500000000001421e+01
2.552083333333334281e+01
2.951388888888889284e+01
2.934027777777777857e+01
2.534722222222222143e+01
2.170138888888889284e+01
1.840277777777777857e+01
1.545138888888888928e+01
1.284722222222222321e+01
1.059027777777778034e+01
8.680555555555557135e+00
7.118055555555557135e+00
5.902777777777780344e+00
5.034722222222224097e+00
4.513888888888891060e+00
4.340277777777780344e+00
4.513888888888891948e+00
5.034722222222225874e+00
5.902777777777780344e+00
7.118055555555558911e+00
8.680555555555560687e+00
1.059027777777778034e+01
1.284722222222222676e+01
1.545138888888889461e+01
1.840277777777777857e+01
2.170138888888889994e+01
2.534722222222222854e+01
2.934027777777777857e+01
2.951388888888889284e+01
2.552083333333333570e+01
2.187500000000000711e+01
1.857638888888889284e+01
1.562500000000000000e+01
1.302083333333333393e+01
1.076388888888889284e+01
8.854166666666667851e+00
7.291666666666668739e+00
6.076388888888891948e+00
5.208333333333335702e+00
4.687500000000002665e+00
4.513888888888891948e+00
4.687500000000002665e+00
5.208333333333337478e+00
6.076388888888891948e+00
7.291666666666669627e+00
8.854166666666671404e+00
1.076388888888889284e+01
1.302083333333333748e+01
1.562500000000000533e+01
1.857638888888889284e+01
2.187500000000001421e+01
2.552083333333334281e+01
2.951388888888889284e+01
3.003472222222222854e+01
2.604166666666667140e+01
2.239583333333334281e+01
1.909722222222222499e+01
1.614583333333333570e+01
1.354166666666666785e+01
1.128472222222222499e+01
9.375000000000003553e+00
7.812500000000003553e+00
6.597222222222225874e+00
5.729166666666669627e+00
5.208333333333336590e+00
5.034722222222225874e+00
5.208333333333337478e+00
5.729166666666671404e+00
6.597222222222225874e+00
7.812500000000004441e+00
9.375000000000007105e+00
1.128472222222222499e+01
1.354166666666667140e+01
1.614583333333333925e+01
1.909722222222222499e+01
2.239583333333334991e+01
2.604166666666667851e+01
3.003472222222222854e+01
3.090277777777777857e+01
2.690972222222222143e+01
2.326388888888889284e+01
1.996527777777777857e+01
1.701388888888888928e+01
1.440972222222222321e+01
1.215277777777778034e+01
1.024305555555555713e+01
8.680555555555557135e+00
7.465277777777780344e+00
6.597222222222224097e+00
6.076388888888891060e+00
5.902777777777780344e+00
6.076388888888891948e+00
6.597222222222225874e+00
7.465277777777780344e+00
8.680555555555558911e+00
1.024305555555556069e+01
1.215277777777778034e+01
1.440972222222222676e+01
1.701388888888889284e+01
1.996527777777777857e+01
2.326388888888889994e+01
2.690972222222222854e+01
3.090277777777777857e+01
3.211805555555555713e+01
2.812500000000000000e+01
2.447916666666667140e+01
2.118055555555555713e+01
1.822916666666666785e+01
1.562500000000000178e+01
1.336805555555555891e+01
1.145833333333333570e+01
9.895833333333335702e+00
8.680555555555558911e+00
7.812500000000002665e+00
7.291666666666669627e+00
7.118055555555558911e+00
7.291666666666669627e+00
7.812500000000004441e+00
8.680555555555558911e+00
9.895833333333337478e+00
1.145833333333333925e+01
1.336805555555555891e+01
1.562500000000000533e+01
1.822916666666667140e+01
2.118055555555555713e+01
2.447916666666667851e+01
2.812500000000000711e+01
3.211805555555555713e+01
3.368055555555555713e+01
2.968750000000000000e+01
2.604166666666667140e+01
2.274305555555555713e+01
1.979166666666667140e+01
1.718750000000000355e+01
1.493055555555556069e+01
1.302083333333333748e+01
1.145833333333333748e+01
1.024305555555556069e+01
9.375000000000003553e+00
8.854166666666671404e+00
8.680555555555560687e+00
8.854166666666671404e+00
9.375000000000007105e+00
1.024305555555556069e+01
1.145833333333333925e+01
1.302083333333334103e+01
1.493055555555556069e+01
1.718750000000000711e+01
1.979166666666667496e+01
2.274305555555555713e+01
2.604166666666667851e+01
2.968750000000000711e+01
3.368055555555555713e+01
3.559027777777777857e+01
3.159722222222222143e+01
2.795138888888889284e+01
2.465277777777777857e+01
2.170138888888888573e+01
1.909722222222222143e+01
1.684027777777777857e+01
1.493055555555555713e+01
1.336805555555555713e+01
1.215277777777778034e+01
1.128472222222222499e+01
1.076388888888889106e+01
1.059027777777778034e+01
1.076388888888889284e+01
1.128472222222222499e+01
1.215277777777778034e+01
1.336805555555555891e+01
1.493055555555556069e+01
1.684027777777777857e+01
1.909722222222222854e+01
2.170138888888889284e+01
2.465277777777777857e+01
2.795138888888889994e+01
3.159722222222222854e+01
3.559027777777777857e+01
3.784722222222222143e+01
3.385416666666667140e+01
3.020833333333334281e+01
2.690972222222222854e+01
2.395833333333333570e+01
2.135416666666667140e+01
1.909722222222222854e+01
1.718750000000000355e+01
1.562500000000000355e+01
1.440972222222222676e+01
1.354166666666667140e+01
1.302083333333333748e+01
1.284722222222222676e+01
1.302083333333333748e+01
1.354166666666667140e+01
1.440972222222222676e+01
1.562500000000000533e+01
1.718750000000000711e+01
1.909722222222222854e+01
2.135416666666667140e+01
2.395833333333334281e+01
2.690972222222222854e+01
3.020833333333334991e+01
3.385416666666667851e+01
3.784722222222222143e+01
4.045138888888889284e+01
3.645833333333333570e+01
3.281250000000000711e+01
2.951388888888889284e+01
2.656250000000000000e+01
2.395833333333333570e+01
2.170138888888889284e+01
1.979166666666667140e+01
1.822916666666667140e+01
1.701388888888889284e+01
1.614583333333333925e+01
1.562500000000000533e+01
1.545138888888889461e+01
1.562500000000000533e+01
1.614583333333333925e+01
1.701388888888889284e+01
1.822916666666667140e+01
1.979166666666667496e+01
2.170138888888889284e+01
2.395833333333334281e+01
2.656250000000000711e+01
2.951388888888889284e+01
3.281250000000001421e+01
3.645833333333334281e+01
4.045138888888889284e+01
4.340277777777777857e+01
3.940972222222222143e+01
3.576388888888889284e+01
3.246527777777777857e+01
2.951388888888888573e+01
2.690972222222222143e+01
2.465277777777777857e+01
2.274305555555555713e+01
2.118055555555555713e+01
1.996527777777777857e+01
1.909722222222222499e+01
1.857638888888889284e+01
1.840277777777777857e+01
1.857638888888889284e+01
1.909722222222222499e+01
1.996527777777777857e+01
2.118055555555555713e+01
2.274305555555555713e+01
2.465277777777777857e+01
2.690972222222222854e+01
2.951388888888889284e+01
3.246527777777777857e+01
3.576388888888889994e+01
3.940972222222222854e+01
4.340277777777777857e+01
4.670138888888889994e+01
4.270833333333334281e+01
3.906250000000001421e+01
3.576388888888889994e+01
3.281250000000000711e+01
3.020833333333334281e+01
2.795138888888889994e+01
2.604166666666667851e+01
2.447916666666667851e+01
2.326388888888889994e+01
2.239583333333334281e+01
2.187500000000001421e+01
2.170138888888889994e+01
2.187500000000001421e+01
2.239583333333334991e+01
2.326388888888889994e+01
2.447916666666667851e+01
2.604166666666667851e+01
2.795138888888889994e+01
3.020833333333334991e+01
3.281250000000001421e+01
3.576388888888889994e+01
3.906250000000002132e+01
4.270833333333334991e+01
4.670138888888889994e+01
5.034722222222222854e+01
4.635416666666667140e+01
4.270833333333334281e+01
3.940972222222222854e+01
3.645833333333333570e+01
3.385416666666667140e+01
3.159722222222222854e+01
2.968750000000000711e+01
2.812500000000000711e+01
2.690972222222222854e+01
2.604166666666667140e+01
2.552083333333334281e+01
2.534722222222222854e+01
2.552083333333334281e+01
2.604166666666667851e+01
2.690972222222222854e+01
2.812500000000000711e+01
2.968750000000000711e+01
3.159722222222222854e+01
3.385416666666667851e+01
3.645833333333334281e+01
3.940972222222222854e+01
4.270833333333334991e+01
4.635416666666667851e+01
5.034722222222222854e+01
5.434027777777777857e+01
5.034722222222222143e+01
4.670138888888889284e+01
4.340277777777777857e+01
4.045138888888888573e+01
3.784722222222222143e+01
3.559027777777777857e+01
3.368055555555555713e+01
3.211805555555555713e+01
3.090277777777777857e+01
3.003472222222222143e+01
2.951388888888889284e+01
2.934027777777777857e+01
2.951388888888889284e+01
3.003472222222222854e+01
3.090277777777777857e+01
3.211805555555555713e+01
3.368055555555555713e+01
3.559027777777777857e+01
3.784722222222222143e+01
4.045138888888889284e+01
4.340277777777777857e+01
4.670138888888889994e+01
5.034722222222222854e+01
5.434027777777777857e+01
5.625000000000000000e+01
5.225694444444444287e+01
4.861111111111111427e+01
4.531250000000000000e+01
4.236111111111110716e+01
3.975694444444444287e+01
3.750000000000000000e+01
3.559027777777777857e+01
3.402777777777777857e+01
3.281250000000000000e+01
3.194444444444444287e+01
3.142361111111111072e+01
3.125000000000000000e+01
3.142361111111111072e+01
3.194444444444444642e+01
3.281250000000000000e+01
3.402777777777777857e+01
3.559027777777777857e+01
3.750000000000000000e+01
3.975694444444444287e+01
4.236111111111111427e+01
4.531250000000000000e+01
4.861111111111112137e+01
5.225694444444444997e+01
5.625000000000000000e+01
5.225694444444444287e+01
4.826388888888888573e+01
4.461805555555555713e+01
4.131944444444444287e+01
3.836805555555555003e+01
3.576388888888888573e+01
3.350694444444444287e+01
3.159722222222222143e+01
3.003472222222222143e+01
2.881944444444444287e+01
2.795138888888888573e+01
2.743055555555555358e+01
2.725694444444444287e+01
2.743055555555555358e+01
2.795138888888888928e+01
2.881944444444444287e+01
3.003472222222222143e+01
3.159722222222222143e+01
3.350694444444444287e+01
3.576388888888888573e+01
3.836805555555555713e+01
4.131944444444444287e+01
4.461805555555556424e+01
4.826388888888889284e+01
5.225694444444444287e+01
4.861111111111111427e+01
4.461805555555555713e+01
4.097222222222222854e+01
3.767361111111111427e+01
3.472222222222222143e+01
3.211805555555555713e+01
2.986111111111111427e+01
2.795138888888889284e+01
2.638888888888889284e+01
2.517361111111111427e+01
2.430555555555555713e+01
2.378472222222222499e+01
2.361111111111111427e+01
2.378472222222222499e+01
2.430555555555556069e+01
2.517361111111111427e+01
2.638888888888889284e+01
2.795138888888889284e+01
2.986111111111111427e+01
3.211805555555555713e+01
3.472222222222222854e+01
3.767361111111111427e+01
4.097222222222223564e+01
4.461805555555556424e+01
4.861111111111111427e+01
4.531250000000000000e+01
4.131944444444444287e+01
3.767361111111111427e+01
3.437500000000000000e+01
3.142361111111110716e+01
2.881944444444444287e+01
2.656250000000000000e+01
2.465277777777777857e+01
2.309027777777777857e+01
2.187500000000000000e+01
2.100694444444444287e+01
2.048611111111111072e+01
2.031250000000000000e+01
2.048611111111111072e+01
2.100694444444444287e+01
2.187500000000000000e+01
2.309027777777777857e+01
2.465277777777777857e+01
2.656250000000000000e+01
2.881944444444444642e+01
3.142361111111111427e+01
3.437500000000000000e+01
3.767361111111112137e+01
4.131944444444444997e+01
4.531250000000000000e+01
4.236111111111110716e+01
3.836805555555555003e+01
3.472222222222222143e+01
3.142361111111110716e+01
2.847222222222221788e+01
2.586805555555555003e+01
2.361111111111110716e+01
2.170138888888888573e+01
2.013888888888888573e+01
1.892361111111110716e+01
1.805555555555555358e+01
1.753472222222222143e+01
1.736111111111110716e+01
1.753472222222222143e+01
1.805555555555555358e+01
1.892361111111110716e+01
2.013888888888888573e+01
2.170138888888888928e+01
2.361111111111110716e+01
2.586805555555555713e+01
2.847222222222222143e+01
3.142361111111110716e+01
3.472222222222222854e+01
3.836805555555555713e+01
4.236111111111110716e+01
3.975694444444444287e+01
3.576388888888888573e+01
3.211805555555555713e+01
2.881944444444444287e+01
2.586805555555555003e+01
2.326388888888888573e+01
2.100694444444444287e+01
1.909722222222222143e+01
1.753472222222222143e+01
1.631944444444444287e+01
1.545138888888888751e+01
1.493055555555555358e+01
1.475694444444444287e+01
1.493055555555555358e+01
1.545138888888888751e+01
1.631944444444444287e+01
1.753472222222222143e+01
1.909722222222222143e+01
2.100694444444444287e+01
2.326388888888888928e+01
2.586805555555555713e+01
2.881944444444444287e+01
3.211805555555556424e+01
3.576388888888889284e+01
3.975694444444444287e+01
3.750000000000000000e+01
3.350694444444444287e+01
2.986111111111111427e+01
2.656250000000000000e+01
2.361111111111110716e+01
2.100694444444444287e+01
1.875000000000000000e+01
1.684027777777777857e+01
1.527777777777777679e+01
1.406250000000000000e+01
1.319444444444444287e+01
1.267361111111111072e+01
1.250000000000000000e+01
1.267361111111111072e+01
1.319444444444444642e+01
1.406250000000000000e+01
1.527777777777777857e+01
1.684027777777777857e+01
1.875000000000000000e+01
2.100694444444444642e+01
2.361111111111111427e+01
2.656250000000000000e+01
2.986111111111112137e+01
3.350694444444444997e+01
3.750000000000000000e+01
3.559027777777777857e+01
3.159722222222222143e+01
2.795138888888889284e+01
2.465277777777777857e+01
2.170138888888888573e+01
1.909722222222222143e+01
1.684027777777777857e+01
1.493055555555555358e+01
1.336805555555555358e+01
1.215277777777777679e+01
1.128472222222222143e+01
1.076388888888888751e+01
1.059027777777777679e+01
1.076388888888888928e+01
1.128472222222222143e+01
1.215277777777777679e+01
1.336805555555555536e+01
1.493055555555555713e+01
1.684027777777777857e+01
1.909722222222222143e+01
2.170138888888889284e+01
2.465277777777777857e+01
2.795138888888889994e+01
3.159722222222222854e+01
3.559027777777777857e+01
3.402777777777777857e+01
3.003472222222222143e+01
2.638888888888889284e+01
2.309027777777777857e+01
2.013888888888888573e+01
1.753472222222222143e+01
1.527777777777777679e+01
1.336805555555555358e+01
1.180555555555555358e+01
1.059027777777777679e+01
9.722222222222221433e+00
9.201388888888887507e+00
9.027777777777776791e+00
9.201388888888889284e+00
9.722222222222223209e+00
1.059027777777777679e+01
1.180555555555555536e+01
1.336805555555555713e+01
1.527777777777777679e+01
1.753472222222222143e+01
2.013888888888889284e+01
2.309027777777777857e+01
2.638888888888889994e+01
3.003472222222222854e+01
3.402777777777777857e+01
3.281250000000000000e+01
2.881944444444444287e+01
2.517361111111111427e+01
2.187500000000000000e+01
1.892361111111110716e+01
1.631944444444444287e+01
1.406250000000000000e+01
1.215277777777777679e+01
1.059027777777777679e+01
9.375000000000000000e+00
8.506944444444442865e+00
7.986111111111110716e+00
7.812500000000000000e+00
7.986111111111111605e+00
8.506944444444446418e+00
9.375000000000000000e+00
1.059027777777777857e+01
1.215277777777778034e+01
1.406250000000000000e+01
1.631944444444444642e+01
1.892361111111111427e+01
2.187500000000000000e+01
2.517361111111112137e+01
2.881944444444444997e+01
3.281250000000000000e+01
3.194444444444444287e+01
2.795138888888888573e+01
2.430555555555555713e+01
2.100694444444444287e+01
1.805555555555555358e+01
1.545138888888888751e+01
1.319444444444444287e+01
1.128472222222222143e+01
9.722222222222221433e+00
8.506944444444442865e+00
7.638888888888887507e+00
7.118055555555554470e+00
6.944444444444443754e+00
7.118055555555555358e+00
7.638888888888889284e+00
8.506944444444442865e+00
9.722222222222221433e+00
1.128472222222222499e+01
1.319444444444444287e+01
1.545138888888889106e+01
1.805555555555555713e+01
2.100694444444444287e+01
2.430555555555556424e+01
2.795138888888889284e+01
3.194444444444444287e+01
3.142361111111111072e+01
2.743055555555555358e+01
2.378472222222222499e+01
2.048611111111111072e+01
1.753472222222222143e+01
1.493055555555555358e+01
1.267361111111111072e+01
1.076388888888888751e+01
9.201388888888887507e+00
7.986111111111110716e+00
7.118055555555554470e+00
6.597222222222221433e+00
6.423611111111110716e+00
6.597222222222222321e+00
7.118055555555556246e+00
7.986111111111110716e+00
9.201388888888889284e+00
1.076388888888889106e+01
1.267361111111111072e+01
1.493055555555555713e+01
1.753472222222222499e+01
2.048611111111111072e+01
2.378472222222223209e+01
2.743055555555556069e+01
3.142361111111111072e+01
3.125000000000000000e+01
2.725694444444444287e+01
2.361111111111111427e+01
2.031250000000000000e+01
1.736111111111110716e+01
1.475694444444444287e+01
1.250000000000000000e+01
1.059027777777777679e+01
9.027777777777776791e+00
7.812500000000000000e+00
6.944444444444443754e+00
6.423611111111110716e+00
6.250000000000000000e+00
6.423611111111111605e+00
6.944444444444445530e+00
7.812500000000000000e+00
9.027777777777778567e+00
1.059027777777778034e+01
1.250000000000000000e+01
1.475694444444444642e+01
1.736111111111111427e+01
2.031250000000000000e+01
2.361111111111112137e+01
2.725694444444444997e+01
3.125000000000000000e+01
3.142361111111111072e+01
2.743055555555555358e+01
2.378472222222222499e+01
2.048611111111111072e+01
1.753472222222222143e+01
1.493055555555555358e+01
1.267361111111111072e+01
1.076388888888888928e+01
9.201388888888889284e+00
7.986111111111111605e+00
7.118055555555555358e+00
6.597222222222222321e+00
6.423611111111111605e+00
6.597222222222222321e+00
7.118055555555557135e+00
7.986111111111111605e+00
9.201388888888889284e+00
1.076388888888889284e+01
1.267361111111111072e+01
1.493055555555555713e+01
1.753472222222222499e+01
2.048611111111111072e+01
2.378472222222223209e+01
2.743055555555556069e+01
3.142361111111111072e+01
3.194444444444444642e+01
2.795138888888888928e+01
2.430555555555556069e+01
2.100694444444444287e+01
1.805555555555555358e+01
1.545138888888888751e+01
1.319444444444444642e+01
1.128472222222222143e+01
9.722222222222223209e+00
8.506944444444446418e+00
7.638888888888889284e+00
7.118055555555556246e+00
6.944444444444445530e+00
7.118055555555557135e+00
7.638888888888891060e+00
8.506944444444446418e+00
9.722222222222224985e+00
1.128472222222222499e+01
1.319444444444444642e+01
1.545138888888889106e+01
1.805555555555555713e+01
2.100694444444444287e+01
2.430555555555556779e+01
2.795138888888889639e+01
3.194444444444444642e+01
3.281250000000000000e+01
2.881944444444444287e+01
2.517361111111111427e+01
2.187500000000000000e+01
1.892361111111110716e+01
1.631944444444444287e+01
1.406250000000000000e+01
1.215277777777777679e+01
1.059027777777777679e+01
9.375000000000000000e+00
8.506944444444442865e+00
7.986111111111110716e+00
7.812500000000000000e+00
7.986111111111111605e+00
8.506944444444446418e+00
9.375000000000000000e+00
1.059027777777777857e+01
1.215277777777778034e+01
1.406250000000000000e+01
1.631944444444444642e+01
1.892361111111111427e+01
2.187500000000000000e+01
2.517361111111112137e+01
2.881944444444444997e+01
3.281250000000000000e+01
3.402777777777777857e+01
3.003472222222222143e+01
2.638888888888889284e+01
2.309027777777777857e+01
2.013888888888888573e+01
1.753472222222222143e+01
1.527777777777777857e+01
1.336805555555555536e+01
1.180555555555555536e+01
1.059027777777777857e+01
9.722222222222221433e+00
9.201388888888889284e+00
9.027777777777778567e+00
9.201388888888889284e+00
9.722222222222224985e+00
1.059027777777777857e+01
1.180555555555555713e+01
1.336805555555555891e+01
1.527777777777777857e+01
1.753472222222222499e+01
2.013888888888889284e+01
2.309027777777777857e+01
2.638888888888889994e+01
3.003472222222222854e+01
3.402777777777777857e+01
3.559027777777777857e+01
3.159722222222222143e+01
2.795138888888889284e+01
2.465277777777777857e+01
2.170138888888888928e+01
1.909722222222222143e+01
1.684027777777777857e+01
1.493055555555555713e+01
1.336805555555555713e+01
1.215277777777778034e+01
1.128472222222222499e+01
1.076388888888889106e+01
1.059027777777778034e+01
1.076388888888889284e+01
1.128472222222222499e+01
1.215277777777778034e+01
1.336805555555555891e+01
1.493055555555556069e+01
1.684027777777777857e+01
1.909722222222222854e+01
2.170138888888889284e+01
2.465277777777777857e+01
2.795138888888889994e+01
3.159722222222222854e+01
3.559027777777777857e+01
3.750000000000000000e+01
3.350694444444444287e+01
2.986111111111111427e+01
2.656250000000000000e+01
2.361111111111110716e+01
2.100694444444444287e+01
1.875000000000000000e+01
1.684027777777777857e+01
1.527777777777777679e+01
1.406250000000000000e+01
1.319444444444444287e+01
1.267361111111111072e+01
1.250000000000000000e+01
1.267361111111111072e+01
1.319444444444444642e+01
1.406250000000000000e+01
1.527777777777777857e+01
1.684027777777777857e+01
1.875000000000000000e+01
2.100694444444444642e+01
2.361111111111111427e+01
2.656250000000000000e+01
2.986111111111112137e+01
3.350694444444444997e+01
3.750000000000000000e+01
3.975694444444444287e+01
3.576388888888888573e+01
3.211805555555555713e+01
2.881944444444444642e+01
2.586805555555555713e+01
2.326388888888888928e+01
2.100694444444444642e+01
1.909722222222222143e+01
1.753472222222222143e+01
1.631944444444444642e+01
1.545138888888889106e+01
1.493055555555555713e+01
1.475694444444444642e+01
1.493055555555555713e+01
1.545138888888889106e+01
1.631944444444444642e+01
1.753472222222222499e+01
1.909722222222222854e+01
2.100694444444444642e+01
2.326388888888889284e+01
2.586805555555556069e+01
2.881944444444444642e+01
3.211805555555557135e+01
3.576388888888889994e+01
3.975694444444444287e+01
4.236111111111111427e+01
3.836805555555555713e+01
3.472222222222222854e+01
3.142361111111111427e+01
2.847222222222222143e+01
2.586805555555555713e+01
2.361111111111111427e+01
2.170138888888889284e+01
2.013888888888889284e+01
1.892361111111111427e+01
1.805555555555555713e+01
1.753472222222222499e+01
1.736111111111111427e+01
1.753472222222222499e+01
1.805555555555555713e+01
1.892361111111111427e+01
2.013888888888889284e+01
2.170138888888889284e+01
2.361111111111111427e+01
2.586805555555556069e+01
2.847222222222222854e+01
3.142361111111111427e+01
3.472222222222223564e+01
3.836805555555556424e+01
4.236111111111111427e+01
4.531250000000000000e+01
4.131944444444444287e+01
3.767361111111111427e+01
3.437500000000000000e+01
3.142361111111110716e+01
2.881944444444444287e+01
2.656250000000000000e+01
2.465277777777777857e+01
2.309027777777777857e+01
2.187500000000000000e+01
2.100694444444444287e+01
2.048611111111111072e+01
2.031250000000000000e+01
2.048611111111111072e+01
2.100694444444444287e+01
2.187500000000000000e+01
2.309027777777777857e+01
2.465277777777777857e+01
2.656250000000000000e+01
2.881944444444444642e+01
3.142361111111111427e+01
3.437500000000000000e+01
3.767361111111112137e+01
4.131944444444444997e+01
4.531250000000000000e+01
4.861111111111112137e+01
4.461805555555556424e+01
4.097222222222223564e+01
3.767361111111112137e+01
3.472222222222222854e+01
3.211805555555556424e+01
2.986111111111112137e+01
2.795138888888889994e+01
2.638888888888889994e+01
2.517361111111112137e+01
2.430555555555556424e+01
2.378472222222223209e+01
2.361111111111112137e+01
2.378472222222223209e+01
2.430555555555556779e+01
2.517361111111112137e+01
2.638888888888889994e+01
2.795138888888889994e+01
2.986111111111112137e+01
3.211805555555557135e+01
3.472222222222223564e+01
3.767361111111112137e+01
4.097222222222224275e+01
4.461805555555557135e+01
4.861111111111112137e+01
5.225694444444444997e+01
4.826388888888889284e+01
4.461805555555556424e+01
4.131944444444444997e+01
3.836805555555555713e+01
3.576388888888889284e+01
3.350694444444444997e+01
3.159722222222222854e+01
3.003472222222222854e+01
2.881944444444444997e+01
2.795138888888889284e+01
2.743055555555556069e+01
2.725694444444444997e+01
2.743055555555556069e+01
2.795138888888889639e+01
2.881944444444444997e+01
3.003472222222222854e+01
3.159722222222222854e+01
3.350694444444444997e+01
3.576388888888889994e+01
3.836805555555556424e+01
4.131944444444444997e+01
4.461805555555557135e+01
4.826388888888889994e+01
5.225694444444444997e+01
5.625000000000000000e+01
5.225694444444444287e+01
4.861111111111111427e+01
4.531250000000000000e+01
4.236111111111110716e+01
3.975694444444444287e+01
3.750000000000000000e+01
3.559027777777777857e+01
3.402777777777777857e+01
3.281250000000000000e+01
3.194444444444444287e+01
3.142361111111111072e+01
3.125000000000000000e+01
3.142361111111111072e+01
3.194444444444444642e+01
3.281250000000000000e+01
3.402777777777777857e+01
3.559027777777777857e+01
3.750000000000000000e+01
3.975694444444444287e+01
4.236111111111111427e+01
4.531250000000000000e+01
4.861111111111112137e+01
5.225694444444444997e+01
5.625000000000000000e+01
5.850694444444444287e+01
5.451388888888888573e+01
5.086805555555555713e+01
4.756944444444444287e+01
4.461805555555555713e+01
4.201388888888888573e+01
3.975694444444444287e+01
3.784722222222222854e+01
3.628472222222222854e+01
3.506944444444444287e+01
3.420138888888888573e+01
3.368055555555555713e+01
3.350694444444444287e+01
3.368055555555555713e+01
3.420138888888889284e+01
3.506944444444444287e+01
3.628472222222222854e+01
3.784722222222222854e+01
3.975694444444444287e+01
4.201388888888888573e+01
4.461805555555555713e+01
4.756944444444444287e+01
5.086805555555557135e+01
5.451388888888889994e+01
5.850694444444444287e+01
5.451388888888888573e+01
5.052083333333332860e+01
4.687500000000000000e+01
4.357638888888888573e+01
4.062500000000000000e+01
3.802083333333332860e+01
3.576388888888888573e+01
3.385416666666667140e+01
3.229166666666667140e+01
3.107638888888888928e+01
3.020833333333333215e+01
2.968750000000000000e+01
2.951388888888888928e+01
2.968750000000000000e+01
3.020833333333333570e+01
3.107638888888888928e+01
3.229166666666667140e+01
3.385416666666667140e+01
3.576388888888888573e+01
3.802083333333333570e+01
4.062500000000000000e+01
4.357638888888888573e+01
4.687500000000001421e+01
5.052083333333334281e+01
5.451388888888888573e+01
5.086805555555555713e+01
4.687500000000000000e+01
4.322916666666667140e+01
3.993055555555555713e+01
3.697916666666667140e+01
3.437500000000000000e+01
3.211805555555555713e+01
3.020833333333333925e+01
2.864583333333333925e+01
2.743055555555556069e+01
2.656250000000000355e+01
2.604166666666667140e+01
2.586805555555556069e+01
2.604166666666667140e+01
2.656250000000000711e+01
2.743055555555556069e+01
2.864583333333333925e+01
3.020833333333333925e+01
3.211805555555555713e+01
3.437500000000000711e+01
3.697916666666667140e+01
3.993055555555555713e+01
4.322916666666668561e+01
4.687500000000001421e+01
5.086805555555555713e+01
4.756944444444444287e+01
4.357638888888888573e+01
3.993055555555555713e+01
3.663194444444444287e+01
3.368055555555555713e+01
3.107638888888888928e+01
2.881944444444444642e+01
2.690972222222222499e+01
2.534722222222222499e+01
2.413194444444444642e+01
2.326388888888889284e+01
2.274305555555555713e+01
2.256944444444444642e+01
2.274305555555555713e+01
2.326388888888889284e+01
2.413194444444444642e+01
2.534722222222222499e+01
2.690972222222222499e+01
2.881944444444444642e+01
3.107638888888889284e+01
3.368055555555555713e+01
3.663194444444444287e+01
3.993055555555557135e+01
4.357638888888889994e+01
4.756944444444444287e+01
4.461805555555555713e+01
4.062500000000000000e+01
3.697916666666667140e+01
3.368055555555555713e+01
3.072916666666666430e+01
2.812499999999999645e+01
2.586805555555555358e+01
2.395833333333333215e+01
2.239583333333333215e+01
2.118055555555555713e+01
2.031250000000000000e+01
1.979166666666666430e+01
1.961805555555555713e+01
1.979166666666666430e+01
2.031250000000000000e+01
2.118055555555555713e+01
2.239583333333333570e+01
2.395833333333333570e+01
2.586805555555555358e+01
2.812500000000000355e+01
3.072916666666666785e+01
3.368055555555555713e+01
3.697916666666667140e+01
4.062500000000000000e+01
4.461805555555555713e+01
4.201388888888888573e+01
3.802083333333332860e+01
3.437500000000000000e+01
3.107638888888888928e+01
2.812499999999999645e+01
2.552083333333333215e+01
2.326388888888888928e+01
2.135416666666666430e+01
1.979166666666666430e+01
1.857638888888888928e+01
1.770833333333333570e+01
1.718750000000000000e+01
1.701388888888888928e+01
1.718750000000000000e+01
1.770833333333333570e+01
1.857638888888888928e+01
1.979166666666666785e+01
2.135416666666667140e+01
2.326388888888888928e+01
2.552083333333333570e+01
2.812500000000000355e+01
3.107638888888888928e+01
3.437500000000001421e+01
3.802083333333334281e+01
4.201388888888888573e+01
3.975694444444444287e+01
3.576388888888888573e+01
3.211805555555555713e+01
2.881944444444444642e+01
2.586805555555555358e+01
2.326388888888888928e+01
2.100694444444444642e+01
1.909722222222222143e+01
1.753472222222222143e+01
1.631944444444444642e+01
1.545138888888888928e+01
1.493055555555555713e+01
1.475694444444444642e+01
1.493055555555555713e+01
1.545138888888889284e+01
1.631944444444444642e+01
1.753472222222222499e+01
1.909722222222222854e+01
2.100694444444444642e+01
2.326388888888889284e+01
2.586805555555556069e+01
2.881944444444444642e+01
3.211805555555557135e+01
3.576388888888889994e+01
3.975694444444444287e+01
3.784722222222222854e+01
3.385416666666667140e+01
3.020833333333333925e+01
2.690972222222222499e+01
2.395833333333333215e+01
2.135416666666666430e+01
1.909722222222222143e+01
1.718750000000000000e+01
1.562500000000000000e+01
1.440972222222222321e+01
1.354166666666666785e+01
1.302083333333333393e+01
1.284722222222222321e+01
1.302083333333333570e+01
1.354166666666666785e+01
1.440972222222222321e+01
1.562500000000000178e+01
1.718750000000000355e+01
1.909722222222222143e+01
2.135416666666667140e+01
2.395833333333333570e+01
2.690972222222222499e+01
3.020833333333334636e+01
3.385416666666667140e+01
3.784722222222222854e+01
3.628472222222222854e+01
3.229166666666667140e+01
2.864583333333333925e+01
2.534722222222222499e+01
2.239583333333333215e+01
1.979166666666666430e+01
1.753472222222222143e+01
1.562500000000000000e+01
1.406250000000000000e+01
1.284722222222222321e+01
1.197916666666666785e+01
1.145833333333333393e+01
1.128472222222222321e+01
1.145833333333333570e+01
1.197916666666666963e+01
1.284722222222222321e+01
1.406250000000000178e+01
1.562500000000000355e+01
1.753472222222222143e+01
1.979166666666667140e+01
2.239583333333333570e+01
2.534722222222222499e+01
2.864583333333334636e+01
3.229166666666667140e+01
3.628472222222222854e+01
3.506944444444444287e+01
3.107638888888888928e+01
2.743055555555556069e+01
2.413194444444444642e+01
2.118055555555555713e+01
1.857638888888888928e+01
1.631944444444444642e+01
1.440972222222222321e+01
1.284722222222222321e+01
1.163194444444444642e+01
1.076388888888888928e+01
1.024305555555555713e+01
1.006944444444444642e+01
1.024305555555555713e+01
1.076388888888889284e+01
1.163194444444444642e+01
1.284722222222222499e+01
1.440972222222222676e+01
1.631944444444444642e+01
1.857638888888889284e+01
2.118055555555556069e+01
2.413194444444444642e+01
2.743055555555556779e+01
3.107638888888889639e+01
3.506944444444444287e+01
3.420138888888888573e+01
3.020833333333333215e+01
2.656250000000000355e+01
2.326388888888889284e+01
2.031250000000000000e+01
1.770833333333333570e+01
1.545138888888888928e+01
1.354166666666666785e+01
1.197916666666666785e+01
1.076388888888888928e+01
9.895833333333333925e+00
9.375000000000001776e+00
9.201388888888891060e+00
9.375000000000001776e+00
9.895833333333335702e+00
1.076388888888888928e+01
1.197916666666666785e+01
1.354166666666667140e+01
1.545138888888888928e+01
1.770833333333333570e+01
2.031250000000000711e+01
2.326388888888889284e+01
2.656250000000001066e+01
3.020833333333333925e+01
3.420138888888888573e+01
3.368055555555555713e+01
2.968750000000000000e+01
2.604166666666667140e+01
2.274305555555555713e+01
1.979166666666666430e+01
1.718750000000000000e+01
1.493055555555555713e+01
1.302083333333333393e+01
1.145833333333333393e+01
1.024305555555555713e+01
9.375000000000001776e+00
8.854166666666667851e+00
8.680555555555557135e+00
8.854166666666667851e+00
9.375000000000001776e+00
1.024305555555555713e+01
1.145833333333333570e+01
1.302083333333333748e+01
1.493055555555555713e+01
1.718750000000000355e+01
1.979166666666667140e+01
2.274305555555555713e+01
2.604166666666667851e+01
2.968750000000000711e+01
3.368055555555555713e+01
3.350694444444444287e+01
2.951388888888888928e+01
2.586805555555556069e+01
2.256944444444444642e+01
1.961805555555555713e+01
1.701388888888888928e+01
1.475694444444444642e+01
1.284722222222222321e+01
1.128472222222222321e+01
1.006944444444444642e+01
9.201388888888891060e+00
8.680555555555557135e+00
8.506944444444446418e+00
8.680555555555557135e+00
9.201388888888891060e+00
1.006944444444444642e+01
1.128472222222222499e+01
1.284722222222222676e+01
1.475694444444444642e+01
1.701388888888889284e+01
1.961805555555556069e+01
2.256944444444444642e+01
2.586805555555556779e+01
2.951388888888889639e+01
3.350694444444444287e+01
3.368055555555555713e+01
2.968750000000000000e+01
2.604166666666667140e+01
2.274305555555555713e+01
1.979166666666666430e+01
1.718750000000000000e+01
1.493055555555555713e+01
1.302083333333333570e+01
1.145833333333333570e+01
1.024305555555555713e+01
9.375000000000001776e+00
8.854166666666667851e+00
8.680555555555557135e+00
8.854166666666669627e+00
9.375000000000003553e+00
1.024305555555555713e+01
1.145833333333333570e+01
1.302083333333333925e+01
1.493055555555555713e+01
1.718750000000000355e+01
1.979166666666667140e+01
2.274305555555555713e+01
2.604166666666667851e+01
2.968750000000000711e+01
3.368055555555555713e+01
3.420138888888889284e+01
3.020833333333333570e+01
2.656250000000000711e+01
2.326388888888889284e+01
2.031250000000000000e+01
1.770833333333333570e+01
1.545138888888889284e+01
1.354166666666666785e+01
1.197916666666666963e+01
1.076388888888889284e+01
9.895833333333335702e+00
9.375000000000001776e+00
9.201388888888891060e+00
9.375000000000003553e+00
9.895833333333337478e+00
1.076388888888889284e+01
1.197916666666667140e+01
1.354166666666667140e+01
1.545138888888889284e+01
1.770833333333333570e+01
2.031250000000000711e+01
2.326388888888889284e+01
2.656250000000001421e+01
3.020833333333334281e+01
3.420138888888889284e+01
3.506944444444444287e+01
3.107638888888888928e+01
2.743055555555556069e+01
2.413194444444444642e+01
2.118055555555555713e+01
1.857638888888888928e+01
1.631944444444444642e+01
1.440972222222222321e+01
1.284722222222222321e+01
1.163194444444444642e+01
1.076388888888888928e+01
1.024305555555555713e+01
1.006944444444444642e+01
1.024305555555555713e+01
1.076388888888889284e+01
1.163194444444444642e+01
1.284722222222222499e+01
1.440972222222222676e+01
1.631944444444444642e+01
1.857638888888889284e+01
2.118055555555556069e+01
2.413194444444444642e+01
2.743055555555556779e+01
3.107638888888889639e+01
3.506944444444444287e+01
3.628472222222222854e+01
3.229166666666667140e+01
2.864583333333333925e+01
2.534722222222222499e+01
2.239583333333333570e+01
1.979166666666666785e+01
1.753472222222222499e+01
1.562500000000000178e+01
1.406250000000000178e+01
1.284722222222222499e+01
1.197916666666666785e+01
1.145833333333333570e+01
1.128472222222222499e+01
1.145833333333333570e+01
1.197916666666667140e+01
1.284722222222222499e+01
1.406250000000000355e+01
1.562500000000000533e+01
1.753472222222222499e+01
1.979166666666667140e+01
2.239583333333333925e+01
2.534722222222222499e+01
2.864583333333334636e+01
3.229166666666667140e+01
3.628472222222222854e+01
3.784722222222222854e+01
3.385416666666667140e+01
3.020833333333333925e+01
2.690972222222222499e+01
2.395833333333333570e+01
2.135416666666667140e+01
1.909722222222222854e+01
1.718750000000000355e+01
1.562500000000000355e+01
1.440972222222222676e+01
1.354166666666667140e+01
1.302083333333333748e+01
1.284722222222222676e+01
1.302083333333333925e+01
1.354166666666667140e+01
1.440972222222222676e+01
1.562500000000000533e+01
1.718750000000000711e+01
1.909722222222222854e+01
2.135416666666667140e+01
2.395833333333334281e+01
2.690972222222222499e+01
3.020833333333334636e+01
3.385416666666667140e+01
3.784722222222222854e+01
3.975694444444444287e+01
3.576388888888888573e+01
3.211805555555555713e+01
2.881944444444444642e+01
2.586805555555555358e+01
2.326388888888888928e+01
2.100694444444444642e+01
1.909722222222222143e+01
1.753472222222222143e+01
1.631944444444444642e+01
1.545138888888888928e+01
1.493055555555555713e+01
1.475694444444444642e+01
1.493055555555555713e+01
1.545138888888889284e+01
1.631944444444444642e+01
1.753472222222222499e+01
1.909722222222222854e+01
2.100694444444444642e+01
2.326388888888889284e+01
2.586805555555556069e+01
2.881944444444444642e+01
3.211805555555557135e+01
3.576388888888889994e+01
3.975694444444444287e+01
4.201388888888888573e+01
3.802083333333333570e+01
3.437500000000000711e+01
3.107638888888889284e+01
2.812500000000000355e+01
2.552083333333333570e+01
2.326388888888889284e+01
2.135416666666667140e+01
1.979166666666667140e+01
1.857638888888889284e+01
1.770833333333333570e+01
1.718750000000000355e+01
1.701388888888889284e+01
1.718750000000000355e+01
1.770833333333333570e+01
1.857638888888889284e+01
1.979166666666667140e+01
2.135416666666667140e+01
2.326388888888889284e+01
2.552083333333333925e+01
2.812500000000000711e+01
3.107638888888889284e+01
3.437500000000001421e+01
3.802083333333334281e+01
4.201388888888888573e+01
4.461805555555555713e+01
4.062500000000000000e+01
3.697916666666667140e+01
3.368055555555555713e+01
3.072916666666666785e+01
2.812500000000000355e+01
2.586805555555556069e+01
2.395833333333333570e+01
2.239583333333333570e+01
2.118055555555556069e+01
2.031250000000000711e+01
1.979166666666667140e+01
1.961805555555556069e+01
1.979166666666667140e+01
2.031250000000000711e+01
2.118055555555556069e+01
2.239583333333333925e+01
2.395833333333334281e+01
2.586805555555556069e+01
2.812500000000000711e+01
3.072916666666667496e+01
3.368055555555555713e+01
3.697916666666668561e+01
4.062500000000001421e+01
4.461805555555555713e+01
4.756944444444444287e+01
4.357638888888888573e+01
3.993055555555555713e+01
3.663194444444444287e+01
3.368055555555555713e+01
3.107638888888888928e+01
2.881944444444444642e+01
2.690972222222222499e+01
2.534722222222222499e+01
2.413194444444444642e+01
2.326388888888889284e+01
2.274305555555555713e+01
2.256944444444444642e+01
2.274305555555555713e+01
2.326388888888889284e+01
2.413194444444444642e+01
2.534722222222222499e+01
2.690972222222222499e+01
2.881944444444444642e+01
3.107638888888889284e+01
3.368055555555555713e+01
3.663194444444444287e+01
3.993055555555557135e+01
4.357638888888889994e+01
4.756944444444444287e+01
5.086805555555557135e+01
4.687500000000001421e+01
4.322916666666668561e+01
3.993055555555557135e+01
3.697916666666667140e+01
3.437500000000001421e+01
3.211805555555557135e+01
3.020833333333334636e+01
2.864583333333334636e+01
2.743055555555556779e+01
2.656250000000001066e+01
2.604166666666667851e+01
2.586805555555556779e+01
2.604166666666667851e+01
2.656250000000001421e+01
2.743055555555556779e+01
2.864583333333334636e+01
3.020833333333334636e+01
3.211805555555557135e+01
3.437500000000001421e+01
3.697916666666668561e+01
3.993055555555557135e+01
4.322916666666668561e+01
4.687500000000001421e+01
5.086805555555557135e+01
5.451388888888889994e+01
5.052083333333334281e+01
4.687500000000001421e+01
4.357638888888889994e+01
4.062500000000000000e+01
3.802083333333334281e+01
3.576388888888889994e+01
3.385416666666667140e+01
3.229166666666667140e+01
3.107638888888889639e+01
3.020833333333333925e+01
2.968750000000000711e+01
2.951388888888889639e+01
2.968750000000000711e+01
3.020833333333334281e+01
3.107638888888889639e+01
3.229166666666667140e+01
3.385416666666667140e+01
3.576388888888889994e+01
3.802083333333334281e+01
4.062500000000001421e+01
4.357638888888889994e+01
4.687500000000001421e+01
5.052083333333334281e+01
5.451388888888889994e+01
5.850694444444444287e+01
5.451388888888888573e+01
5.086805555555555713e+01
4.756944444444444287e+01
4.461805555555555713e+01
4.201388888888888573e+01
3.975694444444444287e+01
3.784722222222222854e+01
3.628472222222222854e+01
3.506944444444444287e+01
3.420138888888888573e+01
3.368055555555555713e+01
3.350694444444444287e+01
3.368055555555555713e+01
3.420138888888889284e+01
3.506944444444444287e+01
3.628472222222222854e+01
3.784722222222222854e+01
3.975694444444444287e+01
4.201388888888888573e+01
4.461805555555555713e+01
4.756944444444444287e+01
5.086805555555557135e+01
5.451388888888889994e+01
5.850694444444444287e+01
6.111111111111111427e+01
5.711805555555555713e+01
5.347222222222222854e+01
5.017361111111111427e+01
4.722222222222222143e+01
4.461805555555555713e+01
4.236111111111111427e+01
4.045138888888889284e+01
3.888888888888889284e+01
3.767361111111111427e+01
3.680555555555555713e+01
3.628472222222222854e+01
3.611111111111111427e+01
3.628472222222222854e+01
3.680555555555555713e+01
3.767361111111111427e+01
3.888888888888889284e+01
4.045138888888889284e+01
4.236111111111111427e+01
4.461805555555555713e+01
4.722222222222222854e+01
5.017361111111111427e+01
5.347222222222223564e+01
5.711805555555556424e+01
6.111111111111111427e+01
5.711805555555555713e+01
5.312500000000000000e+01
4.947916666666667140e+01
4.618055555555555713e+01
4.322916666666666430e+01
4.062500000000000000e+01
3.836805555555555713e+01
3.645833333333333570e+01
3.489583333333333570e+01
3.368055555555555713e+01
3.281250000000000000e+01
3.229166666666667140e+01
3.211805555555555713e+01
3.229166666666667140e+01
3.281250000000000000e+01
3.368055555555555713e+01
3.489583333333333570e+01
3.645833333333333570e+01
3.836805555555555713e+01
4.062500000000000000e+01
4.322916666666667140e+01
4.618055555555555713e+01
4.947916666666667851e+01
5.312500000000000711e+01
5.711805555555555713e+01
5.347222222222222854e+01
4.947916666666667140e+01
4.583333333333334281e+01
4.253472222222222854e+01
3.958333333333333570e+01
3.697916666666667140e+01
3.472222222222222854e+01
3.281250000000000711e+01
3.125000000000000711e+01
3.003472222222222854e+01
2.916666666666667140e+01
2.864583333333333925e+01
2.847222222222222854e+01
2.864583333333333925e+01
2.916666666666667496e+01
3.003472222222222854e+01
3.125000000000000711e+01
3.281250000000000711e+01
3.472222222222222854e+01
3.697916666666667140e+01
3.958333333333334281e+01
4.253472222222222854e+01
4.583333333333334991e+01
4.947916666666667851e+01
5.347222222222222854e+01
5.017361111111111427e+01
4.618055555555555713e+01
4.253472222222222854e+01
3.923611111111111427e+01
3.628472222222222143e+01
3.368055555555555713e+01
3.142361111111111427e+01
2.951388888888889284e+01
2.795138888888889284e+01
2.673611111111111427e+01
2.586805555555555713e+01
2.534722222222222499e+01
2.517361111111111427e+01
2.534722222222222499e+01
2.586805555555555713e+01
2.673611111111111427e+01
2.795138888888889284e+01
2.951388888888889284e+01
3.142361111111111427e+01
3.368055555555555713e+01
3.628472222222222854e+01
3.923611111111111427e+01
4.253472222222223564e+01
4.618055555555556424e+01
5.017361111111111427e+01
4.722222222222222143e+01
4.322916666666666430e+01
3.958333333333333570e+01
3.628472222222222143e+01
3.333333333333332860e+01
3.072916666666666430e+01
2.847222222222222143e+01
2.656250000000000000e+01
2.500000000000000000e+01
2.378472222222222143e+01
2.291666666666666785e+01
2.239583333333333570e+01
2.222222222222222143e+01
2.239583333333333570e+01
2.291666666666666785e+01
2.378472222222222143e+01
2.500000000000000000e+01
2.656250000000000355e+01
2.847222222222222143e+01
3.072916666666667140e+01
3.333333333333333570e+01
3.628472222222222143e+01
3.958333333333334281e+01
4.322916666666667140e+01
4.722222222222222143e+01
4.461805555555555713e+01
4.062500000000000000e+01
3.697916666666667140e+01
3.368055555555555713e+01
3.072916666666666430e+01
2.812500000000000000e+01
2.586805555555555713e+01
2.395833333333333570e+01
2.239583333333333570e+01
2.118055555555555713e+01
2.031250000000000000e+01
1.979166666666666785e+01
1.961805555555555713e+01
1.979166666666666785e+01
2.031250000000000000e+01
2.118055555555555713e+01
2.239583333333333570e+01
2.395833333333333570e+01
2.586805555555555713e+01
2.812500000000000355e+01
3.072916666666667140e+01
3.368055555555555713e+01
3.697916666666667851e+01
4.062500000000000711e+01
4.461805555555555713e+01
4.236111111111111427e+01
3.836805555555555713e+01
3.472222222222222854e+01
3.142361111111111427e+01
2.847222222222222143e+01
2.586805555555555713e+01
2.361111111111111427e+01
2.170138888888889284e+01
2.013888888888889284e+01
1.892361111111111427e+01
1.805555555555555713e+01
1.753472222222222499e+01
1.736111111111111427e+01
1.753472222222222499e+01
1.805555555555556069e+01
1.892361111111111427e+01
2.013888888888889284e+01
2.170138888888889284e+01
2.361111111111111427e+01
2.586805555555556069e+01
2.847222222222222854e+01
3.142361111111111427e+01
3.472222222222223564e+01
3.836805555555556424e+01
4.236111111111111427e+01
4.045138888888889284e+01
3.645833333333333570e+01
3.281250000000000711e+01
2.951388888888889284e+01
2.656250000000000000e+01
2.395833333333333570e+01
2.170138888888889284e+01
1.979166666666666785e+01
1.822916666666666785e+01
1.701388888888889284e+01
1.614583333333333570e+01
1.562500000000000178e+01
1.545138888888889106e+01
1.562500000000000355e+01
1.614583333333333570e+01
1.701388888888889284e+01
1.822916666666667140e+01
1.979166666666667140e+01
2.170138888888889284e+01
2.395833333333333570e+01
2.656250000000000711e+01
2.951388888888889284e+01
3.281250000000001421e+01
3.645833333333334281e+01
4.045138888888889284e+01
3.888888888888889284e+01
3.489583333333333570e+01
3.125000000000000711e+01
2.795138888888889284e+01
2.500000000000000000e+01
2.239583333333333570e+01
2.013888888888889284e+01
1.822916666666666785e+01
1.666666666666666785e+01
1.545138888888889106e+01
1.458333333333333570e+01
1.406250000000000178e+01
1.388888888888889106e+01
1.406250000000000355e+01
1.458333333333333748e+01
1.545138888888889106e+01
1.666666666666667140e+01
1.822916666666667140e+01
2.013888888888889284e+01
2.239583333333333570e+01
2.500000000000000711e+01
2.795138888888889284e+01
3.125000000000001421e+01
3.489583333333334281e+01
3.888888888888889284e+01
3.767361111111111427e+01
3.368055555555555713e+01
3.003472222222222854e+01
2.673611111111111427e+01
2.378472222222222143e+01
2.118055555555555713e+01
1.892361111111111427e+01
1.701388888888889284e+01
1.545138888888889106e+01
1.423611111111111427e+01
1.336805555555555713e+01
1.284722222222222499e+01
1.267361111111111427e+01
1.284722222222222499e+01
1.336805555555556069e+01
1.423611111111111427e+01
1.545138888888889284e+01
1.701388888888889284e+01
1.892361111111111427e+01
2.118055555555556069e+01
2.378472222222222854e+01
2.673611111111111427e+01
3.003472222222223564e+01
3.368055555555556424e+01
3.767361111111111427e+01
3.680555555555555713e+01
3.281250000000000000e+01
2.916666666666667140e+01
2.586805555555555713e+01
2.291666666666666785e+01
2.031250000000000000e+01
1.805555555555555713e+01
1.614583333333333570e+01
1.458333333333333570e+01
1.336805555555555713e+01
1.250000000000000178e+01
1.197916666666666963e+01
1.180555555555555891e+01
1.197916666666666963e+01
1.250000000000000355e+01
1.336805555555555713e+01
1.458333333333333570e+01
1.614583333333333925e+01
1.805555555555555713e+01
2.031250000000000711e+01
2.291666666666667140e+01
2.586805555555555713e+01
2.916666666666667851e+01
3.281250000000000711e+01
3.680555555555555713e+01
3.628472222222222854e+01
3.229166666666667140e+01
2.864583333333333925e+01
2.534722222222222499e+01
2.239583333333333570e+01
1.979166666666666785e+01
1.753472222222222499e+01
1.562500000000000178e+01
1.406250000000000178e+01
1.284722222222222499e+01
1.197916666666666963e+01
1.145833333333333570e+01
1.128472222222222499e+01
1.145833333333333570e+01
1.197916666666666963e+01
1.284722222222222499e+01
1.406250000000000355e+01
1.562500000000000533e+01
1.753472222222222499e+01
1.979166666666667140e+01
2.239583333333333925e+01
2.534722222222222499e+01
2.864583333333334636e+01
3.229166666666667140e+01
3.628472222222222854e+01
3.611111111111111427e+01
3.211805555555555713e+01
2.847222222222222854e+01
2.517361111111111427e+01
2.222222222222222143e+01
1.961805555555555713e+01
1.736111111111111427e+01
1.545138888888889106e+01
1.388888888888889106e+01
1.267361111111111427e+01
1.180555555555555891e+01
1.128472222222222499e+01
1.111111111111111427e+01
1.128472222222222499e+01
1.180555555555555891e+01
1.267361111111111427e+01
1.388888888888889284e+01
1.545138888888889461e+01
1.736111111111111427e+01
1.961805555555556069e+01
2.222222222222222854e+01
2.517361111111111427e+01
2.847222222222223564e+01
3.211805555555556424e+01
3.611111111111111427e+01
3.628472222222222854e+01
3.229166666666667140e+01
2.864583333333333925e+01
2.534722222222222499e+01
2.239583333333333570e+01
1.979166666666666785e+01
1.753472222222222499e+01
1.562500000000000355e+01
1.406250000000000355e+01
1.284722222222222499e+01
1.197916666666666963e+01
1.145833333333333570e+01
1.128472222222222499e+01
1.145833333333333748e+01
1.197916666666667140e+01
1.284722222222222499e+01
1.406250000000000355e+01
1.562500000000000711e+01
1.753472222222222499e+01
1.979166666666667140e+01
2.239583333333333925e+01
2.534722222222222499e+01
2.864583333333334636e+01
3.229166666666667140e+01
3.628472222222222854e+01
3.680555555555555713e+01
3.281250000000000000e+01
2.916666666666667496e+01
2.586805555555555713e+01
2.291666666666666785e+01
2.031250000000000000e+01
1.805555555555556069e+01
1.614583333333333570e+01
1.458333333333333748e+01
1.336805555555556069e+01
1.250000000000000355e+01
1.197916666666666963e+01
1.180555555555555891e+01
1.197916666666667140e+01
1.250000000000000533e+01
1.336805555555556069e+01
1.458333333333333925e+01
1.614583333333333925e+01
1.805555555555556069e+01
2.031250000000000711e+01
2.291666666666667140e+01
2.586805555555555713e+01
2.916666666666668206e+01
3.281250000000001421e+01
3.680555555555555713e+01
3.767361111111111427e+01
3.368055555555555713e+01
3.003472222222222854e+01
2.673611111111111427e+01
2.378472222222222143e+01
2.118055555555555713e+01
1.892361111111111427e+01
1.701388888888889284e+01
1.545138888888889106e+01
1.423611111111111427e+01
1.336805555555555713e+01
1.284722222222222499e+01
1.267361111111111427e+01
1.284722222222222499e+01
1.336805555555556069e+01
1.423611111111111427e+01
1.545138888888889284e+01
1.701388888888889284e+01
1.892361111111111427e+01
2.118055555555556069e+01
2.378472222222222854e+01
2.673611111111111427e+01
3.003472222222223564e+01
3.368055555555556424e+01
3.767361111111111427e+01
3.888888888888889284e+01
3.489583333333333570e+01
3.125000000000000711e+01
2.795138888888889284e+01
2.500000000000000000e+01
2.239583333333333570e+01
2.013888888888889284e+01
1.822916666666667140e+01
1.666666666666667140e+01
1.545138888888889284e+01
1.458333333333333570e+01
1.406250000000000355e+01
1.388888888888889284e+01
1.406250000000000355e+01
1.458333333333333925e+01
1.545138888888889284e+01
1.666666666666667140e+01
1.822916666666667140e+01
2.013888888888889284e+01
2.239583333333333925e+01
2.500000000000000711e+01
2.795138888888889284e+01
3.125000000000001421e+01
3.489583333333334281e+01
3.888888888888889284e+01
4.045138888888889284e+01
3.645833333333333570e+01
3.281250000000000711e+01
2.951388888888889284e+01
2.656250000000000355e+01
2.395833333333333570e+01
2.170138888888889284e+01
1.979166666666667140e+01
1.822916666666667140e+01
1.701388888888889284e+01
1.614583333333333925e+01
1.562500000000000533e+01
1.545138888888889461e+01
1.562500000000000711e+01
1.614583333333333925e+01
1.701388888888889284e+01
1.822916666666667140e+01
1.979166666666667496e+01
2.170138888888889284e+01
2.395833333333334281e+01
2.656250000000000711e+01
2.951388888888889284e+01
3.281250000000001421e+01
3.645833333333334281e+01
4.045138888888889284e+01
4.236111111111111427e+01
3.836805555555555713e+01
3.472222222222222854e+01
3.142361111111111427e+01
2.847222222222222143e+01
2.586805555555555713e+01
2.361111111111111427e+01
2.170138888888889284e+01
2.013888888888889284e+01
1.892361111111111427e+01
1.805555555555555713e+01
1.753472222222222499e+01
1.736111111111111427e+01
1.753472222222222499e+01
1.805555555555556069e+01
1.892361111111111427e+01
2.013888888888889284e+01
2.170138888888889284e+01
2.361111111111111427e+01
2.586805555555556069e+01
2.847222222222222854e+01
3.142361111111111427e+01
3.472222222222223564e+01
3.836805555555556424e+01
4.236111111111111427e+01
4.461805555555555713e+01
4.062500000000000000e+01
3.697916666666667140e+01
3.368055555555555713e+01
3.072916666666667140e+01
2.812500000000000355e+01
2.586805555555556069e+01
2.395833333333333570e+01
2.239583333333333570e+01
2.118055555555556069e+01
2.031250000000000711e+01
1.979166666666667140e+01
1.961805555555556069e+01
1.979166666666667140e+01
2.031250000000000711e+01
2.118055555555556069e+01
2.239583333333333925e+01
2.395833333333334281e+01
2.586805555555556069e+01
2.812500000000000711e+01
3.072916666666667496e+01
3.368055555555555713e+01
3.697916666666668561e+01
4.062500000000001421e+01
4.461805555555555713e+01
4.722222222222222854e+01
4.322916666666667140e+01
3.958333333333334281e+01
3.628472222222222854e+01
3.333333333333333570e+01
3.072916666666667140e+01
2.847222222222222854e+01
2.656250000000000711e+01
2.500000000000000711e+01
2.378472222222222854e+01
2.291666666666667140e+01
2.239583333333333925e+01
2.222222222222222854e+01
2.239583333333333925e+01
2.291666666666667140e+01
2.378472222222222854e+01
2.500000000000000711e+01
2.656250000000000711e+01
2.847222222222222854e+01
3.072916666666667496e+01
3.333333333333334281e+01
3.628472222222222854e+01
3.958333333333334991e+01
4.322916666666667851e+01
4.722222222222222854e+01
5.017361111111111427e+01
4.618055555555555713e+01
4.253472222222222854e+01
3.923611111111111427e+01
3.628472222222222143e+01
3.368055555555555713e+01
3.142361111111111427e+01
2.951388888888889284e+01
2.795138888888889284e+01
2.673611111111111427e+01
2.586805555555555713e+01
2.534722222222222499e+01
2.517361111111111427e+01
2.534722222222222499e+01
2.586805555555555713e+01
2.673611111111111427e+01
2.795138888888889284e+01
2.951388888888889284e+01
3.142361111111111427e+01
3.368055555555555713e+01
3.628472222222222854e+01
3.923611111111111427e+01
4.253472222222223564e+01
4.618055555555556424e+01
5.017361111111111427e+01
5.347222222222223564e+01
4.947916666666667851e+01
4.583333333333334991e+01
4.253472222222223564e+01
3.958333333333334281e+01
3.697916666666667851e+01
3.472222222222223564e+01
3.281250000000001421e+01
3.125000000000001421e+01
3.003472222222223564e+01
2.916666666666667851e+01
2.864583333333334636e+01
2.847222222222223564e+01
2.864583333333334636e+01
2.916666666666668206e+01
3.003472222222223564e+01
3.125000000000001421e+01
3.281250000000001421e+01
3.472222222222223564e+01
3.697916666666668561e+01
3.958333333333334991e+01
4.253472222222223564e+01
4.583333333333335702e+01
4.947916666666668561e+01
5.347222222222223564e+01
5.711805555555556424e+01
5.312500000000000711e+01
4.947916666666667851e+01
4.618055555555556424e+01
4.322916666666667140e+01
4.062500000000000711e+01
3.836805555555556424e+01
3.645833333333334281e+01
3.489583333333334281e+01
3.368055555555556424e+01
3.281250000000000711e+01
3.229166666666667140e+01
3.211805555555556424e+01
3.229166666666667140e+01
3.281250000000001421e+01
3.368055555555556424e+01
3.489583333333334281e+01
3.645833333333334281e+01
3.836805555555556424e+01
4.062500000000001421e+01
4.322916666666667851e+01
4.618055555555556424e+01
4.947916666666668561e+01
5.312500000000001421e+01
5.711805555555556424e+01
6.111111111111111427e+01
5.711805555555555713e+01
5.347222222222222854e+01
5.017361111111111427e+01
4.722222222222222143e+01
4.461805555555555713e+01
4.236111111111111427e+01
4.045138888888889284e+01
3.888888888888889284e+01
3.767361111111111427e+01
3.680555555555555713e+01
3.628472222222222854e+01
3.611111111111111427e+01
3.628472222222222854e+01
3.680555555555555713e+01
3.767361111111111427e+01
3.888888888888889284e+01
4.045138888888889284e+01
4.236111111111111427e+01
4.461805555555555713e+01
4.722222222222222854e+01
5.017361111111111427e+01
5.347222222222223564e+01
5.711805555555556424e+01
6.111111111111111427e+01
6.406250000000000000e+01
6.006944444444444287e+01
5.642361111111111427e+01
5.312500000000000000e+01
5.017361111111110716e+01
4.756944444444444287e+01
4.531250000000000000e+01
4.340277777777777857e+01
4.184027777777777857e+01
4.062500000000000000e+01
3.975694444444444287e+01
3.923611111111111427e+01
3.906250000000000000e+01
3.923611111111111427e+01
3.975694444444444287e+01
4.062500000000000000e+01
4.184027777777777857e+01
4.340277777777777857e+01
4.531250000000000000e+01
4.756944444444444287e+01
5.017361111111111427e+01
5.312500000000000000e+01
5.642361111111112137e+01
6.006944444444444997e+01
6.406250000000000000e+01
6.006944444444444287e+01
5.607638888888888573e+01
5.243055555555555713e+01
4.913194444444444287e+01
4.618055555555555003e+01
4.357638888888888573e+01
4.131944444444444287e+01
3.940972222222222143e+01
3.784722222222222143e+01
3.663194444444444287e+01
3.576388888888888573e+01
3.524305555555555713e+01
3.506944444444444287e+01
3.524305555555555713e+01
3.576388888888888573e+01
3.663194444444444287e+01
3.784722222222222143e+01
3.940972222222222143e+01
4.131944444444444287e+01
4.357638888888888573e+01
4.618055555555555713e+01
4.913194444444444287e+01
5.243055555555556424e+01
5.607638888888889284e+01
6.006944444444444287e+01
5.642361111111111427e+01
5.243055555555555713e+01
4.878472222222222854e+01
4.548611111111111427e+01
4.253472222222222143e+01
3.993055555555555713e+01
3.767361111111111427e+01
3.576388888888889284e+01
3.420138888888889284e+01
3.298611111111111427e+01
3.211805555555555713e+01
3.159722222222222499e+01
3.142361111111111427e+01
3.159722222222222499e+01
3.211805555555555713e+01
3.298611111111111427e+01
3.420138888888889284e+01
3.576388888888889284e+01
3.767361111111111427e+01
3.993055555555555713e+01
4.253472222222222854e+01
4.548611111111111427e+01
4.878472222222223564e+01
5.243055555555556424e+01
5.642361111111111427e+01
5.312500000000000000e+01
4.913194444444444287e+01
4.548611111111111427e+01
4.218750000000000000e+01
3.923611111111110716e+01
3.663194444444444287e+01
3.437500000000000000e+01
3.246527777777777857e+01
3.090277777777777857e+01
2.968750000000000000e+01
2.881944444444444287e+01
2.829861111111111072e+01
2.812500000000000000e+01
2.829861111111111072e+01
2.881944444444444287e+01
2.968750000000000000e+01
3.090277777777777857e+01
3.246527777777777857e+01
3.437500000000000000e+01
3.663194444444444287e+01
3.923611111111111427e+01
4.218750000000000000e+01
4.548611111111112137e+01
4.913194444444444997e+01
5.312500000000000000e+01
5.017361111111110716e+01
4.618055555555555003e+01
4.253472222222222143e+01
3.923611111111110716e+01
3.628472222222221433e+01
3.368055555555555003e+01
3.142361111111110716e+01
2.951388888888888573e+01
2.795138888888888573e+01
2.673611111111110716e+01
2.586805555555555358e+01
2.534722222222222143e+01
2.517361111111110716e+01
2.534722222222222143e+01
2.586805555555555358e+01
2.673611111111110716e+01
2.795138888888888573e+01
2.951388888888888928e+01
3.142361111111110716e+01
3.368055555555555713e+01
3.628472222222222143e+01
3.923611111111110716e+01
4.253472222222222854e+01
4.618055555555555713e+01
5.017361111111110716e+01
4.756944444444444287e+01
4.357638888888888573e+01
3.993055555555555713e+01
3.663194444444444287e+01
3.368055555555555003e+01
3.107638888888888573e+01
2.881944444444444287e+01
2.690972222222222143e+01
2.534722222222222143e+01
2.413194444444444287e+01
2.326388888888888573e+01
2.274305555555555358e+01
2.256944444444444287e+01
2.274305555555555358e+01
2.326388888888888573e+01
2.413194444444444287e+01
2.534722222222222143e+01
2.690972222222222143e+01
2.881944444444444287e+01
3.107638888888888928e+01
3.368055555555555713e+01
3.663194444444444287e+01
3.993055555555556424e+01
4.357638888888889284e+01
4.756944444444444287e+01
4.531250000000000000e+01
4.131944444444444287e+01
3.767361111111111427e+01
3.437500000000000000e+01
3.142361111111110716e+01
2.881944444444444287e+01
2.656250000000000000e+01
2.465277777777777857e+01
2.309027777777777857e+01
2.187500000000000000e+01
2.100694444444444287e+01
2.048611111111111072e+01
2.031250000000000000e+01
2.048611111111111072e+01
2.100694444444444642e+01
2.187500000000000000e+01
2.309027777777777857e+01
2.465277777777777857e+01
2.656250000000000000e+01
2.881944444444444642e+01
3.142361111111111427e+01
3.437500000000000000e+01
3.767361111111112137e+01
4.131944444444444997e+01
4.531250000000000000e+01
4.340277777777777857e+01
3.940972222222222143e+01
3.576388888888889284e+01
3.246527777777777857e+01
2.951388888888888573e+01
2.690972222222222143e+01
2.465277777777777857e+01
2.274305555555555358e+01
2.118055555555555358e+01
1.996527777777777857e+01
1.909722222222222143e+01
1.857638888888888573e+01
1.840277777777777857e+01
1.857638888888888928e+01
1.909722222222222143e+01
1.996527777777777857e+01
2.118055555555555713e+01
2.274305555555555713e+01
2.465277777777777857e+01
2.690972222222222143e+01
2.951388888888889284e+01
3.246527777777777857e+01
3.576388888888889994e+01
3.940972222222222854e+01
4.340277777777777857e+01
4.184027777777777857e+01
3.784722222222222143e+01
3.420138888888889284e+01
3.090277777777777857e+01
2.795138888888888573e+01
2.534722222222222143e+01
2.309027777777777857e+01
2.118055555555555358e+01
1.961805555555555358e+01
1.840277777777777857e+01
1.753472222222222143e+01
1.701388888888888928e+01
1.684027777777777857e+01
1.701388888888888928e+01
1.753472222222222143e+01
1.840277777777777857e+01
1.961805555555555713e+01
2.118055555555555713e+01
2.309027777777777857e+01
2.534722222222222143e+01
2.795138888888889284e+01
3.090277777777777857e+01
3.420138888888889994e+01
3.784722222222222854e+01
4.184027777777777857e+01
4.062500000000000000e+01
3.663194444444444287e+01
3.298611111111111427e+01
2.968750000000000000e+01
2.673611111111110716e+01
2.413194444444444287e+01
2.187500000000000000e+01
1.996527777777777857e+01
1.840277777777777857e+01
1.718750000000000000e+01
1.631944444444444287e+01
1.579861111111111072e+01
1.562500000000000000e+01
1.579861111111111072e+01
1.631944444444444642e+01
1.718750000000000000e+01
1.840277777777777857e+01
1.996527777777777857e+01
2.187500000000000000e+01
2.413194444444444642e+01
2.673611111111111427e+01
2.968750000000000000e+01
3.298611111111112137e+01
3.663194444444444997e+01
4.062500000000000000e+01
3.975694444444444287e+01
3.576388888888888573e+01
3.211805555555555713e+01
2.881944444444444287e+01
2.586805555555555358e+01
2.326388888888888573e+01
2.100694444444444287e+01
1.909722222222222143e+01
1.753472222222222143e+01
1.631944444444444287e+01
1.545138888888888751e+01
1.493055555555555536e+01
1.475694444444444464e+01
1.493055555555555536e+01
1.545138888888888928e+01
1.631944444444444287e+01
1.753472222222222143e+01
1.909722222222222499e+01
2.100694444444444287e+01
2.326388888888889284e+01
2.586805555555555713e+01
2.881944444444444287e+01
3.211805555555556424e+01
3.576388888888889284e+01
3.975694444444444287e+01
3.923611111111111427e+01
3.524305555555555713e+01
3.159722222222222499e+01
2.829861111111111072e+01
2.534722222222222143e+01
2.274305555555555358e+01
2.048611111111111072e+01
1.857638888888888573e+01
1.701388888888888928e+01
1.579861111111111072e+01
1.493055555555555536e+01
1.440972222222222143e+01
1.423611111111111072e+01
1.440972222222222143e+01
1.493055555555555536e+01
1.579861111111111072e+01
1.701388888888888928e+01
1.857638888888889284e+01
2.048611111111111072e+01
2.274305555555555713e+01
2.534722222222222499e+01
2.829861111111111072e+01
3.159722222222223209e+01
3.524305555555555713e+01
3.923611111111111427e+01
3.906250000000000000e+01
3.506944444444444287e+01
3.142361111111111427e+01
2.812500000000000000e+01
2.517361111111110716e+01
2.256944444444444287e+01
2.031250000000000000e+01
1.840277777777777857e+01
1.684027777777777857e+01
1.562500000000000000e+01
1.475694444444444464e+01
1.423611111111111072e+01
1.406250000000000000e+01
1.423611111111111072e+01
1.475694444444444464e+01
1.562500000000000000e+01
1.684027777777777857e+01
1.840277777777777857e+01
2.031250000000000000e+01
2.256944444444444642e+01
2.517361111111111427e+01
2.812500000000000000e+01
3.142361111111112137e+01
3.506944444444444997e+01
3.906250000000000000e+01
3.923611111111111427e+01
3.524305555555555713e+01
3.159722222222222499e+01
2.829861111111111072e+01
2.534722222222222143e+01
2.274305555555555358e+01
2.048611111111111072e+01
1.857638888888888928e+01
1.701388888888888928e+01
1.579861111111111072e+01
1.493055555555555536e+01
1.440972222222222143e+01
1.423611111111111072e+01
1.440972222222222321e+01
1.493055555555555713e+01
1.579861111111111072e+01
1.701388888888888928e+01
1.857638888888889284e+01
2.048611111111111072e+01
2.274305555555555713e+01
2.534722222222222499e+01
2.829861111111111072e+01
3.159722222222223209e+01
3.524305555555555713e+01
3.923611111111111427e+01
3.975694444444444287e+01
3.576388888888888573e+01
3.211805555555555713e+01
2.881944444444444287e+01
2.586805555555555358e+01
2.326388888888888573e+01
2.100694444444444642e+01
1.909722222222222143e+01
1.753472222222222143e+01
1.631944444444444642e+01
1.545138888888888928e+01
1.493055555555555536e+01
1.475694444444444464e+01
1.493055555555555713e+01
1.545138888888889106e+01
1.631944444444444642e+01
1.753472222222222499e+01
1.909722222222222499e+01
2.100694444444444642e+01
2.326388888888889284e+01
2.586805555555555713e+01
2.881944444444444287e+01
3.211805555555557135e+01
3.576388888888889994e+01
3.975694444444444287e+01
4.062500000000000000e+01
3.663194444444444287e+01
3.298611111111111427e+01
2.968750000000000000e+01
2.673611111111110716e+01
2.413194444444444287e+01
2.187500000000000000e+01
1.996527777777777857e+01
1.840277777777777857e+01
1.718750000000000000e+01
1.631944444444444287e+01
1.579861111111111072e+01
1.562500000000000000e+01
1.579861111111111072e+01
1.631944444444444642e+01
1.718750000000000000e+01
1.840277777777777857e+01
1.996527777777777857e+01
2.187500000000000000e+01
2.413194444444444642e+01
2.673611111111111427e+01
2.968750000000000000e+01
3.298611111111112137e+01
3.663194444444444997e+01
4.062500000000000000e+01
4.184027777777777857e+01
3.784722222222222143e+01
3.420138888888889284e+01
3.090277777777777857e+01
2.795138888888888573e+01
2.534722222222222143e+01
2.309027777777777857e+01
2.118055555555555713e+01
1.961805555555555713e+01
1.840277777777777857e+01
1.753472222222222143e+01
1.701388888888888928e+01
1.684027777777777857e+01
1.701388888888888928e+01
1.753472222222222499e+01
1.840277777777777857e+01
1.961805555555555713e+01
2.118055555555555713e+01
2.309027777777777857e+01
2.534722222222222499e+01
2.795138888888889284e+01
3.090277777777777857e+01
3.420138888888889994e+01
3.784722222222222854e+01
4.184027777777777857e+01
4.340277777777777857e+01
3.940972222222222143e+01
3.576388888888889284e+01
3.246527777777777857e+01
2.951388888888888928e+01
2.690972222222222143e+01
2.465277777777777857e+01
2.274305555555555713e+01
2.118055555555555713e+01
1.996527777777777857e+01
1.909722222222222499e+01
1.857638888888889284e+01
1.840277777777777857e+01
1.857638888888889284e+01
1.909722222222222499e+01
1.996527777777777857e+01
2.118055555555555713e+01
2.274305555555556069e+01
2.465277777777777857e+01
2.690972222222222854e+01
2.951388888888889284e+01
3.246527777777777857e+01
3.576388888888889994e+01
3.940972222222222854e+01
4.340277777777777857e+01
4.531250000000000000e+01
4.131944444444444287e+01
3.767361111111111427e+01
3.437500000000000000e+01
3.142361111111110716e+01
2.881944444444444287e+01
2.656250000000000000e+01
2.465277777777777857e+01
2.309027777777777857e+01
2.187500000000000000e+01
2.100694444444444287e+01
2.048611111111111072e+01
2.031250000000000000e+01
2.048611111111111072e+01
2.100694444444444642e+01
2.187500000000000000e+01
2.309027777777777857e+01
2.465277777777777857e+01
2.656250000000000000e+01
2.881944444444444642e+01
3.142361111111111427e+01
3.437500000000000000e+01
3.767361111111112137e+01
4.131944444444444997e+01
4.531250000000000000e+01
4.756944444444444287e+01
4.357638888888888573e+01
3.993055555555555713e+01
3.663194444444444287e+01
3.368055555555555713e+01
3.107638888888888928e+01
2.881944444444444642e+01
2.690972222222222143e+01
2.534722222222222143e+01
2.413194444444444642e+01
2.326388888888889284e+01
2.274305555555555713e+01
2.256944444444444642e+01
2.274305555555555713e+01
2.326388888888889284e+01
2.413194444444444642e+01
2.534722222222222499e+01
2.690972222222222854e+01
2.881944444444444642e+01
3.107638888888889284e+01
3.368055555555555713e+01
3.663194444444444287e+01
3.993055555555557135e+01
4.357638888888889994e+01
4.756944444444444287e+01
5.017361111111111427e+01
4.618055555555555713e+01
4.253472222222222854e+01
3.923611111111111427e+01
3.628472222222222143e+01
3.368055555555555713e+01
3.142361111111111427e+01
2.951388888888889284e+01
2.795138888888889284e+01
2.673611111111111427e+01
2.586805555555555713e+01
2.534722222222222499e+01
2.517361111111111427e+01
2.534722222222222499e+01
2.586805555555555713e+01
2.673611111111111427e+01
2.795138888888889284e+01
2.951388888888889284e+01
3.142361111111111427e+01
3.368055555555555713e+01
3.628472222222222854e+01
3.923611111111111427e+01
4.253472222222223564e+01
4.618055555555556424e+01
5.017361111111111427e+01
5.312500000000000000e+01
4.913194444444444287e+01
4.548611111111111427e+01
4.218750000000000000e+01
3.923611111111110716e+01
3.663194444444444287e+01
3.437500000000000000e+01
3.246527777777777857e+01
3.090277777777777857e+01
2.968750000000000000e+01
2.881944444444444287e+01
2.829861111111111072e+01
2.812500000000000000e+01
2.829861111111111072e+01
2.881944444444444287e+01
2.968750000000000000e+01
3.090277777777777857e+01
3.246527777777777857e+01
3.437500000000000000e+01
3.663194444444444287e+01
3.923611111111111427e+01
4.218750000000000000e+01
4.548611111111112137e+01
4.913194444444444997e+01
5.312500000000000000e+01
5.642361111111112137e+01
5.243055555555556424e+01
4.878472222222223564e+01
4.548611111111112137e+01
4.253472222222222854e+01
3.993055555555556424e+01
3.767361111111112137e+01
3.576388888888889994e+01
3.420138888888889994e+01
3.298611111111112137e+01
3.211805555555556424e+01
3.159722222222223209e+01
3.142361111111112137e+01
3.159722222222223209e+01
3.211805555555557135e+01
3.298611111111112137e+01
3.420138888888889994e+01
3.576388888888889994e+01
3.767361111111112137e+01
3.993055555555557135e+01
4.253472222222223564e+01
4.548611111111112137e+01
4.878472222222224275e+01
5.243055555555557135e+01
5.642361111111112137e+01
6.006944444444444997e+01
5.607638888888889284e+01
5.243055555555556424e+01
4.913194444444444997e+01
4.618055555555555713e+01
4.357638888888889284e+01
4.131944444444444997e+01
3.940972222222222854e+01
3.784722222222222854e+01
3.663194444444444997e+01
3.576388888888889284e+01
3.524305555555555713e+01
3.506944444444444997e+01
3.524305555555555713e+01
3.576388888888889994e+01
3.663194444444444997e+01
3.784722222222222854e+01
3.940972222222222854e+01
4.131944444444444997e+01
4.357638888888889994e+01
4.618055555555556424e+01
4.913194444444444997e+01
5.243055555555557135e+01
5.607638888888889994e+01
6.006944444444444997e+01
6.406250000000000000e+01
6.006944444444444287e+01
5.642361111111111427e+01
5.312500000000000000e+01
5.017361111111110716e+01
4.756944444444444287e+01
4.531250000000000000e+01
4.340277777777777857e+01
4.184027777777777857e+01
4.062500000000000000e+01
3.975694444444444287e+01
3.923611111111111427e+01
3.906250000000000000e+01
3.923611111111111427e+01
3.975694444444444287e+01
4.062500000000000000e+01
4.184027777777777857e+01
4.340277777777777857e+01
4.531250000000000000e+01
4.756944444444444287e+01
5.017361111111111427e+01
5.312500000000000000e+01
5.642361111111112137e+01
6.006944444444444997e+01
6.406250000000000000e+01
6.736111111111111427e+01
6.336805555555556424e+01
5.972222222222223564e+01
5.642361111111112137e+01
5.347222222222222854e+01
5.086805555555556424e+01
4.861111111111112137e+01
4.670138888888889994e+01
4.513888888888889994e+01
4.392361111111112137e+01
4.305555555555556424e+01
4.253472222222222854e+01
4.236111111111112137e+01
4.253472222222222854e+01
4.305555555555557135e+01
4.392361111111112137e+01
4.513888888888889994e+01
4.670138888888889994e+01
4.861111111111112137e+01
5.086805555555556424e+01
5.347222222222223564e+01
5.642361111111112137e+01
5.972222222222224275e+01
6.336805555555557135e+01
6.736111111111111427e+01
6.336805555555556424e+01
5.937500000000000711e+01
5.572916666666667851e+01
5.243055555555556424e+01
4.947916666666667140e+01
4.687500000000000711e+01
4.461805555555556424e+01
4.270833333333334281e+01
4.114583333333334281e+01
3.993055555555556424e+01
3.906250000000000711e+01
3.854166666666667140e+01
3.836805555555556424e+01
3.854166666666667140e+01
3.906250000000001421e+01
3.993055555555556424e+01
4.114583333333334281e+01
4.270833333333334281e+01
4.461805555555556424e+01
4.687500000000001421e+01
4.947916666666667851e+01
5.243055555555556424e+01
5.572916666666668561e+01
5.937500000000001421e+01
6.336805555555556424e+01
5.972222222222223564e+01
5.572916666666667851e+01
5.208333333333334991e+01
4.878472222222223564e+01
4.583333333333334281e+01
4.322916666666667851e+01
4.097222222222223564e+01
3.906250000000001421e+01
3.750000000000001421e+01
3.628472222222223564e+01
3.541666666666667851e+01
3.489583333333334281e+01
3.472222222222223564e+01
3.489583333333334281e+01
3.541666666666668561e+01
3.628472222222223564e+01
3.750000000000001421e+01
3.906250000000001421e+01
4.097222222222223564e+01
4.322916666666668561e+01
4.583333333333334991e+01
4.878472222222223564e+01
5.208333333333335702e+01
5.572916666666668561e+01
5.972222222222223564e+01
5.642361111111112137e+01
5.243055555555556424e+01
4.878472222222223564e+01
4.548611111111112137e+01
4.253472222222222854e+01
3.993055555555556424e+01
3.767361111111112137e+01
3.576388888888889994e+01
3.420138888888889994e+01
3.298611111111112137e+01
3.211805555555556424e+01
3.159722222222223209e+01
3.142361111111112137e+01
3.159722222222223209e+01
3.211805555555556424e+01
3.298611111111112137e+01
3.420138888888889994e+01
3.576388888888889994e+01
3.767361111111112137e+01
3.993055555555557135e+01
4.253472222222223564e+01
4.548611111111112137e+01
4.878472222222224275e+01
5.243055555555557135e+01
5.642361111111112137e+01
5.347222222222222854e+01
4.947916666666667140e+01
4.583333333333334281e+01
4.253472222222222854e+01
3.958333333333334281e+01
3.697916666666667140e+01
3.472222222222222854e+01
3.281250000000000711e+01
3.125000000000000711e+01
3.003472222222222854e+01
2.916666666666667496e+01
2.864583333333334281e+01
2.847222222222222854e+01
2.864583333333334281e+01
2.916666666666667496e+01
3.003472222222222854e+01
3.125000000000000711e+01
3.281250000000001421e+01
3.472222222222222854e+01
3.697916666666667851e+01
3.958333333333334281e+01
4.253472222222222854e+01
4.583333333333334991e+01
4.947916666666667851e+01
5.347222222222222854e+01
5.086805555555556424e+01
4.687500000000000711e+01
4.322916666666667851e+01
3.993055555555556424e+01
3.697916666666667140e+01
3.437500000000000711e+01
3.211805555555556424e+01
3.020833333333334281e+01
2.864583333333334281e+01
2.743055555555556424e+01
2.656250000000000711e+01
2.604166666666667496e+01
2.586805555555556424e+01
2.604166666666667496e+01
2.656250000000000711e+01
2.743055555555556424e+01
2.864583333333334281e+01
3.020833333333334281e+01
3.211805555555556424e+01
3.437500000000001421e+01
3.697916666666667851e+01
3.993055555555556424e+01
4.322916666666668561e+01
4.687500000000001421e+01
5.086805555555556424e+01
4.861111111111112137e+01
4.461805555555556424e+01
4.097222222222223564e+01
3.767361111111112137e+01
3.472222222222222854e+01
3.211805555555556424e+01
2.986111111111112137e+01
2.795138888888889994e+01
2.638888888888889994e+01
2.517361111111112137e+01
2.430555555555556424e+01
2.378472222222223209e+01
2.361111111111112137e+01
2.378472222222223209e+01
2.430555555555556779e+01
2.517361111111112137e+01
2.638888888888889994e+01
2.795138888888889994e+01
2.986111111111112137e+01
3.211805555555557135e+01
3.472222222222223564e+01
3.767361111111112137e+01
4.097222222222224275e+01
4.461805555555557135e+01
4.861111111111112137e+01
4.670138888888889994e+01
4.270833333333334281e+01
3.906250000000001421e+01
3.576388888888889994e+01
3.281250000000000711e+01
3.020833333333334281e+01
2.795138888888889994e+01
2.604166666666667496e+01
2.447916666666667496e+01
2.326388888888889994e+01
2.239583333333334281e+01
2.187500000000000711e+01
2.170138888888889994e+01
2.187500000000001066e+01
2.239583333333334281e+01
2.326388888888889994e+01
2.447916666666667851e+01
2.604166666666667851e+01
2.795138888888889994e+01
3.020833333333334281e+01
3.281250000000001421e+01
3.576388888888889994e+01
3.906250000000002132e+01
4.270833333333334991e+01
4.670138888888889994e+01
4.513888888888889994e+01
4.114583333333334281e+01
3.750000000000001421e+01
3.420138888888889994e+01
3.125000000000000711e+01
2.864583333333334281e+01
2.638888888888889994e+01
2.447916666666667496e+01
2.291666666666667496e+01
2.170138888888889994e+01
2.083333333333334281e+01
2.031250000000001066e+01
2.013888888888889994e+01
2.031250000000001066e+01
2.083333333333334281e+01
2.170138888888889994e+01
2.291666666666667851e+01
2.447916666666667851e+01
2.638888888888889994e+01
2.864583333333334281e+01
3.125000000000001421e+01
3.420138888888889994e+01
3.750000000000002132e+01
4.114583333333334991e+01
4.513888888888889994e+01
4.392361111111112137e+01
3.993055555555556424e+01
3.628472222222223564e+01
3.298611111111112137e+01
3.003472222222222854e+01
2.743055555555556424e+01
2.517361111111112137e+01
2.326388888888889994e+01
2.170138888888889994e+01
2.048611111111112137e+01
1.961805555555556424e+01
1.909722222222223209e+01
1.892361111111112137e+01
1.909722222222223209e+01
1.961805555555556779e+01
2.048611111111112137e+01
2.170138888888889994e+01
2.326388888888889994e+01
2.517361111111112137e+01
2.743055555555556779e+01
3.003472222222223564e+01
3.298611111111112137e+01
3.628472222222224275e+01
3.993055555555557135e+01
4.392361111111112137e+01
4.305555555555556424e+01
3.906250000000000711e+01
3.541666666666667851e+01
3.211805555555556424e+01
2.916666666666667496e+01
2.656250000000000711e+01
2.430555555555556424e+01
2.239583333333334281e+01
2.083333333333334281e+01
1.961805555555556424e+01
1.875000000000001066e+01
1.822916666666667496e+01
1.805555555555556424e+01
1.822916666666667851e+01
1.875000000000001066e+01
1.961805555555556424e+01
2.083333333333334281e+01
2.239583333333334636e+01
2.430555555555556424e+01
2.656250000000001421e+01
2.916666666666667851e+01
3.211805555555556424e+01
3.541666666666668561e+01
3.906250000000001421e+01
4.305555555555556424e+01
4.253472222222222854e+01
3.854166666666667140e+01
3.489583333333334281e+01
3.159722222222223209e+01
2.864583333333334281e+01
2.604166666666667496e+01
2.378472222222223209e+01
2.187500000000000711e+01
2.031250000000001066e+01
1.909722222222223209e+01
1.822916666666667496e+01
1.770833333333334281e+01
1.753472222222223209e+01
1.770833333333334281e+01
1.822916666666667851e+01
1.909722222222223209e+01
2.031250000000001066e+01
2.187500000000001421e+01
2.378472222222223209e+01
2.604166666666667851e+01
2.864583333333334636e+01
3.159722222222223209e+01
3.489583333333335702e+01
3.854166666666668561e+01
4.253472222222222854e+01
4.236111111111112137e+01
3.836805555555556424e+01
3.472222222222223564e+01
3.142361111111112137e+01
2.847222222222222854e+01
2.586805555555556424e+01
2.361111111111112137e+01
2.170138888888889994e+01
2.013888888888889994e+01
1.892361111111112137e+01
1.805555555555556424e+01
1.753472222222223209e+01
1.736111111111112137e+01
1.753472222222223209e+01
1.805555555555556779e+01
1.892361111111112137e+01
2.013888888888889994e+01
2.170138888888889994e+01
2.361111111111112137e+01
2.586805555555556779e+01
2.847222222222223564e+01
3.142361111111112137e+01
3.472222222222224275e+01
3.836805555555557135e+01
4.236111111111112137e+01
4.253472222222222854e+01
3.854166666666667140e+01
3.489583333333334281e+01
3.159722222222223209e+01
2.864583333333334281e+01
2.604166666666667496e+01
2.378472222222223209e+01
2.187500000000001066e+01
2.031250000000001066e+01
1.909722222222223209e+01
1.822916666666667851e+01
1.770833333333334281e+01
1.753472222222223209e+01
1.770833333333334281e+01
1.822916666666667851e+01
1.909722222222223209e+01
2.031250000000001066e+01
2.187500000000001421e+01
2.378472222222223209e+01
2.604166666666667851e+01
2.864583333333334636e+01
3.159722222222223209e+01
3.489583333333335702e+01
3.854166666666668561e+01
4.253472222222222854e+01
4.305555555555557135e+01
3.906250000000001421e+01
3.541666666666668561e+01
3.211805555555556424e+01
2.916666666666667496e+01
2.656250000000000711e+01
2.430555555555556779e+01
2.239583333333334281e+01
2.083333333333334281e+01
1.961805555555556779e+01
1.875000000000001066e+01
1.822916666666667851e+01
1.805555555555556779e+01
1.822916666666667851e+01
1.875000000000001066e+01
1.961805555555556779e+01
2.083333333333334636e+01
2.239583333333334636e+01
2.430555555555556779e+01
2.656250000000001421e+01
2.916666666666667851e+01
3.211805555555556424e+01
3.541666666666668561e+01
3.906250000000001421e+01
4.305555555555557135e+01
4.392361111111112137e+01
3.993055555555556424e+01
3.628472222222223564e+01
3.298611111111112137e+01
3.003472222222222854e+01
2.743055555555556424e+01
2.517361111111112137e+01
2.326388888888889994e+01
2.170138888888889994e+01
2.048611111111112137e+01
1.961805555555556424e+01
1.909722222222223209e+01
1.892361111111112137e+01
1.909722222222223209e+01
1.961805555555556779e+01
2.048611111111112137e+01
2.170138888888889994e+01
2.326388888888889994e+01
2.517361111111112137e+01
2.743055555555556779e+01
3.003472222222223564e+01
3.298611111111112137e+01
3.628472222222224275e+01
3.993055555555557135e+01
4.392361111111112137e+01
4.513888888888889994e+01
4.114583333333334281e+01
3.750000000000001421e+01
3.420138888888889994e+01
3.125000000000000711e+01
2.864583333333334281e+01
2.638888888888889994e+01
2.447916666666667851e+01
2.291666666666667851e+01
2.170138888888889994e+01
2.083333333333334281e+01
2.031250000000001066e+01
2.013888888888889994e+01
2.031250000000001066e+01
2.083333333333334636e+01
2.170138888888889994e+01
2.291666666666667851e+01
2.447916666666667851e+01
2.638888888888889994e+01
2.864583333333334636e+01
3.125000000000001421e+01
3.420138888888889994e+01
3.750000000000002132e+01
4.114583333333334991e+01
4.513888888888889994e+01
4.670138888888889994e+01
4.270833333333334281e+01
3.906250000000001421e+01
3.576388888888889994e+01
3.281250000000001421e+01
3.020833333333334281e+01
2.795138888888889994e+01
2.604166666666667851e+01
2.447916666666667851e+01
2.326388888888889994e+01
2.239583333333334636e+01
2.187500000000001421e+01
2.170138888888889994e+01
2.187500000000001421e+01
2.239583333333334636e+01
2.326388888888889994e+01
2.447916666666667851e+01
2.604166666666668206e+01
2.795138888888889994e+01
3.020833333333334991e+01
3.281250000000001421e+01
3.576388888888889994e+01
3.906250000000002132e+01
4.270833333333334991e+01
4.670138888888889994e+01
4.861111111111112137e+01
4.461805555555556424e+01
4.097222222222223564e+01
3.767361111111112137e+01
3.472222222222222854e+01
3.211805555555556424e+01
2.986111111111112137e+01
2.795138888888889994e+01
2.638888888888889994e+01
2.517361111111112137e+01
2.430555555555556424e+01
2.378472222222223209e+01
2.361111111111112137e+01
2.378472222222223209e+01
2.430555555555556779e+01
2.517361111111112137e+01
2.638888888888889994e+01
2.795138888888889994e+01
2.986111111111112137e+01
3.211805555555557135e+01
3.472222222222223564e+01
3.767361111111112137e+01
4.097222222222224275e+01
4.461805555555557135e+01
4.861111111111112137e+01
5.086805555555556424e+01
4.687500000000001421e+01
4.322916666666668561e+01
3.993055555555557135e+01
3.697916666666667851e+01
3.437500000000001421e+01
3.211805555555557135e+01
3.020833333333334281e+01
2.864583333333334281e+01
2.743055555555556779e+01
2.656250000000001421e+01
2.604166666666667851e+01
2.586805555555556779e+01
2.604166666666667851e+01
2.656250000000001421e+01
2.743055555555556779e+01
2.864583333333334636e+01
3.020833333333334991e+01
3.211805555555557135e+01
3.437500000000001421e+01
3.697916666666668561e+01
3.993055555555557135e+01
4.322916666666668561e+01
4.687500000000001421e+01
5.086805555555556424e+01
5.347222222222223564e+01
4.947916666666667851e+01
4.583333333333334991e+01
4.253472222222223564e+01
3.958333333333334281e+01
3.697916666666667851e+01
3.472222222222223564e+01
3.281250000000001421e+01
3.125000000000001421e+01
3.003472222222223564e+01
2.916666666666667851e+01
2.864583333333334636e+01
2.847222222222223564e+01
2.864583333333334636e+01
2.916666666666667851e+01
3.003472222222223564e+01
3.125000000000001421e+01
3.281250000000001421e+01
3.472222222222223564e+01
3.697916666666668561e+01
3.958333333333334991e+01
4.253472222222223564e+01
4.583333333333335702e+01
4.947916666666668561e+01
5.347222222222223564e+01
5.642361111111112137e+01
5.243055555555556424e+01
4.878472222222223564e+01
4.548611111111112137e+01
4.253472222222222854e+01
3.993055555555556424e+01
3.767361111111112137e+01
3.576388888888889994e+01
3.420138888888889994e+01
3.298611111111112137e+01
3.211805555555556424e+01
3.159722222222223209e+01
3.142361111111112137e+01
3.159722222222223209e+01
3.211805555555556424e+01
3.298611111111112137e+01
3.420138888888889994e+01
3.576388888888889994e+01
3.767361111111112137e+01
3.993055555555557135e+01
4.253472222222223564e+01
4.548611111111112137e+01
4.878472222222224275e+01
5.243055555555557135e+01
5.642361111111112137e+01
5.972222222222224275e+01
5.572916666666668561e+01
5.208333333333335702e+01
4.878472222222224275e+01
4.583333333333334991e+01
4.322916666666668561e+01
4.097222222222224275e+01
3.906250000000002132e+01
3.750000000000002132e+01
3.628472222222224275e+01
3.541666666666668561e+01
3.489583333333335702e+01
3.472222222222224275e+01
3.489583333333335702e+01
3.541666666666668561e+01
3.628472222222224275e+01
3.750000000000002132e+01
3.906250000000002132e+01
4.097222222222224275e+01
4.322916666666668561e+01
4.583333333333335702e+01
4.878472222222224275e+01
5.208333333333336412e+01
5.572916666666669272e+01
5.972222222222224275e+01
6.336805555555557135e+01
5.937500000000001421e+01
5.572916666666668561e+01
5.243055555555557135e+01
4.947916666666667851e+01
4.687500000000001421e+01
4.461805555555557135e+01
4.270833333333334991e+01
4.114583333333334991e+01
3.993055555555557135e+01
3.906250000000001421e+01
3.854166666666668561e+01
3.836805555555557135e+01
3.854166666666668561e+01
3.906250000000001421e+01
3.993055555555557135e+01
4.114583333333334991e+01
4.270833333333334991e+01
4.461805555555557135e+01
4.687500000000001421e+01
4.947916666666668561e+01
5.243055555555557135e+01
5.572916666666669272e+01
5.937500000000002132e+01
6.336805555555557135e+01
6.736111111111111427e+01
6.336805555555556424e+01
5.972222222222223564e+01
5.642361111111112137e+01
5.347222222222222854e+01
5.086805555555556424e+01
4.861111111111112137e+01
4.670138888888889994e+01
4.513888888888889994e+01
4.392361111111112137e+01
4.305555555555556424e+01
4.253472222222222854e+01
4.236111111111112137e+01
4.253472222222222854e+01
4.305555555555557135e+01
4.392361111111112137e+01
4.513888888888889994e+01
4.670138888888889994e+01
4.861111111111112137e+01
5.086805555555556424e+01
5.347222222222223564e+01
5.642361111111112137e+01
5.972222222222224275e+01
6.336805555555557135e+01
6.736111111111111427e+01
7.100694444444445708e+01
6.701388888888888573e+01
6.336805555555556424e+01
6.006944444444444997e+01
5.711805555555555713e+01
5.451388888888889284e+01
5.225694444444444997e+01
5.034722222222222854e+01
4.878472222222222854e+01
4.756944444444444997e+01
4.670138888888889284e+01
4.618055555555555713e+01
4.600694444444444997e+01
4.618055555555555713e+01
4.670138888888889994e+01
4.756944444444444997e+01
4.878472222222222854e+01
5.034722222222222854e+01
5.225694444444444997e+01
5.451388888888889284e+01
5.711805555555556424e+01
6.006944444444444997e+01
6.336805555555557135e+01
6.701388888888889994e+01
7.100694444444445708e+01
6.701388888888888573e+01
6.302083333333333570e+01
5.937500000000000711e+01
5.607638888888889284e+01
5.312500000000000000e+01
5.052083333333333570e+01
4.826388888888889284e+01
4.635416666666667140e+01
4.479166666666667140e+01
4.357638888888889284e+01
4.270833333333333570e+01
4.218750000000000000e+01
4.201388888888889284e+01
4.218750000000000000e+01
4.270833333333334281e+01
4.357638888888889284e+01
4.479166666666667140e+01
4.635416666666667140e+01
4.826388888888889284e+01
5.052083333333334281e+01
5.312500000000000711e+01
5.607638888888889284e+01
5.937500000000001421e+01
6.302083333333334281e+01
6.701388888888888573e+01
6.336805555555556424e+01
5.937500000000000711e+01
5.572916666666667851e+01
5.243055555555556424e+01
4.947916666666667140e+01
4.687500000000000711e+01
4.461805555555556424e+01
4.270833333333334281e+01
4.114583333333334281e+01
3.993055555555556424e+01
3.906250000000000711e+01
3.854166666666667140e+01
3.836805555555556424e+01
3.854166666666667140e+01
3.906250000000001421e+01
3.993055555555556424e+01
4.114583333333334281e+01
4.270833333333334281e+01
4.461805555555556424e+01
4.687500000000001421e+01
4.947916666666667851e+01
5.243055555555556424e+01
5.572916666666668561e+01
5.937500000000001421e+01
6.336805555555556424e+01
6.006944444444444997e+01
5.607638888888889284e+01
5.243055555555556424e+01
4.913194444444444997e+01
4.618055555555555713e+01
4.357638888888889284e+01
4.131944444444444997e+01
3.940972222222222854e+01
3.784722222222222854e+01
3.663194444444444997e+01
3.576388888888889284e+01
3.524305555555555713e+01
3.506944444444444997e+01
3.524305555555555713e+01
3.576388888888889284e+01
3.663194444444444997e+01
3.784722222222222854e+01
3.940972222222222854e+01
4.131944444444444997e+01
4.357638888888889994e+01
4.618055555555556424e+01
4.913194444444444997e+01
5.243055555555557135e+01
5.607638888888889994e+01
6.006944444444444997e+01
5.711805555555555713e+01
5.312500000000000000e+01
4.947916666666667140e+01
4.618055555555555713e+01
4.322916666666667140e+01
4.062500000000000000e+01
3.836805555555555713e+01
3.645833333333333570e+01
3.489583333333333570e+01
3.368055555555555713e+01
3.281250000000000000e+01
3.229166666666667140e+01
3.211805555555555713e+01
3.229166666666667140e+01
3.281250000000000000e+01
3.368055555555555713e+01
3.489583333333333570e+01
3.645833333333334281e+01
3.836805555555555713e+01
4.062500000000000711e+01
4.322916666666667140e+01
4.618055555555555713e+01
4.947916666666667851e+01
5.312500000000000711e+01
5.711805555555555713e+01
5.451388888888889284e+01
5.052083333333333570e+01
4.687500000000000711e+01
4.357638888888889284e+01
4.062500000000000000e+01
3.802083333333333570e+01
3.576388888888889284e+01
3.385416666666667140e+01
3.229166666666667140e+01
3.107638888888889284e+01
3.020833333333333570e+01
2.968750000000000355e+01
2.951388888888889284e+01
2.968750000000000355e+01
3.020833333333333570e+01
3.107638888888889284e+01
3.229166666666667140e+01
3.385416666666667140e+01
3.576388888888889284e+01
3.802083333333334281e+01
4.062500000000000711e+01
4.357638888888889284e+01
4.687500000000001421e+01
5.052083333333334281e+01
5.451388888888889284e+01
5.225694444444444997e+01
4.826388888888889284e+01
4.461805555555556424e+01
4.131944444444444997e+01
3.836805555555555713e+01
3.576388888888889284e+01
3.350694444444444997e+01
3.159722222222222854e+01
3.003472222222222854e+01
2.881944444444444997e+01
2.795138888888889284e+01
2.743055555555556069e+01
2.725694444444444997e+01
2.743055555555556069e+01
2.795138888888889639e+01
2.881944444444444997e+01
3.003472222222222854e+01
3.159722222222222854e+01
3.350694444444444997e+01
3.576388888888889994e+01
3.836805555555556424e+01
4.131944444444444997e+01
4.461805555555557135e+01
4.826388888888889994e+01
5.225694444444444997e+01
5.034722222222222854e+01
4.635416666666667140e+01
4.270833333333334281e+01
3.940972222222222854e+01
3.645833333333333570e+01
3.385416666666667140e+01
3.159722222222222854e+01
2.968750000000000355e+01
2.812500000000000355e+01
2.690972222222222854e+01
2.604166666666667140e+01
2.552083333333333570e+01
2.534722222222222854e+01
2.552083333333333925e+01
2.604166666666667140e+01
2.690972222222222854e+01
2.812500000000000711e+01
2.968750000000000711e+01
3.159722222222222854e+01
3.385416666666667140e+01
3.645833333333334281e+01
3.940972222222222854e+01
4.270833333333334991e+01
4.635416666666667851e+01
5.034722222222222854e+01
4.878472222222222854e+01
4.479166666666667140e+01
4.114583333333334281e+01
3.784722222222222854e+01
3.489583333333333570e+01
3.229166666666667140e+01
3.003472222222222854e+01
2.812500000000000355e+01
2.656250000000000355e+01
2.534722222222222854e+01
2.447916666666667140e+01
2.395833333333333925e+01
2.378472222222222854e+01
2.395833333333333925e+01
2.447916666666667140e+01
2.534722222222222854e+01
2.656250000000000711e+01
2.812500000000000711e+01
3.003472222222222854e+01
3.229166666666667140e+01
3.489583333333334281e+01
3.784722222222222854e+01
4.114583333333334991e+01
4.479166666666667851e+01
4.878472222222222854e+01
4.756944444444444997e+01
4.357638888888889284e+01
3.993055555555556424e+01
3.663194444444444997e+01
3.368055555555555713e+01
3.107638888888889284e+01
2.881944444444444997e+01
2.690972222222222854e+01
2.534722222222222854e+01
2.413194444444444997e+01
2.326388888888889284e+01
2.274305555555556069e+01
2.256944444444444997e+01
2.274305555555556069e+01
2.326388888888889639e+01
2.413194444444444997e+01
2.534722222222222854e+01
2.690972222222222854e+01
2.881944444444444997e+01
3.107638888888889639e+01
3.368055555555556424e+01
3.663194444444444997e+01
3.993055555555557135e+01
4.357638888888889994e+01
4.756944444444444997e+01
4.670138888888889284e+01
4.270833333333333570e+01
3.906250000000000711e+01
3.576388888888889284e+01
3.281250000000000000e+01
3.020833333333333570e+01
2.795138888888889284e+01
2.604166666666667140e+01
2.447916666666667140e+01
2.326388888888889284e+01
2.239583333333333925e+01
2.187500000000000355e+01
2.170138888888889284e+01
2.187500000000000711e+01
2.239583333333333925e+01
2.326388888888889284e+01
2.447916666666667140e+01
2.604166666666667496e+01
2.795138888888889284e+01
3.020833333333334281e+01
3.281250000000000711e+01
3.576388888888889284e+01
3.906250000000001421e+01
4.270833333333334281e+01
4.670138888888889284e+01
4.618055555555555713e+01
4.218750000000000000e+01
3.854166666666667140e+01
3.524305555555555713e+01
3.229166666666667140e+01
2.968750000000000355e+01
2.743055555555556069e+01
2.552083333333333570e+01
2.395833333333333925e+01
2.274305555555556069e+01
2.187500000000000355e+01
2.135416666666667140e+01
2.118055555555556069e+01
2.135416666666667140e+01
2.187500000000000711e+01
2.274305555555556069e+01
2.395833333333333925e+01
2.552083333333334281e+01
2.743055555555556069e+01
2.968750000000000711e+01
3.229166666666667140e+01
3.524305555555555713e+01
3.854166666666668561e+01
4.218750000000001421e+01
4.618055555555555713e+01
4.600694444444444997e+01
4.201388888888889284e+01
3.836805555555556424e+01
3.506944444444444997e+01
3.211805555555555713e+01
2.951388888888889284e+01
2.725694444444444997e+01
2.534722222222222854e+01
2.378472222222222854e+01
2.256944444444444997e+01
2.170138888888889284e+01
2.118055555555556069e+01
2.100694444444444997e+01
2.118055555555556069e+01
2.170138888888889639e+01
2.256944444444444997e+01
2.378472222222222854e+01
2.534722222222222854e+01
2.725694444444444997e+01
2.951388888888889639e+01
3.211805555555556424e+01
3.506944444444444997e+01
3.836805555555557135e+01
4.201388888888889994e+01
4.600694444444444997e+01
4.618055555555555713e+01
4.218750000000000000e+01
3.854166666666667140e+01
3.524305555555555713e+01
3.229166666666667140e+01
2.968750000000000355e+01
2.743055555555556069e+01
2.552083333333333925e+01
2.395833333333333925e+01
2.274305555555556069e+01
2.187500000000000711e+01
2.135416666666667140e+01
2.118055555555556069e+01
2.135416666666667140e+01
2.187500000000000711e+01
2.274305555555556069e+01
2.395833333333333925e+01
2.552083333333334281e+01
2.743055555555556069e+01
2.968750000000000711e+01
3.229166666666667140e+01
3.524305555555555713e+01
3.854166666666668561e+01
4.218750000000001421e+01
4.618055555555555713e+01
4.670138888888889994e+01
4.270833333333334281e+01
3.906250000000001421e+01
3.576388888888889284e+01
3.281250000000000000e+01
3.020833333333333570e+01
2.795138888888889639e+01
2.604166666666667140e+01
2.447916666666667140e+01
2.326388888888889639e+01
2.239583333333333925e+01
2.187500000000000711e+01
2.170138888888889639e+01
2.187500000000000711e+01
2.239583333333333925e+01
2.326388888888889639e+01
2.447916666666667496e+01
2.604166666666667496e+01
2.795138888888889639e+01
3.020833333333334281e+01
3.281250000000000711e+01
3.576388888888889284e+01
3.906250000000001421e+01
4.270833333333334281e+01
4.670138888888889994e+01
4.756944444444444997e+01
4.357638888888889284e+01
3.993055555555556424e+01
3.663194444444444997e+01
3.368055555555555713e+01
3.107638888888889284e+01
2.881944444444444997e+01
2.690972222222222854e+01
2.534722222222222854e+01
2.413194444444444997e+01
2.326388888888889284e+01
2.274305555555556069e+01
2.256944444444444997e+01
2.274305555555556069e+01
2.326388888888889639e+01
2.413194444444444997e+01
2.534722222222222854e+01
2.690972222222222854e+01
2.881944444444444997e+01
3.107638888888889639e+01
3.368055555555556424e+01
3.663194444444444997e+01
3.993055555555557135e+01
4.357638888888889994e+01
4.756944444444444997e+01
4.878472222222222854e+01
4.479166666666667140e+01
4.114583333333334281e+01
3.784722222222222854e+01
3.489583333333333570e+01
3.229166666666667140e+01
3.003472222222222854e+01
2.812500000000000711e+01
2.656250000000000711e+01
2.534722222222222854e+01
2.447916666666667140e+01
2.395833333333333925e+01
2.378472222222222854e+01
2.395833333333333925e+01
2.447916666666667496e+01
2.534722222222222854e+01
2.656250000000000711e+01
2.812500000000000711e+01
3.003472222222222854e+01
3.229166666666667140e+01
3.489583333333334281e+01
3.784722222222222854e+01
4.114583333333334991e+01
4.479166666666667851e+01
4.878472222222222854e+01
5.034722222222222854e+01
4.635416666666667140e+01
4.270833333333334281e+01
3.940972222222222854e+01
3.645833333333334281e+01
3.385416666666667140e+01
3.159722222222222854e+01
2.968750000000000711e+01
2.812500000000000711e+01
2.690972222222222854e+01
2.604166666666667496e+01
2.552083333333334281e+01
2.534722222222222854e+01
2.552083333333334281e+01
2.604166666666667496e+01
2.690972222222222854e+01
2.812500000000000711e+01
2.968750000000001066e+01
3.159722222222222854e+01
3.385416666666667851e+01
3.645833333333334281e+01
3.940972222222222854e+01
4.270833333333334991e+01
4.635416666666667851e+01
5.034722222222222854e+01
5.225694444444444997e+01
4.826388888888889284e+01
4.461805555555556424e+01
4.131944444444444997e+01
3.836805555555555713e+01
3.576388888888889284e+01
3.350694444444444997e+01
3.159722222222222854e+01
3.003472222222222854e+01
2.881944444444444997e+01
2.795138888888889284e+01
2.743055555555556069e+01
2.725694444444444997e+01
2.743055555555556069e+01
2.795138888888889639e+01
2.881944444444444997e+01
3.003472222222222854e+01
3.159722222222222854e+01
3.350694444444444997e+01
3.576388888888889994e+01
3.836805555555556424e+01
4.131944444444444997e+01
4.461805555555557135e+01
4.826388888888889994e+01
5.225694444444444997e+01
5.451388888888889284e+01
5.052083333333334281e+01
4.687500000000001421e+01
4.357638888888889994e+01
4.062500000000000711e+01
3.802083333333334281e+01
3.576388888888889994e+01
3.385416666666667140e+01
3.229166666666667140e+01
3.107638888888889639e+01
3.020833333333334281e+01
2.968750000000000711e+01
2.951388888888889639e+01
2.968750000000000711e+01
3.020833333333334281e+01
3.107638888888889639e+01
3.229166666666667140e+01
3.385416666666667851e+01
3.576388888888889994e+01
3.802083333333334281e+01
4.062500000000001421e+01
4.357638888888889994e+01
4.687500000000001421e+01
5.052083333333334281e+01
5.451388888888889284e+01
5.711805555555556424e+01
5.312500000000000711e+01
4.947916666666667851e+01
4.618055555555556424e+01
4.322916666666667140e+01
4.062500000000000711e+01
3.836805555555556424e+01
3.645833333333334281e+01
3.489583333333334281e+01
3.368055555555556424e+01
3.281250000000000711e+01
3.229166666666667140e+01
3.211805555555556424e+01
3.229166666666667140e+01
3.281250000000000711e+01
3.368055555555556424e+01
3.489583333333334281e+01
3.645833333333334281e+01
3.836805555555556424e+01
4.062500000000001421e+01
4.322916666666667851e+01
4.618055555555556424e+01
4.947916666666668561e+01
5.312500000000001421e+01
5.711805555555556424e+01
6.006944444444444997e+01
5.607638888888889284e+01
5.243055555555556424e+01
4.913194444444444997e+01
4.618055555555555713e+01
4.357638888888889284e+01
4.131944444444444997e+01
3.940972222222222854e+01
3.784722222222222854e+01
3.663194444444444997e+01
3.576388888888889284e+01
3.524305555555555713e+01
3.506944444444444997e+01
3.524305555555555713e+01
3.576388888888889284e+01
3.663194444444444997e+01
3.784722222222222854e+01
3.940972222222222854e+01
4.131944444444444997e+01
4.357638888888889994e+01
4.618055555555556424e+01
4.913194444444444997e+01
5.243055555555557135e+01
5.607638888888889994e+01
6.006944444444444997e+01
6.336805555555557135e+01
5.937500000000001421e+01
5.572916666666668561e+01
5.243055555555557135e+01
4.947916666666667851e+01
4.687500000000001421e+01
4.461805555555557135e+01
4.270833333333334991e+01
4.114583333333334991e+01
3.993055555555557135e+01
3.906250000000001421e+01
3.854166666666668561e+01
3.836805555555557135e+01
3.854166666666668561e+01
3.906250000000001421e+01
3.993055555555557135e+01
4.114583333333334991e+01
4.270833333333334991e+01
4.461805555555557135e+01
4.687500000000001421e+01
4.947916666666668561e+01
5.243055555555557135e+01
5.572916666666669272e+01
5.937500000000002132e+01
6.336805555555557135e+01
6.701388888888889994e+01
6.302083333333334281e+01
5.937500000000001421e+01
5.607638888888889994e+01
5.312500000000000711e+01
5.052083333333334281e+01
4.826388888888889994e+01
4.635416666666667851e+01
4.479166666666667851e+01
4.357638888888889994e+01
4.270833333333334281e+01
4.218750000000001421e+01
4.201388888888889994e+01
4.218750000000001421e+01
4.270833333333334281e+01
4.357638888888889994e+01
4.479166666666667851e+01
4.635416666666667851e+01
4.826388888888889994e+01
5.052083333333334281e+01
5.312500000000001421e+01
5.607638888888889994e+01
5.937500000000002132e+01
6.302083333333334991e+01
6.701388888888889994e+01
7.100694444444445708e+01
6.701388888888888573e+01
6.336805555555556424e+01
6.006944444444444997e+01
5.711805555555555713e+01
5.451388888888889284e+01
5.225694444444444997e+01
5.034722222222222854e+01
4.878472222222222854e+01
4.756944444444444997e+01
4.670138888888889284e+01
4.618055555555555713e+01
4.600694444444444997e+01
4.618055555555555713e+01
4.670138888888889994e+01
4.756944444444444997e+01
4.878472222222222854e+01
5.034722222222222854e+01
5.225694444444444997e+01
5.451388888888889284e+01
5.711805555555556424e+01
6.006944444444444997e+01
6.336805555555557135e+01
6.701388888888889994e+01
7.100694444444445708e+01
7.500000000000000000e+01
7.100694444444444287e+01
6.736111111111111427e+01
6.406250000000000000e+01
6.111111111111110716e+01
5.850694444444444287e+01
5.625000000000000000e+01
5.434027777777777857e+01
5.277777777777777857e+01
5.156250000000000000e+01
5.069444444444444287e+01
5.017361111111111427e+01
5.000000000000000000e+01
5.017361111111111427e+01
5.069444444444444287e+01
5.156250000000000000e+01
5.277777777777777857e+01
5.434027777777777857e+01
5.625000000000000000e+01
5.850694444444444287e+01
6.111111111111111427e+01
6.406250000000000000e+01
6.736111111111111427e+01
7.100694444444445708e+01
7.500000000000000000e+01
7.100694444444444287e+01
6.701388888888888573e+01
6.336805555555555713e+01
6.006944444444444287e+01
5.711805555555555003e+01
5.451388888888888573e+01
5.225694444444444287e+01
5.034722222222222143e+01
4.878472222222222143e+01
4.756944444444444287e+01
4.670138888888888573e+01
4.618055555555555713e+01
4.600694444444444287e+01
4.618055555555555713e+01
4.670138888888888573e+01
4.756944444444444287e+01
4.878472222222222143e+01
5.034722222222222143e+01
5.225694444444444287e+01
5.451388888888888573e+01
5.711805555555555713e+01
6.006944444444444287e+01
6.336805555555556424e+01
6.701388888888888573e+01
7.100694444444444287e+01
6.736111111111111427e+01
6.336805555555555713e+01
5.972222222222222854e+01
5.642361111111111427e+01
5.347222222222222143e+01
5.086805555555555713e+01
4.861111111111111427e+01
4.670138888888889284e+01
4.513888888888889284e+01
4.392361111111111427e+01
4.305555555555555713e+01
4.253472222222222854e+01
4.236111111111111427e+01
4.253472222222222854e+01
4.305555555555555713e+01
4.392361111111111427e+01
4.513888888888889284e+01
4.670138888888889284e+01
4.861111111111111427e+01
5.086805555555555713e+01
5.347222222222222854e+01
5.642361111111111427e+01
5.972222222222223564e+01
6.336805555555556424e+01
6.736111111111111427e+01
6.406250000000000000e+01
6.006944444444444287e+01
5.642361111111111427e+01
5.312500000000000000e+01
5.017361111111110716e+01
4.756944444444444287e+01
4.531250000000000000e+01
4.340277777777777857e+01
4.184027777777777857e+01
4.062500000000000000e+01
3.975694444444444287e+01
3.923611111111111427e+01
3.906250000000000000e+01
3.923611111111111427e+01
3.975694444444444287e+01
4.062500000000000000e+01
4.184027777777777857e+01
4.340277777777777857e+01
4.531250000000000000e+01
4.756944444444444287e+01
5.017361111111111427e+01
5.312500000000000000e+01
5.642361111111112137e+01
6.006944444444444997e+01
6.406250000000000000e+01
6.111111111111110716e+01
5.711805555555555003e+01
5.347222222222222143e+01
5.017361111111110716e+01
4.722222222222221433e+01
4.461805555555555003e+01
4.236111111111110716e+01
4.045138888888888573e+01
3.888888888888888573e+01
3.767361111111110716e+01
3.680555555555555713e+01
3.628472222222222143e+01
3.611111111111110716e+01
3.628472222222222143e+01
3.680555555555555713e+01
3.767361111111110716e+01
3.888888888888888573e+01
4.045138888888888573e+01
4.236111111111110716e+01
4.461805555555555713e+01
4.722222222222222143e+01
5.017361111111110716e+01
5.347222222222222854e+01
5.711805555555555713e+01
6.111111111111110716e+01
5.850694444444444287e+01
5.451388888888888573e+01
5.086805555555555713e+01
4.756944444444444287e+01
4.461805555555555003e+01
4.201388888888888573e+01
3.975694444444444287e+01
3.784722222222222143e+01
3.628472222222222143e+01
3.506944444444444287e+01
3.420138888888888573e+01
3.368055555555555713e+01
3.350694444444444287e+01
3.368055555555555713e+01
3.420138888888888573e+01
3.506944444444444287e+01
3.628472222222222143e+01
3.784722222222222143e+01
3.975694444444444287e+01
4.201388888888888573e+01
4.461805555555555713e+01
4.756944444444444287e+01
5.086805555555556424e+01
5.451388888888889284e+01
5.850694444444444287e+01
5.625000000000000000e+01
5.225694444444444287e+01
4.861111111111111427e+01
4.531250000000000000e+01
4.236111111111110716e+01
3.975694444444444287e+01
3.750000000000000000e+01
3.559027777777777857e+01
3.402777777777777857e+01
3.281250000000000000e+01
3.194444444444444287e+01
3.142361111111111072e+01
3.125000000000000000e+01
3.142361111111111072e+01
3.194444444444444642e+01
3.281250000000000000e+01
3.402777777777777857e+01
3.559027777777777857e+01
3.750000000000000000e+01
3.975694444444444287e+01
4.236111111111111427e+01
4.531250000000000000e+01
4.861111111111112137e+01
5.225694444444444997e+01
5.625000000000000000e+01
5.434027777777777857e+01
5.034722222222222143e+01
4.670138888888889284e+01
4.340277777777777857e+01
4.045138888888888573e+01
3.784722222222222143e+01
3.559027777777777857e+01
3.368055555555555713e+01
3.211805555555555713e+01
3.090277777777777857e+01
3.003472222222222143e+01
2.951388888888888573e+01
2.934027777777777857e+01
2.951388888888888928e+01
3.003472222222222143e+01
3.090277777777777857e+01
3.211805555555555713e+01
3.368055555555555713e+01
3.559027777777777857e+01
3.784722222222222143e+01
4.045138888888889284e+01
4.340277777777777857e+01
4.670138888888889994e+01
5.034722222222222854e+01
5.434027777777777857e+01
5.277777777777777857e+01
4.878472222222222143e+01
4.513888888888889284e+01
4.184027777777777857e+01
3.888888888888888573e+01
3.628472222222222143e+01
3.402777777777777857e+01
3.211805555555555713e+01
3.055555555555555358e+01
2.934027777777777857e+01
2.847222222222222143e+01
2.795138888888888928e+01
2.777777777777777857e+01
2.795138888888888928e+01
2.847222222222222143e+01
2.934027777777777857e+01
3.055555555555555713e+01
3.211805555555555713e+01
3.402777777777777857e+01
3.628472222222222143e+01
3.888888888888889284e+01
4.184027777777777857e+01
4.513888888888889994e+01
4.878472222222222854e+01
5.277777777777777857e+01
5.156250000000000000e+01
4.756944444444444287e+01
4.392361111111111427e+01
4.062500000000000000e+01
3.767361111111110716e+01
3.506944444444444287e+01
3.281250000000000000e+01
3.090277777777777857e+01
2.934027777777777857e+01
2.812500000000000000e+01
2.725694444444444287e+01
2.673611111111111072e+01
2.656250000000000000e+01
2.673611111111111072e+01
2.725694444444444642e+01
2.812500000000000000e+01
2.934027777777777857e+01
3.090277777777777857e+01
3.281250000000000000e+01
3.506944444444444287e+01
3.767361111111111427e+01
4.062500000000000000e+01
4.392361111111112137e+01
4.756944444444444997e+01
5.156250000000000000e+01
5.069444444444444287e+01
4.670138888888888573e+01
4.305555555555555713e+01
3.975694444444444287e+01
3.680555555555555713e+01
3.420138888888888573e+01
3.194444444444444287e+01
3.003472222222222143e+01
2.847222222222222143e+01
2.725694444444444287e+01
2.638888888888888928e+01
2.586805555555555358e+01
2.569444444444444287e+01
2.586805555555555713e+01
2.638888888888888928e+01
2.725694444444444287e+01
2.847222222222222143e+01
3.003472222222222499e+01
3.194444444444444287e+01
3.420138888888889284e+01
3.680555555555555713e+01
3.975694444444444287e+01
4.305555555555556424e+01
4.670138888888889284e+01
5.069444444444444287e+01
5.017361111111111427e+01
4.618055555555555713e+01
4.253472222222222854e+01
3.923611111111111427e+01
3.628472222222222143e+01
3.368055555555555713e+01
3.142361111111111072e+01
2.951388888888888573e+01
2.795138888888888928e+01
2.673611111111111072e+01
2.586805555555555358e+01
2.534722222222222143e+01
2.517361111111111072e+01
2.534722222222222143e+01
2.586805555555555713e+01
2.673611111111111072e+01
2.795138888888888928e+01
2.951388888888889284e+01
3.142361111111111072e+01
3.368055555555555713e+01
3.628472222222222854e+01
3.923611111111111427e+01
4.253472222222222854e+01
4.618055555555555713e+01
5.017361111111111427e+01
5.000000000000000000e+01
4.600694444444444287e+01
4.236111111111111427e+01
3.906250000000000000e+01
3.611111111111110716e+01
3.350694444444444287e+01
3.125000000000000000e+01
2.934027777777777857e+01
2.777777777777777857e+01
2.656250000000000000e+01
2.569444444444444287e+01
2.517361111111111072e+01
2.500000000000000000e+01
2.517361111111111072e+01
2.569444444444444642e+01
2.656250000000000000e+01
2.777777777777777857e+01
2.934027777777777857e+01
3.125000000000000000e+01
3.350694444444444287e+01
3.611111111111111427e+01
3.906250000000000000e+01
4.236111111111112137e+01
4.600694444444444997e+01
5.000000000000000000e+01
5.017361111111111427e+01
4.618055555555555713e+01
4.253472222222222854e+01
3.923611111111111427e+01
3.628472222222222143e+01
3.368055555555555713e+01
3.142361111111111072e+01
2.951388888888888928e+01
2.795138888888888928e+01
2.673611111111111072e+01
2.586805555555555713e+01
2.534722222222222143e+01
2.517361111111111072e+01
2.534722222222222143e+01
2.586805555555555713e+01
2.673611111111111072e+01
2.795138888888888928e+01
2.951388888888889284e+01
3.142361111111111072e+01
3.368055555555555713e+01
3.628472222222222854e+01
3.923611111111111427e+01
4.253472222222222854e+01
4.618055555555555713e+01
5.017361111111111427e+01
5.069444444444444287e+01
4.670138888888888573e+01
4.305555555555555713e+01
3.975694444444444287e+01
3.680555555555555713e+01
3.420138888888888573e+01
3.194444444444444642e+01
3.003472222222222143e+01
2.847222222222222143e+01
2.725694444444444642e+01
2.638888888888888928e+01
2.586805555555555713e+01
2.569444444444444642e+01
2.586805555555555713e+01
2.638888888888888928e+01
2.725694444444444642e+01
2.847222222222222499e+01
3.003472222222222499e+01
3.194444444444444642e+01
3.420138888888889284e+01
3.680555555555555713e+01
3.975694444444444287e+01
4.305555555555557135e+01
4.670138888888889994e+01
5.069444444444444287e+01
5.156250000000000000e+01
4.756944444444444287e+01
4.392361111111111427e+01
4.062500000000000000e+01
3.767361111111110716e+01
3.506944444444444287e+01
3.281250000000000000e+01
3.090277777777777857e+01
2.934027777777777857e+01
2.812500000000000000e+01
2.725694444444444287e+01
2.673611111111111072e+01
2.656250000000000000e+01
2.673611111111111072e+01
2.725694444444444642e+01
2.812500000000000000e+01
2.934027777777777857e+01
3.090277777777777857e+01
3.281250000000000000e+01
3.506944444444444287e+01
3.767361111111111427e+01
4.062500000000000000e+01
4.392361111111112137e+01
4.756944444444444997e+01
5.156250000000000000e+01
5.277777777777777857e+01
4.878472222222222143e+01
4.513888888888889284e+01
4.184027777777777857e+01
3.888888888888888573e+01
3.628472222222222143e+01
3.402777777777777857e+01
3.211805555555555713e+01
3.055555555555555713e+01
2.934027777777777857e+01
2.847222222222222143e+01
2.795138888888888928e+01
2.777777777777777857e+01
2.795138888888888928e+01
2.847222222222222499e+01
2.934027777777777857e+01
3.055555555555555713e+01
3.211805555555555713e+01
3.402777777777777857e+01
3.628472222222222854e+01
3.888888888888889284e+01
4.184027777777777857e+01
4.513888888888889994e+01
4.878472222222222854e+01
5.277777777777777857e+01
5.434027777777777857e+01
5.034722222222222143e+01
4.670138888888889284e+01
4.340277777777777857e+01
4.045138888888888573e+01
3.784722222222222143e+01
3.559027777777777857e+01
3.368055555555555713e+01
3.211805555555555713e+01
3.090277777777777857e+01
3.003472222222222499e+01
2.951388888888889284e+01
2.934027777777777857e+01
2.951388888888889284e+01
3.003472222222222499e+01
3.090277777777777857e+01
3.211805555555555713e+01
3.368055555555555713e+01
3.559027777777777857e+01
3.784722222222222854e+01
4.045138888888889284e+01
4.340277777777777857e+01
4.670138888888889994e+01
5.034722222222222854e+01
5.434027777777777857e+01
5.625000000000000000e+01
5.225694444444444287e+01
4.861111111111111427e+01
4.531250000000000000e+01
4.236111111111110716e+01
3.975694444444444287e+01
3.750000000000000000e+01
3.559027777777777857e+01
3.402777777777777857e+01
3.281250000000000000e+01
3.194444444444444287e+01
3.142361111111111072e+01
3.125000000000000000e+01
3.142361111111111072e+01
3.194444444444444642e+01
3.281250000000000000e+01
3.402777777777777857e+01
3.559027777777777857e+01
3.750000000000000000e+01
3.975694444444444287e+01
4.236111111111111427e+01
4.531250000000000000e+01
4.861111111111112137e+01
5.225694444444444997e+01
5.625000000000000000e+01
5.850694444444444287e+01
5.451388888888888573e+01
5.086805555555555713e+01
4.756944444444444287e+01
4.461805555555555713e+01
4.201388888888888573e+01
3.975694444444444287e+01
3.784722222222222143e+01
3.628472222222222143e+01
3.506944444444444287e+01
3.420138888888889284e+01
3.368055555555555713e+01
3.350694444444444287e+01
3.368055555555555713e+01
3.420138888888889284e+01
3.506944444444444287e+01
3.628472222222222854e+01
3.784722222222222854e+01
3.975694444444444287e+01
4.201388888888889284e+01
4.461805555555555713e+01
4.756944444444444287e+01
5.086805555555557135e+01
5.451388888888889994e+01
5.850694444444444287e+01
6.111111111111111427e+01
5.711805555555555713e+01
5.347222222222222854e+01
5.017361111111111427e+01
4.722222222222222143e+01
4.461805555555555713e+01
4.236111111111111427e+01
4.045138888888889284e+01
3.888888888888889284e+01
3.767361111111111427e+01
3.680555555555555713e+01
3.628472222222222854e+01
3.611111111111111427e+01
3.628472222222222854e+01
3.680555555555555713e+01
3.767361111111111427e+01
3.888888888888889284e+01
4.045138888888889284e+01
4.236111111111111427e+01
4.461805555555555713e+01
4.722222222222222854e+01
5.017361111111111427e+01
5.347222222222223564e+01
5.711805555555556424e+01
6.111111111111111427e+01
6.406250000000000000e+01
6.006944444444444287e+01
5.642361111111111427e+01
5.312500000000000000e+01
5.017361111111110716e+01
4.756944444444444287e+01
4.531250000000000000e+01
4.340277777777777857e+01
4.184027777777777857e+01
4.062500000000000000e+01
3.975694444444444287e+01
3.923611111111111427e+01
3.906250000000000000e+01
3.923611111111111427e+01
3.975694444444444287e+01
4.062500000000000000e+01
4.184027777777777857e+01
4.340277777777777857e+01
4.531250000000000000e+01
4.756944444444444287e+01
5.017361111111111427e+01
5.312500000000000000e+01
5.642361111111112137e+01
6.006944444444444997e+01
6.406250000000000000e+01
6.736111111111111427e+01
6.336805555555556424e+01
5.972222222222223564e+01
5.642361111111112137e+01
5.347222222222222854e+01
5.086805555555556424e+01
4.861111111111112137e+01
4.670138888888889994e+01
4.513888888888889994e+01
4.392361111111112137e+01
4.305555555555556424e+01
4.253472222222222854e+01
4.236111111111112137e+01
4.253472222222222854e+01
4.305555555555557135e+01
4.392361111111112137e+01
4.513888888888889994e+01
4.670138888888889994e+01
4.861111111111112137e+01
5.086805555555557135e+01
5.347222222222223564e+01
5.642361111111112137e+01
5.972222222222224275e+01
6.336805555555557135e+01
6.736111111111111427e+01
7.100694444444445708e+01
6.701388888888888573e+01
6.336805555555556424e+01
6.006944444444444997e+01
5.711805555555555713e+01
5.451388888888889284e+01
5.225694444444444997e+01
5.034722222222222854e+01
4.878472222222222854e+01
4.756944444444444997e+01
4.670138888888889284e+01
4.618055555555555713e+01
4.600694444444444997e+01
4.618055555555555713e+01
4.670138888888889994e+01
4.756944444444444997e+01
4.878472222222222854e+01
5.034722222222222854e+01
5.225694444444444997e+01
5.451388888888889994e+01
5.711805555555556424e+01
6.006944444444444997e+01
6.336805555555557135e+01
6.701388888888889994e+01
7.100694444444445708e+01
7.500000000000000000e+01
7.100694444444444287e+01
6.736111111111111427e+01
6.406250000000000000e+01
6.111111111111110716e+01
5.850694444444444287e+01
5.625000000000000000e+01
5.434027777777777857e+01
5.277777777777777857e+01
5.156250000000000000e+01
5.069444444444444287e+01
5.017361111111111427e+01
5.000000000000000000e+01
5.017361111111111427e+01
5.069444444444444287e+01
5.156250000000000000e+01
5.277777777777777857e+01
5.434027777777777857e+01
5.625000000000000000e+01
5.850694444444444287e+01
6.111111111111111427e+01
6.406250000000000000e+01
6.736111111111111427e+01
7.100694444444445708e+01
7.500000000000000000e+01
