# 15625
9.375000000000000000e+01
8.875868055555555713e+01
8.420138888888888573e+01
8.007812500000000000e+01
7.638888888888888573e+01
7.313368055555555713e+01
7.031250000000000000e+01
6.792534722222222854e+01
6.597222222222222854e+01
6.445312500000000000e+01
6.336805555555555713e+01
6.271701388888888573e+01
6.250000000000000000e+01
6.271701388888888573e+01
6.336805555555555713e+01
6.445312500000000000e+01
6.597222222222222854e+01
6.792534722222222854e+01
7.031250000000000000e+01
7.313368055555555713e+01
7.638888888888888573e+01
8.007812500000000000e+01
8.420138888888889994e+01
8.875868055555557135e+01
9.375000000000000000e+01
8.875868055555555713e+01
8.376736111111111427e+01
7.921006944444444287e+01
7.508680555555555713e+01
7.139756944444444287e+01
6.814236111111111427e+01
6.532118055555555713e+01
6.293402777777777146e+01
6.098090277777777146e+01
5.946180555555555713e+01
5.837673611111110716e+01
5.772569444444444287e+01
5.750868055555555713e+01
5.772569444444444287e+01
5.837673611111111427e+01
5.946180555555555713e+01
6.098090277777777857e+01
6.293402777777777857e+01
6.532118055555555713e+01
6.814236111111111427e+01
7.139756944444444287e+01
7.508680555555555713e+01
7.921006944444445708e+01
8.376736111111111427e+01
8.875868055555555713e+01
8.420138888888888573e+01
7.921006944444444287e+01
7.465277777777778567e+01
7.052951388888888573e+01
6.684027777777777146e+01
6.358506944444444287e+01
6.076388888888889284e+01
5.837673611111111427e+01
5.642361111111111427e+01
5.490451388888889284e+01
5.381944444444444287e+01
5.316840277777778567e+01
5.295138888888889284e+01
5.316840277777778567e+01
5.381944444444444997e+01
5.490451388888889284e+01
5.642361111111111427e+01
5.837673611111111427e+01
6.076388888888889284e+01
6.358506944444444997e+01
6.684027777777778567e+01
7.052951388888888573e+01
7.465277777777779988e+01
7.921006944444445708e+01
8.420138888888888573e+01
8.007812500000000000e+01
7.508680555555555713e+01
7.052951388888888573e+01
6.640625000000000000e+01
6.271701388888888573e+01
5.946180555555555713e+01
5.664062500000000000e+01
5.425347222222222143e+01
5.230034722222222143e+01
5.078125000000000000e+01
4.969618055555555713e+01
4.904513888888888573e+01
4.882812500000000000e+01
4.904513888888888573e+01
4.969618055555555713e+01
5.078125000000000000e+01
5.230034722222222143e+01
5.425347222222222854e+01
5.664062500000000000e+01
5.946180555555555713e+01
6.271701388888889284e+01
6.640625000000000000e+01
7.052951388888889994e+01
7.508680555555557135e+01
8.007812500000000000e+01
7.638888888888888573e+01
7.139756944444444287e+01
6.684027777777777146e+01
6.271701388888888573e+01
5.902777777777777146e+01
5.577256944444444287e+01
5.295138888888888573e+01
5.056423611111110716e+01
4.861111111111110716e+01
4.709201388888888573e+01
4.600694444444444287e+01
4.535590277777777146e+01
4.513888888888888573e+01
4.535590277777777146e+01
4.600694444444444287e+01
4.709201388888888573e+01
4.861111111111110716e+01
5.056423611111111427e+01
5.295138888888888573e+01
5.577256944444444287e+01
5.902777777777777857e+01
6.271701388888888573e+01
6.684027777777778567e+01
7.139756944444445708e+01
7.638888888888888573e+01
7.313368055555555713e+01
6.814236111111111427e+01
6.358506944444444287e+01
5.946180555555555713e+01
5.577256944444444287e+01
5.251736111111110716e+01
4.969618055555555713e+01
4.730902777777777146e+01
4.535590277777777146e+01
4.383680555555555713e+01
4.275173611111110716e+01
4.210069444444444287e+01
4.188368055555555713e+01
4.210069444444444287e+01
4.275173611111111427e+01
4.383680555555555713e+01
4.535590277777777857e+01
4.730902777777777857e+01
4.969618055555555713e+01
5.251736111111111427e+01
5.577256944444444287e+01
5.946180555555555713e+01
6.358506944444445708e+01
6.814236111111111427e+01
7.313368055555555713e+01
7.031250000000000000e+01
6.532118055555555713e+01
6.076388888888889284e+01
5.664062500000000000e+01
5.295138888888888573e+01
4.969618055555555713e+01
4.687500000000000000e+01
4.448784722222222143e+01
4.253472222222222143e+01
4.101562500000000000e+01
3.993055555555555713e+01
3.927951388888888573e+01
3.906250000000000000e+01
3.927951388888888573e+01
3.993055555555555713e+01
4.101562500000000000e+01
4.253472222222222143e+01
4.448784722222222854e+01
4.687500000000000000e+01
4.969618055555555713e+01
5.295138888888889284e+01
5.664062500000000000e+01
6.076388888888889994e+01
6.532118055555557135e+01
7.031250000000000000e+01
6.792534722222222854e+01
6.293402777777777146e+01
5.837673611111111427e+01
5.425347222222222143e+01
5.056423611111110716e+01
4.730902777777777146e+01
4.448784722222222143e+01
4.210069444444444287e+01
4.014756944444444287e+01
3.862847222222222143e+01
3.754340277777777857e+01
3.689236111111110716e+01
3.667534722222222143e+01
3.689236111111111427e+01
3.754340277777777857e+01
3.862847222222222143e+01
4.014756944444444287e+01
4.210069444444444287e+01
4.448784722222222143e+01
4.730902777777777857e+01
5.056423611111111427e+01
5.425347222222222143e+01
5.837673611111112137e+01
6.293402777777778567e+01
6.792534722222222854e+01
6.597222222222222854e+01
6.098090277777777146e+01
5.642361111111111427e+01
5.230034722222222143e+01
4.861111111111110716e+01
4.535590277777777146e+01
4.253472222222222143e+01
4.014756944444444287e+01
3.819444444444444287e+01
3.667534722222222143e+01
3.559027777777777857e+01
3.493923611111110716e+01
3.472222222222222143e+01
3.493923611111111427e+01
3.559027777777777857e+01
3.667534722222222143e+01
3.819444444444444287e+01
4.014756944444444287e+01
4.253472222222222143e+01
4.535590277777777857e+01
4.861111111111111427e+01
5.230034722222222143e+01
5.642361111111112137e+01
6.098090277777778567e+01
6.597222222222222854e+01
6.445312500000000000e+01
5.946180555555555713e+01
5.490451388888889284e+01
5.078125000000000000e+01
4.709201388888888573e+01
4.383680555555555713e+01
4.101562500000000000e+01
3.862847222222222143e+01
3.667534722222222143e+01
3.515625000000000000e+01
3.407118055555555713e+01
3.342013888888888573e+01
3.320312500000000000e+01
3.342013888888888573e+01
3.407118055555555713e+01
3.515625000000000000e+01
3.667534722222222143e+01
3.862847222222222854e+01
4.101562500000000000e+01
4.383680555555555713e+01
4.709201388888889284e+01
5.078125000000000000e+01
5.490451388888889994e+01
5.946180555555556424e+01
6.445312500000000000e+01
6.336805555555555713e+01
5.837673611111110716e+01
5.381944444444444287e+01
4.969618055555555713e+01
4.600694444444444287e+01
4.275173611111110716e+01
3.993055555555555713e+01
3.754340277777777857e+01
3.559027777777777857e+01
3.407118055555555713e+01
3.298611111111110716e+01
3.233506944444444287e+01
3.211805555555555713e+01
3.233506944444444287e+01
3.298611111111111427e+01
3.407118055555555713e+01
3.559027777777777857e+01
3.754340277777777857e+01
3.993055555555555713e+01
4.275173611111111427e+01
4.600694444444444997e+01
4.969618055555555713e+01
5.381944444444445708e+01
5.837673611111111427e+01
6.336805555555555713e+01
6.271701388888888573e+01
5.772569444444444287e+01
5.316840277777778567e+01
4.904513888888888573e+01
4.535590277777777146e+01
4.210069444444444287e+01
3.927951388888888573e+01
3.689236111111110716e+01
3.493923611111110716e+01
3.342013888888888573e+01
3.233506944444444287e+01
3.168402777777777501e+01
3.146701388888888928e+01
3.168402777777777857e+01
3.233506944444444287e+01
3.342013888888888573e+01
3.493923611111111427e+01
3.689236111111111427e+01
3.927951388888888573e+01
4.210069444444444287e+01
4.535590277777777857e+01
4.904513888888888573e+01
5.316840277777778567e+01
5.772569444444445708e+01
6.271701388888888573e+01
6.250000000000000000e+01
5.750868055555555713e+01
5.295138888888889284e+01
4.882812500000000000e+01
4.513888888888888573e+01
4.188368055555555713e+01
3.906250000000000000e+01
3.667534722222222143e+01
3.472222222222222143e+01
3.320312500000000000e+01
3.211805555555555713e+01
3.146701388888888928e+01
3.125000000000000000e+01
3.146701388888888928e+01
3.211805555555555713e+01
3.320312500000000000e+01
3.472222222222222143e+01
3.667534722222222854e+01
3.906250000000000000e+01
4.188368055555555713e+01
4.513888888888889284e+01
4.882812500000000000e+01
5.295138888888889994e+01
5.750868055555556424e+01
6.250000000000000000e+01
6.271701388888888573e+01
5.772569444444444287e+01
5.316840277777778567e+01
4.904513888888888573e+01
4.535590277777777146e+01
4.210069444444444287e+01
3.927951388888888573e+01
3.689236111111111427e+01
3.493923611111111427e+01
3.342013888888888573e+01
3.233506944444444287e+01
3.168402777777777857e+01
3.146701388888888928e+01
3.168402777777777857e+01
3.233506944444444287e+01
3.342013888888888573e+01
3.493923611111111427e+01
3.689236111111111427e+01
3.927951388888888573e+01
4.210069444444444287e+01
4.535590277777778567e+01
4.904513888888888573e+01
5.316840277777778567e+01
5.772569444444445708e+01
6.271701388888888573e+01
6.336805555555555713e+01
5.837673611111111427e+01
5.381944444444444997e+01
4.969618055555555713e+01
4.600694444444444287e+01
4.275173611111111427e+01
3.993055555555555713e+01
3.754340277777777857e+01
3.559027777777777857e+01
3.407118055555555713e+01
3.298611111111111427e+01
3.233506944444444287e+01
3.211805555555555713e+01
3.233506944444444287e+01
3.298611111111111427e+01
3.407118055555555713e+01
3.559027777777777857e+01
3.754340277777778567e+01
3.993055555555555713e+01
4.275173611111111427e+01
4.600694444444444997e+01
4.969618055555555713e+01
5.381944444444445708e+01
5.837673611111112137e+01
6.336805555555555713e+01
6.445312500000000000e+01
5.946180555555555713e+01
5.490451388888889284e+01
5.078125000000000000e+01
4.709201388888888573e+01
4.383680555555555713e+01
4.101562500000000000e+01
3.862847222222222143e+01
3.667534722222222143e+01
3.515625000000000000e+01
3.407118055555555713e+01
3.342013888888888573e+01
3.320312500000000000e+01
3.342013888888888573e+01
3.407118055555555713e+01
3.515625000000000000e+01
3.667534722222222143e+01
3.862847222222222854e+01
4.101562500000000000e+01
4.383680555555555713e+01
4.709201388888889284e+01
5.078125000000000000e+01
5.490451388888889994e+01
5.946180555555556424e+01
6.445312500000000000e+01
6.597222222222222854e+01
6.098090277777777857e+01
5.642361111111111427e+01
5.230034722222222143e+01
4.861111111111110716e+01
4.535590277777777857e+01
4.253472222222222143e+01
4.014756944444444287e+01
3.819444444444444287e+01
3.667534722222222143e+01
3.559027777777777857e+01
3.493923611111111427e+01
3.472222222222222143e+01
3.493923611111111427e+01
3.559027777777777857e+01
3.667534722222222143e+01
3.819444444444444287e+01
4.014756944444444997e+01
4.253472222222222143e+01
4.535590277777777857e+01
4.861111111111111427e+01
5.230034722222222143e+01
5.642361111111112137e+01
6.098090277777778567e+01
6.597222222222222854e+01
6.792534722222222854e+01
6.293402777777777857e+01
5.837673611111111427e+01
5.425347222222222854e+01
5.056423611111111427e+01
4.730902777777777857e+01
4.448784722222222854e+01
4.210069444444444287e+01
4.014756944444444287e+01
3.862847222222222854e+01
3.754340277777777857e+01
3.689236111111111427e+01
3.667534722222222854e+01
3.689236111111111427e+01
3.754340277777778567e+01
3.862847222222222854e+01
4.014756944444444997e+01
4.210069444444444997e+01
4.448784722222222854e+01
4.730902777777778567e+01
5.056423611111111427e+01
5.425347222222222854e+01
5.837673611111112848e+01
6.293402777777778567e+01
6.792534722222222854e+01
7.031250000000000000e+01
6.532118055555555713e+01
6.076388888888889284e+01
5.664062500000000000e+01
5.295138888888888573e+01
4.969618055555555713e+01
4.687500000000000000e+01
4.448784722222222143e+01
4.253472222222222143e+01
4.101562500000000000e+01
3.993055555555555713e+01
3.927951388888888573e+01
3.906250000000000000e+01
3.927951388888888573e+01
3.993055555555555713e+01
4.101562500000000000e+01
4.253472222222222143e+01
4.448784722222222854e+01
4.687500000000000000e+01
4.969618055555555713e+01
5.295138888888889284e+01
5.664062500000000000e+01
6.076388888888889994e+01
6.532118055555557135e+01
7.031250000000000000e+01
7.313368055555555713e+01
6.814236111111111427e+01
6.358506944444444997e+01
5.946180555555555713e+01
5.577256944444444287e+01
5.251736111111111427e+01
4.969618055555555713e+01
4.730902777777777857e+01
4.535590277777777857e+01
4.383680555555555713e+01
4.275173611111111427e+01
4.210069444444444287e+01
4.188368055555555713e+01
4.210069444444444287e+01
4.275173611111111427e+01
4.383680555555555713e+01
4.535590277777777857e+01
4.730902777777778567e+01
4.969618055555555713e+01
5.251736111111111427e+01
5.577256944444444997e+01
5.946180555555555713e+01
6.358506944444445708e+01
6.814236111111111427e+01
7.313368055555555713e+01
7.638888888888888573e+01
7.139756944444444287e+01
6.684027777777778567e+01
6.271701388888889284e+01
5.902777777777777857e+01
5.577256944444444287e+01
5.295138888888889284e+01
5.056423611111111427e+01
4.861111111111111427e+01
4.709201388888889284e+01
4.600694444444444997e+01
4.535590277777777857e+01
4.513888888888889284e+01
4.535590277777778567e+01
4.600694444444444997e+01
4.709201388888889284e+01
4.861111111111111427e+01
5.056423611111111427e+01
5.295138888888889284e+01
5.577256944444444997e+01
5.902777777777778567e+01
6.271701388888889284e+01
6.684027777777779988e+01
7.139756944444445708e+01
7.638888888888888573e+01
8.007812500000000000e+01
7.508680555555555713e+01
7.052951388888888573e+01
6.640625000000000000e+01
6.271701388888888573e+01
5.946180555555555713e+01
5.664062500000000000e+01
5.425347222222222143e+01
5.230034722222222143e+01
5.078125000000000000e+01
4.969618055555555713e+01
4.904513888888888573e+01
4.882812500000000000e+01
4.904513888888888573e+01
4.969618055555555713e+01
5.078125000000000000e+01
5.230034722222222143e+01
5.425347222222222854e+01
5.664062500000000000e+01
5.946180555555555713e+01
6.271701388888889284e+01
6.640625000000000000e+01
7.052951388888889994e+01
7.508680555555557135e+01
8.007812500000000000e+01
8.420138888888889994e+01
7.921006944444445708e+01
7.465277777777779988e+01
7.052951388888889994e+01
6.684027777777778567e+01
6.358506944444445708e+01
6.076388888888889994e+01
5.837673611111112137e+01
5.642361111111112137e+01
5.490451388888889994e+01
5.381944444444445708e+01
5.316840277777778567e+01
5.295138888888889994e+01
5.316840277777778567e+01
5.381944444444445708e+01
5.490451388888889994e+01
5.642361111111112137e+01
5.837673611111112848e+01
6.076388888888889994e+01
6.358506944444445708e+01
6.684027777777779988e+01
7.052951388888889994e+01
7.465277777777779988e+01
7.921006944444445708e+01
8.420138888888889994e+01
8.875868055555557135e+01
8.376736111111111427e+01
7.921006944444445708e+01
7.508680555555557135e+01
7.139756944444445708e+01
6.814236111111111427e+01
6.532118055555557135e+01
6.293402777777778567e+01
6.098090277777778567e+01
5.946180555555556424e+01
5.837673611111111427e+01
5.772569444444445708e+01
5.750868055555556424e+01
5.772569444444445708e+01
5.837673611111112137e+01
5.946180555555556424e+01
6.098090277777778567e+01
6.293402777777778567e+01
6.532118055555557135e+01
6.814236111111111427e+01
7.139756944444445708e+01
7.508680555555557135e+01
7.921006944444445708e+01
8.376736111111112848e+01
8.875868055555557135e+01
9.375000000000000000e+01
8.875868055555555713e+01
8.420138888888888573e+01
8.007812500000000000e+01
7.638888888888888573e+01
7.313368055555555713e+01
7.031250000000000000e+01
6.792534722222222854e+01
6.597222222222222854e+01
6.445312500000000000e+01
6.336805555555555713e+01
6.271701388888888573e+01
6.250000000000000000e+01
6.271701388888888573e+01
6.336805555555555713e+01
6.445312500000000000e+01
6.597222222222222854e+01
6.792534722222222854e+01
7.031250000000000000e+01
7.313368055555555713e+01
7.638888888888888573e+01
8.007812500000000000e+01
8.420138888888889994e+01
8.875868055555557135e+01
9.375000000000000000e+01
8.875868055555555713e+01
8.376736111111111427e+01
7.921006944444444287e+01
7.508680555555555713e+01
7.139756944444444287e+01
6.814236111111111427e+01
6.532118055555555713e+01
6.293402777777777146e+01
6.098090277777777146e+01
5.946180555555555713e+01
5.837673611111111427e+01
5.772569444444444287e+01
5.750868055555555713e+01
5.772569444444444287e+01
5.837673611111111427e+01
5.946180555555555713e+01
6.098090277777777146e+01
6.293402777777778567e+01
6.532118055555555713e+01
6.814236111111111427e+01
7.139756944444444287e+01
7.508680555555555713e+01
7.921006944444445708e+01
8.376736111111111427e+01
8.875868055555555713e+01
8.376736111111111427e+01
7.877604166666665719e+01
7.421875000000000000e+01
7.009548611111111427e+01
6.640625000000000000e+01
6.315104166666665719e+01
6.032986111111111427e+01
5.794270833333332860e+01
5.598958333333332860e+01
5.447048611111110716e+01
5.338541666666665719e+01
5.273437500000000000e+01
5.251736111111110716e+01
5.273437500000000000e+01
5.338541666666666430e+01
5.447048611111110716e+01
5.598958333333332860e+01
5.794270833333332860e+01
6.032986111111111427e+01
6.315104166666667140e+01
6.640625000000000000e+01
7.009548611111111427e+01
7.421875000000001421e+01
7.877604166666667140e+01
8.376736111111111427e+01
7.921006944444444287e+01
7.421875000000000000e+01
6.966145833333334281e+01
6.553819444444444287e+01
6.184895833333332860e+01
5.859375000000000000e+01
5.577256944444444287e+01
5.338541666666667140e+01
5.143229166666667140e+01
4.991319444444444287e+01
4.882812500000000000e+01
4.817708333333333570e+01
4.796006944444444287e+01
4.817708333333333570e+01
4.882812500000000000e+01
4.991319444444444287e+01
5.143229166666667140e+01
5.338541666666667140e+01
5.577256944444444287e+01
5.859375000000000000e+01
6.184895833333334281e+01
6.553819444444444287e+01
6.966145833333334281e+01
7.421875000000001421e+01
7.921006944444444287e+01
7.508680555555555713e+01
7.009548611111111427e+01
6.553819444444444287e+01
6.141493055555555713e+01
5.772569444444444287e+01
5.447048611111110716e+01
5.164930555555555713e+01
4.926215277777777146e+01
4.730902777777777146e+01
4.578993055555555713e+01
4.470486111111110716e+01
4.405381944444444287e+01
4.383680555555555713e+01
4.405381944444444287e+01
4.470486111111111427e+01
4.578993055555555713e+01
4.730902777777777146e+01
4.926215277777777857e+01
5.164930555555555713e+01
5.447048611111111427e+01
5.772569444444444287e+01
6.141493055555555713e+01
6.553819444444445708e+01
7.009548611111111427e+01
7.508680555555555713e+01
7.139756944444444287e+01
6.640625000000000000e+01
6.184895833333332860e+01
5.772569444444444287e+01
5.403645833333332860e+01
5.078124999999999289e+01
4.796006944444444287e+01
4.557291666666665719e+01
4.361979166666665719e+01
4.210069444444444287e+01
4.101562499999999289e+01
4.036458333333332860e+01
4.014756944444444287e+01
4.036458333333332860e+01
4.101562500000000000e+01
4.210069444444444287e+01
4.361979166666665719e+01
4.557291666666666430e+01
4.796006944444444287e+01
5.078125000000000000e+01
5.403645833333332860e+01
5.772569444444444287e+01
6.184895833333334281e+01
6.640625000000000000e+01
7.139756944444444287e+01
6.814236111111111427e+01
6.315104166666665719e+01
5.859375000000000000e+01
5.447048611111110716e+01
5.078124999999999289e+01
4.752604166666665719e+01
4.470486111111110716e+01
4.231770833333332860e+01
4.036458333333332860e+01
3.884548611111110716e+01
3.776041666666666430e+01
3.710937499999999289e+01
3.689236111111110716e+01
3.710937500000000000e+01
3.776041666666666430e+01
3.884548611111110716e+01
4.036458333333332860e+01
4.231770833333332860e+01
4.470486111111110716e+01
4.752604166666666430e+01
5.078125000000000000e+01
5.447048611111110716e+01
5.859375000000001421e+01
6.315104166666667140e+01
6.814236111111111427e+01
6.532118055555555713e+01
6.032986111111111427e+01
5.577256944444444287e+01
5.164930555555555713e+01
4.796006944444444287e+01
4.470486111111110716e+01
4.188368055555555713e+01
3.949652777777777146e+01
3.754340277777777146e+01
3.602430555555555713e+01
3.493923611111110716e+01
3.428819444444444287e+01
3.407118055555555713e+01
3.428819444444444287e+01
3.493923611111111427e+01
3.602430555555555713e+01
3.754340277777777857e+01
3.949652777777777857e+01
4.188368055555555713e+01
4.470486111111111427e+01
4.796006944444444287e+01
5.164930555555555713e+01
5.577256944444445708e+01
6.032986111111111427e+01
6.532118055555555713e+01
6.293402777777777146e+01
5.794270833333332860e+01
5.338541666666667140e+01
4.926215277777777146e+01
4.557291666666665719e+01
4.231770833333332860e+01
3.949652777777777146e+01
3.710937500000000000e+01
3.515625000000000000e+01
3.363715277777777146e+01
3.255208333333332860e+01
3.190104166666666430e+01
3.168402777777777501e+01
3.190104166666666430e+01
3.255208333333332860e+01
3.363715277777777146e+01
3.515625000000000000e+01
3.710937500000000000e+01
3.949652777777777146e+01
4.231770833333332860e+01
4.557291666666667140e+01
4.926215277777777146e+01
5.338541666666667140e+01
5.794270833333334281e+01
6.293402777777777146e+01
6.098090277777777146e+01
5.598958333333332860e+01
5.143229166666667140e+01
4.730902777777777146e+01
4.361979166666665719e+01
4.036458333333332860e+01
3.754340277777777146e+01
3.515625000000000000e+01
3.320312500000000000e+01
3.168402777777777501e+01
3.059895833333332860e+01
2.994791666666666430e+01
2.973090277777777501e+01
2.994791666666666430e+01
3.059895833333333215e+01
3.168402777777777501e+01
3.320312500000000000e+01
3.515625000000000000e+01
3.754340277777777146e+01
4.036458333333332860e+01
4.361979166666667140e+01
4.730902777777777146e+01
5.143229166666667140e+01
5.598958333333334281e+01
6.098090277777777146e+01
5.946180555555555713e+01
5.447048611111110716e+01
4.991319444444444287e+01
4.578993055555555713e+01
4.210069444444444287e+01
3.884548611111110716e+01
3.602430555555555713e+01
3.363715277777777146e+01
3.168402777777777501e+01
3.016493055555555358e+01
2.907986111111110716e+01
2.842881944444444287e+01
2.821180555555555358e+01
2.842881944444444287e+01
2.907986111111111072e+01
3.016493055555555358e+01
3.168402777777777857e+01
3.363715277777777857e+01
3.602430555555555713e+01
3.884548611111111427e+01
4.210069444444444287e+01
4.578993055555555713e+01
4.991319444444445708e+01
5.447048611111111427e+01
5.946180555555555713e+01
5.837673611111111427e+01
5.338541666666665719e+01
4.882812500000000000e+01
4.470486111111110716e+01
4.101562499999999289e+01
3.776041666666666430e+01
3.493923611111110716e+01
3.255208333333332860e+01
3.059895833333332860e+01
2.907986111111110716e+01
2.799479166666666430e+01
2.734374999999999645e+01
2.712673611111110716e+01
2.734374999999999645e+01
2.799479166666666430e+01
2.907986111111110716e+01
3.059895833333333215e+01
3.255208333333333570e+01
3.493923611111110716e+01
3.776041666666666430e+01
4.101562500000000000e+01
4.470486111111110716e+01
4.882812500000000711e+01
5.338541666666667140e+01
5.837673611111111427e+01
5.772569444444444287e+01
5.273437500000000000e+01
4.817708333333333570e+01
4.405381944444444287e+01
4.036458333333332860e+01
3.710937499999999289e+01
3.428819444444444287e+01
3.190104166666666430e+01
2.994791666666666430e+01
2.842881944444444287e+01
2.734374999999999645e+01
2.669270833333332860e+01
2.647569444444444287e+01
2.669270833333333215e+01
2.734375000000000000e+01
2.842881944444444287e+01
2.994791666666666430e+01
3.190104166666666785e+01
3.428819444444444287e+01
3.710937500000000000e+01
4.036458333333333570e+01
4.405381944444444287e+01
4.817708333333334281e+01
5.273437500000000711e+01
5.772569444444444287e+01
5.750868055555555713e+01
5.251736111111110716e+01
4.796006944444444287e+01
4.383680555555555713e+01
4.014756944444444287e+01
3.689236111111110716e+01
3.407118055555555713e+01
3.168402777777777501e+01
2.973090277777777501e+01
2.821180555555555358e+01
2.712673611111110716e+01
2.647569444444444287e+01
2.625868055555555358e+01
2.647569444444444287e+01
2.712673611111111072e+01
2.821180555555555358e+01
2.973090277777777857e+01
3.168402777777777857e+01
3.407118055555555713e+01
3.689236111111111427e+01
4.014756944444444287e+01
4.383680555555555713e+01
4.796006944444445708e+01
5.251736111111111427e+01
5.750868055555555713e+01
5.772569444444444287e+01
5.273437500000000000e+01
4.817708333333333570e+01
4.405381944444444287e+01
4.036458333333332860e+01
3.710937500000000000e+01
3.428819444444444287e+01
3.190104166666666430e+01
2.994791666666666430e+01
2.842881944444444287e+01
2.734374999999999645e+01
2.669270833333333215e+01
2.647569444444444287e+01
2.669270833333333215e+01
2.734375000000000000e+01
2.842881944444444287e+01
2.994791666666666430e+01
3.190104166666666785e+01
3.428819444444444287e+01
3.710937500000000000e+01
4.036458333333333570e+01
4.405381944444444287e+01
4.817708333333334281e+01
5.273437500000000711e+01
5.772569444444444287e+01
5.837673611111111427e+01
5.338541666666666430e+01
4.882812500000000000e+01
4.470486111111111427e+01
4.101562500000000000e+01
3.776041666666666430e+01
3.493923611111111427e+01
3.255208333333332860e+01
3.059895833333333215e+01
2.907986111111111072e+01
2.799479166666666430e+01
2.734375000000000000e+01
2.712673611111111072e+01
2.734375000000000000e+01
2.799479166666666785e+01
2.907986111111111072e+01
3.059895833333333570e+01
3.255208333333333570e+01
3.493923611111111427e+01
3.776041666666667140e+01
4.101562500000000000e+01
4.470486111111111427e+01
4.882812500000001421e+01
5.338541666666667140e+01
5.837673611111111427e+01
5.946180555555555713e+01
5.447048611111110716e+01
4.991319444444444287e+01
4.578993055555555713e+01
4.210069444444444287e+01
3.884548611111110716e+01
3.602430555555555713e+01
3.363715277777777146e+01
3.168402777777777501e+01
3.016493055555555358e+01
2.907986111111110716e+01
2.842881944444444287e+01
2.821180555555555358e+01
2.842881944444444287e+01
2.907986111111111072e+01
3.016493055555555358e+01
3.168402777777777857e+01
3.363715277777777857e+01
3.602430555555555713e+01
3.884548611111111427e+01
4.210069444444444287e+01
4.578993055555555713e+01
4.991319444444445708e+01
5.447048611111111427e+01
5.946180555555555713e+01
6.098090277777777146e+01
5.598958333333332860e+01
5.143229166666667140e+01
4.730902777777777146e+01
4.361979166666665719e+01
4.036458333333332860e+01
3.754340277777777857e+01
3.515625000000000000e+01
3.320312500000000000e+01
3.168402777777777857e+01
3.059895833333333215e+01
2.994791666666666430e+01
2.973090277777777857e+01
2.994791666666666430e+01
3.059895833333333570e+01
3.168402777777777857e+01
3.320312500000000000e+01
3.515625000000000000e+01
3.754340277777777857e+01
4.036458333333333570e+01
4.361979166666667140e+01
4.730902777777777146e+01
5.143229166666667140e+01
5.598958333333334281e+01
6.098090277777777146e+01
6.293402777777778567e+01
5.794270833333332860e+01
5.338541666666667140e+01
4.926215277777777857e+01
4.557291666666666430e+01
4.231770833333332860e+01
3.949652777777777857e+01
3.710937500000000000e+01
3.515625000000000000e+01
3.363715277777777857e+01
3.255208333333333570e+01
3.190104166666666785e+01
3.168402777777777857e+01
3.190104166666666785e+01
3.255208333333333570e+01
3.363715277777777857e+01
3.515625000000000000e+01
3.710937500000000000e+01
3.949652777777777857e+01
4.231770833333333570e+01
4.557291666666667140e+01
4.926215277777777857e+01
5.338541666666667851e+01
5.794270833333334281e+01
6.293402777777778567e+01
6.532118055555555713e+01
6.032986111111111427e+01
5.577256944444444287e+01
5.164930555555555713e+01
4.796006944444444287e+01
4.470486111111110716e+01
4.188368055555555713e+01
3.949652777777777146e+01
3.754340277777777146e+01
3.602430555555555713e+01
3.493923611111110716e+01
3.428819444444444287e+01
3.407118055555555713e+01
3.428819444444444287e+01
3.493923611111111427e+01
3.602430555555555713e+01
3.754340277777777857e+01
3.949652777777777857e+01
4.188368055555555713e+01
4.470486111111111427e+01
4.796006944444444287e+01
5.164930555555555713e+01
5.577256944444445708e+01
6.032986111111111427e+01
6.532118055555555713e+01
6.814236111111111427e+01
6.315104166666667140e+01
5.859375000000000000e+01
5.447048611111111427e+01
5.078125000000000000e+01
4.752604166666666430e+01
4.470486111111111427e+01
4.231770833333332860e+01
4.036458333333332860e+01
3.884548611111111427e+01
3.776041666666666430e+01
3.710937500000000000e+01
3.689236111111111427e+01
3.710937500000000000e+01
3.776041666666667140e+01
3.884548611111111427e+01
4.036458333333333570e+01
4.231770833333333570e+01
4.470486111111111427e+01
4.752604166666667140e+01
5.078125000000000000e+01
5.447048611111111427e+01
5.859375000000001421e+01
6.315104166666667140e+01
6.814236111111111427e+01
7.139756944444444287e+01
6.640625000000000000e+01
6.184895833333334281e+01
5.772569444444444287e+01
5.403645833333332860e+01
5.078125000000000000e+01
4.796006944444444287e+01
4.557291666666667140e+01
4.361979166666667140e+01
4.210069444444444287e+01
4.101562500000000000e+01
4.036458333333333570e+01
4.014756944444444287e+01
4.036458333333333570e+01
4.101562500000000000e+01
4.210069444444444287e+01
4.361979166666667140e+01
4.557291666666667140e+01
4.796006944444444287e+01
5.078125000000000000e+01
5.403645833333334281e+01
5.772569444444444287e+01
6.184895833333334281e+01
6.640625000000001421e+01
7.139756944444444287e+01
7.508680555555555713e+01
7.009548611111111427e+01
6.553819444444444287e+01
6.141493055555555713e+01
5.772569444444444287e+01
5.447048611111110716e+01
5.164930555555555713e+01
4.926215277777777146e+01
4.730902777777777146e+01
4.578993055555555713e+01
4.470486111111110716e+01
4.405381944444444287e+01
4.383680555555555713e+01
4.405381944444444287e+01
4.470486111111111427e+01
4.578993055555555713e+01
4.730902777777777146e+01
4.926215277777777857e+01
5.164930555555555713e+01
5.447048611111111427e+01
5.772569444444444287e+01
6.141493055555555713e+01
6.553819444444445708e+01
7.009548611111111427e+01
7.508680555555555713e+01
7.921006944444445708e+01
7.421875000000001421e+01
6.966145833333334281e+01
6.553819444444445708e+01
6.184895833333334281e+01
5.859375000000001421e+01
5.577256944444445708e+01
5.338541666666667140e+01
5.143229166666667140e+01
4.991319444444445708e+01
4.882812500000000711e+01
4.817708333333334281e+01
4.796006944444445708e+01
4.817708333333334281e+01
4.882812500000001421e+01
4.991319444444445708e+01
5.143229166666667140e+01
5.338541666666667851e+01
5.577256944444445708e+01
5.859375000000001421e+01
6.184895833333334281e+01
6.553819444444445708e+01
6.966145833333335702e+01
7.421875000000001421e+01
7.921006944444445708e+01
8.376736111111111427e+01
7.877604166666667140e+01
7.421875000000001421e+01
7.009548611111111427e+01
6.640625000000000000e+01
6.315104166666667140e+01
6.032986111111111427e+01
5.794270833333334281e+01
5.598958333333334281e+01
5.447048611111111427e+01
5.338541666666667140e+01
5.273437500000000711e+01
5.251736111111111427e+01
5.273437500000000711e+01
5.338541666666667140e+01
5.447048611111111427e+01
5.598958333333334281e+01
5.794270833333334281e+01
6.032986111111111427e+01
6.315104166666667140e+01
6.640625000000001421e+01
7.009548611111111427e+01
7.421875000000001421e+01
7.877604166666668561e+01
8.376736111111111427e+01
8.875868055555555713e+01
8.376736111111111427e+01
7.921006944444444287e+01
7.508680555555555713e+01
7.139756944444444287e+01
6.814236111111111427e+01
6.532118055555555713e+01
6.293402777777777146e+01
6.098090277777777146e+01
5.946180555555555713e+01
5.837673611111111427e+01
5.772569444444444287e+01
5.750868055555555713e+01
5.772569444444444287e+01
5.837673611111111427e+01
5.946180555555555713e+01
6.098090277777777146e+01
6.293402777777778567e+01
6.532118055555555713e+01
6.814236111111111427e+01
7.139756944444444287e+01
7.508680555555555713e+01
7.921006944444445708e+01
8.376736111111111427e+01
8.875868055555555713e+01
8.420138888888888573e+01
7.921006944444445708e+01
7.465277777777778567e+01
7.052951388888888573e+01
6.684027777777777146e+01
6.358506944444444997e+01
6.076388888888889284e+01
5.837673611111111427e+01
5.642361111111111427e+01
5.490451388888889284e+01
5.381944444444444997e+01
5.316840277777778567e+01
5.295138888888889284e+01
5.316840277777778567e+01
5.381944444444444997e+01
5.490451388888889284e+01
5.642361111111111427e+01
5.837673611111112137e+01
6.076388888888889284e+01
6.358506944444444997e+01
6.684027777777778567e+01
7.052951388888888573e+01
7.465277777777779988e+01
7.921006944444445708e+01
8.420138888888888573e+01
7.921006944444445708e+01
7.421875000000000000e+01
6.966145833333334281e+01
6.553819444444445708e+01
6.184895833333333570e+01
5.859375000000000000e+01
5.577256944444444997e+01
5.338541666666667140e+01
5.143229166666667140e+01
4.991319444444444287e+01
4.882812500000000000e+01
4.817708333333333570e+01
4.796006944444444287e+01
4.817708333333333570e+01
4.882812500000000000e+01
4.991319444444444287e+01
5.143229166666667140e+01
5.338541666666667140e+01
5.577256944444444997e+01
5.859375000000000711e+01
6.184895833333333570e+01
6.553819444444445708e+01
6.966145833333334281e+01
7.421875000000000000e+01
7.921006944444445708e+01
7.465277777777778567e+01
6.966145833333334281e+01
6.510416666666668561e+01
6.098090277777778567e+01
5.729166666666667140e+01
5.403645833333333570e+01
5.121527777777778567e+01
4.882812500000000711e+01
4.687500000000000711e+01
4.535590277777778567e+01
4.427083333333334281e+01
4.361979166666667140e+01
4.340277777777778567e+01
4.361979166666667140e+01
4.427083333333334281e+01
4.535590277777778567e+01
4.687500000000000711e+01
4.882812500000001421e+01
5.121527777777778567e+01
5.403645833333334281e+01
5.729166666666667851e+01
6.098090277777778567e+01
6.510416666666668561e+01
6.966145833333334281e+01
7.465277777777778567e+01
7.052951388888888573e+01
6.553819444444445708e+01
6.098090277777778567e+01
5.685763888888889284e+01
5.316840277777777857e+01
4.991319444444444287e+01
4.709201388888889284e+01
4.470486111111111427e+01
4.275173611111111427e+01
4.123263888888889284e+01
4.014756944444444287e+01
3.949652777777778567e+01
3.927951388888889284e+01
3.949652777777778567e+01
4.014756944444444997e+01
4.123263888888889284e+01
4.275173611111111427e+01
4.470486111111111427e+01
4.709201388888889284e+01
4.991319444444444997e+01
5.316840277777778567e+01
5.685763888888889284e+01
6.098090277777779278e+01
6.553819444444445708e+01
7.052951388888888573e+01
6.684027777777777146e+01
6.184895833333333570e+01
5.729166666666667140e+01
5.316840277777777857e+01
4.947916666666666430e+01
4.622395833333332860e+01
4.340277777777777857e+01
4.101562500000000000e+01
3.906250000000000000e+01
3.754340277777777857e+01
3.645833333333333570e+01
3.580729166666666430e+01
3.559027777777777857e+01
3.580729166666667140e+01
3.645833333333333570e+01
3.754340277777777857e+01
3.906250000000000000e+01
4.101562500000000000e+01
4.340277777777777857e+01
4.622395833333333570e+01
4.947916666666667140e+01
5.316840277777777857e+01
5.729166666666667851e+01
6.184895833333334281e+01
6.684027777777777146e+01
6.358506944444444997e+01
5.859375000000000000e+01
5.403645833333333570e+01
4.991319444444444287e+01
4.622395833333332860e+01
4.296875000000000000e+01
4.014756944444444287e+01
3.776041666666667140e+01
3.580729166666667140e+01
3.428819444444444287e+01
3.320312500000000000e+01
3.255208333333333570e+01
3.233506944444444287e+01
3.255208333333333570e+01
3.320312500000000000e+01
3.428819444444444287e+01
3.580729166666667140e+01
3.776041666666667140e+01
4.014756944444444287e+01
4.296875000000000000e+01
4.622395833333334281e+01
4.991319444444444287e+01
5.403645833333334991e+01
5.859375000000000711e+01
6.358506944444444997e+01
6.076388888888889284e+01
5.577256944444444997e+01
5.121527777777778567e+01
4.709201388888889284e+01
4.340277777777777857e+01
4.014756944444444287e+01
3.732638888888889284e+01
3.493923611111111427e+01
3.298611111111111427e+01
3.146701388888889284e+01
3.038194444444444997e+01
2.973090277777777857e+01
2.951388888888889284e+01
2.973090277777778212e+01
3.038194444444444997e+01
3.146701388888889284e+01
3.298611111111111427e+01
3.493923611111111427e+01
3.732638888888889284e+01
4.014756944444444997e+01
4.340277777777778567e+01
4.709201388888889284e+01
5.121527777777779278e+01
5.577256944444445708e+01
6.076388888888889284e+01
5.837673611111111427e+01
5.338541666666667140e+01
4.882812500000000711e+01
4.470486111111111427e+01
4.101562500000000000e+01
3.776041666666667140e+01
3.493923611111111427e+01
3.255208333333333570e+01
3.059895833333333570e+01
2.907986111111111427e+01
2.799479166666667140e+01
2.734375000000000355e+01
2.712673611111111427e+01
2.734375000000000355e+01
2.799479166666667140e+01
2.907986111111111427e+01
3.059895833333333570e+01
3.255208333333334281e+01
3.493923611111111427e+01
3.776041666666667140e+01
4.101562500000000711e+01
4.470486111111111427e+01
4.882812500000001421e+01
5.338541666666667851e+01
5.837673611111111427e+01
5.642361111111111427e+01
5.143229166666667140e+01
4.687500000000000711e+01
4.275173611111111427e+01
3.906250000000000000e+01
3.580729166666667140e+01
3.298611111111111427e+01
3.059895833333333570e+01
2.864583333333333570e+01
2.712673611111111427e+01
2.604166666666667140e+01
2.539062500000000355e+01
2.517361111111111427e+01
2.539062500000000355e+01
2.604166666666667140e+01
2.712673611111111427e+01
2.864583333333333570e+01
3.059895833333333925e+01
3.298611111111111427e+01
3.580729166666667140e+01
3.906250000000000711e+01
4.275173611111111427e+01
4.687500000000001421e+01
5.143229166666667851e+01
5.642361111111111427e+01
5.490451388888889284e+01
4.991319444444444287e+01
4.535590277777778567e+01
4.123263888888889284e+01
3.754340277777777857e+01
3.428819444444444287e+01
3.146701388888889284e+01
2.907986111111111427e+01
2.712673611111111427e+01
2.560763888888889284e+01
2.452256944444444642e+01
2.387152777777778212e+01
2.365451388888889284e+01
2.387152777777778212e+01
2.452256944444444997e+01
2.560763888888889284e+01
2.712673611111111427e+01
2.907986111111111782e+01
3.146701388888889284e+01
3.428819444444444997e+01
3.754340277777778567e+01
4.123263888888889284e+01
4.535590277777779278e+01
4.991319444444445708e+01
5.490451388888889284e+01
5.381944444444444997e+01
4.882812500000000000e+01
4.427083333333334281e+01
4.014756944444444287e+01
3.645833333333333570e+01
3.320312500000000000e+01
3.038194444444444997e+01
2.799479166666667140e+01
2.604166666666667140e+01
2.452256944444444642e+01
2.343750000000000355e+01
2.278645833333333570e+01
2.256944444444444642e+01
2.278645833333333570e+01
2.343750000000000355e+01
2.452256944444444642e+01
2.604166666666667140e+01
2.799479166666667140e+01
3.038194444444444997e+01
3.320312500000000711e+01
3.645833333333334281e+01
4.014756944444444287e+01
4.427083333333334281e+01
4.882812500000001421e+01
5.381944444444444997e+01
5.316840277777778567e+01
4.817708333333333570e+01
4.361979166666667140e+01
3.949652777777778567e+01
3.580729166666666430e+01
3.255208333333333570e+01
2.973090277777777857e+01
2.734375000000000355e+01
2.539062500000000355e+01
2.387152777777778212e+01
2.278645833333333570e+01
2.213541666666666785e+01
2.191840277777778212e+01
2.213541666666667140e+01
2.278645833333333925e+01
2.387152777777778212e+01
2.539062500000000355e+01
2.734375000000000711e+01
2.973090277777777857e+01
3.255208333333333570e+01
3.580729166666667140e+01
3.949652777777778567e+01
4.361979166666668561e+01
4.817708333333334281e+01
5.316840277777778567e+01
5.295138888888889284e+01
4.796006944444444287e+01
4.340277777777778567e+01
3.927951388888889284e+01
3.559027777777777857e+01
3.233506944444444287e+01
2.951388888888889284e+01
2.712673611111111427e+01
2.517361111111111427e+01
2.365451388888889284e+01
2.256944444444444642e+01
2.191840277777778212e+01
2.170138888888889284e+01
2.191840277777778212e+01
2.256944444444444997e+01
2.365451388888889284e+01
2.517361111111111427e+01
2.712673611111111782e+01
2.951388888888889284e+01
3.233506944444444997e+01
3.559027777777778567e+01
3.927951388888889284e+01
4.340277777777779278e+01
4.796006944444445708e+01
5.295138888888889284e+01
5.316840277777778567e+01
4.817708333333333570e+01
4.361979166666667140e+01
3.949652777777778567e+01
3.580729166666667140e+01
3.255208333333333570e+01
2.973090277777778212e+01
2.734375000000000355e+01
2.539062500000000355e+01
2.387152777777778212e+01
2.278645833333333570e+01
2.213541666666667140e+01
2.191840277777778212e+01
2.213541666666667140e+01
2.278645833333333925e+01
2.387152777777778212e+01
2.539062500000000711e+01
2.734375000000000711e+01
2.973090277777778212e+01
3.255208333333334281e+01
3.580729166666667140e+01
3.949652777777778567e+01
4.361979166666668561e+01
4.817708333333334281e+01
5.316840277777778567e+01
5.381944444444444997e+01
4.882812500000000000e+01
4.427083333333334281e+01
4.014756944444444997e+01
3.645833333333333570e+01
3.320312500000000000e+01
3.038194444444444997e+01
2.799479166666667140e+01
2.604166666666667140e+01
2.452256944444444997e+01
2.343750000000000355e+01
2.278645833333333925e+01
2.256944444444444997e+01
2.278645833333333925e+01
2.343750000000000711e+01
2.452256944444444997e+01
2.604166666666667140e+01
2.799479166666667496e+01
3.038194444444444997e+01
3.320312500000000711e+01
3.645833333333334281e+01
4.014756944444444997e+01
4.427083333333334991e+01
4.882812500000001421e+01
5.381944444444444997e+01
5.490451388888889284e+01
4.991319444444444287e+01
4.535590277777778567e+01
4.123263888888889284e+01
3.754340277777777857e+01
3.428819444444444287e+01
3.146701388888889284e+01
2.907986111111111427e+01
2.712673611111111427e+01
2.560763888888889284e+01
2.452256944444444642e+01
2.387152777777778212e+01
2.365451388888889284e+01
2.387152777777778212e+01
2.452256944444444997e+01
2.560763888888889284e+01
2.712673611111111427e+01
2.907986111111111782e+01
3.146701388888889284e+01
3.428819444444444997e+01
3.754340277777778567e+01
4.123263888888889284e+01
4.535590277777779278e+01
4.991319444444445708e+01
5.490451388888889284e+01
5.642361111111111427e+01
5.143229166666667140e+01
4.687500000000000711e+01
4.275173611111111427e+01
3.906250000000000000e+01
3.580729166666667140e+01
3.298611111111111427e+01
3.059895833333333570e+01
2.864583333333333570e+01
2.712673611111111427e+01
2.604166666666667140e+01
2.539062500000000355e+01
2.517361111111111427e+01
2.539062500000000711e+01
2.604166666666667140e+01
2.712673611111111427e+01
2.864583333333333925e+01
3.059895833333334281e+01
3.298611111111111427e+01
3.580729166666667140e+01
3.906250000000000711e+01
4.275173611111111427e+01
4.687500000000001421e+01
5.143229166666667851e+01
5.642361111111111427e+01
5.837673611111112137e+01
5.338541666666667140e+01
4.882812500000001421e+01
4.470486111111111427e+01
4.101562500000000000e+01
3.776041666666667140e+01
3.493923611111111427e+01
3.255208333333334281e+01
3.059895833333333925e+01
2.907986111111111782e+01
2.799479166666667140e+01
2.734375000000000711e+01
2.712673611111111782e+01
2.734375000000000711e+01
2.799479166666667496e+01
2.907986111111111782e+01
3.059895833333334281e+01
3.255208333333334281e+01
3.493923611111111427e+01
3.776041666666667140e+01
4.101562500000001421e+01
4.470486111111111427e+01
4.882812500000001421e+01
5.338541666666668561e+01
5.837673611111112137e+01
6.076388888888889284e+01
5.577256944444444997e+01
5.121527777777778567e+01
4.709201388888889284e+01
4.340277777777777857e+01
4.014756944444444287e+01
3.732638888888889284e+01
3.493923611111111427e+01
3.298611111111111427e+01
3.146701388888889284e+01
3.038194444444444997e+01
2.973090277777777857e+01
2.951388888888889284e+01
2.973090277777778212e+01
3.038194444444444997e+01
3.146701388888889284e+01
3.298611111111111427e+01
3.493923611111111427e+01
3.732638888888889284e+01
4.014756944444444997e+01
4.340277777777778567e+01
4.709201388888889284e+01
5.121527777777779278e+01
5.577256944444445708e+01
6.076388888888889284e+01
6.358506944444444997e+01
5.859375000000000711e+01
5.403645833333334281e+01
4.991319444444444997e+01
4.622395833333333570e+01
4.296875000000000000e+01
4.014756944444444997e+01
3.776041666666667140e+01
3.580729166666667140e+01
3.428819444444444997e+01
3.320312500000000711e+01
3.255208333333333570e+01
3.233506944444444997e+01
3.255208333333334281e+01
3.320312500000000711e+01
3.428819444444444997e+01
3.580729166666667140e+01
3.776041666666667140e+01
4.014756944444444997e+01
4.296875000000000711e+01
4.622395833333334281e+01
4.991319444444444997e+01
5.403645833333334991e+01
5.859375000000001421e+01
6.358506944444444997e+01
6.684027777777778567e+01
6.184895833333333570e+01
5.729166666666667851e+01
5.316840277777778567e+01
4.947916666666667140e+01
4.622395833333334281e+01
4.340277777777778567e+01
4.101562500000000711e+01
3.906250000000000711e+01
3.754340277777778567e+01
3.645833333333334281e+01
3.580729166666667140e+01
3.559027777777778567e+01
3.580729166666667140e+01
3.645833333333334281e+01
3.754340277777778567e+01
3.906250000000000711e+01
4.101562500000001421e+01
4.340277777777778567e+01
4.622395833333334281e+01
4.947916666666667851e+01
5.316840277777778567e+01
5.729166666666668561e+01
6.184895833333334991e+01
6.684027777777778567e+01
7.052951388888888573e+01
6.553819444444445708e+01
6.098090277777778567e+01
5.685763888888889284e+01
5.316840277777777857e+01
4.991319444444444287e+01
4.709201388888889284e+01
4.470486111111111427e+01
4.275173611111111427e+01
4.123263888888889284e+01
4.014756944444444287e+01
3.949652777777778567e+01
3.927951388888889284e+01
3.949652777777778567e+01
4.014756944444444997e+01
4.123263888888889284e+01
4.275173611111111427e+01
4.470486111111111427e+01
4.709201388888889284e+01
4.991319444444444997e+01
5.316840277777778567e+01
5.685763888888889284e+01
6.098090277777779278e+01
6.553819444444445708e+01
7.052951388888888573e+01
7.465277777777779988e+01
6.966145833333334281e+01
6.510416666666668561e+01
6.098090277777779278e+01
5.729166666666667851e+01
5.403645833333334991e+01
5.121527777777779278e+01
4.882812500000001421e+01
4.687500000000001421e+01
4.535590277777779278e+01
4.427083333333334281e+01
4.361979166666668561e+01
4.340277777777779278e+01
4.361979166666668561e+01
4.427083333333334991e+01
4.535590277777779278e+01
4.687500000000001421e+01
4.882812500000001421e+01
5.121527777777779278e+01
5.403645833333334991e+01
5.729166666666668561e+01
6.098090277777779278e+01
6.510416666666668561e+01
6.966145833333335702e+01
7.465277777777779988e+01
7.921006944444445708e+01
7.421875000000000000e+01
6.966145833333334281e+01
6.553819444444445708e+01
6.184895833333334281e+01
5.859375000000000711e+01
5.577256944444445708e+01
5.338541666666667851e+01
5.143229166666667851e+01
4.991319444444445708e+01
4.882812500000001421e+01
4.817708333333334281e+01
4.796006944444445708e+01
4.817708333333334281e+01
4.882812500000001421e+01
4.991319444444445708e+01
5.143229166666667851e+01
5.338541666666668561e+01
5.577256944444445708e+01
5.859375000000001421e+01
6.184895833333334991e+01
6.553819444444445708e+01
6.966145833333335702e+01
7.421875000000002842e+01
7.921006944444445708e+01
8.420138888888888573e+01
7.921006944444445708e+01
7.465277777777778567e+01
7.052951388888888573e+01
6.684027777777777146e+01
6.358506944444444997e+01
6.076388888888889284e+01
5.837673611111111427e+01
5.642361111111111427e+01
5.490451388888889284e+01
5.381944444444444997e+01
5.316840277777778567e+01
5.295138888888889284e+01
5.316840277777778567e+01
5.381944444444444997e+01
5.490451388888889284e+01
5.642361111111111427e+01
5.837673611111112137e+01
6.076388888888889284e+01
6.358506944444444997e+01
6.684027777777778567e+01
7.052951388888888573e+01
7.465277777777779988e+01
7.921006944444445708e+01
8.420138888888888573e+01
8.007812500000000000e+01
7.508680555555555713e+01
7.052951388888888573e+01
6.640625000000000000e+01
6.271701388888888573e+01
5.946180555555555713e+01
5.664062500000000000e+01
5.425347222222222143e+01
5.230034722222222143e+01
5.078125000000000000e+01
4.969618055555555713e+01
4.904513888888888573e+01
4.882812500000000000e+01
4.904513888888888573e+01
4.969618055555555713e+01
5.078125000000000000e+01
5.230034722222222143e+01
5.425347222222222854e+01
5.664062500000000000e+01
5.946180555555555713e+01
6.271701388888889284e+01
6.640625000000000000e+01
7.052951388888889994e+01
7.508680555555557135e+01
8.007812500000000000e+01
7.508680555555555713e+01
7.009548611111111427e+01
6.553819444444444287e+01
6.141493055555555713e+01
5.772569444444444287e+01
5.447048611111110716e+01
5.164930555555555713e+01
4.926215277777777146e+01
4.730902777777777146e+01
4.578993055555555713e+01
4.470486111111110716e+01
4.405381944444444287e+01
4.383680555555555713e+01
4.405381944444444287e+01
4.470486111111111427e+01
4.578993055555555713e+01
4.730902777777777857e+01
4.926215277777777857e+01
5.164930555555555713e+01
5.447048611111111427e+01
5.772569444444444287e+01
6.141493055555555713e+01
6.553819444444445708e+01
7.009548611111111427e+01
7.508680555555555713e+01
7.052951388888888573e+01
6.553819444444444287e+01
6.098090277777778567e+01
5.685763888888889284e+01
5.316840277777777857e+01
4.991319444444444287e+01
4.709201388888889284e+01
4.470486111111111427e+01
4.275173611111111427e+01
4.123263888888889284e+01
4.014756944444444287e+01
3.949652777777778567e+01
3.927951388888889284e+01
3.949652777777778567e+01
4.014756944444444997e+01
4.123263888888889284e+01
4.275173611111111427e+01
4.470486111111111427e+01
4.709201388888889284e+01
4.991319444444444997e+01
5.316840277777778567e+01
5.685763888888889284e+01
6.098090277777779278e+01
6.553819444444445708e+01
7.052951388888888573e+01
6.640625000000000000e+01
6.141493055555555713e+01
5.685763888888889284e+01
5.273437500000000000e+01
4.904513888888888573e+01
4.578993055555555713e+01
4.296875000000000000e+01
4.058159722222222143e+01
3.862847222222222143e+01
3.710937500000000000e+01
3.602430555555555713e+01
3.537326388888888573e+01
3.515625000000000000e+01
3.537326388888888573e+01
3.602430555555555713e+01
3.710937500000000000e+01
3.862847222222222143e+01
4.058159722222222854e+01
4.296875000000000000e+01
4.578993055555555713e+01
4.904513888888889284e+01
5.273437500000000000e+01
5.685763888888889994e+01
6.141493055555556424e+01
6.640625000000000000e+01
6.271701388888888573e+01
5.772569444444444287e+01
5.316840277777777857e+01
4.904513888888888573e+01
4.535590277777777146e+01
4.210069444444444287e+01
3.927951388888888573e+01
3.689236111111110716e+01
3.493923611111110716e+01
3.342013888888888573e+01
3.233506944444444287e+01
3.168402777777777146e+01
3.146701388888888573e+01
3.168402777777777501e+01
3.233506944444444287e+01
3.342013888888888573e+01
3.493923611111110716e+01
3.689236111111111427e+01
3.927951388888888573e+01
4.210069444444444287e+01
4.535590277777777857e+01
4.904513888888888573e+01
5.316840277777778567e+01
5.772569444444444997e+01
6.271701388888888573e+01
5.946180555555555713e+01
5.447048611111110716e+01
4.991319444444444287e+01
4.578993055555555713e+01
4.210069444444444287e+01
3.884548611111110716e+01
3.602430555555555713e+01
3.363715277777777146e+01
3.168402777777777501e+01
3.016493055555555358e+01
2.907986111111110716e+01
2.842881944444444287e+01
2.821180555555555358e+01
2.842881944444444287e+01
2.907986111111111072e+01
3.016493055555555358e+01
3.168402777777777857e+01
3.363715277777777857e+01
3.602430555555555713e+01
3.884548611111111427e+01
4.210069444444444287e+01
4.578993055555555713e+01
4.991319444444445708e+01
5.447048611111111427e+01
5.946180555555555713e+01
5.664062500000000000e+01
5.164930555555555713e+01
4.709201388888889284e+01
4.296875000000000000e+01
3.927951388888888573e+01
3.602430555555555713e+01
3.320312500000000000e+01
3.081597222222222143e+01
2.886284722222222143e+01
2.734375000000000000e+01
2.625868055555555713e+01
2.560763888888888573e+01
2.539062500000000000e+01
2.560763888888888928e+01
2.625868055555555713e+01
2.734375000000000000e+01
2.886284722222222143e+01
3.081597222222222499e+01
3.320312500000000000e+01
3.602430555555555713e+01
3.927951388888889284e+01
4.296875000000000000e+01
4.709201388888889994e+01
5.164930555555556424e+01
5.664062500000000000e+01
5.425347222222222143e+01
4.926215277777777146e+01
4.470486111111111427e+01
4.058159722222222143e+01
3.689236111111110716e+01
3.363715277777777146e+01
3.081597222222222143e+01
2.842881944444444287e+01
2.647569444444444287e+01
2.495659722222222143e+01
2.387152777777777857e+01
2.322048611111111072e+01
2.300347222222222143e+01
2.322048611111111072e+01
2.387152777777777857e+01
2.495659722222222143e+01
2.647569444444444287e+01
2.842881944444444642e+01
3.081597222222222143e+01
3.363715277777777857e+01
3.689236111111111427e+01
4.058159722222222143e+01
4.470486111111112137e+01
4.926215277777778567e+01
5.425347222222222143e+01
5.230034722222222143e+01
4.730902777777777146e+01
4.275173611111111427e+01
3.862847222222222143e+01
3.493923611111110716e+01
3.168402777777777501e+01
2.886284722222222143e+01
2.647569444444444287e+01
2.452256944444444287e+01
2.300347222222222143e+01
2.191840277777777857e+01
2.126736111111111072e+01
2.105034722222222143e+01
2.126736111111111072e+01
2.191840277777777857e+01
2.300347222222222143e+01
2.452256944444444287e+01
2.647569444444444642e+01
2.886284722222222143e+01
3.168402777777777857e+01
3.493923611111111427e+01
3.862847222222222143e+01
4.275173611111112137e+01
4.730902777777778567e+01
5.230034722222222143e+01
5.078125000000000000e+01
4.578993055555555713e+01
4.123263888888889284e+01
3.710937500000000000e+01
3.342013888888888573e+01
3.016493055555555358e+01
2.734375000000000000e+01
2.495659722222222143e+01
2.300347222222222143e+01
2.148437500000000000e+01
2.039930555555555358e+01
1.974826388888888928e+01
1.953125000000000000e+01
1.974826388888888928e+01
2.039930555555555713e+01
2.148437500000000000e+01
2.300347222222222143e+01
2.495659722222222499e+01
2.734375000000000000e+01
3.016493055555555713e+01
3.342013888888889284e+01
3.710937500000000000e+01
4.123263888888889994e+01
4.578993055555556424e+01
5.078125000000000000e+01
4.969618055555555713e+01
4.470486111111110716e+01
4.014756944444444287e+01
3.602430555555555713e+01
3.233506944444444287e+01
2.907986111111110716e+01
2.625868055555555713e+01
2.387152777777777857e+01
2.191840277777777857e+01
2.039930555555555358e+01
1.931423611111111072e+01
1.866319444444444287e+01
1.844618055555555358e+01
1.866319444444444287e+01
1.931423611111111072e+01
2.039930555555555358e+01
2.191840277777777857e+01
2.387152777777777857e+01
2.625868055555555713e+01
2.907986111111111427e+01
3.233506944444444997e+01
3.602430555555555713e+01
4.014756944444445708e+01
4.470486111111111427e+01
4.969618055555555713e+01
4.904513888888888573e+01
4.405381944444444287e+01
3.949652777777778567e+01
3.537326388888888573e+01
3.168402777777777146e+01
2.842881944444444287e+01
2.560763888888888573e+01
2.322048611111111072e+01
2.126736111111111072e+01
1.974826388888888928e+01
1.866319444444444287e+01
1.801215277777777501e+01
1.779513888888888928e+01
1.801215277777777857e+01
1.866319444444444642e+01
1.974826388888888928e+01
2.126736111111111072e+01
2.322048611111111427e+01
2.560763888888888573e+01
2.842881944444444287e+01
3.168402777777777857e+01
3.537326388888888573e+01
3.949652777777778567e+01
4.405381944444445708e+01
4.904513888888888573e+01
4.882812500000000000e+01
4.383680555555555713e+01
3.927951388888889284e+01
3.515625000000000000e+01
3.146701388888888573e+01
2.821180555555555358e+01
2.539062500000000000e+01
2.300347222222222143e+01
2.105034722222222143e+01
1.953125000000000000e+01
1.844618055555555358e+01
1.779513888888888928e+01
1.757812500000000000e+01
1.779513888888888928e+01
1.844618055555555713e+01
1.953125000000000000e+01
2.105034722222222143e+01
2.300347222222222499e+01
2.539062500000000000e+01
2.821180555555555713e+01
3.146701388888889284e+01
3.515625000000000000e+01
3.927951388888889994e+01
4.383680555555556424e+01
4.882812500000000000e+01
4.904513888888888573e+01
4.405381944444444287e+01
3.949652777777778567e+01
3.537326388888888573e+01
3.168402777777777501e+01
2.842881944444444287e+01
2.560763888888888928e+01
2.322048611111111072e+01
2.126736111111111072e+01
1.974826388888888928e+01
1.866319444444444287e+01
1.801215277777777857e+01
1.779513888888888928e+01
1.801215277777777857e+01
1.866319444444444642e+01
1.974826388888888928e+01
2.126736111111111427e+01
2.322048611111111427e+01
2.560763888888888928e+01
2.842881944444444642e+01
3.168402777777778212e+01
3.537326388888888573e+01
3.949652777777778567e+01
4.405381944444445708e+01
4.904513888888888573e+01
4.969618055555555713e+01
4.470486111111111427e+01
4.014756944444444997e+01
3.602430555555555713e+01
3.233506944444444287e+01
2.907986111111111072e+01
2.625868055555555713e+01
2.387152777777777857e+01
2.191840277777777857e+01
2.039930555555555713e+01
1.931423611111111072e+01
1.866319444444444642e+01
1.844618055555555713e+01
1.866319444444444642e+01
1.931423611111111427e+01
2.039930555555555713e+01
2.191840277777777857e+01
2.387152777777778212e+01
2.625868055555555713e+01
2.907986111111111427e+01
3.233506944444444997e+01
3.602430555555555713e+01
4.014756944444445708e+01
4.470486111111112137e+01
4.969618055555555713e+01
5.078125000000000000e+01
4.578993055555555713e+01
4.123263888888889284e+01
3.710937500000000000e+01
3.342013888888888573e+01
3.016493055555555358e+01
2.734375000000000000e+01
2.495659722222222143e+01
2.300347222222222143e+01
2.148437500000000000e+01
2.039930555555555358e+01
1.974826388888888928e+01
1.953125000000000000e+01
1.974826388888888928e+01
2.039930555555555713e+01
2.148437500000000000e+01
2.300347222222222143e+01
2.495659722222222499e+01
2.734375000000000000e+01
3.016493055555555713e+01
3.342013888888889284e+01
3.710937500000000000e+01
4.123263888888889994e+01
4.578993055555556424e+01
5.078125000000000000e+01
5.230034722222222143e+01
4.730902777777777857e+01
4.275173611111111427e+01
3.862847222222222143e+01
3.493923611111110716e+01
3.168402777777777857e+01
2.886284722222222143e+01
2.647569444444444287e+01
2.452256944444444287e+01
2.300347222222222143e+01
2.191840277777777857e+01
2.126736111111111072e+01
2.105034722222222143e+01
2.126736111111111427e+01
2.191840277777777857e+01
2.300347222222222143e+01
2.452256944444444642e+01
2.647569444444444997e+01
2.886284722222222143e+01
3.168402777777777857e+01
3.493923611111111427e+01
3.862847222222222143e+01
4.275173611111112137e+01
4.730902777777778567e+01
5.230034722222222143e+01
5.425347222222222854e+01
4.926215277777777857e+01
4.470486111111111427e+01
4.058159722222222854e+01
3.689236111111111427e+01
3.363715277777777857e+01
3.081597222222222499e+01
2.842881944444444642e+01
2.647569444444444642e+01
2.495659722222222499e+01
2.387152777777777857e+01
2.322048611111111427e+01
2.300347222222222499e+01
2.322048611111111427e+01
2.387152777777778212e+01
2.495659722222222499e+01
2.647569444444444997e+01
2.842881944444444997e+01
3.081597222222222499e+01
3.363715277777778567e+01
3.689236111111111427e+01
4.058159722222222854e+01
4.470486111111112848e+01
4.926215277777778567e+01
5.425347222222222854e+01
5.664062500000000000e+01
5.164930555555555713e+01
4.709201388888889284e+01
4.296875000000000000e+01
3.927951388888888573e+01
3.602430555555555713e+01
3.320312500000000000e+01
3.081597222222222143e+01
2.886284722222222143e+01
2.734375000000000000e+01
2.625868055555555713e+01
2.560763888888888573e+01
2.539062500000000000e+01
2.560763888888888928e+01
2.625868055555555713e+01
2.734375000000000000e+01
2.886284722222222143e+01
3.081597222222222499e+01
3.320312500000000000e+01
3.602430555555555713e+01
3.927951388888889284e+01
4.296875000000000000e+01
4.709201388888889994e+01
5.164930555555556424e+01
5.664062500000000000e+01
5.946180555555555713e+01
5.447048611111111427e+01
4.991319444444444997e+01
4.578993055555555713e+01
4.210069444444444287e+01
3.884548611111111427e+01
3.602430555555555713e+01
3.363715277777777857e+01
3.168402777777777857e+01
3.016493055555555713e+01
2.907986111111111427e+01
2.842881944444444287e+01
2.821180555555555713e+01
2.842881944444444642e+01
2.907986111111111427e+01
3.016493055555555713e+01
3.168402777777777857e+01
3.363715277777778567e+01
3.602430555555555713e+01
3.884548611111111427e+01
4.210069444444444997e+01
4.578993055555555713e+01
4.991319444444445708e+01
5.447048611111112137e+01
5.946180555555555713e+01
6.271701388888889284e+01
5.772569444444444287e+01
5.316840277777778567e+01
4.904513888888889284e+01
4.535590277777777857e+01
4.210069444444444287e+01
3.927951388888889284e+01
3.689236111111111427e+01
3.493923611111111427e+01
3.342013888888889284e+01
3.233506944444444997e+01
3.168402777777777857e+01
3.146701388888889284e+01
3.168402777777778212e+01
3.233506944444444997e+01
3.342013888888889284e+01
3.493923611111111427e+01
3.689236111111111427e+01
3.927951388888889284e+01
4.210069444444444997e+01
4.535590277777778567e+01
4.904513888888889284e+01
5.316840277777779278e+01
5.772569444444445708e+01
6.271701388888889284e+01
6.640625000000000000e+01
6.141493055555555713e+01
5.685763888888889284e+01
5.273437500000000000e+01
4.904513888888888573e+01
4.578993055555555713e+01
4.296875000000000000e+01
4.058159722222222143e+01
3.862847222222222143e+01
3.710937500000000000e+01
3.602430555555555713e+01
3.537326388888888573e+01
3.515625000000000000e+01
3.537326388888888573e+01
3.602430555555555713e+01
3.710937500000000000e+01
3.862847222222222143e+01
4.058159722222222854e+01
4.296875000000000000e+01
4.578993055555555713e+01
4.904513888888889284e+01
5.273437500000000000e+01
5.685763888888889994e+01
6.141493055555556424e+01
6.640625000000000000e+01
7.052951388888889994e+01
6.553819444444445708e+01
6.098090277777779278e+01
5.685763888888889994e+01
5.316840277777778567e+01
4.991319444444445708e+01
4.709201388888889994e+01
4.470486111111112137e+01
4.275173611111112137e+01
4.123263888888889994e+01
4.014756944444445708e+01
3.949652777777778567e+01
3.927951388888889994e+01
3.949652777777778567e+01
4.014756944444445708e+01
4.123263888888889994e+01
4.275173611111112137e+01
4.470486111111112848e+01
4.709201388888889994e+01
4.991319444444445708e+01
5.316840277777779278e+01
5.685763888888889994e+01
6.098090277777779988e+01
6.553819444444445708e+01
7.052951388888889994e+01
7.508680555555557135e+01
7.009548611111111427e+01
6.553819444444445708e+01
6.141493055555556424e+01
5.772569444444444997e+01
5.447048611111111427e+01
5.164930555555556424e+01
4.926215277777778567e+01
4.730902777777778567e+01
4.578993055555556424e+01
4.470486111111111427e+01
4.405381944444445708e+01
4.383680555555556424e+01
4.405381944444445708e+01
4.470486111111112137e+01
4.578993055555556424e+01
4.730902777777778567e+01
4.926215277777778567e+01
5.164930555555556424e+01
5.447048611111112137e+01
5.772569444444445708e+01
6.141493055555556424e+01
6.553819444444445708e+01
7.009548611111112848e+01
7.508680555555557135e+01
8.007812500000000000e+01
7.508680555555555713e+01
7.052951388888888573e+01
6.640625000000000000e+01
6.271701388888888573e+01
5.946180555555555713e+01
5.664062500000000000e+01
5.425347222222222143e+01
5.230034722222222143e+01
5.078125000000000000e+01
4.969618055555555713e+01
4.904513888888888573e+01
4.882812500000000000e+01
4.904513888888888573e+01
4.969618055555555713e+01
5.078125000000000000e+01
5.230034722222222143e+01
5.425347222222222854e+01
5.664062500000000000e+01
5.946180555555555713e+01
6.271701388888889284e+01
6.640625000000000000e+01
7.052951388888889994e+01
7.508680555555557135e+01
8.007812500000000000e+01
7.638888888888888573e+01
7.139756944444444287e+01
6.684027777777777146e+01
6.271701388888888573e+01
5.902777777777777146e+01
5.577256944444444287e+01
5.295138888888888573e+01
5.056423611111110716e+01
4.861111111111110716e+01
4.709201388888888573e+01
4.600694444444444287e+01
4.535590277777777146e+01
4.513888888888888573e+01
4.535590277777777146e+01
4.600694444444444287e+01
4.709201388888888573e+01
4.861111111111110716e+01
5.056423611111111427e+01
5.295138888888888573e+01
5.577256944444444287e+01
5.902777777777777857e+01
6.271701388888888573e+01
6.684027777777778567e+01
7.139756944444445708e+01
7.638888888888888573e+01
7.139756944444444287e+01
6.640625000000000000e+01
6.184895833333332860e+01
5.772569444444444287e+01
5.403645833333332860e+01
5.078124999999999289e+01
4.796006944444444287e+01
4.557291666666665719e+01
4.361979166666665719e+01
4.210069444444444287e+01
4.101562499999999289e+01
4.036458333333332860e+01
4.014756944444444287e+01
4.036458333333332860e+01
4.101562500000000000e+01
4.210069444444444287e+01
4.361979166666666430e+01
4.557291666666666430e+01
4.796006944444444287e+01
5.078125000000000000e+01
5.403645833333332860e+01
5.772569444444444287e+01
6.184895833333334281e+01
6.640625000000000000e+01
7.139756944444444287e+01
6.684027777777777146e+01
6.184895833333332860e+01
5.729166666666667140e+01
5.316840277777777857e+01
4.947916666666666430e+01
4.622395833333332860e+01
4.340277777777777857e+01
4.101562500000000000e+01
3.906250000000000000e+01
3.754340277777777857e+01
3.645833333333332860e+01
3.580729166666667140e+01
3.559027777777777857e+01
3.580729166666667140e+01
3.645833333333333570e+01
3.754340277777777857e+01
3.906250000000000000e+01
4.101562500000000000e+01
4.340277777777777857e+01
4.622395833333333570e+01
4.947916666666667140e+01
5.316840277777777857e+01
5.729166666666667851e+01
6.184895833333334281e+01
6.684027777777777146e+01
6.271701388888888573e+01
5.772569444444444287e+01
5.316840277777777857e+01
4.904513888888888573e+01
4.535590277777777146e+01
4.210069444444444287e+01
3.927951388888888573e+01
3.689236111111110716e+01
3.493923611111110716e+01
3.342013888888888573e+01
3.233506944444444287e+01
3.168402777777777501e+01
3.146701388888888573e+01
3.168402777777777501e+01
3.233506944444444287e+01
3.342013888888888573e+01
3.493923611111110716e+01
3.689236111111111427e+01
3.927951388888888573e+01
4.210069444444444287e+01
4.535590277777777857e+01
4.904513888888888573e+01
5.316840277777778567e+01
5.772569444444444997e+01
6.271701388888888573e+01
5.902777777777777146e+01
5.403645833333332860e+01
4.947916666666666430e+01
4.535590277777777146e+01
4.166666666666665719e+01
3.841145833333332860e+01
3.559027777777777146e+01
3.320312499999999289e+01
3.124999999999999289e+01
2.973090277777777146e+01
2.864583333333332860e+01
2.799479166666665719e+01
2.777777777777777146e+01
2.799479166666666075e+01
2.864583333333332860e+01
2.973090277777777146e+01
3.124999999999999289e+01
3.320312500000000000e+01
3.559027777777777146e+01
3.841145833333332860e+01
4.166666666666666430e+01
4.535590277777777146e+01
4.947916666666667140e+01
5.403645833333333570e+01
5.902777777777777146e+01
5.577256944444444287e+01
5.078124999999999289e+01
4.622395833333332860e+01
4.210069444444444287e+01
3.841145833333332860e+01
3.515624999999999289e+01
3.233506944444444287e+01
2.994791666666666075e+01
2.799479166666666075e+01
2.647569444444443931e+01
2.539062499999999289e+01
2.473958333333332860e+01
2.452256944444443931e+01
2.473958333333332860e+01
2.539062499999999645e+01
2.647569444444443931e+01
2.799479166666666430e+01
2.994791666666666430e+01
3.233506944444444287e+01
3.515625000000000000e+01
3.841145833333332860e+01
4.210069444444444287e+01
4.622395833333334281e+01
5.078125000000000000e+01
5.577256944444444287e+01
5.295138888888888573e+01
4.796006944444444287e+01
4.340277777777777857e+01
3.927951388888888573e+01
3.559027777777777146e+01
3.233506944444444287e+01
2.951388888888888573e+01
2.712673611111110716e+01
2.517361111111110716e+01
2.365451388888888573e+01
2.256944444444444287e+01
2.191840277777777146e+01
2.170138888888888573e+01
2.191840277777777501e+01
2.256944444444444287e+01
2.365451388888888573e+01
2.517361111111110716e+01
2.712673611111111072e+01
2.951388888888888573e+01
3.233506944444444287e+01
3.559027777777777857e+01
3.927951388888888573e+01
4.340277777777778567e+01
4.796006944444444997e+01
5.295138888888888573e+01
5.056423611111110716e+01
4.557291666666665719e+01
4.101562500000000000e+01
3.689236111111110716e+01
3.320312499999999289e+01
2.994791666666666075e+01
2.712673611111110716e+01
2.473958333333332860e+01
2.278645833333332860e+01
2.126736111111110716e+01
2.018229166666666430e+01
1.953124999999999645e+01
1.931423611111110716e+01
1.953124999999999645e+01
2.018229166666666430e+01
2.126736111111110716e+01
2.278645833333332860e+01
2.473958333333333215e+01
2.712673611111110716e+01
2.994791666666666430e+01
3.320312500000000000e+01
3.689236111111110716e+01
4.101562500000000711e+01
4.557291666666667140e+01
5.056423611111110716e+01
4.861111111111110716e+01
4.361979166666665719e+01
3.906250000000000000e+01
3.493923611111110716e+01
3.124999999999999289e+01
2.799479166666666075e+01
2.517361111111110716e+01
2.278645833333332860e+01
2.083333333333332860e+01
1.931423611111110716e+01
1.822916666666666430e+01
1.757812499999999645e+01
1.736111111111110716e+01
1.757812499999999645e+01
1.822916666666666430e+01
1.931423611111110716e+01
2.083333333333332860e+01
2.278645833333333215e+01
2.517361111111110716e+01
2.799479166666666430e+01
3.125000000000000000e+01
3.493923611111110716e+01
3.906250000000000711e+01
4.361979166666667140e+01
4.861111111111110716e+01
4.709201388888888573e+01
4.210069444444444287e+01
3.754340277777777857e+01
3.342013888888888573e+01
2.973090277777777146e+01
2.647569444444443931e+01
2.365451388888888573e+01
2.126736111111110716e+01
1.931423611111110716e+01
1.779513888888888573e+01
1.671006944444443931e+01
1.605902777777777501e+01
1.584201388888888573e+01
1.605902777777777501e+01
1.671006944444444287e+01
1.779513888888888573e+01
1.931423611111110716e+01
2.126736111111111072e+01
2.365451388888888573e+01
2.647569444444444287e+01
2.973090277777777857e+01
3.342013888888888573e+01
3.754340277777778567e+01
4.210069444444444997e+01
4.709201388888888573e+01
4.600694444444444287e+01
4.101562499999999289e+01
3.645833333333332860e+01
3.233506944444444287e+01
2.864583333333332860e+01
2.539062499999999289e+01
2.256944444444444287e+01
2.018229166666666430e+01
1.822916666666666430e+01
1.671006944444443931e+01
1.562499999999999645e+01
1.497395833333332860e+01
1.475694444444444109e+01
1.497395833333333037e+01
1.562499999999999645e+01
1.671006944444443931e+01
1.822916666666666430e+01
2.018229166666666430e+01
2.256944444444444287e+01
2.539062500000000000e+01
2.864583333333333570e+01
3.233506944444444287e+01
3.645833333333334281e+01
4.101562500000000000e+01
4.600694444444444287e+01
4.535590277777777146e+01
4.036458333333332860e+01
3.580729166666667140e+01
3.168402777777777501e+01
2.799479166666665719e+01
2.473958333333332860e+01
2.191840277777777146e+01
1.953124999999999645e+01
1.757812499999999645e+01
1.605902777777777501e+01
1.497395833333332860e+01
1.432291666666666252e+01
1.410590277777777324e+01
1.432291666666666252e+01
1.497395833333333037e+01
1.605902777777777501e+01
1.757812499999999645e+01
1.953125000000000000e+01
2.191840277777777146e+01
2.473958333333332860e+01
2.799479166666666430e+01
3.168402777777777501e+01
3.580729166666667140e+01
4.036458333333334281e+01
4.535590277777777146e+01
4.513888888888888573e+01
4.014756944444444287e+01
3.559027777777777857e+01
3.146701388888888573e+01
2.777777777777777146e+01
2.452256944444443931e+01
2.170138888888888573e+01
1.931423611111110716e+01
1.736111111111110716e+01
1.584201388888888573e+01
1.475694444444444109e+01
1.410590277777777324e+01
1.388888888888888573e+01
1.410590277777777501e+01
1.475694444444444287e+01
1.584201388888888573e+01
1.736111111111110716e+01
1.931423611111111072e+01
2.170138888888888573e+01
2.452256944444444287e+01
2.777777777777777857e+01
3.146701388888888573e+01
3.559027777777778567e+01
4.014756944444444997e+01
4.513888888888888573e+01
4.535590277777777146e+01
4.036458333333332860e+01
3.580729166666667140e+01
3.168402777777777501e+01
2.799479166666666075e+01
2.473958333333332860e+01
2.191840277777777501e+01
1.953124999999999645e+01
1.757812499999999645e+01
1.605902777777777501e+01
1.497395833333333037e+01
1.432291666666666252e+01
1.410590277777777501e+01
1.432291666666666430e+01
1.497395833333333215e+01
1.605902777777777501e+01
1.757812500000000000e+01
1.953125000000000000e+01
2.191840277777777501e+01
2.473958333333333215e+01
2.799479166666666785e+01
3.168402777777777501e+01
3.580729166666667140e+01
4.036458333333334281e+01
4.535590277777777146e+01
4.600694444444444287e+01
4.101562500000000000e+01
3.645833333333333570e+01
3.233506944444444287e+01
2.864583333333332860e+01
2.539062499999999645e+01
2.256944444444444287e+01
2.018229166666666430e+01
1.822916666666666430e+01
1.671006944444444287e+01
1.562499999999999645e+01
1.497395833333333037e+01
1.475694444444444287e+01
1.497395833333333215e+01
1.562500000000000000e+01
1.671006944444444287e+01
1.822916666666666430e+01
2.018229166666666785e+01
2.256944444444444287e+01
2.539062500000000000e+01
2.864583333333333570e+01
3.233506944444444287e+01
3.645833333333334281e+01
4.101562500000000711e+01
4.600694444444444287e+01
4.709201388888888573e+01
4.210069444444444287e+01
3.754340277777777857e+01
3.342013888888888573e+01
2.973090277777777146e+01
2.647569444444443931e+01
2.365451388888888573e+01
2.126736111111110716e+01
1.931423611111110716e+01
1.779513888888888573e+01
1.671006944444443931e+01
1.605902777777777501e+01
1.584201388888888573e+01
1.605902777777777501e+01
1.671006944444444287e+01
1.779513888888888573e+01
1.931423611111110716e+01
2.126736111111111072e+01
2.365451388888888573e+01
2.647569444444444287e+01
2.973090277777777857e+01
3.342013888888888573e+01
3.754340277777778567e+01
4.210069444444444997e+01
4.709201388888888573e+01
4.861111111111110716e+01
4.361979166666666430e+01
3.906250000000000000e+01
3.493923611111110716e+01
3.124999999999999289e+01
2.799479166666666430e+01
2.517361111111110716e+01
2.278645833333332860e+01
2.083333333333332860e+01
1.931423611111110716e+01
1.822916666666666430e+01
1.757812499999999645e+01
1.736111111111110716e+01
1.757812500000000000e+01
1.822916666666666430e+01
1.931423611111110716e+01
2.083333333333333215e+01
2.278645833333333570e+01
2.517361111111110716e+01
2.799479166666666430e+01
3.125000000000000000e+01
3.493923611111110716e+01
3.906250000000000711e+01
4.361979166666667140e+01
4.861111111111110716e+01
5.056423611111111427e+01
4.557291666666666430e+01
4.101562500000000000e+01
3.689236111111111427e+01
3.320312500000000000e+01
2.994791666666666430e+01
2.712673611111111072e+01
2.473958333333333215e+01
2.278645833333333215e+01
2.126736111111111072e+01
2.018229166666666430e+01
1.953125000000000000e+01
1.931423611111111072e+01
1.953125000000000000e+01
2.018229166666666785e+01
2.126736111111111072e+01
2.278645833333333570e+01
2.473958333333333570e+01
2.712673611111111072e+01
2.994791666666666785e+01
3.320312500000000000e+01
3.689236111111111427e+01
4.101562500000001421e+01
4.557291666666667140e+01
5.056423611111111427e+01
5.295138888888888573e+01
4.796006944444444287e+01
4.340277777777777857e+01
3.927951388888888573e+01
3.559027777777777146e+01
3.233506944444444287e+01
2.951388888888888573e+01
2.712673611111110716e+01
2.517361111111110716e+01
2.365451388888888573e+01
2.256944444444444287e+01
2.191840277777777146e+01
2.170138888888888573e+01
2.191840277777777501e+01
2.256944444444444287e+01
2.365451388888888573e+01
2.517361111111110716e+01
2.712673611111111072e+01
2.951388888888888573e+01
3.233506944444444287e+01
3.559027777777777857e+01
3.927951388888888573e+01
4.340277777777778567e+01
4.796006944444444997e+01
5.295138888888888573e+01
5.577256944444444287e+01
5.078125000000000000e+01
4.622395833333333570e+01
4.210069444444444287e+01
3.841145833333332860e+01
3.515625000000000000e+01
3.233506944444444287e+01
2.994791666666666430e+01
2.799479166666666430e+01
2.647569444444444287e+01
2.539062500000000000e+01
2.473958333333332860e+01
2.452256944444444287e+01
2.473958333333333215e+01
2.539062500000000000e+01
2.647569444444444287e+01
2.799479166666666430e+01
2.994791666666666785e+01
3.233506944444444287e+01
3.515625000000000000e+01
3.841145833333333570e+01
4.210069444444444287e+01
4.622395833333334281e+01
5.078125000000000711e+01
5.577256944444444287e+01
5.902777777777777857e+01
5.403645833333332860e+01
4.947916666666667140e+01
4.535590277777777857e+01
4.166666666666666430e+01
3.841145833333332860e+01
3.559027777777777857e+01
3.320312500000000000e+01
3.125000000000000000e+01
2.973090277777777857e+01
2.864583333333333570e+01
2.799479166666666430e+01
2.777777777777777857e+01
2.799479166666666785e+01
2.864583333333333570e+01
2.973090277777777857e+01
3.125000000000000000e+01
3.320312500000000000e+01
3.559027777777777857e+01
3.841145833333333570e+01
4.166666666666667140e+01
4.535590277777777857e+01
4.947916666666667851e+01
5.403645833333334281e+01
5.902777777777777857e+01
6.271701388888888573e+01
5.772569444444444287e+01
5.316840277777777857e+01
4.904513888888888573e+01
4.535590277777777146e+01
4.210069444444444287e+01
3.927951388888888573e+01
3.689236111111110716e+01
3.493923611111110716e+01
3.342013888888888573e+01
3.233506944444444287e+01
3.168402777777777501e+01
3.146701388888888573e+01
3.168402777777777501e+01
3.233506944444444287e+01
3.342013888888888573e+01
3.493923611111110716e+01
3.689236111111111427e+01
3.927951388888888573e+01
4.210069444444444287e+01
4.535590277777777857e+01
4.904513888888888573e+01
5.316840277777778567e+01
5.772569444444444997e+01
6.271701388888888573e+01
6.684027777777778567e+01
6.184895833333334281e+01
5.729166666666667851e+01
5.316840277777778567e+01
4.947916666666667140e+01
4.622395833333334281e+01
4.340277777777778567e+01
4.101562500000000711e+01
3.906250000000000711e+01
3.754340277777778567e+01
3.645833333333334281e+01
3.580729166666667140e+01
3.559027777777778567e+01
3.580729166666667140e+01
3.645833333333334281e+01
3.754340277777778567e+01
3.906250000000000711e+01
4.101562500000001421e+01
4.340277777777778567e+01
4.622395833333334281e+01
4.947916666666667851e+01
5.316840277777778567e+01
5.729166666666668561e+01
6.184895833333334991e+01
6.684027777777778567e+01
7.139756944444445708e+01
6.640625000000000000e+01
6.184895833333334281e+01
5.772569444444444997e+01
5.403645833333333570e+01
5.078125000000000000e+01
4.796006944444444997e+01
4.557291666666667140e+01
4.361979166666667140e+01
4.210069444444444997e+01
4.101562500000000000e+01
4.036458333333334281e+01
4.014756944444444997e+01
4.036458333333334281e+01
4.101562500000000711e+01
4.210069444444444997e+01
4.361979166666667140e+01
4.557291666666667140e+01
4.796006944444444997e+01
5.078125000000000711e+01
5.403645833333334281e+01
5.772569444444444997e+01
6.184895833333334991e+01
6.640625000000001421e+01
7.139756944444445708e+01
7.638888888888888573e+01
7.139756944444444287e+01
6.684027777777777146e+01
6.271701388888888573e+01
5.902777777777777146e+01
5.577256944444444287e+01
5.295138888888888573e+01
5.056423611111110716e+01
4.861111111111110716e+01
4.709201388888888573e+01
4.600694444444444287e+01
4.535590277777777146e+01
4.513888888888888573e+01
4.535590277777777146e+01
4.600694444444444287e+01
4.709201388888888573e+01
4.861111111111110716e+01
5.056423611111111427e+01
5.295138888888888573e+01
5.577256944444444287e+01
5.902777777777777857e+01
6.271701388888888573e+01
6.684027777777778567e+01
7.139756944444445708e+01
7.638888888888888573e+01
7.313368055555555713e+01
6.814236111111111427e+01
6.358506944444444287e+01
5.946180555555555713e+01
5.577256944444444287e+01
5.251736111111111427e+01
4.969618055555555713e+01
4.730902777777777146e+01
4.535590277777777146e+01
4.383680555555555713e+01
4.275173611111111427e+01
4.210069444444444287e+01
4.188368055555555713e+01
4.210069444444444287e+01
4.275173611111111427e+01
4.383680555555555713e+01
4.535590277777777146e+01
4.730902777777778567e+01
4.969618055555555713e+01
5.251736111111111427e+01
5.577256944444444287e+01
5.946180555555555713e+01
6.358506944444445708e+01
6.814236111111111427e+01
7.313368055555555713e+01
6.814236111111111427e+01
6.315104166666665719e+01
5.859375000000000000e+01
5.447048611111111427e+01
5.078125000000000000e+01
4.752604166666665719e+01
4.470486111111111427e+01
4.231770833333332860e+01
4.036458333333332860e+01
3.884548611111110716e+01
3.776041666666665719e+01
3.710937500000000000e+01
3.689236111111110716e+01
3.710937500000000000e+01
3.776041666666666430e+01
3.884548611111110716e+01
4.036458333333332860e+01
4.231770833333332860e+01
4.470486111111111427e+01
4.752604166666667140e+01
5.078125000000000000e+01
5.447048611111111427e+01
5.859375000000001421e+01
6.315104166666667140e+01
6.814236111111111427e+01
6.358506944444444287e+01
5.859375000000000000e+01
5.403645833333334281e+01
4.991319444444444287e+01
4.622395833333332860e+01
4.296875000000000000e+01
4.014756944444444287e+01
3.776041666666667140e+01
3.580729166666667140e+01
3.428819444444444287e+01
3.320312500000000000e+01
3.255208333333333570e+01
3.233506944444444287e+01
3.255208333333333570e+01
3.320312500000000000e+01
3.428819444444444287e+01
3.580729166666667140e+01
3.776041666666667140e+01
4.014756944444444287e+01
4.296875000000000000e+01
4.622395833333334281e+01
4.991319444444444287e+01
5.403645833333334281e+01
5.859375000000001421e+01
6.358506944444444287e+01
5.946180555555555713e+01
5.447048611111111427e+01
4.991319444444444287e+01
4.578993055555555713e+01
4.210069444444444287e+01
3.884548611111110716e+01
3.602430555555555713e+01
3.363715277777777146e+01
3.168402777777777501e+01
3.016493055555555358e+01
2.907986111111110716e+01
2.842881944444444287e+01
2.821180555555555358e+01
2.842881944444444287e+01
2.907986111111111072e+01
3.016493055555555358e+01
3.168402777777777501e+01
3.363715277777777857e+01
3.602430555555555713e+01
3.884548611111111427e+01
4.210069444444444287e+01
4.578993055555555713e+01
4.991319444444445708e+01
5.447048611111111427e+01
5.946180555555555713e+01
5.577256944444444287e+01
5.078125000000000000e+01
4.622395833333332860e+01
4.210069444444444287e+01
3.841145833333332860e+01
3.515624999999999289e+01
3.233506944444444287e+01
2.994791666666666075e+01
2.799479166666666075e+01
2.647569444444443931e+01
2.539062499999999289e+01
2.473958333333332860e+01
2.452256944444443931e+01
2.473958333333332860e+01
2.539062499999999645e+01
2.647569444444443931e+01
2.799479166666666075e+01
2.994791666666666430e+01
3.233506944444444287e+01
3.515625000000000000e+01
3.841145833333332860e+01
4.210069444444444287e+01
4.622395833333334281e+01
5.078125000000000000e+01
5.577256944444444287e+01
5.251736111111111427e+01
4.752604166666665719e+01
4.296875000000000000e+01
3.884548611111110716e+01
3.515624999999999289e+01
3.190104166666666075e+01
2.907986111111110716e+01
2.669270833333332860e+01
2.473958333333332860e+01
2.322048611111110716e+01
2.213541666666666430e+01
2.148437499999999289e+01
2.126736111111110716e+01
2.148437499999999645e+01
2.213541666666666430e+01
2.322048611111110716e+01
2.473958333333332860e+01
2.669270833333333215e+01
2.907986111111110716e+01
3.190104166666666430e+01
3.515625000000000000e+01
3.884548611111110716e+01
4.296875000000001421e+01
4.752604166666667140e+01
5.251736111111111427e+01
4.969618055555555713e+01
4.470486111111111427e+01
4.014756944444444287e+01
3.602430555555555713e+01
3.233506944444444287e+01
2.907986111111110716e+01
2.625868055555555358e+01
2.387152777777777501e+01
2.191840277777777501e+01
2.039930555555555358e+01
1.931423611111110716e+01
1.866319444444444287e+01
1.844618055555555358e+01
1.866319444444444287e+01
1.931423611111111072e+01
2.039930555555555358e+01
2.191840277777777857e+01
2.387152777777777857e+01
2.625868055555555358e+01
2.907986111111111072e+01
3.233506944444444287e+01
3.602430555555555713e+01
4.014756944444445708e+01
4.470486111111111427e+01
4.969618055555555713e+01
4.730902777777777146e+01
4.231770833333332860e+01
3.776041666666667140e+01
3.363715277777777146e+01
2.994791666666666075e+01
2.669270833333332860e+01
2.387152777777777501e+01
2.148437499999999645e+01
1.953124999999999645e+01
1.801215277777777501e+01
1.692708333333332860e+01
1.627604166666666430e+01
1.605902777777777501e+01
1.627604166666666430e+01
1.692708333333333215e+01
1.801215277777777501e+01
1.953125000000000000e+01
2.148437500000000000e+01
2.387152777777777501e+01
2.669270833333333215e+01
2.994791666666666785e+01
3.363715277777777146e+01
3.776041666666667140e+01
4.231770833333334281e+01
4.730902777777777146e+01
4.535590277777777146e+01
4.036458333333332860e+01
3.580729166666667140e+01
3.168402777777777501e+01
2.799479166666666075e+01
2.473958333333332860e+01
2.191840277777777501e+01
1.953124999999999645e+01
1.757812499999999645e+01
1.605902777777777501e+01
1.497395833333333037e+01
1.432291666666666430e+01
1.410590277777777501e+01
1.432291666666666430e+01
1.497395833333333215e+01
1.605902777777777501e+01
1.757812500000000000e+01
1.953125000000000000e+01
2.191840277777777501e+01
2.473958333333333215e+01
2.799479166666666785e+01
3.168402777777777501e+01
3.580729166666667140e+01
4.036458333333334281e+01
4.535590277777777146e+01
4.383680555555555713e+01
3.884548611111110716e+01
3.428819444444444287e+01
3.016493055555555358e+01
2.647569444444443931e+01
2.322048611111110716e+01
2.039930555555555358e+01
1.801215277777777501e+01
1.605902777777777501e+01
1.453993055555555358e+01
1.345486111111110894e+01
1.280381944444444287e+01
1.258680555555555358e+01
1.280381944444444287e+01
1.345486111111111072e+01
1.453993055555555358e+01
1.605902777777777857e+01
1.801215277777777857e+01
2.039930555555555358e+01
2.322048611111111072e+01
2.647569444444444642e+01
3.016493055555555358e+01
3.428819444444445708e+01
3.884548611111111427e+01
4.383680555555555713e+01
4.275173611111111427e+01
3.776041666666665719e+01
3.320312500000000000e+01
2.907986111111110716e+01
2.539062499999999289e+01
2.213541666666666430e+01
1.931423611111110716e+01
1.692708333333332860e+01
1.497395833333333037e+01
1.345486111111110894e+01
1.236979166666666430e+01
1.171874999999999645e+01
1.150173611111110894e+01
1.171874999999999822e+01
1.236979166666666430e+01
1.345486111111110894e+01
1.497395833333333215e+01
1.692708333333333570e+01
1.931423611111110716e+01
2.213541666666666430e+01
2.539062500000000000e+01
2.907986111111110716e+01
3.320312500000000711e+01
3.776041666666667140e+01
4.275173611111111427e+01
4.210069444444444287e+01
3.710937500000000000e+01
3.255208333333333570e+01
2.842881944444444287e+01
2.473958333333332860e+01
2.148437499999999289e+01
1.866319444444444287e+01
1.627604166666666430e+01
1.432291666666666430e+01
1.280381944444444287e+01
1.171874999999999645e+01
1.106770833333333037e+01
1.085069444444444109e+01
1.106770833333333037e+01
1.171874999999999822e+01
1.280381944444444287e+01
1.432291666666666430e+01
1.627604166666666785e+01
1.866319444444444287e+01
2.148437500000000000e+01
2.473958333333333570e+01
2.842881944444444287e+01
3.255208333333334281e+01
3.710937500000000711e+01
4.210069444444444287e+01
4.188368055555555713e+01
3.689236111111110716e+01
3.233506944444444287e+01
2.821180555555555358e+01
2.452256944444443931e+01
2.126736111111110716e+01
1.844618055555555358e+01
1.605902777777777501e+01
1.410590277777777501e+01
1.258680555555555358e+01
1.150173611111110894e+01
1.085069444444444109e+01
1.063368055555555358e+01
1.085069444444444287e+01
1.150173611111111072e+01
1.258680555555555358e+01
1.410590277777777679e+01
1.605902777777777857e+01
1.844618055555555358e+01
2.126736111111111072e+01
2.452256944444444642e+01
2.821180555555555358e+01
3.233506944444445708e+01
3.689236111111111427e+01
4.188368055555555713e+01
4.210069444444444287e+01
3.710937500000000000e+01
3.255208333333333570e+01
2.842881944444444287e+01
2.473958333333332860e+01
2.148437499999999645e+01
1.866319444444444287e+01
1.627604166666666430e+01
1.432291666666666430e+01
1.280381944444444287e+01
1.171874999999999822e+01
1.106770833333333037e+01
1.085069444444444287e+01
1.106770833333333215e+01
1.171875000000000000e+01
1.280381944444444287e+01
1.432291666666666607e+01
1.627604166666666785e+01
1.866319444444444287e+01
2.148437500000000000e+01
2.473958333333333570e+01
2.842881944444444287e+01
3.255208333333334281e+01
3.710937500000000711e+01
4.210069444444444287e+01
4.275173611111111427e+01
3.776041666666666430e+01
3.320312500000000000e+01
2.907986111111111072e+01
2.539062499999999645e+01
2.213541666666666430e+01
1.931423611111111072e+01
1.692708333333333215e+01
1.497395833333333215e+01
1.345486111111111072e+01
1.236979166666666430e+01
1.171874999999999822e+01
1.150173611111111072e+01
1.171875000000000000e+01
1.236979166666666785e+01
1.345486111111111072e+01
1.497395833333333393e+01
1.692708333333333570e+01
1.931423611111111072e+01
2.213541666666666785e+01
2.539062500000000355e+01
2.907986111111111072e+01
3.320312500000001421e+01
3.776041666666667140e+01
4.275173611111111427e+01
4.383680555555555713e+01
3.884548611111110716e+01
3.428819444444444287e+01
3.016493055555555358e+01
2.647569444444443931e+01
2.322048611111110716e+01
2.039930555555555358e+01
1.801215277777777501e+01
1.605902777777777501e+01
1.453993055555555358e+01
1.345486111111110894e+01
1.280381944444444287e+01
1.258680555555555358e+01
1.280381944444444287e+01
1.345486111111111072e+01
1.453993055555555358e+01
1.605902777777777857e+01
1.801215277777777857e+01
2.039930555555555358e+01
2.322048611111111072e+01
2.647569444444444642e+01
3.016493055555555358e+01
3.428819444444445708e+01
3.884548611111111427e+01
4.383680555555555713e+01
4.535590277777777146e+01
4.036458333333332860e+01
3.580729166666667140e+01
3.168402777777777501e+01
2.799479166666666075e+01
2.473958333333332860e+01
2.191840277777777857e+01
1.953125000000000000e+01
1.757812500000000000e+01
1.605902777777777857e+01
1.497395833333333215e+01
1.432291666666666430e+01
1.410590277777777679e+01
1.432291666666666607e+01
1.497395833333333393e+01
1.605902777777777857e+01
1.757812500000000000e+01
1.953125000000000000e+01
2.191840277777777857e+01
2.473958333333333570e+01
2.799479166666666785e+01
3.168402777777777501e+01
3.580729166666667140e+01
4.036458333333334281e+01
4.535590277777777146e+01
4.730902777777778567e+01
4.231770833333332860e+01
3.776041666666667140e+01
3.363715277777777857e+01
2.994791666666666430e+01
2.669270833333333215e+01
2.387152777777777857e+01
2.148437500000000000e+01
1.953125000000000000e+01
1.801215277777777857e+01
1.692708333333333570e+01
1.627604166666666785e+01
1.605902777777777857e+01
1.627604166666666785e+01
1.692708333333333570e+01
1.801215277777777857e+01
1.953125000000000000e+01
2.148437500000000355e+01
2.387152777777777857e+01
2.669270833333333570e+01
2.994791666666667140e+01
3.363715277777777857e+01
3.776041666666667851e+01
4.231770833333334281e+01
4.730902777777778567e+01
4.969618055555555713e+01
4.470486111111111427e+01
4.014756944444444287e+01
3.602430555555555713e+01
3.233506944444444287e+01
2.907986111111110716e+01
2.625868055555555358e+01
2.387152777777777501e+01
2.191840277777777501e+01
2.039930555555555358e+01
1.931423611111110716e+01
1.866319444444444287e+01
1.844618055555555358e+01
1.866319444444444287e+01
1.931423611111111072e+01
2.039930555555555358e+01
2.191840277777777857e+01
2.387152777777777857e+01
2.625868055555555358e+01
2.907986111111111072e+01
3.233506944444444287e+01
3.602430555555555713e+01
4.014756944444445708e+01
4.470486111111111427e+01
4.969618055555555713e+01
5.251736111111111427e+01
4.752604166666667140e+01
4.296875000000000000e+01
3.884548611111111427e+01
3.515625000000000000e+01
3.190104166666666430e+01
2.907986111111111072e+01
2.669270833333333215e+01
2.473958333333333215e+01
2.322048611111111072e+01
2.213541666666666430e+01
2.148437500000000000e+01
2.126736111111111072e+01
2.148437500000000000e+01
2.213541666666666785e+01
2.322048611111111072e+01
2.473958333333333570e+01
2.669270833333333570e+01
2.907986111111111072e+01
3.190104166666666785e+01
3.515625000000000000e+01
3.884548611111111427e+01
4.296875000000001421e+01
4.752604166666667140e+01
5.251736111111111427e+01
5.577256944444444287e+01
5.078125000000000000e+01
4.622395833333334281e+01
4.210069444444444287e+01
3.841145833333332860e+01
3.515625000000000000e+01
3.233506944444444287e+01
2.994791666666666785e+01
2.799479166666666785e+01
2.647569444444444642e+01
2.539062500000000000e+01
2.473958333333333570e+01
2.452256944444444642e+01
2.473958333333333570e+01
2.539062500000000355e+01
2.647569444444444642e+01
2.799479166666666785e+01
2.994791666666667140e+01
3.233506944444444287e+01
3.515625000000000000e+01
3.841145833333334281e+01
4.210069444444444287e+01
4.622395833333334281e+01
5.078125000000001421e+01
5.577256944444444287e+01
5.946180555555555713e+01
5.447048611111111427e+01
4.991319444444444287e+01
4.578993055555555713e+01
4.210069444444444287e+01
3.884548611111110716e+01
3.602430555555555713e+01
3.363715277777777146e+01
3.168402777777777501e+01
3.016493055555555358e+01
2.907986111111110716e+01
2.842881944444444287e+01
2.821180555555555358e+01
2.842881944444444287e+01
2.907986111111111072e+01
3.016493055555555358e+01
3.168402777777777501e+01
3.363715277777777857e+01
3.602430555555555713e+01
3.884548611111111427e+01
4.210069444444444287e+01
4.578993055555555713e+01
4.991319444444445708e+01
5.447048611111111427e+01
5.946180555555555713e+01
6.358506944444445708e+01
5.859375000000001421e+01
5.403645833333334281e+01
4.991319444444445708e+01
4.622395833333334281e+01
4.296875000000001421e+01
4.014756944444445708e+01
3.776041666666667140e+01
3.580729166666667140e+01
3.428819444444445708e+01
3.320312500000000711e+01
3.255208333333334281e+01
3.233506944444445708e+01
3.255208333333334281e+01
3.320312500000001421e+01
3.428819444444445708e+01
3.580729166666667140e+01
3.776041666666667851e+01
4.014756944444445708e+01
4.296875000000001421e+01
4.622395833333334281e+01
4.991319444444445708e+01
5.403645833333335702e+01
5.859375000000001421e+01
6.358506944444445708e+01
6.814236111111111427e+01
6.315104166666667140e+01
5.859375000000001421e+01
5.447048611111111427e+01
5.078125000000000000e+01
4.752604166666667140e+01
4.470486111111111427e+01
4.231770833333334281e+01
4.036458333333334281e+01
3.884548611111111427e+01
3.776041666666667140e+01
3.710937500000000711e+01
3.689236111111111427e+01
3.710937500000000711e+01
3.776041666666667140e+01
3.884548611111111427e+01
4.036458333333334281e+01
4.231770833333334281e+01
4.470486111111111427e+01
4.752604166666667140e+01
5.078125000000001421e+01
5.447048611111111427e+01
5.859375000000001421e+01
6.315104166666668561e+01
6.814236111111111427e+01
7.313368055555555713e+01
6.814236111111111427e+01
6.358506944444444287e+01
5.946180555555555713e+01
5.577256944444444287e+01
5.251736111111111427e+01
4.969618055555555713e+01
4.730902777777777146e+01
4.535590277777777146e+01
4.383680555555555713e+01
4.275173611111111427e+01
4.210069444444444287e+01
4.188368055555555713e+01
4.210069444444444287e+01
4.275173611111111427e+01
4.383680555555555713e+01
4.535590277777777146e+01
4.730902777777778567e+01
4.969618055555555713e+01
5.251736111111111427e+01
5.577256944444444287e+01
5.946180555555555713e+01
6.358506944444445708e+01
6.814236111111111427e+01
7.313368055555555713e+01
7.031250000000000000e+01
6.532118055555555713e+01
6.076388888888889284e+01
5.664062500000000000e+01
5.295138888888888573e+01
4.969618055555555713e+01
4.687500000000000000e+01
4.448784722222222143e+01
4.253472222222222143e+01
4.101562500000000000e+01
3.993055555555555713e+01
3.927951388888888573e+01
3.906250000000000000e+01
3.927951388888888573e+01
3.993055555555555713e+01
4.101562500000000000e+01
4.253472222222222143e+01
4.448784722222222854e+01
4.687500000000000000e+01
4.969618055555555713e+01
5.295138888888889284e+01
5.664062500000000000e+01
6.076388888888889994e+01
6.532118055555557135e+01
7.031250000000000000e+01
6.532118055555555713e+01
6.032986111111110716e+01
5.577256944444444287e+01
5.164930555555555713e+01
4.796006944444444287e+01
4.470486111111110716e+01
4.188368055555555713e+01
3.949652777777777146e+01
3.754340277777777146e+01
3.602430555555555713e+01
3.493923611111110716e+01
3.428819444444444287e+01
3.407118055555555713e+01
3.428819444444444287e+01
3.493923611111111427e+01
3.602430555555555713e+01
3.754340277777777857e+01
3.949652777777777857e+01
4.188368055555555713e+01
4.470486111111111427e+01
4.796006944444444287e+01
5.164930555555555713e+01
5.577256944444445708e+01
6.032986111111111427e+01
6.532118055555555713e+01
6.076388888888889284e+01
5.577256944444444287e+01
5.121527777777778567e+01
4.709201388888889284e+01
4.340277777777777857e+01
4.014756944444444287e+01
3.732638888888889284e+01
3.493923611111111427e+01
3.298611111111111427e+01
3.146701388888889284e+01
3.038194444444444642e+01
2.973090277777778212e+01
2.951388888888889284e+01
2.973090277777778212e+01
3.038194444444444997e+01
3.146701388888889284e+01
3.298611111111111427e+01
3.493923611111111427e+01
3.732638888888889284e+01
4.014756944444444997e+01
4.340277777777778567e+01
4.709201388888889284e+01
5.121527777777779278e+01
5.577256944444445708e+01
6.076388888888889284e+01
5.664062500000000000e+01
5.164930555555555713e+01
4.709201388888889284e+01
4.296875000000000000e+01
3.927951388888888573e+01
3.602430555555555713e+01
3.320312500000000000e+01
3.081597222222222143e+01
2.886284722222222143e+01
2.734375000000000000e+01
2.625868055555555358e+01
2.560763888888888928e+01
2.539062500000000000e+01
2.560763888888888928e+01
2.625868055555555713e+01
2.734375000000000000e+01
2.886284722222222143e+01
3.081597222222222499e+01
3.320312500000000000e+01
3.602430555555555713e+01
3.927951388888889284e+01
4.296875000000000000e+01
4.709201388888889994e+01
5.164930555555556424e+01
5.664062500000000000e+01
5.295138888888888573e+01
4.796006944444444287e+01
4.340277777777777857e+01
3.927951388888888573e+01
3.559027777777777146e+01
3.233506944444444287e+01
2.951388888888888573e+01
2.712673611111110716e+01
2.517361111111110716e+01
2.365451388888888573e+01
2.256944444444444287e+01
2.191840277777777146e+01
2.170138888888888573e+01
2.191840277777777501e+01
2.256944444444444287e+01
2.365451388888888573e+01
2.517361111111110716e+01
2.712673611111111072e+01
2.951388888888888573e+01
3.233506944444444287e+01
3.559027777777777857e+01
3.927951388888888573e+01
4.340277777777778567e+01
4.796006944444444997e+01
5.295138888888888573e+01
4.969618055555555713e+01
4.470486111111110716e+01
4.014756944444444287e+01
3.602430555555555713e+01
3.233506944444444287e+01
2.907986111111110716e+01
2.625868055555555358e+01
2.387152777777777501e+01
2.191840277777777501e+01
2.039930555555555358e+01
1.931423611111110716e+01
1.866319444444444287e+01
1.844618055555555358e+01
1.866319444444444287e+01
1.931423611111111072e+01
2.039930555555555358e+01
2.191840277777777857e+01
2.387152777777777857e+01
2.625868055555555358e+01
2.907986111111111072e+01
3.233506944444444287e+01
3.602430555555555713e+01
4.014756944444445708e+01
4.470486111111111427e+01
4.969618055555555713e+01
4.687500000000000000e+01
4.188368055555555713e+01
3.732638888888889284e+01
3.320312500000000000e+01
2.951388888888888573e+01
2.625868055555555358e+01
2.343750000000000000e+01
2.105034722222222143e+01
1.909722222222222143e+01
1.757812500000000000e+01
1.649305555555555713e+01
1.584201388888888751e+01
1.562500000000000000e+01
1.584201388888888928e+01
1.649305555555555713e+01
1.757812500000000000e+01
1.909722222222222143e+01
2.105034722222222499e+01
2.343750000000000000e+01
2.625868055555555713e+01
2.951388888888889284e+01
3.320312500000000000e+01
3.732638888888889994e+01
4.188368055555556424e+01
4.687500000000000000e+01
4.448784722222222143e+01
3.949652777777777146e+01
3.493923611111111427e+01
3.081597222222222143e+01
2.712673611111110716e+01
2.387152777777777501e+01
2.105034722222222143e+01
1.866319444444444287e+01
1.671006944444444287e+01
1.519097222222222143e+01
1.410590277777777679e+01
1.345486111111111072e+01
1.323784722222222143e+01
1.345486111111111072e+01
1.410590277777777857e+01
1.519097222222222143e+01
1.671006944444444287e+01
1.866319444444444642e+01
2.105034722222222143e+01
2.387152777777777857e+01
2.712673611111111427e+01
3.081597222222222143e+01
3.493923611111112137e+01
3.949652777777778567e+01
4.448784722222222143e+01
4.253472222222222143e+01
3.754340277777777146e+01
3.298611111111111427e+01
2.886284722222222143e+01
2.517361111111110716e+01
2.191840277777777501e+01
1.909722222222222143e+01
1.671006944444444287e+01
1.475694444444444287e+01
1.323784722222222143e+01
1.215277777777777679e+01
1.150173611111111072e+01
1.128472222222222143e+01
1.150173611111111072e+01
1.215277777777777857e+01
1.323784722222222143e+01
1.475694444444444464e+01
1.671006944444444642e+01
1.909722222222222143e+01
2.191840277777777857e+01
2.517361111111111427e+01
2.886284722222222143e+01
3.298611111111112137e+01
3.754340277777778567e+01
4.253472222222222143e+01
4.101562500000000000e+01
3.602430555555555713e+01
3.146701388888889284e+01
2.734375000000000000e+01
2.365451388888888573e+01
2.039930555555555358e+01
1.757812500000000000e+01
1.519097222222222143e+01
1.323784722222222143e+01
1.171875000000000000e+01
1.063368055555555536e+01
9.982638888888889284e+00
9.765625000000000000e+00
9.982638888888889284e+00
1.063368055555555713e+01
1.171875000000000000e+01
1.323784722222222321e+01
1.519097222222222499e+01
1.757812500000000000e+01
2.039930555555555713e+01
2.365451388888889284e+01
2.734375000000000000e+01
3.146701388888889994e+01
3.602430555555556424e+01
4.101562500000000000e+01
3.993055555555555713e+01
3.493923611111110716e+01
3.038194444444444642e+01
2.625868055555555358e+01
2.256944444444444287e+01
1.931423611111110716e+01
1.649305555555555713e+01
1.410590277777777679e+01
1.215277777777777679e+01
1.063368055555555536e+01
9.548611111111110716e+00
8.897569444444442865e+00
8.680555555555555358e+00
8.897569444444444642e+00
9.548611111111110716e+00
1.063368055555555536e+01
1.215277777777777857e+01
1.410590277777778034e+01
1.649305555555555713e+01
1.931423611111111427e+01
2.256944444444444997e+01
2.625868055555555358e+01
3.038194444444445352e+01
3.493923611111111427e+01
3.993055555555555713e+01
3.927951388888888573e+01
3.428819444444444287e+01
2.973090277777778212e+01
2.560763888888888928e+01
2.191840277777777146e+01
1.866319444444444287e+01
1.584201388888888751e+01
1.345486111111111072e+01
1.150173611111111072e+01
9.982638888888889284e+00
8.897569444444442865e+00
8.246527777777776791e+00
8.029513888888887507e+00
8.246527777777776791e+00
8.897569444444444642e+00
9.982638888888889284e+00
1.150173611111111072e+01
1.345486111111111427e+01
1.584201388888888751e+01
1.866319444444444287e+01
2.191840277777777857e+01
2.560763888888888928e+01
2.973090277777778923e+01
3.428819444444445708e+01
3.927951388888888573e+01
3.906250000000000000e+01
3.407118055555555713e+01
2.951388888888889284e+01
2.539062500000000000e+01
2.170138888888888573e+01
1.844618055555555358e+01
1.562500000000000000e+01
1.323784722222222143e+01
1.128472222222222143e+01
9.765625000000000000e+00
8.680555555555555358e+00
8.029513888888887507e+00
7.812500000000000000e+00
8.029513888888889284e+00
8.680555555555557135e+00
9.765625000000000000e+00
1.128472222222222321e+01
1.323784722222222499e+01
1.562500000000000000e+01
1.844618055555555713e+01
2.170138888888889284e+01
2.539062500000000000e+01
2.951388888888889994e+01
3.407118055555556424e+01
3.906250000000000000e+01
3.927951388888888573e+01
3.428819444444444287e+01
2.973090277777778212e+01
2.560763888888888928e+01
2.191840277777777501e+01
1.866319444444444287e+01
1.584201388888888928e+01
1.345486111111111072e+01
1.150173611111111072e+01
9.982638888888889284e+00
8.897569444444444642e+00
8.246527777777776791e+00
8.029513888888889284e+00
8.246527777777778567e+00
8.897569444444446418e+00
9.982638888888889284e+00
1.150173611111111249e+01
1.345486111111111427e+01
1.584201388888888928e+01
1.866319444444444642e+01
2.191840277777778212e+01
2.560763888888888928e+01
2.973090277777778923e+01
3.428819444444445708e+01
3.927951388888888573e+01
3.993055555555555713e+01
3.493923611111111427e+01
3.038194444444444997e+01
2.625868055555555713e+01
2.256944444444444287e+01
1.931423611111111072e+01
1.649305555555555713e+01
1.410590277777777857e+01
1.215277777777777857e+01
1.063368055555555713e+01
9.548611111111110716e+00
8.897569444444444642e+00
8.680555555555557135e+00
8.897569444444446418e+00
9.548611111111114269e+00
1.063368055555555713e+01
1.215277777777778034e+01
1.410590277777778212e+01
1.649305555555555713e+01
1.931423611111111427e+01
2.256944444444444997e+01
2.625868055555555713e+01
3.038194444444445708e+01
3.493923611111112137e+01
3.993055555555555713e+01
4.101562500000000000e+01
3.602430555555555713e+01
3.146701388888889284e+01
2.734375000000000000e+01
2.365451388888888573e+01
2.039930555555555358e+01
1.757812500000000000e+01
1.519097222222222143e+01
1.323784722222222143e+01
1.171875000000000000e+01
1.063368055555555536e+01
9.982638888888889284e+00
9.765625000000000000e+00
9.982638888888889284e+00
1.063368055555555713e+01
1.171875000000000000e+01
1.323784722222222321e+01
1.519097222222222499e+01
1.757812500000000000e+01
2.039930555555555713e+01
2.365451388888889284e+01
2.734375000000000000e+01
3.146701388888889994e+01
3.602430555555556424e+01
4.101562500000000000e+01
4.253472222222222143e+01
3.754340277777777857e+01
3.298611111111111427e+01
2.886284722222222143e+01
2.517361111111110716e+01
2.191840277777777857e+01
1.909722222222222143e+01
1.671006944444444287e+01
1.475694444444444464e+01
1.323784722222222321e+01
1.215277777777777857e+01
1.150173611111111072e+01
1.128472222222222321e+01
1.150173611111111249e+01
1.215277777777778034e+01
1.323784722222222321e+01
1.475694444444444642e+01
1.671006944444444997e+01
1.909722222222222143e+01
2.191840277777777857e+01
2.517361111111111427e+01
2.886284722222222143e+01
3.298611111111112137e+01
3.754340277777778567e+01
4.253472222222222143e+01
4.448784722222222854e+01
3.949652777777777857e+01
3.493923611111111427e+01
3.081597222222222499e+01
2.712673611111111072e+01
2.387152777777777857e+01
2.105034722222222499e+01
1.866319444444444642e+01
1.671006944444444642e+01
1.519097222222222499e+01
1.410590277777778034e+01
1.345486111111111427e+01
1.323784722222222499e+01
1.345486111111111427e+01
1.410590277777778212e+01
1.519097222222222499e+01
1.671006944444444997e+01
1.866319444444444997e+01
2.105034722222222499e+01
2.387152777777778212e+01
2.712673611111111782e+01
3.081597222222222499e+01
3.493923611111112848e+01
3.949652777777778567e+01
4.448784722222222854e+01
4.687500000000000000e+01
4.188368055555555713e+01
3.732638888888889284e+01
3.320312500000000000e+01
2.951388888888888573e+01
2.625868055555555358e+01
2.343750000000000000e+01
2.105034722222222143e+01
1.909722222222222143e+01
1.757812500000000000e+01
1.649305555555555713e+01
1.584201388888888751e+01
1.562500000000000000e+01
1.584201388888888928e+01
1.649305555555555713e+01
1.757812500000000000e+01
1.909722222222222143e+01
2.105034722222222499e+01
2.343750000000000000e+01
2.625868055555555713e+01
2.951388888888889284e+01
3.320312500000000000e+01
3.732638888888889994e+01
4.188368055555556424e+01
4.687500000000000000e+01
4.969618055555555713e+01
4.470486111111111427e+01
4.014756944444444997e+01
3.602430555555555713e+01
3.233506944444444287e+01
2.907986111111111072e+01
2.625868055555555713e+01
2.387152777777777857e+01
2.191840277777777857e+01
2.039930555555555713e+01
1.931423611111111427e+01
1.866319444444444287e+01
1.844618055555555713e+01
1.866319444444444642e+01
1.931423611111111427e+01
2.039930555555555713e+01
2.191840277777777857e+01
2.387152777777778212e+01
2.625868055555555713e+01
2.907986111111111427e+01
3.233506944444444997e+01
3.602430555555555713e+01
4.014756944444445708e+01
4.470486111111112137e+01
4.969618055555555713e+01
5.295138888888889284e+01
4.796006944444444287e+01
4.340277777777778567e+01
3.927951388888889284e+01
3.559027777777777857e+01
3.233506944444444287e+01
2.951388888888889284e+01
2.712673611111111427e+01
2.517361111111111427e+01
2.365451388888889284e+01
2.256944444444444997e+01
2.191840277777777857e+01
2.170138888888889284e+01
2.191840277777778212e+01
2.256944444444444997e+01
2.365451388888889284e+01
2.517361111111111427e+01
2.712673611111111782e+01
2.951388888888889284e+01
3.233506944444444997e+01
3.559027777777778567e+01
3.927951388888889284e+01
4.340277777777779278e+01
4.796006944444445708e+01
5.295138888888889284e+01
5.664062500000000000e+01
5.164930555555555713e+01
4.709201388888889284e+01
4.296875000000000000e+01
3.927951388888888573e+01
3.602430555555555713e+01
3.320312500000000000e+01
3.081597222222222143e+01
2.886284722222222143e+01
2.734375000000000000e+01
2.625868055555555358e+01
2.560763888888888928e+01
2.539062500000000000e+01
2.560763888888888928e+01
2.625868055555555713e+01
2.734375000000000000e+01
2.886284722222222143e+01
3.081597222222222499e+01
3.320312500000000000e+01
3.602430555555555713e+01
3.927951388888889284e+01
4.296875000000000000e+01
4.709201388888889994e+01
5.164930555555556424e+01
5.664062500000000000e+01
6.076388888888889994e+01
5.577256944444445708e+01
5.121527777777779278e+01
4.709201388888889994e+01
4.340277777777778567e+01
4.014756944444445708e+01
3.732638888888889994e+01
3.493923611111112137e+01
3.298611111111112137e+01
3.146701388888889994e+01
3.038194444444445352e+01
2.973090277777778923e+01
2.951388888888889994e+01
2.973090277777778923e+01
3.038194444444445708e+01
3.146701388888889994e+01
3.298611111111112137e+01
3.493923611111112848e+01
3.732638888888889994e+01
4.014756944444445708e+01
4.340277777777779278e+01
4.709201388888889994e+01
5.121527777777779988e+01
5.577256944444446418e+01
6.076388888888889994e+01
6.532118055555557135e+01
6.032986111111111427e+01
5.577256944444445708e+01
5.164930555555556424e+01
4.796006944444444997e+01
4.470486111111111427e+01
4.188368055555556424e+01
3.949652777777778567e+01
3.754340277777778567e+01
3.602430555555556424e+01
3.493923611111111427e+01
3.428819444444445708e+01
3.407118055555556424e+01
3.428819444444445708e+01
3.493923611111112137e+01
3.602430555555556424e+01
3.754340277777778567e+01
3.949652777777778567e+01
4.188368055555556424e+01
4.470486111111112137e+01
4.796006944444445708e+01
5.164930555555556424e+01
5.577256944444446418e+01
6.032986111111112848e+01
6.532118055555557135e+01
7.031250000000000000e+01
6.532118055555555713e+01
6.076388888888889284e+01
5.664062500000000000e+01
5.295138888888888573e+01
4.969618055555555713e+01
4.687500000000000000e+01
4.448784722222222143e+01
4.253472222222222143e+01
4.101562500000000000e+01
3.993055555555555713e+01
3.927951388888888573e+01
3.906250000000000000e+01
3.927951388888888573e+01
3.993055555555555713e+01
4.101562500000000000e+01
4.253472222222222143e+01
4.448784722222222854e+01
4.687500000000000000e+01
4.969618055555555713e+01
5.295138888888889284e+01
5.664062500000000000e+01
6.076388888888889994e+01
6.532118055555557135e+01
7.031250000000000000e+01
6.792534722222222854e+01
6.293402777777777857e+01
5.837673611111111427e+01
5.425347222222222143e+01
5.056423611111110716e+01
4.730902777777777857e+01
4.448784722222222143e+01
4.210069444444444287e+01
4.014756944444444287e+01
3.862847222222222143e+01
3.754340277777777857e+01
3.689236111111111427e+01
3.667534722222222143e+01
3.689236111111111427e+01
3.754340277777777857e+01
3.862847222222222143e+01
4.014756944444444287e+01
4.210069444444444997e+01
4.448784722222222143e+01
4.730902777777777857e+01
5.056423611111111427e+01
5.425347222222222143e+01
5.837673611111112137e+01
6.293402777777778567e+01
6.792534722222222854e+01
6.293402777777777857e+01
5.794270833333332860e+01
5.338541666666666430e+01
4.926215277777777857e+01
4.557291666666666430e+01
4.231770833333332860e+01
3.949652777777777857e+01
3.710937500000000000e+01
3.515625000000000000e+01
3.363715277777777146e+01
3.255208333333332860e+01
3.190104166666666430e+01
3.168402777777777501e+01
3.190104166666666430e+01
3.255208333333332860e+01
3.363715277777777146e+01
3.515625000000000000e+01
3.710937500000000000e+01
3.949652777777777857e+01
4.231770833333333570e+01
4.557291666666666430e+01
4.926215277777777857e+01
5.338541666666667851e+01
5.794270833333333570e+01
6.293402777777777857e+01
5.837673611111111427e+01
5.338541666666666430e+01
4.882812500000000711e+01
4.470486111111111427e+01
4.101562500000000000e+01
3.776041666666666430e+01
3.493923611111111427e+01
3.255208333333333570e+01
3.059895833333333570e+01
2.907986111111111427e+01
2.799479166666666785e+01
2.734375000000000355e+01
2.712673611111111427e+01
2.734375000000000355e+01
2.799479166666667140e+01
2.907986111111111427e+01
3.059895833333333570e+01
3.255208333333334281e+01
3.493923611111111427e+01
3.776041666666667140e+01
4.101562500000000711e+01
4.470486111111111427e+01
4.882812500000001421e+01
5.338541666666667851e+01
5.837673611111111427e+01
5.425347222222222143e+01
4.926215277777777857e+01
4.470486111111111427e+01
4.058159722222222143e+01
3.689236111111110716e+01
3.363715277777777146e+01
3.081597222222222143e+01
2.842881944444444287e+01
2.647569444444444287e+01
2.495659722222222143e+01
2.387152777777777501e+01
2.322048611111111072e+01
2.300347222222222143e+01
2.322048611111111072e+01
2.387152777777777857e+01
2.495659722222222143e+01
2.647569444444444287e+01
2.842881944444444642e+01
3.081597222222222143e+01
3.363715277777777857e+01
3.689236111111111427e+01
4.058159722222222143e+01
4.470486111111112137e+01
4.926215277777778567e+01
5.425347222222222143e+01
5.056423611111110716e+01
4.557291666666666430e+01
4.101562500000000000e+01
3.689236111111110716e+01
3.320312499999999289e+01
2.994791666666666075e+01
2.712673611111110716e+01
2.473958333333332860e+01
2.278645833333332860e+01
2.126736111111110716e+01
2.018229166666666430e+01
1.953124999999999289e+01
1.931423611111110716e+01
1.953124999999999645e+01
2.018229166666666430e+01
2.126736111111110716e+01
2.278645833333332860e+01
2.473958333333333215e+01
2.712673611111110716e+01
2.994791666666666430e+01
3.320312500000000000e+01
3.689236111111110716e+01
4.101562500000000711e+01
4.557291666666667140e+01
5.056423611111110716e+01
4.730902777777777857e+01
4.231770833333332860e+01
3.776041666666666430e+01
3.363715277777777146e+01
2.994791666666666075e+01
2.669270833333332860e+01
2.387152777777777501e+01
2.148437499999999645e+01
1.953124999999999645e+01
1.801215277777777501e+01
1.692708333333332860e+01
1.627604166666666430e+01
1.605902777777777501e+01
1.627604166666666430e+01
1.692708333333333215e+01
1.801215277777777501e+01
1.953125000000000000e+01
2.148437500000000000e+01
2.387152777777777501e+01
2.669270833333333215e+01
2.994791666666666785e+01
3.363715277777777146e+01
3.776041666666667851e+01
4.231770833333333570e+01
4.730902777777777857e+01
4.448784722222222143e+01
3.949652777777777857e+01
3.493923611111111427e+01
3.081597222222222143e+01
2.712673611111110716e+01
2.387152777777777501e+01
2.105034722222222143e+01
1.866319444444444287e+01
1.671006944444444287e+01
1.519097222222222143e+01
1.410590277777777679e+01
1.345486111111110894e+01
1.323784722222222143e+01
1.345486111111111072e+01
1.410590277777777857e+01
1.519097222222222143e+01
1.671006944444444287e+01
1.866319444444444642e+01
2.105034722222222143e+01
2.387152777777777857e+01
2.712673611111111427e+01
3.081597222222222143e+01
3.493923611111112137e+01
3.949652777777778567e+01
4.448784722222222143e+01
4.210069444444444287e+01
3.710937500000000000e+01
3.255208333333333570e+01
2.842881944444444287e+01
2.473958333333332860e+01
2.148437499999999645e+01
1.866319444444444287e+01
1.627604166666666430e+01
1.432291666666666430e+01
1.280381944444444287e+01
1.171874999999999822e+01
1.106770833333333215e+01
1.085069444444444287e+01
1.106770833333333215e+01
1.171875000000000000e+01
1.280381944444444287e+01
1.432291666666666607e+01
1.627604166666666785e+01
1.866319444444444287e+01
2.148437500000000000e+01
2.473958333333333570e+01
2.842881944444444287e+01
3.255208333333334281e+01
3.710937500000000711e+01
4.210069444444444287e+01
4.014756944444444287e+01
3.515625000000000000e+01
3.059895833333333570e+01
2.647569444444444287e+01
2.278645833333332860e+01
1.953124999999999645e+01
1.671006944444444287e+01
1.432291666666666430e+01
1.236979166666666430e+01
1.085069444444444287e+01
9.765624999999998224e+00
9.114583333333332149e+00
8.897569444444442865e+00
9.114583333333332149e+00
9.765625000000000000e+00
1.085069444444444287e+01
1.236979166666666607e+01
1.432291666666666785e+01
1.671006944444444287e+01
1.953125000000000000e+01
2.278645833333333570e+01
2.647569444444444287e+01
3.059895833333334281e+01
3.515625000000000711e+01
4.014756944444444287e+01
3.862847222222222143e+01
3.363715277777777146e+01
2.907986111111111427e+01
2.495659722222222143e+01
2.126736111111110716e+01
1.801215277777777501e+01
1.519097222222222143e+01
1.280381944444444287e+01
1.085069444444444287e+01
9.331597222222221433e+00
8.246527777777776791e+00
7.595486111111109828e+00
7.378472222222221433e+00
7.595486111111110716e+00
8.246527777777778567e+00
9.331597222222221433e+00
1.085069444444444464e+01
1.280381944444444642e+01
1.519097222222222143e+01
1.801215277777777857e+01
2.126736111111111427e+01
2.495659722222222143e+01
2.907986111111112137e+01
3.363715277777778567e+01
3.862847222222222143e+01
3.754340277777777857e+01
3.255208333333332860e+01
2.799479166666666785e+01
2.387152777777777501e+01
2.018229166666666430e+01
1.692708333333332860e+01
1.410590277777777679e+01
1.171874999999999822e+01
9.765624999999998224e+00
8.246527777777776791e+00
7.161458333333331261e+00
6.510416666666664298e+00
6.293402777777776791e+00
6.510416666666666075e+00
7.161458333333333037e+00
8.246527777777776791e+00
9.765625000000000000e+00
1.171875000000000178e+01
1.410590277777777679e+01
1.692708333333333570e+01
2.018229166666667140e+01
2.387152777777777501e+01
2.799479166666667496e+01
3.255208333333334281e+01
3.754340277777777857e+01
3.689236111111111427e+01
3.190104166666666430e+01
2.734375000000000355e+01
2.322048611111111072e+01
1.953124999999999289e+01
1.627604166666666430e+01
1.345486111111110894e+01
1.106770833333333215e+01
9.114583333333332149e+00
7.595486111111109828e+00
6.510416666666664298e+00
5.859374999999998224e+00
5.642361111111109828e+00
5.859374999999999112e+00
6.510416666666666075e+00
7.595486111111109828e+00
9.114583333333332149e+00
1.106770833333333570e+01
1.345486111111110894e+01
1.627604166666666430e+01
1.953125000000000000e+01
2.322048611111111072e+01
2.734375000000001066e+01
3.190104166666667496e+01
3.689236111111111427e+01
3.667534722222222143e+01
3.168402777777777501e+01
2.712673611111111427e+01
2.300347222222222143e+01
1.931423611111110716e+01
1.605902777777777501e+01
1.323784722222222143e+01
1.085069444444444287e+01
8.897569444444442865e+00
7.378472222222221433e+00
6.293402777777776791e+00
5.642361111111109828e+00
5.425347222222221433e+00
5.642361111111110716e+00
6.293402777777778567e+00
7.378472222222221433e+00
8.897569444444444642e+00
1.085069444444444642e+01
1.323784722222222143e+01
1.605902777777777857e+01
1.931423611111111427e+01
2.300347222222222143e+01
2.712673611111112137e+01
3.168402777777778567e+01
3.667534722222222143e+01
3.689236111111111427e+01
3.190104166666666430e+01
2.734375000000000355e+01
2.322048611111111072e+01
1.953124999999999645e+01
1.627604166666666430e+01
1.345486111111111072e+01
1.106770833333333215e+01
9.114583333333332149e+00
7.595486111111110716e+00
6.510416666666666075e+00
5.859374999999999112e+00
5.642361111111110716e+00
5.859375000000000000e+00
6.510416666666667851e+00
7.595486111111110716e+00
9.114583333333333925e+00
1.106770833333333570e+01
1.345486111111111072e+01
1.627604166666666785e+01
1.953125000000000355e+01
2.322048611111111072e+01
2.734375000000001066e+01
3.190104166666667496e+01
3.689236111111111427e+01
3.754340277777777857e+01
3.255208333333332860e+01
2.799479166666667140e+01
2.387152777777777857e+01
2.018229166666666430e+01
1.692708333333333215e+01
1.410590277777777857e+01
1.171875000000000000e+01
9.765625000000000000e+00
8.246527777777778567e+00
7.161458333333333037e+00
6.510416666666666075e+00
6.293402777777778567e+00
6.510416666666667851e+00
7.161458333333334814e+00
8.246527777777778567e+00
9.765625000000001776e+00
1.171875000000000355e+01
1.410590277777777857e+01
1.692708333333333570e+01
2.018229166666667140e+01
2.387152777777777857e+01
2.799479166666667851e+01
3.255208333333334281e+01
3.754340277777777857e+01
3.862847222222222143e+01
3.363715277777777146e+01
2.907986111111111427e+01
2.495659722222222143e+01
2.126736111111110716e+01
1.801215277777777501e+01
1.519097222222222143e+01
1.280381944444444287e+01
1.085069444444444287e+01
9.331597222222221433e+00
8.246527777777776791e+00
7.595486111111109828e+00
7.378472222222221433e+00
7.595486111111110716e+00
8.246527777777778567e+00
9.331597222222221433e+00
1.085069444444444464e+01
1.280381944444444642e+01
1.519097222222222143e+01
1.801215277777777857e+01
2.126736111111111427e+01
2.495659722222222143e+01
2.907986111111112137e+01
3.363715277777778567e+01
3.862847222222222143e+01
4.014756944444444287e+01
3.515625000000000000e+01
3.059895833333333570e+01
2.647569444444444287e+01
2.278645833333332860e+01
1.953125000000000000e+01
1.671006944444444287e+01
1.432291666666666607e+01
1.236979166666666607e+01
1.085069444444444464e+01
9.765625000000000000e+00
9.114583333333332149e+00
8.897569444444444642e+00
9.114583333333333925e+00
9.765625000000001776e+00
1.085069444444444464e+01
1.236979166666666785e+01
1.432291666666666963e+01
1.671006944444444287e+01
1.953125000000000000e+01
2.278645833333333570e+01
2.647569444444444287e+01
3.059895833333334281e+01
3.515625000000000711e+01
4.014756944444444287e+01
4.210069444444444997e+01
3.710937500000000000e+01
3.255208333333334281e+01
2.842881944444444642e+01
2.473958333333333215e+01
2.148437500000000000e+01
1.866319444444444642e+01
1.627604166666666785e+01
1.432291666666666785e+01
1.280381944444444642e+01
1.171875000000000178e+01
1.106770833333333570e+01
1.085069444444444642e+01
1.106770833333333570e+01
1.171875000000000355e+01
1.280381944444444642e+01
1.432291666666666963e+01
1.627604166666667140e+01
1.866319444444444642e+01
2.148437500000000355e+01
2.473958333333333925e+01
2.842881944444444642e+01
3.255208333333334281e+01
3.710937500000001421e+01
4.210069444444444997e+01
4.448784722222222143e+01
3.949652777777777857e+01
3.493923611111111427e+01
3.081597222222222143e+01
2.712673611111110716e+01
2.387152777777777501e+01
2.105034722222222143e+01
1.866319444444444287e+01
1.671006944444444287e+01
1.519097222222222143e+01
1.410590277777777679e+01
1.345486111111110894e+01
1.323784722222222143e+01
1.345486111111111072e+01
1.410590277777777857e+01
1.519097222222222143e+01
1.671006944444444287e+01
1.866319444444444642e+01
2.105034722222222143e+01
2.387152777777777857e+01
2.712673611111111427e+01
3.081597222222222143e+01
3.493923611111112137e+01
3.949652777777778567e+01
4.448784722222222143e+01
4.730902777777777857e+01
4.231770833333333570e+01
3.776041666666667140e+01
3.363715277777777857e+01
2.994791666666666430e+01
2.669270833333333215e+01
2.387152777777777857e+01
2.148437500000000000e+01
1.953125000000000000e+01
1.801215277777777857e+01
1.692708333333333570e+01
1.627604166666666430e+01
1.605902777777777857e+01
1.627604166666666785e+01
1.692708333333333570e+01
1.801215277777777857e+01
1.953125000000000000e+01
2.148437500000000355e+01
2.387152777777777857e+01
2.669270833333333570e+01
2.994791666666667140e+01
3.363715277777777857e+01
3.776041666666667851e+01
4.231770833333334281e+01
4.730902777777777857e+01
5.056423611111111427e+01
4.557291666666666430e+01
4.101562500000000711e+01
3.689236111111111427e+01
3.320312500000000000e+01
2.994791666666666785e+01
2.712673611111111427e+01
2.473958333333333570e+01
2.278645833333333570e+01
2.126736111111111427e+01
2.018229166666667140e+01
1.953125000000000000e+01
1.931423611111111427e+01
1.953125000000000355e+01
2.018229166666667140e+01
2.126736111111111427e+01
2.278645833333333570e+01
2.473958333333333925e+01
2.712673611111111427e+01
2.994791666666667140e+01
3.320312500000000711e+01
3.689236111111111427e+01
4.101562500000001421e+01
4.557291666666667851e+01
5.056423611111111427e+01
5.425347222222222143e+01
4.926215277777777857e+01
4.470486111111111427e+01
4.058159722222222143e+01
3.689236111111110716e+01
3.363715277777777146e+01
3.081597222222222143e+01
2.842881944444444287e+01
2.647569444444444287e+01
2.495659722222222143e+01
2.387152777777777501e+01
2.322048611111111072e+01
2.300347222222222143e+01
2.322048611111111072e+01
2.387152777777777857e+01
2.495659722222222143e+01
2.647569444444444287e+01
2.842881944444444642e+01
3.081597222222222143e+01
3.363715277777777857e+01
3.689236111111111427e+01
4.058159722222222143e+01
4.470486111111112137e+01
4.926215277777778567e+01
5.425347222222222143e+01
5.837673611111112137e+01
5.338541666666667851e+01
4.882812500000001421e+01
4.470486111111112137e+01
4.101562500000000711e+01
3.776041666666667851e+01
3.493923611111112137e+01
3.255208333333334281e+01
3.059895833333334281e+01
2.907986111111112137e+01
2.799479166666667496e+01
2.734375000000001066e+01
2.712673611111112137e+01
2.734375000000001066e+01
2.799479166666667851e+01
2.907986111111112137e+01
3.059895833333334281e+01
3.255208333333334281e+01
3.493923611111112137e+01
3.776041666666667851e+01
4.101562500000001421e+01
4.470486111111112137e+01
4.882812500000002132e+01
5.338541666666668561e+01
5.837673611111112137e+01
6.293402777777778567e+01
5.794270833333333570e+01
5.338541666666667851e+01
4.926215277777778567e+01
4.557291666666667140e+01
4.231770833333333570e+01
3.949652777777778567e+01
3.710937500000000711e+01
3.515625000000000711e+01
3.363715277777778567e+01
3.255208333333334281e+01
3.190104166666667496e+01
3.168402777777778567e+01
3.190104166666667496e+01
3.255208333333334281e+01
3.363715277777778567e+01
3.515625000000000711e+01
3.710937500000001421e+01
3.949652777777778567e+01
4.231770833333334281e+01
4.557291666666667851e+01
4.926215277777778567e+01
5.338541666666668561e+01
5.794270833333334991e+01
6.293402777777778567e+01
6.792534722222222854e+01
6.293402777777777857e+01
5.837673611111111427e+01
5.425347222222222143e+01
5.056423611111110716e+01
4.730902777777777857e+01
4.448784722222222143e+01
4.210069444444444287e+01
4.014756944444444287e+01
3.862847222222222143e+01
3.754340277777777857e+01
3.689236111111111427e+01
3.667534722222222143e+01
3.689236111111111427e+01
3.754340277777777857e+01
3.862847222222222143e+01
4.014756944444444287e+01
4.210069444444444997e+01
4.448784722222222143e+01
4.730902777777777857e+01
5.056423611111111427e+01
5.425347222222222143e+01
5.837673611111112137e+01
6.293402777777778567e+01
6.792534722222222854e+01
6.597222222222222854e+01
6.098090277777777857e+01
5.642361111111111427e+01
5.230034722222222143e+01
4.861111111111110716e+01
4.535590277777777857e+01
4.253472222222222143e+01
4.014756944444444287e+01
3.819444444444444287e+01
3.667534722222222143e+01
3.559027777777777857e+01
3.493923611111111427e+01
3.472222222222222143e+01
3.493923611111111427e+01
3.559027777777777857e+01
3.667534722222222143e+01
3.819444444444444287e+01
4.014756944444444997e+01
4.253472222222222143e+01
4.535590277777777857e+01
4.861111111111111427e+01
5.230034722222222143e+01
5.642361111111112137e+01
6.098090277777778567e+01
6.597222222222222854e+01
6.098090277777777857e+01
5.598958333333332860e+01
5.143229166666666430e+01
4.730902777777777857e+01
4.361979166666666430e+01
4.036458333333332860e+01
3.754340277777777857e+01
3.515625000000000000e+01
3.320312500000000000e+01
3.168402777777777501e+01
3.059895833333332860e+01
2.994791666666666430e+01
2.973090277777777501e+01
2.994791666666666430e+01
3.059895833333333215e+01
3.168402777777777501e+01
3.320312500000000000e+01
3.515625000000000000e+01
3.754340277777777857e+01
4.036458333333333570e+01
4.361979166666666430e+01
4.730902777777777857e+01
5.143229166666667851e+01
5.598958333333333570e+01
6.098090277777777857e+01
5.642361111111111427e+01
5.143229166666666430e+01
4.687500000000000711e+01
4.275173611111111427e+01
3.906250000000000000e+01
3.580729166666666430e+01
3.298611111111111427e+01
3.059895833333333570e+01
2.864583333333333570e+01
2.712673611111111427e+01
2.604166666666666785e+01
2.539062500000000355e+01
2.517361111111111427e+01
2.539062500000000355e+01
2.604166666666667140e+01
2.712673611111111427e+01
2.864583333333333570e+01
3.059895833333333925e+01
3.298611111111111427e+01
3.580729166666667140e+01
3.906250000000000711e+01
4.275173611111111427e+01
4.687500000000001421e+01
5.143229166666667851e+01
5.642361111111111427e+01
5.230034722222222143e+01
4.730902777777777857e+01
4.275173611111111427e+01
3.862847222222222143e+01
3.493923611111110716e+01
3.168402777777777501e+01
2.886284722222222143e+01
2.647569444444444287e+01
2.452256944444444287e+01
2.300347222222222143e+01
2.191840277777777501e+01
2.126736111111111072e+01
2.105034722222222143e+01
2.126736111111111072e+01
2.191840277777777857e+01
2.300347222222222143e+01
2.452256944444444287e+01
2.647569444444444642e+01
2.886284722222222143e+01
3.168402777777777857e+01
3.493923611111111427e+01
3.862847222222222143e+01
4.275173611111112137e+01
4.730902777777778567e+01
5.230034722222222143e+01
4.861111111111110716e+01
4.361979166666666430e+01
3.906250000000000000e+01
3.493923611111110716e+01
3.124999999999999289e+01
2.799479166666666075e+01
2.517361111111110716e+01
2.278645833333332860e+01
2.083333333333332860e+01
1.931423611111110716e+01
1.822916666666666430e+01
1.757812499999999289e+01
1.736111111111110716e+01
1.757812499999999645e+01
1.822916666666666430e+01
1.931423611111110716e+01
2.083333333333332860e+01
2.278645833333333215e+01
2.517361111111110716e+01
2.799479166666666430e+01
3.125000000000000000e+01
3.493923611111110716e+01
3.906250000000000711e+01
4.361979166666667140e+01
4.861111111111110716e+01
4.535590277777777857e+01
4.036458333333332860e+01
3.580729166666666430e+01
3.168402777777777501e+01
2.799479166666666075e+01
2.473958333333332860e+01
2.191840277777777501e+01
1.953124999999999645e+01
1.757812499999999645e+01
1.605902777777777501e+01
1.497395833333333037e+01
1.432291666666666252e+01
1.410590277777777501e+01
1.432291666666666430e+01
1.497395833333333215e+01
1.605902777777777501e+01
1.757812500000000000e+01
1.953125000000000000e+01
2.191840277777777501e+01
2.473958333333333215e+01
2.799479166666666785e+01
3.168402777777777501e+01
3.580729166666667851e+01
4.036458333333333570e+01
4.535590277777777857e+01
4.253472222222222143e+01
3.754340277777777857e+01
3.298611111111111427e+01
2.886284722222222143e+01
2.517361111111110716e+01
2.191840277777777501e+01
1.909722222222222143e+01
1.671006944444444287e+01
1.475694444444444287e+01
1.323784722222222143e+01
1.215277777777777679e+01
1.150173611111110894e+01
1.128472222222222143e+01
1.150173611111111072e+01
1.215277777777777857e+01
1.323784722222222143e+01
1.475694444444444464e+01
1.671006944444444642e+01
1.909722222222222143e+01
2.191840277777777857e+01
2.517361111111111427e+01
2.886284722222222143e+01
3.298611111111112137e+01
3.754340277777778567e+01
4.253472222222222143e+01
4.014756944444444287e+01
3.515625000000000000e+01
3.059895833333333570e+01
2.647569444444444287e+01
2.278645833333332860e+01
1.953124999999999645e+01
1.671006944444444287e+01
1.432291666666666430e+01
1.236979166666666430e+01
1.085069444444444287e+01
9.765624999999998224e+00
9.114583333333332149e+00
8.897569444444442865e+00
9.114583333333332149e+00
9.765625000000000000e+00
1.085069444444444287e+01
1.236979166666666607e+01
1.432291666666666785e+01
1.671006944444444287e+01
1.953125000000000000e+01
2.278645833333333570e+01
2.647569444444444287e+01
3.059895833333334281e+01
3.515625000000000711e+01
4.014756944444444287e+01
3.819444444444444287e+01
3.320312500000000000e+01
2.864583333333333570e+01
2.452256944444444287e+01
2.083333333333332860e+01
1.757812499999999645e+01
1.475694444444444287e+01
1.236979166666666430e+01
1.041666666666666430e+01
8.897569444444442865e+00
7.812499999999998224e+00
7.161458333333331261e+00
6.944444444444442865e+00
7.161458333333332149e+00
7.812500000000000000e+00
8.897569444444442865e+00
1.041666666666666607e+01
1.236979166666666785e+01
1.475694444444444287e+01
1.757812500000000000e+01
2.083333333333333570e+01
2.452256944444444287e+01
2.864583333333334281e+01
3.320312500000000711e+01
3.819444444444444287e+01
3.667534722222222143e+01
3.168402777777777501e+01
2.712673611111111427e+01
2.300347222222222143e+01
1.931423611111110716e+01
1.605902777777777501e+01
1.323784722222222143e+01
1.085069444444444287e+01
8.897569444444442865e+00
7.378472222222221433e+00
6.293402777777776791e+00
5.642361111111109828e+00
5.425347222222221433e+00
5.642361111111110716e+00
6.293402777777778567e+00
7.378472222222221433e+00
8.897569444444444642e+00
1.085069444444444642e+01
1.323784722222222143e+01
1.605902777777777857e+01
1.931423611111111427e+01
2.300347222222222143e+01
2.712673611111112137e+01
3.168402777777778567e+01
3.667534722222222143e+01
3.559027777777777857e+01
3.059895833333332860e+01
2.604166666666666785e+01
2.191840277777777501e+01
1.822916666666666430e+01
1.497395833333333037e+01
1.215277777777777679e+01
9.765624999999998224e+00
7.812499999999998224e+00
6.293402777777776791e+00
5.208333333333331261e+00
4.557291666666664298e+00
4.340277777777776791e+00
4.557291666666666075e+00
5.208333333333333037e+00
6.293402777777776791e+00
7.812500000000000000e+00
9.765625000000001776e+00
1.215277777777777679e+01
1.497395833333333393e+01
1.822916666666667140e+01
2.191840277777777501e+01
2.604166666666667496e+01
3.059895833333333925e+01
3.559027777777777857e+01
3.493923611111111427e+01
2.994791666666666430e+01
2.539062500000000355e+01
2.126736111111111072e+01
1.757812499999999289e+01
1.432291666666666252e+01
1.150173611111110894e+01
9.114583333333332149e+00
7.161458333333331261e+00
5.642361111111109828e+00
4.557291666666664298e+00
3.906249999999997780e+00
3.689236111111109828e+00
3.906249999999999112e+00
4.557291666666666075e+00
5.642361111111109828e+00
7.161458333333333037e+00
9.114583333333335702e+00
1.150173611111110894e+01
1.432291666666666607e+01
1.757812500000000000e+01
2.126736111111111072e+01
2.539062500000001066e+01
2.994791666666667496e+01
3.493923611111111427e+01
3.472222222222222143e+01
2.973090277777777501e+01
2.517361111111111427e+01
2.105034722222222143e+01
1.736111111111110716e+01
1.410590277777777501e+01
1.128472222222222143e+01
8.897569444444442865e+00
6.944444444444442865e+00
5.425347222222221433e+00
4.340277777777776791e+00
3.689236111111109828e+00
3.472222222222221433e+00
3.689236111111110716e+00
4.340277777777778567e+00
5.425347222222221433e+00
6.944444444444444642e+00
8.897569444444446418e+00
1.128472222222222143e+01
1.410590277777777857e+01
1.736111111111111427e+01
2.105034722222222143e+01
2.517361111111112137e+01
2.973090277777778567e+01
3.472222222222222143e+01
3.493923611111111427e+01
2.994791666666666430e+01
2.539062500000000355e+01
2.126736111111111072e+01
1.757812499999999645e+01
1.432291666666666430e+01
1.150173611111111072e+01
9.114583333333332149e+00
7.161458333333332149e+00
5.642361111111110716e+00
4.557291666666666075e+00
3.906249999999999112e+00
3.689236111111110716e+00
3.906250000000000000e+00
4.557291666666667851e+00
5.642361111111110716e+00
7.161458333333333925e+00
9.114583333333335702e+00
1.150173611111111072e+01
1.432291666666666785e+01
1.757812500000000355e+01
2.126736111111111072e+01
2.539062500000001066e+01
2.994791666666667496e+01
3.493923611111111427e+01
3.559027777777777857e+01
3.059895833333333215e+01
2.604166666666667140e+01
2.191840277777777857e+01
1.822916666666666430e+01
1.497395833333333215e+01
1.215277777777777857e+01
9.765625000000000000e+00
7.812500000000000000e+00
6.293402777777778567e+00
5.208333333333333037e+00
4.557291666666666075e+00
4.340277777777778567e+00
4.557291666666667851e+00
5.208333333333334814e+00
6.293402777777778567e+00
7.812500000000001776e+00
9.765625000000003553e+00
1.215277777777777857e+01
1.497395833333333570e+01
1.822916666666667140e+01
2.191840277777777857e+01
2.604166666666667851e+01
3.059895833333334281e+01
3.559027777777777857e+01
3.667534722222222143e+01
3.168402777777777501e+01
2.712673611111111427e+01
2.300347222222222143e+01
1.931423611111110716e+01
1.605902777777777501e+01
1.323784722222222143e+01
1.085069444444444287e+01
8.897569444444442865e+00
7.378472222222221433e+00
6.293402777777776791e+00
5.642361111111109828e+00
5.425347222222221433e+00
5.642361111111110716e+00
6.293402777777778567e+00
7.378472222222221433e+00
8.897569444444444642e+00
1.085069444444444642e+01
1.323784722222222143e+01
1.605902777777777857e+01
1.931423611111111427e+01
2.300347222222222143e+01
2.712673611111112137e+01
3.168402777777778567e+01
3.667534722222222143e+01
3.819444444444444287e+01
3.320312500000000000e+01
2.864583333333333570e+01
2.452256944444444287e+01
2.083333333333332860e+01
1.757812500000000000e+01
1.475694444444444464e+01
1.236979166666666607e+01
1.041666666666666607e+01
8.897569444444444642e+00
7.812500000000000000e+00
7.161458333333333037e+00
6.944444444444444642e+00
7.161458333333333925e+00
7.812500000000001776e+00
8.897569444444444642e+00
1.041666666666666785e+01
1.236979166666666963e+01
1.475694444444444464e+01
1.757812500000000000e+01
2.083333333333333570e+01
2.452256944444444287e+01
2.864583333333334281e+01
3.320312500000000711e+01
3.819444444444444287e+01
4.014756944444444997e+01
3.515625000000000000e+01
3.059895833333333925e+01
2.647569444444444642e+01
2.278645833333333215e+01
1.953125000000000000e+01
1.671006944444444642e+01
1.432291666666666785e+01
1.236979166666666785e+01
1.085069444444444642e+01
9.765625000000001776e+00
9.114583333333335702e+00
8.897569444444446418e+00
9.114583333333335702e+00
9.765625000000003553e+00
1.085069444444444642e+01
1.236979166666666963e+01
1.432291666666667140e+01
1.671006944444444642e+01
1.953125000000000355e+01
2.278645833333333925e+01
2.647569444444444642e+01
3.059895833333334636e+01
3.515625000000001421e+01
4.014756944444444997e+01
4.253472222222222143e+01
3.754340277777777857e+01
3.298611111111111427e+01
2.886284722222222143e+01
2.517361111111110716e+01
2.191840277777777501e+01
1.909722222222222143e+01
1.671006944444444287e+01
1.475694444444444287e+01
1.323784722222222143e+01
1.215277777777777679e+01
1.150173611111110894e+01
1.128472222222222143e+01
1.150173611111111072e+01
1.215277777777777857e+01
1.323784722222222143e+01
1.475694444444444464e+01
1.671006944444444642e+01
1.909722222222222143e+01
2.191840277777777857e+01
2.517361111111111427e+01
2.886284722222222143e+01
3.298611111111112137e+01
3.754340277777778567e+01
4.253472222222222143e+01
4.535590277777777857e+01
4.036458333333333570e+01
3.580729166666667140e+01
3.168402777777777857e+01
2.799479166666666430e+01
2.473958333333333215e+01
2.191840277777777857e+01
1.953125000000000000e+01
1.757812500000000000e+01
1.605902777777777857e+01
1.497395833333333393e+01
1.432291666666666607e+01
1.410590277777777857e+01
1.432291666666666785e+01
1.497395833333333570e+01
1.605902777777777857e+01
1.757812500000000000e+01
1.953125000000000355e+01
2.191840277777777857e+01
2.473958333333333570e+01
2.799479166666667140e+01
3.168402777777777857e+01
3.580729166666667851e+01
4.036458333333334281e+01
4.535590277777777857e+01
4.861111111111111427e+01
4.361979166666666430e+01
3.906250000000000711e+01
3.493923611111111427e+01
3.125000000000000000e+01
2.799479166666666785e+01
2.517361111111111427e+01
2.278645833333333570e+01
2.083333333333333570e+01
1.931423611111111427e+01
1.822916666666667140e+01
1.757812500000000000e+01
1.736111111111111427e+01
1.757812500000000355e+01
1.822916666666667140e+01
1.931423611111111427e+01
2.083333333333333570e+01
2.278645833333333925e+01
2.517361111111111427e+01
2.799479166666667140e+01
3.125000000000000711e+01
3.493923611111111427e+01
3.906250000000001421e+01
4.361979166666667851e+01
4.861111111111111427e+01
5.230034722222222143e+01
4.730902777777777857e+01
4.275173611111111427e+01
3.862847222222222143e+01
3.493923611111110716e+01
3.168402777777777501e+01
2.886284722222222143e+01
2.647569444444444287e+01
2.452256944444444287e+01
2.300347222222222143e+01
2.191840277777777501e+01
2.126736111111111072e+01
2.105034722222222143e+01
2.126736111111111072e+01
2.191840277777777857e+01
2.300347222222222143e+01
2.452256944444444287e+01
2.647569444444444642e+01
2.886284722222222143e+01
3.168402777777777857e+01
3.493923611111111427e+01
3.862847222222222143e+01
4.275173611111112137e+01
4.730902777777778567e+01
5.230034722222222143e+01
5.642361111111112137e+01
5.143229166666667851e+01
4.687500000000001421e+01
4.275173611111112137e+01
3.906250000000000711e+01
3.580729166666667851e+01
3.298611111111112137e+01
3.059895833333334281e+01
2.864583333333334281e+01
2.712673611111112137e+01
2.604166666666667496e+01
2.539062500000001066e+01
2.517361111111112137e+01
2.539062500000001066e+01
2.604166666666667851e+01
2.712673611111112137e+01
2.864583333333334281e+01
3.059895833333334636e+01
3.298611111111112137e+01
3.580729166666667851e+01
3.906250000000001421e+01
4.275173611111112137e+01
4.687500000000002132e+01
5.143229166666668561e+01
5.642361111111112137e+01
6.098090277777778567e+01
5.598958333333333570e+01
5.143229166666667851e+01
4.730902777777778567e+01
4.361979166666667140e+01
4.036458333333333570e+01
3.754340277777778567e+01
3.515625000000000711e+01
3.320312500000000711e+01
3.168402777777778567e+01
3.059895833333333925e+01
2.994791666666667496e+01
2.973090277777778567e+01
2.994791666666667496e+01
3.059895833333334281e+01
3.168402777777778567e+01
3.320312500000000711e+01
3.515625000000001421e+01
3.754340277777778567e+01
4.036458333333334281e+01
4.361979166666667851e+01
4.730902777777778567e+01
5.143229166666668561e+01
5.598958333333334991e+01
6.098090277777778567e+01
6.597222222222222854e+01
6.098090277777777857e+01
5.642361111111111427e+01
5.230034722222222143e+01
4.861111111111110716e+01
4.535590277777777857e+01
4.253472222222222143e+01
4.014756944444444287e+01
3.819444444444444287e+01
3.667534722222222143e+01
3.559027777777777857e+01
3.493923611111111427e+01
3.472222222222222143e+01
3.493923611111111427e+01
3.559027777777777857e+01
3.667534722222222143e+01
3.819444444444444287e+01
4.014756944444444997e+01
4.253472222222222143e+01
4.535590277777777857e+01
4.861111111111111427e+01
5.230034722222222143e+01
5.642361111111112137e+01
6.098090277777778567e+01
6.597222222222222854e+01
6.445312500000000000e+01
5.946180555555555713e+01
5.490451388888889284e+01
5.078125000000000000e+01
4.709201388888888573e+01
4.383680555555555713e+01
4.101562500000000000e+01
3.862847222222222143e+01
3.667534722222222143e+01
3.515625000000000000e+01
3.407118055555555713e+01
3.342013888888888573e+01
3.320312500000000000e+01
3.342013888888888573e+01
3.407118055555555713e+01
3.515625000000000000e+01
3.667534722222222143e+01
3.862847222222222854e+01
4.101562500000000000e+01
4.383680555555555713e+01
4.709201388888889284e+01
5.078125000000000000e+01
5.490451388888889994e+01
5.946180555555556424e+01
6.445312500000000000e+01
5.946180555555555713e+01
5.447048611111110716e+01
4.991319444444444287e+01
4.578993055555555713e+01
4.210069444444444287e+01
3.884548611111110716e+01
3.602430555555555713e+01
3.363715277777777146e+01
3.168402777777777501e+01
3.016493055555555358e+01
2.907986111111110716e+01
2.842881944444444287e+01
2.821180555555555358e+01
2.842881944444444287e+01
2.907986111111111072e+01
3.016493055555555358e+01
3.168402777777777857e+01
3.363715277777777857e+01
3.602430555555555713e+01
3.884548611111111427e+01
4.210069444444444287e+01
4.578993055555555713e+01
4.991319444444445708e+01
5.447048611111111427e+01
5.946180555555555713e+01
5.490451388888889284e+01
4.991319444444444287e+01
4.535590277777778567e+01
4.123263888888889284e+01
3.754340277777777857e+01
3.428819444444444287e+01
3.146701388888889284e+01
2.907986111111111427e+01
2.712673611111111427e+01
2.560763888888889284e+01
2.452256944444444642e+01
2.387152777777778212e+01
2.365451388888889284e+01
2.387152777777778212e+01
2.452256944444444997e+01
2.560763888888889284e+01
2.712673611111111427e+01
2.907986111111111782e+01
3.146701388888889284e+01
3.428819444444444997e+01
3.754340277777778567e+01
4.123263888888889284e+01
4.535590277777779278e+01
4.991319444444445708e+01
5.490451388888889284e+01
5.078125000000000000e+01
4.578993055555555713e+01
4.123263888888889284e+01
3.710937500000000000e+01
3.342013888888888573e+01
3.016493055555555358e+01
2.734375000000000000e+01
2.495659722222222143e+01
2.300347222222222143e+01
2.148437500000000000e+01
2.039930555555555358e+01
1.974826388888888928e+01
1.953125000000000000e+01
1.974826388888888928e+01
2.039930555555555713e+01
2.148437500000000000e+01
2.300347222222222143e+01
2.495659722222222499e+01
2.734375000000000000e+01
3.016493055555555713e+01
3.342013888888889284e+01
3.710937500000000000e+01
4.123263888888889994e+01
4.578993055555556424e+01
5.078125000000000000e+01
4.709201388888888573e+01
4.210069444444444287e+01
3.754340277777777857e+01
3.342013888888888573e+01
2.973090277777777146e+01
2.647569444444443931e+01
2.365451388888888573e+01
2.126736111111110716e+01
1.931423611111110716e+01
1.779513888888888573e+01
1.671006944444444287e+01
1.605902777777777146e+01
1.584201388888888573e+01
1.605902777777777501e+01
1.671006944444444287e+01
1.779513888888888573e+01
1.931423611111110716e+01
2.126736111111111072e+01
2.365451388888888573e+01
2.647569444444444287e+01
2.973090277777777857e+01
3.342013888888888573e+01
3.754340277777778567e+01
4.210069444444444997e+01
4.709201388888888573e+01
4.383680555555555713e+01
3.884548611111110716e+01
3.428819444444444287e+01
3.016493055555555358e+01
2.647569444444443931e+01
2.322048611111110716e+01
2.039930555555555358e+01
1.801215277777777501e+01
1.605902777777777501e+01
1.453993055555555358e+01
1.345486111111110894e+01
1.280381944444444109e+01
1.258680555555555358e+01
1.280381944444444287e+01
1.345486111111111072e+01
1.453993055555555358e+01
1.605902777777777857e+01
1.801215277777777857e+01
2.039930555555555358e+01
2.322048611111111072e+01
2.647569444444444642e+01
3.016493055555555358e+01
3.428819444444445708e+01
3.884548611111111427e+01
4.383680555555555713e+01
4.101562500000000000e+01
3.602430555555555713e+01
3.146701388888889284e+01
2.734375000000000000e+01
2.365451388888888573e+01
2.039930555555555358e+01
1.757812500000000000e+01
1.519097222222222143e+01
1.323784722222222143e+01
1.171875000000000000e+01
1.063368055555555536e+01
9.982638888888887507e+00
9.765625000000000000e+00
9.982638888888889284e+00
1.063368055555555713e+01
1.171875000000000000e+01
1.323784722222222321e+01
1.519097222222222499e+01
1.757812500000000000e+01
2.039930555555555713e+01
2.365451388888889284e+01
2.734375000000000000e+01
3.146701388888889994e+01
3.602430555555556424e+01
4.101562500000000000e+01
3.862847222222222143e+01
3.363715277777777146e+01
2.907986111111111427e+01
2.495659722222222143e+01
2.126736111111110716e+01
1.801215277777777501e+01
1.519097222222222143e+01
1.280381944444444287e+01
1.085069444444444287e+01
9.331597222222221433e+00
8.246527777777776791e+00
7.595486111111109828e+00
7.378472222222221433e+00
7.595486111111110716e+00
8.246527777777778567e+00
9.331597222222221433e+00
1.085069444444444464e+01
1.280381944444444642e+01
1.519097222222222143e+01
1.801215277777777857e+01
2.126736111111111427e+01
2.495659722222222143e+01
2.907986111111112137e+01
3.363715277777778567e+01
3.862847222222222143e+01
3.667534722222222143e+01
3.168402777777777501e+01
2.712673611111111427e+01
2.300347222222222143e+01
1.931423611111110716e+01
1.605902777777777501e+01
1.323784722222222143e+01
1.085069444444444287e+01
8.897569444444442865e+00
7.378472222222221433e+00
6.293402777777776791e+00
5.642361111111109828e+00
5.425347222222221433e+00
5.642361111111110716e+00
6.293402777777778567e+00
7.378472222222221433e+00
8.897569444444444642e+00
1.085069444444444642e+01
1.323784722222222143e+01
1.605902777777777857e+01
1.931423611111111427e+01
2.300347222222222143e+01
2.712673611111112137e+01
3.168402777777778567e+01
3.667534722222222143e+01
3.515625000000000000e+01
3.016493055555555358e+01
2.560763888888889284e+01
2.148437500000000000e+01
1.779513888888888573e+01
1.453993055555555358e+01
1.171875000000000000e+01
9.331597222222221433e+00
7.378472222222221433e+00
5.859375000000000000e+00
4.774305555555555358e+00
4.123263888888888395e+00
3.906250000000000000e+00
4.123263888888889284e+00
4.774305555555557135e+00
5.859375000000000000e+00
7.378472222222223209e+00
9.331597222222224985e+00
1.171875000000000000e+01
1.453993055555555713e+01
1.779513888888889284e+01
2.148437500000000000e+01
2.560763888888889994e+01
3.016493055555556424e+01
3.515625000000000000e+01
3.407118055555555713e+01
2.907986111111110716e+01
2.452256944444444642e+01
2.039930555555555358e+01
1.671006944444444287e+01
1.345486111111110894e+01
1.063368055555555536e+01
8.246527777777776791e+00
6.293402777777776791e+00
4.774305555555555358e+00
3.689236111111109828e+00
3.038194444444442865e+00
2.821180555555554914e+00
3.038194444444444198e+00
3.689236111111111605e+00
4.774305555555555358e+00
6.293402777777778567e+00
8.246527777777780344e+00
1.063368055555555536e+01
1.345486111111111249e+01
1.671006944444444997e+01
2.039930555555555358e+01
2.452256944444445352e+01
2.907986111111111782e+01
3.407118055555555713e+01
3.342013888888888573e+01
2.842881944444444287e+01
2.387152777777778212e+01
1.974826388888888928e+01
1.605902777777777146e+01
1.280381944444444109e+01
9.982638888888887507e+00
7.595486111111109828e+00
5.642361111111109828e+00
4.123263888888888395e+00
3.038194444444442865e+00
2.387152777777776347e+00
2.170138888888888395e+00
2.387152777777777679e+00
3.038194444444445086e+00
4.123263888888888395e+00
5.642361111111111605e+00
7.595486111111113381e+00
9.982638888888887507e+00
1.280381944444444464e+01
1.605902777777777857e+01
1.974826388888888928e+01
2.387152777777778923e+01
2.842881944444445352e+01
3.342013888888888573e+01
3.320312500000000000e+01
2.821180555555555358e+01
2.365451388888889284e+01
1.953125000000000000e+01
1.584201388888888573e+01
1.258680555555555358e+01
9.765625000000000000e+00
7.378472222222221433e+00
5.425347222222221433e+00
3.906250000000000000e+00
2.821180555555554914e+00
2.170138888888888395e+00
1.953125000000000000e+00
2.170138888888889284e+00
2.821180555555556690e+00
3.906250000000000000e+00
5.425347222222223209e+00
7.378472222222224985e+00
9.765625000000000000e+00
1.258680555555555713e+01
1.584201388888889284e+01
1.953125000000000000e+01
2.365451388888889994e+01
2.821180555555556424e+01
3.320312500000000000e+01
3.342013888888888573e+01
2.842881944444444287e+01
2.387152777777778212e+01
1.974826388888888928e+01
1.605902777777777501e+01
1.280381944444444287e+01
9.982638888888889284e+00
7.595486111111110716e+00
5.642361111111110716e+00
4.123263888888889284e+00
3.038194444444444198e+00
2.387152777777777679e+00
2.170138888888889284e+00
2.387152777777778567e+00
3.038194444444445974e+00
4.123263888888889284e+00
5.642361111111112493e+00
7.595486111111114269e+00
9.982638888888889284e+00
1.280381944444444642e+01
1.605902777777778212e+01
1.974826388888888928e+01
2.387152777777778923e+01
2.842881944444445352e+01
3.342013888888888573e+01
3.407118055555555713e+01
2.907986111111111072e+01
2.452256944444444997e+01
2.039930555555555713e+01
1.671006944444444287e+01
1.345486111111111072e+01
1.063368055555555713e+01
8.246527777777778567e+00
6.293402777777778567e+00
4.774305555555557135e+00
3.689236111111111605e+00
3.038194444444445086e+00
2.821180555555556690e+00
3.038194444444445974e+00
3.689236111111113381e+00
4.774305555555557135e+00
6.293402777777780344e+00
8.246527777777782120e+00
1.063368055555555713e+01
1.345486111111111427e+01
1.671006944444444997e+01
2.039930555555555713e+01
2.452256944444445708e+01
2.907986111111112137e+01
3.407118055555555713e+01
3.515625000000000000e+01
3.016493055555555358e+01
2.560763888888889284e+01
2.148437500000000000e+01
1.779513888888888573e+01
1.453993055555555358e+01
1.171875000000000000e+01
9.331597222222221433e+00
7.378472222222221433e+00
5.859375000000000000e+00
4.774305555555555358e+00
4.123263888888888395e+00
3.906250000000000000e+00
4.123263888888889284e+00
4.774305555555557135e+00
5.859375000000000000e+00
7.378472222222223209e+00
9.331597222222224985e+00
1.171875000000000000e+01
1.453993055555555713e+01
1.779513888888889284e+01
2.148437500000000000e+01
2.560763888888889994e+01
3.016493055555556424e+01
3.515625000000000000e+01
3.667534722222222143e+01
3.168402777777777857e+01
2.712673611111111427e+01
2.300347222222222143e+01
1.931423611111110716e+01
1.605902777777777857e+01
1.323784722222222321e+01
1.085069444444444464e+01
8.897569444444444642e+00
7.378472222222223209e+00
6.293402777777778567e+00
5.642361111111111605e+00
5.425347222222223209e+00
5.642361111111112493e+00
6.293402777777780344e+00
7.378472222222223209e+00
8.897569444444446418e+00
1.085069444444444819e+01
1.323784722222222321e+01
1.605902777777777857e+01
1.931423611111111427e+01
2.300347222222222143e+01
2.712673611111112137e+01
3.168402777777778567e+01
3.667534722222222143e+01
3.862847222222222854e+01
3.363715277777777857e+01
2.907986111111111782e+01
2.495659722222222499e+01
2.126736111111111072e+01
1.801215277777777857e+01
1.519097222222222499e+01
1.280381944444444642e+01
1.085069444444444642e+01
9.331597222222224985e+00
8.246527777777780344e+00
7.595486111111113381e+00
7.378472222222224985e+00
7.595486111111114269e+00
8.246527777777782120e+00
9.331597222222224985e+00
1.085069444444444819e+01
1.280381944444444997e+01
1.519097222222222499e+01
1.801215277777778212e+01
2.126736111111111782e+01
2.495659722222222499e+01
2.907986111111112493e+01
3.363715277777778567e+01
3.862847222222222854e+01
4.101562500000000000e+01
3.602430555555555713e+01
3.146701388888889284e+01
2.734375000000000000e+01
2.365451388888888573e+01
2.039930555555555358e+01
1.757812500000000000e+01
1.519097222222222143e+01
1.323784722222222143e+01
1.171875000000000000e+01
1.063368055555555536e+01
9.982638888888887507e+00
9.765625000000000000e+00
9.982638888888889284e+00
1.063368055555555713e+01
1.171875000000000000e+01
1.323784722222222321e+01
1.519097222222222499e+01
1.757812500000000000e+01
2.039930555555555713e+01
2.365451388888889284e+01
2.734375000000000000e+01
3.146701388888889994e+01
3.602430555555556424e+01
4.101562500000000000e+01
4.383680555555555713e+01
3.884548611111111427e+01
3.428819444444444997e+01
3.016493055555555713e+01
2.647569444444444287e+01
2.322048611111111072e+01
2.039930555555555713e+01
1.801215277777777857e+01
1.605902777777777857e+01
1.453993055555555713e+01
1.345486111111111249e+01
1.280381944444444464e+01
1.258680555555555713e+01
1.280381944444444642e+01
1.345486111111111427e+01
1.453993055555555713e+01
1.605902777777777857e+01
1.801215277777778212e+01
2.039930555555555713e+01
2.322048611111111427e+01
2.647569444444444997e+01
3.016493055555555713e+01
3.428819444444445708e+01
3.884548611111112137e+01
4.383680555555555713e+01
4.709201388888889284e+01
4.210069444444444287e+01
3.754340277777778567e+01
3.342013888888889284e+01
2.973090277777777857e+01
2.647569444444444642e+01
2.365451388888889284e+01
2.126736111111111427e+01
1.931423611111111427e+01
1.779513888888889284e+01
1.671006944444444997e+01
1.605902777777777857e+01
1.584201388888889284e+01
1.605902777777778212e+01
1.671006944444444997e+01
1.779513888888889284e+01
1.931423611111111427e+01
2.126736111111111782e+01
2.365451388888889284e+01
2.647569444444444997e+01
2.973090277777778567e+01
3.342013888888889284e+01
3.754340277777779278e+01
4.210069444444445708e+01
4.709201388888889284e+01
5.078125000000000000e+01
4.578993055555555713e+01
4.123263888888889284e+01
3.710937500000000000e+01
3.342013888888888573e+01
3.016493055555555358e+01
2.734375000000000000e+01
2.495659722222222143e+01
2.300347222222222143e+01
2.148437500000000000e+01
2.039930555555555358e+01
1.974826388888888928e+01
1.953125000000000000e+01
1.974826388888888928e+01
2.039930555555555713e+01
2.148437500000000000e+01
2.300347222222222143e+01
2.495659722222222499e+01
2.734375000000000000e+01
3.016493055555555713e+01
3.342013888888889284e+01
3.710937500000000000e+01
4.123263888888889994e+01
4.578993055555556424e+01
5.078125000000000000e+01
5.490451388888889994e+01
4.991319444444445708e+01
4.535590277777779278e+01
4.123263888888889994e+01
3.754340277777778567e+01
3.428819444444445708e+01
3.146701388888889994e+01
2.907986111111112137e+01
2.712673611111112137e+01
2.560763888888889994e+01
2.452256944444445352e+01
2.387152777777778923e+01
2.365451388888889994e+01
2.387152777777778923e+01
2.452256944444445708e+01
2.560763888888889994e+01
2.712673611111112137e+01
2.907986111111112493e+01
3.146701388888889994e+01
3.428819444444445708e+01
3.754340277777779278e+01
4.123263888888889994e+01
4.535590277777779988e+01
4.991319444444446418e+01
5.490451388888889994e+01
5.946180555555556424e+01
5.447048611111111427e+01
4.991319444444445708e+01
4.578993055555556424e+01
4.210069444444444997e+01
3.884548611111111427e+01
3.602430555555556424e+01
3.363715277777778567e+01
3.168402777777778567e+01
3.016493055555556424e+01
2.907986111111111782e+01
2.842881944444445352e+01
2.821180555555556424e+01
2.842881944444445352e+01
2.907986111111112137e+01
3.016493055555556424e+01
3.168402777777778567e+01
3.363715277777778567e+01
3.602430555555556424e+01
3.884548611111112137e+01
4.210069444444445708e+01
4.578993055555556424e+01
4.991319444444446418e+01
5.447048611111112848e+01
5.946180555555556424e+01
6.445312500000000000e+01
5.946180555555555713e+01
5.490451388888889284e+01
5.078125000000000000e+01
4.709201388888888573e+01
4.383680555555555713e+01
4.101562500000000000e+01
3.862847222222222143e+01
3.667534722222222143e+01
3.515625000000000000e+01
3.407118055555555713e+01
3.342013888888888573e+01
3.320312500000000000e+01
3.342013888888888573e+01
3.407118055555555713e+01
3.515625000000000000e+01
3.667534722222222143e+01
3.862847222222222854e+01
4.101562500000000000e+01
4.383680555555555713e+01
4.709201388888889284e+01
5.078125000000000000e+01
5.490451388888889994e+01
5.946180555555556424e+01
6.445312500000000000e+01
6.336805555555555713e+01
5.837673611111111427e+01
5.381944444444444997e+01
4.969618055555555713e+01
4.600694444444444287e+01
4.275173611111111427e+01
3.993055555555555713e+01
3.754340277777777857e+01
3.559027777777777857e+01
3.407118055555555713e+01
3.298611111111111427e+01
3.233506944444444287e+01
3.211805555555555713e+01
3.233506944444444287e+01
3.298611111111111427e+01
3.407118055555555713e+01
3.559027777777777857e+01
3.754340277777778567e+01
3.993055555555555713e+01
4.275173611111111427e+01
4.600694444444444997e+01
4.969618055555555713e+01
5.381944444444445708e+01
5.837673611111112137e+01
6.336805555555555713e+01
5.837673611111111427e+01
5.338541666666666430e+01
4.882812500000000000e+01
4.470486111111111427e+01
4.101562500000000000e+01
3.776041666666666430e+01
3.493923611111111427e+01
3.255208333333332860e+01
3.059895833333332860e+01
2.907986111111110716e+01
2.799479166666666075e+01
2.734374999999999645e+01
2.712673611111110716e+01
2.734374999999999645e+01
2.799479166666666430e+01
2.907986111111110716e+01
3.059895833333333215e+01
3.255208333333333570e+01
3.493923611111111427e+01
3.776041666666667140e+01
4.101562500000000000e+01
4.470486111111111427e+01
4.882812500000001421e+01
5.338541666666667140e+01
5.837673611111111427e+01
5.381944444444444997e+01
4.882812500000000000e+01
4.427083333333334281e+01
4.014756944444444997e+01
3.645833333333333570e+01
3.320312500000000000e+01
3.038194444444444642e+01
2.799479166666666785e+01
2.604166666666666785e+01
2.452256944444444642e+01
2.343750000000000000e+01
2.278645833333333570e+01
2.256944444444444642e+01
2.278645833333333570e+01
2.343750000000000355e+01
2.452256944444444642e+01
2.604166666666666785e+01
2.799479166666667140e+01
3.038194444444444642e+01
3.320312500000000711e+01
3.645833333333334281e+01
4.014756944444444997e+01
4.427083333333334991e+01
4.882812500000001421e+01
5.381944444444444997e+01
4.969618055555555713e+01
4.470486111111111427e+01
4.014756944444444997e+01
3.602430555555555713e+01
3.233506944444444287e+01
2.907986111111110716e+01
2.625868055555555358e+01
2.387152777777777501e+01
2.191840277777777501e+01
2.039930555555555358e+01
1.931423611111110716e+01
1.866319444444444287e+01
1.844618055555555358e+01
1.866319444444444287e+01
1.931423611111111072e+01
2.039930555555555358e+01
2.191840277777777501e+01
2.387152777777777857e+01
2.625868055555555358e+01
2.907986111111111072e+01
3.233506944444444997e+01
3.602430555555555713e+01
4.014756944444445708e+01
4.470486111111112137e+01
4.969618055555555713e+01
4.600694444444444287e+01
4.101562500000000000e+01
3.645833333333333570e+01
3.233506944444444287e+01
2.864583333333332504e+01
2.539062499999999289e+01
2.256944444444443931e+01
2.018229166666666075e+01
1.822916666666666075e+01
1.671006944444443931e+01
1.562499999999999645e+01
1.497395833333332860e+01
1.475694444444444109e+01
1.497395833333333037e+01
1.562499999999999822e+01
1.671006944444443931e+01
1.822916666666666075e+01
2.018229166666666430e+01
2.256944444444443931e+01
2.539062499999999645e+01
2.864583333333333215e+01
3.233506944444444287e+01
3.645833333333334281e+01
4.101562500000000711e+01
4.600694444444444287e+01
4.275173611111111427e+01
3.776041666666666430e+01
3.320312500000000000e+01
2.907986111111110716e+01
2.539062499999999289e+01
2.213541666666666075e+01
1.931423611111110716e+01
1.692708333333332860e+01
1.497395833333333037e+01
1.345486111111110894e+01
1.236979166666666430e+01
1.171874999999999645e+01
1.150173611111110894e+01
1.171874999999999822e+01
1.236979166666666607e+01
1.345486111111110894e+01
1.497395833333333215e+01
1.692708333333333215e+01
1.931423611111110716e+01
2.213541666666666430e+01
2.539062500000000000e+01
2.907986111111110716e+01
3.320312500000001421e+01
3.776041666666667140e+01
4.275173611111111427e+01
3.993055555555555713e+01
3.493923611111111427e+01
3.038194444444444642e+01
2.625868055555555358e+01
2.256944444444443931e+01
1.931423611111110716e+01
1.649305555555555358e+01
1.410590277777777679e+01
1.215277777777777679e+01
1.063368055555555536e+01
9.548611111111110716e+00
8.897569444444442865e+00
8.680555555555555358e+00
8.897569444444444642e+00
9.548611111111112493e+00
1.063368055555555536e+01
1.215277777777777857e+01
1.410590277777778034e+01
1.649305555555555358e+01
1.931423611111111072e+01
2.256944444444444642e+01
2.625868055555555358e+01
3.038194444444445352e+01
3.493923611111112137e+01
3.993055555555555713e+01
3.754340277777777857e+01
3.255208333333332860e+01
2.799479166666666785e+01
2.387152777777777501e+01
2.018229166666666075e+01
1.692708333333332860e+01
1.410590277777777679e+01
1.171874999999999822e+01
9.765624999999998224e+00
8.246527777777776791e+00
7.161458333333332149e+00
6.510416666666664298e+00
6.293402777777776791e+00
6.510416666666666075e+00
7.161458333333333925e+00
8.246527777777776791e+00
9.765625000000000000e+00
1.171875000000000178e+01
1.410590277777777679e+01
1.692708333333333215e+01
2.018229166666666785e+01
2.387152777777777501e+01
2.799479166666667496e+01
3.255208333333334281e+01
3.754340277777777857e+01
3.559027777777777857e+01
3.059895833333332860e+01
2.604166666666666785e+01
2.191840277777777501e+01
1.822916666666666075e+01
1.497395833333333037e+01
1.215277777777777679e+01
9.765624999999998224e+00
7.812499999999998224e+00
6.293402777777776791e+00
5.208333333333332149e+00
4.557291666666664298e+00
4.340277777777776791e+00
4.557291666666666075e+00
5.208333333333333925e+00
6.293402777777776791e+00
7.812500000000000000e+00
9.765625000000001776e+00
1.215277777777777679e+01
1.497395833333333393e+01
1.822916666666666785e+01
2.191840277777777501e+01
2.604166666666667496e+01
3.059895833333333925e+01
3.559027777777777857e+01
3.407118055555555713e+01
2.907986111111110716e+01
2.452256944444444642e+01
2.039930555555555358e+01
1.671006944444443931e+01
1.345486111111110894e+01
1.063368055555555536e+01
8.246527777777776791e+00
6.293402777777776791e+00
4.774305555555555358e+00
3.689236111111109828e+00
3.038194444444443310e+00
2.821180555555554914e+00
3.038194444444444198e+00
3.689236111111111605e+00
4.774305555555555358e+00
6.293402777777778567e+00
8.246527777777780344e+00
1.063368055555555536e+01
1.345486111111111249e+01
1.671006944444444642e+01
2.039930555555555358e+01
2.452256944444445352e+01
2.907986111111111782e+01
3.407118055555555713e+01
3.298611111111111427e+01
2.799479166666666075e+01
2.343750000000000000e+01
1.931423611111110716e+01
1.562499999999999645e+01
1.236979166666666430e+01
9.548611111111110716e+00
7.161458333333332149e+00
5.208333333333332149e+00
3.689236111111109828e+00
2.604166666666664742e+00
1.953124999999998002e+00
1.736111111111109828e+00
1.953124999999999112e+00
2.604166666666666519e+00
3.689236111111109828e+00
5.208333333333333925e+00
7.161458333333335702e+00
9.548611111111110716e+00
1.236979166666666785e+01
1.562500000000000355e+01
1.931423611111110716e+01
2.343750000000000711e+01
2.799479166666667140e+01
3.298611111111111427e+01
3.233506944444444287e+01
2.734374999999999645e+01
2.278645833333333570e+01
1.866319444444444287e+01
1.497395833333332860e+01
1.171874999999999645e+01
8.897569444444442865e+00
6.510416666666664298e+00
4.557291666666664298e+00
3.038194444444443310e+00
1.953124999999998002e+00
1.302083333333331483e+00
1.085069444444443088e+00
1.302083333333332371e+00
1.953125000000000000e+00
3.038194444444443310e+00
4.557291666666666075e+00
6.510416666666667851e+00
8.897569444444442865e+00
1.171875000000000000e+01
1.497395833333333570e+01
1.866319444444444287e+01
2.278645833333334281e+01
2.734375000000000711e+01
3.233506944444444287e+01
3.211805555555555713e+01
2.712673611111110716e+01
2.256944444444444642e+01
1.844618055555555358e+01
1.475694444444444109e+01
1.150173611111110894e+01
8.680555555555555358e+00
6.293402777777776791e+00
4.340277777777776791e+00
2.821180555555554914e+00
1.736111111111109828e+00
1.085069444444443088e+00
8.680555555555549141e-01
1.085069444444444198e+00
1.736111111111111605e+00
2.821180555555554914e+00
4.340277777777778567e+00
6.293402777777780344e+00
8.680555555555555358e+00
1.150173611111111249e+01
1.475694444444444819e+01
1.844618055555555358e+01
2.256944444444445352e+01
2.712673611111111782e+01
3.211805555555555713e+01
3.233506944444444287e+01
2.734374999999999645e+01
2.278645833333333570e+01
1.866319444444444287e+01
1.497395833333333037e+01
1.171874999999999822e+01
8.897569444444444642e+00
6.510416666666666075e+00
4.557291666666666075e+00
3.038194444444444198e+00
1.953124999999999112e+00
1.302083333333332371e+00
1.085069444444444198e+00
1.302083333333333259e+00
1.953125000000000888e+00
3.038194444444444198e+00
4.557291666666667851e+00
6.510416666666669627e+00
8.897569444444444642e+00
1.171875000000000178e+01
1.497395833333333748e+01
1.866319444444444287e+01
2.278645833333334281e+01
2.734375000000000711e+01
3.233506944444444287e+01
3.298611111111111427e+01
2.799479166666666430e+01
2.343750000000000355e+01
1.931423611111111072e+01
1.562499999999999822e+01
1.236979166666666607e+01
9.548611111111112493e+00
7.161458333333333925e+00
5.208333333333333925e+00
3.689236111111111605e+00
2.604166666666666519e+00
1.953125000000000000e+00
1.736111111111111605e+00
1.953125000000000888e+00
2.604166666666668739e+00
3.689236111111111605e+00
5.208333333333335702e+00
7.161458333333337478e+00
9.548611111111112493e+00
1.236979166666666963e+01
1.562500000000000533e+01
1.931423611111111072e+01
2.343750000000001066e+01
2.799479166666667496e+01
3.298611111111111427e+01
3.407118055555555713e+01
2.907986111111110716e+01
2.452256944444444642e+01
2.039930555555555358e+01
1.671006944444443931e+01
1.345486111111110894e+01
1.063368055555555536e+01
8.246527777777776791e+00
6.293402777777776791e+00
4.774305555555555358e+00
3.689236111111109828e+00
3.038194444444443310e+00
2.821180555555554914e+00
3.038194444444444198e+00
3.689236111111111605e+00
4.774305555555555358e+00
6.293402777777778567e+00
8.246527777777780344e+00
1.063368055555555536e+01
1.345486111111111249e+01
1.671006944444444642e+01
2.039930555555555358e+01
2.452256944444445352e+01
2.907986111111111782e+01
3.407118055555555713e+01
3.559027777777777857e+01
3.059895833333333215e+01
2.604166666666666785e+01
2.191840277777777501e+01
1.822916666666666075e+01
1.497395833333333215e+01
1.215277777777777857e+01
9.765625000000000000e+00
7.812500000000000000e+00
6.293402777777778567e+00
5.208333333333333925e+00
4.557291666666666075e+00
4.340277777777778567e+00
4.557291666666667851e+00
5.208333333333335702e+00
6.293402777777778567e+00
7.812500000000001776e+00
9.765625000000003553e+00
1.215277777777777857e+01
1.497395833333333570e+01
1.822916666666666785e+01
2.191840277777777501e+01
2.604166666666667496e+01
3.059895833333333925e+01
3.559027777777777857e+01
3.754340277777778567e+01
3.255208333333333570e+01
2.799479166666667140e+01
2.387152777777777857e+01
2.018229166666666430e+01
1.692708333333333215e+01
1.410590277777778034e+01
1.171875000000000178e+01
9.765625000000001776e+00
8.246527777777780344e+00
7.161458333333335702e+00
6.510416666666667851e+00
6.293402777777780344e+00
6.510416666666669627e+00
7.161458333333337478e+00
8.246527777777780344e+00
9.765625000000003553e+00
1.171875000000000533e+01
1.410590277777778034e+01
1.692708333333333570e+01
2.018229166666667140e+01
2.387152777777777857e+01
2.799479166666667851e+01
3.255208333333334281e+01
3.754340277777778567e+01
3.993055555555555713e+01
3.493923611111111427e+01
3.038194444444444642e+01
2.625868055555555358e+01
2.256944444444443931e+01
1.931423611111110716e+01
1.649305555555555358e+01
1.410590277777777679e+01
1.215277777777777679e+01
1.063368055555555536e+01
9.548611111111110716e+00
8.897569444444442865e+00
8.680555555555555358e+00
8.897569444444444642e+00
9.548611111111112493e+00
1.063368055555555536e+01
1.215277777777777857e+01
1.410590277777778034e+01
1.649305555555555358e+01
1.931423611111111072e+01
2.256944444444444642e+01
2.625868055555555358e+01
3.038194444444445352e+01
3.493923611111112137e+01
3.993055555555555713e+01
4.275173611111111427e+01
3.776041666666667140e+01
3.320312500000000711e+01
2.907986111111111072e+01
2.539062499999999645e+01
2.213541666666666430e+01
1.931423611111111072e+01
1.692708333333333215e+01
1.497395833333333393e+01
1.345486111111111249e+01
1.236979166666666785e+01
1.171875000000000000e+01
1.150173611111111249e+01
1.171875000000000178e+01
1.236979166666666963e+01
1.345486111111111249e+01
1.497395833333333570e+01
1.692708333333333570e+01
1.931423611111111072e+01
2.213541666666666785e+01
2.539062500000000355e+01
2.907986111111111072e+01
3.320312500000001421e+01
3.776041666666667851e+01
4.275173611111111427e+01
4.600694444444444997e+01
4.101562500000000000e+01
3.645833333333334281e+01
3.233506944444444997e+01
2.864583333333333215e+01
2.539062500000000000e+01
2.256944444444444642e+01
2.018229166666666785e+01
1.822916666666666785e+01
1.671006944444444642e+01
1.562500000000000355e+01
1.497395833333333570e+01
1.475694444444444819e+01
1.497395833333333748e+01
1.562500000000000533e+01
1.671006944444444642e+01
1.822916666666666785e+01
2.018229166666667140e+01
2.256944444444444642e+01
2.539062500000000355e+01
2.864583333333333925e+01
3.233506944444444997e+01
3.645833333333334991e+01
4.101562500000001421e+01
4.600694444444444997e+01
4.969618055555555713e+01
4.470486111111111427e+01
4.014756944444444997e+01
3.602430555555555713e+01
3.233506944444444287e+01
2.907986111111110716e+01
2.625868055555555358e+01
2.387152777777777501e+01
2.191840277777777501e+01
2.039930555555555358e+01
1.931423611111110716e+01
1.866319444444444287e+01
1.844618055555555358e+01
1.866319444444444287e+01
1.931423611111111072e+01
2.039930555555555358e+01
2.191840277777777501e+01
2.387152777777777857e+01
2.625868055555555358e+01
2.907986111111111072e+01
3.233506944444444997e+01
3.602430555555555713e+01
4.014756944444445708e+01
4.470486111111112137e+01
4.969618055555555713e+01
5.381944444444445708e+01
4.882812500000001421e+01
4.427083333333334991e+01
4.014756944444445708e+01
3.645833333333334281e+01
3.320312500000001421e+01
3.038194444444445352e+01
2.799479166666667496e+01
2.604166666666667496e+01
2.452256944444445352e+01
2.343750000000000711e+01
2.278645833333334281e+01
2.256944444444445352e+01
2.278645833333334281e+01
2.343750000000001066e+01
2.452256944444445352e+01
2.604166666666667496e+01
2.799479166666667851e+01
3.038194444444445352e+01
3.320312500000001421e+01
3.645833333333334991e+01
4.014756944444445708e+01
4.427083333333335702e+01
4.882812500000002132e+01
5.381944444444445708e+01
5.837673611111112137e+01
5.338541666666667140e+01
4.882812500000001421e+01
4.470486111111112137e+01
4.101562500000000711e+01
3.776041666666667140e+01
3.493923611111112137e+01
3.255208333333334281e+01
3.059895833333333925e+01
2.907986111111111782e+01
2.799479166666667140e+01
2.734375000000000711e+01
2.712673611111111782e+01
2.734375000000000711e+01
2.799479166666667496e+01
2.907986111111111782e+01
3.059895833333333925e+01
3.255208333333334281e+01
3.493923611111112137e+01
3.776041666666667851e+01
4.101562500000001421e+01
4.470486111111112137e+01
4.882812500000002132e+01
5.338541666666668561e+01
5.837673611111112137e+01
6.336805555555555713e+01
5.837673611111111427e+01
5.381944444444444997e+01
4.969618055555555713e+01
4.600694444444444287e+01
4.275173611111111427e+01
3.993055555555555713e+01
3.754340277777777857e+01
3.559027777777777857e+01
3.407118055555555713e+01
3.298611111111111427e+01
3.233506944444444287e+01
3.211805555555555713e+01
3.233506944444444287e+01
3.298611111111111427e+01
3.407118055555555713e+01
3.559027777777777857e+01
3.754340277777778567e+01
3.993055555555555713e+01
4.275173611111111427e+01
4.600694444444444997e+01
4.969618055555555713e+01
5.381944444444445708e+01
5.837673611111112137e+01
6.336805555555555713e+01
6.271701388888888573e+01
5.772569444444444287e+01
5.316840277777777857e+01
4.904513888888888573e+01
4.535590277777777146e+01
4.210069444444444287e+01
3.927951388888888573e+01
3.689236111111110716e+01
3.493923611111110716e+01
3.342013888888888573e+01
3.233506944444444287e+01
3.168402777777777857e+01
3.146701388888888928e+01
3.168402777777777857e+01
3.233506944444444287e+01
3.342013888888888573e+01
3.493923611111110716e+01
3.689236111111111427e+01
3.927951388888888573e+01
4.210069444444444287e+01
4.535590277777777857e+01
4.904513888888888573e+01
5.316840277777778567e+01
5.772569444444444997e+01
6.271701388888888573e+01
5.772569444444444287e+01
5.273437499999999289e+01
4.817708333333332860e+01
4.405381944444444287e+01
4.036458333333332860e+01
3.710937499999999289e+01
3.428819444444444287e+01
3.190104166666666430e+01
2.994791666666666430e+01
2.842881944444444287e+01
2.734374999999999645e+01
2.669270833333333215e+01
2.647569444444444287e+01
2.669270833333333215e+01
2.734375000000000000e+01
2.842881944444444287e+01
2.994791666666666785e+01
3.190104166666666785e+01
3.428819444444444287e+01
3.710937500000000000e+01
4.036458333333332860e+01
4.405381944444444287e+01
4.817708333333334281e+01
5.273437500000000000e+01
5.772569444444444287e+01
5.316840277777777857e+01
4.817708333333332860e+01
4.361979166666667140e+01
3.949652777777777857e+01
3.580729166666666430e+01
3.255208333333332860e+01
2.973090277777778212e+01
2.734375000000000355e+01
2.539062500000000355e+01
2.387152777777778212e+01
2.278645833333333570e+01
2.213541666666667140e+01
2.191840277777778212e+01
2.213541666666667140e+01
2.278645833333333925e+01
2.387152777777778212e+01
2.539062500000000355e+01
2.734375000000000711e+01
2.973090277777778212e+01
3.255208333333333570e+01
3.580729166666667140e+01
3.949652777777777857e+01
4.361979166666667851e+01
4.817708333333334281e+01
5.316840277777777857e+01
4.904513888888888573e+01
4.405381944444444287e+01
3.949652777777777857e+01
3.537326388888888573e+01
3.168402777777777501e+01
2.842881944444444287e+01
2.560763888888888928e+01
2.322048611111111072e+01
2.126736111111111072e+01
1.974826388888888928e+01
1.866319444444444287e+01
1.801215277777777857e+01
1.779513888888888928e+01
1.801215277777777857e+01
1.866319444444444642e+01
1.974826388888888928e+01
2.126736111111111072e+01
2.322048611111111427e+01
2.560763888888888928e+01
2.842881944444444642e+01
3.168402777777778212e+01
3.537326388888888573e+01
3.949652777777778567e+01
4.405381944444444997e+01
4.904513888888888573e+01
4.535590277777777146e+01
4.036458333333332860e+01
3.580729166666666430e+01
3.168402777777777501e+01
2.799479166666666075e+01
2.473958333333332860e+01
2.191840277777777501e+01
1.953124999999999645e+01
1.757812499999999645e+01
1.605902777777777501e+01
1.497395833333332860e+01
1.432291666666666075e+01
1.410590277777777324e+01
1.432291666666666252e+01
1.497395833333333037e+01
1.605902777777777501e+01
1.757812499999999645e+01
1.953125000000000000e+01
2.191840277777777501e+01
2.473958333333333215e+01
2.799479166666666785e+01
3.168402777777777501e+01
3.580729166666667140e+01
4.036458333333333570e+01
4.535590277777777146e+01
4.210069444444444287e+01
3.710937499999999289e+01
3.255208333333332860e+01
2.842881944444444287e+01
2.473958333333332860e+01
2.148437499999999645e+01
1.866319444444444287e+01
1.627604166666666430e+01
1.432291666666666252e+01
1.280381944444444109e+01
1.171874999999999645e+01
1.106770833333332860e+01
1.085069444444444109e+01
1.106770833333333037e+01
1.171874999999999822e+01
1.280381944444444109e+01
1.432291666666666430e+01
1.627604166666666785e+01
1.866319444444444287e+01
2.148437500000000000e+01
2.473958333333333570e+01
2.842881944444444287e+01
3.255208333333334281e+01
3.710937500000000000e+01
4.210069444444444287e+01
3.927951388888888573e+01
3.428819444444444287e+01
2.973090277777778212e+01
2.560763888888888928e+01
2.191840277777777501e+01
1.866319444444444287e+01
1.584201388888888751e+01
1.345486111111110894e+01
1.150173611111110894e+01
9.982638888888887507e+00
8.897569444444442865e+00
8.246527777777775015e+00
8.029513888888887507e+00
8.246527777777776791e+00
8.897569444444444642e+00
9.982638888888887507e+00
1.150173611111111072e+01
1.345486111111111249e+01
1.584201388888888751e+01
1.866319444444444642e+01
2.191840277777778212e+01
2.560763888888888928e+01
2.973090277777778923e+01
3.428819444444444997e+01
3.927951388888888573e+01
3.689236111111110716e+01
3.190104166666666430e+01
2.734375000000000355e+01
2.322048611111111072e+01
1.953124999999999645e+01
1.627604166666666430e+01
1.345486111111110894e+01
1.106770833333333037e+01
9.114583333333330373e+00
7.595486111111109828e+00
6.510416666666665186e+00
5.859374999999998224e+00
5.642361111111109828e+00
5.859374999999999112e+00
6.510416666666666963e+00
7.595486111111109828e+00
9.114583333333332149e+00
1.106770833333333393e+01
1.345486111111110894e+01
1.627604166666666785e+01
1.953125000000000355e+01
2.322048611111111072e+01
2.734375000000001066e+01
3.190104166666667496e+01
3.689236111111110716e+01
3.493923611111110716e+01
2.994791666666666430e+01
2.539062500000000355e+01
2.126736111111111072e+01
1.757812499999999645e+01
1.432291666666666252e+01
1.150173611111110894e+01
9.114583333333330373e+00
7.161458333333331261e+00
5.642361111111109828e+00
4.557291666666665186e+00
3.906249999999998224e+00
3.689236111111109828e+00
3.906249999999999112e+00
4.557291666666666963e+00
5.642361111111109828e+00
7.161458333333333037e+00
9.114583333333333925e+00
1.150173611111110894e+01
1.432291666666666607e+01
1.757812500000000355e+01
2.126736111111111072e+01
2.539062500000001066e+01
2.994791666666667496e+01
3.493923611111110716e+01
3.342013888888888573e+01
2.842881944444444287e+01
2.387152777777778212e+01
1.974826388888888928e+01
1.605902777777777501e+01
1.280381944444444109e+01
9.982638888888887507e+00
7.595486111111109828e+00
5.642361111111109828e+00
4.123263888888888395e+00
3.038194444444443310e+00
2.387152777777776791e+00
2.170138888888888395e+00
2.387152777777777679e+00
3.038194444444445086e+00
4.123263888888888395e+00
5.642361111111111605e+00
7.595486111111113381e+00
9.982638888888887507e+00
1.280381944444444464e+01
1.605902777777778212e+01
1.974826388888888928e+01
2.387152777777778923e+01
2.842881944444445352e+01
3.342013888888888573e+01
3.233506944444444287e+01
2.734374999999999645e+01
2.278645833333333570e+01
1.866319444444444287e+01
1.497395833333332860e+01
1.171874999999999645e+01
8.897569444444442865e+00
6.510416666666665186e+00
4.557291666666665186e+00
3.038194444444443310e+00
1.953124999999998002e+00
1.302083333333331261e+00
1.085069444444443088e+00
1.302083333333332371e+00
1.953124999999999778e+00
3.038194444444443310e+00
4.557291666666666963e+00
6.510416666666668739e+00
8.897569444444442865e+00
1.171875000000000000e+01
1.497395833333333570e+01
1.866319444444444287e+01
2.278645833333334281e+01
2.734375000000000711e+01
3.233506944444444287e+01
3.168402777777777857e+01
2.669270833333333215e+01
2.213541666666667140e+01
1.801215277777777857e+01
1.432291666666666075e+01
1.106770833333332860e+01
8.246527777777775015e+00
5.859374999999998224e+00
3.906249999999998224e+00
2.387152777777776791e+00
1.302083333333331261e+00
6.510416666666647423e-01
4.340277777777765134e-01
6.510416666666657415e-01
1.302083333333333259e+00
2.387152777777776791e+00
3.906250000000000000e+00
5.859375000000001776e+00
8.246527777777775015e+00
1.106770833333333215e+01
1.432291666666666785e+01
1.801215277777777857e+01
2.213541666666667851e+01
2.669270833333334281e+01
3.168402777777777857e+01
3.146701388888888928e+01
2.647569444444444287e+01
2.191840277777778212e+01
1.779513888888888928e+01
1.410590277777777324e+01
1.085069444444444109e+01
8.029513888888887507e+00
5.642361111111109828e+00
3.689236111111109828e+00
2.170138888888888395e+00
1.085069444444443088e+00
4.340277777777765134e-01
2.170138888888882567e-01
4.340277777777774570e-01
1.085069444444445086e+00
2.170138888888888395e+00
3.689236111111111605e+00
5.642361111111113381e+00
8.029513888888887507e+00
1.085069444444444464e+01
1.410590277777778034e+01
1.779513888888888928e+01
2.191840277777778923e+01
2.647569444444445352e+01
3.146701388888888928e+01
3.168402777777777857e+01
2.669270833333333215e+01
2.213541666666667140e+01
1.801215277777777857e+01
1.432291666666666252e+01
1.106770833333333037e+01
8.246527777777776791e+00
5.859374999999999112e+00
3.906249999999999112e+00
2.387152777777777679e+00
1.302083333333332371e+00
6.510416666666657415e-01
4.340277777777774570e-01
6.510416666666666297e-01
1.302083333333334147e+00
2.387152777777777679e+00
3.906250000000000888e+00
5.859375000000002665e+00
8.246527777777776791e+00
1.106770833333333393e+01
1.432291666666666963e+01
1.801215277777777857e+01
2.213541666666667851e+01
2.669270833333334281e+01
3.168402777777777857e+01
3.233506944444444287e+01
2.734375000000000000e+01
2.278645833333333925e+01
1.866319444444444642e+01
1.497395833333333037e+01
1.171874999999999822e+01
8.897569444444444642e+00
6.510416666666666963e+00
4.557291666666666963e+00
3.038194444444445086e+00
1.953124999999999778e+00
1.302083333333333259e+00
1.085069444444445086e+00
1.302083333333334147e+00
1.953125000000001776e+00
3.038194444444445086e+00
4.557291666666668739e+00
6.510416666666670515e+00
8.897569444444444642e+00
1.171875000000000178e+01
1.497395833333333748e+01
1.866319444444444642e+01
2.278645833333334636e+01
2.734375000000001066e+01
3.233506944444444287e+01
3.342013888888888573e+01
2.842881944444444287e+01
2.387152777777778212e+01
1.974826388888888928e+01
1.605902777777777501e+01
1.280381944444444109e+01
9.982638888888887507e+00
7.595486111111109828e+00
5.642361111111109828e+00
4.123263888888888395e+00
3.038194444444443310e+00
2.387152777777776791e+00
2.170138888888888395e+00
2.387152777777777679e+00
3.038194444444445086e+00
4.123263888888888395e+00
5.642361111111111605e+00
7.595486111111113381e+00
9.982638888888887507e+00
1.280381944444444464e+01
1.605902777777778212e+01
1.974826388888888928e+01
2.387152777777778923e+01
2.842881944444445352e+01
3.342013888888888573e+01
3.493923611111110716e+01
2.994791666666666785e+01
2.539062500000000355e+01
2.126736111111111072e+01
1.757812499999999645e+01
1.432291666666666430e+01
1.150173611111111072e+01
9.114583333333332149e+00
7.161458333333333037e+00
5.642361111111111605e+00
4.557291666666666963e+00
3.906250000000000000e+00
3.689236111111111605e+00
3.906250000000000888e+00
4.557291666666668739e+00
5.642361111111111605e+00
7.161458333333334814e+00
9.114583333333335702e+00
1.150173611111111072e+01
1.432291666666666785e+01
1.757812500000000355e+01
2.126736111111111072e+01
2.539062500000001066e+01
2.994791666666667496e+01
3.493923611111110716e+01
3.689236111111111427e+01
3.190104166666666785e+01
2.734375000000000711e+01
2.322048611111111427e+01
1.953125000000000000e+01
1.627604166666666785e+01
1.345486111111111249e+01
1.106770833333333393e+01
9.114583333333333925e+00
7.595486111111113381e+00
6.510416666666668739e+00
5.859375000000001776e+00
5.642361111111113381e+00
5.859375000000002665e+00
6.510416666666670515e+00
7.595486111111113381e+00
9.114583333333335702e+00
1.106770833333333748e+01
1.345486111111111249e+01
1.627604166666667140e+01
1.953125000000000711e+01
2.322048611111111427e+01
2.734375000000001421e+01
3.190104166666667851e+01
3.689236111111111427e+01
3.927951388888888573e+01
3.428819444444444287e+01
2.973090277777778212e+01
2.560763888888888928e+01
2.191840277777777501e+01
1.866319444444444287e+01
1.584201388888888751e+01
1.345486111111110894e+01
1.150173611111110894e+01
9.982638888888887507e+00
8.897569444444442865e+00
8.246527777777775015e+00
8.029513888888887507e+00
8.246527777777776791e+00
8.897569444444444642e+00
9.982638888888887507e+00
1.150173611111111072e+01
1.345486111111111249e+01
1.584201388888888751e+01
1.866319444444444642e+01
2.191840277777778212e+01
2.560763888888888928e+01
2.973090277777778923e+01
3.428819444444444997e+01
3.927951388888888573e+01
4.210069444444444287e+01
3.710937500000000000e+01
3.255208333333333570e+01
2.842881944444444642e+01
2.473958333333333215e+01
2.148437500000000000e+01
1.866319444444444642e+01
1.627604166666666785e+01
1.432291666666666607e+01
1.280381944444444464e+01
1.171875000000000000e+01
1.106770833333333215e+01
1.085069444444444464e+01
1.106770833333333393e+01
1.171875000000000178e+01
1.280381944444444464e+01
1.432291666666666785e+01
1.627604166666667140e+01
1.866319444444444642e+01
2.148437500000000355e+01
2.473958333333333925e+01
2.842881944444444642e+01
3.255208333333334281e+01
3.710937500000000711e+01
4.210069444444444287e+01
4.535590277777777857e+01
4.036458333333332860e+01
3.580729166666667140e+01
3.168402777777778212e+01
2.799479166666666785e+01
2.473958333333333570e+01
2.191840277777778212e+01
1.953125000000000355e+01
1.757812500000000355e+01
1.605902777777778212e+01
1.497395833333333570e+01
1.432291666666666785e+01
1.410590277777778034e+01
1.432291666666666963e+01
1.497395833333333748e+01
1.605902777777778212e+01
1.757812500000000355e+01
1.953125000000000711e+01
2.191840277777778212e+01
2.473958333333333925e+01
2.799479166666667496e+01
3.168402777777778212e+01
3.580729166666667851e+01
4.036458333333334281e+01
4.535590277777777857e+01
4.904513888888888573e+01
4.405381944444444287e+01
3.949652777777777857e+01
3.537326388888888573e+01
3.168402777777777501e+01
2.842881944444444287e+01
2.560763888888888928e+01
2.322048611111111072e+01
2.126736111111111072e+01
1.974826388888888928e+01
1.866319444444444287e+01
1.801215277777777857e+01
1.779513888888888928e+01
1.801215277777777857e+01
1.866319444444444642e+01
1.974826388888888928e+01
2.126736111111111072e+01
2.322048611111111427e+01
2.560763888888888928e+01
2.842881944444444642e+01
3.168402777777778212e+01
3.537326388888888573e+01
3.949652777777778567e+01
4.405381944444444997e+01
4.904513888888888573e+01
5.316840277777778567e+01
4.817708333333334281e+01
4.361979166666667851e+01
3.949652777777778567e+01
3.580729166666667140e+01
3.255208333333334281e+01
2.973090277777778923e+01
2.734375000000001066e+01
2.539062500000001066e+01
2.387152777777778923e+01
2.278645833333334281e+01
2.213541666666667851e+01
2.191840277777778923e+01
2.213541666666667851e+01
2.278645833333334636e+01
2.387152777777778923e+01
2.539062500000001066e+01
2.734375000000001421e+01
2.973090277777778923e+01
3.255208333333334281e+01
3.580729166666667851e+01
3.949652777777778567e+01
4.361979166666668561e+01
4.817708333333334991e+01
5.316840277777778567e+01
5.772569444444444997e+01
5.273437500000000000e+01
4.817708333333334281e+01
4.405381944444444997e+01
4.036458333333333570e+01
3.710937500000000000e+01
3.428819444444444997e+01
3.190104166666667496e+01
2.994791666666667496e+01
2.842881944444445352e+01
2.734375000000000711e+01
2.669270833333334281e+01
2.647569444444445352e+01
2.669270833333334281e+01
2.734375000000001066e+01
2.842881944444445352e+01
2.994791666666667496e+01
3.190104166666667851e+01
3.428819444444444997e+01
3.710937500000000711e+01
4.036458333333334281e+01
4.405381944444444997e+01
4.817708333333334991e+01
5.273437500000001421e+01
5.772569444444444997e+01
6.271701388888888573e+01
5.772569444444444287e+01
5.316840277777777857e+01
4.904513888888888573e+01
4.535590277777777146e+01
4.210069444444444287e+01
3.927951388888888573e+01
3.689236111111110716e+01
3.493923611111110716e+01
3.342013888888888573e+01
3.233506944444444287e+01
3.168402777777777857e+01
3.146701388888888928e+01
3.168402777777777857e+01
3.233506944444444287e+01
3.342013888888888573e+01
3.493923611111110716e+01
3.689236111111111427e+01
3.927951388888888573e+01
4.210069444444444287e+01
4.535590277777777857e+01
4.904513888888888573e+01
5.316840277777778567e+01
5.772569444444444997e+01
6.271701388888888573e+01
6.250000000000000000e+01
5.750868055555555713e+01
5.295138888888889284e+01
4.882812500000000000e+01
4.513888888888888573e+01
4.188368055555555713e+01
3.906250000000000000e+01
3.667534722222222143e+01
3.472222222222222143e+01
3.320312500000000000e+01
3.211805555555555713e+01
3.146701388888888928e+01
3.125000000000000000e+01
3.146701388888888928e+01
3.211805555555555713e+01
3.320312500000000000e+01
3.472222222222222143e+01
3.667534722222222854e+01
3.906250000000000000e+01
4.188368055555555713e+01
4.513888888888889284e+01
4.882812500000000000e+01
5.295138888888889994e+01
5.750868055555556424e+01
6.250000000000000000e+01
5.750868055555555713e+01
5.251736111111110716e+01
4.796006944444444287e+01
4.383680555555555713e+01
4.014756944444444287e+01
3.689236111111110716e+01
3.407118055555555713e+01
3.168402777777777501e+01
2.973090277777777501e+01
2.821180555555555358e+01
2.712673611111110716e+01
2.647569444444444287e+01
2.625868055555555358e+01
2.647569444444444287e+01
2.712673611111111072e+01
2.821180555555555358e+01
2.973090277777777857e+01
3.168402777777777857e+01
3.407118055555555713e+01
3.689236111111111427e+01
4.014756944444444287e+01
4.383680555555555713e+01
4.796006944444445708e+01
5.251736111111111427e+01
5.750868055555555713e+01
5.295138888888889284e+01
4.796006944444444287e+01
4.340277777777778567e+01
3.927951388888889284e+01
3.559027777777777857e+01
3.233506944444444287e+01
2.951388888888889284e+01
2.712673611111111427e+01
2.517361111111111427e+01
2.365451388888889284e+01
2.256944444444444642e+01
2.191840277777778212e+01
2.170138888888889284e+01
2.191840277777778212e+01
2.256944444444444997e+01
2.365451388888889284e+01
2.517361111111111427e+01
2.712673611111111782e+01
2.951388888888889284e+01
3.233506944444444997e+01
3.559027777777778567e+01
3.927951388888889284e+01
4.340277777777779278e+01
4.796006944444445708e+01
5.295138888888889284e+01
4.882812500000000000e+01
4.383680555555555713e+01
3.927951388888889284e+01
3.515625000000000000e+01
3.146701388888888573e+01
2.821180555555555358e+01
2.539062500000000000e+01
2.300347222222222143e+01
2.105034722222222143e+01
1.953125000000000000e+01
1.844618055555555358e+01
1.779513888888888928e+01
1.757812500000000000e+01
1.779513888888888928e+01
1.844618055555555713e+01
1.953125000000000000e+01
2.105034722222222143e+01
2.300347222222222499e+01
2.539062500000000000e+01
2.821180555555555713e+01
3.146701388888889284e+01
3.515625000000000000e+01
3.927951388888889994e+01
4.383680555555556424e+01
4.882812500000000000e+01
4.513888888888888573e+01
4.014756944444444287e+01
3.559027777777777857e+01
3.146701388888888573e+01
2.777777777777777146e+01
2.452256944444443931e+01
2.170138888888888573e+01
1.931423611111110716e+01
1.736111111111110716e+01
1.584201388888888573e+01
1.475694444444444109e+01
1.410590277777777324e+01
1.388888888888888573e+01
1.410590277777777501e+01
1.475694444444444287e+01
1.584201388888888573e+01
1.736111111111110716e+01
1.931423611111111072e+01
2.170138888888888573e+01
2.452256944444444287e+01
2.777777777777777857e+01
3.146701388888888573e+01
3.559027777777778567e+01
4.014756944444444997e+01
4.513888888888888573e+01
4.188368055555555713e+01
3.689236111111110716e+01
3.233506944444444287e+01
2.821180555555555358e+01
2.452256944444443931e+01
2.126736111111110716e+01
1.844618055555555358e+01
1.605902777777777501e+01
1.410590277777777501e+01
1.258680555555555358e+01
1.150173611111110894e+01
1.085069444444444109e+01
1.063368055555555358e+01
1.085069444444444287e+01
1.150173611111111072e+01
1.258680555555555358e+01
1.410590277777777679e+01
1.605902777777777857e+01
1.844618055555555358e+01
2.126736111111111072e+01
2.452256944444444642e+01
2.821180555555555358e+01
3.233506944444445708e+01
3.689236111111111427e+01
4.188368055555555713e+01
3.906250000000000000e+01
3.407118055555555713e+01
2.951388888888889284e+01
2.539062500000000000e+01
2.170138888888888573e+01
1.844618055555555358e+01
1.562500000000000000e+01
1.323784722222222143e+01
1.128472222222222143e+01
9.765625000000000000e+00
8.680555555555555358e+00
8.029513888888887507e+00
7.812500000000000000e+00
8.029513888888889284e+00
8.680555555555557135e+00
9.765625000000000000e+00
1.128472222222222321e+01
1.323784722222222499e+01
1.562500000000000000e+01
1.844618055555555713e+01
2.170138888888889284e+01
2.539062500000000000e+01
2.951388888888889994e+01
3.407118055555556424e+01
3.906250000000000000e+01
3.667534722222222143e+01
3.168402777777777501e+01
2.712673611111111427e+01
2.300347222222222143e+01
1.931423611111110716e+01
1.605902777777777501e+01
1.323784722222222143e+01
1.085069444444444287e+01
8.897569444444442865e+00
7.378472222222221433e+00
6.293402777777776791e+00
5.642361111111109828e+00
5.425347222222221433e+00
5.642361111111110716e+00
6.293402777777778567e+00
7.378472222222221433e+00
8.897569444444444642e+00
1.085069444444444642e+01
1.323784722222222143e+01
1.605902777777777857e+01
1.931423611111111427e+01
2.300347222222222143e+01
2.712673611111112137e+01
3.168402777777778567e+01
3.667534722222222143e+01
3.472222222222222143e+01
2.973090277777777501e+01
2.517361111111111427e+01
2.105034722222222143e+01
1.736111111111110716e+01
1.410590277777777501e+01
1.128472222222222143e+01
8.897569444444442865e+00
6.944444444444442865e+00
5.425347222222221433e+00
4.340277777777776791e+00
3.689236111111109828e+00
3.472222222222221433e+00
3.689236111111110716e+00
4.340277777777778567e+00
5.425347222222221433e+00
6.944444444444444642e+00
8.897569444444446418e+00
1.128472222222222143e+01
1.410590277777777857e+01
1.736111111111111427e+01
2.105034722222222143e+01
2.517361111111112137e+01
2.973090277777778567e+01
3.472222222222222143e+01
3.320312500000000000e+01
2.821180555555555358e+01
2.365451388888889284e+01
1.953125000000000000e+01
1.584201388888888573e+01
1.258680555555555358e+01
9.765625000000000000e+00
7.378472222222221433e+00
5.425347222222221433e+00
3.906250000000000000e+00
2.821180555555554914e+00
2.170138888888888395e+00
1.953125000000000000e+00
2.170138888888889284e+00
2.821180555555556690e+00
3.906250000000000000e+00
5.425347222222223209e+00
7.378472222222224985e+00
9.765625000000000000e+00
1.258680555555555713e+01
1.584201388888889284e+01
1.953125000000000000e+01
2.365451388888889994e+01
2.821180555555556424e+01
3.320312500000000000e+01
3.211805555555555713e+01
2.712673611111110716e+01
2.256944444444444642e+01
1.844618055555555358e+01
1.475694444444444109e+01
1.150173611111110894e+01
8.680555555555555358e+00
6.293402777777776791e+00
4.340277777777776791e+00
2.821180555555554914e+00
1.736111111111109828e+00
1.085069444444443088e+00
8.680555555555549141e-01
1.085069444444444198e+00
1.736111111111111605e+00
2.821180555555554914e+00
4.340277777777778567e+00
6.293402777777780344e+00
8.680555555555555358e+00
1.150173611111111249e+01
1.475694444444444819e+01
1.844618055555555358e+01
2.256944444444445352e+01
2.712673611111111782e+01
3.211805555555555713e+01
3.146701388888888928e+01
2.647569444444444287e+01
2.191840277777778212e+01
1.779513888888888928e+01
1.410590277777777324e+01
1.085069444444444109e+01
8.029513888888887507e+00
5.642361111111109828e+00
3.689236111111109828e+00
2.170138888888888395e+00
1.085069444444443088e+00
4.340277777777765134e-01
2.170138888888882567e-01
4.340277777777774570e-01
1.085069444444445086e+00
2.170138888888888395e+00
3.689236111111111605e+00
5.642361111111113381e+00
8.029513888888887507e+00
1.085069444444444464e+01
1.410590277777778034e+01
1.779513888888888928e+01
2.191840277777778923e+01
2.647569444444445352e+01
3.146701388888888928e+01
3.125000000000000000e+01
2.625868055555555358e+01
2.170138888888889284e+01
1.757812500000000000e+01
1.388888888888888573e+01
1.063368055555555358e+01
7.812500000000000000e+00
5.425347222222221433e+00
3.472222222222221433e+00
1.953125000000000000e+00
8.680555555555549141e-01
2.170138888888882567e-01
0.000000000000000000e+00
2.170138888888892004e-01
8.680555555555568015e-01
1.953125000000000000e+00
3.472222222222223209e+00
5.425347222222224985e+00
7.812500000000000000e+00
1.063368055555555713e+01
1.388888888888889284e+01
1.757812500000000000e+01
2.170138888888889994e+01
2.625868055555556424e+01
3.125000000000000000e+01
3.146701388888888928e+01
2.647569444444444287e+01
2.191840277777778212e+01
1.779513888888888928e+01
1.410590277777777501e+01
1.085069444444444287e+01
8.029513888888889284e+00
5.642361111111110716e+00
3.689236111111110716e+00
2.170138888888889284e+00
1.085069444444444198e+00
4.340277777777774570e-01
2.170138888888892004e-01
4.340277777777784007e-01
1.085069444444445974e+00
2.170138888888889284e+00
3.689236111111112493e+00
5.642361111111114269e+00
8.029513888888889284e+00
1.085069444444444642e+01
1.410590277777778212e+01
1.779513888888888928e+01
2.191840277777778923e+01
2.647569444444445352e+01
3.146701388888888928e+01
3.211805555555555713e+01
2.712673611111111072e+01
2.256944444444444997e+01
1.844618055555555713e+01
1.475694444444444287e+01
1.150173611111111072e+01
8.680555555555557135e+00
6.293402777777778567e+00
4.340277777777778567e+00
2.821180555555556690e+00
1.736111111111111605e+00
1.085069444444445086e+00
8.680555555555568015e-01
1.085069444444445974e+00
1.736111111111113603e+00
2.821180555555556690e+00
4.340277777777780344e+00
6.293402777777782120e+00
8.680555555555557135e+00
1.150173611111111427e+01
1.475694444444444997e+01
1.844618055555555713e+01
2.256944444444445708e+01
2.712673611111112137e+01
3.211805555555555713e+01
3.320312500000000000e+01
2.821180555555555358e+01
2.365451388888889284e+01
1.953125000000000000e+01
1.584201388888888573e+01
1.258680555555555358e+01
9.765625000000000000e+00
7.378472222222221433e+00
5.425347222222221433e+00
3.906250000000000000e+00
2.821180555555554914e+00
2.170138888888888395e+00
1.953125000000000000e+00
2.170138888888889284e+00
2.821180555555556690e+00
3.906250000000000000e+00
5.425347222222223209e+00
7.378472222222224985e+00
9.765625000000000000e+00
1.258680555555555713e+01
1.584201388888889284e+01
1.953125000000000000e+01
2.365451388888889994e+01
2.821180555555556424e+01
3.320312500000000000e+01
3.472222222222222143e+01
2.973090277777777857e+01
2.517361111111111427e+01
2.105034722222222143e+01
1.736111111111110716e+01
1.410590277777777679e+01
1.128472222222222321e+01
8.897569444444444642e+00
6.944444444444444642e+00
5.425347222222223209e+00
4.340277777777778567e+00
3.689236111111111605e+00
3.472222222222223209e+00
3.689236111111112493e+00
4.340277777777780344e+00
5.425347222222223209e+00
6.944444444444446418e+00
8.897569444444448195e+00
1.128472222222222321e+01
1.410590277777778034e+01
1.736111111111111427e+01
2.105034722222222143e+01
2.517361111111112137e+01
2.973090277777778567e+01
3.472222222222222143e+01
3.667534722222222854e+01
3.168402777777777857e+01
2.712673611111111782e+01
2.300347222222222499e+01
1.931423611111111072e+01
1.605902777777777857e+01
1.323784722222222499e+01
1.085069444444444642e+01
8.897569444444446418e+00
7.378472222222224985e+00
6.293402777777780344e+00
5.642361111111113381e+00
5.425347222222224985e+00
5.642361111111114269e+00
6.293402777777782120e+00
7.378472222222224985e+00
8.897569444444448195e+00
1.085069444444444997e+01
1.323784722222222499e+01
1.605902777777778212e+01
1.931423611111111782e+01
2.300347222222222499e+01
2.712673611111112493e+01
3.168402777777778923e+01
3.667534722222222854e+01
3.906250000000000000e+01
3.407118055555555713e+01
2.951388888888889284e+01
2.539062500000000000e+01
2.170138888888888573e+01
1.844618055555555358e+01
1.562500000000000000e+01
1.323784722222222143e+01
1.128472222222222143e+01
9.765625000000000000e+00
8.680555555555555358e+00
8.029513888888887507e+00
7.812500000000000000e+00
8.029513888888889284e+00
8.680555555555557135e+00
9.765625000000000000e+00
1.128472222222222321e+01
1.323784722222222499e+01
1.562500000000000000e+01
1.844618055555555713e+01
2.170138888888889284e+01
2.539062500000000000e+01
2.951388888888889994e+01
3.407118055555556424e+01
3.906250000000000000e+01
4.188368055555555713e+01
3.689236111111111427e+01
3.233506944444444997e+01
2.821180555555555713e+01
2.452256944444444287e+01
2.126736111111111072e+01
1.844618055555555713e+01
1.605902777777777857e+01
1.410590277777777857e+01
1.258680555555555713e+01
1.150173611111111249e+01
1.085069444444444464e+01
1.063368055555555713e+01
1.085069444444444642e+01
1.150173611111111427e+01
1.258680555555555713e+01
1.410590277777778034e+01
1.605902777777778212e+01
1.844618055555555713e+01
2.126736111111111427e+01
2.452256944444444997e+01
2.821180555555555713e+01
3.233506944444445708e+01
3.689236111111112137e+01
4.188368055555555713e+01
4.513888888888889284e+01
4.014756944444444287e+01
3.559027777777778567e+01
3.146701388888889284e+01
2.777777777777777857e+01
2.452256944444444642e+01
2.170138888888889284e+01
1.931423611111111427e+01
1.736111111111111427e+01
1.584201388888889284e+01
1.475694444444444819e+01
1.410590277777778034e+01
1.388888888888889284e+01
1.410590277777778212e+01
1.475694444444444997e+01
1.584201388888889284e+01
1.736111111111111427e+01
1.931423611111111782e+01
2.170138888888889284e+01
2.452256944444444997e+01
2.777777777777778567e+01
3.146701388888889284e+01
3.559027777777779278e+01
4.014756944444445708e+01
4.513888888888889284e+01
4.882812500000000000e+01
4.383680555555555713e+01
3.927951388888889284e+01
3.515625000000000000e+01
3.146701388888888573e+01
2.821180555555555358e+01
2.539062500000000000e+01
2.300347222222222143e+01
2.105034722222222143e+01
1.953125000000000000e+01
1.844618055555555358e+01
1.779513888888888928e+01
1.757812500000000000e+01
1.779513888888888928e+01
1.844618055555555713e+01
1.953125000000000000e+01
2.105034722222222143e+01
2.300347222222222499e+01
2.539062500000000000e+01
2.821180555555555713e+01
3.146701388888889284e+01
3.515625000000000000e+01
3.927951388888889994e+01
4.383680555555556424e+01
4.882812500000000000e+01
5.295138888888889994e+01
4.796006944444445708e+01
4.340277777777779278e+01
3.927951388888889994e+01
3.559027777777778567e+01
3.233506944444445708e+01
2.951388888888889994e+01
2.712673611111112137e+01
2.517361111111112137e+01
2.365451388888889994e+01
2.256944444444445352e+01
2.191840277777778923e+01
2.170138888888889994e+01
2.191840277777778923e+01
2.256944444444445708e+01
2.365451388888889994e+01
2.517361111111112137e+01
2.712673611111112493e+01
2.951388888888889994e+01
3.233506944444445708e+01
3.559027777777779278e+01
3.927951388888889994e+01
4.340277777777779988e+01
4.796006944444446418e+01
5.295138888888889994e+01
5.750868055555556424e+01
5.251736111111111427e+01
4.796006944444445708e+01
4.383680555555556424e+01
4.014756944444444997e+01
3.689236111111111427e+01
3.407118055555556424e+01
3.168402777777778567e+01
2.973090277777778567e+01
2.821180555555556424e+01
2.712673611111111782e+01
2.647569444444445352e+01
2.625868055555556424e+01
2.647569444444445352e+01
2.712673611111112137e+01
2.821180555555556424e+01
2.973090277777778567e+01
3.168402777777778923e+01
3.407118055555556424e+01
3.689236111111112137e+01
4.014756944444445708e+01
4.383680555555556424e+01
4.796006944444446418e+01
5.251736111111112848e+01
5.750868055555556424e+01
6.250000000000000000e+01
5.750868055555555713e+01
5.295138888888889284e+01
4.882812500000000000e+01
4.513888888888888573e+01
4.188368055555555713e+01
3.906250000000000000e+01
3.667534722222222143e+01
3.472222222222222143e+01
3.320312500000000000e+01
3.211805555555555713e+01
3.146701388888888928e+01
3.125000000000000000e+01
3.146701388888888928e+01
3.211805555555555713e+01
3.320312500000000000e+01
3.472222222222222143e+01
3.667534722222222854e+01
3.906250000000000000e+01
4.188368055555555713e+01
4.513888888888889284e+01
4.882812500000000000e+01
5.295138888888889994e+01
5.750868055555556424e+01
6.250000000000000000e+01
6.271701388888888573e+01
5.772569444444444287e+01
5.316840277777777857e+01
4.904513888888888573e+01
4.535590277777777146e+01
4.210069444444444287e+01
3.927951388888888573e+01
3.689236111111110716e+01
3.493923611111110716e+01
3.342013888888888573e+01
3.233506944444444287e+01
3.168402777777777857e+01
3.146701388888888928e+01
3.168402777777777857e+01
3.233506944444444287e+01
3.342013888888888573e+01
3.493923611111110716e+01
3.689236111111111427e+01
3.927951388888888573e+01
4.210069444444444287e+01
4.535590277777777857e+01
4.904513888888888573e+01
5.316840277777778567e+01
5.772569444444444997e+01
6.271701388888888573e+01
5.772569444444444287e+01
5.273437499999999289e+01
4.817708333333332860e+01
4.405381944444444287e+01
4.036458333333332860e+01
3.710937499999999289e+01
3.428819444444444287e+01
3.190104166666666430e+01
2.994791666666666430e+01
2.842881944444444287e+01
2.734374999999999645e+01
2.669270833333333215e+01
2.647569444444444287e+01
2.669270833333333215e+01
2.734375000000000000e+01
2.842881944444444287e+01
2.994791666666666785e+01
3.190104166666666785e+01
3.428819444444444287e+01
3.710937500000000000e+01
4.036458333333332860e+01
4.405381944444444287e+01
4.817708333333334281e+01
5.273437500000000000e+01
5.772569444444444287e+01
5.316840277777777857e+01
4.817708333333332860e+01
4.361979166666667140e+01
3.949652777777777857e+01
3.580729166666666430e+01
3.255208333333332860e+01
2.973090277777778212e+01
2.734375000000000355e+01
2.539062500000000355e+01
2.387152777777778212e+01
2.278645833333333570e+01
2.213541666666667140e+01
2.191840277777778212e+01
2.213541666666667140e+01
2.278645833333333925e+01
2.387152777777778212e+01
2.539062500000000355e+01
2.734375000000000711e+01
2.973090277777778212e+01
3.255208333333333570e+01
3.580729166666667140e+01
3.949652777777777857e+01
4.361979166666667851e+01
4.817708333333334281e+01
5.316840277777777857e+01
4.904513888888888573e+01
4.405381944444444287e+01
3.949652777777777857e+01
3.537326388888888573e+01
3.168402777777777501e+01
2.842881944444444287e+01
2.560763888888888928e+01
2.322048611111111072e+01
2.126736111111111072e+01
1.974826388888888928e+01
1.866319444444444287e+01
1.801215277777777857e+01
1.779513888888888928e+01
1.801215277777777857e+01
1.866319444444444642e+01
1.974826388888888928e+01
2.126736111111111072e+01
2.322048611111111427e+01
2.560763888888888928e+01
2.842881944444444642e+01
3.168402777777778212e+01
3.537326388888888573e+01
3.949652777777778567e+01
4.405381944444444997e+01
4.904513888888888573e+01
4.535590277777777146e+01
4.036458333333332860e+01
3.580729166666666430e+01
3.168402777777777501e+01
2.799479166666666075e+01
2.473958333333332860e+01
2.191840277777777501e+01
1.953124999999999645e+01
1.757812499999999645e+01
1.605902777777777501e+01
1.497395833333333037e+01
1.432291666666666252e+01
1.410590277777777501e+01
1.432291666666666430e+01
1.497395833333333215e+01
1.605902777777777501e+01
1.757812499999999645e+01
1.953125000000000000e+01
2.191840277777777501e+01
2.473958333333333215e+01
2.799479166666666785e+01
3.168402777777777501e+01
3.580729166666667140e+01
4.036458333333333570e+01
4.535590277777777146e+01
4.210069444444444287e+01
3.710937499999999289e+01
3.255208333333332860e+01
2.842881944444444287e+01
2.473958333333332860e+01
2.148437499999999645e+01
1.866319444444444287e+01
1.627604166666666430e+01
1.432291666666666430e+01
1.280381944444444287e+01
1.171874999999999822e+01
1.106770833333333037e+01
1.085069444444444287e+01
1.106770833333333215e+01
1.171875000000000000e+01
1.280381944444444287e+01
1.432291666666666607e+01
1.627604166666666785e+01
1.866319444444444287e+01
2.148437500000000000e+01
2.473958333333333570e+01
2.842881944444444287e+01
3.255208333333334281e+01
3.710937500000000000e+01
4.210069444444444287e+01
3.927951388888888573e+01
3.428819444444444287e+01
2.973090277777778212e+01
2.560763888888888928e+01
2.191840277777777501e+01
1.866319444444444287e+01
1.584201388888888928e+01
1.345486111111111072e+01
1.150173611111111072e+01
9.982638888888889284e+00
8.897569444444444642e+00
8.246527777777776791e+00
8.029513888888889284e+00
8.246527777777778567e+00
8.897569444444446418e+00
9.982638888888889284e+00
1.150173611111111249e+01
1.345486111111111427e+01
1.584201388888888928e+01
1.866319444444444642e+01
2.191840277777778212e+01
2.560763888888888928e+01
2.973090277777778923e+01
3.428819444444444997e+01
3.927951388888888573e+01
3.689236111111110716e+01
3.190104166666666430e+01
2.734375000000000355e+01
2.322048611111111072e+01
1.953124999999999645e+01
1.627604166666666430e+01
1.345486111111111072e+01
1.106770833333333215e+01
9.114583333333332149e+00
7.595486111111110716e+00
6.510416666666666075e+00
5.859374999999999112e+00
5.642361111111110716e+00
5.859375000000000000e+00
6.510416666666667851e+00
7.595486111111110716e+00
9.114583333333333925e+00
1.106770833333333570e+01
1.345486111111111072e+01
1.627604166666666785e+01
1.953125000000000355e+01
2.322048611111111072e+01
2.734375000000001066e+01
3.190104166666667496e+01
3.689236111111110716e+01
3.493923611111110716e+01
2.994791666666666430e+01
2.539062500000000355e+01
2.126736111111111072e+01
1.757812499999999645e+01
1.432291666666666430e+01
1.150173611111111072e+01
9.114583333333332149e+00
7.161458333333332149e+00
5.642361111111110716e+00
4.557291666666666075e+00
3.906249999999999112e+00
3.689236111111110716e+00
3.906250000000000000e+00
4.557291666666667851e+00
5.642361111111110716e+00
7.161458333333333925e+00
9.114583333333335702e+00
1.150173611111111072e+01
1.432291666666666785e+01
1.757812500000000355e+01
2.126736111111111072e+01
2.539062500000001066e+01
2.994791666666667496e+01
3.493923611111110716e+01
3.342013888888888573e+01
2.842881944444444287e+01
2.387152777777778212e+01
1.974826388888888928e+01
1.605902777777777501e+01
1.280381944444444287e+01
9.982638888888889284e+00
7.595486111111110716e+00
5.642361111111110716e+00
4.123263888888889284e+00
3.038194444444444198e+00
2.387152777777777679e+00
2.170138888888889284e+00
2.387152777777778567e+00
3.038194444444445974e+00
4.123263888888889284e+00
5.642361111111112493e+00
7.595486111111114269e+00
9.982638888888889284e+00
1.280381944444444642e+01
1.605902777777778212e+01
1.974826388888888928e+01
2.387152777777778923e+01
2.842881944444445352e+01
3.342013888888888573e+01
3.233506944444444287e+01
2.734374999999999645e+01
2.278645833333333570e+01
1.866319444444444287e+01
1.497395833333333037e+01
1.171874999999999822e+01
8.897569444444444642e+00
6.510416666666666075e+00
4.557291666666666075e+00
3.038194444444444198e+00
1.953124999999999112e+00
1.302083333333332371e+00
1.085069444444444198e+00
1.302083333333333481e+00
1.953125000000000888e+00
3.038194444444444198e+00
4.557291666666667851e+00
6.510416666666669627e+00
8.897569444444444642e+00
1.171875000000000178e+01
1.497395833333333748e+01
1.866319444444444287e+01
2.278645833333334281e+01
2.734375000000000711e+01
3.233506944444444287e+01
3.168402777777777857e+01
2.669270833333333215e+01
2.213541666666667140e+01
1.801215277777777857e+01
1.432291666666666252e+01
1.106770833333333037e+01
8.246527777777776791e+00
5.859374999999999112e+00
3.906249999999999112e+00
2.387152777777777679e+00
1.302083333333332371e+00
6.510416666666657415e-01
4.340277777777774570e-01
6.510416666666666297e-01
1.302083333333334370e+00
2.387152777777777679e+00
3.906250000000000888e+00
5.859375000000002665e+00
8.246527777777776791e+00
1.106770833333333393e+01
1.432291666666666963e+01
1.801215277777777857e+01
2.213541666666667851e+01
2.669270833333334281e+01
3.168402777777777857e+01
3.146701388888888928e+01
2.647569444444444287e+01
2.191840277777778212e+01
1.779513888888888928e+01
1.410590277777777501e+01
1.085069444444444287e+01
8.029513888888889284e+00
5.642361111111110716e+00
3.689236111111110716e+00
2.170138888888889284e+00
1.085069444444444198e+00
4.340277777777774570e-01
2.170138888888892004e-01
4.340277777777784007e-01
1.085069444444445974e+00
2.170138888888889284e+00
3.689236111111112493e+00
5.642361111111114269e+00
8.029513888888889284e+00
1.085069444444444642e+01
1.410590277777778212e+01
1.779513888888888928e+01
2.191840277777778923e+01
2.647569444444445352e+01
3.146701388888888928e+01
3.168402777777777857e+01
2.669270833333333215e+01
2.213541666666667140e+01
1.801215277777777857e+01
1.432291666666666430e+01
1.106770833333333215e+01
8.246527777777778567e+00
5.859375000000000000e+00
3.906250000000000000e+00
2.387152777777778567e+00
1.302083333333333481e+00
6.510416666666666297e-01
4.340277777777784007e-01
6.510416666666676289e-01
1.302083333333335258e+00
2.387152777777778567e+00
3.906250000000001776e+00
5.859375000000003553e+00
8.246527777777778567e+00
1.106770833333333570e+01
1.432291666666667140e+01
1.801215277777777857e+01
2.213541666666667851e+01
2.669270833333334281e+01
3.168402777777777857e+01
3.233506944444444287e+01
2.734375000000000000e+01
2.278645833333333925e+01
1.866319444444444642e+01
1.497395833333333215e+01
1.171875000000000000e+01
8.897569444444446418e+00
6.510416666666667851e+00
4.557291666666667851e+00
3.038194444444445974e+00
1.953125000000000888e+00
1.302083333333334370e+00
1.085069444444445974e+00
1.302083333333335258e+00
1.953125000000002887e+00
3.038194444444445974e+00
4.557291666666669627e+00
6.510416666666671404e+00
8.897569444444446418e+00
1.171875000000000355e+01
1.497395833333333925e+01
1.866319444444444642e+01
2.278645833333334636e+01
2.734375000000001066e+01
3.233506944444444287e+01
3.342013888888888573e+01
2.842881944444444287e+01
2.387152777777778212e+01
1.974826388888888928e+01
1.605902777777777501e+01
1.280381944444444287e+01
9.982638888888889284e+00
7.595486111111110716e+00
5.642361111111110716e+00
4.123263888888889284e+00
3.038194444444444198e+00
2.387152777777777679e+00
2.170138888888889284e+00
2.387152777777778567e+00
3.038194444444445974e+00
4.123263888888889284e+00
5.642361111111112493e+00
7.595486111111114269e+00
9.982638888888889284e+00
1.280381944444444642e+01
1.605902777777778212e+01
1.974826388888888928e+01
2.387152777777778923e+01
2.842881944444445352e+01
3.342013888888888573e+01
3.493923611111110716e+01
2.994791666666666785e+01
2.539062500000000355e+01
2.126736111111111072e+01
1.757812499999999645e+01
1.432291666666666607e+01
1.150173611111111249e+01
9.114583333333333925e+00
7.161458333333333925e+00
5.642361111111112493e+00
4.557291666666667851e+00
3.906250000000000888e+00
3.689236111111112493e+00
3.906250000000001776e+00
4.557291666666669627e+00
5.642361111111112493e+00
7.161458333333335702e+00
9.114583333333337478e+00
1.150173611111111249e+01
1.432291666666666963e+01
1.757812500000000355e+01
2.126736111111111072e+01
2.539062500000001066e+01
2.994791666666667496e+01
3.493923611111110716e+01
3.689236111111111427e+01
3.190104166666666785e+01
2.734375000000000711e+01
2.322048611111111427e+01
1.953125000000000000e+01
1.627604166666666785e+01
1.345486111111111427e+01
1.106770833333333570e+01
9.114583333333335702e+00
7.595486111111114269e+00
6.510416666666669627e+00
5.859375000000002665e+00
5.642361111111114269e+00
5.859375000000003553e+00
6.510416666666671404e+00
7.595486111111114269e+00
9.114583333333337478e+00
1.106770833333333925e+01
1.345486111111111427e+01
1.627604166666667140e+01
1.953125000000000711e+01
2.322048611111111427e+01
2.734375000000001421e+01
3.190104166666667851e+01
3.689236111111111427e+01
3.927951388888888573e+01
3.428819444444444287e+01
2.973090277777778212e+01
2.560763888888888928e+01
2.191840277777777501e+01
1.866319444444444287e+01
1.584201388888888928e+01
1.345486111111111072e+01
1.150173611111111072e+01
9.982638888888889284e+00
8.897569444444444642e+00
8.246527777777776791e+00
8.029513888888889284e+00
8.246527777777778567e+00
8.897569444444446418e+00
9.982638888888889284e+00
1.150173611111111249e+01
1.345486111111111427e+01
1.584201388888888928e+01
1.866319444444444642e+01
2.191840277777778212e+01
2.560763888888888928e+01
2.973090277777778923e+01
3.428819444444444997e+01
3.927951388888888573e+01
4.210069444444444287e+01
3.710937500000000000e+01
3.255208333333333570e+01
2.842881944444444642e+01
2.473958333333333215e+01
2.148437500000000000e+01
1.866319444444444642e+01
1.627604166666666785e+01
1.432291666666666785e+01
1.280381944444444642e+01
1.171875000000000178e+01
1.106770833333333393e+01
1.085069444444444642e+01
1.106770833333333570e+01
1.171875000000000355e+01
1.280381944444444642e+01
1.432291666666666963e+01
1.627604166666667140e+01
1.866319444444444642e+01
2.148437500000000355e+01
2.473958333333333925e+01
2.842881944444444642e+01
3.255208333333334281e+01
3.710937500000000711e+01
4.210069444444444287e+01
4.535590277777777857e+01
4.036458333333332860e+01
3.580729166666667140e+01
3.168402777777778212e+01
2.799479166666666785e+01
2.473958333333333570e+01
2.191840277777778212e+01
1.953125000000000355e+01
1.757812500000000355e+01
1.605902777777778212e+01
1.497395833333333748e+01
1.432291666666666963e+01
1.410590277777778212e+01
1.432291666666667140e+01
1.497395833333333925e+01
1.605902777777778212e+01
1.757812500000000355e+01
1.953125000000000711e+01
2.191840277777778212e+01
2.473958333333333925e+01
2.799479166666667496e+01
3.168402777777778212e+01
3.580729166666667851e+01
4.036458333333334281e+01
4.535590277777777857e+01
4.904513888888888573e+01
4.405381944444444287e+01
3.949652777777777857e+01
3.537326388888888573e+01
3.168402777777777501e+01
2.842881944444444287e+01
2.560763888888888928e+01
2.322048611111111072e+01
2.126736111111111072e+01
1.974826388888888928e+01
1.866319444444444287e+01
1.801215277777777857e+01
1.779513888888888928e+01
1.801215277777777857e+01
1.866319444444444642e+01
1.974826388888888928e+01
2.126736111111111072e+01
2.322048611111111427e+01
2.560763888888888928e+01
2.842881944444444642e+01
3.168402777777778212e+01
3.537326388888888573e+01
3.949652777777778567e+01
4.405381944444444997e+01
4.904513888888888573e+01
5.316840277777778567e+01
4.817708333333334281e+01
4.361979166666667851e+01
3.949652777777778567e+01
3.580729166666667140e+01
3.255208333333334281e+01
2.973090277777778923e+01
2.734375000000001066e+01
2.539062500000001066e+01
2.387152777777778923e+01
2.278645833333334281e+01
2.213541666666667851e+01
2.191840277777778923e+01
2.213541666666667851e+01
2.278645833333334636e+01
2.387152777777778923e+01
2.539062500000001066e+01
2.734375000000001421e+01
2.973090277777778923e+01
3.255208333333334281e+01
3.580729166666667851e+01
3.949652777777778567e+01
4.361979166666668561e+01
4.817708333333334991e+01
5.316840277777778567e+01
5.772569444444444997e+01
5.273437500000000000e+01
4.817708333333334281e+01
4.405381944444444997e+01
4.036458333333333570e+01
3.710937500000000000e+01
3.428819444444444997e+01
3.190104166666667496e+01
2.994791666666667496e+01
2.842881944444445352e+01
2.734375000000000711e+01
2.669270833333334281e+01
2.647569444444445352e+01
2.669270833333334281e+01
2.734375000000001066e+01
2.842881944444445352e+01
2.994791666666667496e+01
3.190104166666667851e+01
3.428819444444444997e+01
3.710937500000000711e+01
4.036458333333334281e+01
4.405381944444444997e+01
4.817708333333334991e+01
5.273437500000001421e+01
5.772569444444444997e+01
6.271701388888888573e+01
5.772569444444444287e+01
5.316840277777777857e+01
4.904513888888888573e+01
4.535590277777777146e+01
4.210069444444444287e+01
3.927951388888888573e+01
3.689236111111110716e+01
3.493923611111110716e+01
3.342013888888888573e+01
3.233506944444444287e+01
3.168402777777777857e+01
3.146701388888888928e+01
3.168402777777777857e+01
3.233506944444444287e+01
3.342013888888888573e+01
3.493923611111110716e+01
3.689236111111111427e+01
3.927951388888888573e+01
4.210069444444444287e+01
4.535590277777777857e+01
4.904513888888888573e+01
5.316840277777778567e+01
5.772569444444444997e+01
6.271701388888888573e+01
6.336805555555555713e+01
5.837673611111111427e+01
5.381944444444444997e+01
4.969618055555555713e+01
4.600694444444444287e+01
4.275173611111111427e+01
3.993055555555555713e+01
3.754340277777777857e+01
3.559027777777777857e+01
3.407118055555555713e+01
3.298611111111111427e+01
3.233506944444444287e+01
3.211805555555555713e+01
3.233506944444444287e+01
3.298611111111111427e+01
3.407118055555555713e+01
3.559027777777777857e+01
3.754340277777778567e+01
3.993055555555555713e+01
4.275173611111111427e+01
4.600694444444444997e+01
4.969618055555555713e+01
5.381944444444445708e+01
5.837673611111112137e+01
6.336805555555555713e+01
5.837673611111111427e+01
5.338541666666666430e+01
4.882812500000000000e+01
4.470486111111111427e+01
4.101562500000000000e+01
3.776041666666666430e+01
3.493923611111111427e+01
3.255208333333332860e+01
3.059895833333333215e+01
2.907986111111111072e+01
2.799479166666666430e+01
2.734375000000000000e+01
2.712673611111111072e+01
2.734375000000000000e+01
2.799479166666666785e+01
2.907986111111111072e+01
3.059895833333333570e+01
3.255208333333333570e+01
3.493923611111111427e+01
3.776041666666667140e+01
4.101562500000000000e+01
4.470486111111111427e+01
4.882812500000001421e+01
5.338541666666667140e+01
5.837673611111111427e+01
5.381944444444444997e+01
4.882812500000000000e+01
4.427083333333334281e+01
4.014756944444444997e+01
3.645833333333333570e+01
3.320312500000000000e+01
3.038194444444444997e+01
2.799479166666667140e+01
2.604166666666667140e+01
2.452256944444444997e+01
2.343750000000000355e+01
2.278645833333333925e+01
2.256944444444444997e+01
2.278645833333333925e+01
2.343750000000000711e+01
2.452256944444444997e+01
2.604166666666667140e+01
2.799479166666667496e+01
3.038194444444444997e+01
3.320312500000000711e+01
3.645833333333334281e+01
4.014756944444444997e+01
4.427083333333334991e+01
4.882812500000001421e+01
5.381944444444444997e+01
4.969618055555555713e+01
4.470486111111111427e+01
4.014756944444444997e+01
3.602430555555555713e+01
3.233506944444444287e+01
2.907986111111111072e+01
2.625868055555555713e+01
2.387152777777777857e+01
2.191840277777777857e+01
2.039930555555555713e+01
1.931423611111111072e+01
1.866319444444444642e+01
1.844618055555555713e+01
1.866319444444444642e+01
1.931423611111111427e+01
2.039930555555555713e+01
2.191840277777777857e+01
2.387152777777778212e+01
2.625868055555555713e+01
2.907986111111111427e+01
3.233506944444444997e+01
3.602430555555555713e+01
4.014756944444445708e+01
4.470486111111112137e+01
4.969618055555555713e+01
4.600694444444444287e+01
4.101562500000000000e+01
3.645833333333333570e+01
3.233506944444444287e+01
2.864583333333332860e+01
2.539062499999999645e+01
2.256944444444444287e+01
2.018229166666666430e+01
1.822916666666666430e+01
1.671006944444444287e+01
1.562499999999999822e+01
1.497395833333333037e+01
1.475694444444444287e+01
1.497395833333333215e+01
1.562500000000000000e+01
1.671006944444444287e+01
1.822916666666666430e+01
2.018229166666666785e+01
2.256944444444444287e+01
2.539062500000000000e+01
2.864583333333333570e+01
3.233506944444444287e+01
3.645833333333334281e+01
4.101562500000000711e+01
4.600694444444444287e+01
4.275173611111111427e+01
3.776041666666666430e+01
3.320312500000000000e+01
2.907986111111111072e+01
2.539062499999999645e+01
2.213541666666666430e+01
1.931423611111111072e+01
1.692708333333333215e+01
1.497395833333333215e+01
1.345486111111111072e+01
1.236979166666666607e+01
1.171874999999999822e+01
1.150173611111111072e+01
1.171875000000000000e+01
1.236979166666666785e+01
1.345486111111111072e+01
1.497395833333333393e+01
1.692708333333333570e+01
1.931423611111111072e+01
2.213541666666666785e+01
2.539062500000000355e+01
2.907986111111111072e+01
3.320312500000001421e+01
3.776041666666667140e+01
4.275173611111111427e+01
3.993055555555555713e+01
3.493923611111111427e+01
3.038194444444444997e+01
2.625868055555555713e+01
2.256944444444444287e+01
1.931423611111111072e+01
1.649305555555555713e+01
1.410590277777777857e+01
1.215277777777777857e+01
1.063368055555555713e+01
9.548611111111112493e+00
8.897569444444444642e+00
8.680555555555557135e+00
8.897569444444446418e+00
9.548611111111114269e+00
1.063368055555555713e+01
1.215277777777778034e+01
1.410590277777778212e+01
1.649305555555555713e+01
1.931423611111111427e+01
2.256944444444444997e+01
2.625868055555555713e+01
3.038194444444445708e+01
3.493923611111112137e+01
3.993055555555555713e+01
3.754340277777777857e+01
3.255208333333332860e+01
2.799479166666667140e+01
2.387152777777777857e+01
2.018229166666666430e+01
1.692708333333333215e+01
1.410590277777777857e+01
1.171875000000000000e+01
9.765625000000000000e+00
8.246527777777778567e+00
7.161458333333333925e+00
6.510416666666666963e+00
6.293402777777778567e+00
6.510416666666667851e+00
7.161458333333335702e+00
8.246527777777778567e+00
9.765625000000001776e+00
1.171875000000000355e+01
1.410590277777777857e+01
1.692708333333333570e+01
2.018229166666667140e+01
2.387152777777777857e+01
2.799479166666667851e+01
3.255208333333334281e+01
3.754340277777777857e+01
3.559027777777777857e+01
3.059895833333333215e+01
2.604166666666667140e+01
2.191840277777777857e+01
1.822916666666666430e+01
1.497395833333333215e+01
1.215277777777777857e+01
9.765625000000000000e+00
7.812500000000000000e+00
6.293402777777778567e+00
5.208333333333333925e+00
4.557291666666666963e+00
4.340277777777778567e+00
4.557291666666667851e+00
5.208333333333335702e+00
6.293402777777778567e+00
7.812500000000001776e+00
9.765625000000003553e+00
1.215277777777777857e+01
1.497395833333333570e+01
1.822916666666667140e+01
2.191840277777777857e+01
2.604166666666667851e+01
3.059895833333334281e+01
3.559027777777777857e+01
3.407118055555555713e+01
2.907986111111111072e+01
2.452256944444444997e+01
2.039930555555555713e+01
1.671006944444444287e+01
1.345486111111111072e+01
1.063368055555555713e+01
8.246527777777778567e+00
6.293402777777778567e+00
4.774305555555557135e+00
3.689236111111111605e+00
3.038194444444445086e+00
2.821180555555556690e+00
3.038194444444445974e+00
3.689236111111113381e+00
4.774305555555557135e+00
6.293402777777780344e+00
8.246527777777782120e+00
1.063368055555555713e+01
1.345486111111111427e+01
1.671006944444444997e+01
2.039930555555555713e+01
2.452256944444445708e+01
2.907986111111112137e+01
3.407118055555555713e+01
3.298611111111111427e+01
2.799479166666666430e+01
2.343750000000000355e+01
1.931423611111111072e+01
1.562499999999999822e+01
1.236979166666666607e+01
9.548611111111112493e+00
7.161458333333333925e+00
5.208333333333333925e+00
3.689236111111111605e+00
2.604166666666666519e+00
1.953125000000000000e+00
1.736111111111111605e+00
1.953125000000000888e+00
2.604166666666668295e+00
3.689236111111111605e+00
5.208333333333335702e+00
7.161458333333337478e+00
9.548611111111112493e+00
1.236979166666666963e+01
1.562500000000000533e+01
1.931423611111111072e+01
2.343750000000001066e+01
2.799479166666667496e+01
3.298611111111111427e+01
3.233506944444444287e+01
2.734375000000000000e+01
2.278645833333333925e+01
1.866319444444444642e+01
1.497395833333333037e+01
1.171874999999999822e+01
8.897569444444444642e+00
6.510416666666666963e+00
4.557291666666666963e+00
3.038194444444445086e+00
1.953125000000000000e+00
1.302083333333333259e+00
1.085069444444445086e+00
1.302083333333334370e+00
1.953125000000001776e+00
3.038194444444445086e+00
4.557291666666668739e+00
6.510416666666670515e+00
8.897569444444444642e+00
1.171875000000000178e+01
1.497395833333333748e+01
1.866319444444444642e+01
2.278645833333334636e+01
2.734375000000001066e+01
3.233506944444444287e+01
3.211805555555555713e+01
2.712673611111111072e+01
2.256944444444444997e+01
1.844618055555555713e+01
1.475694444444444287e+01
1.150173611111111072e+01
8.680555555555557135e+00
6.293402777777778567e+00
4.340277777777778567e+00
2.821180555555556690e+00
1.736111111111111605e+00
1.085069444444445086e+00
8.680555555555568015e-01
1.085069444444445974e+00
1.736111111111113603e+00
2.821180555555556690e+00
4.340277777777780344e+00
6.293402777777782120e+00
8.680555555555557135e+00
1.150173611111111427e+01
1.475694444444444997e+01
1.844618055555555713e+01
2.256944444444445708e+01
2.712673611111112137e+01
3.211805555555555713e+01
3.233506944444444287e+01
2.734375000000000000e+01
2.278645833333333925e+01
1.866319444444444642e+01
1.497395833333333215e+01
1.171875000000000000e+01
8.897569444444446418e+00
6.510416666666667851e+00
4.557291666666667851e+00
3.038194444444445974e+00
1.953125000000000888e+00
1.302083333333334370e+00
1.085069444444445974e+00
1.302083333333335258e+00
1.953125000000002665e+00
3.038194444444445974e+00
4.557291666666669627e+00
6.510416666666671404e+00
8.897569444444446418e+00
1.171875000000000355e+01
1.497395833333333925e+01
1.866319444444444642e+01
2.278645833333334636e+01
2.734375000000001066e+01
3.233506944444444287e+01
3.298611111111111427e+01
2.799479166666666785e+01
2.343750000000000711e+01
1.931423611111111427e+01
1.562500000000000000e+01
1.236979166666666785e+01
9.548611111111114269e+00
7.161458333333335702e+00
5.208333333333335702e+00
3.689236111111113381e+00
2.604166666666668295e+00
1.953125000000001776e+00
1.736111111111113603e+00
1.953125000000002665e+00
2.604166666666670515e+00
3.689236111111113381e+00
5.208333333333337478e+00
7.161458333333339255e+00
9.548611111111114269e+00
1.236979166666667140e+01
1.562500000000000711e+01
1.931423611111111427e+01
2.343750000000001421e+01
2.799479166666667851e+01
3.298611111111111427e+01
3.407118055555555713e+01
2.907986111111111072e+01
2.452256944444444997e+01
2.039930555555555713e+01
1.671006944444444287e+01
1.345486111111111072e+01
1.063368055555555713e+01
8.246527777777778567e+00
6.293402777777778567e+00
4.774305555555557135e+00
3.689236111111111605e+00
3.038194444444445086e+00
2.821180555555556690e+00
3.038194444444445974e+00
3.689236111111113381e+00
4.774305555555557135e+00
6.293402777777780344e+00
8.246527777777782120e+00
1.063368055555555713e+01
1.345486111111111427e+01
1.671006944444444997e+01
2.039930555555555713e+01
2.452256944444445708e+01
2.907986111111112137e+01
3.407118055555555713e+01
3.559027777777777857e+01
3.059895833333333570e+01
2.604166666666667140e+01
2.191840277777777857e+01
1.822916666666666430e+01
1.497395833333333393e+01
1.215277777777778034e+01
9.765625000000001776e+00
7.812500000000001776e+00
6.293402777777780344e+00
5.208333333333335702e+00
4.557291666666668739e+00
4.340277777777780344e+00
4.557291666666669627e+00
5.208333333333337478e+00
6.293402777777780344e+00
7.812500000000003553e+00
9.765625000000005329e+00
1.215277777777778034e+01
1.497395833333333748e+01
1.822916666666667140e+01
2.191840277777777857e+01
2.604166666666667851e+01
3.059895833333334281e+01
3.559027777777777857e+01
3.754340277777778567e+01
3.255208333333333570e+01
2.799479166666667496e+01
2.387152777777778212e+01
2.018229166666666785e+01
1.692708333333333570e+01
1.410590277777778212e+01
1.171875000000000355e+01
9.765625000000003553e+00
8.246527777777782120e+00
7.161458333333337478e+00
6.510416666666670515e+00
6.293402777777782120e+00
6.510416666666671404e+00
7.161458333333339255e+00
8.246527777777782120e+00
9.765625000000005329e+00
1.171875000000000711e+01
1.410590277777778212e+01
1.692708333333333925e+01
2.018229166666667496e+01
2.387152777777778212e+01
2.799479166666668206e+01
3.255208333333334281e+01
3.754340277777778567e+01
3.993055555555555713e+01
3.493923611111111427e+01
3.038194444444444997e+01
2.625868055555555713e+01
2.256944444444444287e+01
1.931423611111111072e+01
1.649305555555555713e+01
1.410590277777777857e+01
1.215277777777777857e+01
1.063368055555555713e+01
9.548611111111112493e+00
8.897569444444444642e+00
8.680555555555557135e+00
8.897569444444446418e+00
9.548611111111114269e+00
1.063368055555555713e+01
1.215277777777778034e+01
1.410590277777778212e+01
1.649305555555555713e+01
1.931423611111111427e+01
2.256944444444444997e+01
2.625868055555555713e+01
3.038194444444445708e+01
3.493923611111112137e+01
3.993055555555555713e+01
4.275173611111111427e+01
3.776041666666667140e+01
3.320312500000000711e+01
2.907986111111111427e+01
2.539062500000000000e+01
2.213541666666666785e+01
1.931423611111111427e+01
1.692708333333333570e+01
1.497395833333333570e+01
1.345486111111111427e+01
1.236979166666666963e+01
1.171875000000000178e+01
1.150173611111111427e+01
1.171875000000000355e+01
1.236979166666667140e+01
1.345486111111111427e+01
1.497395833333333748e+01
1.692708333333333925e+01
1.931423611111111427e+01
2.213541666666667140e+01
2.539062500000000711e+01
2.907986111111111427e+01
3.320312500000001421e+01
3.776041666666667851e+01
4.275173611111111427e+01
4.600694444444444997e+01
4.101562500000000000e+01
3.645833333333334281e+01
3.233506944444444997e+01
2.864583333333333570e+01
2.539062500000000355e+01
2.256944444444444997e+01
2.018229166666667140e+01
1.822916666666667140e+01
1.671006944444444997e+01
1.562500000000000533e+01
1.497395833333333748e+01
1.475694444444444997e+01
1.497395833333333925e+01
1.562500000000000711e+01
1.671006944444444997e+01
1.822916666666667140e+01
2.018229166666667496e+01
2.256944444444444997e+01
2.539062500000000711e+01
2.864583333333334281e+01
3.233506944444444997e+01
3.645833333333334991e+01
4.101562500000001421e+01
4.600694444444444997e+01
4.969618055555555713e+01
4.470486111111111427e+01
4.014756944444444997e+01
3.602430555555555713e+01
3.233506944444444287e+01
2.907986111111111072e+01
2.625868055555555713e+01
2.387152777777777857e+01
2.191840277777777857e+01
2.039930555555555713e+01
1.931423611111111072e+01
1.866319444444444642e+01
1.844618055555555713e+01
1.866319444444444642e+01
1.931423611111111427e+01
2.039930555555555713e+01
2.191840277777777857e+01
2.387152777777778212e+01
2.625868055555555713e+01
2.907986111111111427e+01
3.233506944444444997e+01
3.602430555555555713e+01
4.014756944444445708e+01
4.470486111111112137e+01
4.969618055555555713e+01
5.381944444444445708e+01
4.882812500000001421e+01
4.427083333333334991e+01
4.014756944444445708e+01
3.645833333333334281e+01
3.320312500000001421e+01
3.038194444444445708e+01
2.799479166666667851e+01
2.604166666666667851e+01
2.452256944444445708e+01
2.343750000000001066e+01
2.278645833333334636e+01
2.256944444444445708e+01
2.278645833333334636e+01
2.343750000000001421e+01
2.452256944444445708e+01
2.604166666666667851e+01
2.799479166666668206e+01
3.038194444444445708e+01
3.320312500000001421e+01
3.645833333333334991e+01
4.014756944444445708e+01
4.427083333333335702e+01
4.882812500000002132e+01
5.381944444444445708e+01
5.837673611111112137e+01
5.338541666666667140e+01
4.882812500000001421e+01
4.470486111111112137e+01
4.101562500000000711e+01
3.776041666666667140e+01
3.493923611111112137e+01
3.255208333333334281e+01
3.059895833333334281e+01
2.907986111111112137e+01
2.799479166666667496e+01
2.734375000000001066e+01
2.712673611111112137e+01
2.734375000000001066e+01
2.799479166666667851e+01
2.907986111111112137e+01
3.059895833333334281e+01
3.255208333333334281e+01
3.493923611111112137e+01
3.776041666666667851e+01
4.101562500000001421e+01
4.470486111111112137e+01
4.882812500000002132e+01
5.338541666666668561e+01
5.837673611111112137e+01
6.336805555555555713e+01
5.837673611111111427e+01
5.381944444444444997e+01
4.969618055555555713e+01
4.600694444444444287e+01
4.275173611111111427e+01
3.993055555555555713e+01
3.754340277777777857e+01
3.559027777777777857e+01
3.407118055555555713e+01
3.298611111111111427e+01
3.233506944444444287e+01
3.211805555555555713e+01
3.233506944444444287e+01
3.298611111111111427e+01
3.407118055555555713e+01
3.559027777777777857e+01
3.754340277777778567e+01
3.993055555555555713e+01
4.275173611111111427e+01
4.600694444444444997e+01
4.969618055555555713e+01
5.381944444444445708e+01
5.837673611111112137e+01
6.336805555555555713e+01
6.445312500000000000e+01
5.946180555555555713e+01
5.490451388888889284e+01
5.078125000000000000e+01
4.709201388888888573e+01
4.383680555555555713e+01
4.101562500000000000e+01
3.862847222222222143e+01
3.667534722222222143e+01
3.515625000000000000e+01
3.407118055555555713e+01
3.342013888888888573e+01
3.320312500000000000e+01
3.342013888888888573e+01
3.407118055555555713e+01
3.515625000000000000e+01
3.667534722222222143e+01
3.862847222222222854e+01
4.101562500000000000e+01
4.383680555555555713e+01
4.709201388888889284e+01
5.078125000000000000e+01
5.490451388888889994e+01
5.946180555555556424e+01
6.445312500000000000e+01
5.946180555555555713e+01
5.447048611111110716e+01
4.991319444444444287e+01
4.578993055555555713e+01
4.210069444444444287e+01
3.884548611111110716e+01
3.602430555555555713e+01
3.363715277777777146e+01
3.168402777777777501e+01
3.016493055555555358e+01
2.907986111111110716e+01
2.842881944444444287e+01
2.821180555555555358e+01
2.842881944444444287e+01
2.907986111111111072e+01
3.016493055555555358e+01
3.168402777777777857e+01
3.363715277777777857e+01
3.602430555555555713e+01
3.884548611111111427e+01
4.210069444444444287e+01
4.578993055555555713e+01
4.991319444444445708e+01
5.447048611111111427e+01
5.946180555555555713e+01
5.490451388888889284e+01
4.991319444444444287e+01
4.535590277777778567e+01
4.123263888888889284e+01
3.754340277777777857e+01
3.428819444444444287e+01
3.146701388888889284e+01
2.907986111111111427e+01
2.712673611111111427e+01
2.560763888888889284e+01
2.452256944444444642e+01
2.387152777777778212e+01
2.365451388888889284e+01
2.387152777777778212e+01
2.452256944444444997e+01
2.560763888888889284e+01
2.712673611111111427e+01
2.907986111111111782e+01
3.146701388888889284e+01
3.428819444444444997e+01
3.754340277777778567e+01
4.123263888888889284e+01
4.535590277777779278e+01
4.991319444444445708e+01
5.490451388888889284e+01
5.078125000000000000e+01
4.578993055555555713e+01
4.123263888888889284e+01
3.710937500000000000e+01
3.342013888888888573e+01
3.016493055555555358e+01
2.734375000000000000e+01
2.495659722222222143e+01
2.300347222222222143e+01
2.148437500000000000e+01
2.039930555555555358e+01
1.974826388888888928e+01
1.953125000000000000e+01
1.974826388888888928e+01
2.039930555555555713e+01
2.148437500000000000e+01
2.300347222222222143e+01
2.495659722222222499e+01
2.734375000000000000e+01
3.016493055555555713e+01
3.342013888888889284e+01
3.710937500000000000e+01
4.123263888888889994e+01
4.578993055555556424e+01
5.078125000000000000e+01
4.709201388888888573e+01
4.210069444444444287e+01
3.754340277777777857e+01
3.342013888888888573e+01
2.973090277777777146e+01
2.647569444444443931e+01
2.365451388888888573e+01
2.126736111111110716e+01
1.931423611111110716e+01
1.779513888888888573e+01
1.671006944444444287e+01
1.605902777777777146e+01
1.584201388888888573e+01
1.605902777777777501e+01
1.671006944444444287e+01
1.779513888888888573e+01
1.931423611111110716e+01
2.126736111111111072e+01
2.365451388888888573e+01
2.647569444444444287e+01
2.973090277777777857e+01
3.342013888888888573e+01
3.754340277777778567e+01
4.210069444444444997e+01
4.709201388888888573e+01
4.383680555555555713e+01
3.884548611111110716e+01
3.428819444444444287e+01
3.016493055555555358e+01
2.647569444444443931e+01
2.322048611111110716e+01
2.039930555555555358e+01
1.801215277777777501e+01
1.605902777777777501e+01
1.453993055555555358e+01
1.345486111111110894e+01
1.280381944444444109e+01
1.258680555555555358e+01
1.280381944444444287e+01
1.345486111111111072e+01
1.453993055555555358e+01
1.605902777777777857e+01
1.801215277777777857e+01
2.039930555555555358e+01
2.322048611111111072e+01
2.647569444444444642e+01
3.016493055555555358e+01
3.428819444444445708e+01
3.884548611111111427e+01
4.383680555555555713e+01
4.101562500000000000e+01
3.602430555555555713e+01
3.146701388888889284e+01
2.734375000000000000e+01
2.365451388888888573e+01
2.039930555555555358e+01
1.757812500000000000e+01
1.519097222222222143e+01
1.323784722222222143e+01
1.171875000000000000e+01
1.063368055555555536e+01
9.982638888888887507e+00
9.765625000000000000e+00
9.982638888888889284e+00
1.063368055555555713e+01
1.171875000000000000e+01
1.323784722222222321e+01
1.519097222222222499e+01
1.757812500000000000e+01
2.039930555555555713e+01
2.365451388888889284e+01
2.734375000000000000e+01
3.146701388888889994e+01
3.602430555555556424e+01
4.101562500000000000e+01
3.862847222222222143e+01
3.363715277777777146e+01
2.907986111111111427e+01
2.495659722222222143e+01
2.126736111111110716e+01
1.801215277777777501e+01
1.519097222222222143e+01
1.280381944444444287e+01
1.085069444444444287e+01
9.331597222222221433e+00
8.246527777777776791e+00
7.595486111111109828e+00
7.378472222222221433e+00
7.595486111111110716e+00
8.246527777777778567e+00
9.331597222222221433e+00
1.085069444444444464e+01
1.280381944444444642e+01
1.519097222222222143e+01
1.801215277777777857e+01
2.126736111111111427e+01
2.495659722222222143e+01
2.907986111111112137e+01
3.363715277777778567e+01
3.862847222222222143e+01
3.667534722222222143e+01
3.168402777777777501e+01
2.712673611111111427e+01
2.300347222222222143e+01
1.931423611111110716e+01
1.605902777777777501e+01
1.323784722222222143e+01
1.085069444444444287e+01
8.897569444444442865e+00
7.378472222222221433e+00
6.293402777777776791e+00
5.642361111111109828e+00
5.425347222222221433e+00
5.642361111111110716e+00
6.293402777777778567e+00
7.378472222222221433e+00
8.897569444444444642e+00
1.085069444444444642e+01
1.323784722222222143e+01
1.605902777777777857e+01
1.931423611111111427e+01
2.300347222222222143e+01
2.712673611111112137e+01
3.168402777777778567e+01
3.667534722222222143e+01
3.515625000000000000e+01
3.016493055555555358e+01
2.560763888888889284e+01
2.148437500000000000e+01
1.779513888888888573e+01
1.453993055555555358e+01
1.171875000000000000e+01
9.331597222222221433e+00
7.378472222222221433e+00
5.859375000000000000e+00
4.774305555555555358e+00
4.123263888888888395e+00
3.906250000000000000e+00
4.123263888888889284e+00
4.774305555555557135e+00
5.859375000000000000e+00
7.378472222222223209e+00
9.331597222222224985e+00
1.171875000000000000e+01
1.453993055555555713e+01
1.779513888888889284e+01
2.148437500000000000e+01
2.560763888888889994e+01
3.016493055555556424e+01
3.515625000000000000e+01
3.407118055555555713e+01
2.907986111111110716e+01
2.452256944444444642e+01
2.039930555555555358e+01
1.671006944444444287e+01
1.345486111111110894e+01
1.063368055555555536e+01
8.246527777777776791e+00
6.293402777777776791e+00
4.774305555555555358e+00
3.689236111111109828e+00
3.038194444444442865e+00
2.821180555555554914e+00
3.038194444444444198e+00
3.689236111111111605e+00
4.774305555555555358e+00
6.293402777777778567e+00
8.246527777777780344e+00
1.063368055555555536e+01
1.345486111111111249e+01
1.671006944444444997e+01
2.039930555555555358e+01
2.452256944444445352e+01
2.907986111111111782e+01
3.407118055555555713e+01
3.342013888888888573e+01
2.842881944444444287e+01
2.387152777777778212e+01
1.974826388888888928e+01
1.605902777777777146e+01
1.280381944444444109e+01
9.982638888888887507e+00
7.595486111111109828e+00
5.642361111111109828e+00
4.123263888888888395e+00
3.038194444444442865e+00
2.387152777777776347e+00
2.170138888888888395e+00
2.387152777777777679e+00
3.038194444444445086e+00
4.123263888888888395e+00
5.642361111111111605e+00
7.595486111111113381e+00
9.982638888888887507e+00
1.280381944444444464e+01
1.605902777777777857e+01
1.974826388888888928e+01
2.387152777777778923e+01
2.842881944444445352e+01
3.342013888888888573e+01
3.320312500000000000e+01
2.821180555555555358e+01
2.365451388888889284e+01
1.953125000000000000e+01
1.584201388888888573e+01
1.258680555555555358e+01
9.765625000000000000e+00
7.378472222222221433e+00
5.425347222222221433e+00
3.906250000000000000e+00
2.821180555555554914e+00
2.170138888888888395e+00
1.953125000000000000e+00
2.170138888888889284e+00
2.821180555555556690e+00
3.906250000000000000e+00
5.425347222222223209e+00
7.378472222222224985e+00
9.765625000000000000e+00
1.258680555555555713e+01
1.584201388888889284e+01
1.953125000000000000e+01
2.365451388888889994e+01
2.821180555555556424e+01
3.320312500000000000e+01
3.342013888888888573e+01
2.842881944444444287e+01
2.387152777777778212e+01
1.974826388888888928e+01
1.605902777777777501e+01
1.280381944444444287e+01
9.982638888888889284e+00
7.595486111111110716e+00
5.642361111111110716e+00
4.123263888888889284e+00
3.038194444444444198e+00
2.387152777777777679e+00
2.170138888888889284e+00
2.387152777777778567e+00
3.038194444444445974e+00
4.123263888888889284e+00
5.642361111111112493e+00
7.595486111111114269e+00
9.982638888888889284e+00
1.280381944444444642e+01
1.605902777777778212e+01
1.974826388888888928e+01
2.387152777777778923e+01
2.842881944444445352e+01
3.342013888888888573e+01
3.407118055555555713e+01
2.907986111111111072e+01
2.452256944444444997e+01
2.039930555555555713e+01
1.671006944444444287e+01
1.345486111111111072e+01
1.063368055555555713e+01
8.246527777777778567e+00
6.293402777777778567e+00
4.774305555555557135e+00
3.689236111111111605e+00
3.038194444444445086e+00
2.821180555555556690e+00
3.038194444444445974e+00
3.689236111111113381e+00
4.774305555555557135e+00
6.293402777777780344e+00
8.246527777777782120e+00
1.063368055555555713e+01
1.345486111111111427e+01
1.671006944444444997e+01
2.039930555555555713e+01
2.452256944444445708e+01
2.907986111111112137e+01
3.407118055555555713e+01
3.515625000000000000e+01
3.016493055555555358e+01
2.560763888888889284e+01
2.148437500000000000e+01
1.779513888888888573e+01
1.453993055555555358e+01
1.171875000000000000e+01
9.331597222222221433e+00
7.378472222222221433e+00
5.859375000000000000e+00
4.774305555555555358e+00
4.123263888888888395e+00
3.906250000000000000e+00
4.123263888888889284e+00
4.774305555555557135e+00
5.859375000000000000e+00
7.378472222222223209e+00
9.331597222222224985e+00
1.171875000000000000e+01
1.453993055555555713e+01
1.779513888888889284e+01
2.148437500000000000e+01
2.560763888888889994e+01
3.016493055555556424e+01
3.515625000000000000e+01
3.667534722222222143e+01
3.168402777777777857e+01
2.712673611111111427e+01
2.300347222222222143e+01
1.931423611111110716e+01
1.605902777777777857e+01
1.323784722222222321e+01
1.085069444444444464e+01
8.897569444444444642e+00
7.378472222222223209e+00
6.293402777777778567e+00
5.642361111111111605e+00
5.425347222222223209e+00
5.642361111111112493e+00
6.293402777777780344e+00
7.378472222222223209e+00
8.897569444444446418e+00
1.085069444444444819e+01
1.323784722222222321e+01
1.605902777777777857e+01
1.931423611111111427e+01
2.300347222222222143e+01
2.712673611111112137e+01
3.168402777777778567e+01
3.667534722222222143e+01
3.862847222222222854e+01
3.363715277777777857e+01
2.907986111111111782e+01
2.495659722222222499e+01
2.126736111111111072e+01
1.801215277777777857e+01
1.519097222222222499e+01
1.280381944444444642e+01
1.085069444444444642e+01
9.331597222222224985e+00
8.246527777777780344e+00
7.595486111111113381e+00
7.378472222222224985e+00
7.595486111111114269e+00
8.246527777777782120e+00
9.331597222222224985e+00
1.085069444444444819e+01
1.280381944444444997e+01
1.519097222222222499e+01
1.801215277777778212e+01
2.126736111111111782e+01
2.495659722222222499e+01
2.907986111111112493e+01
3.363715277777778567e+01
3.862847222222222854e+01
4.101562500000000000e+01
3.602430555555555713e+01
3.146701388888889284e+01
2.734375000000000000e+01
2.365451388888888573e+01
2.039930555555555358e+01
1.757812500000000000e+01
1.519097222222222143e+01
1.323784722222222143e+01
1.171875000000000000e+01
1.063368055555555536e+01
9.982638888888887507e+00
9.765625000000000000e+00
9.982638888888889284e+00
1.063368055555555713e+01
1.171875000000000000e+01
1.323784722222222321e+01
1.519097222222222499e+01
1.757812500000000000e+01
2.039930555555555713e+01
2.365451388888889284e+01
2.734375000000000000e+01
3.146701388888889994e+01
3.602430555555556424e+01
4.101562500000000000e+01
4.383680555555555713e+01
3.884548611111111427e+01
3.428819444444444997e+01
3.016493055555555713e+01
2.647569444444444287e+01
2.322048611111111072e+01
2.039930555555555713e+01
1.801215277777777857e+01
1.605902777777777857e+01
1.453993055555555713e+01
1.345486111111111249e+01
1.280381944444444464e+01
1.258680555555555713e+01
1.280381944444444642e+01
1.345486111111111427e+01
1.453993055555555713e+01
1.605902777777777857e+01
1.801215277777778212e+01
2.039930555555555713e+01
2.322048611111111427e+01
2.647569444444444997e+01
3.016493055555555713e+01
3.428819444444445708e+01
3.884548611111112137e+01
4.383680555555555713e+01
4.709201388888889284e+01
4.210069444444444287e+01
3.754340277777778567e+01
3.342013888888889284e+01
2.973090277777777857e+01
2.647569444444444642e+01
2.365451388888889284e+01
2.126736111111111427e+01
1.931423611111111427e+01
1.779513888888889284e+01
1.671006944444444997e+01
1.605902777777777857e+01
1.584201388888889284e+01
1.605902777777778212e+01
1.671006944444444997e+01
1.779513888888889284e+01
1.931423611111111427e+01
2.126736111111111782e+01
2.365451388888889284e+01
2.647569444444444997e+01
2.973090277777778567e+01
3.342013888888889284e+01
3.754340277777779278e+01
4.210069444444445708e+01
4.709201388888889284e+01
5.078125000000000000e+01
4.578993055555555713e+01
4.123263888888889284e+01
3.710937500000000000e+01
3.342013888888888573e+01
3.016493055555555358e+01
2.734375000000000000e+01
2.495659722222222143e+01
2.300347222222222143e+01
2.148437500000000000e+01
2.039930555555555358e+01
1.974826388888888928e+01
1.953125000000000000e+01
1.974826388888888928e+01
2.039930555555555713e+01
2.148437500000000000e+01
2.300347222222222143e+01
2.495659722222222499e+01
2.734375000000000000e+01
3.016493055555555713e+01
3.342013888888889284e+01
3.710937500000000000e+01
4.123263888888889994e+01
4.578993055555556424e+01
5.078125000000000000e+01
5.490451388888889994e+01
4.991319444444445708e+01
4.535590277777779278e+01
4.123263888888889994e+01
3.754340277777778567e+01
3.428819444444445708e+01
3.146701388888889994e+01
2.907986111111112137e+01
2.712673611111112137e+01
2.560763888888889994e+01
2.452256944444445352e+01
2.387152777777778923e+01
2.365451388888889994e+01
2.387152777777778923e+01
2.452256944444445708e+01
2.560763888888889994e+01
2.712673611111112137e+01
2.907986111111112493e+01
3.146701388888889994e+01
3.428819444444445708e+01
3.754340277777779278e+01
4.123263888888889994e+01
4.535590277777779988e+01
4.991319444444446418e+01
5.490451388888889994e+01
5.946180555555556424e+01
5.447048611111111427e+01
4.991319444444445708e+01
4.578993055555556424e+01
4.210069444444444997e+01
3.884548611111111427e+01
3.602430555555556424e+01
3.363715277777778567e+01
3.168402777777778567e+01
3.016493055555556424e+01
2.907986111111111782e+01
2.842881944444445352e+01
2.821180555555556424e+01
2.842881944444445352e+01
2.907986111111112137e+01
3.016493055555556424e+01
3.168402777777778567e+01
3.363715277777778567e+01
3.602430555555556424e+01
3.884548611111112137e+01
4.210069444444445708e+01
4.578993055555556424e+01
4.991319444444446418e+01
5.447048611111112848e+01
5.946180555555556424e+01
6.445312500000000000e+01
5.946180555555555713e+01
5.490451388888889284e+01
5.078125000000000000e+01
4.709201388888888573e+01
4.383680555555555713e+01
4.101562500000000000e+01
3.862847222222222143e+01
3.667534722222222143e+01
3.515625000000000000e+01
3.407118055555555713e+01
3.342013888888888573e+01
3.320312500000000000e+01
3.342013888888888573e+01
3.407118055555555713e+01
3.515625000000000000e+01
3.667534722222222143e+01
3.862847222222222854e+01
4.101562500000000000e+01
4.383680555555555713e+01
4.709201388888889284e+01
5.078125000000000000e+01
5.490451388888889994e+01
5.946180555555556424e+01
6.445312500000000000e+01
6.597222222222222854e+01
6.098090277777777857e+01
5.642361111111111427e+01
5.230034722222222143e+01
4.861111111111110716e+01
4.535590277777777857e+01
4.253472222222222143e+01
4.014756944444444287e+01
3.819444444444444287e+01
3.667534722222222143e+01
3.559027777777777857e+01
3.493923611111111427e+01
3.472222222222222143e+01
3.493923611111111427e+01
3.559027777777777857e+01
3.667534722222222143e+01
3.819444444444444287e+01
4.014756944444444997e+01
4.253472222222222143e+01
4.535590277777777857e+01
4.861111111111111427e+01
5.230034722222222143e+01
5.642361111111112137e+01
6.098090277777778567e+01
6.597222222222222854e+01
6.098090277777777857e+01
5.598958333333332860e+01
5.143229166666666430e+01
4.730902777777777857e+01
4.361979166666666430e+01
4.036458333333332860e+01
3.754340277777777857e+01
3.515625000000000000e+01
3.320312500000000000e+01
3.168402777777777857e+01
3.059895833333332860e+01
2.994791666666666430e+01
2.973090277777777857e+01
2.994791666666666430e+01
3.059895833333333570e+01
3.168402777777777857e+01
3.320312500000000000e+01
3.515625000000000000e+01
3.754340277777777857e+01
4.036458333333333570e+01
4.361979166666666430e+01
4.730902777777777857e+01
5.143229166666667851e+01
5.598958333333333570e+01
6.098090277777777857e+01
5.642361111111111427e+01
5.143229166666666430e+01
4.687500000000000711e+01
4.275173611111111427e+01
3.906250000000000000e+01
3.580729166666666430e+01
3.298611111111111427e+01
3.059895833333333570e+01
2.864583333333333570e+01
2.712673611111111427e+01
2.604166666666667140e+01
2.539062500000000711e+01
2.517361111111111427e+01
2.539062500000000711e+01
2.604166666666667140e+01
2.712673611111111427e+01
2.864583333333333570e+01
3.059895833333334281e+01
3.298611111111111427e+01
3.580729166666667140e+01
3.906250000000000711e+01
4.275173611111111427e+01
4.687500000000001421e+01
5.143229166666667851e+01
5.642361111111111427e+01
5.230034722222222143e+01
4.730902777777777857e+01
4.275173611111111427e+01
3.862847222222222143e+01
3.493923611111110716e+01
3.168402777777777857e+01
2.886284722222222143e+01
2.647569444444444287e+01
2.452256944444444287e+01
2.300347222222222143e+01
2.191840277777777857e+01
2.126736111111111427e+01
2.105034722222222143e+01
2.126736111111111427e+01
2.191840277777777857e+01
2.300347222222222143e+01
2.452256944444444287e+01
2.647569444444444997e+01
2.886284722222222143e+01
3.168402777777777857e+01
3.493923611111111427e+01
3.862847222222222143e+01
4.275173611111112137e+01
4.730902777777778567e+01
5.230034722222222143e+01
4.861111111111110716e+01
4.361979166666666430e+01
3.906250000000000000e+01
3.493923611111110716e+01
3.124999999999999289e+01
2.799479166666666430e+01
2.517361111111110716e+01
2.278645833333332860e+01
2.083333333333332860e+01
1.931423611111110716e+01
1.822916666666666430e+01
1.757812499999999645e+01
1.736111111111110716e+01
1.757812500000000000e+01
1.822916666666666430e+01
1.931423611111110716e+01
2.083333333333332860e+01
2.278645833333333570e+01
2.517361111111110716e+01
2.799479166666666430e+01
3.125000000000000000e+01
3.493923611111110716e+01
3.906250000000000711e+01
4.361979166666667140e+01
4.861111111111110716e+01
4.535590277777777857e+01
4.036458333333332860e+01
3.580729166666666430e+01
3.168402777777777857e+01
2.799479166666666430e+01
2.473958333333332860e+01
2.191840277777777857e+01
1.953125000000000000e+01
1.757812500000000000e+01
1.605902777777777857e+01
1.497395833333333215e+01
1.432291666666666430e+01
1.410590277777777679e+01
1.432291666666666607e+01
1.497395833333333393e+01
1.605902777777777857e+01
1.757812500000000000e+01
1.953125000000000000e+01
2.191840277777777857e+01
2.473958333333333570e+01
2.799479166666667140e+01
3.168402777777777857e+01
3.580729166666667851e+01
4.036458333333333570e+01
4.535590277777777857e+01
4.253472222222222143e+01
3.754340277777777857e+01
3.298611111111111427e+01
2.886284722222222143e+01
2.517361111111110716e+01
2.191840277777777857e+01
1.909722222222222143e+01
1.671006944444444287e+01
1.475694444444444464e+01
1.323784722222222321e+01
1.215277777777777857e+01
1.150173611111111072e+01
1.128472222222222321e+01
1.150173611111111249e+01
1.215277777777778034e+01
1.323784722222222321e+01
1.475694444444444642e+01
1.671006944444444997e+01
1.909722222222222143e+01
2.191840277777777857e+01
2.517361111111111427e+01
2.886284722222222143e+01
3.298611111111112137e+01
3.754340277777778567e+01
4.253472222222222143e+01
4.014756944444444287e+01
3.515625000000000000e+01
3.059895833333333570e+01
2.647569444444444287e+01
2.278645833333332860e+01
1.953125000000000000e+01
1.671006944444444287e+01
1.432291666666666607e+01
1.236979166666666607e+01
1.085069444444444464e+01
9.765625000000000000e+00
9.114583333333332149e+00
8.897569444444444642e+00
9.114583333333333925e+00
9.765625000000001776e+00
1.085069444444444464e+01
1.236979166666666785e+01
1.432291666666666963e+01
1.671006944444444287e+01
1.953125000000000000e+01
2.278645833333333570e+01
2.647569444444444287e+01
3.059895833333334281e+01
3.515625000000000711e+01
4.014756944444444287e+01
3.819444444444444287e+01
3.320312500000000000e+01
2.864583333333333570e+01
2.452256944444444287e+01
2.083333333333332860e+01
1.757812500000000000e+01
1.475694444444444464e+01
1.236979166666666607e+01
1.041666666666666607e+01
8.897569444444444642e+00
7.812500000000000000e+00
7.161458333333333037e+00
6.944444444444444642e+00
7.161458333333333925e+00
7.812500000000001776e+00
8.897569444444444642e+00
1.041666666666666785e+01
1.236979166666666963e+01
1.475694444444444464e+01
1.757812500000000000e+01
2.083333333333333570e+01
2.452256944444444287e+01
2.864583333333334281e+01
3.320312500000000711e+01
3.819444444444444287e+01
3.667534722222222143e+01
3.168402777777777857e+01
2.712673611111111427e+01
2.300347222222222143e+01
1.931423611111110716e+01
1.605902777777777857e+01
1.323784722222222321e+01
1.085069444444444464e+01
8.897569444444444642e+00
7.378472222222223209e+00
6.293402777777778567e+00
5.642361111111111605e+00
5.425347222222223209e+00
5.642361111111112493e+00
6.293402777777780344e+00
7.378472222222223209e+00
8.897569444444446418e+00
1.085069444444444819e+01
1.323784722222222321e+01
1.605902777777777857e+01
1.931423611111111427e+01
2.300347222222222143e+01
2.712673611111112137e+01
3.168402777777778567e+01
3.667534722222222143e+01
3.559027777777777857e+01
3.059895833333332860e+01
2.604166666666667140e+01
2.191840277777777857e+01
1.822916666666666430e+01
1.497395833333333215e+01
1.215277777777777857e+01
9.765625000000000000e+00
7.812500000000000000e+00
6.293402777777778567e+00
5.208333333333333037e+00
4.557291666666666075e+00
4.340277777777778567e+00
4.557291666666667851e+00
5.208333333333334814e+00
6.293402777777778567e+00
7.812500000000001776e+00
9.765625000000003553e+00
1.215277777777777857e+01
1.497395833333333570e+01
1.822916666666667140e+01
2.191840277777777857e+01
2.604166666666667851e+01
3.059895833333334281e+01
3.559027777777777857e+01
3.493923611111111427e+01
2.994791666666666430e+01
2.539062500000000711e+01
2.126736111111111427e+01
1.757812499999999645e+01
1.432291666666666430e+01
1.150173611111111072e+01
9.114583333333332149e+00
7.161458333333333037e+00
5.642361111111111605e+00
4.557291666666666075e+00
3.906249999999999556e+00
3.689236111111111605e+00
3.906250000000000888e+00
4.557291666666667851e+00
5.642361111111111605e+00
7.161458333333334814e+00
9.114583333333335702e+00
1.150173611111111072e+01
1.432291666666666785e+01
1.757812500000000355e+01
2.126736111111111427e+01
2.539062500000001421e+01
2.994791666666667851e+01
3.493923611111111427e+01
3.472222222222222143e+01
2.973090277777777857e+01
2.517361111111111427e+01
2.105034722222222143e+01
1.736111111111110716e+01
1.410590277777777679e+01
1.128472222222222321e+01
8.897569444444444642e+00
6.944444444444444642e+00
5.425347222222223209e+00
4.340277777777778567e+00
3.689236111111111605e+00
3.472222222222223209e+00
3.689236111111112493e+00
4.340277777777780344e+00
5.425347222222223209e+00
6.944444444444446418e+00
8.897569444444448195e+00
1.128472222222222321e+01
1.410590277777778034e+01
1.736111111111111427e+01
2.105034722222222143e+01
2.517361111111112137e+01
2.973090277777778567e+01
3.472222222222222143e+01
3.493923611111111427e+01
2.994791666666666430e+01
2.539062500000000711e+01
2.126736111111111427e+01
1.757812500000000000e+01
1.432291666666666607e+01
1.150173611111111249e+01
9.114583333333333925e+00
7.161458333333333925e+00
5.642361111111112493e+00
4.557291666666667851e+00
3.906250000000000888e+00
3.689236111111112493e+00
3.906250000000001776e+00
4.557291666666669627e+00
5.642361111111112493e+00
7.161458333333335702e+00
9.114583333333337478e+00
1.150173611111111249e+01
1.432291666666666963e+01
1.757812500000000711e+01
2.126736111111111427e+01
2.539062500000001421e+01
2.994791666666667851e+01
3.493923611111111427e+01
3.559027777777777857e+01
3.059895833333333570e+01
2.604166666666667140e+01
2.191840277777777857e+01
1.822916666666666430e+01
1.497395833333333393e+01
1.215277777777778034e+01
9.765625000000001776e+00
7.812500000000001776e+00
6.293402777777780344e+00
5.208333333333334814e+00
4.557291666666667851e+00
4.340277777777780344e+00
4.557291666666669627e+00
5.208333333333336590e+00
6.293402777777780344e+00
7.812500000000003553e+00
9.765625000000005329e+00
1.215277777777778034e+01
1.497395833333333748e+01
1.822916666666667140e+01
2.191840277777777857e+01
2.604166666666667851e+01
3.059895833333334281e+01
3.559027777777777857e+01
3.667534722222222143e+01
3.168402777777777857e+01
2.712673611111111427e+01
2.300347222222222143e+01
1.931423611111110716e+01
1.605902777777777857e+01
1.323784722222222321e+01
1.085069444444444464e+01
8.897569444444444642e+00
7.378472222222223209e+00
6.293402777777778567e+00
5.642361111111111605e+00
5.425347222222223209e+00
5.642361111111112493e+00
6.293402777777780344e+00
7.378472222222223209e+00
8.897569444444446418e+00
1.085069444444444819e+01
1.323784722222222321e+01
1.605902777777777857e+01
1.931423611111111427e+01
2.300347222222222143e+01
2.712673611111112137e+01
3.168402777777778567e+01
3.667534722222222143e+01
3.819444444444444287e+01
3.320312500000000000e+01
2.864583333333333570e+01
2.452256944444444287e+01
2.083333333333332860e+01
1.757812500000000000e+01
1.475694444444444642e+01
1.236979166666666785e+01
1.041666666666666785e+01
8.897569444444446418e+00
7.812500000000001776e+00
7.161458333333334814e+00
6.944444444444446418e+00
7.161458333333335702e+00
7.812500000000003553e+00
8.897569444444446418e+00
1.041666666666666963e+01
1.236979166666667140e+01
1.475694444444444642e+01
1.757812500000000355e+01
2.083333333333333570e+01
2.452256944444444287e+01
2.864583333333334281e+01
3.320312500000000711e+01
3.819444444444444287e+01
4.014756944444444997e+01
3.515625000000000000e+01
3.059895833333334281e+01
2.647569444444444997e+01
2.278645833333333570e+01
1.953125000000000000e+01
1.671006944444444997e+01
1.432291666666666963e+01
1.236979166666666963e+01
1.085069444444444819e+01
9.765625000000003553e+00
9.114583333333335702e+00
8.897569444444448195e+00
9.114583333333337478e+00
9.765625000000005329e+00
1.085069444444444819e+01
1.236979166666667140e+01
1.432291666666667318e+01
1.671006944444444997e+01
1.953125000000000711e+01
2.278645833333334281e+01
2.647569444444444997e+01
3.059895833333334991e+01
3.515625000000001421e+01
4.014756944444444997e+01
4.253472222222222143e+01
3.754340277777777857e+01
3.298611111111111427e+01
2.886284722222222143e+01
2.517361111111110716e+01
2.191840277777777857e+01
1.909722222222222143e+01
1.671006944444444287e+01
1.475694444444444464e+01
1.323784722222222321e+01
1.215277777777777857e+01
1.150173611111111072e+01
1.128472222222222321e+01
1.150173611111111249e+01
1.215277777777778034e+01
1.323784722222222321e+01
1.475694444444444642e+01
1.671006944444444997e+01
1.909722222222222143e+01
2.191840277777777857e+01
2.517361111111111427e+01
2.886284722222222143e+01
3.298611111111112137e+01
3.754340277777778567e+01
4.253472222222222143e+01
4.535590277777777857e+01
4.036458333333333570e+01
3.580729166666667140e+01
3.168402777777777857e+01
2.799479166666666430e+01
2.473958333333333570e+01
2.191840277777777857e+01
1.953125000000000000e+01
1.757812500000000000e+01
1.605902777777777857e+01
1.497395833333333570e+01
1.432291666666666785e+01
1.410590277777778034e+01
1.432291666666666963e+01
1.497395833333333748e+01
1.605902777777777857e+01
1.757812500000000355e+01
1.953125000000000711e+01
2.191840277777777857e+01
2.473958333333333570e+01
2.799479166666667140e+01
3.168402777777777857e+01
3.580729166666667851e+01
4.036458333333334281e+01
4.535590277777777857e+01
4.861111111111111427e+01
4.361979166666666430e+01
3.906250000000000711e+01
3.493923611111111427e+01
3.125000000000000000e+01
2.799479166666667140e+01
2.517361111111111427e+01
2.278645833333333570e+01
2.083333333333333570e+01
1.931423611111111427e+01
1.822916666666667140e+01
1.757812500000000355e+01
1.736111111111111427e+01
1.757812500000000711e+01
1.822916666666667140e+01
1.931423611111111427e+01
2.083333333333333570e+01
2.278645833333334281e+01
2.517361111111111427e+01
2.799479166666667140e+01
3.125000000000000711e+01
3.493923611111111427e+01
3.906250000000001421e+01
4.361979166666667851e+01
4.861111111111111427e+01
5.230034722222222143e+01
4.730902777777777857e+01
4.275173611111111427e+01
3.862847222222222143e+01
3.493923611111110716e+01
3.168402777777777857e+01
2.886284722222222143e+01
2.647569444444444287e+01
2.452256944444444287e+01
2.300347222222222143e+01
2.191840277777777857e+01
2.126736111111111427e+01
2.105034722222222143e+01
2.126736111111111427e+01
2.191840277777777857e+01
2.300347222222222143e+01
2.452256944444444287e+01
2.647569444444444997e+01
2.886284722222222143e+01
3.168402777777777857e+01
3.493923611111111427e+01
3.862847222222222143e+01
4.275173611111112137e+01
4.730902777777778567e+01
5.230034722222222143e+01
5.642361111111112137e+01
5.143229166666667851e+01
4.687500000000001421e+01
4.275173611111112137e+01
3.906250000000000711e+01
3.580729166666667851e+01
3.298611111111112137e+01
3.059895833333334281e+01
2.864583333333334281e+01
2.712673611111112137e+01
2.604166666666667851e+01
2.539062500000001421e+01
2.517361111111112137e+01
2.539062500000001421e+01
2.604166666666667851e+01
2.712673611111112137e+01
2.864583333333334281e+01
3.059895833333334991e+01
3.298611111111112137e+01
3.580729166666667851e+01
3.906250000000001421e+01
4.275173611111112137e+01
4.687500000000002132e+01
5.143229166666668561e+01
5.642361111111112137e+01
6.098090277777778567e+01
5.598958333333333570e+01
5.143229166666667851e+01
4.730902777777778567e+01
4.361979166666667140e+01
4.036458333333333570e+01
3.754340277777778567e+01
3.515625000000000711e+01
3.320312500000000711e+01
3.168402777777778567e+01
3.059895833333334281e+01
2.994791666666667851e+01
2.973090277777778567e+01
2.994791666666667851e+01
3.059895833333334281e+01
3.168402777777778567e+01
3.320312500000000711e+01
3.515625000000001421e+01
3.754340277777778567e+01
4.036458333333334281e+01
4.361979166666667851e+01
4.730902777777778567e+01
5.143229166666668561e+01
5.598958333333334991e+01
6.098090277777778567e+01
6.597222222222222854e+01
6.098090277777777857e+01
5.642361111111111427e+01
5.230034722222222143e+01
4.861111111111110716e+01
4.535590277777777857e+01
4.253472222222222143e+01
4.014756944444444287e+01
3.819444444444444287e+01
3.667534722222222143e+01
3.559027777777777857e+01
3.493923611111111427e+01
3.472222222222222143e+01
3.493923611111111427e+01
3.559027777777777857e+01
3.667534722222222143e+01
3.819444444444444287e+01
4.014756944444444997e+01
4.253472222222222143e+01
4.535590277777777857e+01
4.861111111111111427e+01
5.230034722222222143e+01
5.642361111111112137e+01
6.098090277777778567e+01
6.597222222222222854e+01
6.792534722222222854e+01
6.293402777777778567e+01
5.837673611111111427e+01
5.425347222222222854e+01
5.056423611111111427e+01
4.730902777777778567e+01
4.448784722222222854e+01
4.210069444444444287e+01
4.014756944444444287e+01
3.862847222222222854e+01
3.754340277777778567e+01
3.689236111111111427e+01
3.667534722222222854e+01
3.689236111111111427e+01
3.754340277777778567e+01
3.862847222222222854e+01
4.014756944444444287e+01
4.210069444444445708e+01
4.448784722222222854e+01
4.730902777777778567e+01
5.056423611111111427e+01
5.425347222222222854e+01
5.837673611111112848e+01
6.293402777777778567e+01
6.792534722222222854e+01
6.293402777777778567e+01
5.794270833333332860e+01
5.338541666666667140e+01
4.926215277777778567e+01
4.557291666666667140e+01
4.231770833333332860e+01
3.949652777777778567e+01
3.710937500000000000e+01
3.515625000000000000e+01
3.363715277777777857e+01
3.255208333333332860e+01
3.190104166666666785e+01
3.168402777777777857e+01
3.190104166666666785e+01
3.255208333333333570e+01
3.363715277777777857e+01
3.515625000000000000e+01
3.710937500000000000e+01
3.949652777777778567e+01
4.231770833333334281e+01
4.557291666666667140e+01
4.926215277777778567e+01
5.338541666666668561e+01
5.794270833333334281e+01
6.293402777777778567e+01
5.837673611111111427e+01
5.338541666666667140e+01
4.882812500000001421e+01
4.470486111111111427e+01
4.101562500000000000e+01
3.776041666666667140e+01
3.493923611111111427e+01
3.255208333333334281e+01
3.059895833333333925e+01
2.907986111111111782e+01
2.799479166666667140e+01
2.734375000000000711e+01
2.712673611111111782e+01
2.734375000000000711e+01
2.799479166666667496e+01
2.907986111111111782e+01
3.059895833333333925e+01
3.255208333333334281e+01
3.493923611111111427e+01
3.776041666666667140e+01
4.101562500000001421e+01
4.470486111111111427e+01
4.882812500000001421e+01
5.338541666666668561e+01
5.837673611111111427e+01
5.425347222222222854e+01
4.926215277777778567e+01
4.470486111111111427e+01
4.058159722222222854e+01
3.689236111111111427e+01
3.363715277777777857e+01
3.081597222222222499e+01
2.842881944444444642e+01
2.647569444444444642e+01
2.495659722222222499e+01
2.387152777777777857e+01
2.322048611111111427e+01
2.300347222222222499e+01
2.322048611111111427e+01
2.387152777777778212e+01
2.495659722222222499e+01
2.647569444444444642e+01
2.842881944444444997e+01
3.081597222222222499e+01
3.363715277777778567e+01
3.689236111111111427e+01
4.058159722222222854e+01
4.470486111111112848e+01
4.926215277777778567e+01
5.425347222222222854e+01
5.056423611111111427e+01
4.557291666666667140e+01
4.101562500000000000e+01
3.689236111111111427e+01
3.320312500000000000e+01
2.994791666666666430e+01
2.712673611111111072e+01
2.473958333333333215e+01
2.278645833333333215e+01
2.126736111111111072e+01
2.018229166666666430e+01
1.953125000000000000e+01
1.931423611111111072e+01
1.953125000000000000e+01
2.018229166666666785e+01
2.126736111111111072e+01
2.278645833333333215e+01
2.473958333333333570e+01
2.712673611111111072e+01
2.994791666666666785e+01
3.320312500000000000e+01
3.689236111111111427e+01
4.101562500000001421e+01
4.557291666666667140e+01
5.056423611111111427e+01
4.730902777777778567e+01
4.231770833333332860e+01
3.776041666666667140e+01
3.363715277777777857e+01
2.994791666666666430e+01
2.669270833333333215e+01
2.387152777777777857e+01
2.148437500000000000e+01
1.953125000000000000e+01
1.801215277777777857e+01
1.692708333333333570e+01
1.627604166666666430e+01
1.605902777777777857e+01
1.627604166666666785e+01
1.692708333333333570e+01
1.801215277777777857e+01
1.953125000000000000e+01
2.148437500000000355e+01
2.387152777777777857e+01
2.669270833333333570e+01
2.994791666666667140e+01
3.363715277777777857e+01
3.776041666666668561e+01
4.231770833333334281e+01
4.730902777777778567e+01
4.448784722222222854e+01
3.949652777777778567e+01
3.493923611111111427e+01
3.081597222222222499e+01
2.712673611111111072e+01
2.387152777777777857e+01
2.105034722222222499e+01
1.866319444444444642e+01
1.671006944444444642e+01
1.519097222222222499e+01
1.410590277777778034e+01
1.345486111111111249e+01
1.323784722222222499e+01
1.345486111111111427e+01
1.410590277777778212e+01
1.519097222222222499e+01
1.671006944444444997e+01
1.866319444444444997e+01
2.105034722222222499e+01
2.387152777777778212e+01
2.712673611111111782e+01
3.081597222222222499e+01
3.493923611111112848e+01
3.949652777777778567e+01
4.448784722222222854e+01
4.210069444444444287e+01
3.710937500000000000e+01
3.255208333333334281e+01
2.842881944444444642e+01
2.473958333333333215e+01
2.148437500000000000e+01
1.866319444444444642e+01
1.627604166666666785e+01
1.432291666666666785e+01
1.280381944444444642e+01
1.171875000000000178e+01
1.106770833333333570e+01
1.085069444444444642e+01
1.106770833333333570e+01
1.171875000000000355e+01
1.280381944444444642e+01
1.432291666666666963e+01
1.627604166666667140e+01
1.866319444444444642e+01
2.148437500000000355e+01
2.473958333333333925e+01
2.842881944444444642e+01
3.255208333333334281e+01
3.710937500000001421e+01
4.210069444444444287e+01
4.014756944444444287e+01
3.515625000000000000e+01
3.059895833333333925e+01
2.647569444444444642e+01
2.278645833333333215e+01
1.953125000000000000e+01
1.671006944444444642e+01
1.432291666666666785e+01
1.236979166666666785e+01
1.085069444444444642e+01
9.765625000000001776e+00
9.114583333333335702e+00
8.897569444444446418e+00
9.114583333333335702e+00
9.765625000000003553e+00
1.085069444444444642e+01
1.236979166666666963e+01
1.432291666666667140e+01
1.671006944444444642e+01
1.953125000000000355e+01
2.278645833333333925e+01
2.647569444444444642e+01
3.059895833333334636e+01
3.515625000000001421e+01
4.014756944444444287e+01
3.862847222222222854e+01
3.363715277777777857e+01
2.907986111111111782e+01
2.495659722222222499e+01
2.126736111111111072e+01
1.801215277777777857e+01
1.519097222222222499e+01
1.280381944444444642e+01
1.085069444444444642e+01
9.331597222222224985e+00
8.246527777777780344e+00
7.595486111111113381e+00
7.378472222222224985e+00
7.595486111111114269e+00
8.246527777777782120e+00
9.331597222222224985e+00
1.085069444444444819e+01
1.280381944444444997e+01
1.519097222222222499e+01
1.801215277777778212e+01
2.126736111111111782e+01
2.495659722222222499e+01
2.907986111111112493e+01
3.363715277777778567e+01
3.862847222222222854e+01
3.754340277777778567e+01
3.255208333333332860e+01
2.799479166666667140e+01
2.387152777777777857e+01
2.018229166666666430e+01
1.692708333333333570e+01
1.410590277777778034e+01
1.171875000000000178e+01
9.765625000000001776e+00
8.246527777777780344e+00
7.161458333333334814e+00
6.510416666666667851e+00
6.293402777777780344e+00
6.510416666666669627e+00
7.161458333333336590e+00
8.246527777777780344e+00
9.765625000000003553e+00
1.171875000000000533e+01
1.410590277777778034e+01
1.692708333333333570e+01
2.018229166666667140e+01
2.387152777777777857e+01
2.799479166666667851e+01
3.255208333333334281e+01
3.754340277777778567e+01
3.689236111111111427e+01
3.190104166666666785e+01
2.734375000000000711e+01
2.322048611111111427e+01
1.953125000000000000e+01
1.627604166666666430e+01
1.345486111111111249e+01
1.106770833333333570e+01
9.114583333333335702e+00
7.595486111111113381e+00
6.510416666666667851e+00
5.859375000000001776e+00
5.642361111111113381e+00
5.859375000000002665e+00
6.510416666666669627e+00
7.595486111111113381e+00
9.114583333333335702e+00
1.106770833333333925e+01
1.345486111111111249e+01
1.627604166666667140e+01
1.953125000000000711e+01
2.322048611111111427e+01
2.734375000000001421e+01
3.190104166666667851e+01
3.689236111111111427e+01
3.667534722222222854e+01
3.168402777777777857e+01
2.712673611111111782e+01
2.300347222222222499e+01
1.931423611111111072e+01
1.605902777777777857e+01
1.323784722222222499e+01
1.085069444444444642e+01
8.897569444444446418e+00
7.378472222222224985e+00
6.293402777777780344e+00
5.642361111111113381e+00
5.425347222222224985e+00
5.642361111111114269e+00
6.293402777777782120e+00
7.378472222222224985e+00
8.897569444444448195e+00
1.085069444444444997e+01
1.323784722222222499e+01
1.605902777777778212e+01
1.931423611111111782e+01
2.300347222222222499e+01
2.712673611111112493e+01
3.168402777777778923e+01
3.667534722222222854e+01
3.689236111111111427e+01
3.190104166666666785e+01
2.734375000000000711e+01
2.322048611111111427e+01
1.953125000000000000e+01
1.627604166666666785e+01
1.345486111111111427e+01
1.106770833333333570e+01
9.114583333333335702e+00
7.595486111111114269e+00
6.510416666666669627e+00
5.859375000000002665e+00
5.642361111111114269e+00
5.859375000000003553e+00
6.510416666666671404e+00
7.595486111111114269e+00
9.114583333333337478e+00
1.106770833333333925e+01
1.345486111111111427e+01
1.627604166666667140e+01
1.953125000000000711e+01
2.322048611111111427e+01
2.734375000000001421e+01
3.190104166666667851e+01
3.689236111111111427e+01
3.754340277777778567e+01
3.255208333333333570e+01
2.799479166666667496e+01
2.387152777777778212e+01
2.018229166666666785e+01
1.692708333333333570e+01
1.410590277777778212e+01
1.171875000000000355e+01
9.765625000000003553e+00
8.246527777777782120e+00
7.161458333333336590e+00
6.510416666666669627e+00
6.293402777777782120e+00
6.510416666666671404e+00
7.161458333333338366e+00
8.246527777777782120e+00
9.765625000000005329e+00
1.171875000000000711e+01
1.410590277777778212e+01
1.692708333333333925e+01
2.018229166666667496e+01
2.387152777777778212e+01
2.799479166666668206e+01
3.255208333333334281e+01
3.754340277777778567e+01
3.862847222222222854e+01
3.363715277777777857e+01
2.907986111111111782e+01
2.495659722222222499e+01
2.126736111111111072e+01
1.801215277777777857e+01
1.519097222222222499e+01
1.280381944444444642e+01
1.085069444444444642e+01
9.331597222222224985e+00
8.246527777777780344e+00
7.595486111111113381e+00
7.378472222222224985e+00
7.595486111111114269e+00
8.246527777777782120e+00
9.331597222222224985e+00
1.085069444444444819e+01
1.280381944444444997e+01
1.519097222222222499e+01
1.801215277777778212e+01
2.126736111111111782e+01
2.495659722222222499e+01
2.907986111111112493e+01
3.363715277777778567e+01
3.862847222222222854e+01
4.014756944444444287e+01
3.515625000000000000e+01
3.059895833333333925e+01
2.647569444444444642e+01
2.278645833333333215e+01
1.953125000000000000e+01
1.671006944444444997e+01
1.432291666666666963e+01
1.236979166666666963e+01
1.085069444444444819e+01
9.765625000000003553e+00
9.114583333333335702e+00
8.897569444444448195e+00
9.114583333333337478e+00
9.765625000000005329e+00
1.085069444444444819e+01
1.236979166666667140e+01
1.432291666666667318e+01
1.671006944444444997e+01
1.953125000000000711e+01
2.278645833333333925e+01
2.647569444444444642e+01
3.059895833333334636e+01
3.515625000000001421e+01
4.014756944444444287e+01
4.210069444444445708e+01
3.710937500000000000e+01
3.255208333333334281e+01
2.842881944444444997e+01
2.473958333333333570e+01
2.148437500000000355e+01
1.866319444444444997e+01
1.627604166666667140e+01
1.432291666666667140e+01
1.280381944444444997e+01
1.171875000000000533e+01
1.106770833333333925e+01
1.085069444444444997e+01
1.106770833333333925e+01
1.171875000000000711e+01
1.280381944444444997e+01
1.432291666666667318e+01
1.627604166666667496e+01
1.866319444444444997e+01
2.148437500000000711e+01
2.473958333333334281e+01
2.842881944444444997e+01
3.255208333333334991e+01
3.710937500000001421e+01
4.210069444444445708e+01
4.448784722222222854e+01
3.949652777777778567e+01
3.493923611111111427e+01
3.081597222222222499e+01
2.712673611111111072e+01
2.387152777777777857e+01
2.105034722222222499e+01
1.866319444444444642e+01
1.671006944444444642e+01
1.519097222222222499e+01
1.410590277777778034e+01
1.345486111111111249e+01
1.323784722222222499e+01
1.345486111111111427e+01
1.410590277777778212e+01
1.519097222222222499e+01
1.671006944444444997e+01
1.866319444444444997e+01
2.105034722222222499e+01
2.387152777777778212e+01
2.712673611111111782e+01
3.081597222222222499e+01
3.493923611111112848e+01
3.949652777777778567e+01
4.448784722222222854e+01
4.730902777777778567e+01
4.231770833333334281e+01
3.776041666666667140e+01
3.363715277777778567e+01
2.994791666666666785e+01
2.669270833333333570e+01
2.387152777777778212e+01
2.148437500000000355e+01
1.953125000000000355e+01
1.801215277777778212e+01
1.692708333333333570e+01
1.627604166666667140e+01
1.605902777777778212e+01
1.627604166666667140e+01
1.692708333333333925e+01
1.801215277777778212e+01
1.953125000000000711e+01
2.148437500000000711e+01
2.387152777777778212e+01
2.669270833333333925e+01
2.994791666666667496e+01
3.363715277777778567e+01
3.776041666666668561e+01
4.231770833333334281e+01
4.730902777777778567e+01
5.056423611111111427e+01
4.557291666666667140e+01
4.101562500000001421e+01
3.689236111111111427e+01
3.320312500000000000e+01
2.994791666666667140e+01
2.712673611111111782e+01
2.473958333333333925e+01
2.278645833333333925e+01
2.126736111111111782e+01
2.018229166666667140e+01
1.953125000000000711e+01
1.931423611111111782e+01
1.953125000000000711e+01
2.018229166666667496e+01
2.126736111111111782e+01
2.278645833333333925e+01
2.473958333333334281e+01
2.712673611111111782e+01
2.994791666666667496e+01
3.320312500000001421e+01
3.689236111111111427e+01
4.101562500000001421e+01
4.557291666666668561e+01
5.056423611111111427e+01
5.425347222222222854e+01
4.926215277777778567e+01
4.470486111111111427e+01
4.058159722222222854e+01
3.689236111111111427e+01
3.363715277777777857e+01
3.081597222222222499e+01
2.842881944444444642e+01
2.647569444444444642e+01
2.495659722222222499e+01
2.387152777777777857e+01
2.322048611111111427e+01
2.300347222222222499e+01
2.322048611111111427e+01
2.387152777777778212e+01
2.495659722222222499e+01
2.647569444444444642e+01
2.842881944444444997e+01
3.081597222222222499e+01
3.363715277777778567e+01
3.689236111111111427e+01
4.058159722222222854e+01
4.470486111111112848e+01
4.926215277777778567e+01
5.425347222222222854e+01
5.837673611111112848e+01
5.338541666666668561e+01
4.882812500000001421e+01
4.470486111111112848e+01
4.101562500000001421e+01
3.776041666666668561e+01
3.493923611111112848e+01
3.255208333333334281e+01
3.059895833333334636e+01
2.907986111111112493e+01
2.799479166666667851e+01
2.734375000000001421e+01
2.712673611111112493e+01
2.734375000000001421e+01
2.799479166666668206e+01
2.907986111111112493e+01
3.059895833333334636e+01
3.255208333333334991e+01
3.493923611111112848e+01
3.776041666666668561e+01
4.101562500000001421e+01
4.470486111111112848e+01
4.882812500000002842e+01
5.338541666666668561e+01
5.837673611111112848e+01
6.293402777777778567e+01
5.794270833333334281e+01
5.338541666666668561e+01
4.926215277777778567e+01
4.557291666666667140e+01
4.231770833333334281e+01
3.949652777777778567e+01
3.710937500000001421e+01
3.515625000000001421e+01
3.363715277777778567e+01
3.255208333333334281e+01
3.190104166666667851e+01
3.168402777777778923e+01
3.190104166666667851e+01
3.255208333333334281e+01
3.363715277777778567e+01
3.515625000000001421e+01
3.710937500000001421e+01
3.949652777777778567e+01
4.231770833333334281e+01
4.557291666666668561e+01
4.926215277777778567e+01
5.338541666666668561e+01
5.794270833333335702e+01
6.293402777777778567e+01
6.792534722222222854e+01
6.293402777777778567e+01
5.837673611111111427e+01
5.425347222222222854e+01
5.056423611111111427e+01
4.730902777777778567e+01
4.448784722222222854e+01
4.210069444444444287e+01
4.014756944444444287e+01
3.862847222222222854e+01
3.754340277777778567e+01
3.689236111111111427e+01
3.667534722222222854e+01
3.689236111111111427e+01
3.754340277777778567e+01
3.862847222222222854e+01
4.014756944444444287e+01
4.210069444444445708e+01
4.448784722222222854e+01
4.730902777777778567e+01
5.056423611111111427e+01
5.425347222222222854e+01
5.837673611111112848e+01
6.293402777777778567e+01
6.792534722222222854e+01
7.031250000000000000e+01
6.532118055555555713e+01
6.076388888888889284e+01
5.664062500000000000e+01
5.295138888888888573e+01
4.969618055555555713e+01
4.687500000000000000e+01
4.448784722222222143e+01
4.253472222222222143e+01
4.101562500000000000e+01
3.993055555555555713e+01
3.927951388888888573e+01
3.906250000000000000e+01
3.927951388888888573e+01
3.993055555555555713e+01
4.101562500000000000e+01
4.253472222222222143e+01
4.448784722222222854e+01
4.687500000000000000e+01
4.969618055555555713e+01
5.295138888888889284e+01
5.664062500000000000e+01
6.076388888888889994e+01
6.532118055555557135e+01
7.031250000000000000e+01
6.532118055555555713e+01
6.032986111111110716e+01
5.577256944444444287e+01
5.164930555555555713e+01
4.796006944444444287e+01
4.470486111111110716e+01
4.188368055555555713e+01
3.949652777777777146e+01
3.754340277777777146e+01
3.602430555555555713e+01
3.493923611111110716e+01
3.428819444444444287e+01
3.407118055555555713e+01
3.428819444444444287e+01
3.493923611111111427e+01
3.602430555555555713e+01
3.754340277777777857e+01
3.949652777777777857e+01
4.188368055555555713e+01
4.470486111111111427e+01
4.796006944444444287e+01
5.164930555555555713e+01
5.577256944444445708e+01
6.032986111111111427e+01
6.532118055555555713e+01
6.076388888888889284e+01
5.577256944444444287e+01
5.121527777777778567e+01
4.709201388888889284e+01
4.340277777777777857e+01
4.014756944444444287e+01
3.732638888888889284e+01
3.493923611111111427e+01
3.298611111111111427e+01
3.146701388888889284e+01
3.038194444444444642e+01
2.973090277777778212e+01
2.951388888888889284e+01
2.973090277777778212e+01
3.038194444444444997e+01
3.146701388888889284e+01
3.298611111111111427e+01
3.493923611111111427e+01
3.732638888888889284e+01
4.014756944444444997e+01
4.340277777777778567e+01
4.709201388888889284e+01
5.121527777777779278e+01
5.577256944444445708e+01
6.076388888888889284e+01
5.664062500000000000e+01
5.164930555555555713e+01
4.709201388888889284e+01
4.296875000000000000e+01
3.927951388888888573e+01
3.602430555555555713e+01
3.320312500000000000e+01
3.081597222222222143e+01
2.886284722222222143e+01
2.734375000000000000e+01
2.625868055555555358e+01
2.560763888888888928e+01
2.539062500000000000e+01
2.560763888888888928e+01
2.625868055555555713e+01
2.734375000000000000e+01
2.886284722222222143e+01
3.081597222222222499e+01
3.320312500000000000e+01
3.602430555555555713e+01
3.927951388888889284e+01
4.296875000000000000e+01
4.709201388888889994e+01
5.164930555555556424e+01
5.664062500000000000e+01
5.295138888888888573e+01
4.796006944444444287e+01
4.340277777777777857e+01
3.927951388888888573e+01
3.559027777777777146e+01
3.233506944444444287e+01
2.951388888888888573e+01
2.712673611111110716e+01
2.517361111111110716e+01
2.365451388888888573e+01
2.256944444444444287e+01
2.191840277777777146e+01
2.170138888888888573e+01
2.191840277777777501e+01
2.256944444444444287e+01
2.365451388888888573e+01
2.517361111111110716e+01
2.712673611111111072e+01
2.951388888888888573e+01
3.233506944444444287e+01
3.559027777777777857e+01
3.927951388888888573e+01
4.340277777777778567e+01
4.796006944444444997e+01
5.295138888888888573e+01
4.969618055555555713e+01
4.470486111111110716e+01
4.014756944444444287e+01
3.602430555555555713e+01
3.233506944444444287e+01
2.907986111111110716e+01
2.625868055555555358e+01
2.387152777777777501e+01
2.191840277777777501e+01
2.039930555555555358e+01
1.931423611111110716e+01
1.866319444444444287e+01
1.844618055555555358e+01
1.866319444444444287e+01
1.931423611111111072e+01
2.039930555555555358e+01
2.191840277777777857e+01
2.387152777777777857e+01
2.625868055555555358e+01
2.907986111111111072e+01
3.233506944444444287e+01
3.602430555555555713e+01
4.014756944444445708e+01
4.470486111111111427e+01
4.969618055555555713e+01
4.687500000000000000e+01
4.188368055555555713e+01
3.732638888888889284e+01
3.320312500000000000e+01
2.951388888888888573e+01
2.625868055555555358e+01
2.343750000000000000e+01
2.105034722222222143e+01
1.909722222222222143e+01
1.757812500000000000e+01
1.649305555555555713e+01
1.584201388888888751e+01
1.562500000000000000e+01
1.584201388888888928e+01
1.649305555555555713e+01
1.757812500000000000e+01
1.909722222222222143e+01
2.105034722222222499e+01
2.343750000000000000e+01
2.625868055555555713e+01
2.951388888888889284e+01
3.320312500000000000e+01
3.732638888888889994e+01
4.188368055555556424e+01
4.687500000000000000e+01
4.448784722222222143e+01
3.949652777777777146e+01
3.493923611111111427e+01
3.081597222222222143e+01
2.712673611111110716e+01
2.387152777777777501e+01
2.105034722222222143e+01
1.866319444444444287e+01
1.671006944444444287e+01
1.519097222222222143e+01
1.410590277777777679e+01
1.345486111111111072e+01
1.323784722222222143e+01
1.345486111111111072e+01
1.410590277777777857e+01
1.519097222222222143e+01
1.671006944444444287e+01
1.866319444444444642e+01
2.105034722222222143e+01
2.387152777777777857e+01
2.712673611111111427e+01
3.081597222222222143e+01
3.493923611111112137e+01
3.949652777777778567e+01
4.448784722222222143e+01
4.253472222222222143e+01
3.754340277777777146e+01
3.298611111111111427e+01
2.886284722222222143e+01
2.517361111111110716e+01
2.191840277777777501e+01
1.909722222222222143e+01
1.671006944444444287e+01
1.475694444444444287e+01
1.323784722222222143e+01
1.215277777777777679e+01
1.150173611111111072e+01
1.128472222222222143e+01
1.150173611111111072e+01
1.215277777777777857e+01
1.323784722222222143e+01
1.475694444444444464e+01
1.671006944444444642e+01
1.909722222222222143e+01
2.191840277777777857e+01
2.517361111111111427e+01
2.886284722222222143e+01
3.298611111111112137e+01
3.754340277777778567e+01
4.253472222222222143e+01
4.101562500000000000e+01
3.602430555555555713e+01
3.146701388888889284e+01
2.734375000000000000e+01
2.365451388888888573e+01
2.039930555555555358e+01
1.757812500000000000e+01
1.519097222222222143e+01
1.323784722222222143e+01
1.171875000000000000e+01
1.063368055555555536e+01
9.982638888888889284e+00
9.765625000000000000e+00
9.982638888888889284e+00
1.063368055555555713e+01
1.171875000000000000e+01
1.323784722222222321e+01
1.519097222222222499e+01
1.757812500000000000e+01
2.039930555555555713e+01
2.365451388888889284e+01
2.734375000000000000e+01
3.146701388888889994e+01
3.602430555555556424e+01
4.101562500000000000e+01
3.993055555555555713e+01
3.493923611111110716e+01
3.038194444444444642e+01
2.625868055555555358e+01
2.256944444444444287e+01
1.931423611111110716e+01
1.649305555555555713e+01
1.410590277777777679e+01
1.215277777777777679e+01
1.063368055555555536e+01
9.548611111111110716e+00
8.897569444444442865e+00
8.680555555555555358e+00
8.897569444444444642e+00
9.548611111111110716e+00
1.063368055555555536e+01
1.215277777777777857e+01
1.410590277777778034e+01
1.649305555555555713e+01
1.931423611111111427e+01
2.256944444444444997e+01
2.625868055555555358e+01
3.038194444444445352e+01
3.493923611111111427e+01
3.993055555555555713e+01
3.927951388888888573e+01
3.428819444444444287e+01
2.973090277777778212e+01
2.560763888888888928e+01
2.191840277777777146e+01
1.866319444444444287e+01
1.584201388888888751e+01
1.345486111111111072e+01
1.150173611111111072e+01
9.982638888888889284e+00
8.897569444444442865e+00
8.246527777777776791e+00
8.029513888888887507e+00
8.246527777777776791e+00
8.897569444444444642e+00
9.982638888888889284e+00
1.150173611111111072e+01
1.345486111111111427e+01
1.584201388888888751e+01
1.866319444444444287e+01
2.191840277777777857e+01
2.560763888888888928e+01
2.973090277777778923e+01
3.428819444444445708e+01
3.927951388888888573e+01
3.906250000000000000e+01
3.407118055555555713e+01
2.951388888888889284e+01
2.539062500000000000e+01
2.170138888888888573e+01
1.844618055555555358e+01
1.562500000000000000e+01
1.323784722222222143e+01
1.128472222222222143e+01
9.765625000000000000e+00
8.680555555555555358e+00
8.029513888888887507e+00
7.812500000000000000e+00
8.029513888888889284e+00
8.680555555555557135e+00
9.765625000000000000e+00
1.128472222222222321e+01
1.323784722222222499e+01
1.562500000000000000e+01
1.844618055555555713e+01
2.170138888888889284e+01
2.539062500000000000e+01
2.951388888888889994e+01
3.407118055555556424e+01
3.906250000000000000e+01
3.927951388888888573e+01
3.428819444444444287e+01
2.973090277777778212e+01
2.560763888888888928e+01
2.191840277777777501e+01
1.866319444444444287e+01
1.584201388888888928e+01
1.345486111111111072e+01
1.150173611111111072e+01
9.982638888888889284e+00
8.897569444444444642e+00
8.246527777777776791e+00
8.029513888888889284e+00
8.246527777777778567e+00
8.897569444444446418e+00
9.982638888888889284e+00
1.150173611111111249e+01
1.345486111111111427e+01
1.584201388888888928e+01
1.866319444444444642e+01
2.191840277777778212e+01
2.560763888888888928e+01
2.973090277777778923e+01
3.428819444444445708e+01
3.927951388888888573e+01
3.993055555555555713e+01
3.493923611111111427e+01
3.038194444444444997e+01
2.625868055555555713e+01
2.256944444444444287e+01
1.931423611111111072e+01
1.649305555555555713e+01
1.410590277777777857e+01
1.215277777777777857e+01
1.063368055555555713e+01
9.548611111111110716e+00
8.897569444444444642e+00
8.680555555555557135e+00
8.897569444444446418e+00
9.548611111111114269e+00
1.063368055555555713e+01
1.215277777777778034e+01
1.410590277777778212e+01
1.649305555555555713e+01
1.931423611111111427e+01
2.256944444444444997e+01
2.625868055555555713e+01
3.038194444444445708e+01
3.493923611111112137e+01
3.993055555555555713e+01
4.101562500000000000e+01
3.602430555555555713e+01
3.146701388888889284e+01
2.734375000000000000e+01
2.365451388888888573e+01
2.039930555555555358e+01
1.757812500000000000e+01
1.519097222222222143e+01
1.323784722222222143e+01
1.171875000000000000e+01
1.063368055555555536e+01
9.982638888888889284e+00
9.765625000000000000e+00
9.982638888888889284e+00
1.063368055555555713e+01
1.171875000000000000e+01
1.323784722222222321e+01
1.519097222222222499e+01
1.757812500000000000e+01
2.039930555555555713e+01
2.365451388888889284e+01
2.734375000000000000e+01
3.146701388888889994e+01
3.602430555555556424e+01
4.101562500000000000e+01
4.253472222222222143e+01
3.754340277777777857e+01
3.298611111111111427e+01
2.886284722222222143e+01
2.517361111111110716e+01
2.191840277777777857e+01
1.909722222222222143e+01
1.671006944444444287e+01
1.475694444444444464e+01
1.323784722222222321e+01
1.215277777777777857e+01
1.150173611111111072e+01
1.128472222222222321e+01
1.150173611111111249e+01
1.215277777777778034e+01
1.323784722222222321e+01
1.475694444444444642e+01
1.671006944444444997e+01
1.909722222222222143e+01
2.191840277777777857e+01
2.517361111111111427e+01
2.886284722222222143e+01
3.298611111111112137e+01
3.754340277777778567e+01
4.253472222222222143e+01
4.448784722222222854e+01
3.949652777777777857e+01
3.493923611111111427e+01
3.081597222222222499e+01
2.712673611111111072e+01
2.387152777777777857e+01
2.105034722222222499e+01
1.866319444444444642e+01
1.671006944444444642e+01
1.519097222222222499e+01
1.410590277777778034e+01
1.345486111111111427e+01
1.323784722222222499e+01
1.345486111111111427e+01
1.410590277777778212e+01
1.519097222222222499e+01
1.671006944444444997e+01
1.866319444444444997e+01
2.105034722222222499e+01
2.387152777777778212e+01
2.712673611111111782e+01
3.081597222222222499e+01
3.493923611111112848e+01
3.949652777777778567e+01
4.448784722222222854e+01
4.687500000000000000e+01
4.188368055555555713e+01
3.732638888888889284e+01
3.320312500000000000e+01
2.951388888888888573e+01
2.625868055555555358e+01
2.343750000000000000e+01
2.105034722222222143e+01
1.909722222222222143e+01
1.757812500000000000e+01
1.649305555555555713e+01
1.584201388888888751e+01
1.562500000000000000e+01
1.584201388888888928e+01
1.649305555555555713e+01
1.757812500000000000e+01
1.909722222222222143e+01
2.105034722222222499e+01
2.343750000000000000e+01
2.625868055555555713e+01
2.951388888888889284e+01
3.320312500000000000e+01
3.732638888888889994e+01
4.188368055555556424e+01
4.687500000000000000e+01
4.969618055555555713e+01
4.470486111111111427e+01
4.014756944444444997e+01
3.602430555555555713e+01
3.233506944444444287e+01
2.907986111111111072e+01
2.625868055555555713e+01
2.387152777777777857e+01
2.191840277777777857e+01
2.039930555555555713e+01
1.931423611111111427e+01
1.866319444444444287e+01
1.844618055555555713e+01
1.866319444444444642e+01
1.931423611111111427e+01
2.039930555555555713e+01
2.191840277777777857e+01
2.387152777777778212e+01
2.625868055555555713e+01
2.907986111111111427e+01
3.233506944444444997e+01
3.602430555555555713e+01
4.014756944444445708e+01
4.470486111111112137e+01
4.969618055555555713e+01
5.295138888888889284e+01
4.796006944444444287e+01
4.340277777777778567e+01
3.927951388888889284e+01
3.559027777777777857e+01
3.233506944444444287e+01
2.951388888888889284e+01
2.712673611111111427e+01
2.517361111111111427e+01
2.365451388888889284e+01
2.256944444444444997e+01
2.191840277777777857e+01
2.170138888888889284e+01
2.191840277777778212e+01
2.256944444444444997e+01
2.365451388888889284e+01
2.517361111111111427e+01
2.712673611111111782e+01
2.951388888888889284e+01
3.233506944444444997e+01
3.559027777777778567e+01
3.927951388888889284e+01
4.340277777777779278e+01
4.796006944444445708e+01
5.295138888888889284e+01
5.664062500000000000e+01
5.164930555555555713e+01
4.709201388888889284e+01
4.296875000000000000e+01
3.927951388888888573e+01
3.602430555555555713e+01
3.320312500000000000e+01
3.081597222222222143e+01
2.886284722222222143e+01
2.734375000000000000e+01
2.625868055555555358e+01
2.560763888888888928e+01
2.539062500000000000e+01
2.560763888888888928e+01
2.625868055555555713e+01
2.734375000000000000e+01
2.886284722222222143e+01
3.081597222222222499e+01
3.320312500000000000e+01
3.602430555555555713e+01
3.927951388888889284e+01
4.296875000000000000e+01
4.709201388888889994e+01
5.164930555555556424e+01
5.664062500000000000e+01
6.076388888888889994e+01
5.577256944444445708e+01
5.121527777777779278e+01
4.709201388888889994e+01
4.340277777777778567e+01
4.014756944444445708e+01
3.732638888888889994e+01
3.493923611111112137e+01
3.298611111111112137e+01
3.146701388888889994e+01
3.038194444444445352e+01
2.973090277777778923e+01
2.951388888888889994e+01
2.973090277777778923e+01
3.038194444444445708e+01
3.146701388888889994e+01
3.298611111111112137e+01
3.493923611111112848e+01
3.732638888888889994e+01
4.014756944444445708e+01
4.340277777777779278e+01
4.709201388888889994e+01
5.121527777777779988e+01
5.577256944444446418e+01
6.076388888888889994e+01
6.532118055555557135e+01
6.032986111111111427e+01
5.577256944444445708e+01
5.164930555555556424e+01
4.796006944444444997e+01
4.470486111111111427e+01
4.188368055555556424e+01
3.949652777777778567e+01
3.754340277777778567e+01
3.602430555555556424e+01
3.493923611111111427e+01
3.428819444444445708e+01
3.407118055555556424e+01
3.428819444444445708e+01
3.493923611111112137e+01
3.602430555555556424e+01
3.754340277777778567e+01
3.949652777777778567e+01
4.188368055555556424e+01
4.470486111111112137e+01
4.796006944444445708e+01
5.164930555555556424e+01
5.577256944444446418e+01
6.032986111111112848e+01
6.532118055555557135e+01
7.031250000000000000e+01
6.532118055555555713e+01
6.076388888888889284e+01
5.664062500000000000e+01
5.295138888888888573e+01
4.969618055555555713e+01
4.687500000000000000e+01
4.448784722222222143e+01
4.253472222222222143e+01
4.101562500000000000e+01
3.993055555555555713e+01
3.927951388888888573e+01
3.906250000000000000e+01
3.927951388888888573e+01
3.993055555555555713e+01
4.101562500000000000e+01
4.253472222222222143e+01
4.448784722222222854e+01
4.687500000000000000e+01
4.969618055555555713e+01
5.295138888888889284e+01
5.664062500000000000e+01
6.076388888888889994e+01
6.532118055555557135e+01
7.031250000000000000e+01
7.313368055555555713e+01
6.814236111111111427e+01
6.358506944444444997e+01
5.946180555555555713e+01
5.577256944444444287e+01
5.251736111111111427e+01
4.969618055555555713e+01
4.730902777777777857e+01
4.535590277777777857e+01
4.383680555555555713e+01
4.275173611111111427e+01
4.210069444444444287e+01
4.188368055555555713e+01
4.210069444444444287e+01
4.275173611111111427e+01
4.383680555555555713e+01
4.535590277777777857e+01
4.730902777777778567e+01
4.969618055555555713e+01
5.251736111111111427e+01
5.577256944444444997e+01
5.946180555555555713e+01
6.358506944444445708e+01
6.814236111111111427e+01
7.313368055555555713e+01
6.814236111111111427e+01
6.315104166666666430e+01
5.859375000000000000e+01
5.447048611111111427e+01
5.078125000000000000e+01
4.752604166666666430e+01
4.470486111111111427e+01
4.231770833333332860e+01
4.036458333333332860e+01
3.884548611111111427e+01
3.776041666666666430e+01
3.710937500000000000e+01
3.689236111111111427e+01
3.710937500000000000e+01
3.776041666666667140e+01
3.884548611111111427e+01
4.036458333333333570e+01
4.231770833333333570e+01
4.470486111111111427e+01
4.752604166666667140e+01
5.078125000000000000e+01
5.447048611111111427e+01
5.859375000000001421e+01
6.315104166666667140e+01
6.814236111111111427e+01
6.358506944444444997e+01
5.859375000000000000e+01
5.403645833333334281e+01
4.991319444444444997e+01
4.622395833333333570e+01
4.296875000000000000e+01
4.014756944444444997e+01
3.776041666666667140e+01
3.580729166666667140e+01
3.428819444444444997e+01
3.320312500000000000e+01
3.255208333333334281e+01
3.233506944444444997e+01
3.255208333333334281e+01
3.320312500000000711e+01
3.428819444444444997e+01
3.580729166666667140e+01
3.776041666666667140e+01
4.014756944444444997e+01
4.296875000000000711e+01
4.622395833333334281e+01
4.991319444444444997e+01
5.403645833333334991e+01
5.859375000000001421e+01
6.358506944444444997e+01
5.946180555555555713e+01
5.447048611111111427e+01
4.991319444444444997e+01
4.578993055555555713e+01
4.210069444444444287e+01
3.884548611111111427e+01
3.602430555555555713e+01
3.363715277777777857e+01
3.168402777777777857e+01
3.016493055555555713e+01
2.907986111111111072e+01
2.842881944444444642e+01
2.821180555555555713e+01
2.842881944444444642e+01
2.907986111111111427e+01
3.016493055555555713e+01
3.168402777777777857e+01
3.363715277777778567e+01
3.602430555555555713e+01
3.884548611111111427e+01
4.210069444444444997e+01
4.578993055555555713e+01
4.991319444444445708e+01
5.447048611111112137e+01
5.946180555555555713e+01
5.577256944444444287e+01
5.078125000000000000e+01
4.622395833333333570e+01
4.210069444444444287e+01
3.841145833333332860e+01
3.515625000000000000e+01
3.233506944444444287e+01
2.994791666666666430e+01
2.799479166666666430e+01
2.647569444444444287e+01
2.539062500000000000e+01
2.473958333333332860e+01
2.452256944444444287e+01
2.473958333333333215e+01
2.539062500000000000e+01
2.647569444444444287e+01
2.799479166666666430e+01
2.994791666666666785e+01
3.233506944444444287e+01
3.515625000000000000e+01
3.841145833333333570e+01
4.210069444444444287e+01
4.622395833333334281e+01
5.078125000000000711e+01
5.577256944444444287e+01
5.251736111111111427e+01
4.752604166666666430e+01
4.296875000000000000e+01
3.884548611111111427e+01
3.515625000000000000e+01
3.190104166666666430e+01
2.907986111111111072e+01
2.669270833333333215e+01
2.473958333333333215e+01
2.322048611111111072e+01
2.213541666666666430e+01
2.148437500000000000e+01
2.126736111111111072e+01
2.148437500000000000e+01
2.213541666666666785e+01
2.322048611111111072e+01
2.473958333333333570e+01
2.669270833333333570e+01
2.907986111111111072e+01
3.190104166666666785e+01
3.515625000000000000e+01
3.884548611111111427e+01
4.296875000000001421e+01
4.752604166666667140e+01
5.251736111111111427e+01
4.969618055555555713e+01
4.470486111111111427e+01
4.014756944444444997e+01
3.602430555555555713e+01
3.233506944444444287e+01
2.907986111111111072e+01
2.625868055555555713e+01
2.387152777777777857e+01
2.191840277777777857e+01
2.039930555555555713e+01
1.931423611111111427e+01
1.866319444444444287e+01
1.844618055555555713e+01
1.866319444444444642e+01
1.931423611111111427e+01
2.039930555555555713e+01
2.191840277777777857e+01
2.387152777777778212e+01
2.625868055555555713e+01
2.907986111111111427e+01
3.233506944444444997e+01
3.602430555555555713e+01
4.014756944444445708e+01
4.470486111111112137e+01
4.969618055555555713e+01
4.730902777777777857e+01
4.231770833333332860e+01
3.776041666666667140e+01
3.363715277777777857e+01
2.994791666666666430e+01
2.669270833333333215e+01
2.387152777777777857e+01
2.148437500000000000e+01
1.953125000000000000e+01
1.801215277777777857e+01
1.692708333333333570e+01
1.627604166666666785e+01
1.605902777777777857e+01
1.627604166666666785e+01
1.692708333333333570e+01
1.801215277777777857e+01
1.953125000000000000e+01
2.148437500000000355e+01
2.387152777777777857e+01
2.669270833333333570e+01
2.994791666666667140e+01
3.363715277777777857e+01
3.776041666666667851e+01
4.231770833333334281e+01
4.730902777777777857e+01
4.535590277777777857e+01
4.036458333333332860e+01
3.580729166666667140e+01
3.168402777777777857e+01
2.799479166666666430e+01
2.473958333333333215e+01
2.191840277777777857e+01
1.953125000000000000e+01
1.757812500000000000e+01
1.605902777777777857e+01
1.497395833333333393e+01
1.432291666666666785e+01
1.410590277777777857e+01
1.432291666666666785e+01
1.497395833333333570e+01
1.605902777777777857e+01
1.757812500000000000e+01
1.953125000000000355e+01
2.191840277777777857e+01
2.473958333333333570e+01
2.799479166666667140e+01
3.168402777777777857e+01
3.580729166666667851e+01
4.036458333333334281e+01
4.535590277777777857e+01
4.383680555555555713e+01
3.884548611111111427e+01
3.428819444444444997e+01
3.016493055555555713e+01
2.647569444444444287e+01
2.322048611111111072e+01
2.039930555555555713e+01
1.801215277777777857e+01
1.605902777777777857e+01
1.453993055555555713e+01
1.345486111111111249e+01
1.280381944444444642e+01
1.258680555555555713e+01
1.280381944444444642e+01
1.345486111111111427e+01
1.453993055555555713e+01
1.605902777777777857e+01
1.801215277777778212e+01
2.039930555555555713e+01
2.322048611111111427e+01
2.647569444444444997e+01
3.016493055555555713e+01
3.428819444444445708e+01
3.884548611111112137e+01
4.383680555555555713e+01
4.275173611111111427e+01
3.776041666666666430e+01
3.320312500000000000e+01
2.907986111111111072e+01
2.539062500000000000e+01
2.213541666666666430e+01
1.931423611111111427e+01
1.692708333333333570e+01
1.497395833333333393e+01
1.345486111111111249e+01
1.236979166666666785e+01
1.171875000000000000e+01
1.150173611111111249e+01
1.171875000000000178e+01
1.236979166666666785e+01
1.345486111111111249e+01
1.497395833333333570e+01
1.692708333333333570e+01
1.931423611111111427e+01
2.213541666666667140e+01
2.539062500000000711e+01
2.907986111111111072e+01
3.320312500000001421e+01
3.776041666666667140e+01
4.275173611111111427e+01
4.210069444444444287e+01
3.710937500000000000e+01
3.255208333333334281e+01
2.842881944444444642e+01
2.473958333333332860e+01
2.148437500000000000e+01
1.866319444444444287e+01
1.627604166666666785e+01
1.432291666666666785e+01
1.280381944444444642e+01
1.171875000000000000e+01
1.106770833333333393e+01
1.085069444444444464e+01
1.106770833333333393e+01
1.171875000000000178e+01
1.280381944444444642e+01
1.432291666666666785e+01
1.627604166666667140e+01
1.866319444444444287e+01
2.148437500000000000e+01
2.473958333333333570e+01
2.842881944444444642e+01
3.255208333333334281e+01
3.710937500000001421e+01
4.210069444444444287e+01
4.188368055555555713e+01
3.689236111111111427e+01
3.233506944444444997e+01
2.821180555555555713e+01
2.452256944444444287e+01
2.126736111111111072e+01
1.844618055555555713e+01
1.605902777777777857e+01
1.410590277777777857e+01
1.258680555555555713e+01
1.150173611111111249e+01
1.085069444444444464e+01
1.063368055555555713e+01
1.085069444444444642e+01
1.150173611111111427e+01
1.258680555555555713e+01
1.410590277777778034e+01
1.605902777777778212e+01
1.844618055555555713e+01
2.126736111111111427e+01
2.452256944444444997e+01
2.821180555555555713e+01
3.233506944444445708e+01
3.689236111111112137e+01
4.188368055555555713e+01
4.210069444444444287e+01
3.710937500000000000e+01
3.255208333333334281e+01
2.842881944444444642e+01
2.473958333333333215e+01
2.148437500000000000e+01
1.866319444444444642e+01
1.627604166666666785e+01
1.432291666666666785e+01
1.280381944444444642e+01
1.171875000000000178e+01
1.106770833333333393e+01
1.085069444444444642e+01
1.106770833333333570e+01
1.171875000000000355e+01
1.280381944444444642e+01
1.432291666666666963e+01
1.627604166666667140e+01
1.866319444444444642e+01
2.148437500000000355e+01
2.473958333333333925e+01
2.842881944444444642e+01
3.255208333333334281e+01
3.710937500000001421e+01
4.210069444444444287e+01
4.275173611111111427e+01
3.776041666666667140e+01
3.320312500000000711e+01
2.907986111111111427e+01
2.539062500000000000e+01
2.213541666666666785e+01
1.931423611111111427e+01
1.692708333333333570e+01
1.497395833333333570e+01
1.345486111111111427e+01
1.236979166666666785e+01
1.171875000000000178e+01
1.150173611111111427e+01
1.171875000000000355e+01
1.236979166666667140e+01
1.345486111111111427e+01
1.497395833333333748e+01
1.692708333333333925e+01
1.931423611111111427e+01
2.213541666666667140e+01
2.539062500000000711e+01
2.907986111111111427e+01
3.320312500000001421e+01
3.776041666666667851e+01
4.275173611111111427e+01
4.383680555555555713e+01
3.884548611111111427e+01
3.428819444444444997e+01
3.016493055555555713e+01
2.647569444444444287e+01
2.322048611111111072e+01
2.039930555555555713e+01
1.801215277777777857e+01
1.605902777777777857e+01
1.453993055555555713e+01
1.345486111111111249e+01
1.280381944444444642e+01
1.258680555555555713e+01
1.280381944444444642e+01
1.345486111111111427e+01
1.453993055555555713e+01
1.605902777777777857e+01
1.801215277777778212e+01
2.039930555555555713e+01
2.322048611111111427e+01
2.647569444444444997e+01
3.016493055555555713e+01
3.428819444444445708e+01
3.884548611111112137e+01
4.383680555555555713e+01
4.535590277777777857e+01
4.036458333333333570e+01
3.580729166666667140e+01
3.168402777777777857e+01
2.799479166666666430e+01
2.473958333333333570e+01
2.191840277777777857e+01
1.953125000000000000e+01
1.757812500000000000e+01
1.605902777777777857e+01
1.497395833333333570e+01
1.432291666666666785e+01
1.410590277777778034e+01
1.432291666666666963e+01
1.497395833333333748e+01
1.605902777777777857e+01
1.757812500000000355e+01
1.953125000000000711e+01
2.191840277777777857e+01
2.473958333333333570e+01
2.799479166666667140e+01
3.168402777777777857e+01
3.580729166666667851e+01
4.036458333333334281e+01
4.535590277777777857e+01
4.730902777777778567e+01
4.231770833333333570e+01
3.776041666666667140e+01
3.363715277777778567e+01
2.994791666666666785e+01
2.669270833333333570e+01
2.387152777777778212e+01
2.148437500000000355e+01
1.953125000000000355e+01
1.801215277777778212e+01
1.692708333333333570e+01
1.627604166666667140e+01
1.605902777777778212e+01
1.627604166666667140e+01
1.692708333333333925e+01
1.801215277777778212e+01
1.953125000000000711e+01
2.148437500000000711e+01
2.387152777777778212e+01
2.669270833333333925e+01
2.994791666666667496e+01
3.363715277777778567e+01
3.776041666666668561e+01
4.231770833333334281e+01
4.730902777777778567e+01
4.969618055555555713e+01
4.470486111111111427e+01
4.014756944444444997e+01
3.602430555555555713e+01
3.233506944444444287e+01
2.907986111111111072e+01
2.625868055555555713e+01
2.387152777777777857e+01
2.191840277777777857e+01
2.039930555555555713e+01
1.931423611111111427e+01
1.866319444444444287e+01
1.844618055555555713e+01
1.866319444444444642e+01
1.931423611111111427e+01
2.039930555555555713e+01
2.191840277777777857e+01
2.387152777777778212e+01
2.625868055555555713e+01
2.907986111111111427e+01
3.233506944444444997e+01
3.602430555555555713e+01
4.014756944444445708e+01
4.470486111111112137e+01
4.969618055555555713e+01
5.251736111111111427e+01
4.752604166666667140e+01
4.296875000000000711e+01
3.884548611111111427e+01
3.515625000000000000e+01
3.190104166666666785e+01
2.907986111111111427e+01
2.669270833333333570e+01
2.473958333333333570e+01
2.322048611111111427e+01
2.213541666666667140e+01
2.148437500000000000e+01
2.126736111111111427e+01
2.148437500000000355e+01
2.213541666666667140e+01
2.322048611111111427e+01
2.473958333333333570e+01
2.669270833333333925e+01
2.907986111111111427e+01
3.190104166666667140e+01
3.515625000000000711e+01
3.884548611111111427e+01
4.296875000000001421e+01
4.752604166666667851e+01
5.251736111111111427e+01
5.577256944444444997e+01
5.078125000000000000e+01
4.622395833333334281e+01
4.210069444444444997e+01
3.841145833333333570e+01
3.515625000000000000e+01
3.233506944444444997e+01
2.994791666666667140e+01
2.799479166666667140e+01
2.647569444444444997e+01
2.539062500000000711e+01
2.473958333333333570e+01
2.452256944444444997e+01
2.473958333333333925e+01
2.539062500000000711e+01
2.647569444444444997e+01
2.799479166666667140e+01
2.994791666666667496e+01
3.233506944444444997e+01
3.515625000000000711e+01
3.841145833333334281e+01
4.210069444444444997e+01
4.622395833333334991e+01
5.078125000000001421e+01
5.577256944444444997e+01
5.946180555555555713e+01
5.447048611111111427e+01
4.991319444444444997e+01
4.578993055555555713e+01
4.210069444444444287e+01
3.884548611111111427e+01
3.602430555555555713e+01
3.363715277777777857e+01
3.168402777777777857e+01
3.016493055555555713e+01
2.907986111111111072e+01
2.842881944444444642e+01
2.821180555555555713e+01
2.842881944444444642e+01
2.907986111111111427e+01
3.016493055555555713e+01
3.168402777777777857e+01
3.363715277777778567e+01
3.602430555555555713e+01
3.884548611111111427e+01
4.210069444444444997e+01
4.578993055555555713e+01
4.991319444444445708e+01
5.447048611111112137e+01
5.946180555555555713e+01
6.358506944444445708e+01
5.859375000000001421e+01
5.403645833333334991e+01
4.991319444444445708e+01
4.622395833333334281e+01
4.296875000000001421e+01
4.014756944444445708e+01
3.776041666666667851e+01
3.580729166666667851e+01
3.428819444444445708e+01
3.320312500000001421e+01
3.255208333333334281e+01
3.233506944444445708e+01
3.255208333333334281e+01
3.320312500000001421e+01
3.428819444444445708e+01
3.580729166666667851e+01
3.776041666666668561e+01
4.014756944444445708e+01
4.296875000000001421e+01
4.622395833333334991e+01
4.991319444444445708e+01
5.403645833333335702e+01
5.859375000000002132e+01
6.358506944444445708e+01
6.814236111111111427e+01
6.315104166666667140e+01
5.859375000000001421e+01
5.447048611111112137e+01
5.078125000000000711e+01
4.752604166666667140e+01
4.470486111111112137e+01
4.231770833333334281e+01
4.036458333333334281e+01
3.884548611111112137e+01
3.776041666666667140e+01
3.710937500000001421e+01
3.689236111111112137e+01
3.710937500000001421e+01
3.776041666666667851e+01
3.884548611111112137e+01
4.036458333333334281e+01
4.231770833333334281e+01
4.470486111111112137e+01
4.752604166666667851e+01
5.078125000000001421e+01
5.447048611111112137e+01
5.859375000000002132e+01
6.315104166666668561e+01
6.814236111111111427e+01
7.313368055555555713e+01
6.814236111111111427e+01
6.358506944444444997e+01
5.946180555555555713e+01
5.577256944444444287e+01
5.251736111111111427e+01
4.969618055555555713e+01
4.730902777777777857e+01
4.535590277777777857e+01
4.383680555555555713e+01
4.275173611111111427e+01
4.210069444444444287e+01
4.188368055555555713e+01
4.210069444444444287e+01
4.275173611111111427e+01
4.383680555555555713e+01
4.535590277777777857e+01
4.730902777777778567e+01
4.969618055555555713e+01
5.251736111111111427e+01
5.577256944444444997e+01
5.946180555555555713e+01
6.358506944444445708e+01
6.814236111111111427e+01
7.313368055555555713e+01
7.638888888888888573e+01
7.139756944444445708e+01
6.684027777777778567e+01
6.271701388888889284e+01
5.902777777777777857e+01
5.577256944444444997e+01
5.295138888888889284e+01
5.056423611111111427e+01
4.861111111111111427e+01
4.709201388888889284e+01
4.600694444444444997e+01
4.535590277777778567e+01
4.513888888888889284e+01
4.535590277777778567e+01
4.600694444444444997e+01
4.709201388888889284e+01
4.861111111111111427e+01
5.056423611111112137e+01
5.295138888888889284e+01
5.577256944444444997e+01
5.902777777777778567e+01
6.271701388888889284e+01
6.684027777777779988e+01
7.139756944444445708e+01
7.638888888888888573e+01
7.139756944444445708e+01
6.640625000000000000e+01
6.184895833333333570e+01
5.772569444444444997e+01
5.403645833333333570e+01
5.078125000000000000e+01
4.796006944444444997e+01
4.557291666666667140e+01
4.361979166666667140e+01
4.210069444444444287e+01
4.101562500000000000e+01
4.036458333333333570e+01
4.014756944444444287e+01
4.036458333333333570e+01
4.101562500000000000e+01
4.210069444444444287e+01
4.361979166666667140e+01
4.557291666666667140e+01
4.796006944444444997e+01
5.078125000000000711e+01
5.403645833333333570e+01
5.772569444444444997e+01
6.184895833333334991e+01
6.640625000000000000e+01
7.139756944444445708e+01
6.684027777777778567e+01
6.184895833333333570e+01
5.729166666666667851e+01
5.316840277777778567e+01
4.947916666666667140e+01
4.622395833333333570e+01
4.340277777777778567e+01
4.101562500000000711e+01
3.906250000000000711e+01
3.754340277777778567e+01
3.645833333333334281e+01
3.580729166666667140e+01
3.559027777777778567e+01
3.580729166666667140e+01
3.645833333333334281e+01
3.754340277777778567e+01
3.906250000000000711e+01
4.101562500000001421e+01
4.340277777777778567e+01
4.622395833333334281e+01
4.947916666666667851e+01
5.316840277777778567e+01
5.729166666666668561e+01
6.184895833333334991e+01
6.684027777777778567e+01
6.271701388888889284e+01
5.772569444444444997e+01
5.316840277777778567e+01
4.904513888888889284e+01
4.535590277777777857e+01
4.210069444444444287e+01
3.927951388888889284e+01
3.689236111111111427e+01
3.493923611111111427e+01
3.342013888888889284e+01
3.233506944444444287e+01
3.168402777777778212e+01
3.146701388888889284e+01
3.168402777777778212e+01
3.233506944444444997e+01
3.342013888888889284e+01
3.493923611111111427e+01
3.689236111111111427e+01
3.927951388888889284e+01
4.210069444444444997e+01
4.535590277777778567e+01
4.904513888888889284e+01
5.316840277777779278e+01
5.772569444444445708e+01
6.271701388888889284e+01
5.902777777777777857e+01
5.403645833333333570e+01
4.947916666666667140e+01
4.535590277777777857e+01
4.166666666666666430e+01
3.841145833333332860e+01
3.559027777777777857e+01
3.320312500000000000e+01
3.125000000000000000e+01
2.973090277777777857e+01
2.864583333333333570e+01
2.799479166666666430e+01
2.777777777777777857e+01
2.799479166666666785e+01
2.864583333333333570e+01
2.973090277777777857e+01
3.125000000000000000e+01
3.320312500000000000e+01
3.559027777777777857e+01
3.841145833333333570e+01
4.166666666666667140e+01
4.535590277777777857e+01
4.947916666666667851e+01
5.403645833333334281e+01
5.902777777777777857e+01
5.577256944444444997e+01
5.078125000000000000e+01
4.622395833333333570e+01
4.210069444444444287e+01
3.841145833333332860e+01
3.515625000000000000e+01
3.233506944444444287e+01
2.994791666666666785e+01
2.799479166666666785e+01
2.647569444444444642e+01
2.539062500000000000e+01
2.473958333333333570e+01
2.452256944444444642e+01
2.473958333333333570e+01
2.539062500000000355e+01
2.647569444444444642e+01
2.799479166666667140e+01
2.994791666666667140e+01
3.233506944444444287e+01
3.515625000000000000e+01
3.841145833333334281e+01
4.210069444444444287e+01
4.622395833333334991e+01
5.078125000000000711e+01
5.577256944444444997e+01
5.295138888888889284e+01
4.796006944444444997e+01
4.340277777777778567e+01
3.927951388888889284e+01
3.559027777777777857e+01
3.233506944444444287e+01
2.951388888888889284e+01
2.712673611111111427e+01
2.517361111111111427e+01
2.365451388888889284e+01
2.256944444444444997e+01
2.191840277777777857e+01
2.170138888888889284e+01
2.191840277777778212e+01
2.256944444444444997e+01
2.365451388888889284e+01
2.517361111111111427e+01
2.712673611111111782e+01
2.951388888888889284e+01
3.233506944444444997e+01
3.559027777777778567e+01
3.927951388888889284e+01
4.340277777777779278e+01
4.796006944444445708e+01
5.295138888888889284e+01
5.056423611111111427e+01
4.557291666666667140e+01
4.101562500000000711e+01
3.689236111111111427e+01
3.320312500000000000e+01
2.994791666666666785e+01
2.712673611111111427e+01
2.473958333333333570e+01
2.278645833333333570e+01
2.126736111111111427e+01
2.018229166666667140e+01
1.953125000000000355e+01
1.931423611111111427e+01
1.953125000000000355e+01
2.018229166666667140e+01
2.126736111111111427e+01
2.278645833333333570e+01
2.473958333333333925e+01
2.712673611111111427e+01
2.994791666666667140e+01
3.320312500000000711e+01
3.689236111111111427e+01
4.101562500000001421e+01
4.557291666666667851e+01
5.056423611111111427e+01
4.861111111111111427e+01
4.361979166666667140e+01
3.906250000000000711e+01
3.493923611111111427e+01
3.125000000000000000e+01
2.799479166666666785e+01
2.517361111111111427e+01
2.278645833333333570e+01
2.083333333333333570e+01
1.931423611111111427e+01
1.822916666666667140e+01
1.757812500000000355e+01
1.736111111111111427e+01
1.757812500000000355e+01
1.822916666666667140e+01
1.931423611111111427e+01
2.083333333333333570e+01
2.278645833333333925e+01
2.517361111111111427e+01
2.799479166666667140e+01
3.125000000000000711e+01
3.493923611111111427e+01
3.906250000000001421e+01
4.361979166666667851e+01
4.861111111111111427e+01
4.709201388888889284e+01
4.210069444444444287e+01
3.754340277777778567e+01
3.342013888888889284e+01
2.973090277777777857e+01
2.647569444444444642e+01
2.365451388888889284e+01
2.126736111111111427e+01
1.931423611111111427e+01
1.779513888888889284e+01
1.671006944444444642e+01
1.605902777777778212e+01
1.584201388888889284e+01
1.605902777777778212e+01
1.671006944444444997e+01
1.779513888888889284e+01
1.931423611111111427e+01
2.126736111111111782e+01
2.365451388888889284e+01
2.647569444444444997e+01
2.973090277777778567e+01
3.342013888888889284e+01
3.754340277777779278e+01
4.210069444444445708e+01
4.709201388888889284e+01
4.600694444444444997e+01
4.101562500000000000e+01
3.645833333333334281e+01
3.233506944444444287e+01
2.864583333333333570e+01
2.539062500000000000e+01
2.256944444444444997e+01
2.018229166666667140e+01
1.822916666666667140e+01
1.671006944444444642e+01
1.562500000000000355e+01
1.497395833333333570e+01
1.475694444444444819e+01
1.497395833333333748e+01
1.562500000000000355e+01
1.671006944444444642e+01
1.822916666666667140e+01
2.018229166666667140e+01
2.256944444444444997e+01
2.539062500000000711e+01
2.864583333333334281e+01
3.233506944444444287e+01
3.645833333333334281e+01
4.101562500000001421e+01
4.600694444444444997e+01
4.535590277777778567e+01
4.036458333333333570e+01
3.580729166666667140e+01
3.168402777777778212e+01
2.799479166666666430e+01
2.473958333333333570e+01
2.191840277777777857e+01
1.953125000000000355e+01
1.757812500000000355e+01
1.605902777777778212e+01
1.497395833333333570e+01
1.432291666666666963e+01
1.410590277777778034e+01
1.432291666666666963e+01
1.497395833333333748e+01
1.605902777777778212e+01
1.757812500000000355e+01
1.953125000000000711e+01
2.191840277777777857e+01
2.473958333333333570e+01
2.799479166666667140e+01
3.168402777777778212e+01
3.580729166666668561e+01
4.036458333333334281e+01
4.535590277777778567e+01
4.513888888888889284e+01
4.014756944444444287e+01
3.559027777777778567e+01
3.146701388888889284e+01
2.777777777777777857e+01
2.452256944444444642e+01
2.170138888888889284e+01
1.931423611111111427e+01
1.736111111111111427e+01
1.584201388888889284e+01
1.475694444444444819e+01
1.410590277777778034e+01
1.388888888888889284e+01
1.410590277777778212e+01
1.475694444444444997e+01
1.584201388888889284e+01
1.736111111111111427e+01
1.931423611111111782e+01
2.170138888888889284e+01
2.452256944444444997e+01
2.777777777777778567e+01
3.146701388888889284e+01
3.559027777777779278e+01
4.014756944444445708e+01
4.513888888888889284e+01
4.535590277777778567e+01
4.036458333333333570e+01
3.580729166666667140e+01
3.168402777777778212e+01
2.799479166666666785e+01
2.473958333333333570e+01
2.191840277777778212e+01
1.953125000000000355e+01
1.757812500000000355e+01
1.605902777777778212e+01
1.497395833333333748e+01
1.432291666666666963e+01
1.410590277777778212e+01
1.432291666666667140e+01
1.497395833333333925e+01
1.605902777777778212e+01
1.757812500000000711e+01
1.953125000000000711e+01
2.191840277777778212e+01
2.473958333333333925e+01
2.799479166666667496e+01
3.168402777777778212e+01
3.580729166666668561e+01
4.036458333333334281e+01
4.535590277777778567e+01
4.600694444444444997e+01
4.101562500000000000e+01
3.645833333333334281e+01
3.233506944444444997e+01
2.864583333333333570e+01
2.539062500000000355e+01
2.256944444444444997e+01
2.018229166666667140e+01
1.822916666666667140e+01
1.671006944444444997e+01
1.562500000000000355e+01
1.497395833333333748e+01
1.475694444444444997e+01
1.497395833333333925e+01
1.562500000000000711e+01
1.671006944444444997e+01
1.822916666666667140e+01
2.018229166666667496e+01
2.256944444444444997e+01
2.539062500000000711e+01
2.864583333333334281e+01
3.233506944444444997e+01
3.645833333333334991e+01
4.101562500000001421e+01
4.600694444444444997e+01
4.709201388888889284e+01
4.210069444444444287e+01
3.754340277777778567e+01
3.342013888888889284e+01
2.973090277777777857e+01
2.647569444444444642e+01
2.365451388888889284e+01
2.126736111111111427e+01
1.931423611111111427e+01
1.779513888888889284e+01
1.671006944444444642e+01
1.605902777777778212e+01
1.584201388888889284e+01
1.605902777777778212e+01
1.671006944444444997e+01
1.779513888888889284e+01
1.931423611111111427e+01
2.126736111111111782e+01
2.365451388888889284e+01
2.647569444444444997e+01
2.973090277777778567e+01
3.342013888888889284e+01
3.754340277777779278e+01
4.210069444444445708e+01
4.709201388888889284e+01
4.861111111111111427e+01
4.361979166666667140e+01
3.906250000000000711e+01
3.493923611111111427e+01
3.125000000000000000e+01
2.799479166666667140e+01
2.517361111111111427e+01
2.278645833333333570e+01
2.083333333333333570e+01
1.931423611111111427e+01
1.822916666666667140e+01
1.757812500000000355e+01
1.736111111111111427e+01
1.757812500000000711e+01
1.822916666666667140e+01
1.931423611111111427e+01
2.083333333333333925e+01
2.278645833333334281e+01
2.517361111111111427e+01
2.799479166666667140e+01
3.125000000000000711e+01
3.493923611111111427e+01
3.906250000000001421e+01
4.361979166666667851e+01
4.861111111111111427e+01
5.056423611111112137e+01
4.557291666666667140e+01
4.101562500000001421e+01
3.689236111111111427e+01
3.320312500000000000e+01
2.994791666666667140e+01
2.712673611111111782e+01
2.473958333333333925e+01
2.278645833333333925e+01
2.126736111111111782e+01
2.018229166666667140e+01
1.953125000000000711e+01
1.931423611111111782e+01
1.953125000000000711e+01
2.018229166666667496e+01
2.126736111111111782e+01
2.278645833333334281e+01
2.473958333333334281e+01
2.712673611111111782e+01
2.994791666666667496e+01
3.320312500000001421e+01
3.689236111111111427e+01
4.101562500000001421e+01
4.557291666666668561e+01
5.056423611111112137e+01
5.295138888888889284e+01
4.796006944444444997e+01
4.340277777777778567e+01
3.927951388888889284e+01
3.559027777777777857e+01
3.233506944444444287e+01
2.951388888888889284e+01
2.712673611111111427e+01
2.517361111111111427e+01
2.365451388888889284e+01
2.256944444444444997e+01
2.191840277777777857e+01
2.170138888888889284e+01
2.191840277777778212e+01
2.256944444444444997e+01
2.365451388888889284e+01
2.517361111111111427e+01
2.712673611111111782e+01
2.951388888888889284e+01
3.233506944444444997e+01
3.559027777777778567e+01
3.927951388888889284e+01
4.340277777777779278e+01
4.796006944444445708e+01
5.295138888888889284e+01
5.577256944444444997e+01
5.078125000000000711e+01
4.622395833333334281e+01
4.210069444444444997e+01
3.841145833333333570e+01
3.515625000000000000e+01
3.233506944444444997e+01
2.994791666666667140e+01
2.799479166666667140e+01
2.647569444444444997e+01
2.539062500000000711e+01
2.473958333333333570e+01
2.452256944444444997e+01
2.473958333333333925e+01
2.539062500000000711e+01
2.647569444444444997e+01
2.799479166666667140e+01
2.994791666666667496e+01
3.233506944444444997e+01
3.515625000000000711e+01
3.841145833333334281e+01
4.210069444444444997e+01
4.622395833333334991e+01
5.078125000000001421e+01
5.577256944444444997e+01
5.902777777777778567e+01
5.403645833333333570e+01
4.947916666666667851e+01
4.535590277777778567e+01
4.166666666666667140e+01
3.841145833333334281e+01
3.559027777777778567e+01
3.320312500000000711e+01
3.125000000000000711e+01
2.973090277777778567e+01
2.864583333333334281e+01
2.799479166666667140e+01
2.777777777777778567e+01
2.799479166666667496e+01
2.864583333333334281e+01
2.973090277777778567e+01
3.125000000000000711e+01
3.320312500000001421e+01
3.559027777777778567e+01
3.841145833333334281e+01
4.166666666666667851e+01
4.535590277777778567e+01
4.947916666666668561e+01
5.403645833333334991e+01
5.902777777777778567e+01
6.271701388888889284e+01
5.772569444444444997e+01
5.316840277777778567e+01
4.904513888888889284e+01
4.535590277777777857e+01
4.210069444444444287e+01
3.927951388888889284e+01
3.689236111111111427e+01
3.493923611111111427e+01
3.342013888888889284e+01
3.233506944444444287e+01
3.168402777777778212e+01
3.146701388888889284e+01
3.168402777777778212e+01
3.233506944444444997e+01
3.342013888888889284e+01
3.493923611111111427e+01
3.689236111111111427e+01
3.927951388888889284e+01
4.210069444444444997e+01
4.535590277777778567e+01
4.904513888888889284e+01
5.316840277777779278e+01
5.772569444444445708e+01
6.271701388888889284e+01
6.684027777777779988e+01
6.184895833333334991e+01
5.729166666666668561e+01
5.316840277777779278e+01
4.947916666666667851e+01
4.622395833333334991e+01
4.340277777777779278e+01
4.101562500000001421e+01
3.906250000000001421e+01
3.754340277777779278e+01
3.645833333333334281e+01
3.580729166666668561e+01
3.559027777777779278e+01
3.580729166666668561e+01
3.645833333333334991e+01
3.754340277777779278e+01
3.906250000000001421e+01
4.101562500000001421e+01
4.340277777777779278e+01
4.622395833333334991e+01
4.947916666666668561e+01
5.316840277777779278e+01
5.729166666666669272e+01
6.184895833333335702e+01
6.684027777777779988e+01
7.139756944444445708e+01
6.640625000000000000e+01
6.184895833333334991e+01
5.772569444444445708e+01
5.403645833333334281e+01
5.078125000000000711e+01
4.796006944444445708e+01
4.557291666666667851e+01
4.361979166666667851e+01
4.210069444444445708e+01
4.101562500000001421e+01
4.036458333333334281e+01
4.014756944444445708e+01
4.036458333333334281e+01
4.101562500000001421e+01
4.210069444444445708e+01
4.361979166666667851e+01
4.557291666666668561e+01
4.796006944444445708e+01
5.078125000000001421e+01
5.403645833333334991e+01
5.772569444444445708e+01
6.184895833333335702e+01
6.640625000000002842e+01
7.139756944444445708e+01
7.638888888888888573e+01
7.139756944444445708e+01
6.684027777777778567e+01
6.271701388888889284e+01
5.902777777777777857e+01
5.577256944444444997e+01
5.295138888888889284e+01
5.056423611111111427e+01
4.861111111111111427e+01
4.709201388888889284e+01
4.600694444444444997e+01
4.535590277777778567e+01
4.513888888888889284e+01
4.535590277777778567e+01
4.600694444444444997e+01
4.709201388888889284e+01
4.861111111111111427e+01
5.056423611111112137e+01
5.295138888888889284e+01
5.577256944444444997e+01
5.902777777777778567e+01
6.271701388888889284e+01
6.684027777777779988e+01
7.139756944444445708e+01
7.638888888888888573e+01
8.007812500000000000e+01
7.508680555555555713e+01
7.052951388888888573e+01
6.640625000000000000e+01
6.271701388888888573e+01
5.946180555555555713e+01
5.664062500000000000e+01
5.425347222222222143e+01
5.230034722222222143e+01
5.078125000000000000e+01
4.969618055555555713e+01
4.904513888888888573e+01
4.882812500000000000e+01
4.904513888888888573e+01
4.969618055555555713e+01
5.078125000000000000e+01
5.230034722222222143e+01
5.425347222222222854e+01
5.664062500000000000e+01
5.946180555555555713e+01
6.271701388888889284e+01
6.640625000000000000e+01
7.052951388888889994e+01
7.508680555555557135e+01
8.007812500000000000e+01
7.508680555555555713e+01
7.009548611111111427e+01
6.553819444444444287e+01
6.141493055555555713e+01
5.772569444444444287e+01
5.447048611111110716e+01
5.164930555555555713e+01
4.926215277777777146e+01
4.730902777777777146e+01
4.578993055555555713e+01
4.470486111111110716e+01
4.405381944444444287e+01
4.383680555555555713e+01
4.405381944444444287e+01
4.470486111111111427e+01
4.578993055555555713e+01
4.730902777777777857e+01
4.926215277777777857e+01
5.164930555555555713e+01
5.447048611111111427e+01
5.772569444444444287e+01
6.141493055555555713e+01
6.553819444444445708e+01
7.009548611111111427e+01
7.508680555555555713e+01
7.052951388888888573e+01
6.553819444444444287e+01
6.098090277777778567e+01
5.685763888888889284e+01
5.316840277777777857e+01
4.991319444444444287e+01
4.709201388888889284e+01
4.470486111111111427e+01
4.275173611111111427e+01
4.123263888888889284e+01
4.014756944444444287e+01
3.949652777777778567e+01
3.927951388888889284e+01
3.949652777777778567e+01
4.014756944444444997e+01
4.123263888888889284e+01
4.275173611111111427e+01
4.470486111111111427e+01
4.709201388888889284e+01
4.991319444444444997e+01
5.316840277777778567e+01
5.685763888888889284e+01
6.098090277777779278e+01
6.553819444444445708e+01
7.052951388888888573e+01
6.640625000000000000e+01
6.141493055555555713e+01
5.685763888888889284e+01
5.273437500000000000e+01
4.904513888888888573e+01
4.578993055555555713e+01
4.296875000000000000e+01
4.058159722222222143e+01
3.862847222222222143e+01
3.710937500000000000e+01
3.602430555555555713e+01
3.537326388888888573e+01
3.515625000000000000e+01
3.537326388888888573e+01
3.602430555555555713e+01
3.710937500000000000e+01
3.862847222222222143e+01
4.058159722222222854e+01
4.296875000000000000e+01
4.578993055555555713e+01
4.904513888888889284e+01
5.273437500000000000e+01
5.685763888888889994e+01
6.141493055555556424e+01
6.640625000000000000e+01
6.271701388888888573e+01
5.772569444444444287e+01
5.316840277777777857e+01
4.904513888888888573e+01
4.535590277777777146e+01
4.210069444444444287e+01
3.927951388888888573e+01
3.689236111111110716e+01
3.493923611111110716e+01
3.342013888888888573e+01
3.233506944444444287e+01
3.168402777777777146e+01
3.146701388888888573e+01
3.168402777777777501e+01
3.233506944444444287e+01
3.342013888888888573e+01
3.493923611111110716e+01
3.689236111111111427e+01
3.927951388888888573e+01
4.210069444444444287e+01
4.535590277777777857e+01
4.904513888888888573e+01
5.316840277777778567e+01
5.772569444444444997e+01
6.271701388888888573e+01
5.946180555555555713e+01
5.447048611111110716e+01
4.991319444444444287e+01
4.578993055555555713e+01
4.210069444444444287e+01
3.884548611111110716e+01
3.602430555555555713e+01
3.363715277777777146e+01
3.168402777777777501e+01
3.016493055555555358e+01
2.907986111111110716e+01
2.842881944444444287e+01
2.821180555555555358e+01
2.842881944444444287e+01
2.907986111111111072e+01
3.016493055555555358e+01
3.168402777777777857e+01
3.363715277777777857e+01
3.602430555555555713e+01
3.884548611111111427e+01
4.210069444444444287e+01
4.578993055555555713e+01
4.991319444444445708e+01
5.447048611111111427e+01
5.946180555555555713e+01
5.664062500000000000e+01
5.164930555555555713e+01
4.709201388888889284e+01
4.296875000000000000e+01
3.927951388888888573e+01
3.602430555555555713e+01
3.320312500000000000e+01
3.081597222222222143e+01
2.886284722222222143e+01
2.734375000000000000e+01
2.625868055555555713e+01
2.560763888888888573e+01
2.539062500000000000e+01
2.560763888888888928e+01
2.625868055555555713e+01
2.734375000000000000e+01
2.886284722222222143e+01
3.081597222222222499e+01
3.320312500000000000e+01
3.602430555555555713e+01
3.927951388888889284e+01
4.296875000000000000e+01
4.709201388888889994e+01
5.164930555555556424e+01
5.664062500000000000e+01
5.425347222222222143e+01
4.926215277777777146e+01
4.470486111111111427e+01
4.058159722222222143e+01
3.689236111111110716e+01
3.363715277777777146e+01
3.081597222222222143e+01
2.842881944444444287e+01
2.647569444444444287e+01
2.495659722222222143e+01
2.387152777777777857e+01
2.322048611111111072e+01
2.300347222222222143e+01
2.322048611111111072e+01
2.387152777777777857e+01
2.495659722222222143e+01
2.647569444444444287e+01
2.842881944444444642e+01
3.081597222222222143e+01
3.363715277777777857e+01
3.689236111111111427e+01
4.058159722222222143e+01
4.470486111111112137e+01
4.926215277777778567e+01
5.425347222222222143e+01
5.230034722222222143e+01
4.730902777777777146e+01
4.275173611111111427e+01
3.862847222222222143e+01
3.493923611111110716e+01
3.168402777777777501e+01
2.886284722222222143e+01
2.647569444444444287e+01
2.452256944444444287e+01
2.300347222222222143e+01
2.191840277777777857e+01
2.126736111111111072e+01
2.105034722222222143e+01
2.126736111111111072e+01
2.191840277777777857e+01
2.300347222222222143e+01
2.452256944444444287e+01
2.647569444444444642e+01
2.886284722222222143e+01
3.168402777777777857e+01
3.493923611111111427e+01
3.862847222222222143e+01
4.275173611111112137e+01
4.730902777777778567e+01
5.230034722222222143e+01
5.078125000000000000e+01
4.578993055555555713e+01
4.123263888888889284e+01
3.710937500000000000e+01
3.342013888888888573e+01
3.016493055555555358e+01
2.734375000000000000e+01
2.495659722222222143e+01
2.300347222222222143e+01
2.148437500000000000e+01
2.039930555555555358e+01
1.974826388888888928e+01
1.953125000000000000e+01
1.974826388888888928e+01
2.039930555555555713e+01
2.148437500000000000e+01
2.300347222222222143e+01
2.495659722222222499e+01
2.734375000000000000e+01
3.016493055555555713e+01
3.342013888888889284e+01
3.710937500000000000e+01
4.123263888888889994e+01
4.578993055555556424e+01
5.078125000000000000e+01
4.969618055555555713e+01
4.470486111111110716e+01
4.014756944444444287e+01
3.602430555555555713e+01
3.233506944444444287e+01
2.907986111111110716e+01
2.625868055555555713e+01
2.387152777777777857e+01
2.191840277777777857e+01
2.039930555555555358e+01
1.931423611111111072e+01
1.866319444444444287e+01
1.844618055555555358e+01
1.866319444444444287e+01
1.931423611111111072e+01
2.039930555555555358e+01
2.191840277777777857e+01
2.387152777777777857e+01
2.625868055555555713e+01
2.907986111111111427e+01
3.233506944444444997e+01
3.602430555555555713e+01
4.014756944444445708e+01
4.470486111111111427e+01
4.969618055555555713e+01
4.904513888888888573e+01
4.405381944444444287e+01
3.949652777777778567e+01
3.537326388888888573e+01
3.168402777777777146e+01
2.842881944444444287e+01
2.560763888888888573e+01
2.322048611111111072e+01
2.126736111111111072e+01
1.974826388888888928e+01
1.866319444444444287e+01
1.801215277777777501e+01
1.779513888888888928e+01
1.801215277777777857e+01
1.866319444444444642e+01
1.974826388888888928e+01
2.126736111111111072e+01
2.322048611111111427e+01
2.560763888888888573e+01
2.842881944444444287e+01
3.168402777777777857e+01
3.537326388888888573e+01
3.949652777777778567e+01
4.405381944444445708e+01
4.904513888888888573e+01
4.882812500000000000e+01
4.383680555555555713e+01
3.927951388888889284e+01
3.515625000000000000e+01
3.146701388888888573e+01
2.821180555555555358e+01
2.539062500000000000e+01
2.300347222222222143e+01
2.105034722222222143e+01
1.953125000000000000e+01
1.844618055555555358e+01
1.779513888888888928e+01
1.757812500000000000e+01
1.779513888888888928e+01
1.844618055555555713e+01
1.953125000000000000e+01
2.105034722222222143e+01
2.300347222222222499e+01
2.539062500000000000e+01
2.821180555555555713e+01
3.146701388888889284e+01
3.515625000000000000e+01
3.927951388888889994e+01
4.383680555555556424e+01
4.882812500000000000e+01
4.904513888888888573e+01
4.405381944444444287e+01
3.949652777777778567e+01
3.537326388888888573e+01
3.168402777777777501e+01
2.842881944444444287e+01
2.560763888888888928e+01
2.322048611111111072e+01
2.126736111111111072e+01
1.974826388888888928e+01
1.866319444444444287e+01
1.801215277777777857e+01
1.779513888888888928e+01
1.801215277777777857e+01
1.866319444444444642e+01
1.974826388888888928e+01
2.126736111111111427e+01
2.322048611111111427e+01
2.560763888888888928e+01
2.842881944444444642e+01
3.168402777777778212e+01
3.537326388888888573e+01
3.949652777777778567e+01
4.405381944444445708e+01
4.904513888888888573e+01
4.969618055555555713e+01
4.470486111111111427e+01
4.014756944444444997e+01
3.602430555555555713e+01
3.233506944444444287e+01
2.907986111111111072e+01
2.625868055555555713e+01
2.387152777777777857e+01
2.191840277777777857e+01
2.039930555555555713e+01
1.931423611111111072e+01
1.866319444444444642e+01
1.844618055555555713e+01
1.866319444444444642e+01
1.931423611111111427e+01
2.039930555555555713e+01
2.191840277777777857e+01
2.387152777777778212e+01
2.625868055555555713e+01
2.907986111111111427e+01
3.233506944444444997e+01
3.602430555555555713e+01
4.014756944444445708e+01
4.470486111111112137e+01
4.969618055555555713e+01
5.078125000000000000e+01
4.578993055555555713e+01
4.123263888888889284e+01
3.710937500000000000e+01
3.342013888888888573e+01
3.016493055555555358e+01
2.734375000000000000e+01
2.495659722222222143e+01
2.300347222222222143e+01
2.148437500000000000e+01
2.039930555555555358e+01
1.974826388888888928e+01
1.953125000000000000e+01
1.974826388888888928e+01
2.039930555555555713e+01
2.148437500000000000e+01
2.300347222222222143e+01
2.495659722222222499e+01
2.734375000000000000e+01
3.016493055555555713e+01
3.342013888888889284e+01
3.710937500000000000e+01
4.123263888888889994e+01
4.578993055555556424e+01
5.078125000000000000e+01
5.230034722222222143e+01
4.730902777777777857e+01
4.275173611111111427e+01
3.862847222222222143e+01
3.493923611111110716e+01
3.168402777777777857e+01
2.886284722222222143e+01
2.647569444444444287e+01
2.452256944444444287e+01
2.300347222222222143e+01
2.191840277777777857e+01
2.126736111111111072e+01
2.105034722222222143e+01
2.126736111111111427e+01
2.191840277777777857e+01
2.300347222222222143e+01
2.452256944444444642e+01
2.647569444444444997e+01
2.886284722222222143e+01
3.168402777777777857e+01
3.493923611111111427e+01
3.862847222222222143e+01
4.275173611111112137e+01
4.730902777777778567e+01
5.230034722222222143e+01
5.425347222222222854e+01
4.926215277777777857e+01
4.470486111111111427e+01
4.058159722222222854e+01
3.689236111111111427e+01
3.363715277777777857e+01
3.081597222222222499e+01
2.842881944444444642e+01
2.647569444444444642e+01
2.495659722222222499e+01
2.387152777777777857e+01
2.322048611111111427e+01
2.300347222222222499e+01
2.322048611111111427e+01
2.387152777777778212e+01
2.495659722222222499e+01
2.647569444444444997e+01
2.842881944444444997e+01
3.081597222222222499e+01
3.363715277777778567e+01
3.689236111111111427e+01
4.058159722222222854e+01
4.470486111111112848e+01
4.926215277777778567e+01
5.425347222222222854e+01
5.664062500000000000e+01
5.164930555555555713e+01
4.709201388888889284e+01
4.296875000000000000e+01
3.927951388888888573e+01
3.602430555555555713e+01
3.320312500000000000e+01
3.081597222222222143e+01
2.886284722222222143e+01
2.734375000000000000e+01
2.625868055555555713e+01
2.560763888888888573e+01
2.539062500000000000e+01
2.560763888888888928e+01
2.625868055555555713e+01
2.734375000000000000e+01
2.886284722222222143e+01
3.081597222222222499e+01
3.320312500000000000e+01
3.602430555555555713e+01
3.927951388888889284e+01
4.296875000000000000e+01
4.709201388888889994e+01
5.164930555555556424e+01
5.664062500000000000e+01
5.946180555555555713e+01
5.447048611111111427e+01
4.991319444444444997e+01
4.578993055555555713e+01
4.210069444444444287e+01
3.884548611111111427e+01
3.602430555555555713e+01
3.363715277777777857e+01
3.168402777777777857e+01
3.016493055555555713e+01
2.907986111111111427e+01
2.842881944444444287e+01
2.821180555555555713e+01
2.842881944444444642e+01
2.907986111111111427e+01
3.016493055555555713e+01
3.168402777777777857e+01
3.363715277777778567e+01
3.602430555555555713e+01
3.884548611111111427e+01
4.210069444444444997e+01
4.578993055555555713e+01
4.991319444444445708e+01
5.447048611111112137e+01
5.946180555555555713e+01
6.271701388888889284e+01
5.772569444444444287e+01
5.316840277777778567e+01
4.904513888888889284e+01
4.535590277777777857e+01
4.210069444444444287e+01
3.927951388888889284e+01
3.689236111111111427e+01
3.493923611111111427e+01
3.342013888888889284e+01
3.233506944444444997e+01
3.168402777777777857e+01
3.146701388888889284e+01
3.168402777777778212e+01
3.233506944444444997e+01
3.342013888888889284e+01
3.493923611111111427e+01
3.689236111111111427e+01
3.927951388888889284e+01
4.210069444444444997e+01
4.535590277777778567e+01
4.904513888888889284e+01
5.316840277777779278e+01
5.772569444444445708e+01
6.271701388888889284e+01
6.640625000000000000e+01
6.141493055555555713e+01
5.685763888888889284e+01
5.273437500000000000e+01
4.904513888888888573e+01
4.578993055555555713e+01
4.296875000000000000e+01
4.058159722222222143e+01
3.862847222222222143e+01
3.710937500000000000e+01
3.602430555555555713e+01
3.537326388888888573e+01
3.515625000000000000e+01
3.537326388888888573e+01
3.602430555555555713e+01
3.710937500000000000e+01
3.862847222222222143e+01
4.058159722222222854e+01
4.296875000000000000e+01
4.578993055555555713e+01
4.904513888888889284e+01
5.273437500000000000e+01
5.685763888888889994e+01
6.141493055555556424e+01
6.640625000000000000e+01
7.052951388888889994e+01
6.553819444444445708e+01
6.098090277777779278e+01
5.685763888888889994e+01
5.316840277777778567e+01
4.991319444444445708e+01
4.709201388888889994e+01
4.470486111111112137e+01
4.275173611111112137e+01
4.123263888888889994e+01
4.014756944444445708e+01
3.949652777777778567e+01
3.927951388888889994e+01
3.949652777777778567e+01
4.014756944444445708e+01
4.123263888888889994e+01
4.275173611111112137e+01
4.470486111111112848e+01
4.709201388888889994e+01
4.991319444444445708e+01
5.316840277777779278e+01
5.685763888888889994e+01
6.098090277777779988e+01
6.553819444444445708e+01
7.052951388888889994e+01
7.508680555555557135e+01
7.009548611111111427e+01
6.553819444444445708e+01
6.141493055555556424e+01
5.772569444444444997e+01
5.447048611111111427e+01
5.164930555555556424e+01
4.926215277777778567e+01
4.730902777777778567e+01
4.578993055555556424e+01
4.470486111111111427e+01
4.405381944444445708e+01
4.383680555555556424e+01
4.405381944444445708e+01
4.470486111111112137e+01
4.578993055555556424e+01
4.730902777777778567e+01
4.926215277777778567e+01
5.164930555555556424e+01
5.447048611111112137e+01
5.772569444444445708e+01
6.141493055555556424e+01
6.553819444444445708e+01
7.009548611111112848e+01
7.508680555555557135e+01
8.007812500000000000e+01
7.508680555555555713e+01
7.052951388888888573e+01
6.640625000000000000e+01
6.271701388888888573e+01
5.946180555555555713e+01
5.664062500000000000e+01
5.425347222222222143e+01
5.230034722222222143e+01
5.078125000000000000e+01
4.969618055555555713e+01
4.904513888888888573e+01
4.882812500000000000e+01
4.904513888888888573e+01
4.969618055555555713e+01
5.078125000000000000e+01
5.230034722222222143e+01
5.425347222222222854e+01
5.664062500000000000e+01
5.946180555555555713e+01
6.271701388888889284e+01
6.640625000000000000e+01
7.052951388888889994e+01
7.508680555555557135e+01
8.007812500000000000e+01
8.420138888888889994e+01
7.921006944444445708e+01
7.465277777777779988e+01
7.052951388888889994e+01
6.684027777777778567e+01
6.358506944444445708e+01
6.076388888888889994e+01
5.837673611111112137e+01
5.642361111111112137e+01
5.490451388888889994e+01
5.381944444444445708e+01
5.316840277777778567e+01
5.295138888888889994e+01
5.316840277777778567e+01
5.381944444444445708e+01
5.490451388888889994e+01
5.642361111111112137e+01
5.837673611111112848e+01
6.076388888888889994e+01
6.358506944444445708e+01
6.684027777777779988e+01
7.052951388888889994e+01
7.465277777777779988e+01
7.921006944444445708e+01
8.420138888888889994e+01
7.921006944444445708e+01
7.421875000000000000e+01
6.966145833333334281e+01
6.553819444444445708e+01
6.184895833333334281e+01
5.859375000000000711e+01
5.577256944444445708e+01
5.338541666666667140e+01
5.143229166666667140e+01
4.991319444444445708e+01
4.882812500000000711e+01
4.817708333333334281e+01
4.796006944444445708e+01
4.817708333333334281e+01
4.882812500000001421e+01
4.991319444444445708e+01
5.143229166666667851e+01
5.338541666666667851e+01
5.577256944444445708e+01
5.859375000000001421e+01
6.184895833333334281e+01
6.553819444444445708e+01
6.966145833333335702e+01
7.421875000000001421e+01
7.921006944444445708e+01
7.465277777777779988e+01
6.966145833333334281e+01
6.510416666666668561e+01
6.098090277777779278e+01
5.729166666666667851e+01
5.403645833333334281e+01
5.121527777777779278e+01
4.882812500000001421e+01
4.687500000000001421e+01
4.535590277777779278e+01
4.427083333333334281e+01
4.361979166666668561e+01
4.340277777777779278e+01
4.361979166666668561e+01
4.427083333333334991e+01
4.535590277777779278e+01
4.687500000000001421e+01
4.882812500000001421e+01
5.121527777777779278e+01
5.403645833333334991e+01
5.729166666666668561e+01
6.098090277777779278e+01
6.510416666666668561e+01
6.966145833333335702e+01
7.465277777777779988e+01
7.052951388888889994e+01
6.553819444444445708e+01
6.098090277777779278e+01
5.685763888888889994e+01
5.316840277777778567e+01
4.991319444444445708e+01
4.709201388888889994e+01
4.470486111111112137e+01
4.275173611111112137e+01
4.123263888888889994e+01
4.014756944444445708e+01
3.949652777777778567e+01
3.927951388888889994e+01
3.949652777777778567e+01
4.014756944444445708e+01
4.123263888888889994e+01
4.275173611111112137e+01
4.470486111111112848e+01
4.709201388888889994e+01
4.991319444444445708e+01
5.316840277777779278e+01
5.685763888888889994e+01
6.098090277777779988e+01
6.553819444444445708e+01
7.052951388888889994e+01
6.684027777777778567e+01
6.184895833333334281e+01
5.729166666666667851e+01
5.316840277777778567e+01
4.947916666666667140e+01
4.622395833333334281e+01
4.340277777777778567e+01
4.101562500000000711e+01
3.906250000000000711e+01
3.754340277777778567e+01
3.645833333333334281e+01
3.580729166666667140e+01
3.559027777777778567e+01
3.580729166666667140e+01
3.645833333333334281e+01
3.754340277777778567e+01
3.906250000000000711e+01
4.101562500000001421e+01
4.340277777777778567e+01
4.622395833333334281e+01
4.947916666666667851e+01
5.316840277777778567e+01
5.729166666666668561e+01
6.184895833333334991e+01
6.684027777777778567e+01
6.358506944444445708e+01
5.859375000000000711e+01
5.403645833333334281e+01
4.991319444444445708e+01
4.622395833333334281e+01
4.296875000000000711e+01
4.014756944444445708e+01
3.776041666666667140e+01
3.580729166666667140e+01
3.428819444444445708e+01
3.320312500000000711e+01
3.255208333333334281e+01
3.233506944444445708e+01
3.255208333333334281e+01
3.320312500000001421e+01
3.428819444444445708e+01
3.580729166666667851e+01
3.776041666666667851e+01
4.014756944444445708e+01
4.296875000000001421e+01
4.622395833333334281e+01
4.991319444444445708e+01
5.403645833333335702e+01
5.859375000000001421e+01
6.358506944444445708e+01
6.076388888888889994e+01
5.577256944444445708e+01
5.121527777777779278e+01
4.709201388888889994e+01
4.340277777777778567e+01
4.014756944444445708e+01
3.732638888888889994e+01
3.493923611111112137e+01
3.298611111111112137e+01
3.146701388888889994e+01
3.038194444444445708e+01
2.973090277777778567e+01
2.951388888888889994e+01
2.973090277777778923e+01
3.038194444444445708e+01
3.146701388888889994e+01
3.298611111111112137e+01
3.493923611111112848e+01
3.732638888888889994e+01
4.014756944444445708e+01
4.340277777777779278e+01
4.709201388888889994e+01
5.121527777777779988e+01
5.577256944444446418e+01
6.076388888888889994e+01
5.837673611111112137e+01
5.338541666666667140e+01
4.882812500000001421e+01
4.470486111111112137e+01
4.101562500000000711e+01
3.776041666666667140e+01
3.493923611111112137e+01
3.255208333333334281e+01
3.059895833333334281e+01
2.907986111111112137e+01
2.799479166666667851e+01
2.734375000000001066e+01
2.712673611111112137e+01
2.734375000000001066e+01
2.799479166666667851e+01
2.907986111111112137e+01
3.059895833333334281e+01
3.255208333333334281e+01
3.493923611111112137e+01
3.776041666666667851e+01
4.101562500000001421e+01
4.470486111111112137e+01
4.882812500000002132e+01
5.338541666666668561e+01
5.837673611111112137e+01
5.642361111111112137e+01
5.143229166666667140e+01
4.687500000000001421e+01
4.275173611111112137e+01
3.906250000000000711e+01
3.580729166666667140e+01
3.298611111111112137e+01
3.059895833333334281e+01
2.864583333333334281e+01
2.712673611111112137e+01
2.604166666666667851e+01
2.539062500000001066e+01
2.517361111111112137e+01
2.539062500000001066e+01
2.604166666666667851e+01
2.712673611111112137e+01
2.864583333333334281e+01
3.059895833333334636e+01
3.298611111111112137e+01
3.580729166666667851e+01
3.906250000000001421e+01
4.275173611111112137e+01
4.687500000000002132e+01
5.143229166666668561e+01
5.642361111111112137e+01
5.490451388888889994e+01
4.991319444444445708e+01
4.535590277777779278e+01
4.123263888888889994e+01
3.754340277777778567e+01
3.428819444444445708e+01
3.146701388888889994e+01
2.907986111111112137e+01
2.712673611111112137e+01
2.560763888888889994e+01
2.452256944444445352e+01
2.387152777777778923e+01
2.365451388888889994e+01
2.387152777777778923e+01
2.452256944444445708e+01
2.560763888888889994e+01
2.712673611111112137e+01
2.907986111111112493e+01
3.146701388888889994e+01
3.428819444444445708e+01
3.754340277777779278e+01
4.123263888888889994e+01
4.535590277777779988e+01
4.991319444444446418e+01
5.490451388888889994e+01
5.381944444444445708e+01
4.882812500000000711e+01
4.427083333333334281e+01
4.014756944444445708e+01
3.645833333333334281e+01
3.320312500000000711e+01
3.038194444444445708e+01
2.799479166666667851e+01
2.604166666666667851e+01
2.452256944444445352e+01
2.343750000000001066e+01
2.278645833333334281e+01
2.256944444444445352e+01
2.278645833333334281e+01
2.343750000000001066e+01
2.452256944444445352e+01
2.604166666666667851e+01
2.799479166666667851e+01
3.038194444444445708e+01
3.320312500000001421e+01
3.645833333333334991e+01
4.014756944444445708e+01
4.427083333333335702e+01
4.882812500000001421e+01
5.381944444444445708e+01
5.316840277777778567e+01
4.817708333333334281e+01
4.361979166666668561e+01
3.949652777777778567e+01
3.580729166666667140e+01
3.255208333333334281e+01
2.973090277777778567e+01
2.734375000000001066e+01
2.539062500000001066e+01
2.387152777777778923e+01
2.278645833333334281e+01
2.213541666666667496e+01
2.191840277777778923e+01
2.213541666666667851e+01
2.278645833333334636e+01
2.387152777777778923e+01
2.539062500000001066e+01
2.734375000000001421e+01
2.973090277777778567e+01
3.255208333333334281e+01
3.580729166666667851e+01
3.949652777777778567e+01
4.361979166666668561e+01
4.817708333333335702e+01
5.316840277777778567e+01
5.295138888888889994e+01
4.796006944444445708e+01
4.340277777777779278e+01
3.927951388888889994e+01
3.559027777777778567e+01
3.233506944444445708e+01
2.951388888888889994e+01
2.712673611111112137e+01
2.517361111111112137e+01
2.365451388888889994e+01
2.256944444444445352e+01
2.191840277777778923e+01
2.170138888888889994e+01
2.191840277777778923e+01
2.256944444444445708e+01
2.365451388888889994e+01
2.517361111111112137e+01
2.712673611111112493e+01
2.951388888888889994e+01
3.233506944444445708e+01
3.559027777777779278e+01
3.927951388888889994e+01
4.340277777777779988e+01
4.796006944444446418e+01
5.295138888888889994e+01
5.316840277777778567e+01
4.817708333333334281e+01
4.361979166666668561e+01
3.949652777777778567e+01
3.580729166666667140e+01
3.255208333333334281e+01
2.973090277777778923e+01
2.734375000000001066e+01
2.539062500000001066e+01
2.387152777777778923e+01
2.278645833333334281e+01
2.213541666666667851e+01
2.191840277777778923e+01
2.213541666666667851e+01
2.278645833333334636e+01
2.387152777777778923e+01
2.539062500000001421e+01
2.734375000000001421e+01
2.973090277777778923e+01
3.255208333333334281e+01
3.580729166666668561e+01
3.949652777777778567e+01
4.361979166666668561e+01
4.817708333333335702e+01
5.316840277777778567e+01
5.381944444444445708e+01
4.882812500000001421e+01
4.427083333333334991e+01
4.014756944444445708e+01
3.645833333333334281e+01
3.320312500000001421e+01
3.038194444444445708e+01
2.799479166666667851e+01
2.604166666666667851e+01
2.452256944444445708e+01
2.343750000000001066e+01
2.278645833333334636e+01
2.256944444444445708e+01
2.278645833333334636e+01
2.343750000000001421e+01
2.452256944444445708e+01
2.604166666666667851e+01
2.799479166666668206e+01
3.038194444444445708e+01
3.320312500000001421e+01
3.645833333333334991e+01
4.014756944444445708e+01
4.427083333333335702e+01
4.882812500000002132e+01
5.381944444444445708e+01
5.490451388888889994e+01
4.991319444444445708e+01
4.535590277777779278e+01
4.123263888888889994e+01
3.754340277777778567e+01
3.428819444444445708e+01
3.146701388888889994e+01
2.907986111111112137e+01
2.712673611111112137e+01
2.560763888888889994e+01
2.452256944444445352e+01
2.387152777777778923e+01
2.365451388888889994e+01
2.387152777777778923e+01
2.452256944444445708e+01
2.560763888888889994e+01
2.712673611111112137e+01
2.907986111111112493e+01
3.146701388888889994e+01
3.428819444444445708e+01
3.754340277777779278e+01
4.123263888888889994e+01
4.535590277777779988e+01
4.991319444444446418e+01
5.490451388888889994e+01
5.642361111111112137e+01
5.143229166666667851e+01
4.687500000000001421e+01
4.275173611111112137e+01
3.906250000000000711e+01
3.580729166666667851e+01
3.298611111111112137e+01
3.059895833333334281e+01
2.864583333333334281e+01
2.712673611111112137e+01
2.604166666666667851e+01
2.539062500000001066e+01
2.517361111111112137e+01
2.539062500000001421e+01
2.604166666666667851e+01
2.712673611111112137e+01
2.864583333333334636e+01
3.059895833333334991e+01
3.298611111111112137e+01
3.580729166666667851e+01
3.906250000000001421e+01
4.275173611111112137e+01
4.687500000000002132e+01
5.143229166666668561e+01
5.642361111111112137e+01
5.837673611111112848e+01
5.338541666666667851e+01
4.882812500000001421e+01
4.470486111111112848e+01
4.101562500000001421e+01
3.776041666666667851e+01
3.493923611111112848e+01
3.255208333333334281e+01
3.059895833333334636e+01
2.907986111111112493e+01
2.799479166666667851e+01
2.734375000000001421e+01
2.712673611111112493e+01
2.734375000000001421e+01
2.799479166666668206e+01
2.907986111111112493e+01
3.059895833333334991e+01
3.255208333333334991e+01
3.493923611111112848e+01
3.776041666666668561e+01
4.101562500000001421e+01
4.470486111111112848e+01
4.882812500000002842e+01
5.338541666666668561e+01
5.837673611111112848e+01
6.076388888888889994e+01
5.577256944444445708e+01
5.121527777777779278e+01
4.709201388888889994e+01
4.340277777777778567e+01
4.014756944444445708e+01
3.732638888888889994e+01
3.493923611111112137e+01
3.298611111111112137e+01
3.146701388888889994e+01
3.038194444444445708e+01
2.973090277777778567e+01
2.951388888888889994e+01
2.973090277777778923e+01
3.038194444444445708e+01
3.146701388888889994e+01
3.298611111111112137e+01
3.493923611111112848e+01
3.732638888888889994e+01
4.014756944444445708e+01
4.340277777777779278e+01
4.709201388888889994e+01
5.121527777777779988e+01
5.577256944444446418e+01
6.076388888888889994e+01
6.358506944444445708e+01
5.859375000000001421e+01
5.403645833333334991e+01
4.991319444444445708e+01
4.622395833333334281e+01
4.296875000000001421e+01
4.014756944444445708e+01
3.776041666666667851e+01
3.580729166666667851e+01
3.428819444444445708e+01
3.320312500000001421e+01
3.255208333333334281e+01
3.233506944444445708e+01
3.255208333333334281e+01
3.320312500000001421e+01
3.428819444444445708e+01
3.580729166666667851e+01
3.776041666666668561e+01
4.014756944444445708e+01
4.296875000000001421e+01
4.622395833333334991e+01
4.991319444444445708e+01
5.403645833333335702e+01
5.859375000000002132e+01
6.358506944444445708e+01
6.684027777777779988e+01
6.184895833333334281e+01
5.729166666666668561e+01
5.316840277777779278e+01
4.947916666666667851e+01
4.622395833333334281e+01
4.340277777777779278e+01
4.101562500000001421e+01
3.906250000000001421e+01
3.754340277777779278e+01
3.645833333333334991e+01
3.580729166666667851e+01
3.559027777777779278e+01
3.580729166666668561e+01
3.645833333333334991e+01
3.754340277777779278e+01
3.906250000000001421e+01
4.101562500000001421e+01
4.340277777777779278e+01
4.622395833333334991e+01
4.947916666666668561e+01
5.316840277777779278e+01
5.729166666666669272e+01
6.184895833333335702e+01
6.684027777777779988e+01
7.052951388888889994e+01
6.553819444444445708e+01
6.098090277777779278e+01
5.685763888888889994e+01
5.316840277777778567e+01
4.991319444444445708e+01
4.709201388888889994e+01
4.470486111111112137e+01
4.275173611111112137e+01
4.123263888888889994e+01
4.014756944444445708e+01
3.949652777777778567e+01
3.927951388888889994e+01
3.949652777777778567e+01
4.014756944444445708e+01
4.123263888888889994e+01
4.275173611111112137e+01
4.470486111111112848e+01
4.709201388888889994e+01
4.991319444444445708e+01
5.316840277777779278e+01
5.685763888888889994e+01
6.098090277777779988e+01
6.553819444444445708e+01
7.052951388888889994e+01
7.465277777777779988e+01
6.966145833333335702e+01
6.510416666666668561e+01
6.098090277777779988e+01
5.729166666666668561e+01
5.403645833333335702e+01
5.121527777777779988e+01
4.882812500000002132e+01
4.687500000000002132e+01
4.535590277777779988e+01
4.427083333333335702e+01
4.361979166666668561e+01
4.340277777777779988e+01
4.361979166666668561e+01
4.427083333333335702e+01
4.535590277777779988e+01
4.687500000000002132e+01
4.882812500000002842e+01
5.121527777777779988e+01
5.403645833333335702e+01
5.729166666666669272e+01
6.098090277777779988e+01
6.510416666666669983e+01
6.966145833333337123e+01
7.465277777777779988e+01
7.921006944444445708e+01
7.421875000000001421e+01
6.966145833333335702e+01
6.553819444444445708e+01
6.184895833333334991e+01
5.859375000000001421e+01
5.577256944444446418e+01
5.338541666666668561e+01
5.143229166666668561e+01
4.991319444444446418e+01
4.882812500000001421e+01
4.817708333333335702e+01
4.796006944444446418e+01
4.817708333333335702e+01
4.882812500000002132e+01
4.991319444444446418e+01
5.143229166666668561e+01
5.338541666666668561e+01
5.577256944444446418e+01
5.859375000000002132e+01
6.184895833333335702e+01
6.553819444444445708e+01
6.966145833333337123e+01
7.421875000000002842e+01
7.921006944444445708e+01
8.420138888888889994e+01
7.921006944444445708e+01
7.465277777777779988e+01
7.052951388888889994e+01
6.684027777777778567e+01
6.358506944444445708e+01
6.076388888888889994e+01
5.837673611111112137e+01
5.642361111111112137e+01
5.490451388888889994e+01
5.381944444444445708e+01
5.316840277777778567e+01
5.295138888888889994e+01
5.316840277777778567e+01
5.381944444444445708e+01
5.490451388888889994e+01
5.642361111111112137e+01
5.837673611111112848e+01
6.076388888888889994e+01
6.358506944444445708e+01
6.684027777777779988e+01
7.052951388888889994e+01
7.465277777777779988e+01
7.921006944444445708e+01
8.420138888888889994e+01
8.875868055555557135e+01
8.376736111111111427e+01
7.921006944444445708e+01
7.508680555555557135e+01
7.139756944444445708e+01
6.814236111111111427e+01
6.532118055555557135e+01
6.293402777777778567e+01
6.098090277777778567e+01
5.946180555555556424e+01
5.837673611111112137e+01
5.772569444444445708e+01
5.750868055555556424e+01
5.772569444444445708e+01
5.837673611111112137e+01
5.946180555555556424e+01
6.098090277777778567e+01
6.293402777777779278e+01
6.532118055555557135e+01
6.814236111111111427e+01
7.139756944444445708e+01
7.508680555555557135e+01
7.921006944444445708e+01
8.376736111111112848e+01
8.875868055555557135e+01
8.376736111111111427e+01
7.877604166666667140e+01
7.421875000000000000e+01
7.009548611111111427e+01
6.640625000000000000e+01
6.315104166666667140e+01
6.032986111111112137e+01
5.794270833333334281e+01
5.598958333333334281e+01
5.447048611111111427e+01
5.338541666666667140e+01
5.273437500000000711e+01
5.251736111111111427e+01
5.273437500000000711e+01
5.338541666666667140e+01
5.447048611111111427e+01
5.598958333333334281e+01
5.794270833333334281e+01
6.032986111111112137e+01
6.315104166666667851e+01
6.640625000000000000e+01
7.009548611111111427e+01
7.421875000000002842e+01
7.877604166666668561e+01
8.376736111111111427e+01
7.921006944444445708e+01
7.421875000000000000e+01
6.966145833333334281e+01
6.553819444444445708e+01
6.184895833333334281e+01
5.859375000000000711e+01
5.577256944444445708e+01
5.338541666666667851e+01
5.143229166666667851e+01
4.991319444444445708e+01
4.882812500000001421e+01
4.817708333333334281e+01
4.796006944444445708e+01
4.817708333333334281e+01
4.882812500000001421e+01
4.991319444444445708e+01
5.143229166666667851e+01
5.338541666666668561e+01
5.577256944444445708e+01
5.859375000000001421e+01
6.184895833333334991e+01
6.553819444444445708e+01
6.966145833333335702e+01
7.421875000000002842e+01
7.921006944444445708e+01
7.508680555555557135e+01
7.009548611111111427e+01
6.553819444444445708e+01
6.141493055555556424e+01
5.772569444444444997e+01
5.447048611111111427e+01
5.164930555555556424e+01
4.926215277777778567e+01
4.730902777777778567e+01
4.578993055555556424e+01
4.470486111111111427e+01
4.405381944444445708e+01
4.383680555555556424e+01
4.405381944444445708e+01
4.470486111111112137e+01
4.578993055555556424e+01
4.730902777777778567e+01
4.926215277777778567e+01
5.164930555555556424e+01
5.447048611111112137e+01
5.772569444444445708e+01
6.141493055555556424e+01
6.553819444444445708e+01
7.009548611111112848e+01
7.508680555555557135e+01
7.139756944444445708e+01
6.640625000000000000e+01
6.184895833333334281e+01
5.772569444444444997e+01
5.403645833333333570e+01
5.078125000000000000e+01
4.796006944444444997e+01
4.557291666666667140e+01
4.361979166666667140e+01
4.210069444444444997e+01
4.101562500000000711e+01
4.036458333333333570e+01
4.014756944444444997e+01
4.036458333333334281e+01
4.101562500000000711e+01
4.210069444444444997e+01
4.361979166666667140e+01
4.557291666666667140e+01
4.796006944444444997e+01
5.078125000000000711e+01
5.403645833333334281e+01
5.772569444444444997e+01
6.184895833333334991e+01
6.640625000000001421e+01
7.139756944444445708e+01
6.814236111111111427e+01
6.315104166666667140e+01
5.859375000000000711e+01
5.447048611111111427e+01
5.078125000000000000e+01
4.752604166666667140e+01
4.470486111111111427e+01
4.231770833333334281e+01
4.036458333333334281e+01
3.884548611111111427e+01
3.776041666666667140e+01
3.710937500000000711e+01
3.689236111111111427e+01
3.710937500000000711e+01
3.776041666666667140e+01
3.884548611111111427e+01
4.036458333333334281e+01
4.231770833333334281e+01
4.470486111111111427e+01
4.752604166666667140e+01
5.078125000000001421e+01
5.447048611111111427e+01
5.859375000000002132e+01
6.315104166666667851e+01
6.814236111111111427e+01
6.532118055555557135e+01
6.032986111111112137e+01
5.577256944444445708e+01
5.164930555555556424e+01
4.796006944444444997e+01
4.470486111111111427e+01
4.188368055555556424e+01
3.949652777777778567e+01
3.754340277777778567e+01
3.602430555555556424e+01
3.493923611111112137e+01
3.428819444444444997e+01
3.407118055555556424e+01
3.428819444444445708e+01
3.493923611111112137e+01
3.602430555555556424e+01
3.754340277777778567e+01
3.949652777777778567e+01
4.188368055555556424e+01
4.470486111111112137e+01
4.796006944444445708e+01
5.164930555555556424e+01
5.577256944444446418e+01
6.032986111111112848e+01
6.532118055555557135e+01
6.293402777777778567e+01
5.794270833333334281e+01
5.338541666666667851e+01
4.926215277777778567e+01
4.557291666666667140e+01
4.231770833333334281e+01
3.949652777777778567e+01
3.710937500000000711e+01
3.515625000000000711e+01
3.363715277777778567e+01
3.255208333333334281e+01
3.190104166666667496e+01
3.168402777777778567e+01
3.190104166666667496e+01
3.255208333333334281e+01
3.363715277777778567e+01
3.515625000000000711e+01
3.710937500000001421e+01
3.949652777777778567e+01
4.231770833333334281e+01
4.557291666666667851e+01
4.926215277777778567e+01
5.338541666666668561e+01
5.794270833333334991e+01
6.293402777777778567e+01
6.098090277777778567e+01
5.598958333333334281e+01
5.143229166666667851e+01
4.730902777777778567e+01
4.361979166666667140e+01
4.036458333333334281e+01
3.754340277777778567e+01
3.515625000000000711e+01
3.320312500000000711e+01
3.168402777777778567e+01
3.059895833333334281e+01
2.994791666666667496e+01
2.973090277777778567e+01
2.994791666666667496e+01
3.059895833333334281e+01
3.168402777777778567e+01
3.320312500000000711e+01
3.515625000000001421e+01
3.754340277777778567e+01
4.036458333333334281e+01
4.361979166666667851e+01
4.730902777777778567e+01
5.143229166666668561e+01
5.598958333333334991e+01
6.098090277777778567e+01
5.946180555555556424e+01
5.447048611111111427e+01
4.991319444444445708e+01
4.578993055555556424e+01
4.210069444444444997e+01
3.884548611111111427e+01
3.602430555555556424e+01
3.363715277777778567e+01
3.168402777777778567e+01
3.016493055555556424e+01
2.907986111111111782e+01
2.842881944444445352e+01
2.821180555555556424e+01
2.842881944444445352e+01
2.907986111111112137e+01
3.016493055555556424e+01
3.168402777777778567e+01
3.363715277777778567e+01
3.602430555555556424e+01
3.884548611111112137e+01
4.210069444444445708e+01
4.578993055555556424e+01
4.991319444444446418e+01
5.447048611111112848e+01
5.946180555555556424e+01
5.837673611111112137e+01
5.338541666666667140e+01
4.882812500000001421e+01
4.470486111111111427e+01
4.101562500000000711e+01
3.776041666666667140e+01
3.493923611111112137e+01
3.255208333333334281e+01
3.059895833333334281e+01
2.907986111111111782e+01
2.799479166666667496e+01
2.734375000000000711e+01
2.712673611111111782e+01
2.734375000000000711e+01
2.799479166666667496e+01
2.907986111111111782e+01
3.059895833333334281e+01
3.255208333333334281e+01
3.493923611111112137e+01
3.776041666666667851e+01
4.101562500000001421e+01
4.470486111111111427e+01
4.882812500000001421e+01
5.338541666666668561e+01
5.837673611111112137e+01
5.772569444444445708e+01
5.273437500000000711e+01
4.817708333333334281e+01
4.405381944444445708e+01
4.036458333333333570e+01
3.710937500000000711e+01
3.428819444444444997e+01
3.190104166666667496e+01
2.994791666666667496e+01
2.842881944444445352e+01
2.734375000000000711e+01
2.669270833333333925e+01
2.647569444444445352e+01
2.669270833333334281e+01
2.734375000000001066e+01
2.842881944444445352e+01
2.994791666666667496e+01
3.190104166666667851e+01
3.428819444444444997e+01
3.710937500000000711e+01
4.036458333333334281e+01
4.405381944444445708e+01
4.817708333333335702e+01
5.273437500000001421e+01
5.772569444444445708e+01
5.750868055555556424e+01
5.251736111111111427e+01
4.796006944444445708e+01
4.383680555555556424e+01
4.014756944444444997e+01
3.689236111111111427e+01
3.407118055555556424e+01
3.168402777777778567e+01
2.973090277777778567e+01
2.821180555555556424e+01
2.712673611111111782e+01
2.647569444444445352e+01
2.625868055555556424e+01
2.647569444444445352e+01
2.712673611111112137e+01
2.821180555555556424e+01
2.973090277777778567e+01
3.168402777777778923e+01
3.407118055555556424e+01
3.689236111111112137e+01
4.014756944444445708e+01
4.383680555555556424e+01
4.796006944444446418e+01
5.251736111111112848e+01
5.750868055555556424e+01
5.772569444444445708e+01
5.273437500000000711e+01
4.817708333333334281e+01
4.405381944444445708e+01
4.036458333333334281e+01
3.710937500000000711e+01
3.428819444444445708e+01
3.190104166666667496e+01
2.994791666666667496e+01
2.842881944444445352e+01
2.734375000000000711e+01
2.669270833333334281e+01
2.647569444444445352e+01
2.669270833333334281e+01
2.734375000000001066e+01
2.842881944444445352e+01
2.994791666666667851e+01
3.190104166666667851e+01
3.428819444444445708e+01
3.710937500000001421e+01
4.036458333333334281e+01
4.405381944444445708e+01
4.817708333333335702e+01
5.273437500000001421e+01
5.772569444444445708e+01
5.837673611111112137e+01
5.338541666666667140e+01
4.882812500000001421e+01
4.470486111111112137e+01
4.101562500000000711e+01
3.776041666666667140e+01
3.493923611111112137e+01
3.255208333333334281e+01
3.059895833333334281e+01
2.907986111111112137e+01
2.799479166666667496e+01
2.734375000000001066e+01
2.712673611111112137e+01
2.734375000000001066e+01
2.799479166666667851e+01
2.907986111111112137e+01
3.059895833333334281e+01
3.255208333333334281e+01
3.493923611111112137e+01
3.776041666666667851e+01
4.101562500000001421e+01
4.470486111111112137e+01
4.882812500000002132e+01
5.338541666666668561e+01
5.837673611111112137e+01
5.946180555555556424e+01
5.447048611111111427e+01
4.991319444444445708e+01
4.578993055555556424e+01
4.210069444444444997e+01
3.884548611111111427e+01
3.602430555555556424e+01
3.363715277777778567e+01
3.168402777777778567e+01
3.016493055555556424e+01
2.907986111111111782e+01
2.842881944444445352e+01
2.821180555555556424e+01
2.842881944444445352e+01
2.907986111111112137e+01
3.016493055555556424e+01
3.168402777777778567e+01
3.363715277777778567e+01
3.602430555555556424e+01
3.884548611111112137e+01
4.210069444444445708e+01
4.578993055555556424e+01
4.991319444444446418e+01
5.447048611111112848e+01
5.946180555555556424e+01
6.098090277777778567e+01
5.598958333333334281e+01
5.143229166666667851e+01
4.730902777777778567e+01
4.361979166666667140e+01
4.036458333333334281e+01
3.754340277777778567e+01
3.515625000000000711e+01
3.320312500000000711e+01
3.168402777777778567e+01
3.059895833333334281e+01
2.994791666666667496e+01
2.973090277777778567e+01
2.994791666666667851e+01
3.059895833333334281e+01
3.168402777777778567e+01
3.320312500000001421e+01
3.515625000000001421e+01
3.754340277777778567e+01
4.036458333333334281e+01
4.361979166666667851e+01
4.730902777777778567e+01
5.143229166666668561e+01
5.598958333333334991e+01
6.098090277777778567e+01
6.293402777777779278e+01
5.794270833333334281e+01
5.338541666666668561e+01
4.926215277777778567e+01
4.557291666666667140e+01
4.231770833333334281e+01
3.949652777777778567e+01
3.710937500000001421e+01
3.515625000000001421e+01
3.363715277777778567e+01
3.255208333333334281e+01
3.190104166666667851e+01
3.168402777777778923e+01
3.190104166666667851e+01
3.255208333333334281e+01
3.363715277777778567e+01
3.515625000000001421e+01
3.710937500000001421e+01
3.949652777777778567e+01
4.231770833333334281e+01
4.557291666666668561e+01
4.926215277777778567e+01
5.338541666666668561e+01
5.794270833333335702e+01
6.293402777777779278e+01
6.532118055555557135e+01
6.032986111111112137e+01
5.577256944444445708e+01
5.164930555555556424e+01
4.796006944444444997e+01
4.470486111111111427e+01
4.188368055555556424e+01
3.949652777777778567e+01
3.754340277777778567e+01
3.602430555555556424e+01
3.493923611111112137e+01
3.428819444444444997e+01
3.407118055555556424e+01
3.428819444444445708e+01
3.493923611111112137e+01
3.602430555555556424e+01
3.754340277777778567e+01
3.949652777777778567e+01
4.188368055555556424e+01
4.470486111111112137e+01
4.796006944444445708e+01
5.164930555555556424e+01
5.577256944444446418e+01
6.032986111111112848e+01
6.532118055555557135e+01
6.814236111111111427e+01
6.315104166666667851e+01
5.859375000000001421e+01
5.447048611111112137e+01
5.078125000000000711e+01
4.752604166666667140e+01
4.470486111111112137e+01
4.231770833333334281e+01
4.036458333333334281e+01
3.884548611111112137e+01
3.776041666666667851e+01
3.710937500000000711e+01
3.689236111111112137e+01
3.710937500000001421e+01
3.776041666666667851e+01
3.884548611111112137e+01
4.036458333333334281e+01
4.231770833333334281e+01
4.470486111111112137e+01
4.752604166666667851e+01
5.078125000000001421e+01
5.447048611111112137e+01
5.859375000000002132e+01
6.315104166666668561e+01
6.814236111111111427e+01
7.139756944444445708e+01
6.640625000000000000e+01
6.184895833333334991e+01
5.772569444444445708e+01
5.403645833333334281e+01
5.078125000000001421e+01
4.796006944444445708e+01
4.557291666666667851e+01
4.361979166666667851e+01
4.210069444444445708e+01
4.101562500000001421e+01
4.036458333333334281e+01
4.014756944444445708e+01
4.036458333333334281e+01
4.101562500000001421e+01
4.210069444444445708e+01
4.361979166666667851e+01
4.557291666666668561e+01
4.796006944444445708e+01
5.078125000000001421e+01
5.403645833333334991e+01
5.772569444444445708e+01
6.184895833333335702e+01
6.640625000000002842e+01
7.139756944444445708e+01
7.508680555555557135e+01
7.009548611111111427e+01
6.553819444444445708e+01
6.141493055555556424e+01
5.772569444444444997e+01
5.447048611111111427e+01
5.164930555555556424e+01
4.926215277777778567e+01
4.730902777777778567e+01
4.578993055555556424e+01
4.470486111111111427e+01
4.405381944444445708e+01
4.383680555555556424e+01
4.405381944444445708e+01
4.470486111111112137e+01
4.578993055555556424e+01
4.730902777777778567e+01
4.926215277777778567e+01
5.164930555555556424e+01
5.447048611111112137e+01
5.772569444444445708e+01
6.141493055555556424e+01
6.553819444444445708e+01
7.009548611111112848e+01
7.508680555555557135e+01
7.921006944444445708e+01
7.421875000000002842e+01
6.966145833333335702e+01
6.553819444444445708e+01
6.184895833333334991e+01
5.859375000000002132e+01
5.577256944444446418e+01
5.338541666666668561e+01
5.143229166666668561e+01
4.991319444444446418e+01
4.882812500000001421e+01
4.817708333333335702e+01
4.796006944444446418e+01
4.817708333333335702e+01
4.882812500000002132e+01
4.991319444444446418e+01
5.143229166666668561e+01
5.338541666666668561e+01
5.577256944444446418e+01
5.859375000000002132e+01
6.184895833333335702e+01
6.553819444444445708e+01
6.966145833333337123e+01
7.421875000000002842e+01
7.921006944444445708e+01
8.376736111111112848e+01
7.877604166666668561e+01
7.421875000000002842e+01
7.009548611111112848e+01
6.640625000000001421e+01
6.315104166666667851e+01
6.032986111111112848e+01
5.794270833333334991e+01
5.598958333333334991e+01
5.447048611111112848e+01
5.338541666666668561e+01
5.273437500000001421e+01
5.251736111111112848e+01
5.273437500000001421e+01
5.338541666666668561e+01
5.447048611111112848e+01
5.598958333333334991e+01
5.794270833333335702e+01
6.032986111111112848e+01
6.315104166666668561e+01
6.640625000000002842e+01
7.009548611111112848e+01
7.421875000000002842e+01
7.877604166666668561e+01
8.376736111111112848e+01
8.875868055555557135e+01
8.376736111111111427e+01
7.921006944444445708e+01
7.508680555555557135e+01
7.139756944444445708e+01
6.814236111111111427e+01
6.532118055555557135e+01
6.293402777777778567e+01
6.098090277777778567e+01
5.946180555555556424e+01
5.837673611111112137e+01
5.772569444444445708e+01
5.750868055555556424e+01
5.772569444444445708e+01
5.837673611111112137e+01
5.946180555555556424e+01
6.098090277777778567e+01
6.293402777777779278e+01
6.532118055555557135e+01
6.814236111111111427e+01
7.139756944444445708e+01
7.508680555555557135e+01
7.921006944444445708e+01
8.376736111111112848e+01
8.875868055555557135e+01
9.375000000000000000e+01
8.875868055555555713e+01
8.420138888888888573e+01
8.007812500000000000e+01
7.638888888888888573e+01
7.313368055555555713e+01
7.031250000000000000e+01
6.792534722222222854e+01
6.597222222222222854e+01
6.445312500000000000e+01
6.336805555555555713e+01
6.271701388888888573e+01
6.250000000000000000e+01
6.271701388888888573e+01
6.336805555555555713e+01
6.445312500000000000e+01
6.597222222222222854e+01
6.792534722222222854e+01
7.031250000000000000e+01
7.313368055555555713e+01
7.638888888888888573e+01
8.007812500000000000e+01
8.420138888888889994e+01
8.875868055555557135e+01
9.375000000000000000e+01
8.875868055555555713e+01
8.376736111111111427e+01
7.921006944444444287e+01
7.508680555555555713e+01
7.139756944444444287e+01
6.814236111111111427e+01
6.532118055555555713e+01
6.293402777777777146e+01
6.098090277777777146e+01
5.946180555555555713e+01
5.837673611111110716e+01
5.772569444444444287e+01
5.750868055555555713e+01
5.772569444444444287e+01
5.837673611111111427e+01
5.946180555555555713e+01
6.098090277777777857e+01
6.293402777777777857e+01
6.532118055555555713e+01
6.814236111111111427e+01
7.139756944444444287e+01
7.508680555555555713e+01
7.921006944444445708e+01
8.376736111111111427e+01
8.875868055555555713e+01
8.420138888888888573e+01
7.921006944444444287e+01
7.465277777777778567e+01
7.052951388888888573e+01
6.684027777777777146e+01
6.358506944444444287e+01
6.076388888888889284e+01
5.837673611111111427e+01
5.642361111111111427e+01
5.490451388888889284e+01
5.381944444444444287e+01
5.316840277777778567e+01
5.295138888888889284e+01
5.316840277777778567e+01
5.381944444444444997e+01
5.490451388888889284e+01
5.642361111111111427e+01
5.837673611111111427e+01
6.076388888888889284e+01
6.358506944444444997e+01
6.684027777777778567e+01
7.052951388888888573e+01
7.465277777777779988e+01
7.921006944444445708e+01
8.420138888888888573e+01
8.007812500000000000e+01
7.508680555555555713e+01
7.052951388888888573e+01
6.640625000000000000e+01
6.271701388888888573e+01
5.946180555555555713e+01
5.664062500000000000e+01
5.425347222222222143e+01
5.230034722222222143e+01
5.078125000000000000e+01
4.969618055555555713e+01
4.904513888888888573e+01
4.882812500000000000e+01
4.904513888888888573e+01
4.969618055555555713e+01
5.078125000000000000e+01
5.230034722222222143e+01
5.425347222222222854e+01
5.664062500000000000e+01
5.946180555555555713e+01
6.271701388888889284e+01
6.640625000000000000e+01
7.052951388888889994e+01
7.508680555555557135e+01
8.007812500000000000e+01
7.638888888888888573e+01
7.139756944444444287e+01
6.684027777777777146e+01
6.271701388888888573e+01
5.902777777777777146e+01
5.577256944444444287e+01
5.295138888888888573e+01
5.056423611111110716e+01
4.861111111111110716e+01
4.709201388888888573e+01
4.600694444444444287e+01
4.535590277777777146e+01
4.513888888888888573e+01
4.535590277777777146e+01
4.600694444444444287e+01
4.709201388888888573e+01
4.861111111111110716e+01
5.056423611111111427e+01
5.295138888888888573e+01
5.577256944444444287e+01
5.902777777777777857e+01
6.271701388888888573e+01
6.684027777777778567e+01
7.139756944444445708e+01
7.638888888888888573e+01
7.313368055555555713e+01
6.814236111111111427e+01
6.358506944444444287e+01
5.946180555555555713e+01
5.577256944444444287e+01
5.251736111111110716e+01
4.969618055555555713e+01
4.730902777777777146e+01
4.535590277777777146e+01
4.383680555555555713e+01
4.275173611111110716e+01
4.210069444444444287e+01
4.188368055555555713e+01
4.210069444444444287e+01
4.275173611111111427e+01
4.383680555555555713e+01
4.535590277777777857e+01
4.730902777777777857e+01
4.969618055555555713e+01
5.251736111111111427e+01
5.577256944444444287e+01
5.946180555555555713e+01
6.358506944444445708e+01
6.814236111111111427e+01
7.313368055555555713e+01
7.031250000000000000e+01
6.532118055555555713e+01
6.076388888888889284e+01
5.664062500000000000e+01
5.295138888888888573e+01
4.969618055555555713e+01
4.687500000000000000e+01
4.448784722222222143e+01
4.253472222222222143e+01
4.101562500000000000e+01
3.993055555555555713e+01
3.927951388888888573e+01
3.906250000000000000e+01
3.927951388888888573e+01
3.993055555555555713e+01
4.101562500000000000e+01
4.253472222222222143e+01
4.448784722222222854e+01
4.687500000000000000e+01
4.969618055555555713e+01
5.295138888888889284e+01
5.664062500000000000e+01
6.076388888888889994e+01
6.532118055555557135e+01
7.031250000000000000e+01
6.792534722222222854e+01
6.293402777777777146e+01
5.837673611111111427e+01
5.425347222222222143e+01
5.056423611111110716e+01
4.730902777777777146e+01
4.448784722222222143e+01
4.210069444444444287e+01
4.014756944444444287e+01
3.862847222222222143e+01
3.754340277777777857e+01
3.689236111111110716e+01
3.667534722222222143e+01
3.689236111111111427e+01
3.754340277777777857e+01
3.862847222222222143e+01
4.014756944444444287e+01
4.210069444444444287e+01
4.448784722222222143e+01
4.730902777777777857e+01
5.056423611111111427e+01
5.425347222222222143e+01
5.837673611111112137e+01
6.293402777777778567e+01
6.792534722222222854e+01
6.597222222222222854e+01
6.098090277777777146e+01
5.642361111111111427e+01
5.230034722222222143e+01
4.861111111111110716e+01
4.535590277777777146e+01
4.253472222222222143e+01
4.014756944444444287e+01
3.819444444444444287e+01
3.667534722222222143e+01
3.559027777777777857e+01
3.493923611111110716e+01
3.472222222222222143e+01
3.493923611111111427e+01
3.559027777777777857e+01
3.667534722222222143e+01
3.819444444444444287e+01
4.014756944444444287e+01
4.253472222222222143e+01
4.535590277777777857e+01
4.861111111111111427e+01
5.230034722222222143e+01
5.642361111111112137e+01
6.098090277777778567e+01
6.597222222222222854e+01
6.445312500000000000e+01
5.946180555555555713e+01
5.490451388888889284e+01
5.078125000000000000e+01
4.709201388888888573e+01
4.383680555555555713e+01
4.101562500000000000e+01
3.862847222222222143e+01
3.667534722222222143e+01
3.515625000000000000e+01
3.407118055555555713e+01
3.342013888888888573e+01
3.320312500000000000e+01
3.342013888888888573e+01
3.407118055555555713e+01
3.515625000000000000e+01
3.667534722222222143e+01
3.862847222222222854e+01
4.101562500000000000e+01
4.383680555555555713e+01
4.709201388888889284e+01
5.078125000000000000e+01
5.490451388888889994e+01
5.946180555555556424e+01
6.445312500000000000e+01
6.336805555555555713e+01
5.837673611111110716e+01
5.381944444444444287e+01
4.969618055555555713e+01
4.600694444444444287e+01
4.275173611111110716e+01
3.993055555555555713e+01
3.754340277777777857e+01
3.559027777777777857e+01
3.407118055555555713e+01
3.298611111111110716e+01
3.233506944444444287e+01
3.211805555555555713e+01
3.233506944444444287e+01
3.298611111111111427e+01
3.407118055555555713e+01
3.559027777777777857e+01
3.754340277777777857e+01
3.993055555555555713e+01
4.275173611111111427e+01
4.600694444444444997e+01
4.969618055555555713e+01
5.381944444444445708e+01
5.837673611111111427e+01
6.336805555555555713e+01
6.271701388888888573e+01
5.772569444444444287e+01
5.316840277777778567e+01
4.904513888888888573e+01
4.535590277777777146e+01
4.210069444444444287e+01
3.927951388888888573e+01
3.689236111111110716e+01
3.493923611111110716e+01
3.342013888888888573e+01
3.233506944444444287e+01
3.168402777777777501e+01
3.146701388888888928e+01
3.168402777777777857e+01
3.233506944444444287e+01
3.342013888888888573e+01
3.493923611111111427e+01
3.689236111111111427e+01
3.927951388888888573e+01
4.210069444444444287e+01
4.535590277777777857e+01
4.904513888888888573e+01
5.316840277777778567e+01
5.772569444444445708e+01
6.271701388888888573e+01
6.250000000000000000e+01
5.750868055555555713e+01
5.295138888888889284e+01
4.882812500000000000e+01
4.513888888888888573e+01
4.188368055555555713e+01
3.906250000000000000e+01
3.667534722222222143e+01
3.472222222222222143e+01
3.320312500000000000e+01
3.211805555555555713e+01
3.146701388888888928e+01
3.125000000000000000e+01
3.146701388888888928e+01
3.211805555555555713e+01
3.320312500000000000e+01
3.472222222222222143e+01
3.667534722222222854e+01
3.906250000000000000e+01
4.188368055555555713e+01
4.513888888888889284e+01
4.882812500000000000e+01
5.295138888888889994e+01
5.750868055555556424e+01
6.250000000000000000e+01
6.271701388888888573e+01
5.772569444444444287e+01
5.316840277777778567e+01
4.904513888888888573e+01
4.535590277777777146e+01
4.210069444444444287e+01
3.927951388888888573e+01
3.689236111111111427e+01
3.493923611111111427e+01
3.342013888888888573e+01
3.233506944444444287e+01
3.168402777777777857e+01
3.146701388888888928e+01
3.168402777777777857e+01
3.233506944444444287e+01
3.342013888888888573e+01
3.493923611111111427e+01
3.689236111111111427e+01
3.927951388888888573e+01
4.210069444444444287e+01
4.535590277777778567e+01
4.904513888888888573e+01
5.316840277777778567e+01
5.772569444444445708e+01
6.271701388888888573e+01
6.336805555555555713e+01
5.837673611111111427e+01
5.381944444444444997e+01
4.969618055555555713e+01
4.600694444444444287e+01
4.275173611111111427e+01
3.993055555555555713e+01
3.754340277777777857e+01
3.559027777777777857e+01
3.407118055555555713e+01
3.298611111111111427e+01
3.233506944444444287e+01
3.211805555555555713e+01
3.233506944444444287e+01
3.298611111111111427e+01
3.407118055555555713e+01
3.559027777777777857e+01
3.754340277777778567e+01
3.993055555555555713e+01
4.275173611111111427e+01
4.600694444444444997e+01
4.969618055555555713e+01
5.381944444444445708e+01
5.837673611111112137e+01
6.336805555555555713e+01
6.445312500000000000e+01
5.946180555555555713e+01
5.490451388888889284e+01
5.078125000000000000e+01
4.709201388888888573e+01
4.383680555555555713e+01
4.101562500000000000e+01
3.862847222222222143e+01
3.667534722222222143e+01
3.515625000000000000e+01
3.407118055555555713e+01
3.342013888888888573e+01
3.320312500000000000e+01
3.342013888888888573e+01
3.407118055555555713e+01
3.515625000000000000e+01
3.667534722222222143e+01
3.862847222222222854e+01
4.101562500000000000e+01
4.383680555555555713e+01
4.709201388888889284e+01
5.078125000000000000e+01
5.490451388888889994e+01
5.946180555555556424e+01
6.445312500000000000e+01
6.597222222222222854e+01
6.098090277777777857e+01
5.642361111111111427e+01
5.230034722222222143e+01
4.861111111111110716e+01
4.535590277777777857e+01
4.253472222222222143e+01
4.014756944444444287e+01
3.819444444444444287e+01
3.667534722222222143e+01
3.559027777777777857e+01
3.493923611111111427e+01
3.472222222222222143e+01
3.493923611111111427e+01
3.559027777777777857e+01
3.667534722222222143e+01
3.819444444444444287e+01
4.014756944444444997e+01
4.253472222222222143e+01
4.535590277777777857e+01
4.861111111111111427e+01
5.230034722222222143e+01
5.642361111111112137e+01
6.098090277777778567e+01
6.597222222222222854e+01
6.792534722222222854e+01
6.293402777777777857e+01
5.837673611111111427e+01
5.425347222222222854e+01
5.056423611111111427e+01
4.730902777777777857e+01
4.448784722222222854e+01
4.210069444444444287e+01
4.014756944444444287e+01
3.862847222222222854e+01
3.754340277777777857e+01
3.689236111111111427e+01
3.667534722222222854e+01
3.689236111111111427e+01
3.754340277777778567e+01
3.862847222222222854e+01
4.014756944444444997e+01
4.210069444444444997e+01
4.448784722222222854e+01
4.730902777777778567e+01
5.056423611111111427e+01
5.425347222222222854e+01
5.837673611111112848e+01
6.293402777777778567e+01
6.792534722222222854e+01
7.031250000000000000e+01
6.532118055555555713e+01
6.076388888888889284e+01
5.664062500000000000e+01
5.295138888888888573e+01
4.969618055555555713e+01
4.687500000000000000e+01
4.448784722222222143e+01
4.253472222222222143e+01
4.101562500000000000e+01
3.993055555555555713e+01
3.927951388888888573e+01
3.906250000000000000e+01
3.927951388888888573e+01
3.993055555555555713e+01
4.101562500000000000e+01
4.253472222222222143e+01
4.448784722222222854e+01
4.687500000000000000e+01
4.969618055555555713e+01
5.295138888888889284e+01
5.664062500000000000e+01
6.076388888888889994e+01
6.532118055555557135e+01
7.031250000000000000e+01
7.313368055555555713e+01
6.814236111111111427e+01
6.358506944444444997e+01
5.946180555555555713e+01
5.577256944444444287e+01
5.251736111111111427e+01
4.969618055555555713e+01
4.730902777777777857e+01
4.535590277777777857e+01
4.383680555555555713e+01
4.275173611111111427e+01
4.210069444444444287e+01
4.188368055555555713e+01
4.210069444444444287e+01
4.275173611111111427e+01
4.383680555555555713e+01
4.535590277777777857e+01
4.730902777777778567e+01
4.969618055555555713e+01
5.251736111111111427e+01
5.577256944444444997e+01
5.946180555555555713e+01
6.358506944444445708e+01
6.814236111111111427e+01
7.313368055555555713e+01
7.638888888888888573e+01
7.139756944444444287e+01
6.684027777777778567e+01
6.271701388888889284e+01
5.902777777777777857e+01
5.577256944444444287e+01
5.295138888888889284e+01
5.056423611111111427e+01
4.861111111111111427e+01
4.709201388888889284e+01
4.600694444444444997e+01
4.535590277777777857e+01
4.513888888888889284e+01
4.535590277777778567e+01
4.600694444444444997e+01
4.709201388888889284e+01
4.861111111111111427e+01
5.056423611111111427e+01
5.295138888888889284e+01
5.577256944444444997e+01
5.902777777777778567e+01
6.271701388888889284e+01
6.684027777777779988e+01
7.139756944444445708e+01
7.638888888888888573e+01
8.007812500000000000e+01
7.508680555555555713e+01
7.052951388888888573e+01
6.640625000000000000e+01
6.271701388888888573e+01
5.946180555555555713e+01
5.664062500000000000e+01
5.425347222222222143e+01
5.230034722222222143e+01
5.078125000000000000e+01
4.969618055555555713e+01
4.904513888888888573e+01
4.882812500000000000e+01
4.904513888888888573e+01
4.969618055555555713e+01
5.078125000000000000e+01
5.230034722222222143e+01
5.425347222222222854e+01
5.664062500000000000e+01
5.946180555555555713e+01
6.271701388888889284e+01
6.640625000000000000e+01
7.052951388888889994e+01
7.508680555555557135e+01
8.007812500000000000e+01
8.420138888888889994e+01
7.921006944444445708e+01
7.465277777777779988e+01
7.052951388888889994e+01
6.684027777777778567e+01
6.358506944444445708e+01
6.076388888888889994e+01
5.837673611111112137e+01
5.642361111111112137e+01
5.490451388888889994e+01
5.381944444444445708e+01
5.316840277777778567e+01
5.295138888888889994e+01
5.316840277777778567e+01
5.381944444444445708e+01
5.490451388888889994e+01
5.642361111111112137e+01
5.837673611111112848e+01
6.076388888888889994e+01
6.358506944444445708e+01
6.684027777777779988e+01
7.052951388888889994e+01
7.465277777777779988e+01
7.921006944444445708e+01
8.420138888888889994e+01
8.875868055555557135e+01
8.376736111111111427e+01
7.921006944444445708e+01
7.508680555555557135e+01
7.139756944444445708e+01
6.814236111111111427e+01
6.532118055555557135e+01
6.293402777777778567e+01
6.098090277777778567e+01
5.946180555555556424e+01
5.837673611111111427e+01
5.772569444444445708e+01
5.750868055555556424e+01
5.772569444444445708e+01
5.837673611111112137e+01
5.946180555555556424e+01
6.098090277777778567e+01
6.293402777777778567e+01
6.532118055555557135e+01
6.814236111111111427e+01
7.139756944444445708e+01
7.508680555555557135e+01
7.921006944444445708e+01
8.376736111111112848e+01
8.875868055555557135e+01
9.375000000000000000e+01
8.875868055555555713e+01
8.420138888888888573e+01
8.007812500000000000e+01
7.638888888888888573e+01
7.313368055555555713e+01
7.031250000000000000e+01
6.792534722222222854e+01
6.597222222222222854e+01
6.445312500000000000e+01
6.336805555555555713e+01
6.271701388888888573e+01
6.250000000000000000e+01
6.271701388888888573e+01
6.336805555555555713e+01
6.445312500000000000e+01
6.597222222222222854e+01
6.792534722222222854e+01
7.031250000000000000e+01
7.313368055555555713e+01
7.638888888888888573e+01
8.007812500000000000e+01
8.420138888888889994e+01
8.875868055555557135e+01
9.375000000000000000e+01
