# 15625
1.875000000000000000e+02
1.775173611111111143e+02
1.684027777777777715e+02
1.601562500000000000e+02
1.527777777777777715e+02
1.462673611111111143e+02
1.406250000000000000e+02
1.358506944444444571e+02
1.319444444444444571e+02
1.289062500000000000e+02
1.267361111111111143e+02
1.254340277777777715e+02
1.250000000000000000e+02
1.254340277777777715e+02
1.267361111111111143e+02
1.289062500000000000e+02
1.319444444444444571e+02
1.358506944444444571e+02
1.406250000000000000e+02
1.462673611111111143e+02
1.527777777777777715e+02
1.601562500000000000e+02
1.684027777777777999e+02
1.775173611111111427e+02
1.875000000000000000e+02
1.775173611111111143e+02
1.675347222222222285e+02
1.584201388888888857e+02
1.501736111111111143e+02
1.427951388888888857e+02
1.362847222222222285e+02
1.306423611111111143e+02
1.258680555555555429e+02
1.219618055555555429e+02
1.189236111111111143e+02
1.167534722222222143e+02
1.154513888888888857e+02
1.150173611111111143e+02
1.154513888888888857e+02
1.167534722222222285e+02
1.189236111111111143e+02
1.219618055555555571e+02
1.258680555555555571e+02
1.306423611111111143e+02
1.362847222222222285e+02
1.427951388888888857e+02
1.501736111111111143e+02
1.584201388888889142e+02
1.675347222222222285e+02
1.775173611111111143e+02
1.684027777777777715e+02
1.584201388888888857e+02
1.493055555555555713e+02
1.410590277777777715e+02
1.336805555555555429e+02
1.271701388888888857e+02
1.215277777777777857e+02
1.167534722222222285e+02
1.128472222222222285e+02
1.098090277777777857e+02
1.076388888888888857e+02
1.063368055555555713e+02
1.059027777777777857e+02
1.063368055555555713e+02
1.076388888888888999e+02
1.098090277777777857e+02
1.128472222222222285e+02
1.167534722222222285e+02
1.215277777777777857e+02
1.271701388888888999e+02
1.336805555555555713e+02
1.410590277777777715e+02
1.493055555555555998e+02
1.584201388888889142e+02
1.684027777777777715e+02
1.601562500000000000e+02
1.501736111111111143e+02
1.410590277777777715e+02
1.328125000000000000e+02
1.254340277777777715e+02
1.189236111111111143e+02
1.132812500000000000e+02
1.085069444444444429e+02
1.046006944444444429e+02
1.015625000000000000e+02
9.939236111111111427e+01
9.809027777777777146e+01
9.765625000000000000e+01
9.809027777777777146e+01
9.939236111111111427e+01
1.015625000000000000e+02
1.046006944444444429e+02
1.085069444444444571e+02
1.132812500000000000e+02
1.189236111111111143e+02
1.254340277777777857e+02
1.328125000000000000e+02
1.410590277777777999e+02
1.501736111111111427e+02
1.601562500000000000e+02
1.527777777777777715e+02
1.427951388888888857e+02
1.336805555555555429e+02
1.254340277777777715e+02
1.180555555555555429e+02
1.115451388888888857e+02
1.059027777777777715e+02
1.011284722222222143e+02
9.722222222222221433e+01
9.418402777777777146e+01
9.201388888888888573e+01
9.071180555555554292e+01
9.027777777777777146e+01
9.071180555555554292e+01
9.201388888888888573e+01
9.418402777777777146e+01
9.722222222222221433e+01
1.011284722222222285e+02
1.059027777777777715e+02
1.115451388888888857e+02
1.180555555555555571e+02
1.254340277777777715e+02
1.336805555555555713e+02
1.427951388888889142e+02
1.527777777777777715e+02
1.462673611111111143e+02
1.362847222222222285e+02
1.271701388888888857e+02
1.189236111111111143e+02
1.115451388888888857e+02
1.050347222222222143e+02
9.939236111111111427e+01
9.461805555555554292e+01
9.071180555555554292e+01
8.767361111111111427e+01
8.550347222222221433e+01
8.420138888888888573e+01
8.376736111111111427e+01
8.420138888888888573e+01
8.550347222222222854e+01
8.767361111111111427e+01
9.071180555555555713e+01
9.461805555555555713e+01
9.939236111111111427e+01
1.050347222222222285e+02
1.115451388888888857e+02
1.189236111111111143e+02
1.271701388888889142e+02
1.362847222222222285e+02
1.462673611111111143e+02
1.406250000000000000e+02
1.306423611111111143e+02
1.215277777777777857e+02
1.132812500000000000e+02
1.059027777777777715e+02
9.939236111111111427e+01
9.375000000000000000e+01
8.897569444444444287e+01
8.506944444444444287e+01
8.203125000000000000e+01
7.986111111111111427e+01
7.855902777777777146e+01
7.812500000000000000e+01
7.855902777777777146e+01
7.986111111111111427e+01
8.203125000000000000e+01
8.506944444444444287e+01
8.897569444444445708e+01
9.375000000000000000e+01
9.939236111111111427e+01
1.059027777777777857e+02
1.132812500000000000e+02
1.215277777777777999e+02
1.306423611111111427e+02
1.406250000000000000e+02
1.358506944444444571e+02
1.258680555555555429e+02
1.167534722222222285e+02
1.085069444444444429e+02
1.011284722222222143e+02
9.461805555555554292e+01
8.897569444444444287e+01
8.420138888888888573e+01
8.029513888888888573e+01
7.725694444444444287e+01
7.508680555555555713e+01
7.378472222222221433e+01
7.335069444444444287e+01
7.378472222222222854e+01
7.508680555555555713e+01
7.725694444444444287e+01
8.029513888888888573e+01
8.420138888888888573e+01
8.897569444444444287e+01
9.461805555555555713e+01
1.011284722222222285e+02
1.085069444444444429e+02
1.167534722222222427e+02
1.258680555555555713e+02
1.358506944444444571e+02
1.319444444444444571e+02
1.219618055555555429e+02
1.128472222222222285e+02
1.046006944444444429e+02
9.722222222222221433e+01
9.071180555555554292e+01
8.506944444444444287e+01
8.029513888888888573e+01
7.638888888888888573e+01
7.335069444444444287e+01
7.118055555555555713e+01
6.987847222222221433e+01
6.944444444444444287e+01
6.987847222222222854e+01
7.118055555555555713e+01
7.335069444444444287e+01
7.638888888888888573e+01
8.029513888888888573e+01
8.506944444444444287e+01
9.071180555555555713e+01
9.722222222222222854e+01
1.046006944444444429e+02
1.128472222222222427e+02
1.219618055555555713e+02
1.319444444444444571e+02
1.289062500000000000e+02
1.189236111111111143e+02
1.098090277777777857e+02
1.015625000000000000e+02
9.418402777777777146e+01
8.767361111111111427e+01
8.203125000000000000e+01
7.725694444444444287e+01
7.335069444444444287e+01
7.031250000000000000e+01
6.814236111111111427e+01
6.684027777777777146e+01
6.640625000000000000e+01
6.684027777777777146e+01
6.814236111111111427e+01
7.031250000000000000e+01
7.335069444444444287e+01
7.725694444444445708e+01
8.203125000000000000e+01
8.767361111111111427e+01
9.418402777777778567e+01
1.015625000000000000e+02
1.098090277777777999e+02
1.189236111111111285e+02
1.289062500000000000e+02
1.267361111111111143e+02
1.167534722222222143e+02
1.076388888888888857e+02
9.939236111111111427e+01
9.201388888888888573e+01
8.550347222222221433e+01
7.986111111111111427e+01
7.508680555555555713e+01
7.118055555555555713e+01
6.814236111111111427e+01
6.597222222222221433e+01
6.467013888888888573e+01
6.423611111111111427e+01
6.467013888888888573e+01
6.597222222222222854e+01
6.814236111111111427e+01
7.118055555555555713e+01
7.508680555555555713e+01
7.986111111111111427e+01
8.550347222222222854e+01
9.201388888888889994e+01
9.939236111111111427e+01
1.076388888888889142e+02
1.167534722222222285e+02
1.267361111111111143e+02
1.254340277777777715e+02
1.154513888888888857e+02
1.063368055555555713e+02
9.809027777777777146e+01
9.071180555555554292e+01
8.420138888888888573e+01
7.855902777777777146e+01
7.378472222222221433e+01
6.987847222222221433e+01
6.684027777777777146e+01
6.467013888888888573e+01
6.336805555555555003e+01
6.293402777777777857e+01
6.336805555555555713e+01
6.467013888888888573e+01
6.684027777777777146e+01
6.987847222222222854e+01
7.378472222222222854e+01
7.855902777777777146e+01
8.420138888888888573e+01
9.071180555555555713e+01
9.809027777777777146e+01
1.063368055555555713e+02
1.154513888888889142e+02
1.254340277777777715e+02
1.250000000000000000e+02
1.150173611111111143e+02
1.059027777777777857e+02
9.765625000000000000e+01
9.027777777777777146e+01
8.376736111111111427e+01
7.812500000000000000e+01
7.335069444444444287e+01
6.944444444444444287e+01
6.640625000000000000e+01
6.423611111111111427e+01
6.293402777777777857e+01
6.250000000000000000e+01
6.293402777777777857e+01
6.423611111111111427e+01
6.640625000000000000e+01
6.944444444444444287e+01
7.335069444444445708e+01
7.812500000000000000e+01
8.376736111111111427e+01
9.027777777777778567e+01
9.765625000000000000e+01
1.059027777777777999e+02
1.150173611111111285e+02
1.250000000000000000e+02
1.254340277777777715e+02
1.154513888888888857e+02
1.063368055555555713e+02
9.809027777777777146e+01
9.071180555555554292e+01
8.420138888888888573e+01
7.855902777777777146e+01
7.378472222222222854e+01
6.987847222222222854e+01
6.684027777777777146e+01
6.467013888888888573e+01
6.336805555555555713e+01
6.293402777777777857e+01
6.336805555555555713e+01
6.467013888888888573e+01
6.684027777777777146e+01
6.987847222222222854e+01
7.378472222222222854e+01
7.855902777777777146e+01
8.420138888888888573e+01
9.071180555555557135e+01
9.809027777777777146e+01
1.063368055555555713e+02
1.154513888888889142e+02
1.254340277777777715e+02
1.267361111111111143e+02
1.167534722222222285e+02
1.076388888888888999e+02
9.939236111111111427e+01
9.201388888888888573e+01
8.550347222222222854e+01
7.986111111111111427e+01
7.508680555555555713e+01
7.118055555555555713e+01
6.814236111111111427e+01
6.597222222222222854e+01
6.467013888888888573e+01
6.423611111111111427e+01
6.467013888888888573e+01
6.597222222222222854e+01
6.814236111111111427e+01
7.118055555555555713e+01
7.508680555555557135e+01
7.986111111111111427e+01
8.550347222222222854e+01
9.201388888888889994e+01
9.939236111111111427e+01
1.076388888888889142e+02
1.167534722222222427e+02
1.267361111111111143e+02
1.289062500000000000e+02
1.189236111111111143e+02
1.098090277777777857e+02
1.015625000000000000e+02
9.418402777777777146e+01
8.767361111111111427e+01
8.203125000000000000e+01
7.725694444444444287e+01
7.335069444444444287e+01
7.031250000000000000e+01
6.814236111111111427e+01
6.684027777777777146e+01
6.640625000000000000e+01
6.684027777777777146e+01
6.814236111111111427e+01
7.031250000000000000e+01
7.335069444444444287e+01
7.725694444444445708e+01
8.203125000000000000e+01
8.767361111111111427e+01
9.418402777777778567e+01
1.015625000000000000e+02
1.098090277777777999e+02
1.189236111111111285e+02
1.289062500000000000e+02
1.319444444444444571e+02
1.219618055555555571e+02
1.128472222222222285e+02
1.046006944444444429e+02
9.722222222222221433e+01
9.071180555555555713e+01
8.506944444444444287e+01
8.029513888888888573e+01
7.638888888888888573e+01
7.335069444444444287e+01
7.118055555555555713e+01
6.987847222222222854e+01
6.944444444444444287e+01
6.987847222222222854e+01
7.118055555555555713e+01
7.335069444444444287e+01
7.638888888888888573e+01
8.029513888888889994e+01
8.506944444444444287e+01
9.071180555555555713e+01
9.722222222222222854e+01
1.046006944444444429e+02
1.128472222222222427e+02
1.219618055555555713e+02
1.319444444444444571e+02
1.358506944444444571e+02
1.258680555555555571e+02
1.167534722222222285e+02
1.085069444444444571e+02
1.011284722222222285e+02
9.461805555555555713e+01
8.897569444444445708e+01
8.420138888888888573e+01
8.029513888888888573e+01
7.725694444444445708e+01
7.508680555555555713e+01
7.378472222222222854e+01
7.335069444444445708e+01
7.378472222222222854e+01
7.508680555555557135e+01
7.725694444444445708e+01
8.029513888888889994e+01
8.420138888888889994e+01
8.897569444444445708e+01
9.461805555555557135e+01
1.011284722222222285e+02
1.085069444444444571e+02
1.167534722222222570e+02
1.258680555555555713e+02
1.358506944444444571e+02
1.406250000000000000e+02
1.306423611111111143e+02
1.215277777777777857e+02
1.132812500000000000e+02
1.059027777777777715e+02
9.939236111111111427e+01
9.375000000000000000e+01
8.897569444444444287e+01
8.506944444444444287e+01
8.203125000000000000e+01
7.986111111111111427e+01
7.855902777777777146e+01
7.812500000000000000e+01
7.855902777777777146e+01
7.986111111111111427e+01
8.203125000000000000e+01
8.506944444444444287e+01
8.897569444444445708e+01
9.375000000000000000e+01
9.939236111111111427e+01
1.059027777777777857e+02
1.132812500000000000e+02
1.215277777777777999e+02
1.306423611111111427e+02
1.406250000000000000e+02
1.462673611111111143e+02
1.362847222222222285e+02
1.271701388888888999e+02
1.189236111111111143e+02
1.115451388888888857e+02
1.050347222222222285e+02
9.939236111111111427e+01
9.461805555555555713e+01
9.071180555555555713e+01
8.767361111111111427e+01
8.550347222222222854e+01
8.420138888888888573e+01
8.376736111111111427e+01
8.420138888888888573e+01
8.550347222222222854e+01
8.767361111111111427e+01
9.071180555555555713e+01
9.461805555555557135e+01
9.939236111111111427e+01
1.050347222222222285e+02
1.115451388888888999e+02
1.189236111111111143e+02
1.271701388888889142e+02
1.362847222222222285e+02
1.462673611111111143e+02
1.527777777777777715e+02
1.427951388888888857e+02
1.336805555555555713e+02
1.254340277777777857e+02
1.180555555555555571e+02
1.115451388888888857e+02
1.059027777777777857e+02
1.011284722222222285e+02
9.722222222222222854e+01
9.418402777777778567e+01
9.201388888888889994e+01
9.071180555555555713e+01
9.027777777777778567e+01
9.071180555555557135e+01
9.201388888888889994e+01
9.418402777777778567e+01
9.722222222222222854e+01
1.011284722222222285e+02
1.059027777777777857e+02
1.115451388888888999e+02
1.180555555555555713e+02
1.254340277777777857e+02
1.336805555555555998e+02
1.427951388888889142e+02
1.527777777777777715e+02
1.601562500000000000e+02
1.501736111111111143e+02
1.410590277777777715e+02
1.328125000000000000e+02
1.254340277777777715e+02
1.189236111111111143e+02
1.132812500000000000e+02
1.085069444444444429e+02
1.046006944444444429e+02
1.015625000000000000e+02
9.939236111111111427e+01
9.809027777777777146e+01
9.765625000000000000e+01
9.809027777777777146e+01
9.939236111111111427e+01
1.015625000000000000e+02
1.046006944444444429e+02
1.085069444444444571e+02
1.132812500000000000e+02
1.189236111111111143e+02
1.254340277777777857e+02
1.328125000000000000e+02
1.410590277777777999e+02
1.501736111111111427e+02
1.601562500000000000e+02
1.684027777777777999e+02
1.584201388888889142e+02
1.493055555555555998e+02
1.410590277777777999e+02
1.336805555555555713e+02
1.271701388888889142e+02
1.215277777777777999e+02
1.167534722222222427e+02
1.128472222222222427e+02
1.098090277777777999e+02
1.076388888888889142e+02
1.063368055555555713e+02
1.059027777777777999e+02
1.063368055555555713e+02
1.076388888888889142e+02
1.098090277777777999e+02
1.128472222222222427e+02
1.167534722222222570e+02
1.215277777777777999e+02
1.271701388888889142e+02
1.336805555555555998e+02
1.410590277777777999e+02
1.493055555555555998e+02
1.584201388888889142e+02
1.684027777777777999e+02
1.775173611111111427e+02
1.675347222222222285e+02
1.584201388888889142e+02
1.501736111111111427e+02
1.427951388888889142e+02
1.362847222222222285e+02
1.306423611111111427e+02
1.258680555555555713e+02
1.219618055555555713e+02
1.189236111111111285e+02
1.167534722222222285e+02
1.154513888888889142e+02
1.150173611111111285e+02
1.154513888888889142e+02
1.167534722222222427e+02
1.189236111111111285e+02
1.219618055555555713e+02
1.258680555555555713e+02
1.306423611111111427e+02
1.362847222222222285e+02
1.427951388888889142e+02
1.501736111111111427e+02
1.584201388888889142e+02
1.675347222222222570e+02
1.775173611111111427e+02
1.875000000000000000e+02
1.775173611111111143e+02
1.684027777777777715e+02
1.601562500000000000e+02
1.527777777777777715e+02
1.462673611111111143e+02
1.406250000000000000e+02
1.358506944444444571e+02
1.319444444444444571e+02
1.289062500000000000e+02
1.267361111111111143e+02
1.254340277777777715e+02
1.250000000000000000e+02
1.254340277777777715e+02
1.267361111111111143e+02
1.289062500000000000e+02
1.319444444444444571e+02
1.358506944444444571e+02
1.406250000000000000e+02
1.462673611111111143e+02
1.527777777777777715e+02
1.601562500000000000e+02
1.684027777777777999e+02
1.775173611111111427e+02
1.875000000000000000e+02
1.775173611111111143e+02
1.675347222222222285e+02
1.584201388888888857e+02
1.501736111111111143e+02
1.427951388888888857e+02
1.362847222222222285e+02
1.306423611111111143e+02
1.258680555555555429e+02
1.219618055555555429e+02
1.189236111111111143e+02
1.167534722222222285e+02
1.154513888888888857e+02
1.150173611111111143e+02
1.154513888888888857e+02
1.167534722222222285e+02
1.189236111111111143e+02
1.219618055555555429e+02
1.258680555555555713e+02
1.306423611111111143e+02
1.362847222222222285e+02
1.427951388888888857e+02
1.501736111111111143e+02
1.584201388888889142e+02
1.675347222222222285e+02
1.775173611111111143e+02
1.675347222222222285e+02
1.575520833333333144e+02
1.484375000000000000e+02
1.401909722222222285e+02
1.328125000000000000e+02
1.263020833333333144e+02
1.206597222222222285e+02
1.158854166666666572e+02
1.119791666666666572e+02
1.089409722222222143e+02
1.067708333333333144e+02
1.054687500000000000e+02
1.050347222222222143e+02
1.054687500000000000e+02
1.067708333333333286e+02
1.089409722222222143e+02
1.119791666666666572e+02
1.158854166666666572e+02
1.206597222222222285e+02
1.263020833333333428e+02
1.328125000000000000e+02
1.401909722222222285e+02
1.484375000000000284e+02
1.575520833333333428e+02
1.675347222222222285e+02
1.584201388888888857e+02
1.484375000000000000e+02
1.393229166666666856e+02
1.310763888888888857e+02
1.236979166666666572e+02
1.171875000000000000e+02
1.115451388888888857e+02
1.067708333333333428e+02
1.028645833333333428e+02
9.982638888888888573e+01
9.765625000000000000e+01
9.635416666666667140e+01
9.592013888888888573e+01
9.635416666666667140e+01
9.765625000000000000e+01
9.982638888888888573e+01
1.028645833333333428e+02
1.067708333333333428e+02
1.115451388888888857e+02
1.171875000000000000e+02
1.236979166666666856e+02
1.310763888888888857e+02
1.393229166666666856e+02
1.484375000000000284e+02
1.584201388888888857e+02
1.501736111111111143e+02
1.401909722222222285e+02
1.310763888888888857e+02
1.228298611111111143e+02
1.154513888888888857e+02
1.089409722222222143e+02
1.032986111111111143e+02
9.852430555555554292e+01
9.461805555555554292e+01
9.157986111111111427e+01
8.940972222222221433e+01
8.810763888888888573e+01
8.767361111111111427e+01
8.810763888888888573e+01
8.940972222222222854e+01
9.157986111111111427e+01
9.461805555555554292e+01
9.852430555555555713e+01
1.032986111111111143e+02
1.089409722222222285e+02
1.154513888888888857e+02
1.228298611111111143e+02
1.310763888888889142e+02
1.401909722222222285e+02
1.501736111111111143e+02
1.427951388888888857e+02
1.328125000000000000e+02
1.236979166666666572e+02
1.154513888888888857e+02
1.080729166666666572e+02
1.015624999999999858e+02
9.592013888888888573e+01
9.114583333333331439e+01
8.723958333333331439e+01
8.420138888888888573e+01
8.203124999999998579e+01
8.072916666666665719e+01
8.029513888888888573e+01
8.072916666666665719e+01
8.203125000000000000e+01
8.420138888888888573e+01
8.723958333333331439e+01
9.114583333333332860e+01
9.592013888888888573e+01
1.015625000000000000e+02
1.080729166666666572e+02
1.154513888888888857e+02
1.236979166666666856e+02
1.328125000000000000e+02
1.427951388888888857e+02
1.362847222222222285e+02
1.263020833333333144e+02
1.171875000000000000e+02
1.089409722222222143e+02
1.015624999999999858e+02
9.505208333333331439e+01
8.940972222222221433e+01
8.463541666666665719e+01
8.072916666666665719e+01
7.769097222222221433e+01
7.552083333333332860e+01
7.421874999999998579e+01
7.378472222222221433e+01
7.421875000000000000e+01
7.552083333333332860e+01
7.769097222222221433e+01
8.072916666666665719e+01
8.463541666666665719e+01
8.940972222222221433e+01
9.505208333333332860e+01
1.015625000000000000e+02
1.089409722222222143e+02
1.171875000000000284e+02
1.263020833333333428e+02
1.362847222222222285e+02
1.306423611111111143e+02
1.206597222222222285e+02
1.115451388888888857e+02
1.032986111111111143e+02
9.592013888888888573e+01
8.940972222222221433e+01
8.376736111111111427e+01
7.899305555555554292e+01
7.508680555555554292e+01
7.204861111111111427e+01
6.987847222222221433e+01
6.857638888888888573e+01
6.814236111111111427e+01
6.857638888888888573e+01
6.987847222222222854e+01
7.204861111111111427e+01
7.508680555555555713e+01
7.899305555555555713e+01
8.376736111111111427e+01
8.940972222222222854e+01
9.592013888888888573e+01
1.032986111111111143e+02
1.115451388888889142e+02
1.206597222222222285e+02
1.306423611111111143e+02
1.258680555555555429e+02
1.158854166666666572e+02
1.067708333333333428e+02
9.852430555555554292e+01
9.114583333333331439e+01
8.463541666666665719e+01
7.899305555555554292e+01
7.421875000000000000e+01
7.031250000000000000e+01
6.727430555555554292e+01
6.510416666666665719e+01
6.380208333333332860e+01
6.336805555555555003e+01
6.380208333333332860e+01
6.510416666666665719e+01
6.727430555555554292e+01
7.031250000000000000e+01
7.421875000000000000e+01
7.899305555555554292e+01
8.463541666666665719e+01
9.114583333333334281e+01
9.852430555555554292e+01
1.067708333333333428e+02
1.158854166666666856e+02
1.258680555555555429e+02
1.219618055555555429e+02
1.119791666666666572e+02
1.028645833333333428e+02
9.461805555555554292e+01
8.723958333333331439e+01
8.072916666666665719e+01
7.508680555555554292e+01
7.031250000000000000e+01
6.640625000000000000e+01
6.336805555555555003e+01
6.119791666666665719e+01
5.989583333333332860e+01
5.946180555555555003e+01
5.989583333333332860e+01
6.119791666666666430e+01
6.336805555555555003e+01
6.640625000000000000e+01
7.031250000000000000e+01
7.508680555555554292e+01
8.072916666666665719e+01
8.723958333333334281e+01
9.461805555555554292e+01
1.028645833333333428e+02
1.119791666666666856e+02
1.219618055555555429e+02
1.189236111111111143e+02
1.089409722222222143e+02
9.982638888888888573e+01
9.157986111111111427e+01
8.420138888888888573e+01
7.769097222222221433e+01
7.204861111111111427e+01
6.727430555555554292e+01
6.336805555555555003e+01
6.032986111111110716e+01
5.815972222222221433e+01
5.685763888888888573e+01
5.642361111111110716e+01
5.685763888888888573e+01
5.815972222222222143e+01
6.032986111111110716e+01
6.336805555555555713e+01
6.727430555555555713e+01
7.204861111111111427e+01
7.769097222222222854e+01
8.420138888888888573e+01
9.157986111111111427e+01
9.982638888888891415e+01
1.089409722222222285e+02
1.189236111111111143e+02
1.167534722222222285e+02
1.067708333333333144e+02
9.765625000000000000e+01
8.940972222222221433e+01
8.203124999999998579e+01
7.552083333333332860e+01
6.987847222222221433e+01
6.510416666666665719e+01
6.119791666666665719e+01
5.815972222222221433e+01
5.598958333333332860e+01
5.468749999999999289e+01
5.425347222222221433e+01
5.468749999999999289e+01
5.598958333333332860e+01
5.815972222222221433e+01
6.119791666666666430e+01
6.510416666666667140e+01
6.987847222222221433e+01
7.552083333333332860e+01
8.203125000000000000e+01
8.940972222222221433e+01
9.765625000000001421e+01
1.067708333333333428e+02
1.167534722222222285e+02
1.154513888888888857e+02
1.054687500000000000e+02
9.635416666666667140e+01
8.810763888888888573e+01
8.072916666666665719e+01
7.421874999999998579e+01
6.857638888888888573e+01
6.380208333333332860e+01
5.989583333333332860e+01
5.685763888888888573e+01
5.468749999999999289e+01
5.338541666666665719e+01
5.295138888888888573e+01
5.338541666666666430e+01
5.468750000000000000e+01
5.685763888888888573e+01
5.989583333333332860e+01
6.380208333333333570e+01
6.857638888888888573e+01
7.421875000000000000e+01
8.072916666666667140e+01
8.810763888888888573e+01
9.635416666666668561e+01
1.054687500000000142e+02
1.154513888888888857e+02
1.150173611111111143e+02
1.050347222222222143e+02
9.592013888888888573e+01
8.767361111111111427e+01
8.029513888888888573e+01
7.378472222222221433e+01
6.814236111111111427e+01
6.336805555555555003e+01
5.946180555555555003e+01
5.642361111111110716e+01
5.425347222222221433e+01
5.295138888888888573e+01
5.251736111111110716e+01
5.295138888888888573e+01
5.425347222222222143e+01
5.642361111111110716e+01
5.946180555555555713e+01
6.336805555555555713e+01
6.814236111111111427e+01
7.378472222222222854e+01
8.029513888888888573e+01
8.767361111111111427e+01
9.592013888888891415e+01
1.050347222222222285e+02
1.150173611111111143e+02
1.154513888888888857e+02
1.054687500000000000e+02
9.635416666666667140e+01
8.810763888888888573e+01
8.072916666666665719e+01
7.421875000000000000e+01
6.857638888888888573e+01
6.380208333333332860e+01
5.989583333333332860e+01
5.685763888888888573e+01
5.468749999999999289e+01
5.338541666666666430e+01
5.295138888888888573e+01
5.338541666666666430e+01
5.468750000000000000e+01
5.685763888888888573e+01
5.989583333333332860e+01
6.380208333333333570e+01
6.857638888888888573e+01
7.421875000000000000e+01
8.072916666666667140e+01
8.810763888888888573e+01
9.635416666666668561e+01
1.054687500000000142e+02
1.154513888888888857e+02
1.167534722222222285e+02
1.067708333333333286e+02
9.765625000000000000e+01
8.940972222222222854e+01
8.203125000000000000e+01
7.552083333333332860e+01
6.987847222222222854e+01
6.510416666666665719e+01
6.119791666666666430e+01
5.815972222222222143e+01
5.598958333333332860e+01
5.468750000000000000e+01
5.425347222222222143e+01
5.468750000000000000e+01
5.598958333333333570e+01
5.815972222222222143e+01
6.119791666666667140e+01
6.510416666666667140e+01
6.987847222222222854e+01
7.552083333333334281e+01
8.203125000000000000e+01
8.940972222222222854e+01
9.765625000000002842e+01
1.067708333333333428e+02
1.167534722222222285e+02
1.189236111111111143e+02
1.089409722222222143e+02
9.982638888888888573e+01
9.157986111111111427e+01
8.420138888888888573e+01
7.769097222222221433e+01
7.204861111111111427e+01
6.727430555555554292e+01
6.336805555555555003e+01
6.032986111111110716e+01
5.815972222222221433e+01
5.685763888888888573e+01
5.642361111111110716e+01
5.685763888888888573e+01
5.815972222222222143e+01
6.032986111111110716e+01
6.336805555555555713e+01
6.727430555555555713e+01
7.204861111111111427e+01
7.769097222222222854e+01
8.420138888888888573e+01
9.157986111111111427e+01
9.982638888888891415e+01
1.089409722222222285e+02
1.189236111111111143e+02
1.219618055555555429e+02
1.119791666666666572e+02
1.028645833333333428e+02
9.461805555555554292e+01
8.723958333333331439e+01
8.072916666666665719e+01
7.508680555555555713e+01
7.031250000000000000e+01
6.640625000000000000e+01
6.336805555555555713e+01
6.119791666666666430e+01
5.989583333333332860e+01
5.946180555555555713e+01
5.989583333333332860e+01
6.119791666666667140e+01
6.336805555555555713e+01
6.640625000000000000e+01
7.031250000000000000e+01
7.508680555555555713e+01
8.072916666666667140e+01
8.723958333333334281e+01
9.461805555555554292e+01
1.028645833333333428e+02
1.119791666666666856e+02
1.219618055555555429e+02
1.258680555555555713e+02
1.158854166666666572e+02
1.067708333333333428e+02
9.852430555555555713e+01
9.114583333333332860e+01
8.463541666666665719e+01
7.899305555555555713e+01
7.421875000000000000e+01
7.031250000000000000e+01
6.727430555555555713e+01
6.510416666666667140e+01
6.380208333333333570e+01
6.336805555555555713e+01
6.380208333333333570e+01
6.510416666666667140e+01
6.727430555555555713e+01
7.031250000000000000e+01
7.421875000000000000e+01
7.899305555555555713e+01
8.463541666666667140e+01
9.114583333333334281e+01
9.852430555555555713e+01
1.067708333333333570e+02
1.158854166666666856e+02
1.258680555555555713e+02
1.306423611111111143e+02
1.206597222222222285e+02
1.115451388888888857e+02
1.032986111111111143e+02
9.592013888888888573e+01
8.940972222222221433e+01
8.376736111111111427e+01
7.899305555555554292e+01
7.508680555555554292e+01
7.204861111111111427e+01
6.987847222222221433e+01
6.857638888888888573e+01
6.814236111111111427e+01
6.857638888888888573e+01
6.987847222222222854e+01
7.204861111111111427e+01
7.508680555555555713e+01
7.899305555555555713e+01
8.376736111111111427e+01
8.940972222222222854e+01
9.592013888888888573e+01
1.032986111111111143e+02
1.115451388888889142e+02
1.206597222222222285e+02
1.306423611111111143e+02
1.362847222222222285e+02
1.263020833333333428e+02
1.171875000000000000e+02
1.089409722222222285e+02
1.015625000000000000e+02
9.505208333333332860e+01
8.940972222222222854e+01
8.463541666666665719e+01
8.072916666666665719e+01
7.769097222222222854e+01
7.552083333333332860e+01
7.421875000000000000e+01
7.378472222222222854e+01
7.421875000000000000e+01
7.552083333333334281e+01
7.769097222222222854e+01
8.072916666666667140e+01
8.463541666666667140e+01
8.940972222222222854e+01
9.505208333333334281e+01
1.015625000000000000e+02
1.089409722222222285e+02
1.171875000000000284e+02
1.263020833333333428e+02
1.362847222222222285e+02
1.427951388888888857e+02
1.328125000000000000e+02
1.236979166666666856e+02
1.154513888888888857e+02
1.080729166666666572e+02
1.015625000000000000e+02
9.592013888888888573e+01
9.114583333333334281e+01
8.723958333333334281e+01
8.420138888888888573e+01
8.203125000000000000e+01
8.072916666666667140e+01
8.029513888888888573e+01
8.072916666666667140e+01
8.203125000000000000e+01
8.420138888888888573e+01
8.723958333333334281e+01
9.114583333333334281e+01
9.592013888888888573e+01
1.015625000000000000e+02
1.080729166666666856e+02
1.154513888888888857e+02
1.236979166666666856e+02
1.328125000000000284e+02
1.427951388888888857e+02
1.501736111111111143e+02
1.401909722222222285e+02
1.310763888888888857e+02
1.228298611111111143e+02
1.154513888888888857e+02
1.089409722222222143e+02
1.032986111111111143e+02
9.852430555555554292e+01
9.461805555555554292e+01
9.157986111111111427e+01
8.940972222222221433e+01
8.810763888888888573e+01
8.767361111111111427e+01
8.810763888888888573e+01
8.940972222222222854e+01
9.157986111111111427e+01
9.461805555555554292e+01
9.852430555555555713e+01
1.032986111111111143e+02
1.089409722222222285e+02
1.154513888888888857e+02
1.228298611111111143e+02
1.310763888888889142e+02
1.401909722222222285e+02
1.501736111111111143e+02
1.584201388888889142e+02
1.484375000000000284e+02
1.393229166666666856e+02
1.310763888888889142e+02
1.236979166666666856e+02
1.171875000000000284e+02
1.115451388888889142e+02
1.067708333333333428e+02
1.028645833333333428e+02
9.982638888888891415e+01
9.765625000000001421e+01
9.635416666666668561e+01
9.592013888888891415e+01
9.635416666666668561e+01
9.765625000000002842e+01
9.982638888888891415e+01
1.028645833333333428e+02
1.067708333333333570e+02
1.115451388888889142e+02
1.171875000000000284e+02
1.236979166666666856e+02
1.310763888888889142e+02
1.393229166666667140e+02
1.484375000000000284e+02
1.584201388888889142e+02
1.675347222222222285e+02
1.575520833333333428e+02
1.484375000000000284e+02
1.401909722222222285e+02
1.328125000000000000e+02
1.263020833333333428e+02
1.206597222222222285e+02
1.158854166666666856e+02
1.119791666666666856e+02
1.089409722222222285e+02
1.067708333333333428e+02
1.054687500000000142e+02
1.050347222222222285e+02
1.054687500000000142e+02
1.067708333333333428e+02
1.089409722222222285e+02
1.119791666666666856e+02
1.158854166666666856e+02
1.206597222222222285e+02
1.263020833333333428e+02
1.328125000000000284e+02
1.401909722222222285e+02
1.484375000000000284e+02
1.575520833333333712e+02
1.675347222222222285e+02
1.775173611111111143e+02
1.675347222222222285e+02
1.584201388888888857e+02
1.501736111111111143e+02
1.427951388888888857e+02
1.362847222222222285e+02
1.306423611111111143e+02
1.258680555555555429e+02
1.219618055555555429e+02
1.189236111111111143e+02
1.167534722222222285e+02
1.154513888888888857e+02
1.150173611111111143e+02
1.154513888888888857e+02
1.167534722222222285e+02
1.189236111111111143e+02
1.219618055555555429e+02
1.258680555555555713e+02
1.306423611111111143e+02
1.362847222222222285e+02
1.427951388888888857e+02
1.501736111111111143e+02
1.584201388888889142e+02
1.675347222222222285e+02
1.775173611111111143e+02
1.684027777777777715e+02
1.584201388888889142e+02
1.493055555555555713e+02
1.410590277777777715e+02
1.336805555555555429e+02
1.271701388888888999e+02
1.215277777777777857e+02
1.167534722222222285e+02
1.128472222222222285e+02
1.098090277777777857e+02
1.076388888888888999e+02
1.063368055555555713e+02
1.059027777777777857e+02
1.063368055555555713e+02
1.076388888888888999e+02
1.098090277777777857e+02
1.128472222222222285e+02
1.167534722222222427e+02
1.215277777777777857e+02
1.271701388888888999e+02
1.336805555555555713e+02
1.410590277777777715e+02
1.493055555555555998e+02
1.584201388888889142e+02
1.684027777777777715e+02
1.584201388888889142e+02
1.484375000000000000e+02
1.393229166666666856e+02
1.310763888888889142e+02
1.236979166666666714e+02
1.171875000000000000e+02
1.115451388888888999e+02
1.067708333333333428e+02
1.028645833333333428e+02
9.982638888888888573e+01
9.765625000000000000e+01
9.635416666666667140e+01
9.592013888888888573e+01
9.635416666666667140e+01
9.765625000000000000e+01
9.982638888888888573e+01
1.028645833333333428e+02
1.067708333333333428e+02
1.115451388888888999e+02
1.171875000000000142e+02
1.236979166666666714e+02
1.310763888888889142e+02
1.393229166666666856e+02
1.484375000000000000e+02
1.584201388888889142e+02
1.493055555555555713e+02
1.393229166666666856e+02
1.302083333333333712e+02
1.219618055555555713e+02
1.145833333333333428e+02
1.080729166666666714e+02
1.024305555555555713e+02
9.765625000000001421e+01
9.375000000000001421e+01
9.071180555555557135e+01
8.854166666666668561e+01
8.723958333333334281e+01
8.680555555555557135e+01
8.723958333333334281e+01
8.854166666666668561e+01
9.071180555555557135e+01
9.375000000000001421e+01
9.765625000000002842e+01
1.024305555555555713e+02
1.080729166666666856e+02
1.145833333333333570e+02
1.219618055555555713e+02
1.302083333333333712e+02
1.393229166666666856e+02
1.493055555555555713e+02
1.410590277777777715e+02
1.310763888888889142e+02
1.219618055555555713e+02
1.137152777777777857e+02
1.063368055555555571e+02
9.982638888888888573e+01
9.418402777777778567e+01
8.940972222222222854e+01
8.550347222222222854e+01
8.246527777777778567e+01
8.029513888888888573e+01
7.899305555555557135e+01
7.855902777777778567e+01
7.899305555555557135e+01
8.029513888888889994e+01
8.246527777777778567e+01
8.550347222222222854e+01
8.940972222222222854e+01
9.418402777777778567e+01
9.982638888888889994e+01
1.063368055555555713e+02
1.137152777777777857e+02
1.219618055555555856e+02
1.310763888888889142e+02
1.410590277777777715e+02
1.336805555555555429e+02
1.236979166666666714e+02
1.145833333333333428e+02
1.063368055555555571e+02
9.895833333333332860e+01
9.244791666666665719e+01
8.680555555555555713e+01
8.203125000000000000e+01
7.812500000000000000e+01
7.508680555555555713e+01
7.291666666666667140e+01
7.161458333333332860e+01
7.118055555555555713e+01
7.161458333333334281e+01
7.291666666666667140e+01
7.508680555555555713e+01
7.812500000000000000e+01
8.203125000000000000e+01
8.680555555555555713e+01
9.244791666666667140e+01
9.895833333333334281e+01
1.063368055555555571e+02
1.145833333333333570e+02
1.236979166666666856e+02
1.336805555555555429e+02
1.271701388888888999e+02
1.171875000000000000e+02
1.080729166666666714e+02
9.982638888888888573e+01
9.244791666666665719e+01
8.593750000000000000e+01
8.029513888888888573e+01
7.552083333333334281e+01
7.161458333333334281e+01
6.857638888888888573e+01
6.640625000000000000e+01
6.510416666666667140e+01
6.467013888888888573e+01
6.510416666666667140e+01
6.640625000000000000e+01
6.857638888888888573e+01
7.161458333333334281e+01
7.552083333333334281e+01
8.029513888888888573e+01
8.593750000000000000e+01
9.244791666666668561e+01
9.982638888888888573e+01
1.080729166666666998e+02
1.171875000000000142e+02
1.271701388888888999e+02
1.215277777777777857e+02
1.115451388888888999e+02
1.024305555555555713e+02
9.418402777777778567e+01
8.680555555555555713e+01
8.029513888888888573e+01
7.465277777777778567e+01
6.987847222222222854e+01
6.597222222222222854e+01
6.293402777777778567e+01
6.076388888888889994e+01
5.946180555555555713e+01
5.902777777777778567e+01
5.946180555555556424e+01
6.076388888888889994e+01
6.293402777777778567e+01
6.597222222222222854e+01
6.987847222222222854e+01
7.465277777777778567e+01
8.029513888888889994e+01
8.680555555555557135e+01
9.418402777777778567e+01
1.024305555555555856e+02
1.115451388888889142e+02
1.215277777777777857e+02
1.167534722222222285e+02
1.067708333333333428e+02
9.765625000000001421e+01
8.940972222222222854e+01
8.203125000000000000e+01
7.552083333333334281e+01
6.987847222222222854e+01
6.510416666666667140e+01
6.119791666666667140e+01
5.815972222222222854e+01
5.598958333333334281e+01
5.468750000000000711e+01
5.425347222222222854e+01
5.468750000000000711e+01
5.598958333333334281e+01
5.815972222222222854e+01
6.119791666666667140e+01
6.510416666666668561e+01
6.987847222222222854e+01
7.552083333333334281e+01
8.203125000000001421e+01
8.940972222222222854e+01
9.765625000000002842e+01
1.067708333333333570e+02
1.167534722222222285e+02
1.128472222222222285e+02
1.028645833333333428e+02
9.375000000000001421e+01
8.550347222222222854e+01
7.812500000000000000e+01
7.161458333333334281e+01
6.597222222222222854e+01
6.119791666666667140e+01
5.729166666666667140e+01
5.425347222222222854e+01
5.208333333333334281e+01
5.078125000000000711e+01
5.034722222222222854e+01
5.078125000000000711e+01
5.208333333333334281e+01
5.425347222222222854e+01
5.729166666666667140e+01
6.119791666666667851e+01
6.597222222222222854e+01
7.161458333333334281e+01
7.812500000000001421e+01
8.550347222222222854e+01
9.375000000000002842e+01
1.028645833333333570e+02
1.128472222222222285e+02
1.098090277777777857e+02
9.982638888888888573e+01
9.071180555555557135e+01
8.246527777777778567e+01
7.508680555555555713e+01
6.857638888888888573e+01
6.293402777777778567e+01
5.815972222222222854e+01
5.425347222222222854e+01
5.121527777777778567e+01
4.904513888888889284e+01
4.774305555555556424e+01
4.730902777777778567e+01
4.774305555555556424e+01
4.904513888888889994e+01
5.121527777777778567e+01
5.425347222222222854e+01
5.815972222222223564e+01
6.293402777777778567e+01
6.857638888888889994e+01
7.508680555555557135e+01
8.246527777777778567e+01
9.071180555555558556e+01
9.982638888888891415e+01
1.098090277777777857e+02
1.076388888888888999e+02
9.765625000000000000e+01
8.854166666666668561e+01
8.029513888888888573e+01
7.291666666666667140e+01
6.640625000000000000e+01
6.076388888888889994e+01
5.598958333333334281e+01
5.208333333333334281e+01
4.904513888888889284e+01
4.687500000000000711e+01
4.557291666666667140e+01
4.513888888888889284e+01
4.557291666666667140e+01
4.687500000000000711e+01
4.904513888888889284e+01
5.208333333333334281e+01
5.598958333333334281e+01
6.076388888888889994e+01
6.640625000000001421e+01
7.291666666666668561e+01
8.029513888888888573e+01
8.854166666666668561e+01
9.765625000000002842e+01
1.076388888888888999e+02
1.063368055555555713e+02
9.635416666666667140e+01
8.723958333333334281e+01
7.899305555555557135e+01
7.161458333333332860e+01
6.510416666666667140e+01
5.946180555555555713e+01
5.468750000000000711e+01
5.078125000000000711e+01
4.774305555555556424e+01
4.557291666666667140e+01
4.427083333333333570e+01
4.383680555555556424e+01
4.427083333333334281e+01
4.557291666666667851e+01
4.774305555555556424e+01
5.078125000000000711e+01
5.468750000000001421e+01
5.946180555555555713e+01
6.510416666666667140e+01
7.161458333333334281e+01
7.899305555555557135e+01
8.723958333333337123e+01
9.635416666666668561e+01
1.063368055555555713e+02
1.059027777777777857e+02
9.592013888888888573e+01
8.680555555555557135e+01
7.855902777777778567e+01
7.118055555555555713e+01
6.467013888888888573e+01
5.902777777777778567e+01
5.425347222222222854e+01
5.034722222222222854e+01
4.730902777777778567e+01
4.513888888888889284e+01
4.383680555555556424e+01
4.340277777777778567e+01
4.383680555555556424e+01
4.513888888888889994e+01
4.730902777777778567e+01
5.034722222222222854e+01
5.425347222222223564e+01
5.902777777777778567e+01
6.467013888888889994e+01
7.118055555555557135e+01
7.855902777777778567e+01
8.680555555555558556e+01
9.592013888888891415e+01
1.059027777777777857e+02
1.063368055555555713e+02
9.635416666666667140e+01
8.723958333333334281e+01
7.899305555555557135e+01
7.161458333333334281e+01
6.510416666666667140e+01
5.946180555555556424e+01
5.468750000000000711e+01
5.078125000000000711e+01
4.774305555555556424e+01
4.557291666666667140e+01
4.427083333333334281e+01
4.383680555555556424e+01
4.427083333333334281e+01
4.557291666666667851e+01
4.774305555555556424e+01
5.078125000000001421e+01
5.468750000000001421e+01
5.946180555555556424e+01
6.510416666666668561e+01
7.161458333333334281e+01
7.899305555555557135e+01
8.723958333333337123e+01
9.635416666666668561e+01
1.063368055555555713e+02
1.076388888888888999e+02
9.765625000000000000e+01
8.854166666666668561e+01
8.029513888888889994e+01
7.291666666666667140e+01
6.640625000000000000e+01
6.076388888888889994e+01
5.598958333333334281e+01
5.208333333333334281e+01
4.904513888888889994e+01
4.687500000000000711e+01
4.557291666666667851e+01
4.513888888888889994e+01
4.557291666666667851e+01
4.687500000000001421e+01
4.904513888888889994e+01
5.208333333333334281e+01
5.598958333333334991e+01
6.076388888888889994e+01
6.640625000000001421e+01
7.291666666666668561e+01
8.029513888888889994e+01
8.854166666666669983e+01
9.765625000000002842e+01
1.076388888888888999e+02
1.098090277777777857e+02
9.982638888888888573e+01
9.071180555555557135e+01
8.246527777777778567e+01
7.508680555555555713e+01
6.857638888888888573e+01
6.293402777777778567e+01
5.815972222222222854e+01
5.425347222222222854e+01
5.121527777777778567e+01
4.904513888888889284e+01
4.774305555555556424e+01
4.730902777777778567e+01
4.774305555555556424e+01
4.904513888888889994e+01
5.121527777777778567e+01
5.425347222222222854e+01
5.815972222222223564e+01
6.293402777777778567e+01
6.857638888888889994e+01
7.508680555555557135e+01
8.246527777777778567e+01
9.071180555555558556e+01
9.982638888888891415e+01
1.098090277777777857e+02
1.128472222222222285e+02
1.028645833333333428e+02
9.375000000000001421e+01
8.550347222222222854e+01
7.812500000000000000e+01
7.161458333333334281e+01
6.597222222222222854e+01
6.119791666666667140e+01
5.729166666666667140e+01
5.425347222222222854e+01
5.208333333333334281e+01
5.078125000000000711e+01
5.034722222222222854e+01
5.078125000000001421e+01
5.208333333333334281e+01
5.425347222222222854e+01
5.729166666666667851e+01
6.119791666666668561e+01
6.597222222222222854e+01
7.161458333333334281e+01
7.812500000000001421e+01
8.550347222222222854e+01
9.375000000000002842e+01
1.028645833333333570e+02
1.128472222222222285e+02
1.167534722222222427e+02
1.067708333333333428e+02
9.765625000000002842e+01
8.940972222222222854e+01
8.203125000000000000e+01
7.552083333333334281e+01
6.987847222222222854e+01
6.510416666666668561e+01
6.119791666666667851e+01
5.815972222222223564e+01
5.598958333333334281e+01
5.468750000000001421e+01
5.425347222222223564e+01
5.468750000000001421e+01
5.598958333333334991e+01
5.815972222222223564e+01
6.119791666666668561e+01
6.510416666666668561e+01
6.987847222222222854e+01
7.552083333333334281e+01
8.203125000000002842e+01
8.940972222222222854e+01
9.765625000000002842e+01
1.067708333333333712e+02
1.167534722222222427e+02
1.215277777777777857e+02
1.115451388888888999e+02
1.024305555555555713e+02
9.418402777777778567e+01
8.680555555555555713e+01
8.029513888888888573e+01
7.465277777777778567e+01
6.987847222222222854e+01
6.597222222222222854e+01
6.293402777777778567e+01
6.076388888888889994e+01
5.946180555555555713e+01
5.902777777777778567e+01
5.946180555555556424e+01
6.076388888888889994e+01
6.293402777777778567e+01
6.597222222222222854e+01
6.987847222222222854e+01
7.465277777777778567e+01
8.029513888888889994e+01
8.680555555555557135e+01
9.418402777777778567e+01
1.024305555555555856e+02
1.115451388888889142e+02
1.215277777777777857e+02
1.271701388888888999e+02
1.171875000000000142e+02
1.080729166666666856e+02
9.982638888888889994e+01
9.244791666666667140e+01
8.593750000000000000e+01
8.029513888888889994e+01
7.552083333333334281e+01
7.161458333333334281e+01
6.857638888888889994e+01
6.640625000000001421e+01
6.510416666666667140e+01
6.467013888888889994e+01
6.510416666666668561e+01
6.640625000000001421e+01
6.857638888888889994e+01
7.161458333333334281e+01
7.552083333333334281e+01
8.029513888888889994e+01
8.593750000000001421e+01
9.244791666666668561e+01
9.982638888888889994e+01
1.080729166666666998e+02
1.171875000000000284e+02
1.271701388888888999e+02
1.336805555555555713e+02
1.236979166666666714e+02
1.145833333333333570e+02
1.063368055555555713e+02
9.895833333333334281e+01
9.244791666666668561e+01
8.680555555555557135e+01
8.203125000000001421e+01
7.812500000000001421e+01
7.508680555555557135e+01
7.291666666666668561e+01
7.161458333333334281e+01
7.118055555555557135e+01
7.161458333333334281e+01
7.291666666666668561e+01
7.508680555555557135e+01
7.812500000000001421e+01
8.203125000000002842e+01
8.680555555555557135e+01
9.244791666666668561e+01
9.895833333333335702e+01
1.063368055555555713e+02
1.145833333333333712e+02
1.236979166666666998e+02
1.336805555555555713e+02
1.410590277777777715e+02
1.310763888888889142e+02
1.219618055555555713e+02
1.137152777777777857e+02
1.063368055555555571e+02
9.982638888888888573e+01
9.418402777777778567e+01
8.940972222222222854e+01
8.550347222222222854e+01
8.246527777777778567e+01
8.029513888888888573e+01
7.899305555555557135e+01
7.855902777777778567e+01
7.899305555555557135e+01
8.029513888888889994e+01
8.246527777777778567e+01
8.550347222222222854e+01
8.940972222222222854e+01
9.418402777777778567e+01
9.982638888888889994e+01
1.063368055555555713e+02
1.137152777777777857e+02
1.219618055555555856e+02
1.310763888888889142e+02
1.410590277777777715e+02
1.493055555555555998e+02
1.393229166666666856e+02
1.302083333333333712e+02
1.219618055555555856e+02
1.145833333333333570e+02
1.080729166666666998e+02
1.024305555555555856e+02
9.765625000000002842e+01
9.375000000000002842e+01
9.071180555555558556e+01
8.854166666666668561e+01
8.723958333333337123e+01
8.680555555555558556e+01
8.723958333333337123e+01
8.854166666666669983e+01
9.071180555555558556e+01
9.375000000000002842e+01
9.765625000000002842e+01
1.024305555555555856e+02
1.080729166666666998e+02
1.145833333333333712e+02
1.219618055555555856e+02
1.302083333333333712e+02
1.393229166666667140e+02
1.493055555555555998e+02
1.584201388888889142e+02
1.484375000000000000e+02
1.393229166666666856e+02
1.310763888888889142e+02
1.236979166666666856e+02
1.171875000000000142e+02
1.115451388888889142e+02
1.067708333333333570e+02
1.028645833333333570e+02
9.982638888888891415e+01
9.765625000000002842e+01
9.635416666666668561e+01
9.592013888888891415e+01
9.635416666666668561e+01
9.765625000000002842e+01
9.982638888888891415e+01
1.028645833333333570e+02
1.067708333333333712e+02
1.115451388888889142e+02
1.171875000000000284e+02
1.236979166666666998e+02
1.310763888888889142e+02
1.393229166666667140e+02
1.484375000000000568e+02
1.584201388888889142e+02
1.684027777777777715e+02
1.584201388888889142e+02
1.493055555555555713e+02
1.410590277777777715e+02
1.336805555555555429e+02
1.271701388888888999e+02
1.215277777777777857e+02
1.167534722222222285e+02
1.128472222222222285e+02
1.098090277777777857e+02
1.076388888888888999e+02
1.063368055555555713e+02
1.059027777777777857e+02
1.063368055555555713e+02
1.076388888888888999e+02
1.098090277777777857e+02
1.128472222222222285e+02
1.167534722222222427e+02
1.215277777777777857e+02
1.271701388888888999e+02
1.336805555555555713e+02
1.410590277777777715e+02
1.493055555555555998e+02
1.584201388888889142e+02
1.684027777777777715e+02
1.601562500000000000e+02
1.501736111111111143e+02
1.410590277777777715e+02
1.328125000000000000e+02
1.254340277777777715e+02
1.189236111111111143e+02
1.132812500000000000e+02
1.085069444444444429e+02
1.046006944444444429e+02
1.015625000000000000e+02
9.939236111111111427e+01
9.809027777777777146e+01
9.765625000000000000e+01
9.809027777777777146e+01
9.939236111111111427e+01
1.015625000000000000e+02
1.046006944444444429e+02
1.085069444444444571e+02
1.132812500000000000e+02
1.189236111111111143e+02
1.254340277777777857e+02
1.328125000000000000e+02
1.410590277777777999e+02
1.501736111111111427e+02
1.601562500000000000e+02
1.501736111111111143e+02
1.401909722222222285e+02
1.310763888888888857e+02
1.228298611111111143e+02
1.154513888888888857e+02
1.089409722222222143e+02
1.032986111111111143e+02
9.852430555555554292e+01
9.461805555555554292e+01
9.157986111111111427e+01
8.940972222222221433e+01
8.810763888888888573e+01
8.767361111111111427e+01
8.810763888888888573e+01
8.940972222222222854e+01
9.157986111111111427e+01
9.461805555555555713e+01
9.852430555555555713e+01
1.032986111111111143e+02
1.089409722222222285e+02
1.154513888888888857e+02
1.228298611111111143e+02
1.310763888888889142e+02
1.401909722222222285e+02
1.501736111111111143e+02
1.410590277777777715e+02
1.310763888888888857e+02
1.219618055555555713e+02
1.137152777777777857e+02
1.063368055555555571e+02
9.982638888888888573e+01
9.418402777777778567e+01
8.940972222222222854e+01
8.550347222222222854e+01
8.246527777777778567e+01
8.029513888888888573e+01
7.899305555555557135e+01
7.855902777777778567e+01
7.899305555555557135e+01
8.029513888888889994e+01
8.246527777777778567e+01
8.550347222222222854e+01
8.940972222222222854e+01
9.418402777777778567e+01
9.982638888888889994e+01
1.063368055555555713e+02
1.137152777777777857e+02
1.219618055555555856e+02
1.310763888888889142e+02
1.410590277777777715e+02
1.328125000000000000e+02
1.228298611111111143e+02
1.137152777777777857e+02
1.054687500000000000e+02
9.809027777777777146e+01
9.157986111111111427e+01
8.593750000000000000e+01
8.116319444444444287e+01
7.725694444444444287e+01
7.421875000000000000e+01
7.204861111111111427e+01
7.074652777777777146e+01
7.031250000000000000e+01
7.074652777777777146e+01
7.204861111111111427e+01
7.421875000000000000e+01
7.725694444444444287e+01
8.116319444444445708e+01
8.593750000000000000e+01
9.157986111111111427e+01
9.809027777777778567e+01
1.054687500000000000e+02
1.137152777777777999e+02
1.228298611111111285e+02
1.328125000000000000e+02
1.254340277777777715e+02
1.154513888888888857e+02
1.063368055555555571e+02
9.809027777777777146e+01
9.071180555555554292e+01
8.420138888888888573e+01
7.855902777777777146e+01
7.378472222222221433e+01
6.987847222222221433e+01
6.684027777777777146e+01
6.467013888888888573e+01
6.336805555555554292e+01
6.293402777777777146e+01
6.336805555555555003e+01
6.467013888888888573e+01
6.684027777777777146e+01
6.987847222222221433e+01
7.378472222222222854e+01
7.855902777777777146e+01
8.420138888888888573e+01
9.071180555555555713e+01
9.809027777777777146e+01
1.063368055555555713e+02
1.154513888888888999e+02
1.254340277777777715e+02
1.189236111111111143e+02
1.089409722222222143e+02
9.982638888888888573e+01
9.157986111111111427e+01
8.420138888888888573e+01
7.769097222222221433e+01
7.204861111111111427e+01
6.727430555555554292e+01
6.336805555555555003e+01
6.032986111111110716e+01
5.815972222222221433e+01
5.685763888888888573e+01
5.642361111111110716e+01
5.685763888888888573e+01
5.815972222222222143e+01
6.032986111111110716e+01
6.336805555555555713e+01
6.727430555555555713e+01
7.204861111111111427e+01
7.769097222222222854e+01
8.420138888888888573e+01
9.157986111111111427e+01
9.982638888888891415e+01
1.089409722222222285e+02
1.189236111111111143e+02
1.132812500000000000e+02
1.032986111111111143e+02
9.418402777777778567e+01
8.593750000000000000e+01
7.855902777777777146e+01
7.204861111111111427e+01
6.640625000000000000e+01
6.163194444444444287e+01
5.772569444444444287e+01
5.468750000000000000e+01
5.251736111111111427e+01
5.121527777777777146e+01
5.078125000000000000e+01
5.121527777777777857e+01
5.251736111111111427e+01
5.468750000000000000e+01
5.772569444444444287e+01
6.163194444444444997e+01
6.640625000000000000e+01
7.204861111111111427e+01
7.855902777777778567e+01
8.593750000000000000e+01
9.418402777777779988e+01
1.032986111111111285e+02
1.132812500000000000e+02
1.085069444444444429e+02
9.852430555555554292e+01
8.940972222222222854e+01
8.116319444444444287e+01
7.378472222222221433e+01
6.727430555555554292e+01
6.163194444444444287e+01
5.685763888888888573e+01
5.295138888888888573e+01
4.991319444444444287e+01
4.774305555555555713e+01
4.644097222222222143e+01
4.600694444444444287e+01
4.644097222222222143e+01
4.774305555555555713e+01
4.991319444444444287e+01
5.295138888888888573e+01
5.685763888888889284e+01
6.163194444444444287e+01
6.727430555555555713e+01
7.378472222222222854e+01
8.116319444444444287e+01
8.940972222222224275e+01
9.852430555555557135e+01
1.085069444444444429e+02
1.046006944444444429e+02
9.461805555555554292e+01
8.550347222222222854e+01
7.725694444444444287e+01
6.987847222222221433e+01
6.336805555555555003e+01
5.772569444444444287e+01
5.295138888888888573e+01
4.904513888888888573e+01
4.600694444444444287e+01
4.383680555555555713e+01
4.253472222222222143e+01
4.210069444444444287e+01
4.253472222222222143e+01
4.383680555555555713e+01
4.600694444444444287e+01
4.904513888888888573e+01
5.295138888888889284e+01
5.772569444444444287e+01
6.336805555555555713e+01
6.987847222222222854e+01
7.725694444444444287e+01
8.550347222222224275e+01
9.461805555555557135e+01
1.046006944444444429e+02
1.015625000000000000e+02
9.157986111111111427e+01
8.246527777777778567e+01
7.421875000000000000e+01
6.684027777777777146e+01
6.032986111111110716e+01
5.468750000000000000e+01
4.991319444444444287e+01
4.600694444444444287e+01
4.296875000000000000e+01
4.079861111111110716e+01
3.949652777777777857e+01
3.906250000000000000e+01
3.949652777777777857e+01
4.079861111111111427e+01
4.296875000000000000e+01
4.600694444444444287e+01
4.991319444444444997e+01
5.468750000000000000e+01
6.032986111111111427e+01
6.684027777777778567e+01
7.421875000000000000e+01
8.246527777777779988e+01
9.157986111111112848e+01
1.015625000000000000e+02
9.939236111111111427e+01
8.940972222222221433e+01
8.029513888888888573e+01
7.204861111111111427e+01
6.467013888888888573e+01
5.815972222222221433e+01
5.251736111111111427e+01
4.774305555555555713e+01
4.383680555555555713e+01
4.079861111111110716e+01
3.862847222222222143e+01
3.732638888888888573e+01
3.689236111111110716e+01
3.732638888888888573e+01
3.862847222222222143e+01
4.079861111111110716e+01
4.383680555555555713e+01
4.774305555555555713e+01
5.251736111111111427e+01
5.815972222222222854e+01
6.467013888888889994e+01
7.204861111111111427e+01
8.029513888888891415e+01
8.940972222222222854e+01
9.939236111111111427e+01
9.809027777777777146e+01
8.810763888888888573e+01
7.899305555555557135e+01
7.074652777777777146e+01
6.336805555555554292e+01
5.685763888888888573e+01
5.121527777777777146e+01
4.644097222222222143e+01
4.253472222222222143e+01
3.949652777777777857e+01
3.732638888888888573e+01
3.602430555555555003e+01
3.559027777777777857e+01
3.602430555555555713e+01
3.732638888888889284e+01
3.949652777777777857e+01
4.253472222222222143e+01
4.644097222222222854e+01
5.121527777777777146e+01
5.685763888888888573e+01
6.336805555555555713e+01
7.074652777777777146e+01
7.899305555555557135e+01
8.810763888888891415e+01
9.809027777777777146e+01
9.765625000000000000e+01
8.767361111111111427e+01
7.855902777777778567e+01
7.031250000000000000e+01
6.293402777777777146e+01
5.642361111111110716e+01
5.078125000000000000e+01
4.600694444444444287e+01
4.210069444444444287e+01
3.906250000000000000e+01
3.689236111111110716e+01
3.559027777777777857e+01
3.515625000000000000e+01
3.559027777777777857e+01
3.689236111111111427e+01
3.906250000000000000e+01
4.210069444444444287e+01
4.600694444444444997e+01
5.078125000000000000e+01
5.642361111111111427e+01
6.293402777777778567e+01
7.031250000000000000e+01
7.855902777777779988e+01
8.767361111111112848e+01
9.765625000000000000e+01
9.809027777777777146e+01
8.810763888888888573e+01
7.899305555555557135e+01
7.074652777777777146e+01
6.336805555555555003e+01
5.685763888888888573e+01
5.121527777777777857e+01
4.644097222222222143e+01
4.253472222222222143e+01
3.949652777777777857e+01
3.732638888888888573e+01
3.602430555555555713e+01
3.559027777777777857e+01
3.602430555555555713e+01
3.732638888888889284e+01
3.949652777777777857e+01
4.253472222222222854e+01
4.644097222222222854e+01
5.121527777777777857e+01
5.685763888888889284e+01
6.336805555555556424e+01
7.074652777777777146e+01
7.899305555555557135e+01
8.810763888888891415e+01
9.809027777777777146e+01
9.939236111111111427e+01
8.940972222222222854e+01
8.029513888888889994e+01
7.204861111111111427e+01
6.467013888888888573e+01
5.815972222222222143e+01
5.251736111111111427e+01
4.774305555555555713e+01
4.383680555555555713e+01
4.079861111111111427e+01
3.862847222222222143e+01
3.732638888888889284e+01
3.689236111111111427e+01
3.732638888888889284e+01
3.862847222222222854e+01
4.079861111111111427e+01
4.383680555555555713e+01
4.774305555555556424e+01
5.251736111111111427e+01
5.815972222222222854e+01
6.467013888888889994e+01
7.204861111111111427e+01
8.029513888888891415e+01
8.940972222222224275e+01
9.939236111111111427e+01
1.015625000000000000e+02
9.157986111111111427e+01
8.246527777777778567e+01
7.421875000000000000e+01
6.684027777777777146e+01
6.032986111111110716e+01
5.468750000000000000e+01
4.991319444444444287e+01
4.600694444444444287e+01
4.296875000000000000e+01
4.079861111111110716e+01
3.949652777777777857e+01
3.906250000000000000e+01
3.949652777777777857e+01
4.079861111111111427e+01
4.296875000000000000e+01
4.600694444444444287e+01
4.991319444444444997e+01
5.468750000000000000e+01
6.032986111111111427e+01
6.684027777777778567e+01
7.421875000000000000e+01
8.246527777777779988e+01
9.157986111111112848e+01
1.015625000000000000e+02
1.046006944444444429e+02
9.461805555555555713e+01
8.550347222222222854e+01
7.725694444444444287e+01
6.987847222222221433e+01
6.336805555555555713e+01
5.772569444444444287e+01
5.295138888888888573e+01
4.904513888888888573e+01
4.600694444444444287e+01
4.383680555555555713e+01
4.253472222222222143e+01
4.210069444444444287e+01
4.253472222222222854e+01
4.383680555555555713e+01
4.600694444444444287e+01
4.904513888888889284e+01
5.295138888888889994e+01
5.772569444444444287e+01
6.336805555555555713e+01
6.987847222222222854e+01
7.725694444444444287e+01
8.550347222222224275e+01
9.461805555555557135e+01
1.046006944444444429e+02
1.085069444444444571e+02
9.852430555555555713e+01
8.940972222222222854e+01
8.116319444444445708e+01
7.378472222222222854e+01
6.727430555555555713e+01
6.163194444444444997e+01
5.685763888888889284e+01
5.295138888888889284e+01
4.991319444444444997e+01
4.774305555555555713e+01
4.644097222222222854e+01
4.600694444444444997e+01
4.644097222222222854e+01
4.774305555555556424e+01
4.991319444444444997e+01
5.295138888888889994e+01
5.685763888888889994e+01
6.163194444444444997e+01
6.727430555555557135e+01
7.378472222222222854e+01
8.116319444444445708e+01
8.940972222222225696e+01
9.852430555555557135e+01
1.085069444444444571e+02
1.132812500000000000e+02
1.032986111111111143e+02
9.418402777777778567e+01
8.593750000000000000e+01
7.855902777777777146e+01
7.204861111111111427e+01
6.640625000000000000e+01
6.163194444444444287e+01
5.772569444444444287e+01
5.468750000000000000e+01
5.251736111111111427e+01
5.121527777777777146e+01
5.078125000000000000e+01
5.121527777777777857e+01
5.251736111111111427e+01
5.468750000000000000e+01
5.772569444444444287e+01
6.163194444444444997e+01
6.640625000000000000e+01
7.204861111111111427e+01
7.855902777777778567e+01
8.593750000000000000e+01
9.418402777777779988e+01
1.032986111111111285e+02
1.132812500000000000e+02
1.189236111111111143e+02
1.089409722222222285e+02
9.982638888888889994e+01
9.157986111111111427e+01
8.420138888888888573e+01
7.769097222222222854e+01
7.204861111111111427e+01
6.727430555555555713e+01
6.336805555555555713e+01
6.032986111111111427e+01
5.815972222222222854e+01
5.685763888888888573e+01
5.642361111111111427e+01
5.685763888888889284e+01
5.815972222222222854e+01
6.032986111111111427e+01
6.336805555555555713e+01
6.727430555555557135e+01
7.204861111111111427e+01
7.769097222222222854e+01
8.420138888888889994e+01
9.157986111111111427e+01
9.982638888888891415e+01
1.089409722222222427e+02
1.189236111111111143e+02
1.254340277777777857e+02
1.154513888888888857e+02
1.063368055555555713e+02
9.809027777777778567e+01
9.071180555555555713e+01
8.420138888888888573e+01
7.855902777777778567e+01
7.378472222222222854e+01
6.987847222222222854e+01
6.684027777777778567e+01
6.467013888888889994e+01
6.336805555555555713e+01
6.293402777777778567e+01
6.336805555555556424e+01
6.467013888888889994e+01
6.684027777777778567e+01
6.987847222222222854e+01
7.378472222222222854e+01
7.855902777777778567e+01
8.420138888888889994e+01
9.071180555555557135e+01
9.809027777777778567e+01
1.063368055555555856e+02
1.154513888888889142e+02
1.254340277777777857e+02
1.328125000000000000e+02
1.228298611111111143e+02
1.137152777777777857e+02
1.054687500000000000e+02
9.809027777777777146e+01
9.157986111111111427e+01
8.593750000000000000e+01
8.116319444444444287e+01
7.725694444444444287e+01
7.421875000000000000e+01
7.204861111111111427e+01
7.074652777777777146e+01
7.031250000000000000e+01
7.074652777777777146e+01
7.204861111111111427e+01
7.421875000000000000e+01
7.725694444444444287e+01
8.116319444444445708e+01
8.593750000000000000e+01
9.157986111111111427e+01
9.809027777777778567e+01
1.054687500000000000e+02
1.137152777777777999e+02
1.228298611111111285e+02
1.328125000000000000e+02
1.410590277777777999e+02
1.310763888888889142e+02
1.219618055555555856e+02
1.137152777777777999e+02
1.063368055555555713e+02
9.982638888888891415e+01
9.418402777777779988e+01
8.940972222222224275e+01
8.550347222222224275e+01
8.246527777777779988e+01
8.029513888888891415e+01
7.899305555555557135e+01
7.855902777777779988e+01
7.899305555555557135e+01
8.029513888888891415e+01
8.246527777777779988e+01
8.550347222222224275e+01
8.940972222222225696e+01
9.418402777777779988e+01
9.982638888888891415e+01
1.063368055555555856e+02
1.137152777777777999e+02
1.219618055555555998e+02
1.310763888888889142e+02
1.410590277777777999e+02
1.501736111111111427e+02
1.401909722222222285e+02
1.310763888888889142e+02
1.228298611111111285e+02
1.154513888888888999e+02
1.089409722222222285e+02
1.032986111111111285e+02
9.852430555555557135e+01
9.461805555555557135e+01
9.157986111111112848e+01
8.940972222222222854e+01
8.810763888888891415e+01
8.767361111111112848e+01
8.810763888888891415e+01
8.940972222222224275e+01
9.157986111111112848e+01
9.461805555555557135e+01
9.852430555555557135e+01
1.032986111111111285e+02
1.089409722222222427e+02
1.154513888888889142e+02
1.228298611111111285e+02
1.310763888888889142e+02
1.401909722222222570e+02
1.501736111111111427e+02
1.601562500000000000e+02
1.501736111111111143e+02
1.410590277777777715e+02
1.328125000000000000e+02
1.254340277777777715e+02
1.189236111111111143e+02
1.132812500000000000e+02
1.085069444444444429e+02
1.046006944444444429e+02
1.015625000000000000e+02
9.939236111111111427e+01
9.809027777777777146e+01
9.765625000000000000e+01
9.809027777777777146e+01
9.939236111111111427e+01
1.015625000000000000e+02
1.046006944444444429e+02
1.085069444444444571e+02
1.132812500000000000e+02
1.189236111111111143e+02
1.254340277777777857e+02
1.328125000000000000e+02
1.410590277777777999e+02
1.501736111111111427e+02
1.601562500000000000e+02
1.527777777777777715e+02
1.427951388888888857e+02
1.336805555555555429e+02
1.254340277777777715e+02
1.180555555555555429e+02
1.115451388888888857e+02
1.059027777777777715e+02
1.011284722222222143e+02
9.722222222222221433e+01
9.418402777777777146e+01
9.201388888888888573e+01
9.071180555555554292e+01
9.027777777777777146e+01
9.071180555555554292e+01
9.201388888888888573e+01
9.418402777777777146e+01
9.722222222222221433e+01
1.011284722222222285e+02
1.059027777777777715e+02
1.115451388888888857e+02
1.180555555555555571e+02
1.254340277777777715e+02
1.336805555555555713e+02
1.427951388888889142e+02
1.527777777777777715e+02
1.427951388888888857e+02
1.328125000000000000e+02
1.236979166666666572e+02
1.154513888888888857e+02
1.080729166666666572e+02
1.015624999999999858e+02
9.592013888888888573e+01
9.114583333333331439e+01
8.723958333333331439e+01
8.420138888888888573e+01
8.203124999999998579e+01
8.072916666666665719e+01
8.029513888888888573e+01
8.072916666666665719e+01
8.203125000000000000e+01
8.420138888888888573e+01
8.723958333333332860e+01
9.114583333333332860e+01
9.592013888888888573e+01
1.015625000000000000e+02
1.080729166666666572e+02
1.154513888888888857e+02
1.236979166666666856e+02
1.328125000000000000e+02
1.427951388888888857e+02
1.336805555555555429e+02
1.236979166666666572e+02
1.145833333333333428e+02
1.063368055555555571e+02
9.895833333333332860e+01
9.244791666666665719e+01
8.680555555555555713e+01
8.203125000000000000e+01
7.812500000000000000e+01
7.508680555555555713e+01
7.291666666666665719e+01
7.161458333333334281e+01
7.118055555555555713e+01
7.161458333333334281e+01
7.291666666666667140e+01
7.508680555555555713e+01
7.812500000000000000e+01
8.203125000000000000e+01
8.680555555555555713e+01
9.244791666666667140e+01
9.895833333333334281e+01
1.063368055555555571e+02
1.145833333333333570e+02
1.236979166666666856e+02
1.336805555555555429e+02
1.254340277777777715e+02
1.154513888888888857e+02
1.063368055555555571e+02
9.809027777777777146e+01
9.071180555555554292e+01
8.420138888888888573e+01
7.855902777777777146e+01
7.378472222222221433e+01
6.987847222222221433e+01
6.684027777777777146e+01
6.467013888888888573e+01
6.336805555555555003e+01
6.293402777777777146e+01
6.336805555555555003e+01
6.467013888888888573e+01
6.684027777777777146e+01
6.987847222222221433e+01
7.378472222222222854e+01
7.855902777777777146e+01
8.420138888888888573e+01
9.071180555555555713e+01
9.809027777777777146e+01
1.063368055555555713e+02
1.154513888888888999e+02
1.254340277777777715e+02
1.180555555555555429e+02
1.080729166666666572e+02
9.895833333333332860e+01
9.071180555555554292e+01
8.333333333333331439e+01
7.682291666666665719e+01
7.118055555555554292e+01
6.640624999999998579e+01
6.249999999999998579e+01
5.946180555555554292e+01
5.729166666666665719e+01
5.598958333333331439e+01
5.555555555555554292e+01
5.598958333333332149e+01
5.729166666666665719e+01
5.946180555555554292e+01
6.249999999999998579e+01
6.640625000000000000e+01
7.118055555555554292e+01
7.682291666666665719e+01
8.333333333333332860e+01
9.071180555555554292e+01
9.895833333333334281e+01
1.080729166666666714e+02
1.180555555555555429e+02
1.115451388888888857e+02
1.015624999999999858e+02
9.244791666666665719e+01
8.420138888888888573e+01
7.682291666666665719e+01
7.031249999999998579e+01
6.467013888888888573e+01
5.989583333333332149e+01
5.598958333333332149e+01
5.295138888888887863e+01
5.078124999999998579e+01
4.947916666666665719e+01
4.904513888888887863e+01
4.947916666666665719e+01
5.078124999999999289e+01
5.295138888888887863e+01
5.598958333333332860e+01
5.989583333333332860e+01
6.467013888888888573e+01
7.031250000000000000e+01
7.682291666666665719e+01
8.420138888888888573e+01
9.244791666666668561e+01
1.015625000000000000e+02
1.115451388888888857e+02
1.059027777777777715e+02
9.592013888888888573e+01
8.680555555555555713e+01
7.855902777777777146e+01
7.118055555555554292e+01
6.467013888888888573e+01
5.902777777777777146e+01
5.425347222222221433e+01
5.034722222222221433e+01
4.730902777777777146e+01
4.513888888888888573e+01
4.383680555555554292e+01
4.340277777777777146e+01
4.383680555555555003e+01
4.513888888888888573e+01
4.730902777777777146e+01
5.034722222222221433e+01
5.425347222222222143e+01
5.902777777777777146e+01
6.467013888888888573e+01
7.118055555555555713e+01
7.855902777777777146e+01
8.680555555555557135e+01
9.592013888888889994e+01
1.059027777777777715e+02
1.011284722222222143e+02
9.114583333333331439e+01
8.203125000000000000e+01
7.378472222222221433e+01
6.640624999999998579e+01
5.989583333333332149e+01
5.425347222222221433e+01
4.947916666666665719e+01
4.557291666666665719e+01
4.253472222222221433e+01
4.036458333333332860e+01
3.906249999999999289e+01
3.862847222222221433e+01
3.906249999999999289e+01
4.036458333333332860e+01
4.253472222222221433e+01
4.557291666666665719e+01
4.947916666666666430e+01
5.425347222222221433e+01
5.989583333333332860e+01
6.640625000000000000e+01
7.378472222222221433e+01
8.203125000000001421e+01
9.114583333333334281e+01
1.011284722222222143e+02
9.722222222222221433e+01
8.723958333333331439e+01
7.812500000000000000e+01
6.987847222222221433e+01
6.249999999999998579e+01
5.598958333333332149e+01
5.034722222222221433e+01
4.557291666666665719e+01
4.166666666666665719e+01
3.862847222222221433e+01
3.645833333333332860e+01
3.515624999999999289e+01
3.472222222222221433e+01
3.515624999999999289e+01
3.645833333333332860e+01
3.862847222222221433e+01
4.166666666666665719e+01
4.557291666666666430e+01
5.034722222222221433e+01
5.598958333333332860e+01
6.250000000000000000e+01
6.987847222222221433e+01
7.812500000000001421e+01
8.723958333333334281e+01
9.722222222222221433e+01
9.418402777777777146e+01
8.420138888888888573e+01
7.508680555555555713e+01
6.684027777777777146e+01
5.946180555555554292e+01
5.295138888888887863e+01
4.730902777777777146e+01
4.253472222222221433e+01
3.862847222222221433e+01
3.559027777777777146e+01
3.342013888888887863e+01
3.211805555555555003e+01
3.168402777777777146e+01
3.211805555555555003e+01
3.342013888888888573e+01
3.559027777777777146e+01
3.862847222222221433e+01
4.253472222222222143e+01
4.730902777777777146e+01
5.295138888888888573e+01
5.946180555555555713e+01
6.684027777777777146e+01
7.508680555555557135e+01
8.420138888888889994e+01
9.418402777777777146e+01
9.201388888888888573e+01
8.203124999999998579e+01
7.291666666666665719e+01
6.467013888888888573e+01
5.729166666666665719e+01
5.078124999999998579e+01
4.513888888888888573e+01
4.036458333333332860e+01
3.645833333333332860e+01
3.342013888888887863e+01
3.124999999999999289e+01
2.994791666666665719e+01
2.951388888888888218e+01
2.994791666666666075e+01
3.124999999999999289e+01
3.342013888888887863e+01
3.645833333333332860e+01
4.036458333333332860e+01
4.513888888888888573e+01
5.078125000000000000e+01
5.729166666666667140e+01
6.467013888888888573e+01
7.291666666666668561e+01
8.203125000000000000e+01
9.201388888888888573e+01
9.071180555555554292e+01
8.072916666666665719e+01
7.161458333333334281e+01
6.336805555555555003e+01
5.598958333333331439e+01
4.947916666666665719e+01
4.383680555555554292e+01
3.906249999999999289e+01
3.515624999999999289e+01
3.211805555555555003e+01
2.994791666666665719e+01
2.864583333333332504e+01
2.821180555555554648e+01
2.864583333333332504e+01
2.994791666666666075e+01
3.211805555555555003e+01
3.515624999999999289e+01
3.906250000000000000e+01
4.383680555555554292e+01
4.947916666666665719e+01
5.598958333333332860e+01
6.336805555555555003e+01
7.161458333333334281e+01
8.072916666666668561e+01
9.071180555555554292e+01
9.027777777777777146e+01
8.029513888888888573e+01
7.118055555555555713e+01
6.293402777777777146e+01
5.555555555555554292e+01
4.904513888888887863e+01
4.340277777777777146e+01
3.862847222222221433e+01
3.472222222222221433e+01
3.168402777777777146e+01
2.951388888888888218e+01
2.821180555555554648e+01
2.777777777777777146e+01
2.821180555555555003e+01
2.951388888888888573e+01
3.168402777777777146e+01
3.472222222222221433e+01
3.862847222222222143e+01
4.340277777777777146e+01
4.904513888888888573e+01
5.555555555555555713e+01
6.293402777777777146e+01
7.118055555555557135e+01
8.029513888888889994e+01
9.027777777777777146e+01
9.071180555555554292e+01
8.072916666666665719e+01
7.161458333333334281e+01
6.336805555555555003e+01
5.598958333333332149e+01
4.947916666666665719e+01
4.383680555555555003e+01
3.906249999999999289e+01
3.515624999999999289e+01
3.211805555555555003e+01
2.994791666666666075e+01
2.864583333333332504e+01
2.821180555555555003e+01
2.864583333333332860e+01
2.994791666666666430e+01
3.211805555555555003e+01
3.515625000000000000e+01
3.906250000000000000e+01
4.383680555555555003e+01
4.947916666666666430e+01
5.598958333333333570e+01
6.336805555555555003e+01
7.161458333333334281e+01
8.072916666666668561e+01
9.071180555555554292e+01
9.201388888888888573e+01
8.203125000000000000e+01
7.291666666666667140e+01
6.467013888888888573e+01
5.729166666666665719e+01
5.078124999999999289e+01
4.513888888888888573e+01
4.036458333333332860e+01
3.645833333333332860e+01
3.342013888888888573e+01
3.124999999999999289e+01
2.994791666666666075e+01
2.951388888888888573e+01
2.994791666666666430e+01
3.125000000000000000e+01
3.342013888888888573e+01
3.645833333333332860e+01
4.036458333333333570e+01
4.513888888888888573e+01
5.078125000000000000e+01
5.729166666666667140e+01
6.467013888888888573e+01
7.291666666666668561e+01
8.203125000000001421e+01
9.201388888888888573e+01
9.418402777777777146e+01
8.420138888888888573e+01
7.508680555555555713e+01
6.684027777777777146e+01
5.946180555555554292e+01
5.295138888888887863e+01
4.730902777777777146e+01
4.253472222222221433e+01
3.862847222222221433e+01
3.559027777777777146e+01
3.342013888888887863e+01
3.211805555555555003e+01
3.168402777777777146e+01
3.211805555555555003e+01
3.342013888888888573e+01
3.559027777777777146e+01
3.862847222222221433e+01
4.253472222222222143e+01
4.730902777777777146e+01
5.295138888888888573e+01
5.946180555555555713e+01
6.684027777777777146e+01
7.508680555555557135e+01
8.420138888888889994e+01
9.418402777777777146e+01
9.722222222222221433e+01
8.723958333333332860e+01
7.812500000000000000e+01
6.987847222222221433e+01
6.249999999999998579e+01
5.598958333333332860e+01
5.034722222222221433e+01
4.557291666666665719e+01
4.166666666666665719e+01
3.862847222222221433e+01
3.645833333333332860e+01
3.515624999999999289e+01
3.472222222222221433e+01
3.515625000000000000e+01
3.645833333333332860e+01
3.862847222222221433e+01
4.166666666666666430e+01
4.557291666666667140e+01
5.034722222222221433e+01
5.598958333333332860e+01
6.250000000000000000e+01
6.987847222222221433e+01
7.812500000000001421e+01
8.723958333333334281e+01
9.722222222222221433e+01
1.011284722222222285e+02
9.114583333333332860e+01
8.203125000000000000e+01
7.378472222222222854e+01
6.640625000000000000e+01
5.989583333333332860e+01
5.425347222222222143e+01
4.947916666666666430e+01
4.557291666666666430e+01
4.253472222222222143e+01
4.036458333333332860e+01
3.906250000000000000e+01
3.862847222222222143e+01
3.906250000000000000e+01
4.036458333333333570e+01
4.253472222222222143e+01
4.557291666666667140e+01
4.947916666666667140e+01
5.425347222222222143e+01
5.989583333333333570e+01
6.640625000000000000e+01
7.378472222222222854e+01
8.203125000000002842e+01
9.114583333333334281e+01
1.011284722222222285e+02
1.059027777777777715e+02
9.592013888888888573e+01
8.680555555555555713e+01
7.855902777777777146e+01
7.118055555555554292e+01
6.467013888888888573e+01
5.902777777777777146e+01
5.425347222222221433e+01
5.034722222222221433e+01
4.730902777777777146e+01
4.513888888888888573e+01
4.383680555555554292e+01
4.340277777777777146e+01
4.383680555555555003e+01
4.513888888888888573e+01
4.730902777777777146e+01
5.034722222222221433e+01
5.425347222222222143e+01
5.902777777777777146e+01
6.467013888888888573e+01
7.118055555555555713e+01
7.855902777777777146e+01
8.680555555555557135e+01
9.592013888888889994e+01
1.059027777777777715e+02
1.115451388888888857e+02
1.015625000000000000e+02
9.244791666666667140e+01
8.420138888888888573e+01
7.682291666666665719e+01
7.031250000000000000e+01
6.467013888888888573e+01
5.989583333333332860e+01
5.598958333333332860e+01
5.295138888888888573e+01
5.078125000000000000e+01
4.947916666666665719e+01
4.904513888888888573e+01
4.947916666666666430e+01
5.078125000000000000e+01
5.295138888888888573e+01
5.598958333333332860e+01
5.989583333333333570e+01
6.467013888888888573e+01
7.031250000000000000e+01
7.682291666666667140e+01
8.420138888888888573e+01
9.244791666666668561e+01
1.015625000000000142e+02
1.115451388888888857e+02
1.180555555555555571e+02
1.080729166666666572e+02
9.895833333333334281e+01
9.071180555555555713e+01
8.333333333333332860e+01
7.682291666666665719e+01
7.118055555555555713e+01
6.640625000000000000e+01
6.250000000000000000e+01
5.946180555555555713e+01
5.729166666666667140e+01
5.598958333333332860e+01
5.555555555555555713e+01
5.598958333333333570e+01
5.729166666666667140e+01
5.946180555555555713e+01
6.250000000000000000e+01
6.640625000000000000e+01
7.118055555555555713e+01
7.682291666666667140e+01
8.333333333333334281e+01
9.071180555555555713e+01
9.895833333333335702e+01
1.080729166666666856e+02
1.180555555555555571e+02
1.254340277777777715e+02
1.154513888888888857e+02
1.063368055555555571e+02
9.809027777777777146e+01
9.071180555555554292e+01
8.420138888888888573e+01
7.855902777777777146e+01
7.378472222222221433e+01
6.987847222222221433e+01
6.684027777777777146e+01
6.467013888888888573e+01
6.336805555555555003e+01
6.293402777777777146e+01
6.336805555555555003e+01
6.467013888888888573e+01
6.684027777777777146e+01
6.987847222222221433e+01
7.378472222222222854e+01
7.855902777777777146e+01
8.420138888888888573e+01
9.071180555555555713e+01
9.809027777777777146e+01
1.063368055555555713e+02
1.154513888888888999e+02
1.254340277777777715e+02
1.336805555555555713e+02
1.236979166666666856e+02
1.145833333333333570e+02
1.063368055555555713e+02
9.895833333333334281e+01
9.244791666666668561e+01
8.680555555555557135e+01
8.203125000000001421e+01
7.812500000000001421e+01
7.508680555555557135e+01
7.291666666666668561e+01
7.161458333333334281e+01
7.118055555555557135e+01
7.161458333333334281e+01
7.291666666666668561e+01
7.508680555555557135e+01
7.812500000000001421e+01
8.203125000000002842e+01
8.680555555555557135e+01
9.244791666666668561e+01
9.895833333333335702e+01
1.063368055555555713e+02
1.145833333333333712e+02
1.236979166666666998e+02
1.336805555555555713e+02
1.427951388888889142e+02
1.328125000000000000e+02
1.236979166666666856e+02
1.154513888888888999e+02
1.080729166666666714e+02
1.015625000000000000e+02
9.592013888888889994e+01
9.114583333333334281e+01
8.723958333333334281e+01
8.420138888888889994e+01
8.203125000000000000e+01
8.072916666666668561e+01
8.029513888888889994e+01
8.072916666666668561e+01
8.203125000000001421e+01
8.420138888888889994e+01
8.723958333333334281e+01
9.114583333333334281e+01
9.592013888888889994e+01
1.015625000000000142e+02
1.080729166666666856e+02
1.154513888888888999e+02
1.236979166666666998e+02
1.328125000000000284e+02
1.427951388888889142e+02
1.527777777777777715e+02
1.427951388888888857e+02
1.336805555555555429e+02
1.254340277777777715e+02
1.180555555555555429e+02
1.115451388888888857e+02
1.059027777777777715e+02
1.011284722222222143e+02
9.722222222222221433e+01
9.418402777777777146e+01
9.201388888888888573e+01
9.071180555555554292e+01
9.027777777777777146e+01
9.071180555555554292e+01
9.201388888888888573e+01
9.418402777777777146e+01
9.722222222222221433e+01
1.011284722222222285e+02
1.059027777777777715e+02
1.115451388888888857e+02
1.180555555555555571e+02
1.254340277777777715e+02
1.336805555555555713e+02
1.427951388888889142e+02
1.527777777777777715e+02
1.462673611111111143e+02
1.362847222222222285e+02
1.271701388888888857e+02
1.189236111111111143e+02
1.115451388888888857e+02
1.050347222222222285e+02
9.939236111111111427e+01
9.461805555555554292e+01
9.071180555555554292e+01
8.767361111111111427e+01
8.550347222222222854e+01
8.420138888888888573e+01
8.376736111111111427e+01
8.420138888888888573e+01
8.550347222222222854e+01
8.767361111111111427e+01
9.071180555555554292e+01
9.461805555555557135e+01
9.939236111111111427e+01
1.050347222222222285e+02
1.115451388888888857e+02
1.189236111111111143e+02
1.271701388888889142e+02
1.362847222222222285e+02
1.462673611111111143e+02
1.362847222222222285e+02
1.263020833333333144e+02
1.171875000000000000e+02
1.089409722222222285e+02
1.015625000000000000e+02
9.505208333333331439e+01
8.940972222222222854e+01
8.463541666666665719e+01
8.072916666666665719e+01
7.769097222222221433e+01
7.552083333333331439e+01
7.421875000000000000e+01
7.378472222222221433e+01
7.421875000000000000e+01
7.552083333333332860e+01
7.769097222222221433e+01
8.072916666666665719e+01
8.463541666666665719e+01
8.940972222222222854e+01
9.505208333333334281e+01
1.015625000000000000e+02
1.089409722222222285e+02
1.171875000000000284e+02
1.263020833333333428e+02
1.362847222222222285e+02
1.271701388888888857e+02
1.171875000000000000e+02
1.080729166666666856e+02
9.982638888888888573e+01
9.244791666666665719e+01
8.593750000000000000e+01
8.029513888888888573e+01
7.552083333333334281e+01
7.161458333333334281e+01
6.857638888888888573e+01
6.640625000000000000e+01
6.510416666666667140e+01
6.467013888888888573e+01
6.510416666666667140e+01
6.640625000000000000e+01
6.857638888888888573e+01
7.161458333333334281e+01
7.552083333333334281e+01
8.029513888888888573e+01
8.593750000000000000e+01
9.244791666666668561e+01
9.982638888888888573e+01
1.080729166666666856e+02
1.171875000000000284e+02
1.271701388888888857e+02
1.189236111111111143e+02
1.089409722222222285e+02
9.982638888888888573e+01
9.157986111111111427e+01
8.420138888888888573e+01
7.769097222222221433e+01
7.204861111111111427e+01
6.727430555555554292e+01
6.336805555555555003e+01
6.032986111111110716e+01
5.815972222222221433e+01
5.685763888888888573e+01
5.642361111111110716e+01
5.685763888888888573e+01
5.815972222222222143e+01
6.032986111111110716e+01
6.336805555555555003e+01
6.727430555555555713e+01
7.204861111111111427e+01
7.769097222222222854e+01
8.420138888888888573e+01
9.157986111111111427e+01
9.982638888888891415e+01
1.089409722222222285e+02
1.189236111111111143e+02
1.115451388888888857e+02
1.015625000000000000e+02
9.244791666666665719e+01
8.420138888888888573e+01
7.682291666666665719e+01
7.031249999999998579e+01
6.467013888888888573e+01
5.989583333333332149e+01
5.598958333333332149e+01
5.295138888888887863e+01
5.078124999999998579e+01
4.947916666666665719e+01
4.904513888888887863e+01
4.947916666666665719e+01
5.078124999999999289e+01
5.295138888888887863e+01
5.598958333333332149e+01
5.989583333333332860e+01
6.467013888888888573e+01
7.031250000000000000e+01
7.682291666666665719e+01
8.420138888888888573e+01
9.244791666666668561e+01
1.015625000000000000e+02
1.115451388888888857e+02
1.050347222222222285e+02
9.505208333333331439e+01
8.593750000000000000e+01
7.769097222222221433e+01
7.031249999999998579e+01
6.380208333333332149e+01
5.815972222222221433e+01
5.338541666666665719e+01
4.947916666666665719e+01
4.644097222222221433e+01
4.427083333333332860e+01
4.296874999999998579e+01
4.253472222222221433e+01
4.296874999999999289e+01
4.427083333333332860e+01
4.644097222222221433e+01
4.947916666666665719e+01
5.338541666666666430e+01
5.815972222222221433e+01
6.380208333333332860e+01
7.031250000000000000e+01
7.769097222222221433e+01
8.593750000000002842e+01
9.505208333333334281e+01
1.050347222222222285e+02
9.939236111111111427e+01
8.940972222222222854e+01
8.029513888888888573e+01
7.204861111111111427e+01
6.467013888888888573e+01
5.815972222222221433e+01
5.251736111111110716e+01
4.774305555555555003e+01
4.383680555555555003e+01
4.079861111111110716e+01
3.862847222222221433e+01
3.732638888888888573e+01
3.689236111111110716e+01
3.732638888888888573e+01
3.862847222222222143e+01
4.079861111111110716e+01
4.383680555555555713e+01
4.774305555555555713e+01
5.251736111111110716e+01
5.815972222222222143e+01
6.467013888888888573e+01
7.204861111111111427e+01
8.029513888888891415e+01
8.940972222222222854e+01
9.939236111111111427e+01
9.461805555555554292e+01
8.463541666666665719e+01
7.552083333333334281e+01
6.727430555555554292e+01
5.989583333333332149e+01
5.338541666666665719e+01
4.774305555555555003e+01
4.296874999999999289e+01
3.906249999999999289e+01
3.602430555555555003e+01
3.385416666666665719e+01
3.255208333333332860e+01
3.211805555555555003e+01
3.255208333333332860e+01
3.385416666666666430e+01
3.602430555555555003e+01
3.906250000000000000e+01
4.296875000000000000e+01
4.774305555555555003e+01
5.338541666666666430e+01
5.989583333333333570e+01
6.727430555555554292e+01
7.552083333333334281e+01
8.463541666666668561e+01
9.461805555555554292e+01
9.071180555555554292e+01
8.072916666666665719e+01
7.161458333333334281e+01
6.336805555555555003e+01
5.598958333333332149e+01
4.947916666666665719e+01
4.383680555555555003e+01
3.906249999999999289e+01
3.515624999999999289e+01
3.211805555555555003e+01
2.994791666666666075e+01
2.864583333333332860e+01
2.821180555555555003e+01
2.864583333333332860e+01
2.994791666666666430e+01
3.211805555555555003e+01
3.515625000000000000e+01
3.906250000000000000e+01
4.383680555555555003e+01
4.947916666666666430e+01
5.598958333333333570e+01
6.336805555555555003e+01
7.161458333333334281e+01
8.072916666666668561e+01
9.071180555555554292e+01
8.767361111111111427e+01
7.769097222222221433e+01
6.857638888888888573e+01
6.032986111111110716e+01
5.295138888888887863e+01
4.644097222222221433e+01
4.079861111111110716e+01
3.602430555555555003e+01
3.211805555555555003e+01
2.907986111111110716e+01
2.690972222222221788e+01
2.560763888888888573e+01
2.517361111111110716e+01
2.560763888888888573e+01
2.690972222222222143e+01
2.907986111111110716e+01
3.211805555555555713e+01
3.602430555555555713e+01
4.079861111111110716e+01
4.644097222222222143e+01
5.295138888888889284e+01
6.032986111111110716e+01
6.857638888888891415e+01
7.769097222222222854e+01
8.767361111111111427e+01
8.550347222222222854e+01
7.552083333333331439e+01
6.640625000000000000e+01
5.815972222222221433e+01
5.078124999999998579e+01
4.427083333333332860e+01
3.862847222222221433e+01
3.385416666666665719e+01
2.994791666666666075e+01
2.690972222222221788e+01
2.473958333333332860e+01
2.343749999999999289e+01
2.300347222222221788e+01
2.343749999999999645e+01
2.473958333333332860e+01
2.690972222222221788e+01
2.994791666666666430e+01
3.385416666666667140e+01
3.862847222222221433e+01
4.427083333333332860e+01
5.078125000000000000e+01
5.815972222222221433e+01
6.640625000000001421e+01
7.552083333333334281e+01
8.550347222222222854e+01
8.420138888888888573e+01
7.421875000000000000e+01
6.510416666666667140e+01
5.685763888888888573e+01
4.947916666666665719e+01
4.296874999999998579e+01
3.732638888888888573e+01
3.255208333333332860e+01
2.864583333333332860e+01
2.560763888888888573e+01
2.343749999999999289e+01
2.213541666666666075e+01
2.170138888888888218e+01
2.213541666666666075e+01
2.343749999999999645e+01
2.560763888888888573e+01
2.864583333333332860e+01
3.255208333333333570e+01
3.732638888888888573e+01
4.296875000000000000e+01
4.947916666666667140e+01
5.685763888888888573e+01
6.510416666666668561e+01
7.421875000000001421e+01
8.420138888888888573e+01
8.376736111111111427e+01
7.378472222222221433e+01
6.467013888888888573e+01
5.642361111111110716e+01
4.904513888888887863e+01
4.253472222222221433e+01
3.689236111111110716e+01
3.211805555555555003e+01
2.821180555555555003e+01
2.517361111111110716e+01
2.300347222222221788e+01
2.170138888888888218e+01
2.126736111111110716e+01
2.170138888888888573e+01
2.300347222222222143e+01
2.517361111111110716e+01
2.821180555555555358e+01
3.211805555555555713e+01
3.689236111111110716e+01
4.253472222222222143e+01
4.904513888888889284e+01
5.642361111111110716e+01
6.467013888888891415e+01
7.378472222222222854e+01
8.376736111111111427e+01
8.420138888888888573e+01
7.421875000000000000e+01
6.510416666666667140e+01
5.685763888888888573e+01
4.947916666666665719e+01
4.296874999999999289e+01
3.732638888888888573e+01
3.255208333333332860e+01
2.864583333333332860e+01
2.560763888888888573e+01
2.343749999999999645e+01
2.213541666666666075e+01
2.170138888888888573e+01
2.213541666666666430e+01
2.343750000000000000e+01
2.560763888888888573e+01
2.864583333333333215e+01
3.255208333333333570e+01
3.732638888888888573e+01
4.296875000000000000e+01
4.947916666666667140e+01
5.685763888888888573e+01
6.510416666666668561e+01
7.421875000000001421e+01
8.420138888888888573e+01
8.550347222222222854e+01
7.552083333333332860e+01
6.640625000000000000e+01
5.815972222222222143e+01
5.078124999999999289e+01
4.427083333333332860e+01
3.862847222222222143e+01
3.385416666666666430e+01
2.994791666666666430e+01
2.690972222222222143e+01
2.473958333333332860e+01
2.343749999999999645e+01
2.300347222222222143e+01
2.343750000000000000e+01
2.473958333333333570e+01
2.690972222222222143e+01
2.994791666666666785e+01
3.385416666666667140e+01
3.862847222222222143e+01
4.427083333333333570e+01
5.078125000000000711e+01
5.815972222222222143e+01
6.640625000000002842e+01
7.552083333333334281e+01
8.550347222222222854e+01
8.767361111111111427e+01
7.769097222222221433e+01
6.857638888888888573e+01
6.032986111111110716e+01
5.295138888888887863e+01
4.644097222222221433e+01
4.079861111111110716e+01
3.602430555555555003e+01
3.211805555555555003e+01
2.907986111111110716e+01
2.690972222222221788e+01
2.560763888888888573e+01
2.517361111111110716e+01
2.560763888888888573e+01
2.690972222222222143e+01
2.907986111111110716e+01
3.211805555555555713e+01
3.602430555555555713e+01
4.079861111111110716e+01
4.644097222222222143e+01
5.295138888888889284e+01
6.032986111111110716e+01
6.857638888888891415e+01
7.769097222222222854e+01
8.767361111111111427e+01
9.071180555555554292e+01
8.072916666666665719e+01
7.161458333333334281e+01
6.336805555555555003e+01
5.598958333333332149e+01
4.947916666666665719e+01
4.383680555555555713e+01
3.906250000000000000e+01
3.515625000000000000e+01
3.211805555555555713e+01
2.994791666666666430e+01
2.864583333333332860e+01
2.821180555555555358e+01
2.864583333333333215e+01
2.994791666666666785e+01
3.211805555555555713e+01
3.515625000000000000e+01
3.906250000000000000e+01
4.383680555555555713e+01
4.947916666666667140e+01
5.598958333333333570e+01
6.336805555555555003e+01
7.161458333333334281e+01
8.072916666666668561e+01
9.071180555555554292e+01
9.461805555555557135e+01
8.463541666666665719e+01
7.552083333333334281e+01
6.727430555555555713e+01
5.989583333333332860e+01
5.338541666666666430e+01
4.774305555555555713e+01
4.296875000000000000e+01
3.906250000000000000e+01
3.602430555555555713e+01
3.385416666666667140e+01
3.255208333333333570e+01
3.211805555555555713e+01
3.255208333333333570e+01
3.385416666666667140e+01
3.602430555555555713e+01
3.906250000000000000e+01
4.296875000000000711e+01
4.774305555555555713e+01
5.338541666666667140e+01
5.989583333333334281e+01
6.727430555555555713e+01
7.552083333333335702e+01
8.463541666666668561e+01
9.461805555555557135e+01
9.939236111111111427e+01
8.940972222222222854e+01
8.029513888888888573e+01
7.204861111111111427e+01
6.467013888888888573e+01
5.815972222222221433e+01
5.251736111111110716e+01
4.774305555555555003e+01
4.383680555555555003e+01
4.079861111111110716e+01
3.862847222222221433e+01
3.732638888888888573e+01
3.689236111111110716e+01
3.732638888888888573e+01
3.862847222222222143e+01
4.079861111111110716e+01
4.383680555555555713e+01
4.774305555555555713e+01
5.251736111111110716e+01
5.815972222222222143e+01
6.467013888888888573e+01
7.204861111111111427e+01
8.029513888888891415e+01
8.940972222222222854e+01
9.939236111111111427e+01
1.050347222222222285e+02
9.505208333333334281e+01
8.593750000000000000e+01
7.769097222222222854e+01
7.031250000000000000e+01
6.380208333333332860e+01
5.815972222222222143e+01
5.338541666666666430e+01
4.947916666666666430e+01
4.644097222222222143e+01
4.427083333333332860e+01
4.296875000000000000e+01
4.253472222222222143e+01
4.296875000000000000e+01
4.427083333333333570e+01
4.644097222222222143e+01
4.947916666666667140e+01
5.338541666666667140e+01
5.815972222222222143e+01
6.380208333333333570e+01
7.031250000000000000e+01
7.769097222222222854e+01
8.593750000000002842e+01
9.505208333333334281e+01
1.050347222222222285e+02
1.115451388888888857e+02
1.015625000000000000e+02
9.244791666666668561e+01
8.420138888888888573e+01
7.682291666666665719e+01
7.031250000000000000e+01
6.467013888888888573e+01
5.989583333333333570e+01
5.598958333333333570e+01
5.295138888888889284e+01
5.078125000000000000e+01
4.947916666666667140e+01
4.904513888888889284e+01
4.947916666666667140e+01
5.078125000000000711e+01
5.295138888888889284e+01
5.598958333333333570e+01
5.989583333333334281e+01
6.467013888888888573e+01
7.031250000000000000e+01
7.682291666666668561e+01
8.420138888888888573e+01
9.244791666666668561e+01
1.015625000000000284e+02
1.115451388888888857e+02
1.189236111111111143e+02
1.089409722222222285e+02
9.982638888888888573e+01
9.157986111111111427e+01
8.420138888888888573e+01
7.769097222222221433e+01
7.204861111111111427e+01
6.727430555555554292e+01
6.336805555555555003e+01
6.032986111111110716e+01
5.815972222222221433e+01
5.685763888888888573e+01
5.642361111111110716e+01
5.685763888888888573e+01
5.815972222222222143e+01
6.032986111111110716e+01
6.336805555555555003e+01
6.727430555555555713e+01
7.204861111111111427e+01
7.769097222222222854e+01
8.420138888888888573e+01
9.157986111111111427e+01
9.982638888888891415e+01
1.089409722222222285e+02
1.189236111111111143e+02
1.271701388888889142e+02
1.171875000000000284e+02
1.080729166666666856e+02
9.982638888888891415e+01
9.244791666666668561e+01
8.593750000000002842e+01
8.029513888888891415e+01
7.552083333333334281e+01
7.161458333333334281e+01
6.857638888888891415e+01
6.640625000000001421e+01
6.510416666666668561e+01
6.467013888888891415e+01
6.510416666666668561e+01
6.640625000000002842e+01
6.857638888888891415e+01
7.161458333333334281e+01
7.552083333333335702e+01
8.029513888888891415e+01
8.593750000000002842e+01
9.244791666666668561e+01
9.982638888888891415e+01
1.080729166666667140e+02
1.171875000000000284e+02
1.271701388888889142e+02
1.362847222222222285e+02
1.263020833333333428e+02
1.171875000000000284e+02
1.089409722222222285e+02
1.015625000000000000e+02
9.505208333333334281e+01
8.940972222222222854e+01
8.463541666666668561e+01
8.072916666666668561e+01
7.769097222222222854e+01
7.552083333333334281e+01
7.421875000000001421e+01
7.378472222222222854e+01
7.421875000000001421e+01
7.552083333333334281e+01
7.769097222222222854e+01
8.072916666666668561e+01
8.463541666666668561e+01
8.940972222222222854e+01
9.505208333333334281e+01
1.015625000000000284e+02
1.089409722222222285e+02
1.171875000000000284e+02
1.263020833333333712e+02
1.362847222222222285e+02
1.462673611111111143e+02
1.362847222222222285e+02
1.271701388888888857e+02
1.189236111111111143e+02
1.115451388888888857e+02
1.050347222222222285e+02
9.939236111111111427e+01
9.461805555555554292e+01
9.071180555555554292e+01
8.767361111111111427e+01
8.550347222222222854e+01
8.420138888888888573e+01
8.376736111111111427e+01
8.420138888888888573e+01
8.550347222222222854e+01
8.767361111111111427e+01
9.071180555555554292e+01
9.461805555555557135e+01
9.939236111111111427e+01
1.050347222222222285e+02
1.115451388888888857e+02
1.189236111111111143e+02
1.271701388888889142e+02
1.362847222222222285e+02
1.462673611111111143e+02
1.406250000000000000e+02
1.306423611111111143e+02
1.215277777777777857e+02
1.132812500000000000e+02
1.059027777777777715e+02
9.939236111111111427e+01
9.375000000000000000e+01
8.897569444444444287e+01
8.506944444444444287e+01
8.203125000000000000e+01
7.986111111111111427e+01
7.855902777777777146e+01
7.812500000000000000e+01
7.855902777777777146e+01
7.986111111111111427e+01
8.203125000000000000e+01
8.506944444444444287e+01
8.897569444444445708e+01
9.375000000000000000e+01
9.939236111111111427e+01
1.059027777777777857e+02
1.132812500000000000e+02
1.215277777777777999e+02
1.306423611111111427e+02
1.406250000000000000e+02
1.306423611111111143e+02
1.206597222222222143e+02
1.115451388888888857e+02
1.032986111111111143e+02
9.592013888888888573e+01
8.940972222222221433e+01
8.376736111111111427e+01
7.899305555555554292e+01
7.508680555555554292e+01
7.204861111111111427e+01
6.987847222222221433e+01
6.857638888888888573e+01
6.814236111111111427e+01
6.857638888888888573e+01
6.987847222222222854e+01
7.204861111111111427e+01
7.508680555555555713e+01
7.899305555555555713e+01
8.376736111111111427e+01
8.940972222222222854e+01
9.592013888888888573e+01
1.032986111111111143e+02
1.115451388888889142e+02
1.206597222222222285e+02
1.306423611111111143e+02
1.215277777777777857e+02
1.115451388888888857e+02
1.024305555555555713e+02
9.418402777777778567e+01
8.680555555555555713e+01
8.029513888888888573e+01
7.465277777777778567e+01
6.987847222222222854e+01
6.597222222222222854e+01
6.293402777777778567e+01
6.076388888888889284e+01
5.946180555555556424e+01
5.902777777777778567e+01
5.946180555555556424e+01
6.076388888888889994e+01
6.293402777777778567e+01
6.597222222222222854e+01
6.987847222222222854e+01
7.465277777777778567e+01
8.029513888888889994e+01
8.680555555555557135e+01
9.418402777777778567e+01
1.024305555555555856e+02
1.115451388888889142e+02
1.215277777777777857e+02
1.132812500000000000e+02
1.032986111111111143e+02
9.418402777777778567e+01
8.593750000000000000e+01
7.855902777777777146e+01
7.204861111111111427e+01
6.640625000000000000e+01
6.163194444444444287e+01
5.772569444444444287e+01
5.468750000000000000e+01
5.251736111111110716e+01
5.121527777777777857e+01
5.078125000000000000e+01
5.121527777777777857e+01
5.251736111111111427e+01
5.468750000000000000e+01
5.772569444444444287e+01
6.163194444444444997e+01
6.640625000000000000e+01
7.204861111111111427e+01
7.855902777777778567e+01
8.593750000000000000e+01
9.418402777777779988e+01
1.032986111111111285e+02
1.132812500000000000e+02
1.059027777777777715e+02
9.592013888888888573e+01
8.680555555555555713e+01
7.855902777777777146e+01
7.118055555555554292e+01
6.467013888888888573e+01
5.902777777777777146e+01
5.425347222222221433e+01
5.034722222222221433e+01
4.730902777777777146e+01
4.513888888888888573e+01
4.383680555555554292e+01
4.340277777777777146e+01
4.383680555555555003e+01
4.513888888888888573e+01
4.730902777777777146e+01
5.034722222222221433e+01
5.425347222222222143e+01
5.902777777777777146e+01
6.467013888888888573e+01
7.118055555555555713e+01
7.855902777777777146e+01
8.680555555555557135e+01
9.592013888888889994e+01
1.059027777777777715e+02
9.939236111111111427e+01
8.940972222222221433e+01
8.029513888888888573e+01
7.204861111111111427e+01
6.467013888888888573e+01
5.815972222222221433e+01
5.251736111111110716e+01
4.774305555555555003e+01
4.383680555555555003e+01
4.079861111111110716e+01
3.862847222222221433e+01
3.732638888888888573e+01
3.689236111111110716e+01
3.732638888888888573e+01
3.862847222222222143e+01
4.079861111111110716e+01
4.383680555555555713e+01
4.774305555555555713e+01
5.251736111111110716e+01
5.815972222222222143e+01
6.467013888888888573e+01
7.204861111111111427e+01
8.029513888888891415e+01
8.940972222222222854e+01
9.939236111111111427e+01
9.375000000000000000e+01
8.376736111111111427e+01
7.465277777777778567e+01
6.640625000000000000e+01
5.902777777777777146e+01
5.251736111111110716e+01
4.687500000000000000e+01
4.210069444444444287e+01
3.819444444444444287e+01
3.515625000000000000e+01
3.298611111111111427e+01
3.168402777777777501e+01
3.125000000000000000e+01
3.168402777777777857e+01
3.298611111111111427e+01
3.515625000000000000e+01
3.819444444444444287e+01
4.210069444444444997e+01
4.687500000000000000e+01
5.251736111111111427e+01
5.902777777777778567e+01
6.640625000000000000e+01
7.465277777777779988e+01
8.376736111111112848e+01
9.375000000000000000e+01
8.897569444444444287e+01
7.899305555555554292e+01
6.987847222222222854e+01
6.163194444444444287e+01
5.425347222222221433e+01
4.774305555555555003e+01
4.210069444444444287e+01
3.732638888888888573e+01
3.342013888888888573e+01
3.038194444444444287e+01
2.821180555555555358e+01
2.690972222222222143e+01
2.647569444444444287e+01
2.690972222222222143e+01
2.821180555555555713e+01
3.038194444444444287e+01
3.342013888888888573e+01
3.732638888888889284e+01
4.210069444444444287e+01
4.774305555555555713e+01
5.425347222222222854e+01
6.163194444444444287e+01
6.987847222222224275e+01
7.899305555555557135e+01
8.897569444444444287e+01
8.506944444444444287e+01
7.508680555555554292e+01
6.597222222222222854e+01
5.772569444444444287e+01
5.034722222222221433e+01
4.383680555555555003e+01
3.819444444444444287e+01
3.342013888888888573e+01
2.951388888888888573e+01
2.647569444444444287e+01
2.430555555555555358e+01
2.300347222222222143e+01
2.256944444444444287e+01
2.300347222222222143e+01
2.430555555555555713e+01
2.647569444444444287e+01
2.951388888888888928e+01
3.342013888888889284e+01
3.819444444444444287e+01
4.383680555555555713e+01
5.034722222222222854e+01
5.772569444444444287e+01
6.597222222222224275e+01
7.508680555555557135e+01
8.506944444444444287e+01
8.203125000000000000e+01
7.204861111111111427e+01
6.293402777777778567e+01
5.468750000000000000e+01
4.730902777777777146e+01
4.079861111111110716e+01
3.515625000000000000e+01
3.038194444444444287e+01
2.647569444444444287e+01
2.343750000000000000e+01
2.126736111111111072e+01
1.996527777777777857e+01
1.953125000000000000e+01
1.996527777777777857e+01
2.126736111111111427e+01
2.343750000000000000e+01
2.647569444444444642e+01
3.038194444444444997e+01
3.515625000000000000e+01
4.079861111111111427e+01
4.730902777777778567e+01
5.468750000000000000e+01
6.293402777777779988e+01
7.204861111111112848e+01
8.203125000000000000e+01
7.986111111111111427e+01
6.987847222222221433e+01
6.076388888888889284e+01
5.251736111111110716e+01
4.513888888888888573e+01
3.862847222222221433e+01
3.298611111111111427e+01
2.821180555555555358e+01
2.430555555555555358e+01
2.126736111111111072e+01
1.909722222222222143e+01
1.779513888888888573e+01
1.736111111111111072e+01
1.779513888888888928e+01
1.909722222222222143e+01
2.126736111111111072e+01
2.430555555555555713e+01
2.821180555555556069e+01
3.298611111111111427e+01
3.862847222222222854e+01
4.513888888888889994e+01
5.251736111111110716e+01
6.076388888888890705e+01
6.987847222222222854e+01
7.986111111111111427e+01
7.855902777777777146e+01
6.857638888888888573e+01
5.946180555555556424e+01
5.121527777777777857e+01
4.383680555555554292e+01
3.732638888888888573e+01
3.168402777777777501e+01
2.690972222222222143e+01
2.300347222222222143e+01
1.996527777777777857e+01
1.779513888888888573e+01
1.649305555555555358e+01
1.605902777777777501e+01
1.649305555555555358e+01
1.779513888888888928e+01
1.996527777777777857e+01
2.300347222222222143e+01
2.690972222222222854e+01
3.168402777777777501e+01
3.732638888888888573e+01
4.383680555555555713e+01
5.121527777777777857e+01
5.946180555555557845e+01
6.857638888888891415e+01
7.855902777777777146e+01
7.812500000000000000e+01
6.814236111111111427e+01
5.902777777777778567e+01
5.078125000000000000e+01
4.340277777777777146e+01
3.689236111111110716e+01
3.125000000000000000e+01
2.647569444444444287e+01
2.256944444444444287e+01
1.953125000000000000e+01
1.736111111111111072e+01
1.605902777777777501e+01
1.562500000000000000e+01
1.605902777777777857e+01
1.736111111111111427e+01
1.953125000000000000e+01
2.256944444444444642e+01
2.647569444444444997e+01
3.125000000000000000e+01
3.689236111111111427e+01
4.340277777777778567e+01
5.078125000000000000e+01
5.902777777777779988e+01
6.814236111111112848e+01
7.812500000000000000e+01
7.855902777777777146e+01
6.857638888888888573e+01
5.946180555555556424e+01
5.121527777777777857e+01
4.383680555555555003e+01
3.732638888888888573e+01
3.168402777777777857e+01
2.690972222222222143e+01
2.300347222222222143e+01
1.996527777777777857e+01
1.779513888888888928e+01
1.649305555555555358e+01
1.605902777777777857e+01
1.649305555555555713e+01
1.779513888888889284e+01
1.996527777777777857e+01
2.300347222222222499e+01
2.690972222222222854e+01
3.168402777777777857e+01
3.732638888888889284e+01
4.383680555555556424e+01
5.121527777777777857e+01
5.946180555555557845e+01
6.857638888888891415e+01
7.855902777777777146e+01
7.986111111111111427e+01
6.987847222222222854e+01
6.076388888888889994e+01
5.251736111111111427e+01
4.513888888888888573e+01
3.862847222222222143e+01
3.298611111111111427e+01
2.821180555555555713e+01
2.430555555555555713e+01
2.126736111111111427e+01
1.909722222222222143e+01
1.779513888888888928e+01
1.736111111111111427e+01
1.779513888888889284e+01
1.909722222222222854e+01
2.126736111111111427e+01
2.430555555555556069e+01
2.821180555555556424e+01
3.298611111111111427e+01
3.862847222222222854e+01
4.513888888888889994e+01
5.251736111111111427e+01
6.076388888888891415e+01
6.987847222222224275e+01
7.986111111111111427e+01
8.203125000000000000e+01
7.204861111111111427e+01
6.293402777777778567e+01
5.468750000000000000e+01
4.730902777777777146e+01
4.079861111111110716e+01
3.515625000000000000e+01
3.038194444444444287e+01
2.647569444444444287e+01
2.343750000000000000e+01
2.126736111111111072e+01
1.996527777777777857e+01
1.953125000000000000e+01
1.996527777777777857e+01
2.126736111111111427e+01
2.343750000000000000e+01
2.647569444444444642e+01
3.038194444444444997e+01
3.515625000000000000e+01
4.079861111111111427e+01
4.730902777777778567e+01
5.468750000000000000e+01
6.293402777777779988e+01
7.204861111111112848e+01
8.203125000000000000e+01
8.506944444444444287e+01
7.508680555555555713e+01
6.597222222222222854e+01
5.772569444444444287e+01
5.034722222222221433e+01
4.383680555555555713e+01
3.819444444444444287e+01
3.342013888888888573e+01
2.951388888888888928e+01
2.647569444444444642e+01
2.430555555555555713e+01
2.300347222222222143e+01
2.256944444444444642e+01
2.300347222222222499e+01
2.430555555555556069e+01
2.647569444444444642e+01
2.951388888888889284e+01
3.342013888888889994e+01
3.819444444444444287e+01
4.383680555555555713e+01
5.034722222222222854e+01
5.772569444444444287e+01
6.597222222222224275e+01
7.508680555555557135e+01
8.506944444444444287e+01
8.897569444444445708e+01
7.899305555555555713e+01
6.987847222222222854e+01
6.163194444444444997e+01
5.425347222222222143e+01
4.774305555555555713e+01
4.210069444444444997e+01
3.732638888888889284e+01
3.342013888888889284e+01
3.038194444444444997e+01
2.821180555555556069e+01
2.690972222222222854e+01
2.647569444444444997e+01
2.690972222222222854e+01
2.821180555555556424e+01
3.038194444444444997e+01
3.342013888888889994e+01
3.732638888888889994e+01
4.210069444444444997e+01
4.774305555555556424e+01
5.425347222222223564e+01
6.163194444444444997e+01
6.987847222222225696e+01
7.899305555555557135e+01
8.897569444444445708e+01
9.375000000000000000e+01
8.376736111111111427e+01
7.465277777777778567e+01
6.640625000000000000e+01
5.902777777777777146e+01
5.251736111111110716e+01
4.687500000000000000e+01
4.210069444444444287e+01
3.819444444444444287e+01
3.515625000000000000e+01
3.298611111111111427e+01
3.168402777777777501e+01
3.125000000000000000e+01
3.168402777777777857e+01
3.298611111111111427e+01
3.515625000000000000e+01
3.819444444444444287e+01
4.210069444444444997e+01
4.687500000000000000e+01
5.251736111111111427e+01
5.902777777777778567e+01
6.640625000000000000e+01
7.465277777777779988e+01
8.376736111111112848e+01
9.375000000000000000e+01
9.939236111111111427e+01
8.940972222222222854e+01
8.029513888888889994e+01
7.204861111111111427e+01
6.467013888888888573e+01
5.815972222222222143e+01
5.251736111111111427e+01
4.774305555555555713e+01
4.383680555555555713e+01
4.079861111111111427e+01
3.862847222222222854e+01
3.732638888888888573e+01
3.689236111111111427e+01
3.732638888888889284e+01
3.862847222222222854e+01
4.079861111111111427e+01
4.383680555555555713e+01
4.774305555555556424e+01
5.251736111111111427e+01
5.815972222222222854e+01
6.467013888888889994e+01
7.204861111111111427e+01
8.029513888888891415e+01
8.940972222222224275e+01
9.939236111111111427e+01
1.059027777777777857e+02
9.592013888888888573e+01
8.680555555555557135e+01
7.855902777777778567e+01
7.118055555555555713e+01
6.467013888888888573e+01
5.902777777777778567e+01
5.425347222222222854e+01
5.034722222222222854e+01
4.730902777777778567e+01
4.513888888888889994e+01
4.383680555555555713e+01
4.340277777777778567e+01
4.383680555555556424e+01
4.513888888888889994e+01
4.730902777777778567e+01
5.034722222222222854e+01
5.425347222222223564e+01
5.902777777777778567e+01
6.467013888888889994e+01
7.118055555555557135e+01
7.855902777777778567e+01
8.680555555555558556e+01
9.592013888888891415e+01
1.059027777777777857e+02
1.132812500000000000e+02
1.032986111111111143e+02
9.418402777777778567e+01
8.593750000000000000e+01
7.855902777777777146e+01
7.204861111111111427e+01
6.640625000000000000e+01
6.163194444444444287e+01
5.772569444444444287e+01
5.468750000000000000e+01
5.251736111111110716e+01
5.121527777777777857e+01
5.078125000000000000e+01
5.121527777777777857e+01
5.251736111111111427e+01
5.468750000000000000e+01
5.772569444444444287e+01
6.163194444444444997e+01
6.640625000000000000e+01
7.204861111111111427e+01
7.855902777777778567e+01
8.593750000000000000e+01
9.418402777777779988e+01
1.032986111111111285e+02
1.132812500000000000e+02
1.215277777777777999e+02
1.115451388888889142e+02
1.024305555555555856e+02
9.418402777777779988e+01
8.680555555555557135e+01
8.029513888888891415e+01
7.465277777777779988e+01
6.987847222222224275e+01
6.597222222222224275e+01
6.293402777777779988e+01
6.076388888888890705e+01
5.946180555555557845e+01
5.902777777777779988e+01
5.946180555555557845e+01
6.076388888888891415e+01
6.293402777777779988e+01
6.597222222222224275e+01
6.987847222222225696e+01
7.465277777777779988e+01
8.029513888888891415e+01
8.680555555555558556e+01
9.418402777777779988e+01
1.024305555555555998e+02
1.115451388888889284e+02
1.215277777777777999e+02
1.306423611111111427e+02
1.206597222222222285e+02
1.115451388888889142e+02
1.032986111111111285e+02
9.592013888888889994e+01
8.940972222222222854e+01
8.376736111111112848e+01
7.899305555555557135e+01
7.508680555555557135e+01
7.204861111111112848e+01
6.987847222222222854e+01
6.857638888888891415e+01
6.814236111111112848e+01
6.857638888888891415e+01
6.987847222222224275e+01
7.204861111111112848e+01
7.508680555555557135e+01
7.899305555555557135e+01
8.376736111111112848e+01
8.940972222222224275e+01
9.592013888888891415e+01
1.032986111111111285e+02
1.115451388888889284e+02
1.206597222222222570e+02
1.306423611111111427e+02
1.406250000000000000e+02
1.306423611111111143e+02
1.215277777777777857e+02
1.132812500000000000e+02
1.059027777777777715e+02
9.939236111111111427e+01
9.375000000000000000e+01
8.897569444444444287e+01
8.506944444444444287e+01
8.203125000000000000e+01
7.986111111111111427e+01
7.855902777777777146e+01
7.812500000000000000e+01
7.855902777777777146e+01
7.986111111111111427e+01
8.203125000000000000e+01
8.506944444444444287e+01
8.897569444444445708e+01
9.375000000000000000e+01
9.939236111111111427e+01
1.059027777777777857e+02
1.132812500000000000e+02
1.215277777777777999e+02
1.306423611111111427e+02
1.406250000000000000e+02
1.358506944444444571e+02
1.258680555555555571e+02
1.167534722222222285e+02
1.085069444444444429e+02
1.011284722222222143e+02
9.461805555555555713e+01
8.897569444444444287e+01
8.420138888888888573e+01
8.029513888888888573e+01
7.725694444444444287e+01
7.508680555555555713e+01
7.378472222222222854e+01
7.335069444444444287e+01
7.378472222222222854e+01
7.508680555555555713e+01
7.725694444444444287e+01
8.029513888888888573e+01
8.420138888888889994e+01
8.897569444444444287e+01
9.461805555555555713e+01
1.011284722222222285e+02
1.085069444444444429e+02
1.167534722222222427e+02
1.258680555555555713e+02
1.358506944444444571e+02
1.258680555555555571e+02
1.158854166666666572e+02
1.067708333333333286e+02
9.852430555555555713e+01
9.114583333333332860e+01
8.463541666666665719e+01
7.899305555555555713e+01
7.421875000000000000e+01
7.031250000000000000e+01
6.727430555555554292e+01
6.510416666666665719e+01
6.380208333333332860e+01
6.336805555555555003e+01
6.380208333333332860e+01
6.510416666666665719e+01
6.727430555555554292e+01
7.031250000000000000e+01
7.421875000000000000e+01
7.899305555555555713e+01
8.463541666666667140e+01
9.114583333333332860e+01
9.852430555555555713e+01
1.067708333333333570e+02
1.158854166666666714e+02
1.258680555555555571e+02
1.167534722222222285e+02
1.067708333333333286e+02
9.765625000000001421e+01
8.940972222222222854e+01
8.203125000000000000e+01
7.552083333333332860e+01
6.987847222222222854e+01
6.510416666666667140e+01
6.119791666666667140e+01
5.815972222222222854e+01
5.598958333333333570e+01
5.468750000000000711e+01
5.425347222222222854e+01
5.468750000000000711e+01
5.598958333333334281e+01
5.815972222222222854e+01
6.119791666666667140e+01
6.510416666666668561e+01
6.987847222222222854e+01
7.552083333333334281e+01
8.203125000000001421e+01
8.940972222222222854e+01
9.765625000000002842e+01
1.067708333333333570e+02
1.167534722222222285e+02
1.085069444444444429e+02
9.852430555555555713e+01
8.940972222222222854e+01
8.116319444444444287e+01
7.378472222222221433e+01
6.727430555555554292e+01
6.163194444444444287e+01
5.685763888888888573e+01
5.295138888888888573e+01
4.991319444444444287e+01
4.774305555555555003e+01
4.644097222222222143e+01
4.600694444444444287e+01
4.644097222222222143e+01
4.774305555555555713e+01
4.991319444444444287e+01
5.295138888888888573e+01
5.685763888888889284e+01
6.163194444444444287e+01
6.727430555555555713e+01
7.378472222222222854e+01
8.116319444444444287e+01
8.940972222222224275e+01
9.852430555555557135e+01
1.085069444444444429e+02
1.011284722222222143e+02
9.114583333333332860e+01
8.203125000000000000e+01
7.378472222222221433e+01
6.640624999999998579e+01
5.989583333333332149e+01
5.425347222222221433e+01
4.947916666666665719e+01
4.557291666666665719e+01
4.253472222222221433e+01
4.036458333333332860e+01
3.906249999999998579e+01
3.862847222222221433e+01
3.906249999999999289e+01
4.036458333333332860e+01
4.253472222222221433e+01
4.557291666666665719e+01
4.947916666666666430e+01
5.425347222222221433e+01
5.989583333333332860e+01
6.640625000000000000e+01
7.378472222222221433e+01
8.203125000000001421e+01
9.114583333333334281e+01
1.011284722222222143e+02
9.461805555555555713e+01
8.463541666666665719e+01
7.552083333333332860e+01
6.727430555555554292e+01
5.989583333333332149e+01
5.338541666666665719e+01
4.774305555555555003e+01
4.296874999999999289e+01
3.906249999999999289e+01
3.602430555555555003e+01
3.385416666666665719e+01
3.255208333333332860e+01
3.211805555555555003e+01
3.255208333333332860e+01
3.385416666666666430e+01
3.602430555555555003e+01
3.906250000000000000e+01
4.296875000000000000e+01
4.774305555555555003e+01
5.338541666666666430e+01
5.989583333333333570e+01
6.727430555555554292e+01
7.552083333333335702e+01
8.463541666666667140e+01
9.461805555555555713e+01
8.897569444444444287e+01
7.899305555555555713e+01
6.987847222222222854e+01
6.163194444444444287e+01
5.425347222222221433e+01
4.774305555555555003e+01
4.210069444444444287e+01
3.732638888888888573e+01
3.342013888888888573e+01
3.038194444444444287e+01
2.821180555555555358e+01
2.690972222222221788e+01
2.647569444444444287e+01
2.690972222222222143e+01
2.821180555555555713e+01
3.038194444444444287e+01
3.342013888888888573e+01
3.732638888888889284e+01
4.210069444444444287e+01
4.774305555555555713e+01
5.425347222222222854e+01
6.163194444444444287e+01
6.987847222222224275e+01
7.899305555555557135e+01
8.897569444444444287e+01
8.420138888888888573e+01
7.421875000000000000e+01
6.510416666666667140e+01
5.685763888888888573e+01
4.947916666666665719e+01
4.296874999999999289e+01
3.732638888888888573e+01
3.255208333333332860e+01
2.864583333333332860e+01
2.560763888888888573e+01
2.343749999999999645e+01
2.213541666666666430e+01
2.170138888888888573e+01
2.213541666666666430e+01
2.343750000000000000e+01
2.560763888888888573e+01
2.864583333333333215e+01
3.255208333333333570e+01
3.732638888888888573e+01
4.296875000000000000e+01
4.947916666666667140e+01
5.685763888888888573e+01
6.510416666666668561e+01
7.421875000000001421e+01
8.420138888888888573e+01
8.029513888888888573e+01
7.031250000000000000e+01
6.119791666666667140e+01
5.295138888888888573e+01
4.557291666666665719e+01
3.906249999999999289e+01
3.342013888888888573e+01
2.864583333333332860e+01
2.473958333333332860e+01
2.170138888888888573e+01
1.953124999999999645e+01
1.822916666666666430e+01
1.779513888888888573e+01
1.822916666666666430e+01
1.953125000000000000e+01
2.170138888888888573e+01
2.473958333333333215e+01
2.864583333333333570e+01
3.342013888888888573e+01
3.906250000000000000e+01
4.557291666666667140e+01
5.295138888888888573e+01
6.119791666666668561e+01
7.031250000000001421e+01
8.029513888888888573e+01
7.725694444444444287e+01
6.727430555555554292e+01
5.815972222222222854e+01
4.991319444444444287e+01
4.253472222222221433e+01
3.602430555555555003e+01
3.038194444444444287e+01
2.560763888888888573e+01
2.170138888888888573e+01
1.866319444444444287e+01
1.649305555555555358e+01
1.519097222222221966e+01
1.475694444444444287e+01
1.519097222222222143e+01
1.649305555555555713e+01
1.866319444444444287e+01
2.170138888888888928e+01
2.560763888888889284e+01
3.038194444444444287e+01
3.602430555555555713e+01
4.253472222222222854e+01
4.991319444444444287e+01
5.815972222222224275e+01
6.727430555555557135e+01
7.725694444444444287e+01
7.508680555555555713e+01
6.510416666666665719e+01
5.598958333333333570e+01
4.774305555555555003e+01
4.036458333333332860e+01
3.385416666666665719e+01
2.821180555555555358e+01
2.343749999999999645e+01
1.953124999999999645e+01
1.649305555555555358e+01
1.432291666666666252e+01
1.302083333333332860e+01
1.258680555555555358e+01
1.302083333333333215e+01
1.432291666666666607e+01
1.649305555555555358e+01
1.953125000000000000e+01
2.343750000000000355e+01
2.821180555555555358e+01
3.385416666666667140e+01
4.036458333333334281e+01
4.774305555555555003e+01
5.598958333333334991e+01
6.510416666666668561e+01
7.508680555555555713e+01
7.378472222222222854e+01
6.380208333333332860e+01
5.468750000000000711e+01
4.644097222222222143e+01
3.906249999999998579e+01
3.255208333333332860e+01
2.690972222222221788e+01
2.213541666666666430e+01
1.822916666666666430e+01
1.519097222222221966e+01
1.302083333333332860e+01
1.171874999999999645e+01
1.128472222222221966e+01
1.171874999999999822e+01
1.302083333333333215e+01
1.519097222222221966e+01
1.822916666666666430e+01
2.213541666666667140e+01
2.690972222222221788e+01
3.255208333333332860e+01
3.906250000000000000e+01
4.644097222222222143e+01
5.468750000000002132e+01
6.380208333333334991e+01
7.378472222222222854e+01
7.335069444444444287e+01
6.336805555555555003e+01
5.425347222222222854e+01
4.600694444444444287e+01
3.862847222222221433e+01
3.211805555555555003e+01
2.647569444444444287e+01
2.170138888888888573e+01
1.779513888888888573e+01
1.475694444444444287e+01
1.258680555555555358e+01
1.128472222222221966e+01
1.085069444444444287e+01
1.128472222222222143e+01
1.258680555555555713e+01
1.475694444444444287e+01
1.779513888888888928e+01
2.170138888888889284e+01
2.647569444444444287e+01
3.211805555555555713e+01
3.862847222222222854e+01
4.600694444444444287e+01
5.425347222222224275e+01
6.336805555555557135e+01
7.335069444444444287e+01
7.378472222222222854e+01
6.380208333333332860e+01
5.468750000000000711e+01
4.644097222222222143e+01
3.906249999999999289e+01
3.255208333333332860e+01
2.690972222222222143e+01
2.213541666666666430e+01
1.822916666666666430e+01
1.519097222222222143e+01
1.302083333333333215e+01
1.171874999999999822e+01
1.128472222222222143e+01
1.171875000000000000e+01
1.302083333333333570e+01
1.519097222222222143e+01
1.822916666666666785e+01
2.213541666666667140e+01
2.690972222222222143e+01
3.255208333333333570e+01
3.906250000000000711e+01
4.644097222222222143e+01
5.468750000000002132e+01
6.380208333333334991e+01
7.378472222222222854e+01
7.508680555555555713e+01
6.510416666666665719e+01
5.598958333333334281e+01
4.774305555555555713e+01
4.036458333333332860e+01
3.385416666666666430e+01
2.821180555555555713e+01
2.343750000000000000e+01
1.953125000000000000e+01
1.649305555555555713e+01
1.432291666666666607e+01
1.302083333333333215e+01
1.258680555555555713e+01
1.302083333333333570e+01
1.432291666666666963e+01
1.649305555555555713e+01
1.953125000000000355e+01
2.343750000000000711e+01
2.821180555555555713e+01
3.385416666666667140e+01
4.036458333333334281e+01
4.774305555555555713e+01
5.598958333333335702e+01
6.510416666666668561e+01
7.508680555555555713e+01
7.725694444444444287e+01
6.727430555555554292e+01
5.815972222222222854e+01
4.991319444444444287e+01
4.253472222222221433e+01
3.602430555555555003e+01
3.038194444444444287e+01
2.560763888888888573e+01
2.170138888888888573e+01
1.866319444444444287e+01
1.649305555555555358e+01
1.519097222222221966e+01
1.475694444444444287e+01
1.519097222222222143e+01
1.649305555555555713e+01
1.866319444444444287e+01
2.170138888888888928e+01
2.560763888888889284e+01
3.038194444444444287e+01
3.602430555555555713e+01
4.253472222222222854e+01
4.991319444444444287e+01
5.815972222222224275e+01
6.727430555555557135e+01
7.725694444444444287e+01
8.029513888888888573e+01
7.031250000000000000e+01
6.119791666666667140e+01
5.295138888888888573e+01
4.557291666666665719e+01
3.906250000000000000e+01
3.342013888888888573e+01
2.864583333333333215e+01
2.473958333333333215e+01
2.170138888888888928e+01
1.953125000000000000e+01
1.822916666666666430e+01
1.779513888888888928e+01
1.822916666666666785e+01
1.953125000000000355e+01
2.170138888888888928e+01
2.473958333333333570e+01
2.864583333333333925e+01
3.342013888888888573e+01
3.906250000000000000e+01
4.557291666666667140e+01
5.295138888888888573e+01
6.119791666666668561e+01
7.031250000000001421e+01
8.029513888888888573e+01
8.420138888888889994e+01
7.421875000000000000e+01
6.510416666666668561e+01
5.685763888888889284e+01
4.947916666666666430e+01
4.296875000000000000e+01
3.732638888888889284e+01
3.255208333333333570e+01
2.864583333333333570e+01
2.560763888888889284e+01
2.343750000000000355e+01
2.213541666666667140e+01
2.170138888888889284e+01
2.213541666666667140e+01
2.343750000000000711e+01
2.560763888888889284e+01
2.864583333333333925e+01
3.255208333333334281e+01
3.732638888888889284e+01
4.296875000000000711e+01
4.947916666666667851e+01
5.685763888888889284e+01
6.510416666666668561e+01
7.421875000000002842e+01
8.420138888888889994e+01
8.897569444444444287e+01
7.899305555555555713e+01
6.987847222222222854e+01
6.163194444444444287e+01
5.425347222222221433e+01
4.774305555555555003e+01
4.210069444444444287e+01
3.732638888888888573e+01
3.342013888888888573e+01
3.038194444444444287e+01
2.821180555555555358e+01
2.690972222222221788e+01
2.647569444444444287e+01
2.690972222222222143e+01
2.821180555555555713e+01
3.038194444444444287e+01
3.342013888888888573e+01
3.732638888888889284e+01
4.210069444444444287e+01
4.774305555555555713e+01
5.425347222222222854e+01
6.163194444444444287e+01
6.987847222222224275e+01
7.899305555555557135e+01
8.897569444444444287e+01
9.461805555555555713e+01
8.463541666666667140e+01
7.552083333333334281e+01
6.727430555555555713e+01
5.989583333333332860e+01
5.338541666666666430e+01
4.774305555555555713e+01
4.296875000000000000e+01
3.906250000000000000e+01
3.602430555555555713e+01
3.385416666666667140e+01
3.255208333333332860e+01
3.211805555555555713e+01
3.255208333333333570e+01
3.385416666666667140e+01
3.602430555555555713e+01
3.906250000000000000e+01
4.296875000000000711e+01
4.774305555555555713e+01
5.338541666666667140e+01
5.989583333333334281e+01
6.727430555555555713e+01
7.552083333333335702e+01
8.463541666666668561e+01
9.461805555555555713e+01
1.011284722222222285e+02
9.114583333333332860e+01
8.203125000000001421e+01
7.378472222222222854e+01
6.640625000000000000e+01
5.989583333333333570e+01
5.425347222222222854e+01
4.947916666666667140e+01
4.557291666666667140e+01
4.253472222222222854e+01
4.036458333333334281e+01
3.906250000000000000e+01
3.862847222222222854e+01
3.906250000000000711e+01
4.036458333333334281e+01
4.253472222222222854e+01
4.557291666666667140e+01
4.947916666666667851e+01
5.425347222222222854e+01
5.989583333333334281e+01
6.640625000000001421e+01
7.378472222222222854e+01
8.203125000000002842e+01
9.114583333333335702e+01
1.011284722222222285e+02
1.085069444444444429e+02
9.852430555555555713e+01
8.940972222222222854e+01
8.116319444444444287e+01
7.378472222222221433e+01
6.727430555555554292e+01
6.163194444444444287e+01
5.685763888888888573e+01
5.295138888888888573e+01
4.991319444444444287e+01
4.774305555555555003e+01
4.644097222222222143e+01
4.600694444444444287e+01
4.644097222222222143e+01
4.774305555555555713e+01
4.991319444444444287e+01
5.295138888888888573e+01
5.685763888888889284e+01
6.163194444444444287e+01
6.727430555555555713e+01
7.378472222222222854e+01
8.116319444444444287e+01
8.940972222222224275e+01
9.852430555555557135e+01
1.085069444444444429e+02
1.167534722222222427e+02
1.067708333333333570e+02
9.765625000000002842e+01
8.940972222222224275e+01
8.203125000000001421e+01
7.552083333333335702e+01
6.987847222222224275e+01
6.510416666666668561e+01
6.119791666666668561e+01
5.815972222222224275e+01
5.598958333333334991e+01
5.468750000000002132e+01
5.425347222222224275e+01
5.468750000000002132e+01
5.598958333333335702e+01
5.815972222222224275e+01
6.119791666666668561e+01
6.510416666666668561e+01
6.987847222222224275e+01
7.552083333333335702e+01
8.203125000000002842e+01
8.940972222222224275e+01
9.765625000000004263e+01
1.067708333333333712e+02
1.167534722222222427e+02
1.258680555555555713e+02
1.158854166666666714e+02
1.067708333333333570e+02
9.852430555555557135e+01
9.114583333333334281e+01
8.463541666666667140e+01
7.899305555555557135e+01
7.421875000000001421e+01
7.031250000000001421e+01
6.727430555555557135e+01
6.510416666666668561e+01
6.380208333333334991e+01
6.336805555555557135e+01
6.380208333333334991e+01
6.510416666666668561e+01
6.727430555555557135e+01
7.031250000000001421e+01
7.421875000000002842e+01
7.899305555555557135e+01
8.463541666666668561e+01
9.114583333333335702e+01
9.852430555555557135e+01
1.067708333333333712e+02
1.158854166666666998e+02
1.258680555555555713e+02
1.358506944444444571e+02
1.258680555555555571e+02
1.167534722222222285e+02
1.085069444444444429e+02
1.011284722222222143e+02
9.461805555555555713e+01
8.897569444444444287e+01
8.420138888888888573e+01
8.029513888888888573e+01
7.725694444444444287e+01
7.508680555555555713e+01
7.378472222222222854e+01
7.335069444444444287e+01
7.378472222222222854e+01
7.508680555555555713e+01
7.725694444444444287e+01
8.029513888888888573e+01
8.420138888888889994e+01
8.897569444444444287e+01
9.461805555555555713e+01
1.011284722222222285e+02
1.085069444444444429e+02
1.167534722222222427e+02
1.258680555555555713e+02
1.358506944444444571e+02
1.319444444444444571e+02
1.219618055555555571e+02
1.128472222222222285e+02
1.046006944444444429e+02
9.722222222222221433e+01
9.071180555555555713e+01
8.506944444444444287e+01
8.029513888888888573e+01
7.638888888888888573e+01
7.335069444444444287e+01
7.118055555555555713e+01
6.987847222222222854e+01
6.944444444444444287e+01
6.987847222222222854e+01
7.118055555555555713e+01
7.335069444444444287e+01
7.638888888888888573e+01
8.029513888888889994e+01
8.506944444444444287e+01
9.071180555555555713e+01
9.722222222222222854e+01
1.046006944444444429e+02
1.128472222222222427e+02
1.219618055555555713e+02
1.319444444444444571e+02
1.219618055555555571e+02
1.119791666666666572e+02
1.028645833333333286e+02
9.461805555555555713e+01
8.723958333333332860e+01
8.072916666666665719e+01
7.508680555555555713e+01
7.031250000000000000e+01
6.640625000000000000e+01
6.336805555555555003e+01
6.119791666666665719e+01
5.989583333333332860e+01
5.946180555555555003e+01
5.989583333333332860e+01
6.119791666666666430e+01
6.336805555555555003e+01
6.640625000000000000e+01
7.031250000000000000e+01
7.508680555555555713e+01
8.072916666666667140e+01
8.723958333333332860e+01
9.461805555555555713e+01
1.028645833333333570e+02
1.119791666666666714e+02
1.219618055555555571e+02
1.128472222222222285e+02
1.028645833333333286e+02
9.375000000000001421e+01
8.550347222222222854e+01
7.812500000000000000e+01
7.161458333333332860e+01
6.597222222222222854e+01
6.119791666666667140e+01
5.729166666666667140e+01
5.425347222222222854e+01
5.208333333333333570e+01
5.078125000000000711e+01
5.034722222222222854e+01
5.078125000000000711e+01
5.208333333333334281e+01
5.425347222222222854e+01
5.729166666666667140e+01
6.119791666666667851e+01
6.597222222222222854e+01
7.161458333333334281e+01
7.812500000000001421e+01
8.550347222222222854e+01
9.375000000000002842e+01
1.028645833333333570e+02
1.128472222222222285e+02
1.046006944444444429e+02
9.461805555555555713e+01
8.550347222222222854e+01
7.725694444444444287e+01
6.987847222222221433e+01
6.336805555555555003e+01
5.772569444444444287e+01
5.295138888888888573e+01
4.904513888888888573e+01
4.600694444444444287e+01
4.383680555555555003e+01
4.253472222222222143e+01
4.210069444444444287e+01
4.253472222222222143e+01
4.383680555555555713e+01
4.600694444444444287e+01
4.904513888888888573e+01
5.295138888888889284e+01
5.772569444444444287e+01
6.336805555555555713e+01
6.987847222222222854e+01
7.725694444444444287e+01
8.550347222222224275e+01
9.461805555555557135e+01
1.046006944444444429e+02
9.722222222222221433e+01
8.723958333333332860e+01
7.812500000000000000e+01
6.987847222222221433e+01
6.249999999999998579e+01
5.598958333333332149e+01
5.034722222222221433e+01
4.557291666666665719e+01
4.166666666666665719e+01
3.862847222222221433e+01
3.645833333333332860e+01
3.515624999999998579e+01
3.472222222222221433e+01
3.515624999999999289e+01
3.645833333333332860e+01
3.862847222222221433e+01
4.166666666666665719e+01
4.557291666666666430e+01
5.034722222222221433e+01
5.598958333333332860e+01
6.250000000000000000e+01
6.987847222222221433e+01
7.812500000000001421e+01
8.723958333333334281e+01
9.722222222222221433e+01
9.071180555555555713e+01
8.072916666666665719e+01
7.161458333333332860e+01
6.336805555555555003e+01
5.598958333333332149e+01
4.947916666666665719e+01
4.383680555555555003e+01
3.906249999999999289e+01
3.515624999999999289e+01
3.211805555555555003e+01
2.994791666666666075e+01
2.864583333333332504e+01
2.821180555555555003e+01
2.864583333333332860e+01
2.994791666666666430e+01
3.211805555555555003e+01
3.515625000000000000e+01
3.906250000000000000e+01
4.383680555555555003e+01
4.947916666666666430e+01
5.598958333333333570e+01
6.336805555555555003e+01
7.161458333333335702e+01
8.072916666666667140e+01
9.071180555555555713e+01
8.506944444444444287e+01
7.508680555555555713e+01
6.597222222222222854e+01
5.772569444444444287e+01
5.034722222222221433e+01
4.383680555555555003e+01
3.819444444444444287e+01
3.342013888888888573e+01
2.951388888888888573e+01
2.647569444444444287e+01
2.430555555555555358e+01
2.300347222222221788e+01
2.256944444444444287e+01
2.300347222222222143e+01
2.430555555555555713e+01
2.647569444444444287e+01
2.951388888888888928e+01
3.342013888888889284e+01
3.819444444444444287e+01
4.383680555555555713e+01
5.034722222222222854e+01
5.772569444444444287e+01
6.597222222222224275e+01
7.508680555555557135e+01
8.506944444444444287e+01
8.029513888888888573e+01
7.031250000000000000e+01
6.119791666666667140e+01
5.295138888888888573e+01
4.557291666666665719e+01
3.906249999999999289e+01
3.342013888888888573e+01
2.864583333333332860e+01
2.473958333333332860e+01
2.170138888888888573e+01
1.953124999999999645e+01
1.822916666666666430e+01
1.779513888888888573e+01
1.822916666666666430e+01
1.953125000000000000e+01
2.170138888888888573e+01
2.473958333333333215e+01
2.864583333333333570e+01
3.342013888888888573e+01
3.906250000000000000e+01
4.557291666666667140e+01
5.295138888888888573e+01
6.119791666666668561e+01
7.031250000000001421e+01
8.029513888888888573e+01
7.638888888888888573e+01
6.640625000000000000e+01
5.729166666666667140e+01
4.904513888888888573e+01
4.166666666666665719e+01
3.515624999999999289e+01
2.951388888888888573e+01
2.473958333333332860e+01
2.083333333333332860e+01
1.779513888888888573e+01
1.562499999999999645e+01
1.432291666666666252e+01
1.388888888888888573e+01
1.432291666666666430e+01
1.562500000000000000e+01
1.779513888888888573e+01
2.083333333333333215e+01
2.473958333333333570e+01
2.951388888888888573e+01
3.515625000000000000e+01
4.166666666666667140e+01
4.904513888888888573e+01
5.729166666666668561e+01
6.640625000000001421e+01
7.638888888888888573e+01
7.335069444444444287e+01
6.336805555555555003e+01
5.425347222222222854e+01
4.600694444444444287e+01
3.862847222222221433e+01
3.211805555555555003e+01
2.647569444444444287e+01
2.170138888888888573e+01
1.779513888888888573e+01
1.475694444444444287e+01
1.258680555555555358e+01
1.128472222222221966e+01
1.085069444444444287e+01
1.128472222222222143e+01
1.258680555555555713e+01
1.475694444444444287e+01
1.779513888888888928e+01
2.170138888888889284e+01
2.647569444444444287e+01
3.211805555555555713e+01
3.862847222222222854e+01
4.600694444444444287e+01
5.425347222222224275e+01
6.336805555555557135e+01
7.335069444444444287e+01
7.118055555555555713e+01
6.119791666666665719e+01
5.208333333333333570e+01
4.383680555555555003e+01
3.645833333333332860e+01
2.994791666666666075e+01
2.430555555555555358e+01
1.953124999999999645e+01
1.562499999999999645e+01
1.258680555555555358e+01
1.041666666666666252e+01
9.114583333333328596e+00
8.680555555555553582e+00
9.114583333333332149e+00
1.041666666666666607e+01
1.258680555555555358e+01
1.562500000000000000e+01
1.953125000000000355e+01
2.430555555555555358e+01
2.994791666666666785e+01
3.645833333333334281e+01
4.383680555555555003e+01
5.208333333333334991e+01
6.119791666666667851e+01
7.118055555555555713e+01
6.987847222222222854e+01
5.989583333333332860e+01
5.078125000000000711e+01
4.253472222222222143e+01
3.515624999999998579e+01
2.864583333333332504e+01
2.300347222222221788e+01
1.822916666666666430e+01
1.432291666666666252e+01
1.128472222222221966e+01
9.114583333333328596e+00
7.812499999999995559e+00
7.378472222222219656e+00
7.812499999999998224e+00
9.114583333333332149e+00
1.128472222222221966e+01
1.432291666666666607e+01
1.822916666666667140e+01
2.300347222222221788e+01
2.864583333333333215e+01
3.515625000000000000e+01
4.253472222222222143e+01
5.078125000000002132e+01
5.989583333333334991e+01
6.987847222222222854e+01
6.944444444444444287e+01
5.946180555555555003e+01
5.034722222222222854e+01
4.210069444444444287e+01
3.472222222222221433e+01
2.821180555555555003e+01
2.256944444444444287e+01
1.779513888888888573e+01
1.388888888888888573e+01
1.085069444444444287e+01
8.680555555555553582e+00
7.378472222222219656e+00
6.944444444444442865e+00
7.378472222222221433e+00
8.680555555555557135e+00
1.085069444444444287e+01
1.388888888888888928e+01
1.779513888888889284e+01
2.256944444444444287e+01
2.821180555555555713e+01
3.472222222222222854e+01
4.210069444444444287e+01
5.034722222222224275e+01
5.946180555555557135e+01
6.944444444444444287e+01
6.987847222222222854e+01
5.989583333333332860e+01
5.078125000000000711e+01
4.253472222222222143e+01
3.515624999999999289e+01
2.864583333333332860e+01
2.300347222222222143e+01
1.822916666666666430e+01
1.432291666666666430e+01
1.128472222222222143e+01
9.114583333333332149e+00
7.812499999999998224e+00
7.378472222222221433e+00
7.812500000000000000e+00
9.114583333333335702e+00
1.128472222222222143e+01
1.432291666666666785e+01
1.822916666666667140e+01
2.300347222222222143e+01
2.864583333333333570e+01
3.515625000000000711e+01
4.253472222222222143e+01
5.078125000000002132e+01
5.989583333333334991e+01
6.987847222222222854e+01
7.118055555555555713e+01
6.119791666666666430e+01
5.208333333333334281e+01
4.383680555555555713e+01
3.645833333333332860e+01
2.994791666666666430e+01
2.430555555555555713e+01
1.953125000000000000e+01
1.562500000000000000e+01
1.258680555555555713e+01
1.041666666666666607e+01
9.114583333333332149e+00
8.680555555555557135e+00
9.114583333333335702e+00
1.041666666666666963e+01
1.258680555555555713e+01
1.562500000000000355e+01
1.953125000000000711e+01
2.430555555555555713e+01
2.994791666666667140e+01
3.645833333333334281e+01
4.383680555555555713e+01
5.208333333333335702e+01
6.119791666666668561e+01
7.118055555555555713e+01
7.335069444444444287e+01
6.336805555555555003e+01
5.425347222222222854e+01
4.600694444444444287e+01
3.862847222222221433e+01
3.211805555555555003e+01
2.647569444444444287e+01
2.170138888888888573e+01
1.779513888888888573e+01
1.475694444444444287e+01
1.258680555555555358e+01
1.128472222222221966e+01
1.085069444444444287e+01
1.128472222222222143e+01
1.258680555555555713e+01
1.475694444444444287e+01
1.779513888888888928e+01
2.170138888888889284e+01
2.647569444444444287e+01
3.211805555555555713e+01
3.862847222222222854e+01
4.600694444444444287e+01
5.425347222222224275e+01
6.336805555555557135e+01
7.335069444444444287e+01
7.638888888888888573e+01
6.640625000000000000e+01
5.729166666666667140e+01
4.904513888888888573e+01
4.166666666666665719e+01
3.515625000000000000e+01
2.951388888888888928e+01
2.473958333333333215e+01
2.083333333333333215e+01
1.779513888888888928e+01
1.562500000000000000e+01
1.432291666666666607e+01
1.388888888888888928e+01
1.432291666666666785e+01
1.562500000000000355e+01
1.779513888888888928e+01
2.083333333333333570e+01
2.473958333333333925e+01
2.951388888888888928e+01
3.515625000000000000e+01
4.166666666666667140e+01
4.904513888888888573e+01
5.729166666666668561e+01
6.640625000000001421e+01
7.638888888888888573e+01
8.029513888888889994e+01
7.031250000000000000e+01
6.119791666666667851e+01
5.295138888888889284e+01
4.557291666666666430e+01
3.906250000000000000e+01
3.342013888888889284e+01
2.864583333333333570e+01
2.473958333333333570e+01
2.170138888888889284e+01
1.953125000000000355e+01
1.822916666666667140e+01
1.779513888888889284e+01
1.822916666666667140e+01
1.953125000000000711e+01
2.170138888888889284e+01
2.473958333333333925e+01
2.864583333333334281e+01
3.342013888888889284e+01
3.906250000000000711e+01
4.557291666666667851e+01
5.295138888888889284e+01
6.119791666666669272e+01
7.031250000000002842e+01
8.029513888888889994e+01
8.506944444444444287e+01
7.508680555555555713e+01
6.597222222222222854e+01
5.772569444444444287e+01
5.034722222222221433e+01
4.383680555555555003e+01
3.819444444444444287e+01
3.342013888888888573e+01
2.951388888888888573e+01
2.647569444444444287e+01
2.430555555555555358e+01
2.300347222222221788e+01
2.256944444444444287e+01
2.300347222222222143e+01
2.430555555555555713e+01
2.647569444444444287e+01
2.951388888888888928e+01
3.342013888888889284e+01
3.819444444444444287e+01
4.383680555555555713e+01
5.034722222222222854e+01
5.772569444444444287e+01
6.597222222222224275e+01
7.508680555555557135e+01
8.506944444444444287e+01
9.071180555555555713e+01
8.072916666666667140e+01
7.161458333333334281e+01
6.336805555555555713e+01
5.598958333333332860e+01
4.947916666666666430e+01
4.383680555555555713e+01
3.906250000000000000e+01
3.515625000000000000e+01
3.211805555555555713e+01
2.994791666666666785e+01
2.864583333333333215e+01
2.821180555555555713e+01
2.864583333333333570e+01
2.994791666666667140e+01
3.211805555555555713e+01
3.515625000000000000e+01
3.906250000000000711e+01
4.383680555555555713e+01
4.947916666666667140e+01
5.598958333333334281e+01
6.336805555555555713e+01
7.161458333333335702e+01
8.072916666666668561e+01
9.071180555555555713e+01
9.722222222222222854e+01
8.723958333333332860e+01
7.812500000000001421e+01
6.987847222222222854e+01
6.250000000000000000e+01
5.598958333333333570e+01
5.034722222222222854e+01
4.557291666666667140e+01
4.166666666666667140e+01
3.862847222222222854e+01
3.645833333333334281e+01
3.515625000000000000e+01
3.472222222222222854e+01
3.515625000000000711e+01
3.645833333333334281e+01
3.862847222222222854e+01
4.166666666666667140e+01
4.557291666666667851e+01
5.034722222222222854e+01
5.598958333333334281e+01
6.250000000000001421e+01
6.987847222222222854e+01
7.812500000000002842e+01
8.723958333333335702e+01
9.722222222222222854e+01
1.046006944444444429e+02
9.461805555555555713e+01
8.550347222222222854e+01
7.725694444444444287e+01
6.987847222222221433e+01
6.336805555555555003e+01
5.772569444444444287e+01
5.295138888888888573e+01
4.904513888888888573e+01
4.600694444444444287e+01
4.383680555555555003e+01
4.253472222222222143e+01
4.210069444444444287e+01
4.253472222222222143e+01
4.383680555555555713e+01
4.600694444444444287e+01
4.904513888888888573e+01
5.295138888888889284e+01
5.772569444444444287e+01
6.336805555555555713e+01
6.987847222222222854e+01
7.725694444444444287e+01
8.550347222222224275e+01
9.461805555555557135e+01
1.046006944444444429e+02
1.128472222222222427e+02
1.028645833333333570e+02
9.375000000000002842e+01
8.550347222222224275e+01
7.812500000000001421e+01
7.161458333333335702e+01
6.597222222222224275e+01
6.119791666666668561e+01
5.729166666666668561e+01
5.425347222222224275e+01
5.208333333333334991e+01
5.078125000000002132e+01
5.034722222222224275e+01
5.078125000000002132e+01
5.208333333333335702e+01
5.425347222222224275e+01
5.729166666666668561e+01
6.119791666666669272e+01
6.597222222222224275e+01
7.161458333333335702e+01
7.812500000000002842e+01
8.550347222222224275e+01
9.375000000000004263e+01
1.028645833333333712e+02
1.128472222222222427e+02
1.219618055555555713e+02
1.119791666666666714e+02
1.028645833333333570e+02
9.461805555555557135e+01
8.723958333333334281e+01
8.072916666666667140e+01
7.508680555555557135e+01
7.031250000000001421e+01
6.640625000000001421e+01
6.336805555555557135e+01
6.119791666666667851e+01
5.989583333333334991e+01
5.946180555555557135e+01
5.989583333333334991e+01
6.119791666666668561e+01
6.336805555555557135e+01
6.640625000000001421e+01
7.031250000000002842e+01
7.508680555555557135e+01
8.072916666666668561e+01
8.723958333333335702e+01
9.461805555555557135e+01
1.028645833333333712e+02
1.119791666666666998e+02
1.219618055555555713e+02
1.319444444444444571e+02
1.219618055555555571e+02
1.128472222222222285e+02
1.046006944444444429e+02
9.722222222222221433e+01
9.071180555555555713e+01
8.506944444444444287e+01
8.029513888888888573e+01
7.638888888888888573e+01
7.335069444444444287e+01
7.118055555555555713e+01
6.987847222222222854e+01
6.944444444444444287e+01
6.987847222222222854e+01
7.118055555555555713e+01
7.335069444444444287e+01
7.638888888888888573e+01
8.029513888888889994e+01
8.506944444444444287e+01
9.071180555555555713e+01
9.722222222222222854e+01
1.046006944444444429e+02
1.128472222222222427e+02
1.219618055555555713e+02
1.319444444444444571e+02
1.289062500000000000e+02
1.189236111111111143e+02
1.098090277777777857e+02
1.015625000000000000e+02
9.418402777777777146e+01
8.767361111111111427e+01
8.203125000000000000e+01
7.725694444444444287e+01
7.335069444444444287e+01
7.031250000000000000e+01
6.814236111111111427e+01
6.684027777777777146e+01
6.640625000000000000e+01
6.684027777777777146e+01
6.814236111111111427e+01
7.031250000000000000e+01
7.335069444444444287e+01
7.725694444444445708e+01
8.203125000000000000e+01
8.767361111111111427e+01
9.418402777777778567e+01
1.015625000000000000e+02
1.098090277777777999e+02
1.189236111111111285e+02
1.289062500000000000e+02
1.189236111111111143e+02
1.089409722222222143e+02
9.982638888888888573e+01
9.157986111111111427e+01
8.420138888888888573e+01
7.769097222222221433e+01
7.204861111111111427e+01
6.727430555555554292e+01
6.336805555555555003e+01
6.032986111111110716e+01
5.815972222222221433e+01
5.685763888888888573e+01
5.642361111111110716e+01
5.685763888888888573e+01
5.815972222222222143e+01
6.032986111111110716e+01
6.336805555555555713e+01
6.727430555555555713e+01
7.204861111111111427e+01
7.769097222222222854e+01
8.420138888888888573e+01
9.157986111111111427e+01
9.982638888888891415e+01
1.089409722222222285e+02
1.189236111111111143e+02
1.098090277777777857e+02
9.982638888888888573e+01
9.071180555555557135e+01
8.246527777777778567e+01
7.508680555555555713e+01
6.857638888888888573e+01
6.293402777777778567e+01
5.815972222222222854e+01
5.425347222222222854e+01
5.121527777777778567e+01
4.904513888888889284e+01
4.774305555555556424e+01
4.730902777777778567e+01
4.774305555555556424e+01
4.904513888888889994e+01
5.121527777777778567e+01
5.425347222222222854e+01
5.815972222222223564e+01
6.293402777777778567e+01
6.857638888888889994e+01
7.508680555555557135e+01
8.246527777777778567e+01
9.071180555555558556e+01
9.982638888888891415e+01
1.098090277777777857e+02
1.015625000000000000e+02
9.157986111111111427e+01
8.246527777777778567e+01
7.421875000000000000e+01
6.684027777777777146e+01
6.032986111111110716e+01
5.468750000000000000e+01
4.991319444444444287e+01
4.600694444444444287e+01
4.296875000000000000e+01
4.079861111111110716e+01
3.949652777777777857e+01
3.906250000000000000e+01
3.949652777777777857e+01
4.079861111111111427e+01
4.296875000000000000e+01
4.600694444444444287e+01
4.991319444444444997e+01
5.468750000000000000e+01
6.032986111111111427e+01
6.684027777777778567e+01
7.421875000000000000e+01
8.246527777777779988e+01
9.157986111111112848e+01
1.015625000000000000e+02
9.418402777777777146e+01
8.420138888888888573e+01
7.508680555555555713e+01
6.684027777777777146e+01
5.946180555555554292e+01
5.295138888888887863e+01
4.730902777777777146e+01
4.253472222222221433e+01
3.862847222222221433e+01
3.559027777777777146e+01
3.342013888888888573e+01
3.211805555555554292e+01
3.168402777777777146e+01
3.211805555555555003e+01
3.342013888888888573e+01
3.559027777777777146e+01
3.862847222222221433e+01
4.253472222222222143e+01
4.730902777777777146e+01
5.295138888888888573e+01
5.946180555555555713e+01
6.684027777777777146e+01
7.508680555555557135e+01
8.420138888888889994e+01
9.418402777777777146e+01
8.767361111111111427e+01
7.769097222222221433e+01
6.857638888888888573e+01
6.032986111111110716e+01
5.295138888888887863e+01
4.644097222222221433e+01
4.079861111111110716e+01
3.602430555555555003e+01
3.211805555555555003e+01
2.907986111111110716e+01
2.690972222222221788e+01
2.560763888888888218e+01
2.517361111111110716e+01
2.560763888888888573e+01
2.690972222222222143e+01
2.907986111111110716e+01
3.211805555555555713e+01
3.602430555555555713e+01
4.079861111111110716e+01
4.644097222222222143e+01
5.295138888888889284e+01
6.032986111111110716e+01
6.857638888888891415e+01
7.769097222222222854e+01
8.767361111111111427e+01
8.203125000000000000e+01
7.204861111111111427e+01
6.293402777777778567e+01
5.468750000000000000e+01
4.730902777777777146e+01
4.079861111111110716e+01
3.515625000000000000e+01
3.038194444444444287e+01
2.647569444444444287e+01
2.343750000000000000e+01
2.126736111111111072e+01
1.996527777777777501e+01
1.953125000000000000e+01
1.996527777777777857e+01
2.126736111111111427e+01
2.343750000000000000e+01
2.647569444444444642e+01
3.038194444444444997e+01
3.515625000000000000e+01
4.079861111111111427e+01
4.730902777777778567e+01
5.468750000000000000e+01
6.293402777777779988e+01
7.204861111111112848e+01
8.203125000000000000e+01
7.725694444444444287e+01
6.727430555555554292e+01
5.815972222222222854e+01
4.991319444444444287e+01
4.253472222222221433e+01
3.602430555555555003e+01
3.038194444444444287e+01
2.560763888888888573e+01
2.170138888888888573e+01
1.866319444444444287e+01
1.649305555555555358e+01
1.519097222222221966e+01
1.475694444444444287e+01
1.519097222222222143e+01
1.649305555555555713e+01
1.866319444444444287e+01
2.170138888888888928e+01
2.560763888888889284e+01
3.038194444444444287e+01
3.602430555555555713e+01
4.253472222222222854e+01
4.991319444444444287e+01
5.815972222222224275e+01
6.727430555555557135e+01
7.725694444444444287e+01
7.335069444444444287e+01
6.336805555555555003e+01
5.425347222222222854e+01
4.600694444444444287e+01
3.862847222222221433e+01
3.211805555555555003e+01
2.647569444444444287e+01
2.170138888888888573e+01
1.779513888888888573e+01
1.475694444444444287e+01
1.258680555555555358e+01
1.128472222222221966e+01
1.085069444444444287e+01
1.128472222222222143e+01
1.258680555555555713e+01
1.475694444444444287e+01
1.779513888888888928e+01
2.170138888888889284e+01
2.647569444444444287e+01
3.211805555555555713e+01
3.862847222222222854e+01
4.600694444444444287e+01
5.425347222222224275e+01
6.336805555555557135e+01
7.335069444444444287e+01
7.031250000000000000e+01
6.032986111111110716e+01
5.121527777777778567e+01
4.296875000000000000e+01
3.559027777777777146e+01
2.907986111111110716e+01
2.343750000000000000e+01
1.866319444444444287e+01
1.475694444444444287e+01
1.171875000000000000e+01
9.548611111111110716e+00
8.246527777777776791e+00
7.812500000000000000e+00
8.246527777777778567e+00
9.548611111111114269e+00
1.171875000000000000e+01
1.475694444444444642e+01
1.866319444444444997e+01
2.343750000000000000e+01
2.907986111111111427e+01
3.559027777777778567e+01
4.296875000000000000e+01
5.121527777777779988e+01
6.032986111111112848e+01
7.031250000000000000e+01
6.814236111111111427e+01
5.815972222222221433e+01
4.904513888888889284e+01
4.079861111111110716e+01
3.342013888888888573e+01
2.690972222222221788e+01
2.126736111111111072e+01
1.649305555555555358e+01
1.258680555555555358e+01
9.548611111111110716e+00
7.378472222222219656e+00
6.076388888888885731e+00
5.642361111111109828e+00
6.076388888888888395e+00
7.378472222222223209e+00
9.548611111111110716e+00
1.258680555555555713e+01
1.649305555555556069e+01
2.126736111111111072e+01
2.690972222222222499e+01
3.342013888888889994e+01
4.079861111111110716e+01
4.904513888888890705e+01
5.815972222222223564e+01
6.814236111111111427e+01
6.684027777777777146e+01
5.685763888888888573e+01
4.774305555555556424e+01
3.949652777777777857e+01
3.211805555555554292e+01
2.560763888888888218e+01
1.996527777777777501e+01
1.519097222222221966e+01
1.128472222222221966e+01
8.246527777777776791e+00
6.076388888888885731e+00
4.774305555555552694e+00
4.340277777777776791e+00
4.774305555555555358e+00
6.076388888888890172e+00
8.246527777777776791e+00
1.128472222222222321e+01
1.519097222222222676e+01
1.996527777777777501e+01
2.560763888888888928e+01
3.211805555555555713e+01
3.949652777777777857e+01
4.774305555555557845e+01
5.685763888888890705e+01
6.684027777777777146e+01
6.640625000000000000e+01
5.642361111111110716e+01
4.730902777777778567e+01
3.906250000000000000e+01
3.168402777777777146e+01
2.517361111111110716e+01
1.953125000000000000e+01
1.475694444444444287e+01
1.085069444444444287e+01
7.812500000000000000e+00
5.642361111111109828e+00
4.340277777777776791e+00
3.906250000000000000e+00
4.340277777777778567e+00
5.642361111111113381e+00
7.812500000000000000e+00
1.085069444444444642e+01
1.475694444444444997e+01
1.953125000000000000e+01
2.517361111111111427e+01
3.168402777777778567e+01
3.906250000000000000e+01
4.730902777777779988e+01
5.642361111111112848e+01
6.640625000000000000e+01
6.684027777777777146e+01
5.685763888888888573e+01
4.774305555555556424e+01
3.949652777777777857e+01
3.211805555555555003e+01
2.560763888888888573e+01
1.996527777777777857e+01
1.519097222222222143e+01
1.128472222222222143e+01
8.246527777777778567e+00
6.076388888888888395e+00
4.774305555555555358e+00
4.340277777777778567e+00
4.774305555555557135e+00
6.076388888888891948e+00
8.246527777777778567e+00
1.128472222222222499e+01
1.519097222222222854e+01
1.996527777777777857e+01
2.560763888888889284e+01
3.211805555555556424e+01
3.949652777777777857e+01
4.774305555555557845e+01
5.685763888888890705e+01
6.684027777777777146e+01
6.814236111111111427e+01
5.815972222222222143e+01
4.904513888888889994e+01
4.079861111111111427e+01
3.342013888888888573e+01
2.690972222222222143e+01
2.126736111111111427e+01
1.649305555555555713e+01
1.258680555555555713e+01
9.548611111111114269e+00
7.378472222222223209e+00
6.076388888888890172e+00
5.642361111111113381e+00
6.076388888888891948e+00
7.378472222222226762e+00
9.548611111111114269e+00
1.258680555555556069e+01
1.649305555555556424e+01
2.126736111111111427e+01
2.690972222222222854e+01
3.342013888888889994e+01
4.079861111111111427e+01
4.904513888888891415e+01
5.815972222222224275e+01
6.814236111111111427e+01
7.031250000000000000e+01
6.032986111111110716e+01
5.121527777777778567e+01
4.296875000000000000e+01
3.559027777777777146e+01
2.907986111111110716e+01
2.343750000000000000e+01
1.866319444444444287e+01
1.475694444444444287e+01
1.171875000000000000e+01
9.548611111111110716e+00
8.246527777777776791e+00
7.812500000000000000e+00
8.246527777777778567e+00
9.548611111111114269e+00
1.171875000000000000e+01
1.475694444444444642e+01
1.866319444444444997e+01
2.343750000000000000e+01
2.907986111111111427e+01
3.559027777777778567e+01
4.296875000000000000e+01
5.121527777777779988e+01
6.032986111111112848e+01
7.031250000000000000e+01
7.335069444444444287e+01
6.336805555555555713e+01
5.425347222222222854e+01
4.600694444444444287e+01
3.862847222222221433e+01
3.211805555555555713e+01
2.647569444444444642e+01
2.170138888888888928e+01
1.779513888888888928e+01
1.475694444444444642e+01
1.258680555555555713e+01
1.128472222222222321e+01
1.085069444444444642e+01
1.128472222222222499e+01
1.258680555555556069e+01
1.475694444444444642e+01
1.779513888888889284e+01
2.170138888888889639e+01
2.647569444444444642e+01
3.211805555555555713e+01
3.862847222222222854e+01
4.600694444444444287e+01
5.425347222222224275e+01
6.336805555555557135e+01
7.335069444444444287e+01
7.725694444444445708e+01
6.727430555555555713e+01
5.815972222222223564e+01
4.991319444444444997e+01
4.253472222222222143e+01
3.602430555555555713e+01
3.038194444444444997e+01
2.560763888888889284e+01
2.170138888888889284e+01
1.866319444444444997e+01
1.649305555555556069e+01
1.519097222222222676e+01
1.475694444444444997e+01
1.519097222222222854e+01
1.649305555555556424e+01
1.866319444444444997e+01
2.170138888888889639e+01
2.560763888888889994e+01
3.038194444444444997e+01
3.602430555555556424e+01
4.253472222222223564e+01
4.991319444444444997e+01
5.815972222222224985e+01
6.727430555555557135e+01
7.725694444444445708e+01
8.203125000000000000e+01
7.204861111111111427e+01
6.293402777777778567e+01
5.468750000000000000e+01
4.730902777777777146e+01
4.079861111111110716e+01
3.515625000000000000e+01
3.038194444444444287e+01
2.647569444444444287e+01
2.343750000000000000e+01
2.126736111111111072e+01
1.996527777777777501e+01
1.953125000000000000e+01
1.996527777777777857e+01
2.126736111111111427e+01
2.343750000000000000e+01
2.647569444444444642e+01
3.038194444444444997e+01
3.515625000000000000e+01
4.079861111111111427e+01
4.730902777777778567e+01
5.468750000000000000e+01
6.293402777777779988e+01
7.204861111111112848e+01
8.203125000000000000e+01
8.767361111111111427e+01
7.769097222222222854e+01
6.857638888888889994e+01
6.032986111111111427e+01
5.295138888888888573e+01
4.644097222222222143e+01
4.079861111111111427e+01
3.602430555555555713e+01
3.211805555555555713e+01
2.907986111111111427e+01
2.690972222222222499e+01
2.560763888888888928e+01
2.517361111111111427e+01
2.560763888888889284e+01
2.690972222222222854e+01
2.907986111111111427e+01
3.211805555555555713e+01
3.602430555555556424e+01
4.079861111111111427e+01
4.644097222222222854e+01
5.295138888888889994e+01
6.032986111111111427e+01
6.857638888888891415e+01
7.769097222222224275e+01
8.767361111111111427e+01
9.418402777777778567e+01
8.420138888888888573e+01
7.508680555555557135e+01
6.684027777777778567e+01
5.946180555555555713e+01
5.295138888888889284e+01
4.730902777777778567e+01
4.253472222222222854e+01
3.862847222222222854e+01
3.559027777777778567e+01
3.342013888888889994e+01
3.211805555555555713e+01
3.168402777777778567e+01
3.211805555555556424e+01
3.342013888888889994e+01
3.559027777777778567e+01
3.862847222222222854e+01
4.253472222222223564e+01
4.730902777777778567e+01
5.295138888888889994e+01
5.946180555555557135e+01
6.684027777777778567e+01
7.508680555555558556e+01
8.420138888888891415e+01
9.418402777777778567e+01
1.015625000000000000e+02
9.157986111111111427e+01
8.246527777777778567e+01
7.421875000000000000e+01
6.684027777777777146e+01
6.032986111111110716e+01
5.468750000000000000e+01
4.991319444444444287e+01
4.600694444444444287e+01
4.296875000000000000e+01
4.079861111111110716e+01
3.949652777777777857e+01
3.906250000000000000e+01
3.949652777777777857e+01
4.079861111111111427e+01
4.296875000000000000e+01
4.600694444444444287e+01
4.991319444444444997e+01
5.468750000000000000e+01
6.032986111111111427e+01
6.684027777777778567e+01
7.421875000000000000e+01
8.246527777777779988e+01
9.157986111111112848e+01
1.015625000000000000e+02
1.098090277777777999e+02
9.982638888888891415e+01
9.071180555555558556e+01
8.246527777777779988e+01
7.508680555555557135e+01
6.857638888888891415e+01
6.293402777777779988e+01
5.815972222222224275e+01
5.425347222222224275e+01
5.121527777777779988e+01
4.904513888888890705e+01
4.774305555555557845e+01
4.730902777777779988e+01
4.774305555555557845e+01
4.904513888888891415e+01
5.121527777777779988e+01
5.425347222222224275e+01
5.815972222222224985e+01
6.293402777777779988e+01
6.857638888888891415e+01
7.508680555555558556e+01
8.246527777777779988e+01
9.071180555555559977e+01
9.982638888888892836e+01
1.098090277777777999e+02
1.189236111111111285e+02
1.089409722222222285e+02
9.982638888888891415e+01
9.157986111111112848e+01
8.420138888888889994e+01
7.769097222222222854e+01
7.204861111111112848e+01
6.727430555555557135e+01
6.336805555555557135e+01
6.032986111111112848e+01
5.815972222222223564e+01
5.685763888888890705e+01
5.642361111111112848e+01
5.685763888888890705e+01
5.815972222222224275e+01
6.032986111111112848e+01
6.336805555555557135e+01
6.727430555555557135e+01
7.204861111111112848e+01
7.769097222222224275e+01
8.420138888888891415e+01
9.157986111111112848e+01
9.982638888888892836e+01
1.089409722222222570e+02
1.189236111111111285e+02
1.289062500000000000e+02
1.189236111111111143e+02
1.098090277777777857e+02
1.015625000000000000e+02
9.418402777777777146e+01
8.767361111111111427e+01
8.203125000000000000e+01
7.725694444444444287e+01
7.335069444444444287e+01
7.031250000000000000e+01
6.814236111111111427e+01
6.684027777777777146e+01
6.640625000000000000e+01
6.684027777777777146e+01
6.814236111111111427e+01
7.031250000000000000e+01
7.335069444444444287e+01
7.725694444444445708e+01
8.203125000000000000e+01
8.767361111111111427e+01
9.418402777777778567e+01
1.015625000000000000e+02
1.098090277777777999e+02
1.189236111111111285e+02
1.289062500000000000e+02
1.267361111111111143e+02
1.167534722222222285e+02
1.076388888888888999e+02
9.939236111111111427e+01
9.201388888888888573e+01
8.550347222222222854e+01
7.986111111111111427e+01
7.508680555555555713e+01
7.118055555555555713e+01
6.814236111111111427e+01
6.597222222222222854e+01
6.467013888888888573e+01
6.423611111111111427e+01
6.467013888888888573e+01
6.597222222222222854e+01
6.814236111111111427e+01
7.118055555555555713e+01
7.508680555555557135e+01
7.986111111111111427e+01
8.550347222222222854e+01
9.201388888888889994e+01
9.939236111111111427e+01
1.076388888888889142e+02
1.167534722222222427e+02
1.267361111111111143e+02
1.167534722222222285e+02
1.067708333333333286e+02
9.765625000000000000e+01
8.940972222222222854e+01
8.203125000000000000e+01
7.552083333333332860e+01
6.987847222222222854e+01
6.510416666666665719e+01
6.119791666666665719e+01
5.815972222222221433e+01
5.598958333333332149e+01
5.468749999999999289e+01
5.425347222222221433e+01
5.468749999999999289e+01
5.598958333333332860e+01
5.815972222222221433e+01
6.119791666666666430e+01
6.510416666666667140e+01
6.987847222222222854e+01
7.552083333333334281e+01
8.203125000000000000e+01
8.940972222222222854e+01
9.765625000000002842e+01
1.067708333333333428e+02
1.167534722222222285e+02
1.076388888888888999e+02
9.765625000000000000e+01
8.854166666666668561e+01
8.029513888888889994e+01
7.291666666666667140e+01
6.640625000000000000e+01
6.076388888888889284e+01
5.598958333333333570e+01
5.208333333333333570e+01
4.904513888888889284e+01
4.687500000000000000e+01
4.557291666666667140e+01
4.513888888888889284e+01
4.557291666666667140e+01
4.687500000000000711e+01
4.904513888888889284e+01
5.208333333333333570e+01
5.598958333333334281e+01
6.076388888888889284e+01
6.640625000000001421e+01
7.291666666666668561e+01
8.029513888888889994e+01
8.854166666666669983e+01
9.765625000000002842e+01
1.076388888888888999e+02
9.939236111111111427e+01
8.940972222222222854e+01
8.029513888888889994e+01
7.204861111111111427e+01
6.467013888888888573e+01
5.815972222222221433e+01
5.251736111111110716e+01
4.774305555555555003e+01
4.383680555555555003e+01
4.079861111111110716e+01
3.862847222222221433e+01
3.732638888888888573e+01
3.689236111111110716e+01
3.732638888888888573e+01
3.862847222222222143e+01
4.079861111111110716e+01
4.383680555555555003e+01
4.774305555555555713e+01
5.251736111111110716e+01
5.815972222222222143e+01
6.467013888888889994e+01
7.204861111111111427e+01
8.029513888888891415e+01
8.940972222222224275e+01
9.939236111111111427e+01
9.201388888888888573e+01
8.203125000000000000e+01
7.291666666666667140e+01
6.467013888888888573e+01
5.729166666666665009e+01
5.078124999999998579e+01
4.513888888888887863e+01
4.036458333333332149e+01
3.645833333333332149e+01
3.342013888888887863e+01
3.124999999999999289e+01
2.994791666666665719e+01
2.951388888888888218e+01
2.994791666666666075e+01
3.124999999999999645e+01
3.342013888888887863e+01
3.645833333333332149e+01
4.036458333333332860e+01
4.513888888888887863e+01
5.078124999999999289e+01
5.729166666666666430e+01
6.467013888888888573e+01
7.291666666666668561e+01
8.203125000000001421e+01
9.201388888888888573e+01
8.550347222222222854e+01
7.552083333333332860e+01
6.640625000000000000e+01
5.815972222222221433e+01
5.078124999999998579e+01
4.427083333333332149e+01
3.862847222222221433e+01
3.385416666666665719e+01
2.994791666666666075e+01
2.690972222222221788e+01
2.473958333333332860e+01
2.343749999999999289e+01
2.300347222222221788e+01
2.343749999999999645e+01
2.473958333333333215e+01
2.690972222222221788e+01
2.994791666666666430e+01
3.385416666666666430e+01
3.862847222222221433e+01
4.427083333333332860e+01
5.078125000000000000e+01
5.815972222222221433e+01
6.640625000000002842e+01
7.552083333333334281e+01
8.550347222222222854e+01
7.986111111111111427e+01
6.987847222222222854e+01
6.076388888888889284e+01
5.251736111111110716e+01
4.513888888888887863e+01
3.862847222222221433e+01
3.298611111111110716e+01
2.821180555555555358e+01
2.430555555555555358e+01
2.126736111111111072e+01
1.909722222222222143e+01
1.779513888888888573e+01
1.736111111111111072e+01
1.779513888888888928e+01
1.909722222222222499e+01
2.126736111111111072e+01
2.430555555555555713e+01
2.821180555555556069e+01
3.298611111111110716e+01
3.862847222222222143e+01
4.513888888888889284e+01
5.251736111111110716e+01
6.076388888888890705e+01
6.987847222222224275e+01
7.986111111111111427e+01
7.508680555555555713e+01
6.510416666666665719e+01
5.598958333333333570e+01
4.774305555555555003e+01
4.036458333333332149e+01
3.385416666666665719e+01
2.821180555555555358e+01
2.343749999999999645e+01
1.953124999999999645e+01
1.649305555555555358e+01
1.432291666666666430e+01
1.302083333333332860e+01
1.258680555555555358e+01
1.302083333333333215e+01
1.432291666666666785e+01
1.649305555555555358e+01
1.953125000000000000e+01
2.343750000000000355e+01
2.821180555555555358e+01
3.385416666666666430e+01
4.036458333333333570e+01
4.774305555555555003e+01
5.598958333333334991e+01
6.510416666666668561e+01
7.508680555555555713e+01
7.118055555555555713e+01
6.119791666666665719e+01
5.208333333333333570e+01
4.383680555555555003e+01
3.645833333333332149e+01
2.994791666666666075e+01
2.430555555555555358e+01
1.953124999999999645e+01
1.562499999999999645e+01
1.258680555555555358e+01
1.041666666666666430e+01
9.114583333333328596e+00
8.680555555555553582e+00
9.114583333333332149e+00
1.041666666666666785e+01
1.258680555555555358e+01
1.562500000000000000e+01
1.953125000000000355e+01
2.430555555555555358e+01
2.994791666666666785e+01
3.645833333333333570e+01
4.383680555555555003e+01
5.208333333333334991e+01
6.119791666666667851e+01
7.118055555555555713e+01
6.814236111111111427e+01
5.815972222222221433e+01
4.904513888888889284e+01
4.079861111111110716e+01
3.342013888888887863e+01
2.690972222222221788e+01
2.126736111111111072e+01
1.649305555555555358e+01
1.258680555555555358e+01
9.548611111111110716e+00
7.378472222222219656e+00
6.076388888888886619e+00
5.642361111111109828e+00
6.076388888888888395e+00
7.378472222222223209e+00
9.548611111111110716e+00
1.258680555555555713e+01
1.649305555555556069e+01
2.126736111111111072e+01
2.690972222222222499e+01
3.342013888888889284e+01
4.079861111111110716e+01
4.904513888888890705e+01
5.815972222222223564e+01
6.814236111111111427e+01
6.597222222222222854e+01
5.598958333333332149e+01
4.687500000000000000e+01
3.862847222222221433e+01
3.124999999999999289e+01
2.473958333333332860e+01
1.909722222222222143e+01
1.432291666666666430e+01
1.041666666666666430e+01
7.378472222222219656e+00
5.208333333333329485e+00
3.906249999999996003e+00
3.472222222222219656e+00
3.906249999999998224e+00
5.208333333333333037e+00
7.378472222222219656e+00
1.041666666666666785e+01
1.432291666666667140e+01
1.909722222222222143e+01
2.473958333333333570e+01
3.125000000000000711e+01
3.862847222222221433e+01
4.687500000000001421e+01
5.598958333333334281e+01
6.597222222222222854e+01
6.467013888888888573e+01
5.468749999999999289e+01
4.557291666666667140e+01
3.732638888888888573e+01
2.994791666666665719e+01
2.343749999999999289e+01
1.779513888888888573e+01
1.302083333333332860e+01
9.114583333333328596e+00
6.076388888888886619e+00
3.906249999999996003e+00
2.604166666666662966e+00
2.170138888888886175e+00
2.604166666666664742e+00
3.906250000000000000e+00
6.076388888888886619e+00
9.114583333333332149e+00
1.302083333333333570e+01
1.779513888888888573e+01
2.343750000000000000e+01
2.994791666666667140e+01
3.732638888888888573e+01
4.557291666666668561e+01
5.468750000000001421e+01
6.467013888888888573e+01
6.423611111111111427e+01
5.425347222222221433e+01
4.513888888888889284e+01
3.689236111111110716e+01
2.951388888888888218e+01
2.300347222222221788e+01
1.736111111111111072e+01
1.258680555555555358e+01
8.680555555555553582e+00
5.642361111111109828e+00
3.472222222222219656e+00
2.170138888888886175e+00
1.736111111111109828e+00
2.170138888888888395e+00
3.472222222222223209e+00
5.642361111111109828e+00
8.680555555555557135e+00
1.258680555555556069e+01
1.736111111111111072e+01
2.300347222222222499e+01
2.951388888888889639e+01
3.689236111111110716e+01
4.513888888888890705e+01
5.425347222222223564e+01
6.423611111111111427e+01
6.467013888888888573e+01
5.468749999999999289e+01
4.557291666666667140e+01
3.732638888888888573e+01
2.994791666666666075e+01
2.343749999999999645e+01
1.779513888888888928e+01
1.302083333333333215e+01
9.114583333333332149e+00
6.076388888888888395e+00
3.906249999999998224e+00
2.604166666666664742e+00
2.170138888888888395e+00
2.604166666666666519e+00
3.906250000000001776e+00
6.076388888888888395e+00
9.114583333333335702e+00
1.302083333333333925e+01
1.779513888888888928e+01
2.343750000000000355e+01
2.994791666666667496e+01
3.732638888888888573e+01
4.557291666666668561e+01
5.468750000000001421e+01
6.467013888888888573e+01
6.597222222222222854e+01
5.598958333333332860e+01
4.687500000000000711e+01
3.862847222222222143e+01
3.124999999999999645e+01
2.473958333333333215e+01
1.909722222222222499e+01
1.432291666666666785e+01
1.041666666666666785e+01
7.378472222222223209e+00
5.208333333333333037e+00
3.906250000000000000e+00
3.472222222222223209e+00
3.906250000000001776e+00
5.208333333333337478e+00
7.378472222222223209e+00
1.041666666666667140e+01
1.432291666666667496e+01
1.909722222222222499e+01
2.473958333333333925e+01
3.125000000000001066e+01
3.862847222222222143e+01
4.687500000000002132e+01
5.598958333333334991e+01
6.597222222222222854e+01
6.814236111111111427e+01
5.815972222222221433e+01
4.904513888888889284e+01
4.079861111111110716e+01
3.342013888888887863e+01
2.690972222222221788e+01
2.126736111111111072e+01
1.649305555555555358e+01
1.258680555555555358e+01
9.548611111111110716e+00
7.378472222222219656e+00
6.076388888888886619e+00
5.642361111111109828e+00
6.076388888888888395e+00
7.378472222222223209e+00
9.548611111111110716e+00
1.258680555555555713e+01
1.649305555555556069e+01
2.126736111111111072e+01
2.690972222222222499e+01
3.342013888888889284e+01
4.079861111111110716e+01
4.904513888888890705e+01
5.815972222222223564e+01
6.814236111111111427e+01
7.118055555555555713e+01
6.119791666666666430e+01
5.208333333333333570e+01
4.383680555555555003e+01
3.645833333333332149e+01
2.994791666666666430e+01
2.430555555555555713e+01
1.953125000000000000e+01
1.562500000000000000e+01
1.258680555555555713e+01
1.041666666666666785e+01
9.114583333333332149e+00
8.680555555555557135e+00
9.114583333333335702e+00
1.041666666666667140e+01
1.258680555555555713e+01
1.562500000000000355e+01
1.953125000000000711e+01
2.430555555555555713e+01
2.994791666666667140e+01
3.645833333333333570e+01
4.383680555555555003e+01
5.208333333333334991e+01
6.119791666666667851e+01
7.118055555555555713e+01
7.508680555555557135e+01
6.510416666666667140e+01
5.598958333333334281e+01
4.774305555555555713e+01
4.036458333333332860e+01
3.385416666666666430e+01
2.821180555555556069e+01
2.343750000000000355e+01
1.953125000000000355e+01
1.649305555555556069e+01
1.432291666666667140e+01
1.302083333333333570e+01
1.258680555555556069e+01
1.302083333333333925e+01
1.432291666666667496e+01
1.649305555555556069e+01
1.953125000000000711e+01
2.343750000000001066e+01
2.821180555555556069e+01
3.385416666666667140e+01
4.036458333333334281e+01
4.774305555555555713e+01
5.598958333333335702e+01
6.510416666666668561e+01
7.508680555555557135e+01
7.986111111111111427e+01
6.987847222222222854e+01
6.076388888888889284e+01
5.251736111111110716e+01
4.513888888888887863e+01
3.862847222222221433e+01
3.298611111111110716e+01
2.821180555555555358e+01
2.430555555555555358e+01
2.126736111111111072e+01
1.909722222222222143e+01
1.779513888888888573e+01
1.736111111111111072e+01
1.779513888888888928e+01
1.909722222222222499e+01
2.126736111111111072e+01
2.430555555555555713e+01
2.821180555555556069e+01
3.298611111111110716e+01
3.862847222222222143e+01
4.513888888888889284e+01
5.251736111111110716e+01
6.076388888888890705e+01
6.987847222222224275e+01
7.986111111111111427e+01
8.550347222222222854e+01
7.552083333333334281e+01
6.640625000000001421e+01
5.815972222222222143e+01
5.078124999999999289e+01
4.427083333333332860e+01
3.862847222222222143e+01
3.385416666666666430e+01
2.994791666666666785e+01
2.690972222222222499e+01
2.473958333333333570e+01
2.343750000000000000e+01
2.300347222222222499e+01
2.343750000000000355e+01
2.473958333333333925e+01
2.690972222222222499e+01
2.994791666666667140e+01
3.385416666666667140e+01
3.862847222222222143e+01
4.427083333333333570e+01
5.078125000000000711e+01
5.815972222222222143e+01
6.640625000000002842e+01
7.552083333333335702e+01
8.550347222222222854e+01
9.201388888888889994e+01
8.203125000000000000e+01
7.291666666666668561e+01
6.467013888888889994e+01
5.729166666666666430e+01
5.078125000000000000e+01
4.513888888888889284e+01
4.036458333333333570e+01
3.645833333333333570e+01
3.342013888888889284e+01
3.125000000000000711e+01
2.994791666666667140e+01
2.951388888888889639e+01
2.994791666666667496e+01
3.125000000000001066e+01
3.342013888888889284e+01
3.645833333333333570e+01
4.036458333333334281e+01
4.513888888888889284e+01
5.078125000000000711e+01
5.729166666666667851e+01
6.467013888888889994e+01
7.291666666666669983e+01
8.203125000000002842e+01
9.201388888888889994e+01
9.939236111111111427e+01
8.940972222222222854e+01
8.029513888888889994e+01
7.204861111111111427e+01
6.467013888888888573e+01
5.815972222222221433e+01
5.251736111111110716e+01
4.774305555555555003e+01
4.383680555555555003e+01
4.079861111111110716e+01
3.862847222222221433e+01
3.732638888888888573e+01
3.689236111111110716e+01
3.732638888888888573e+01
3.862847222222222143e+01
4.079861111111110716e+01
4.383680555555555003e+01
4.774305555555555713e+01
5.251736111111110716e+01
5.815972222222222143e+01
6.467013888888889994e+01
7.204861111111111427e+01
8.029513888888891415e+01
8.940972222222224275e+01
9.939236111111111427e+01
1.076388888888889142e+02
9.765625000000002842e+01
8.854166666666669983e+01
8.029513888888891415e+01
7.291666666666668561e+01
6.640625000000002842e+01
6.076388888888890705e+01
5.598958333333334991e+01
5.208333333333334991e+01
4.904513888888890705e+01
4.687500000000001421e+01
4.557291666666668561e+01
4.513888888888890705e+01
4.557291666666668561e+01
4.687500000000002132e+01
4.904513888888890705e+01
5.208333333333334991e+01
5.598958333333335702e+01
6.076388888888890705e+01
6.640625000000002842e+01
7.291666666666669983e+01
8.029513888888891415e+01
8.854166666666671404e+01
9.765625000000004263e+01
1.076388888888889142e+02
1.167534722222222427e+02
1.067708333333333428e+02
9.765625000000002842e+01
8.940972222222224275e+01
8.203125000000001421e+01
7.552083333333334281e+01
6.987847222222224275e+01
6.510416666666668561e+01
6.119791666666667851e+01
5.815972222222223564e+01
5.598958333333334281e+01
5.468750000000001421e+01
5.425347222222223564e+01
5.468750000000001421e+01
5.598958333333334991e+01
5.815972222222223564e+01
6.119791666666667851e+01
6.510416666666668561e+01
6.987847222222224275e+01
7.552083333333335702e+01
8.203125000000002842e+01
8.940972222222224275e+01
9.765625000000004263e+01
1.067708333333333712e+02
1.167534722222222427e+02
1.267361111111111143e+02
1.167534722222222285e+02
1.076388888888888999e+02
9.939236111111111427e+01
9.201388888888888573e+01
8.550347222222222854e+01
7.986111111111111427e+01
7.508680555555555713e+01
7.118055555555555713e+01
6.814236111111111427e+01
6.597222222222222854e+01
6.467013888888888573e+01
6.423611111111111427e+01
6.467013888888888573e+01
6.597222222222222854e+01
6.814236111111111427e+01
7.118055555555555713e+01
7.508680555555557135e+01
7.986111111111111427e+01
8.550347222222222854e+01
9.201388888888889994e+01
9.939236111111111427e+01
1.076388888888889142e+02
1.167534722222222427e+02
1.267361111111111143e+02
1.254340277777777715e+02
1.154513888888888857e+02
1.063368055555555571e+02
9.809027777777777146e+01
9.071180555555554292e+01
8.420138888888888573e+01
7.855902777777777146e+01
7.378472222222221433e+01
6.987847222222221433e+01
6.684027777777777146e+01
6.467013888888888573e+01
6.336805555555555713e+01
6.293402777777777857e+01
6.336805555555555713e+01
6.467013888888888573e+01
6.684027777777777146e+01
6.987847222222221433e+01
7.378472222222222854e+01
7.855902777777777146e+01
8.420138888888888573e+01
9.071180555555555713e+01
9.809027777777777146e+01
1.063368055555555713e+02
1.154513888888888999e+02
1.254340277777777715e+02
1.154513888888888857e+02
1.054687499999999858e+02
9.635416666666665719e+01
8.810763888888888573e+01
8.072916666666665719e+01
7.421874999999998579e+01
6.857638888888888573e+01
6.380208333333332860e+01
5.989583333333332860e+01
5.685763888888888573e+01
5.468749999999999289e+01
5.338541666666666430e+01
5.295138888888888573e+01
5.338541666666666430e+01
5.468750000000000000e+01
5.685763888888888573e+01
5.989583333333333570e+01
6.380208333333333570e+01
6.857638888888888573e+01
7.421875000000000000e+01
8.072916666666665719e+01
8.810763888888888573e+01
9.635416666666668561e+01
1.054687500000000000e+02
1.154513888888888857e+02
1.063368055555555571e+02
9.635416666666665719e+01
8.723958333333334281e+01
7.899305555555555713e+01
7.161458333333332860e+01
6.510416666666665719e+01
5.946180555555556424e+01
5.468750000000000711e+01
5.078125000000000711e+01
4.774305555555556424e+01
4.557291666666667140e+01
4.427083333333334281e+01
4.383680555555556424e+01
4.427083333333334281e+01
4.557291666666667851e+01
4.774305555555556424e+01
5.078125000000000711e+01
5.468750000000001421e+01
5.946180555555556424e+01
6.510416666666667140e+01
7.161458333333334281e+01
7.899305555555555713e+01
8.723958333333335702e+01
9.635416666666668561e+01
1.063368055555555571e+02
9.809027777777777146e+01
8.810763888888888573e+01
7.899305555555555713e+01
7.074652777777777146e+01
6.336805555555555003e+01
5.685763888888888573e+01
5.121527777777777857e+01
4.644097222222222143e+01
4.253472222222222143e+01
3.949652777777777857e+01
3.732638888888888573e+01
3.602430555555555713e+01
3.559027777777777857e+01
3.602430555555555713e+01
3.732638888888889284e+01
3.949652777777777857e+01
4.253472222222222143e+01
4.644097222222222854e+01
5.121527777777777857e+01
5.685763888888889284e+01
6.336805555555556424e+01
7.074652777777777146e+01
7.899305555555557135e+01
8.810763888888889994e+01
9.809027777777777146e+01
9.071180555555554292e+01
8.072916666666665719e+01
7.161458333333332860e+01
6.336805555555555003e+01
5.598958333333332149e+01
4.947916666666665719e+01
4.383680555555555003e+01
3.906249999999999289e+01
3.515624999999999289e+01
3.211805555555555003e+01
2.994791666666665719e+01
2.864583333333332149e+01
2.821180555555554648e+01
2.864583333333332504e+01
2.994791666666666075e+01
3.211805555555555003e+01
3.515624999999999289e+01
3.906250000000000000e+01
4.383680555555555003e+01
4.947916666666666430e+01
5.598958333333333570e+01
6.336805555555555003e+01
7.161458333333334281e+01
8.072916666666667140e+01
9.071180555555554292e+01
8.420138888888888573e+01
7.421874999999998579e+01
6.510416666666665719e+01
5.685763888888888573e+01
4.947916666666665719e+01
4.296874999999999289e+01
3.732638888888888573e+01
3.255208333333332860e+01
2.864583333333332504e+01
2.560763888888888218e+01
2.343749999999999289e+01
2.213541666666665719e+01
2.170138888888888218e+01
2.213541666666666075e+01
2.343749999999999645e+01
2.560763888888888218e+01
2.864583333333332860e+01
3.255208333333333570e+01
3.732638888888888573e+01
4.296875000000000000e+01
4.947916666666667140e+01
5.685763888888888573e+01
6.510416666666668561e+01
7.421875000000000000e+01
8.420138888888888573e+01
7.855902777777777146e+01
6.857638888888888573e+01
5.946180555555556424e+01
5.121527777777777857e+01
4.383680555555555003e+01
3.732638888888888573e+01
3.168402777777777501e+01
2.690972222222221788e+01
2.300347222222221788e+01
1.996527777777777501e+01
1.779513888888888573e+01
1.649305555555555003e+01
1.605902777777777501e+01
1.649305555555555358e+01
1.779513888888888928e+01
1.996527777777777501e+01
2.300347222222222143e+01
2.690972222222222499e+01
3.168402777777777501e+01
3.732638888888889284e+01
4.383680555555556424e+01
5.121527777777777857e+01
5.946180555555557845e+01
6.857638888888889994e+01
7.855902777777777146e+01
7.378472222222221433e+01
6.380208333333332860e+01
5.468750000000000711e+01
4.644097222222222143e+01
3.906249999999999289e+01
3.255208333333332860e+01
2.690972222222221788e+01
2.213541666666666075e+01
1.822916666666666075e+01
1.519097222222221966e+01
1.302083333333333037e+01
1.171874999999999645e+01
1.128472222222221966e+01
1.171874999999999822e+01
1.302083333333333393e+01
1.519097222222221966e+01
1.822916666666666430e+01
2.213541666666666785e+01
2.690972222222221788e+01
3.255208333333333570e+01
3.906250000000000711e+01
4.644097222222222143e+01
5.468750000000002132e+01
6.380208333333334991e+01
7.378472222222221433e+01
6.987847222222221433e+01
5.989583333333332860e+01
5.078125000000000711e+01
4.253472222222222143e+01
3.515624999999999289e+01
2.864583333333332504e+01
2.300347222222221788e+01
1.822916666666666075e+01
1.432291666666666252e+01
1.128472222222221966e+01
9.114583333333330373e+00
7.812499999999996447e+00
7.378472222222219656e+00
7.812499999999998224e+00
9.114583333333333925e+00
1.128472222222221966e+01
1.432291666666666607e+01
1.822916666666666785e+01
2.300347222222221788e+01
2.864583333333333215e+01
3.515625000000000711e+01
4.253472222222222143e+01
5.078125000000002132e+01
5.989583333333334991e+01
6.987847222222221433e+01
6.684027777777777146e+01
5.685763888888888573e+01
4.774305555555556424e+01
3.949652777777777857e+01
3.211805555555555003e+01
2.560763888888888218e+01
1.996527777777777501e+01
1.519097222222221966e+01
1.128472222222221966e+01
8.246527777777776791e+00
6.076388888888886619e+00
4.774305555555553582e+00
4.340277777777776791e+00
4.774305555555555358e+00
6.076388888888890172e+00
8.246527777777776791e+00
1.128472222222222321e+01
1.519097222222222676e+01
1.996527777777777501e+01
2.560763888888888928e+01
3.211805555555556424e+01
3.949652777777777857e+01
4.774305555555557845e+01
5.685763888888890705e+01
6.684027777777777146e+01
6.467013888888888573e+01
5.468749999999999289e+01
4.557291666666667140e+01
3.732638888888888573e+01
2.994791666666665719e+01
2.343749999999999289e+01
1.779513888888888573e+01
1.302083333333333037e+01
9.114583333333330373e+00
6.076388888888886619e+00
3.906249999999996003e+00
2.604166666666662522e+00
2.170138888888886175e+00
2.604166666666664742e+00
3.906249999999999556e+00
6.076388888888886619e+00
9.114583333333333925e+00
1.302083333333333748e+01
1.779513888888888573e+01
2.343750000000000000e+01
2.994791666666667140e+01
3.732638888888888573e+01
4.557291666666668561e+01
5.468750000000001421e+01
6.467013888888888573e+01
6.336805555555555713e+01
5.338541666666666430e+01
4.427083333333334281e+01
3.602430555555555713e+01
2.864583333333332149e+01
2.213541666666665719e+01
1.649305555555555003e+01
1.171874999999999645e+01
7.812499999999996447e+00
4.774305555555553582e+00
2.604166666666662522e+00
1.302083333333329485e+00
8.680555555555530267e-01
1.302083333333331483e+00
2.604166666666666519e+00
4.774305555555553582e+00
7.812500000000000000e+00
1.171875000000000355e+01
1.649305555555555003e+01
2.213541666666666430e+01
2.864583333333333570e+01
3.602430555555555713e+01
4.427083333333335702e+01
5.338541666666668561e+01
6.336805555555555713e+01
6.293402777777777857e+01
5.295138888888888573e+01
4.383680555555556424e+01
3.559027777777777857e+01
2.821180555555554648e+01
2.170138888888888218e+01
1.605902777777777501e+01
1.128472222222221966e+01
7.378472222222219656e+00
4.340277777777776791e+00
2.170138888888886175e+00
8.680555555555530267e-01
4.340277777777765134e-01
8.680555555555549141e-01
2.170138888888890172e+00
4.340277777777776791e+00
7.378472222222223209e+00
1.128472222222222676e+01
1.605902777777777501e+01
2.170138888888888928e+01
2.821180555555556069e+01
3.559027777777777857e+01
4.383680555555557845e+01
5.295138888888890705e+01
6.293402777777777857e+01
6.336805555555555713e+01
5.338541666666666430e+01
4.427083333333334281e+01
3.602430555555555713e+01
2.864583333333332504e+01
2.213541666666666075e+01
1.649305555555555358e+01
1.171874999999999822e+01
7.812499999999998224e+00
4.774305555555555358e+00
2.604166666666664742e+00
1.302083333333331483e+00
8.680555555555549141e-01
1.302083333333333259e+00
2.604166666666668295e+00
4.774305555555555358e+00
7.812500000000001776e+00
1.171875000000000533e+01
1.649305555555555358e+01
2.213541666666666785e+01
2.864583333333333925e+01
3.602430555555555713e+01
4.427083333333335702e+01
5.338541666666668561e+01
6.336805555555555713e+01
6.467013888888888573e+01
5.468750000000000000e+01
4.557291666666667851e+01
3.732638888888889284e+01
2.994791666666666075e+01
2.343749999999999645e+01
1.779513888888888928e+01
1.302083333333333393e+01
9.114583333333333925e+00
6.076388888888890172e+00
3.906249999999999556e+00
2.604166666666666519e+00
2.170138888888890172e+00
2.604166666666668295e+00
3.906250000000003553e+00
6.076388888888890172e+00
9.114583333333337478e+00
1.302083333333334103e+01
1.779513888888888928e+01
2.343750000000000355e+01
2.994791666666667496e+01
3.732638888888889284e+01
4.557291666666669272e+01
5.468750000000002132e+01
6.467013888888888573e+01
6.684027777777777146e+01
5.685763888888888573e+01
4.774305555555556424e+01
3.949652777777777857e+01
3.211805555555555003e+01
2.560763888888888218e+01
1.996527777777777501e+01
1.519097222222221966e+01
1.128472222222221966e+01
8.246527777777776791e+00
6.076388888888886619e+00
4.774305555555553582e+00
4.340277777777776791e+00
4.774305555555555358e+00
6.076388888888890172e+00
8.246527777777776791e+00
1.128472222222222321e+01
1.519097222222222676e+01
1.996527777777777501e+01
2.560763888888888928e+01
3.211805555555556424e+01
3.949652777777777857e+01
4.774305555555557845e+01
5.685763888888890705e+01
6.684027777777777146e+01
6.987847222222221433e+01
5.989583333333333570e+01
5.078125000000000711e+01
4.253472222222222143e+01
3.515624999999999289e+01
2.864583333333332860e+01
2.300347222222222143e+01
1.822916666666666430e+01
1.432291666666666607e+01
1.128472222222222321e+01
9.114583333333333925e+00
7.812500000000000000e+00
7.378472222222223209e+00
7.812500000000001776e+00
9.114583333333337478e+00
1.128472222222222321e+01
1.432291666666666963e+01
1.822916666666667140e+01
2.300347222222222143e+01
2.864583333333333570e+01
3.515625000000000711e+01
4.253472222222222143e+01
5.078125000000002132e+01
5.989583333333334991e+01
6.987847222222221433e+01
7.378472222222222854e+01
6.380208333333333570e+01
5.468750000000001421e+01
4.644097222222222854e+01
3.906250000000000000e+01
3.255208333333333570e+01
2.690972222222222499e+01
2.213541666666666785e+01
1.822916666666666785e+01
1.519097222222222676e+01
1.302083333333333748e+01
1.171875000000000355e+01
1.128472222222222676e+01
1.171875000000000533e+01
1.302083333333334103e+01
1.519097222222222676e+01
1.822916666666667140e+01
2.213541666666667496e+01
2.690972222222222499e+01
3.255208333333334281e+01
3.906250000000001421e+01
4.644097222222222854e+01
5.468750000000002842e+01
6.380208333333335702e+01
7.378472222222222854e+01
7.855902777777777146e+01
6.857638888888888573e+01
5.946180555555556424e+01
5.121527777777777857e+01
4.383680555555555003e+01
3.732638888888888573e+01
3.168402777777777501e+01
2.690972222222221788e+01
2.300347222222221788e+01
1.996527777777777501e+01
1.779513888888888573e+01
1.649305555555555003e+01
1.605902777777777501e+01
1.649305555555555358e+01
1.779513888888888928e+01
1.996527777777777501e+01
2.300347222222222143e+01
2.690972222222222499e+01
3.168402777777777501e+01
3.732638888888889284e+01
4.383680555555556424e+01
5.121527777777777857e+01
5.946180555555557845e+01
6.857638888888889994e+01
7.855902777777777146e+01
8.420138888888888573e+01
7.421875000000000000e+01
6.510416666666667140e+01
5.685763888888889284e+01
4.947916666666666430e+01
4.296875000000000000e+01
3.732638888888889284e+01
3.255208333333333570e+01
2.864583333333333215e+01
2.560763888888888928e+01
2.343750000000000000e+01
2.213541666666666430e+01
2.170138888888888928e+01
2.213541666666666785e+01
2.343750000000000355e+01
2.560763888888888928e+01
2.864583333333333570e+01
3.255208333333334281e+01
3.732638888888889284e+01
4.296875000000000711e+01
4.947916666666667851e+01
5.685763888888889284e+01
6.510416666666668561e+01
7.421875000000001421e+01
8.420138888888888573e+01
9.071180555555555713e+01
8.072916666666665719e+01
7.161458333333334281e+01
6.336805555555556424e+01
5.598958333333333570e+01
4.947916666666667140e+01
4.383680555555556424e+01
3.906250000000000711e+01
3.515625000000000711e+01
3.211805555555556424e+01
2.994791666666667140e+01
2.864583333333333570e+01
2.821180555555556069e+01
2.864583333333333925e+01
2.994791666666667496e+01
3.211805555555556424e+01
3.515625000000000711e+01
3.906250000000001421e+01
4.383680555555556424e+01
4.947916666666667851e+01
5.598958333333334991e+01
6.336805555555556424e+01
7.161458333333335702e+01
8.072916666666668561e+01
9.071180555555555713e+01
9.809027777777777146e+01
8.810763888888888573e+01
7.899305555555555713e+01
7.074652777777777146e+01
6.336805555555555003e+01
5.685763888888888573e+01
5.121527777777777857e+01
4.644097222222222143e+01
4.253472222222222143e+01
3.949652777777777857e+01
3.732638888888888573e+01
3.602430555555555713e+01
3.559027777777777857e+01
3.602430555555555713e+01
3.732638888888889284e+01
3.949652777777777857e+01
4.253472222222222143e+01
4.644097222222222854e+01
5.121527777777777857e+01
5.685763888888889284e+01
6.336805555555556424e+01
7.074652777777777146e+01
7.899305555555557135e+01
8.810763888888889994e+01
9.809027777777777146e+01
1.063368055555555713e+02
9.635416666666668561e+01
8.723958333333335702e+01
7.899305555555557135e+01
7.161458333333334281e+01
6.510416666666668561e+01
5.946180555555557845e+01
5.468750000000002132e+01
5.078125000000002132e+01
4.774305555555557845e+01
4.557291666666668561e+01
4.427083333333335702e+01
4.383680555555557845e+01
4.427083333333335702e+01
4.557291666666669272e+01
4.774305555555557845e+01
5.078125000000002132e+01
5.468750000000002842e+01
5.946180555555557845e+01
6.510416666666668561e+01
7.161458333333335702e+01
7.899305555555557135e+01
8.723958333333337123e+01
9.635416666666669983e+01
1.063368055555555713e+02
1.154513888888888999e+02
1.054687500000000000e+02
9.635416666666668561e+01
8.810763888888889994e+01
8.072916666666667140e+01
7.421875000000000000e+01
6.857638888888889994e+01
6.380208333333334991e+01
5.989583333333334991e+01
5.685763888888890705e+01
5.468750000000001421e+01
5.338541666666668561e+01
5.295138888888890705e+01
5.338541666666668561e+01
5.468750000000002132e+01
5.685763888888890705e+01
5.989583333333334991e+01
6.380208333333335702e+01
6.857638888888889994e+01
7.421875000000001421e+01
8.072916666666668561e+01
8.810763888888889994e+01
9.635416666666669983e+01
1.054687500000000284e+02
1.154513888888888999e+02
1.254340277777777715e+02
1.154513888888888857e+02
1.063368055555555571e+02
9.809027777777777146e+01
9.071180555555554292e+01
8.420138888888888573e+01
7.855902777777777146e+01
7.378472222222221433e+01
6.987847222222221433e+01
6.684027777777777146e+01
6.467013888888888573e+01
6.336805555555555713e+01
6.293402777777777857e+01
6.336805555555555713e+01
6.467013888888888573e+01
6.684027777777777146e+01
6.987847222222221433e+01
7.378472222222222854e+01
7.855902777777777146e+01
8.420138888888888573e+01
9.071180555555555713e+01
9.809027777777777146e+01
1.063368055555555713e+02
1.154513888888888999e+02
1.254340277777777715e+02
1.250000000000000000e+02
1.150173611111111143e+02
1.059027777777777857e+02
9.765625000000000000e+01
9.027777777777777146e+01
8.376736111111111427e+01
7.812500000000000000e+01
7.335069444444444287e+01
6.944444444444444287e+01
6.640625000000000000e+01
6.423611111111111427e+01
6.293402777777777857e+01
6.250000000000000000e+01
6.293402777777777857e+01
6.423611111111111427e+01
6.640625000000000000e+01
6.944444444444444287e+01
7.335069444444445708e+01
7.812500000000000000e+01
8.376736111111111427e+01
9.027777777777778567e+01
9.765625000000000000e+01
1.059027777777777999e+02
1.150173611111111285e+02
1.250000000000000000e+02
1.150173611111111143e+02
1.050347222222222143e+02
9.592013888888888573e+01
8.767361111111111427e+01
8.029513888888888573e+01
7.378472222222221433e+01
6.814236111111111427e+01
6.336805555555555003e+01
5.946180555555555003e+01
5.642361111111110716e+01
5.425347222222221433e+01
5.295138888888888573e+01
5.251736111111110716e+01
5.295138888888888573e+01
5.425347222222222143e+01
5.642361111111110716e+01
5.946180555555555713e+01
6.336805555555555713e+01
6.814236111111111427e+01
7.378472222222222854e+01
8.029513888888888573e+01
8.767361111111111427e+01
9.592013888888891415e+01
1.050347222222222285e+02
1.150173611111111143e+02
1.059027777777777857e+02
9.592013888888888573e+01
8.680555555555557135e+01
7.855902777777778567e+01
7.118055555555555713e+01
6.467013888888888573e+01
5.902777777777778567e+01
5.425347222222222854e+01
5.034722222222222854e+01
4.730902777777778567e+01
4.513888888888889284e+01
4.383680555555556424e+01
4.340277777777778567e+01
4.383680555555556424e+01
4.513888888888889994e+01
4.730902777777778567e+01
5.034722222222222854e+01
5.425347222222223564e+01
5.902777777777778567e+01
6.467013888888889994e+01
7.118055555555557135e+01
7.855902777777778567e+01
8.680555555555558556e+01
9.592013888888891415e+01
1.059027777777777857e+02
9.765625000000000000e+01
8.767361111111111427e+01
7.855902777777778567e+01
7.031250000000000000e+01
6.293402777777777146e+01
5.642361111111110716e+01
5.078125000000000000e+01
4.600694444444444287e+01
4.210069444444444287e+01
3.906250000000000000e+01
3.689236111111110716e+01
3.559027777777777857e+01
3.515625000000000000e+01
3.559027777777777857e+01
3.689236111111111427e+01
3.906250000000000000e+01
4.210069444444444287e+01
4.600694444444444997e+01
5.078125000000000000e+01
5.642361111111111427e+01
6.293402777777778567e+01
7.031250000000000000e+01
7.855902777777779988e+01
8.767361111111112848e+01
9.765625000000000000e+01
9.027777777777777146e+01
8.029513888888888573e+01
7.118055555555555713e+01
6.293402777777777146e+01
5.555555555555554292e+01
4.904513888888887863e+01
4.340277777777777146e+01
3.862847222222221433e+01
3.472222222222221433e+01
3.168402777777777146e+01
2.951388888888888218e+01
2.821180555555554648e+01
2.777777777777777146e+01
2.821180555555555003e+01
2.951388888888888573e+01
3.168402777777777146e+01
3.472222222222221433e+01
3.862847222222222143e+01
4.340277777777777146e+01
4.904513888888888573e+01
5.555555555555555713e+01
6.293402777777777146e+01
7.118055555555557135e+01
8.029513888888889994e+01
9.027777777777777146e+01
8.376736111111111427e+01
7.378472222222221433e+01
6.467013888888888573e+01
5.642361111111110716e+01
4.904513888888887863e+01
4.253472222222221433e+01
3.689236111111110716e+01
3.211805555555555003e+01
2.821180555555555003e+01
2.517361111111110716e+01
2.300347222222221788e+01
2.170138888888888218e+01
2.126736111111110716e+01
2.170138888888888573e+01
2.300347222222222143e+01
2.517361111111110716e+01
2.821180555555555358e+01
3.211805555555555713e+01
3.689236111111110716e+01
4.253472222222222143e+01
4.904513888888889284e+01
5.642361111111110716e+01
6.467013888888891415e+01
7.378472222222222854e+01
8.376736111111111427e+01
7.812500000000000000e+01
6.814236111111111427e+01
5.902777777777778567e+01
5.078125000000000000e+01
4.340277777777777146e+01
3.689236111111110716e+01
3.125000000000000000e+01
2.647569444444444287e+01
2.256944444444444287e+01
1.953125000000000000e+01
1.736111111111111072e+01
1.605902777777777501e+01
1.562500000000000000e+01
1.605902777777777857e+01
1.736111111111111427e+01
1.953125000000000000e+01
2.256944444444444642e+01
2.647569444444444997e+01
3.125000000000000000e+01
3.689236111111111427e+01
4.340277777777778567e+01
5.078125000000000000e+01
5.902777777777779988e+01
6.814236111111112848e+01
7.812500000000000000e+01
7.335069444444444287e+01
6.336805555555555003e+01
5.425347222222222854e+01
4.600694444444444287e+01
3.862847222222221433e+01
3.211805555555555003e+01
2.647569444444444287e+01
2.170138888888888573e+01
1.779513888888888573e+01
1.475694444444444287e+01
1.258680555555555358e+01
1.128472222222221966e+01
1.085069444444444287e+01
1.128472222222222143e+01
1.258680555555555713e+01
1.475694444444444287e+01
1.779513888888888928e+01
2.170138888888889284e+01
2.647569444444444287e+01
3.211805555555555713e+01
3.862847222222222854e+01
4.600694444444444287e+01
5.425347222222224275e+01
6.336805555555557135e+01
7.335069444444444287e+01
6.944444444444444287e+01
5.946180555555555003e+01
5.034722222222222854e+01
4.210069444444444287e+01
3.472222222222221433e+01
2.821180555555555003e+01
2.256944444444444287e+01
1.779513888888888573e+01
1.388888888888888573e+01
1.085069444444444287e+01
8.680555555555553582e+00
7.378472222222219656e+00
6.944444444444442865e+00
7.378472222222221433e+00
8.680555555555557135e+00
1.085069444444444287e+01
1.388888888888888928e+01
1.779513888888889284e+01
2.256944444444444287e+01
2.821180555555555713e+01
3.472222222222222854e+01
4.210069444444444287e+01
5.034722222222224275e+01
5.946180555555557135e+01
6.944444444444444287e+01
6.640625000000000000e+01
5.642361111111110716e+01
4.730902777777778567e+01
3.906250000000000000e+01
3.168402777777777146e+01
2.517361111111110716e+01
1.953125000000000000e+01
1.475694444444444287e+01
1.085069444444444287e+01
7.812500000000000000e+00
5.642361111111109828e+00
4.340277777777776791e+00
3.906250000000000000e+00
4.340277777777778567e+00
5.642361111111113381e+00
7.812500000000000000e+00
1.085069444444444642e+01
1.475694444444444997e+01
1.953125000000000000e+01
2.517361111111111427e+01
3.168402777777778567e+01
3.906250000000000000e+01
4.730902777777779988e+01
5.642361111111112848e+01
6.640625000000000000e+01
6.423611111111111427e+01
5.425347222222221433e+01
4.513888888888889284e+01
3.689236111111110716e+01
2.951388888888888218e+01
2.300347222222221788e+01
1.736111111111111072e+01
1.258680555555555358e+01
8.680555555555553582e+00
5.642361111111109828e+00
3.472222222222219656e+00
2.170138888888886175e+00
1.736111111111109828e+00
2.170138888888888395e+00
3.472222222222223209e+00
5.642361111111109828e+00
8.680555555555557135e+00
1.258680555555556069e+01
1.736111111111111072e+01
2.300347222222222499e+01
2.951388888888889639e+01
3.689236111111110716e+01
4.513888888888890705e+01
5.425347222222223564e+01
6.423611111111111427e+01
6.293402777777777857e+01
5.295138888888888573e+01
4.383680555555556424e+01
3.559027777777777857e+01
2.821180555555554648e+01
2.170138888888888218e+01
1.605902777777777501e+01
1.128472222222221966e+01
7.378472222222219656e+00
4.340277777777776791e+00
2.170138888888886175e+00
8.680555555555530267e-01
4.340277777777765134e-01
8.680555555555549141e-01
2.170138888888890172e+00
4.340277777777776791e+00
7.378472222222223209e+00
1.128472222222222676e+01
1.605902777777777501e+01
2.170138888888888928e+01
2.821180555555556069e+01
3.559027777777777857e+01
4.383680555555557845e+01
5.295138888888890705e+01
6.293402777777777857e+01
6.250000000000000000e+01
5.251736111111110716e+01
4.340277777777778567e+01
3.515625000000000000e+01
2.777777777777777146e+01
2.126736111111110716e+01
1.562500000000000000e+01
1.085069444444444287e+01
6.944444444444442865e+00
3.906250000000000000e+00
1.736111111111109828e+00
4.340277777777765134e-01
0.000000000000000000e+00
4.340277777777784007e-01
1.736111111111113603e+00
3.906250000000000000e+00
6.944444444444446418e+00
1.085069444444444997e+01
1.562500000000000000e+01
2.126736111111111427e+01
2.777777777777778567e+01
3.515625000000000000e+01
4.340277777777779988e+01
5.251736111111112848e+01
6.250000000000000000e+01
6.293402777777777857e+01
5.295138888888888573e+01
4.383680555555556424e+01
3.559027777777777857e+01
2.821180555555555003e+01
2.170138888888888573e+01
1.605902777777777857e+01
1.128472222222222143e+01
7.378472222222221433e+00
4.340277777777778567e+00
2.170138888888888395e+00
8.680555555555549141e-01
4.340277777777784007e-01
8.680555555555568015e-01
2.170138888888891948e+00
4.340277777777778567e+00
7.378472222222224985e+00
1.128472222222222854e+01
1.605902777777777857e+01
2.170138888888889284e+01
2.821180555555556424e+01
3.559027777777777857e+01
4.383680555555557845e+01
5.295138888888890705e+01
6.293402777777777857e+01
6.423611111111111427e+01
5.425347222222222143e+01
4.513888888888889994e+01
3.689236111111111427e+01
2.951388888888888573e+01
2.300347222222222143e+01
1.736111111111111427e+01
1.258680555555555713e+01
8.680555555555557135e+00
5.642361111111113381e+00
3.472222222222223209e+00
2.170138888888890172e+00
1.736111111111113603e+00
2.170138888888891948e+00
3.472222222222227206e+00
5.642361111111113381e+00
8.680555555555560687e+00
1.258680555555556424e+01
1.736111111111111427e+01
2.300347222222222854e+01
2.951388888888889994e+01
3.689236111111111427e+01
4.513888888888891415e+01
5.425347222222224275e+01
6.423611111111111427e+01
6.640625000000000000e+01
5.642361111111110716e+01
4.730902777777778567e+01
3.906250000000000000e+01
3.168402777777777146e+01
2.517361111111110716e+01
1.953125000000000000e+01
1.475694444444444287e+01
1.085069444444444287e+01
7.812500000000000000e+00
5.642361111111109828e+00
4.340277777777776791e+00
3.906250000000000000e+00
4.340277777777778567e+00
5.642361111111113381e+00
7.812500000000000000e+00
1.085069444444444642e+01
1.475694444444444997e+01
1.953125000000000000e+01
2.517361111111111427e+01
3.168402777777778567e+01
3.906250000000000000e+01
4.730902777777779988e+01
5.642361111111112848e+01
6.640625000000000000e+01
6.944444444444444287e+01
5.946180555555555713e+01
5.034722222222222854e+01
4.210069444444444287e+01
3.472222222222221433e+01
2.821180555555555358e+01
2.256944444444444642e+01
1.779513888888888928e+01
1.388888888888888928e+01
1.085069444444444642e+01
8.680555555555557135e+00
7.378472222222223209e+00
6.944444444444446418e+00
7.378472222222224985e+00
8.680555555555560687e+00
1.085069444444444642e+01
1.388888888888889284e+01
1.779513888888889639e+01
2.256944444444444642e+01
2.821180555555556069e+01
3.472222222222222854e+01
4.210069444444444287e+01
5.034722222222224275e+01
5.946180555555557135e+01
6.944444444444444287e+01
7.335069444444445708e+01
6.336805555555555713e+01
5.425347222222223564e+01
4.600694444444444997e+01
3.862847222222222143e+01
3.211805555555555713e+01
2.647569444444444997e+01
2.170138888888889284e+01
1.779513888888889284e+01
1.475694444444444997e+01
1.258680555555556069e+01
1.128472222222222676e+01
1.085069444444444997e+01
1.128472222222222854e+01
1.258680555555556424e+01
1.475694444444444997e+01
1.779513888888889639e+01
2.170138888888889994e+01
2.647569444444444997e+01
3.211805555555556424e+01
3.862847222222223564e+01
4.600694444444444997e+01
5.425347222222224985e+01
6.336805555555557845e+01
7.335069444444445708e+01
7.812500000000000000e+01
6.814236111111111427e+01
5.902777777777778567e+01
5.078125000000000000e+01
4.340277777777777146e+01
3.689236111111110716e+01
3.125000000000000000e+01
2.647569444444444287e+01
2.256944444444444287e+01
1.953125000000000000e+01
1.736111111111111072e+01
1.605902777777777501e+01
1.562500000000000000e+01
1.605902777777777857e+01
1.736111111111111427e+01
1.953125000000000000e+01
2.256944444444444642e+01
2.647569444444444997e+01
3.125000000000000000e+01
3.689236111111111427e+01
4.340277777777778567e+01
5.078125000000000000e+01
5.902777777777779988e+01
6.814236111111112848e+01
7.812500000000000000e+01
8.376736111111111427e+01
7.378472222222222854e+01
6.467013888888889994e+01
5.642361111111111427e+01
4.904513888888888573e+01
4.253472222222222143e+01
3.689236111111111427e+01
3.211805555555555713e+01
2.821180555555555713e+01
2.517361111111111427e+01
2.300347222222222499e+01
2.170138888888888928e+01
2.126736111111111427e+01
2.170138888888889284e+01
2.300347222222222854e+01
2.517361111111111427e+01
2.821180555555556069e+01
3.211805555555556424e+01
3.689236111111111427e+01
4.253472222222222854e+01
4.904513888888889994e+01
5.642361111111111427e+01
6.467013888888891415e+01
7.378472222222224275e+01
8.376736111111111427e+01
9.027777777777778567e+01
8.029513888888888573e+01
7.118055555555557135e+01
6.293402777777778567e+01
5.555555555555555713e+01
4.904513888888889284e+01
4.340277777777778567e+01
3.862847222222222854e+01
3.472222222222222854e+01
3.168402777777778567e+01
2.951388888888889639e+01
2.821180555555556069e+01
2.777777777777778567e+01
2.821180555555556424e+01
2.951388888888889994e+01
3.168402777777778567e+01
3.472222222222222854e+01
3.862847222222223564e+01
4.340277777777778567e+01
4.904513888888889994e+01
5.555555555555557135e+01
6.293402777777778567e+01
7.118055555555558556e+01
8.029513888888891415e+01
9.027777777777778567e+01
9.765625000000000000e+01
8.767361111111111427e+01
7.855902777777778567e+01
7.031250000000000000e+01
6.293402777777777146e+01
5.642361111111110716e+01
5.078125000000000000e+01
4.600694444444444287e+01
4.210069444444444287e+01
3.906250000000000000e+01
3.689236111111110716e+01
3.559027777777777857e+01
3.515625000000000000e+01
3.559027777777777857e+01
3.689236111111111427e+01
3.906250000000000000e+01
4.210069444444444287e+01
4.600694444444444997e+01
5.078125000000000000e+01
5.642361111111111427e+01
6.293402777777778567e+01
7.031250000000000000e+01
7.855902777777779988e+01
8.767361111111112848e+01
9.765625000000000000e+01
1.059027777777777999e+02
9.592013888888891415e+01
8.680555555555558556e+01
7.855902777777779988e+01
7.118055555555557135e+01
6.467013888888891415e+01
5.902777777777779988e+01
5.425347222222224275e+01
5.034722222222224275e+01
4.730902777777779988e+01
4.513888888888890705e+01
4.383680555555557845e+01
4.340277777777779988e+01
4.383680555555557845e+01
4.513888888888891415e+01
4.730902777777779988e+01
5.034722222222224275e+01
5.425347222222224985e+01
5.902777777777779988e+01
6.467013888888891415e+01
7.118055555555558556e+01
7.855902777777779988e+01
8.680555555555559977e+01
9.592013888888892836e+01
1.059027777777777999e+02
1.150173611111111285e+02
1.050347222222222285e+02
9.592013888888891415e+01
8.767361111111112848e+01
8.029513888888889994e+01
7.378472222222222854e+01
6.814236111111112848e+01
6.336805555555557135e+01
5.946180555555557135e+01
5.642361111111112848e+01
5.425347222222223564e+01
5.295138888888890705e+01
5.251736111111112848e+01
5.295138888888890705e+01
5.425347222222224275e+01
5.642361111111112848e+01
5.946180555555557135e+01
6.336805555555557845e+01
6.814236111111112848e+01
7.378472222222224275e+01
8.029513888888891415e+01
8.767361111111112848e+01
9.592013888888892836e+01
1.050347222222222570e+02
1.150173611111111285e+02
1.250000000000000000e+02
1.150173611111111143e+02
1.059027777777777857e+02
9.765625000000000000e+01
9.027777777777777146e+01
8.376736111111111427e+01
7.812500000000000000e+01
7.335069444444444287e+01
6.944444444444444287e+01
6.640625000000000000e+01
6.423611111111111427e+01
6.293402777777777857e+01
6.250000000000000000e+01
6.293402777777777857e+01
6.423611111111111427e+01
6.640625000000000000e+01
6.944444444444444287e+01
7.335069444444445708e+01
7.812500000000000000e+01
8.376736111111111427e+01
9.027777777777778567e+01
9.765625000000000000e+01
1.059027777777777999e+02
1.150173611111111285e+02
1.250000000000000000e+02
1.254340277777777715e+02
1.154513888888888857e+02
1.063368055555555571e+02
9.809027777777777146e+01
9.071180555555554292e+01
8.420138888888888573e+01
7.855902777777777146e+01
7.378472222222221433e+01
6.987847222222221433e+01
6.684027777777777146e+01
6.467013888888888573e+01
6.336805555555555713e+01
6.293402777777777857e+01
6.336805555555555713e+01
6.467013888888888573e+01
6.684027777777777146e+01
6.987847222222221433e+01
7.378472222222222854e+01
7.855902777777777146e+01
8.420138888888888573e+01
9.071180555555555713e+01
9.809027777777777146e+01
1.063368055555555713e+02
1.154513888888888999e+02
1.254340277777777715e+02
1.154513888888888857e+02
1.054687499999999858e+02
9.635416666666665719e+01
8.810763888888888573e+01
8.072916666666665719e+01
7.421874999999998579e+01
6.857638888888888573e+01
6.380208333333332860e+01
5.989583333333332860e+01
5.685763888888888573e+01
5.468749999999999289e+01
5.338541666666666430e+01
5.295138888888888573e+01
5.338541666666666430e+01
5.468750000000000000e+01
5.685763888888888573e+01
5.989583333333333570e+01
6.380208333333333570e+01
6.857638888888888573e+01
7.421875000000000000e+01
8.072916666666665719e+01
8.810763888888888573e+01
9.635416666666668561e+01
1.054687500000000000e+02
1.154513888888888857e+02
1.063368055555555571e+02
9.635416666666665719e+01
8.723958333333334281e+01
7.899305555555555713e+01
7.161458333333332860e+01
6.510416666666665719e+01
5.946180555555556424e+01
5.468750000000000711e+01
5.078125000000000711e+01
4.774305555555556424e+01
4.557291666666667140e+01
4.427083333333334281e+01
4.383680555555556424e+01
4.427083333333334281e+01
4.557291666666667851e+01
4.774305555555556424e+01
5.078125000000000711e+01
5.468750000000001421e+01
5.946180555555556424e+01
6.510416666666667140e+01
7.161458333333334281e+01
7.899305555555555713e+01
8.723958333333335702e+01
9.635416666666668561e+01
1.063368055555555571e+02
9.809027777777777146e+01
8.810763888888888573e+01
7.899305555555555713e+01
7.074652777777777146e+01
6.336805555555555003e+01
5.685763888888888573e+01
5.121527777777777857e+01
4.644097222222222143e+01
4.253472222222222143e+01
3.949652777777777857e+01
3.732638888888888573e+01
3.602430555555555713e+01
3.559027777777777857e+01
3.602430555555555713e+01
3.732638888888889284e+01
3.949652777777777857e+01
4.253472222222222143e+01
4.644097222222222854e+01
5.121527777777777857e+01
5.685763888888889284e+01
6.336805555555556424e+01
7.074652777777777146e+01
7.899305555555557135e+01
8.810763888888889994e+01
9.809027777777777146e+01
9.071180555555554292e+01
8.072916666666665719e+01
7.161458333333332860e+01
6.336805555555555003e+01
5.598958333333332149e+01
4.947916666666665719e+01
4.383680555555555003e+01
3.906249999999999289e+01
3.515624999999999289e+01
3.211805555555555003e+01
2.994791666666666075e+01
2.864583333333332504e+01
2.821180555555555003e+01
2.864583333333332860e+01
2.994791666666666430e+01
3.211805555555555003e+01
3.515624999999999289e+01
3.906250000000000000e+01
4.383680555555555003e+01
4.947916666666666430e+01
5.598958333333333570e+01
6.336805555555555003e+01
7.161458333333334281e+01
8.072916666666667140e+01
9.071180555555554292e+01
8.420138888888888573e+01
7.421874999999998579e+01
6.510416666666665719e+01
5.685763888888888573e+01
4.947916666666665719e+01
4.296874999999999289e+01
3.732638888888888573e+01
3.255208333333332860e+01
2.864583333333332860e+01
2.560763888888888573e+01
2.343749999999999645e+01
2.213541666666666075e+01
2.170138888888888573e+01
2.213541666666666430e+01
2.343750000000000000e+01
2.560763888888888573e+01
2.864583333333333215e+01
3.255208333333333570e+01
3.732638888888888573e+01
4.296875000000000000e+01
4.947916666666667140e+01
5.685763888888888573e+01
6.510416666666668561e+01
7.421875000000000000e+01
8.420138888888888573e+01
7.855902777777777146e+01
6.857638888888888573e+01
5.946180555555556424e+01
5.121527777777777857e+01
4.383680555555555003e+01
3.732638888888888573e+01
3.168402777777777857e+01
2.690972222222222143e+01
2.300347222222222143e+01
1.996527777777777857e+01
1.779513888888888928e+01
1.649305555555555358e+01
1.605902777777777857e+01
1.649305555555555713e+01
1.779513888888889284e+01
1.996527777777777857e+01
2.300347222222222499e+01
2.690972222222222854e+01
3.168402777777777857e+01
3.732638888888889284e+01
4.383680555555556424e+01
5.121527777777777857e+01
5.946180555555557845e+01
6.857638888888889994e+01
7.855902777777777146e+01
7.378472222222221433e+01
6.380208333333332860e+01
5.468750000000000711e+01
4.644097222222222143e+01
3.906249999999999289e+01
3.255208333333332860e+01
2.690972222222222143e+01
2.213541666666666430e+01
1.822916666666666430e+01
1.519097222222222143e+01
1.302083333333333215e+01
1.171874999999999822e+01
1.128472222222222143e+01
1.171875000000000000e+01
1.302083333333333570e+01
1.519097222222222143e+01
1.822916666666666785e+01
2.213541666666667140e+01
2.690972222222222143e+01
3.255208333333333570e+01
3.906250000000000711e+01
4.644097222222222143e+01
5.468750000000002132e+01
6.380208333333334991e+01
7.378472222222221433e+01
6.987847222222221433e+01
5.989583333333332860e+01
5.078125000000000711e+01
4.253472222222222143e+01
3.515624999999999289e+01
2.864583333333332860e+01
2.300347222222222143e+01
1.822916666666666430e+01
1.432291666666666430e+01
1.128472222222222143e+01
9.114583333333332149e+00
7.812499999999998224e+00
7.378472222222221433e+00
7.812500000000000000e+00
9.114583333333335702e+00
1.128472222222222143e+01
1.432291666666666785e+01
1.822916666666667140e+01
2.300347222222222143e+01
2.864583333333333570e+01
3.515625000000000711e+01
4.253472222222222143e+01
5.078125000000002132e+01
5.989583333333334991e+01
6.987847222222221433e+01
6.684027777777777146e+01
5.685763888888888573e+01
4.774305555555556424e+01
3.949652777777777857e+01
3.211805555555555003e+01
2.560763888888888573e+01
1.996527777777777857e+01
1.519097222222222143e+01
1.128472222222222143e+01
8.246527777777778567e+00
6.076388888888888395e+00
4.774305555555555358e+00
4.340277777777778567e+00
4.774305555555557135e+00
6.076388888888891948e+00
8.246527777777778567e+00
1.128472222222222499e+01
1.519097222222222854e+01
1.996527777777777857e+01
2.560763888888889284e+01
3.211805555555556424e+01
3.949652777777777857e+01
4.774305555555557845e+01
5.685763888888890705e+01
6.684027777777777146e+01
6.467013888888888573e+01
5.468749999999999289e+01
4.557291666666667140e+01
3.732638888888888573e+01
2.994791666666666075e+01
2.343749999999999645e+01
1.779513888888888928e+01
1.302083333333333215e+01
9.114583333333332149e+00
6.076388888888888395e+00
3.906249999999998224e+00
2.604166666666664742e+00
2.170138888888888395e+00
2.604166666666666963e+00
3.906250000000001776e+00
6.076388888888888395e+00
9.114583333333335702e+00
1.302083333333333925e+01
1.779513888888888928e+01
2.343750000000000355e+01
2.994791666666667496e+01
3.732638888888888573e+01
4.557291666666668561e+01
5.468750000000001421e+01
6.467013888888888573e+01
6.336805555555555713e+01
5.338541666666666430e+01
4.427083333333334281e+01
3.602430555555555713e+01
2.864583333333332504e+01
2.213541666666666075e+01
1.649305555555555358e+01
1.171874999999999822e+01
7.812499999999998224e+00
4.774305555555555358e+00
2.604166666666664742e+00
1.302083333333331483e+00
8.680555555555549141e-01
1.302083333333333259e+00
2.604166666666668739e+00
4.774305555555555358e+00
7.812500000000001776e+00
1.171875000000000533e+01
1.649305555555555358e+01
2.213541666666666785e+01
2.864583333333333925e+01
3.602430555555555713e+01
4.427083333333335702e+01
5.338541666666668561e+01
6.336805555555555713e+01
6.293402777777777857e+01
5.295138888888888573e+01
4.383680555555556424e+01
3.559027777777777857e+01
2.821180555555555003e+01
2.170138888888888573e+01
1.605902777777777857e+01
1.128472222222222143e+01
7.378472222222221433e+00
4.340277777777778567e+00
2.170138888888888395e+00
8.680555555555549141e-01
4.340277777777784007e-01
8.680555555555568015e-01
2.170138888888891948e+00
4.340277777777778567e+00
7.378472222222224985e+00
1.128472222222222854e+01
1.605902777777777857e+01
2.170138888888889284e+01
2.821180555555556424e+01
3.559027777777777857e+01
4.383680555555557845e+01
5.295138888888890705e+01
6.293402777777777857e+01
6.336805555555555713e+01
5.338541666666666430e+01
4.427083333333334281e+01
3.602430555555555713e+01
2.864583333333332860e+01
2.213541666666666430e+01
1.649305555555555713e+01
1.171875000000000000e+01
7.812500000000000000e+00
4.774305555555557135e+00
2.604166666666666963e+00
1.302083333333333259e+00
8.680555555555568015e-01
1.302083333333335258e+00
2.604166666666670515e+00
4.774305555555557135e+00
7.812500000000003553e+00
1.171875000000000711e+01
1.649305555555555713e+01
2.213541666666667140e+01
2.864583333333334281e+01
3.602430555555555713e+01
4.427083333333335702e+01
5.338541666666668561e+01
6.336805555555555713e+01
6.467013888888888573e+01
5.468750000000000000e+01
4.557291666666667851e+01
3.732638888888889284e+01
2.994791666666666430e+01
2.343750000000000000e+01
1.779513888888889284e+01
1.302083333333333570e+01
9.114583333333335702e+00
6.076388888888891948e+00
3.906250000000001776e+00
2.604166666666668739e+00
2.170138888888891948e+00
2.604166666666670515e+00
3.906250000000005773e+00
6.076388888888891948e+00
9.114583333333339255e+00
1.302083333333334281e+01
1.779513888888889284e+01
2.343750000000000711e+01
2.994791666666667851e+01
3.732638888888889284e+01
4.557291666666669272e+01
5.468750000000002132e+01
6.467013888888888573e+01
6.684027777777777146e+01
5.685763888888888573e+01
4.774305555555556424e+01
3.949652777777777857e+01
3.211805555555555003e+01
2.560763888888888573e+01
1.996527777777777857e+01
1.519097222222222143e+01
1.128472222222222143e+01
8.246527777777778567e+00
6.076388888888888395e+00
4.774305555555555358e+00
4.340277777777778567e+00
4.774305555555557135e+00
6.076388888888891948e+00
8.246527777777778567e+00
1.128472222222222499e+01
1.519097222222222854e+01
1.996527777777777857e+01
2.560763888888889284e+01
3.211805555555556424e+01
3.949652777777777857e+01
4.774305555555557845e+01
5.685763888888890705e+01
6.684027777777777146e+01
6.987847222222221433e+01
5.989583333333333570e+01
5.078125000000000711e+01
4.253472222222222143e+01
3.515624999999999289e+01
2.864583333333333215e+01
2.300347222222222499e+01
1.822916666666666785e+01
1.432291666666666785e+01
1.128472222222222499e+01
9.114583333333335702e+00
7.812500000000001776e+00
7.378472222222224985e+00
7.812500000000003553e+00
9.114583333333339255e+00
1.128472222222222499e+01
1.432291666666667140e+01
1.822916666666667496e+01
2.300347222222222499e+01
2.864583333333333925e+01
3.515625000000000711e+01
4.253472222222222143e+01
5.078125000000002132e+01
5.989583333333334991e+01
6.987847222222221433e+01
7.378472222222222854e+01
6.380208333333333570e+01
5.468750000000001421e+01
4.644097222222222854e+01
3.906250000000000000e+01
3.255208333333333570e+01
2.690972222222222854e+01
2.213541666666667140e+01
1.822916666666667140e+01
1.519097222222222854e+01
1.302083333333333925e+01
1.171875000000000533e+01
1.128472222222222854e+01
1.171875000000000711e+01
1.302083333333334281e+01
1.519097222222222854e+01
1.822916666666667496e+01
2.213541666666667851e+01
2.690972222222222854e+01
3.255208333333334281e+01
3.906250000000001421e+01
4.644097222222222854e+01
5.468750000000002842e+01
6.380208333333335702e+01
7.378472222222222854e+01
7.855902777777777146e+01
6.857638888888888573e+01
5.946180555555556424e+01
5.121527777777777857e+01
4.383680555555555003e+01
3.732638888888888573e+01
3.168402777777777857e+01
2.690972222222222143e+01
2.300347222222222143e+01
1.996527777777777857e+01
1.779513888888888928e+01
1.649305555555555358e+01
1.605902777777777857e+01
1.649305555555555713e+01
1.779513888888889284e+01
1.996527777777777857e+01
2.300347222222222499e+01
2.690972222222222854e+01
3.168402777777777857e+01
3.732638888888889284e+01
4.383680555555556424e+01
5.121527777777777857e+01
5.946180555555557845e+01
6.857638888888889994e+01
7.855902777777777146e+01
8.420138888888888573e+01
7.421875000000000000e+01
6.510416666666667140e+01
5.685763888888889284e+01
4.947916666666666430e+01
4.296875000000000000e+01
3.732638888888889284e+01
3.255208333333333570e+01
2.864583333333333570e+01
2.560763888888889284e+01
2.343750000000000355e+01
2.213541666666666785e+01
2.170138888888889284e+01
2.213541666666667140e+01
2.343750000000000711e+01
2.560763888888889284e+01
2.864583333333333925e+01
3.255208333333334281e+01
3.732638888888889284e+01
4.296875000000000711e+01
4.947916666666667851e+01
5.685763888888889284e+01
6.510416666666668561e+01
7.421875000000001421e+01
8.420138888888888573e+01
9.071180555555555713e+01
8.072916666666665719e+01
7.161458333333334281e+01
6.336805555555556424e+01
5.598958333333333570e+01
4.947916666666667140e+01
4.383680555555556424e+01
3.906250000000000711e+01
3.515625000000000711e+01
3.211805555555556424e+01
2.994791666666667496e+01
2.864583333333333925e+01
2.821180555555556424e+01
2.864583333333334281e+01
2.994791666666667851e+01
3.211805555555556424e+01
3.515625000000000711e+01
3.906250000000001421e+01
4.383680555555556424e+01
4.947916666666667851e+01
5.598958333333334991e+01
6.336805555555556424e+01
7.161458333333335702e+01
8.072916666666668561e+01
9.071180555555555713e+01
9.809027777777777146e+01
8.810763888888888573e+01
7.899305555555555713e+01
7.074652777777777146e+01
6.336805555555555003e+01
5.685763888888888573e+01
5.121527777777777857e+01
4.644097222222222143e+01
4.253472222222222143e+01
3.949652777777777857e+01
3.732638888888888573e+01
3.602430555555555713e+01
3.559027777777777857e+01
3.602430555555555713e+01
3.732638888888889284e+01
3.949652777777777857e+01
4.253472222222222143e+01
4.644097222222222854e+01
5.121527777777777857e+01
5.685763888888889284e+01
6.336805555555556424e+01
7.074652777777777146e+01
7.899305555555557135e+01
8.810763888888889994e+01
9.809027777777777146e+01
1.063368055555555713e+02
9.635416666666668561e+01
8.723958333333335702e+01
7.899305555555557135e+01
7.161458333333334281e+01
6.510416666666668561e+01
5.946180555555557845e+01
5.468750000000002132e+01
5.078125000000002132e+01
4.774305555555557845e+01
4.557291666666668561e+01
4.427083333333335702e+01
4.383680555555557845e+01
4.427083333333335702e+01
4.557291666666669272e+01
4.774305555555557845e+01
5.078125000000002132e+01
5.468750000000002842e+01
5.946180555555557845e+01
6.510416666666668561e+01
7.161458333333335702e+01
7.899305555555557135e+01
8.723958333333337123e+01
9.635416666666669983e+01
1.063368055555555713e+02
1.154513888888888999e+02
1.054687500000000000e+02
9.635416666666668561e+01
8.810763888888889994e+01
8.072916666666667140e+01
7.421875000000000000e+01
6.857638888888889994e+01
6.380208333333334991e+01
5.989583333333334991e+01
5.685763888888890705e+01
5.468750000000001421e+01
5.338541666666668561e+01
5.295138888888890705e+01
5.338541666666668561e+01
5.468750000000002132e+01
5.685763888888890705e+01
5.989583333333334991e+01
6.380208333333335702e+01
6.857638888888889994e+01
7.421875000000001421e+01
8.072916666666668561e+01
8.810763888888889994e+01
9.635416666666669983e+01
1.054687500000000284e+02
1.154513888888888999e+02
1.254340277777777715e+02
1.154513888888888857e+02
1.063368055555555571e+02
9.809027777777777146e+01
9.071180555555554292e+01
8.420138888888888573e+01
7.855902777777777146e+01
7.378472222222221433e+01
6.987847222222221433e+01
6.684027777777777146e+01
6.467013888888888573e+01
6.336805555555555713e+01
6.293402777777777857e+01
6.336805555555555713e+01
6.467013888888888573e+01
6.684027777777777146e+01
6.987847222222221433e+01
7.378472222222222854e+01
7.855902777777777146e+01
8.420138888888888573e+01
9.071180555555555713e+01
9.809027777777777146e+01
1.063368055555555713e+02
1.154513888888888999e+02
1.254340277777777715e+02
1.267361111111111143e+02
1.167534722222222285e+02
1.076388888888888999e+02
9.939236111111111427e+01
9.201388888888888573e+01
8.550347222222222854e+01
7.986111111111111427e+01
7.508680555555555713e+01
7.118055555555555713e+01
6.814236111111111427e+01
6.597222222222222854e+01
6.467013888888888573e+01
6.423611111111111427e+01
6.467013888888888573e+01
6.597222222222222854e+01
6.814236111111111427e+01
7.118055555555555713e+01
7.508680555555557135e+01
7.986111111111111427e+01
8.550347222222222854e+01
9.201388888888889994e+01
9.939236111111111427e+01
1.076388888888889142e+02
1.167534722222222427e+02
1.267361111111111143e+02
1.167534722222222285e+02
1.067708333333333286e+02
9.765625000000000000e+01
8.940972222222222854e+01
8.203125000000000000e+01
7.552083333333332860e+01
6.987847222222222854e+01
6.510416666666665719e+01
6.119791666666666430e+01
5.815972222222222143e+01
5.598958333333332860e+01
5.468750000000000000e+01
5.425347222222222143e+01
5.468750000000000000e+01
5.598958333333333570e+01
5.815972222222222143e+01
6.119791666666667140e+01
6.510416666666667140e+01
6.987847222222222854e+01
7.552083333333334281e+01
8.203125000000000000e+01
8.940972222222222854e+01
9.765625000000002842e+01
1.067708333333333428e+02
1.167534722222222285e+02
1.076388888888888999e+02
9.765625000000000000e+01
8.854166666666668561e+01
8.029513888888889994e+01
7.291666666666667140e+01
6.640625000000000000e+01
6.076388888888889994e+01
5.598958333333334281e+01
5.208333333333334281e+01
4.904513888888889994e+01
4.687500000000000711e+01
4.557291666666667851e+01
4.513888888888889994e+01
4.557291666666667851e+01
4.687500000000001421e+01
4.904513888888889994e+01
5.208333333333334281e+01
5.598958333333334991e+01
6.076388888888889994e+01
6.640625000000001421e+01
7.291666666666668561e+01
8.029513888888889994e+01
8.854166666666669983e+01
9.765625000000002842e+01
1.076388888888888999e+02
9.939236111111111427e+01
8.940972222222222854e+01
8.029513888888889994e+01
7.204861111111111427e+01
6.467013888888888573e+01
5.815972222222222143e+01
5.251736111111111427e+01
4.774305555555555713e+01
4.383680555555555713e+01
4.079861111111111427e+01
3.862847222222222143e+01
3.732638888888889284e+01
3.689236111111111427e+01
3.732638888888889284e+01
3.862847222222222854e+01
4.079861111111111427e+01
4.383680555555555713e+01
4.774305555555556424e+01
5.251736111111111427e+01
5.815972222222222854e+01
6.467013888888889994e+01
7.204861111111111427e+01
8.029513888888891415e+01
8.940972222222224275e+01
9.939236111111111427e+01
9.201388888888888573e+01
8.203125000000000000e+01
7.291666666666667140e+01
6.467013888888888573e+01
5.729166666666665719e+01
5.078124999999999289e+01
4.513888888888888573e+01
4.036458333333332860e+01
3.645833333333332860e+01
3.342013888888888573e+01
3.124999999999999645e+01
2.994791666666666075e+01
2.951388888888888573e+01
2.994791666666666430e+01
3.125000000000000000e+01
3.342013888888888573e+01
3.645833333333332860e+01
4.036458333333333570e+01
4.513888888888888573e+01
5.078125000000000000e+01
5.729166666666667140e+01
6.467013888888888573e+01
7.291666666666668561e+01
8.203125000000001421e+01
9.201388888888888573e+01
8.550347222222222854e+01
7.552083333333332860e+01
6.640625000000000000e+01
5.815972222222222143e+01
5.078124999999999289e+01
4.427083333333332860e+01
3.862847222222222143e+01
3.385416666666666430e+01
2.994791666666666430e+01
2.690972222222222143e+01
2.473958333333333215e+01
2.343749999999999645e+01
2.300347222222222143e+01
2.343750000000000000e+01
2.473958333333333570e+01
2.690972222222222143e+01
2.994791666666666785e+01
3.385416666666667140e+01
3.862847222222222143e+01
4.427083333333333570e+01
5.078125000000000711e+01
5.815972222222222143e+01
6.640625000000002842e+01
7.552083333333334281e+01
8.550347222222222854e+01
7.986111111111111427e+01
6.987847222222222854e+01
6.076388888888889994e+01
5.251736111111111427e+01
4.513888888888888573e+01
3.862847222222222143e+01
3.298611111111111427e+01
2.821180555555555713e+01
2.430555555555555713e+01
2.126736111111111427e+01
1.909722222222222499e+01
1.779513888888888928e+01
1.736111111111111427e+01
1.779513888888889284e+01
1.909722222222222854e+01
2.126736111111111427e+01
2.430555555555556069e+01
2.821180555555556424e+01
3.298611111111111427e+01
3.862847222222222854e+01
4.513888888888889994e+01
5.251736111111111427e+01
6.076388888888891415e+01
6.987847222222224275e+01
7.986111111111111427e+01
7.508680555555555713e+01
6.510416666666665719e+01
5.598958333333334281e+01
4.774305555555555713e+01
4.036458333333332860e+01
3.385416666666666430e+01
2.821180555555555713e+01
2.343750000000000000e+01
1.953125000000000000e+01
1.649305555555555713e+01
1.432291666666666785e+01
1.302083333333333393e+01
1.258680555555555713e+01
1.302083333333333570e+01
1.432291666666667140e+01
1.649305555555555713e+01
1.953125000000000355e+01
2.343750000000000711e+01
2.821180555555555713e+01
3.385416666666667140e+01
4.036458333333334281e+01
4.774305555555555713e+01
5.598958333333335702e+01
6.510416666666668561e+01
7.508680555555555713e+01
7.118055555555555713e+01
6.119791666666666430e+01
5.208333333333334281e+01
4.383680555555555713e+01
3.645833333333332860e+01
2.994791666666666430e+01
2.430555555555555713e+01
1.953125000000000000e+01
1.562500000000000000e+01
1.258680555555555713e+01
1.041666666666666785e+01
9.114583333333333925e+00
8.680555555555557135e+00
9.114583333333335702e+00
1.041666666666667140e+01
1.258680555555555713e+01
1.562500000000000355e+01
1.953125000000000711e+01
2.430555555555555713e+01
2.994791666666667140e+01
3.645833333333334281e+01
4.383680555555555713e+01
5.208333333333335702e+01
6.119791666666668561e+01
7.118055555555555713e+01
6.814236111111111427e+01
5.815972222222222143e+01
4.904513888888889994e+01
4.079861111111111427e+01
3.342013888888888573e+01
2.690972222222222143e+01
2.126736111111111427e+01
1.649305555555555713e+01
1.258680555555555713e+01
9.548611111111114269e+00
7.378472222222223209e+00
6.076388888888890172e+00
5.642361111111113381e+00
6.076388888888891948e+00
7.378472222222226762e+00
9.548611111111114269e+00
1.258680555555556069e+01
1.649305555555556424e+01
2.126736111111111427e+01
2.690972222222222854e+01
3.342013888888889994e+01
4.079861111111111427e+01
4.904513888888891415e+01
5.815972222222224275e+01
6.814236111111111427e+01
6.597222222222222854e+01
5.598958333333332860e+01
4.687500000000000711e+01
3.862847222222222143e+01
3.124999999999999645e+01
2.473958333333333215e+01
1.909722222222222499e+01
1.432291666666666785e+01
1.041666666666666785e+01
7.378472222222223209e+00
5.208333333333333037e+00
3.906250000000000000e+00
3.472222222222223209e+00
3.906250000000001776e+00
5.208333333333336590e+00
7.378472222222223209e+00
1.041666666666667140e+01
1.432291666666667496e+01
1.909722222222222499e+01
2.473958333333333925e+01
3.125000000000001066e+01
3.862847222222222143e+01
4.687500000000002132e+01
5.598958333333334991e+01
6.597222222222222854e+01
6.467013888888888573e+01
5.468750000000000000e+01
4.557291666666667851e+01
3.732638888888889284e+01
2.994791666666666075e+01
2.343749999999999645e+01
1.779513888888888928e+01
1.302083333333333393e+01
9.114583333333333925e+00
6.076388888888890172e+00
3.906250000000000000e+00
2.604166666666666519e+00
2.170138888888890172e+00
2.604166666666668739e+00
3.906250000000003553e+00
6.076388888888890172e+00
9.114583333333337478e+00
1.302083333333334103e+01
1.779513888888888928e+01
2.343750000000000355e+01
2.994791666666667496e+01
3.732638888888889284e+01
4.557291666666669272e+01
5.468750000000002132e+01
6.467013888888888573e+01
6.423611111111111427e+01
5.425347222222222143e+01
4.513888888888889994e+01
3.689236111111111427e+01
2.951388888888888573e+01
2.300347222222222143e+01
1.736111111111111427e+01
1.258680555555555713e+01
8.680555555555557135e+00
5.642361111111113381e+00
3.472222222222223209e+00
2.170138888888890172e+00
1.736111111111113603e+00
2.170138888888891948e+00
3.472222222222227206e+00
5.642361111111113381e+00
8.680555555555560687e+00
1.258680555555556424e+01
1.736111111111111427e+01
2.300347222222222854e+01
2.951388888888889994e+01
3.689236111111111427e+01
4.513888888888891415e+01
5.425347222222224275e+01
6.423611111111111427e+01
6.467013888888888573e+01
5.468750000000000000e+01
4.557291666666667851e+01
3.732638888888889284e+01
2.994791666666666430e+01
2.343750000000000000e+01
1.779513888888889284e+01
1.302083333333333570e+01
9.114583333333335702e+00
6.076388888888891948e+00
3.906250000000001776e+00
2.604166666666668739e+00
2.170138888888891948e+00
2.604166666666670515e+00
3.906250000000005329e+00
6.076388888888891948e+00
9.114583333333339255e+00
1.302083333333334281e+01
1.779513888888889284e+01
2.343750000000000711e+01
2.994791666666667851e+01
3.732638888888889284e+01
4.557291666666669272e+01
5.468750000000002132e+01
6.467013888888888573e+01
6.597222222222222854e+01
5.598958333333333570e+01
4.687500000000001421e+01
3.862847222222222854e+01
3.125000000000000000e+01
2.473958333333333570e+01
1.909722222222222854e+01
1.432291666666667140e+01
1.041666666666667140e+01
7.378472222222226762e+00
5.208333333333336590e+00
3.906250000000003553e+00
3.472222222222227206e+00
3.906250000000005329e+00
5.208333333333341031e+00
7.378472222222226762e+00
1.041666666666667496e+01
1.432291666666667851e+01
1.909722222222222854e+01
2.473958333333334281e+01
3.125000000000001421e+01
3.862847222222222854e+01
4.687500000000002842e+01
5.598958333333335702e+01
6.597222222222222854e+01
6.814236111111111427e+01
5.815972222222222143e+01
4.904513888888889994e+01
4.079861111111111427e+01
3.342013888888888573e+01
2.690972222222222143e+01
2.126736111111111427e+01
1.649305555555555713e+01
1.258680555555555713e+01
9.548611111111114269e+00
7.378472222222223209e+00
6.076388888888890172e+00
5.642361111111113381e+00
6.076388888888891948e+00
7.378472222222226762e+00
9.548611111111114269e+00
1.258680555555556069e+01
1.649305555555556424e+01
2.126736111111111427e+01
2.690972222222222854e+01
3.342013888888889994e+01
4.079861111111111427e+01
4.904513888888891415e+01
5.815972222222224275e+01
6.814236111111111427e+01
7.118055555555555713e+01
6.119791666666667140e+01
5.208333333333334281e+01
4.383680555555555713e+01
3.645833333333332860e+01
2.994791666666666785e+01
2.430555555555556069e+01
1.953125000000000355e+01
1.562500000000000355e+01
1.258680555555556069e+01
1.041666666666667140e+01
9.114583333333337478e+00
8.680555555555560687e+00
9.114583333333339255e+00
1.041666666666667496e+01
1.258680555555556069e+01
1.562500000000000711e+01
1.953125000000001066e+01
2.430555555555556069e+01
2.994791666666667496e+01
3.645833333333334281e+01
4.383680555555555713e+01
5.208333333333335702e+01
6.119791666666668561e+01
7.118055555555555713e+01
7.508680555555557135e+01
6.510416666666667140e+01
5.598958333333334991e+01
4.774305555555556424e+01
4.036458333333333570e+01
3.385416666666667140e+01
2.821180555555556424e+01
2.343750000000000711e+01
1.953125000000000711e+01
1.649305555555556424e+01
1.432291666666667496e+01
1.302083333333334103e+01
1.258680555555556424e+01
1.302083333333334281e+01
1.432291666666667851e+01
1.649305555555556424e+01
1.953125000000001066e+01
2.343750000000001421e+01
2.821180555555556424e+01
3.385416666666667851e+01
4.036458333333334991e+01
4.774305555555556424e+01
5.598958333333336412e+01
6.510416666666668561e+01
7.508680555555557135e+01
7.986111111111111427e+01
6.987847222222222854e+01
6.076388888888889994e+01
5.251736111111111427e+01
4.513888888888888573e+01
3.862847222222222143e+01
3.298611111111111427e+01
2.821180555555555713e+01
2.430555555555555713e+01
2.126736111111111427e+01
1.909722222222222499e+01
1.779513888888888928e+01
1.736111111111111427e+01
1.779513888888889284e+01
1.909722222222222854e+01
2.126736111111111427e+01
2.430555555555556069e+01
2.821180555555556424e+01
3.298611111111111427e+01
3.862847222222222854e+01
4.513888888888889994e+01
5.251736111111111427e+01
6.076388888888891415e+01
6.987847222222224275e+01
7.986111111111111427e+01
8.550347222222222854e+01
7.552083333333334281e+01
6.640625000000001421e+01
5.815972222222222854e+01
5.078125000000000000e+01
4.427083333333333570e+01
3.862847222222222854e+01
3.385416666666667140e+01
2.994791666666667140e+01
2.690972222222222854e+01
2.473958333333333925e+01
2.343750000000000355e+01
2.300347222222222854e+01
2.343750000000000711e+01
2.473958333333334281e+01
2.690972222222222854e+01
2.994791666666667496e+01
3.385416666666667851e+01
3.862847222222222854e+01
4.427083333333334281e+01
5.078125000000001421e+01
5.815972222222222854e+01
6.640625000000002842e+01
7.552083333333335702e+01
8.550347222222222854e+01
9.201388888888889994e+01
8.203125000000000000e+01
7.291666666666668561e+01
6.467013888888889994e+01
5.729166666666667140e+01
5.078125000000000711e+01
4.513888888888889994e+01
4.036458333333334281e+01
3.645833333333334281e+01
3.342013888888889994e+01
3.125000000000001066e+01
2.994791666666667496e+01
2.951388888888889994e+01
2.994791666666667851e+01
3.125000000000001421e+01
3.342013888888889994e+01
3.645833333333334281e+01
4.036458333333334991e+01
4.513888888888889994e+01
5.078125000000001421e+01
5.729166666666668561e+01
6.467013888888889994e+01
7.291666666666669983e+01
8.203125000000002842e+01
9.201388888888889994e+01
9.939236111111111427e+01
8.940972222222222854e+01
8.029513888888889994e+01
7.204861111111111427e+01
6.467013888888888573e+01
5.815972222222222143e+01
5.251736111111111427e+01
4.774305555555555713e+01
4.383680555555555713e+01
4.079861111111111427e+01
3.862847222222222143e+01
3.732638888888889284e+01
3.689236111111111427e+01
3.732638888888889284e+01
3.862847222222222854e+01
4.079861111111111427e+01
4.383680555555555713e+01
4.774305555555556424e+01
5.251736111111111427e+01
5.815972222222222854e+01
6.467013888888889994e+01
7.204861111111111427e+01
8.029513888888891415e+01
8.940972222222224275e+01
9.939236111111111427e+01
1.076388888888889142e+02
9.765625000000002842e+01
8.854166666666669983e+01
8.029513888888891415e+01
7.291666666666668561e+01
6.640625000000002842e+01
6.076388888888891415e+01
5.598958333333335702e+01
5.208333333333335702e+01
4.904513888888891415e+01
4.687500000000002132e+01
4.557291666666669272e+01
4.513888888888891415e+01
4.557291666666669272e+01
4.687500000000002842e+01
4.904513888888891415e+01
5.208333333333335702e+01
5.598958333333336412e+01
6.076388888888891415e+01
6.640625000000002842e+01
7.291666666666669983e+01
8.029513888888891415e+01
8.854166666666671404e+01
9.765625000000004263e+01
1.076388888888889142e+02
1.167534722222222427e+02
1.067708333333333428e+02
9.765625000000002842e+01
8.940972222222224275e+01
8.203125000000001421e+01
7.552083333333334281e+01
6.987847222222224275e+01
6.510416666666668561e+01
6.119791666666668561e+01
5.815972222222224275e+01
5.598958333333334991e+01
5.468750000000002132e+01
5.425347222222224275e+01
5.468750000000002132e+01
5.598958333333335702e+01
5.815972222222224275e+01
6.119791666666668561e+01
6.510416666666668561e+01
6.987847222222224275e+01
7.552083333333335702e+01
8.203125000000002842e+01
8.940972222222224275e+01
9.765625000000004263e+01
1.067708333333333712e+02
1.167534722222222427e+02
1.267361111111111143e+02
1.167534722222222285e+02
1.076388888888888999e+02
9.939236111111111427e+01
9.201388888888888573e+01
8.550347222222222854e+01
7.986111111111111427e+01
7.508680555555555713e+01
7.118055555555555713e+01
6.814236111111111427e+01
6.597222222222222854e+01
6.467013888888888573e+01
6.423611111111111427e+01
6.467013888888888573e+01
6.597222222222222854e+01
6.814236111111111427e+01
7.118055555555555713e+01
7.508680555555557135e+01
7.986111111111111427e+01
8.550347222222222854e+01
9.201388888888889994e+01
9.939236111111111427e+01
1.076388888888889142e+02
1.167534722222222427e+02
1.267361111111111143e+02
1.289062500000000000e+02
1.189236111111111143e+02
1.098090277777777857e+02
1.015625000000000000e+02
9.418402777777777146e+01
8.767361111111111427e+01
8.203125000000000000e+01
7.725694444444444287e+01
7.335069444444444287e+01
7.031250000000000000e+01
6.814236111111111427e+01
6.684027777777777146e+01
6.640625000000000000e+01
6.684027777777777146e+01
6.814236111111111427e+01
7.031250000000000000e+01
7.335069444444444287e+01
7.725694444444445708e+01
8.203125000000000000e+01
8.767361111111111427e+01
9.418402777777778567e+01
1.015625000000000000e+02
1.098090277777777999e+02
1.189236111111111285e+02
1.289062500000000000e+02
1.189236111111111143e+02
1.089409722222222143e+02
9.982638888888888573e+01
9.157986111111111427e+01
8.420138888888888573e+01
7.769097222222221433e+01
7.204861111111111427e+01
6.727430555555554292e+01
6.336805555555555003e+01
6.032986111111110716e+01
5.815972222222221433e+01
5.685763888888888573e+01
5.642361111111110716e+01
5.685763888888888573e+01
5.815972222222222143e+01
6.032986111111110716e+01
6.336805555555555713e+01
6.727430555555555713e+01
7.204861111111111427e+01
7.769097222222222854e+01
8.420138888888888573e+01
9.157986111111111427e+01
9.982638888888891415e+01
1.089409722222222285e+02
1.189236111111111143e+02
1.098090277777777857e+02
9.982638888888888573e+01
9.071180555555557135e+01
8.246527777777778567e+01
7.508680555555555713e+01
6.857638888888888573e+01
6.293402777777778567e+01
5.815972222222222854e+01
5.425347222222222854e+01
5.121527777777778567e+01
4.904513888888889284e+01
4.774305555555556424e+01
4.730902777777778567e+01
4.774305555555556424e+01
4.904513888888889994e+01
5.121527777777778567e+01
5.425347222222222854e+01
5.815972222222223564e+01
6.293402777777778567e+01
6.857638888888889994e+01
7.508680555555557135e+01
8.246527777777778567e+01
9.071180555555558556e+01
9.982638888888891415e+01
1.098090277777777857e+02
1.015625000000000000e+02
9.157986111111111427e+01
8.246527777777778567e+01
7.421875000000000000e+01
6.684027777777777146e+01
6.032986111111110716e+01
5.468750000000000000e+01
4.991319444444444287e+01
4.600694444444444287e+01
4.296875000000000000e+01
4.079861111111110716e+01
3.949652777777777857e+01
3.906250000000000000e+01
3.949652777777777857e+01
4.079861111111111427e+01
4.296875000000000000e+01
4.600694444444444287e+01
4.991319444444444997e+01
5.468750000000000000e+01
6.032986111111111427e+01
6.684027777777778567e+01
7.421875000000000000e+01
8.246527777777779988e+01
9.157986111111112848e+01
1.015625000000000000e+02
9.418402777777777146e+01
8.420138888888888573e+01
7.508680555555555713e+01
6.684027777777777146e+01
5.946180555555554292e+01
5.295138888888887863e+01
4.730902777777777146e+01
4.253472222222221433e+01
3.862847222222221433e+01
3.559027777777777146e+01
3.342013888888888573e+01
3.211805555555554292e+01
3.168402777777777146e+01
3.211805555555555003e+01
3.342013888888888573e+01
3.559027777777777146e+01
3.862847222222221433e+01
4.253472222222222143e+01
4.730902777777777146e+01
5.295138888888888573e+01
5.946180555555555713e+01
6.684027777777777146e+01
7.508680555555557135e+01
8.420138888888889994e+01
9.418402777777777146e+01
8.767361111111111427e+01
7.769097222222221433e+01
6.857638888888888573e+01
6.032986111111110716e+01
5.295138888888887863e+01
4.644097222222221433e+01
4.079861111111110716e+01
3.602430555555555003e+01
3.211805555555555003e+01
2.907986111111110716e+01
2.690972222222221788e+01
2.560763888888888218e+01
2.517361111111110716e+01
2.560763888888888573e+01
2.690972222222222143e+01
2.907986111111110716e+01
3.211805555555555713e+01
3.602430555555555713e+01
4.079861111111110716e+01
4.644097222222222143e+01
5.295138888888889284e+01
6.032986111111110716e+01
6.857638888888891415e+01
7.769097222222222854e+01
8.767361111111111427e+01
8.203125000000000000e+01
7.204861111111111427e+01
6.293402777777778567e+01
5.468750000000000000e+01
4.730902777777777146e+01
4.079861111111110716e+01
3.515625000000000000e+01
3.038194444444444287e+01
2.647569444444444287e+01
2.343750000000000000e+01
2.126736111111111072e+01
1.996527777777777501e+01
1.953125000000000000e+01
1.996527777777777857e+01
2.126736111111111427e+01
2.343750000000000000e+01
2.647569444444444642e+01
3.038194444444444997e+01
3.515625000000000000e+01
4.079861111111111427e+01
4.730902777777778567e+01
5.468750000000000000e+01
6.293402777777779988e+01
7.204861111111112848e+01
8.203125000000000000e+01
7.725694444444444287e+01
6.727430555555554292e+01
5.815972222222222854e+01
4.991319444444444287e+01
4.253472222222221433e+01
3.602430555555555003e+01
3.038194444444444287e+01
2.560763888888888573e+01
2.170138888888888573e+01
1.866319444444444287e+01
1.649305555555555358e+01
1.519097222222221966e+01
1.475694444444444287e+01
1.519097222222222143e+01
1.649305555555555713e+01
1.866319444444444287e+01
2.170138888888888928e+01
2.560763888888889284e+01
3.038194444444444287e+01
3.602430555555555713e+01
4.253472222222222854e+01
4.991319444444444287e+01
5.815972222222224275e+01
6.727430555555557135e+01
7.725694444444444287e+01
7.335069444444444287e+01
6.336805555555555003e+01
5.425347222222222854e+01
4.600694444444444287e+01
3.862847222222221433e+01
3.211805555555555003e+01
2.647569444444444287e+01
2.170138888888888573e+01
1.779513888888888573e+01
1.475694444444444287e+01
1.258680555555555358e+01
1.128472222222221966e+01
1.085069444444444287e+01
1.128472222222222143e+01
1.258680555555555713e+01
1.475694444444444287e+01
1.779513888888888928e+01
2.170138888888889284e+01
2.647569444444444287e+01
3.211805555555555713e+01
3.862847222222222854e+01
4.600694444444444287e+01
5.425347222222224275e+01
6.336805555555557135e+01
7.335069444444444287e+01
7.031250000000000000e+01
6.032986111111110716e+01
5.121527777777778567e+01
4.296875000000000000e+01
3.559027777777777146e+01
2.907986111111110716e+01
2.343750000000000000e+01
1.866319444444444287e+01
1.475694444444444287e+01
1.171875000000000000e+01
9.548611111111110716e+00
8.246527777777776791e+00
7.812500000000000000e+00
8.246527777777778567e+00
9.548611111111114269e+00
1.171875000000000000e+01
1.475694444444444642e+01
1.866319444444444997e+01
2.343750000000000000e+01
2.907986111111111427e+01
3.559027777777778567e+01
4.296875000000000000e+01
5.121527777777779988e+01
6.032986111111112848e+01
7.031250000000000000e+01
6.814236111111111427e+01
5.815972222222221433e+01
4.904513888888889284e+01
4.079861111111110716e+01
3.342013888888888573e+01
2.690972222222221788e+01
2.126736111111111072e+01
1.649305555555555358e+01
1.258680555555555358e+01
9.548611111111110716e+00
7.378472222222219656e+00
6.076388888888885731e+00
5.642361111111109828e+00
6.076388888888888395e+00
7.378472222222223209e+00
9.548611111111110716e+00
1.258680555555555713e+01
1.649305555555556069e+01
2.126736111111111072e+01
2.690972222222222499e+01
3.342013888888889994e+01
4.079861111111110716e+01
4.904513888888890705e+01
5.815972222222223564e+01
6.814236111111111427e+01
6.684027777777777146e+01
5.685763888888888573e+01
4.774305555555556424e+01
3.949652777777777857e+01
3.211805555555554292e+01
2.560763888888888218e+01
1.996527777777777501e+01
1.519097222222221966e+01
1.128472222222221966e+01
8.246527777777776791e+00
6.076388888888885731e+00
4.774305555555552694e+00
4.340277777777776791e+00
4.774305555555555358e+00
6.076388888888890172e+00
8.246527777777776791e+00
1.128472222222222321e+01
1.519097222222222676e+01
1.996527777777777501e+01
2.560763888888888928e+01
3.211805555555555713e+01
3.949652777777777857e+01
4.774305555555557845e+01
5.685763888888890705e+01
6.684027777777777146e+01
6.640625000000000000e+01
5.642361111111110716e+01
4.730902777777778567e+01
3.906250000000000000e+01
3.168402777777777146e+01
2.517361111111110716e+01
1.953125000000000000e+01
1.475694444444444287e+01
1.085069444444444287e+01
7.812500000000000000e+00
5.642361111111109828e+00
4.340277777777776791e+00
3.906250000000000000e+00
4.340277777777778567e+00
5.642361111111113381e+00
7.812500000000000000e+00
1.085069444444444642e+01
1.475694444444444997e+01
1.953125000000000000e+01
2.517361111111111427e+01
3.168402777777778567e+01
3.906250000000000000e+01
4.730902777777779988e+01
5.642361111111112848e+01
6.640625000000000000e+01
6.684027777777777146e+01
5.685763888888888573e+01
4.774305555555556424e+01
3.949652777777777857e+01
3.211805555555555003e+01
2.560763888888888573e+01
1.996527777777777857e+01
1.519097222222222143e+01
1.128472222222222143e+01
8.246527777777778567e+00
6.076388888888888395e+00
4.774305555555555358e+00
4.340277777777778567e+00
4.774305555555557135e+00
6.076388888888891948e+00
8.246527777777778567e+00
1.128472222222222499e+01
1.519097222222222854e+01
1.996527777777777857e+01
2.560763888888889284e+01
3.211805555555556424e+01
3.949652777777777857e+01
4.774305555555557845e+01
5.685763888888890705e+01
6.684027777777777146e+01
6.814236111111111427e+01
5.815972222222222143e+01
4.904513888888889994e+01
4.079861111111111427e+01
3.342013888888888573e+01
2.690972222222222143e+01
2.126736111111111427e+01
1.649305555555555713e+01
1.258680555555555713e+01
9.548611111111114269e+00
7.378472222222223209e+00
6.076388888888890172e+00
5.642361111111113381e+00
6.076388888888891948e+00
7.378472222222226762e+00
9.548611111111114269e+00
1.258680555555556069e+01
1.649305555555556424e+01
2.126736111111111427e+01
2.690972222222222854e+01
3.342013888888889994e+01
4.079861111111111427e+01
4.904513888888891415e+01
5.815972222222224275e+01
6.814236111111111427e+01
7.031250000000000000e+01
6.032986111111110716e+01
5.121527777777778567e+01
4.296875000000000000e+01
3.559027777777777146e+01
2.907986111111110716e+01
2.343750000000000000e+01
1.866319444444444287e+01
1.475694444444444287e+01
1.171875000000000000e+01
9.548611111111110716e+00
8.246527777777776791e+00
7.812500000000000000e+00
8.246527777777778567e+00
9.548611111111114269e+00
1.171875000000000000e+01
1.475694444444444642e+01
1.866319444444444997e+01
2.343750000000000000e+01
2.907986111111111427e+01
3.559027777777778567e+01
4.296875000000000000e+01
5.121527777777779988e+01
6.032986111111112848e+01
7.031250000000000000e+01
7.335069444444444287e+01
6.336805555555555713e+01
5.425347222222222854e+01
4.600694444444444287e+01
3.862847222222221433e+01
3.211805555555555713e+01
2.647569444444444642e+01
2.170138888888888928e+01
1.779513888888888928e+01
1.475694444444444642e+01
1.258680555555555713e+01
1.128472222222222321e+01
1.085069444444444642e+01
1.128472222222222499e+01
1.258680555555556069e+01
1.475694444444444642e+01
1.779513888888889284e+01
2.170138888888889639e+01
2.647569444444444642e+01
3.211805555555555713e+01
3.862847222222222854e+01
4.600694444444444287e+01
5.425347222222224275e+01
6.336805555555557135e+01
7.335069444444444287e+01
7.725694444444445708e+01
6.727430555555555713e+01
5.815972222222223564e+01
4.991319444444444997e+01
4.253472222222222143e+01
3.602430555555555713e+01
3.038194444444444997e+01
2.560763888888889284e+01
2.170138888888889284e+01
1.866319444444444997e+01
1.649305555555556069e+01
1.519097222222222676e+01
1.475694444444444997e+01
1.519097222222222854e+01
1.649305555555556424e+01
1.866319444444444997e+01
2.170138888888889639e+01
2.560763888888889994e+01
3.038194444444444997e+01
3.602430555555556424e+01
4.253472222222223564e+01
4.991319444444444997e+01
5.815972222222224985e+01
6.727430555555557135e+01
7.725694444444445708e+01
8.203125000000000000e+01
7.204861111111111427e+01
6.293402777777778567e+01
5.468750000000000000e+01
4.730902777777777146e+01
4.079861111111110716e+01
3.515625000000000000e+01
3.038194444444444287e+01
2.647569444444444287e+01
2.343750000000000000e+01
2.126736111111111072e+01
1.996527777777777501e+01
1.953125000000000000e+01
1.996527777777777857e+01
2.126736111111111427e+01
2.343750000000000000e+01
2.647569444444444642e+01
3.038194444444444997e+01
3.515625000000000000e+01
4.079861111111111427e+01
4.730902777777778567e+01
5.468750000000000000e+01
6.293402777777779988e+01
7.204861111111112848e+01
8.203125000000000000e+01
8.767361111111111427e+01
7.769097222222222854e+01
6.857638888888889994e+01
6.032986111111111427e+01
5.295138888888888573e+01
4.644097222222222143e+01
4.079861111111111427e+01
3.602430555555555713e+01
3.211805555555555713e+01
2.907986111111111427e+01
2.690972222222222499e+01
2.560763888888888928e+01
2.517361111111111427e+01
2.560763888888889284e+01
2.690972222222222854e+01
2.907986111111111427e+01
3.211805555555555713e+01
3.602430555555556424e+01
4.079861111111111427e+01
4.644097222222222854e+01
5.295138888888889994e+01
6.032986111111111427e+01
6.857638888888891415e+01
7.769097222222224275e+01
8.767361111111111427e+01
9.418402777777778567e+01
8.420138888888888573e+01
7.508680555555557135e+01
6.684027777777778567e+01
5.946180555555555713e+01
5.295138888888889284e+01
4.730902777777778567e+01
4.253472222222222854e+01
3.862847222222222854e+01
3.559027777777778567e+01
3.342013888888889994e+01
3.211805555555555713e+01
3.168402777777778567e+01
3.211805555555556424e+01
3.342013888888889994e+01
3.559027777777778567e+01
3.862847222222222854e+01
4.253472222222223564e+01
4.730902777777778567e+01
5.295138888888889994e+01
5.946180555555557135e+01
6.684027777777778567e+01
7.508680555555558556e+01
8.420138888888891415e+01
9.418402777777778567e+01
1.015625000000000000e+02
9.157986111111111427e+01
8.246527777777778567e+01
7.421875000000000000e+01
6.684027777777777146e+01
6.032986111111110716e+01
5.468750000000000000e+01
4.991319444444444287e+01
4.600694444444444287e+01
4.296875000000000000e+01
4.079861111111110716e+01
3.949652777777777857e+01
3.906250000000000000e+01
3.949652777777777857e+01
4.079861111111111427e+01
4.296875000000000000e+01
4.600694444444444287e+01
4.991319444444444997e+01
5.468750000000000000e+01
6.032986111111111427e+01
6.684027777777778567e+01
7.421875000000000000e+01
8.246527777777779988e+01
9.157986111111112848e+01
1.015625000000000000e+02
1.098090277777777999e+02
9.982638888888891415e+01
9.071180555555558556e+01
8.246527777777779988e+01
7.508680555555557135e+01
6.857638888888891415e+01
6.293402777777779988e+01
5.815972222222224275e+01
5.425347222222224275e+01
5.121527777777779988e+01
4.904513888888890705e+01
4.774305555555557845e+01
4.730902777777779988e+01
4.774305555555557845e+01
4.904513888888891415e+01
5.121527777777779988e+01
5.425347222222224275e+01
5.815972222222224985e+01
6.293402777777779988e+01
6.857638888888891415e+01
7.508680555555558556e+01
8.246527777777779988e+01
9.071180555555559977e+01
9.982638888888892836e+01
1.098090277777777999e+02
1.189236111111111285e+02
1.089409722222222285e+02
9.982638888888891415e+01
9.157986111111112848e+01
8.420138888888889994e+01
7.769097222222222854e+01
7.204861111111112848e+01
6.727430555555557135e+01
6.336805555555557135e+01
6.032986111111112848e+01
5.815972222222223564e+01
5.685763888888890705e+01
5.642361111111112848e+01
5.685763888888890705e+01
5.815972222222224275e+01
6.032986111111112848e+01
6.336805555555557135e+01
6.727430555555557135e+01
7.204861111111112848e+01
7.769097222222224275e+01
8.420138888888891415e+01
9.157986111111112848e+01
9.982638888888892836e+01
1.089409722222222570e+02
1.189236111111111285e+02
1.289062500000000000e+02
1.189236111111111143e+02
1.098090277777777857e+02
1.015625000000000000e+02
9.418402777777777146e+01
8.767361111111111427e+01
8.203125000000000000e+01
7.725694444444444287e+01
7.335069444444444287e+01
7.031250000000000000e+01
6.814236111111111427e+01
6.684027777777777146e+01
6.640625000000000000e+01
6.684027777777777146e+01
6.814236111111111427e+01
7.031250000000000000e+01
7.335069444444444287e+01
7.725694444444445708e+01
8.203125000000000000e+01
8.767361111111111427e+01
9.418402777777778567e+01
1.015625000000000000e+02
1.098090277777777999e+02
1.189236111111111285e+02
1.289062500000000000e+02
1.319444444444444571e+02
1.219618055555555571e+02
1.128472222222222285e+02
1.046006944444444429e+02
9.722222222222221433e+01
9.071180555555555713e+01
8.506944444444444287e+01
8.029513888888888573e+01
7.638888888888888573e+01
7.335069444444444287e+01
7.118055555555555713e+01
6.987847222222222854e+01
6.944444444444444287e+01
6.987847222222222854e+01
7.118055555555555713e+01
7.335069444444444287e+01
7.638888888888888573e+01
8.029513888888889994e+01
8.506944444444444287e+01
9.071180555555555713e+01
9.722222222222222854e+01
1.046006944444444429e+02
1.128472222222222427e+02
1.219618055555555713e+02
1.319444444444444571e+02
1.219618055555555571e+02
1.119791666666666572e+02
1.028645833333333286e+02
9.461805555555555713e+01
8.723958333333332860e+01
8.072916666666665719e+01
7.508680555555555713e+01
7.031250000000000000e+01
6.640625000000000000e+01
6.336805555555555713e+01
6.119791666666665719e+01
5.989583333333332860e+01
5.946180555555555713e+01
5.989583333333332860e+01
6.119791666666667140e+01
6.336805555555555713e+01
6.640625000000000000e+01
7.031250000000000000e+01
7.508680555555555713e+01
8.072916666666667140e+01
8.723958333333332860e+01
9.461805555555555713e+01
1.028645833333333570e+02
1.119791666666666714e+02
1.219618055555555571e+02
1.128472222222222285e+02
1.028645833333333286e+02
9.375000000000001421e+01
8.550347222222222854e+01
7.812500000000000000e+01
7.161458333333332860e+01
6.597222222222222854e+01
6.119791666666667140e+01
5.729166666666667140e+01
5.425347222222222854e+01
5.208333333333334281e+01
5.078125000000001421e+01
5.034722222222222854e+01
5.078125000000001421e+01
5.208333333333334281e+01
5.425347222222222854e+01
5.729166666666667140e+01
6.119791666666668561e+01
6.597222222222222854e+01
7.161458333333334281e+01
7.812500000000001421e+01
8.550347222222222854e+01
9.375000000000002842e+01
1.028645833333333570e+02
1.128472222222222285e+02
1.046006944444444429e+02
9.461805555555555713e+01
8.550347222222222854e+01
7.725694444444444287e+01
6.987847222222221433e+01
6.336805555555555713e+01
5.772569444444444287e+01
5.295138888888888573e+01
4.904513888888888573e+01
4.600694444444444287e+01
4.383680555555555713e+01
4.253472222222222854e+01
4.210069444444444287e+01
4.253472222222222854e+01
4.383680555555555713e+01
4.600694444444444287e+01
4.904513888888888573e+01
5.295138888888889994e+01
5.772569444444444287e+01
6.336805555555555713e+01
6.987847222222222854e+01
7.725694444444444287e+01
8.550347222222224275e+01
9.461805555555557135e+01
1.046006944444444429e+02
9.722222222222221433e+01
8.723958333333332860e+01
7.812500000000000000e+01
6.987847222222221433e+01
6.249999999999998579e+01
5.598958333333332860e+01
5.034722222222221433e+01
4.557291666666665719e+01
4.166666666666665719e+01
3.862847222222221433e+01
3.645833333333332860e+01
3.515624999999999289e+01
3.472222222222221433e+01
3.515625000000000000e+01
3.645833333333332860e+01
3.862847222222221433e+01
4.166666666666665719e+01
4.557291666666667140e+01
5.034722222222221433e+01
5.598958333333332860e+01
6.250000000000000000e+01
6.987847222222221433e+01
7.812500000000001421e+01
8.723958333333334281e+01
9.722222222222221433e+01
9.071180555555555713e+01
8.072916666666665719e+01
7.161458333333332860e+01
6.336805555555555713e+01
5.598958333333332860e+01
4.947916666666665719e+01
4.383680555555555713e+01
3.906250000000000000e+01
3.515625000000000000e+01
3.211805555555555713e+01
2.994791666666666430e+01
2.864583333333332860e+01
2.821180555555555358e+01
2.864583333333333215e+01
2.994791666666666785e+01
3.211805555555555713e+01
3.515625000000000000e+01
3.906250000000000000e+01
4.383680555555555713e+01
4.947916666666667140e+01
5.598958333333334281e+01
6.336805555555555713e+01
7.161458333333335702e+01
8.072916666666667140e+01
9.071180555555555713e+01
8.506944444444444287e+01
7.508680555555555713e+01
6.597222222222222854e+01
5.772569444444444287e+01
5.034722222222221433e+01
4.383680555555555713e+01
3.819444444444444287e+01
3.342013888888888573e+01
2.951388888888888928e+01
2.647569444444444642e+01
2.430555555555555713e+01
2.300347222222222143e+01
2.256944444444444642e+01
2.300347222222222499e+01
2.430555555555556069e+01
2.647569444444444642e+01
2.951388888888889284e+01
3.342013888888889994e+01
3.819444444444444287e+01
4.383680555555555713e+01
5.034722222222222854e+01
5.772569444444444287e+01
6.597222222222224275e+01
7.508680555555557135e+01
8.506944444444444287e+01
8.029513888888888573e+01
7.031250000000000000e+01
6.119791666666667140e+01
5.295138888888888573e+01
4.557291666666665719e+01
3.906250000000000000e+01
3.342013888888888573e+01
2.864583333333333215e+01
2.473958333333333215e+01
2.170138888888888928e+01
1.953125000000000000e+01
1.822916666666666430e+01
1.779513888888888928e+01
1.822916666666666785e+01
1.953125000000000355e+01
2.170138888888888928e+01
2.473958333333333570e+01
2.864583333333333925e+01
3.342013888888888573e+01
3.906250000000000000e+01
4.557291666666667140e+01
5.295138888888888573e+01
6.119791666666668561e+01
7.031250000000001421e+01
8.029513888888888573e+01
7.638888888888888573e+01
6.640625000000000000e+01
5.729166666666667140e+01
4.904513888888888573e+01
4.166666666666665719e+01
3.515625000000000000e+01
2.951388888888888928e+01
2.473958333333333215e+01
2.083333333333333215e+01
1.779513888888888928e+01
1.562500000000000000e+01
1.432291666666666607e+01
1.388888888888888928e+01
1.432291666666666785e+01
1.562500000000000355e+01
1.779513888888888928e+01
2.083333333333333570e+01
2.473958333333333925e+01
2.951388888888888928e+01
3.515625000000000000e+01
4.166666666666667140e+01
4.904513888888888573e+01
5.729166666666668561e+01
6.640625000000001421e+01
7.638888888888888573e+01
7.335069444444444287e+01
6.336805555555555713e+01
5.425347222222222854e+01
4.600694444444444287e+01
3.862847222222221433e+01
3.211805555555555713e+01
2.647569444444444642e+01
2.170138888888888928e+01
1.779513888888888928e+01
1.475694444444444642e+01
1.258680555555555713e+01
1.128472222222222321e+01
1.085069444444444642e+01
1.128472222222222499e+01
1.258680555555556069e+01
1.475694444444444642e+01
1.779513888888889284e+01
2.170138888888889639e+01
2.647569444444444642e+01
3.211805555555555713e+01
3.862847222222222854e+01
4.600694444444444287e+01
5.425347222222224275e+01
6.336805555555557135e+01
7.335069444444444287e+01
7.118055555555555713e+01
6.119791666666665719e+01
5.208333333333334281e+01
4.383680555555555713e+01
3.645833333333332860e+01
2.994791666666666430e+01
2.430555555555555713e+01
1.953125000000000000e+01
1.562500000000000000e+01
1.258680555555555713e+01
1.041666666666666607e+01
9.114583333333332149e+00
8.680555555555557135e+00
9.114583333333335702e+00
1.041666666666666963e+01
1.258680555555555713e+01
1.562500000000000355e+01
1.953125000000000711e+01
2.430555555555555713e+01
2.994791666666667140e+01
3.645833333333334281e+01
4.383680555555555713e+01
5.208333333333335702e+01
6.119791666666668561e+01
7.118055555555555713e+01
6.987847222222222854e+01
5.989583333333332860e+01
5.078125000000001421e+01
4.253472222222222854e+01
3.515624999999999289e+01
2.864583333333332860e+01
2.300347222222222143e+01
1.822916666666666430e+01
1.432291666666666607e+01
1.128472222222222321e+01
9.114583333333332149e+00
7.812499999999999112e+00
7.378472222222223209e+00
7.812500000000001776e+00
9.114583333333335702e+00
1.128472222222222321e+01
1.432291666666666963e+01
1.822916666666667140e+01
2.300347222222222143e+01
2.864583333333333570e+01
3.515625000000000711e+01
4.253472222222222854e+01
5.078125000000002842e+01
5.989583333333335702e+01
6.987847222222222854e+01
6.944444444444444287e+01
5.946180555555555713e+01
5.034722222222222854e+01
4.210069444444444287e+01
3.472222222222221433e+01
2.821180555555555358e+01
2.256944444444444642e+01
1.779513888888888928e+01
1.388888888888888928e+01
1.085069444444444642e+01
8.680555555555557135e+00
7.378472222222223209e+00
6.944444444444446418e+00
7.378472222222224985e+00
8.680555555555560687e+00
1.085069444444444642e+01
1.388888888888889284e+01
1.779513888888889639e+01
2.256944444444444642e+01
2.821180555555556069e+01
3.472222222222222854e+01
4.210069444444444287e+01
5.034722222222224275e+01
5.946180555555557135e+01
6.944444444444444287e+01
6.987847222222222854e+01
5.989583333333332860e+01
5.078125000000001421e+01
4.253472222222222854e+01
3.515625000000000000e+01
2.864583333333333215e+01
2.300347222222222499e+01
1.822916666666666785e+01
1.432291666666666785e+01
1.128472222222222499e+01
9.114583333333335702e+00
7.812500000000001776e+00
7.378472222222224985e+00
7.812500000000003553e+00
9.114583333333339255e+00
1.128472222222222499e+01
1.432291666666667140e+01
1.822916666666667496e+01
2.300347222222222499e+01
2.864583333333333925e+01
3.515625000000001421e+01
4.253472222222222854e+01
5.078125000000002842e+01
5.989583333333335702e+01
6.987847222222222854e+01
7.118055555555555713e+01
6.119791666666667140e+01
5.208333333333334281e+01
4.383680555555555713e+01
3.645833333333332860e+01
2.994791666666666785e+01
2.430555555555556069e+01
1.953125000000000355e+01
1.562500000000000355e+01
1.258680555555556069e+01
1.041666666666666963e+01
9.114583333333335702e+00
8.680555555555560687e+00
9.114583333333339255e+00
1.041666666666667318e+01
1.258680555555556069e+01
1.562500000000000711e+01
1.953125000000001066e+01
2.430555555555556069e+01
2.994791666666667496e+01
3.645833333333334281e+01
4.383680555555555713e+01
5.208333333333335702e+01
6.119791666666668561e+01
7.118055555555555713e+01
7.335069444444444287e+01
6.336805555555555713e+01
5.425347222222222854e+01
4.600694444444444287e+01
3.862847222222221433e+01
3.211805555555555713e+01
2.647569444444444642e+01
2.170138888888888928e+01
1.779513888888888928e+01
1.475694444444444642e+01
1.258680555555555713e+01
1.128472222222222321e+01
1.085069444444444642e+01
1.128472222222222499e+01
1.258680555555556069e+01
1.475694444444444642e+01
1.779513888888889284e+01
2.170138888888889639e+01
2.647569444444444642e+01
3.211805555555555713e+01
3.862847222222222854e+01
4.600694444444444287e+01
5.425347222222224275e+01
6.336805555555557135e+01
7.335069444444444287e+01
7.638888888888888573e+01
6.640625000000000000e+01
5.729166666666667140e+01
4.904513888888888573e+01
4.166666666666665719e+01
3.515625000000000000e+01
2.951388888888889284e+01
2.473958333333333570e+01
2.083333333333333570e+01
1.779513888888889284e+01
1.562500000000000355e+01
1.432291666666666963e+01
1.388888888888889284e+01
1.432291666666667140e+01
1.562500000000000711e+01
1.779513888888889284e+01
2.083333333333333925e+01
2.473958333333334281e+01
2.951388888888889284e+01
3.515625000000000711e+01
4.166666666666667140e+01
4.904513888888888573e+01
5.729166666666668561e+01
6.640625000000001421e+01
7.638888888888888573e+01
8.029513888888889994e+01
7.031250000000000000e+01
6.119791666666668561e+01
5.295138888888889994e+01
4.557291666666667140e+01
3.906250000000000000e+01
3.342013888888889994e+01
2.864583333333333925e+01
2.473958333333333925e+01
2.170138888888889639e+01
1.953125000000000711e+01
1.822916666666667140e+01
1.779513888888889639e+01
1.822916666666667496e+01
1.953125000000001066e+01
2.170138888888889639e+01
2.473958333333334281e+01
2.864583333333334636e+01
3.342013888888889994e+01
3.906250000000001421e+01
4.557291666666668561e+01
5.295138888888889994e+01
6.119791666666669983e+01
7.031250000000002842e+01
8.029513888888889994e+01
8.506944444444444287e+01
7.508680555555555713e+01
6.597222222222222854e+01
5.772569444444444287e+01
5.034722222222221433e+01
4.383680555555555713e+01
3.819444444444444287e+01
3.342013888888888573e+01
2.951388888888888928e+01
2.647569444444444642e+01
2.430555555555555713e+01
2.300347222222222143e+01
2.256944444444444642e+01
2.300347222222222499e+01
2.430555555555556069e+01
2.647569444444444642e+01
2.951388888888889284e+01
3.342013888888889994e+01
3.819444444444444287e+01
4.383680555555555713e+01
5.034722222222222854e+01
5.772569444444444287e+01
6.597222222222224275e+01
7.508680555555557135e+01
8.506944444444444287e+01
9.071180555555555713e+01
8.072916666666667140e+01
7.161458333333334281e+01
6.336805555555555713e+01
5.598958333333332860e+01
4.947916666666667140e+01
4.383680555555555713e+01
3.906250000000000000e+01
3.515625000000000000e+01
3.211805555555555713e+01
2.994791666666667140e+01
2.864583333333333570e+01
2.821180555555556069e+01
2.864583333333333925e+01
2.994791666666667496e+01
3.211805555555555713e+01
3.515625000000000711e+01
3.906250000000001421e+01
4.383680555555555713e+01
4.947916666666667140e+01
5.598958333333334281e+01
6.336805555555555713e+01
7.161458333333335702e+01
8.072916666666668561e+01
9.071180555555555713e+01
9.722222222222222854e+01
8.723958333333332860e+01
7.812500000000001421e+01
6.987847222222222854e+01
6.250000000000000000e+01
5.598958333333334281e+01
5.034722222222222854e+01
4.557291666666667140e+01
4.166666666666667140e+01
3.862847222222222854e+01
3.645833333333334281e+01
3.515625000000000711e+01
3.472222222222222854e+01
3.515625000000001421e+01
3.645833333333334281e+01
3.862847222222222854e+01
4.166666666666667140e+01
4.557291666666668561e+01
5.034722222222222854e+01
5.598958333333334281e+01
6.250000000000001421e+01
6.987847222222222854e+01
7.812500000000002842e+01
8.723958333333335702e+01
9.722222222222222854e+01
1.046006944444444429e+02
9.461805555555555713e+01
8.550347222222222854e+01
7.725694444444444287e+01
6.987847222222221433e+01
6.336805555555555713e+01
5.772569444444444287e+01
5.295138888888888573e+01
4.904513888888888573e+01
4.600694444444444287e+01
4.383680555555555713e+01
4.253472222222222854e+01
4.210069444444444287e+01
4.253472222222222854e+01
4.383680555555555713e+01
4.600694444444444287e+01
4.904513888888888573e+01
5.295138888888889994e+01
5.772569444444444287e+01
6.336805555555555713e+01
6.987847222222222854e+01
7.725694444444444287e+01
8.550347222222224275e+01
9.461805555555557135e+01
1.046006944444444429e+02
1.128472222222222427e+02
1.028645833333333570e+02
9.375000000000002842e+01
8.550347222222224275e+01
7.812500000000001421e+01
7.161458333333335702e+01
6.597222222222224275e+01
6.119791666666668561e+01
5.729166666666668561e+01
5.425347222222224275e+01
5.208333333333335702e+01
5.078125000000002842e+01
5.034722222222224275e+01
5.078125000000002842e+01
5.208333333333335702e+01
5.425347222222224275e+01
5.729166666666668561e+01
6.119791666666669983e+01
6.597222222222224275e+01
7.161458333333335702e+01
7.812500000000002842e+01
8.550347222222224275e+01
9.375000000000004263e+01
1.028645833333333712e+02
1.128472222222222427e+02
1.219618055555555713e+02
1.119791666666666714e+02
1.028645833333333570e+02
9.461805555555557135e+01
8.723958333333334281e+01
8.072916666666667140e+01
7.508680555555557135e+01
7.031250000000001421e+01
6.640625000000001421e+01
6.336805555555557135e+01
6.119791666666668561e+01
5.989583333333335702e+01
5.946180555555557135e+01
5.989583333333335702e+01
6.119791666666668561e+01
6.336805555555557135e+01
6.640625000000001421e+01
7.031250000000002842e+01
7.508680555555557135e+01
8.072916666666668561e+01
8.723958333333335702e+01
9.461805555555557135e+01
1.028645833333333712e+02
1.119791666666666998e+02
1.219618055555555713e+02
1.319444444444444571e+02
1.219618055555555571e+02
1.128472222222222285e+02
1.046006944444444429e+02
9.722222222222221433e+01
9.071180555555555713e+01
8.506944444444444287e+01
8.029513888888888573e+01
7.638888888888888573e+01
7.335069444444444287e+01
7.118055555555555713e+01
6.987847222222222854e+01
6.944444444444444287e+01
6.987847222222222854e+01
7.118055555555555713e+01
7.335069444444444287e+01
7.638888888888888573e+01
8.029513888888889994e+01
8.506944444444444287e+01
9.071180555555555713e+01
9.722222222222222854e+01
1.046006944444444429e+02
1.128472222222222427e+02
1.219618055555555713e+02
1.319444444444444571e+02
1.358506944444444571e+02
1.258680555555555713e+02
1.167534722222222285e+02
1.085069444444444571e+02
1.011284722222222285e+02
9.461805555555557135e+01
8.897569444444445708e+01
8.420138888888888573e+01
8.029513888888888573e+01
7.725694444444445708e+01
7.508680555555557135e+01
7.378472222222222854e+01
7.335069444444445708e+01
7.378472222222222854e+01
7.508680555555557135e+01
7.725694444444445708e+01
8.029513888888888573e+01
8.420138888888891415e+01
8.897569444444445708e+01
9.461805555555557135e+01
1.011284722222222285e+02
1.085069444444444571e+02
1.167534722222222570e+02
1.258680555555555713e+02
1.358506944444444571e+02
1.258680555555555713e+02
1.158854166666666572e+02
1.067708333333333428e+02
9.852430555555557135e+01
9.114583333333334281e+01
8.463541666666665719e+01
7.899305555555557135e+01
7.421875000000000000e+01
7.031250000000000000e+01
6.727430555555555713e+01
6.510416666666665719e+01
6.380208333333333570e+01
6.336805555555555713e+01
6.380208333333333570e+01
6.510416666666667140e+01
6.727430555555555713e+01
7.031250000000000000e+01
7.421875000000000000e+01
7.899305555555557135e+01
8.463541666666668561e+01
9.114583333333334281e+01
9.852430555555557135e+01
1.067708333333333712e+02
1.158854166666666856e+02
1.258680555555555713e+02
1.167534722222222285e+02
1.067708333333333428e+02
9.765625000000002842e+01
8.940972222222222854e+01
8.203125000000000000e+01
7.552083333333334281e+01
6.987847222222222854e+01
6.510416666666668561e+01
6.119791666666667851e+01
5.815972222222223564e+01
5.598958333333334281e+01
5.468750000000001421e+01
5.425347222222223564e+01
5.468750000000001421e+01
5.598958333333334991e+01
5.815972222222223564e+01
6.119791666666667851e+01
6.510416666666668561e+01
6.987847222222222854e+01
7.552083333333334281e+01
8.203125000000002842e+01
8.940972222222222854e+01
9.765625000000002842e+01
1.067708333333333712e+02
1.167534722222222285e+02
1.085069444444444571e+02
9.852430555555557135e+01
8.940972222222222854e+01
8.116319444444445708e+01
7.378472222222222854e+01
6.727430555555555713e+01
6.163194444444444997e+01
5.685763888888889284e+01
5.295138888888889284e+01
4.991319444444444997e+01
4.774305555555555713e+01
4.644097222222222854e+01
4.600694444444444997e+01
4.644097222222222854e+01
4.774305555555556424e+01
4.991319444444444997e+01
5.295138888888889284e+01
5.685763888888889994e+01
6.163194444444444997e+01
6.727430555555557135e+01
7.378472222222222854e+01
8.116319444444445708e+01
8.940972222222225696e+01
9.852430555555557135e+01
1.085069444444444571e+02
1.011284722222222285e+02
9.114583333333334281e+01
8.203125000000000000e+01
7.378472222222222854e+01
6.640625000000000000e+01
5.989583333333332860e+01
5.425347222222222143e+01
4.947916666666666430e+01
4.557291666666666430e+01
4.253472222222222143e+01
4.036458333333332860e+01
3.906250000000000000e+01
3.862847222222222143e+01
3.906250000000000000e+01
4.036458333333333570e+01
4.253472222222222143e+01
4.557291666666666430e+01
4.947916666666667140e+01
5.425347222222222143e+01
5.989583333333333570e+01
6.640625000000000000e+01
7.378472222222222854e+01
8.203125000000002842e+01
9.114583333333334281e+01
1.011284722222222285e+02
9.461805555555557135e+01
8.463541666666665719e+01
7.552083333333334281e+01
6.727430555555555713e+01
5.989583333333332860e+01
5.338541666666666430e+01
4.774305555555555713e+01
4.296875000000000000e+01
3.906250000000000000e+01
3.602430555555555713e+01
3.385416666666667140e+01
3.255208333333332860e+01
3.211805555555555713e+01
3.255208333333333570e+01
3.385416666666667140e+01
3.602430555555555713e+01
3.906250000000000000e+01
4.296875000000000711e+01
4.774305555555555713e+01
5.338541666666667140e+01
5.989583333333334281e+01
6.727430555555555713e+01
7.552083333333337123e+01
8.463541666666668561e+01
9.461805555555557135e+01
8.897569444444445708e+01
7.899305555555557135e+01
6.987847222222222854e+01
6.163194444444444997e+01
5.425347222222222143e+01
4.774305555555555713e+01
4.210069444444444997e+01
3.732638888888889284e+01
3.342013888888889284e+01
3.038194444444444997e+01
2.821180555555556069e+01
2.690972222222222499e+01
2.647569444444444997e+01
2.690972222222222854e+01
2.821180555555556424e+01
3.038194444444444997e+01
3.342013888888889994e+01
3.732638888888889994e+01
4.210069444444444997e+01
4.774305555555556424e+01
5.425347222222223564e+01
6.163194444444444997e+01
6.987847222222225696e+01
7.899305555555557135e+01
8.897569444444445708e+01
8.420138888888888573e+01
7.421875000000000000e+01
6.510416666666668561e+01
5.685763888888889284e+01
4.947916666666666430e+01
4.296875000000000000e+01
3.732638888888889284e+01
3.255208333333333570e+01
2.864583333333333570e+01
2.560763888888889284e+01
2.343750000000000355e+01
2.213541666666667140e+01
2.170138888888889284e+01
2.213541666666667140e+01
2.343750000000000711e+01
2.560763888888889284e+01
2.864583333333333925e+01
3.255208333333334281e+01
3.732638888888889284e+01
4.296875000000000711e+01
4.947916666666667851e+01
5.685763888888889284e+01
6.510416666666668561e+01
7.421875000000002842e+01
8.420138888888888573e+01
8.029513888888888573e+01
7.031250000000000000e+01
6.119791666666667851e+01
5.295138888888889284e+01
4.557291666666666430e+01
3.906250000000000000e+01
3.342013888888889284e+01
2.864583333333333570e+01
2.473958333333333570e+01
2.170138888888889284e+01
1.953125000000000355e+01
1.822916666666667140e+01
1.779513888888889284e+01
1.822916666666667140e+01
1.953125000000000711e+01
2.170138888888889284e+01
2.473958333333333925e+01
2.864583333333334281e+01
3.342013888888889284e+01
3.906250000000000711e+01
4.557291666666667851e+01
5.295138888888889284e+01
6.119791666666669272e+01
7.031250000000002842e+01
8.029513888888888573e+01
7.725694444444445708e+01
6.727430555555555713e+01
5.815972222222223564e+01
4.991319444444444997e+01
4.253472222222222143e+01
3.602430555555555713e+01
3.038194444444444997e+01
2.560763888888889284e+01
2.170138888888889284e+01
1.866319444444444997e+01
1.649305555555556069e+01
1.519097222222222676e+01
1.475694444444444997e+01
1.519097222222222854e+01
1.649305555555556424e+01
1.866319444444444997e+01
2.170138888888889639e+01
2.560763888888889994e+01
3.038194444444444997e+01
3.602430555555556424e+01
4.253472222222223564e+01
4.991319444444444997e+01
5.815972222222224985e+01
6.727430555555557135e+01
7.725694444444445708e+01
7.508680555555557135e+01
6.510416666666665719e+01
5.598958333333334281e+01
4.774305555555555713e+01
4.036458333333332860e+01
3.385416666666667140e+01
2.821180555555556069e+01
2.343750000000000355e+01
1.953125000000000355e+01
1.649305555555556069e+01
1.432291666666666963e+01
1.302083333333333570e+01
1.258680555555556069e+01
1.302083333333333925e+01
1.432291666666667318e+01
1.649305555555556069e+01
1.953125000000000711e+01
2.343750000000001066e+01
2.821180555555556069e+01
3.385416666666667140e+01
4.036458333333334281e+01
4.774305555555555713e+01
5.598958333333335702e+01
6.510416666666668561e+01
7.508680555555557135e+01
7.378472222222222854e+01
6.380208333333333570e+01
5.468750000000001421e+01
4.644097222222222854e+01
3.906250000000000000e+01
3.255208333333332860e+01
2.690972222222222499e+01
2.213541666666667140e+01
1.822916666666667140e+01
1.519097222222222676e+01
1.302083333333333570e+01
1.171875000000000355e+01
1.128472222222222676e+01
1.171875000000000533e+01
1.302083333333333925e+01
1.519097222222222676e+01
1.822916666666667140e+01
2.213541666666667851e+01
2.690972222222222499e+01
3.255208333333334281e+01
3.906250000000001421e+01
4.644097222222222854e+01
5.468750000000002842e+01
6.380208333333335702e+01
7.378472222222222854e+01
7.335069444444445708e+01
6.336805555555555713e+01
5.425347222222223564e+01
4.600694444444444997e+01
3.862847222222222143e+01
3.211805555555555713e+01
2.647569444444444997e+01
2.170138888888889284e+01
1.779513888888889284e+01
1.475694444444444997e+01
1.258680555555556069e+01
1.128472222222222676e+01
1.085069444444444997e+01
1.128472222222222854e+01
1.258680555555556424e+01
1.475694444444444997e+01
1.779513888888889639e+01
2.170138888888889994e+01
2.647569444444444997e+01
3.211805555555556424e+01
3.862847222222223564e+01
4.600694444444444997e+01
5.425347222222224985e+01
6.336805555555557845e+01
7.335069444444445708e+01
7.378472222222222854e+01
6.380208333333333570e+01
5.468750000000001421e+01
4.644097222222222854e+01
3.906250000000000000e+01
3.255208333333333570e+01
2.690972222222222854e+01
2.213541666666667140e+01
1.822916666666667140e+01
1.519097222222222854e+01
1.302083333333333925e+01
1.171875000000000533e+01
1.128472222222222854e+01
1.171875000000000711e+01
1.302083333333334281e+01
1.519097222222222854e+01
1.822916666666667496e+01
2.213541666666667851e+01
2.690972222222222854e+01
3.255208333333334281e+01
3.906250000000001421e+01
4.644097222222222854e+01
5.468750000000002842e+01
6.380208333333335702e+01
7.378472222222222854e+01
7.508680555555557135e+01
6.510416666666667140e+01
5.598958333333334991e+01
4.774305555555556424e+01
4.036458333333333570e+01
3.385416666666667140e+01
2.821180555555556424e+01
2.343750000000000711e+01
1.953125000000000711e+01
1.649305555555556424e+01
1.432291666666667318e+01
1.302083333333333925e+01
1.258680555555556424e+01
1.302083333333334281e+01
1.432291666666667673e+01
1.649305555555556424e+01
1.953125000000001066e+01
2.343750000000001421e+01
2.821180555555556424e+01
3.385416666666667851e+01
4.036458333333334991e+01
4.774305555555556424e+01
5.598958333333336412e+01
6.510416666666668561e+01
7.508680555555557135e+01
7.725694444444445708e+01
6.727430555555555713e+01
5.815972222222223564e+01
4.991319444444444997e+01
4.253472222222222143e+01
3.602430555555555713e+01
3.038194444444444997e+01
2.560763888888889284e+01
2.170138888888889284e+01
1.866319444444444997e+01
1.649305555555556069e+01
1.519097222222222676e+01
1.475694444444444997e+01
1.519097222222222854e+01
1.649305555555556424e+01
1.866319444444444997e+01
2.170138888888889639e+01
2.560763888888889994e+01
3.038194444444444997e+01
3.602430555555556424e+01
4.253472222222223564e+01
4.991319444444444997e+01
5.815972222222224985e+01
6.727430555555557135e+01
7.725694444444445708e+01
8.029513888888888573e+01
7.031250000000000000e+01
6.119791666666667851e+01
5.295138888888889284e+01
4.557291666666666430e+01
3.906250000000000000e+01
3.342013888888889994e+01
2.864583333333333925e+01
2.473958333333333925e+01
2.170138888888889639e+01
1.953125000000000711e+01
1.822916666666667140e+01
1.779513888888889639e+01
1.822916666666667496e+01
1.953125000000001066e+01
2.170138888888889639e+01
2.473958333333334281e+01
2.864583333333334636e+01
3.342013888888889994e+01
3.906250000000001421e+01
4.557291666666667851e+01
5.295138888888889284e+01
6.119791666666669272e+01
7.031250000000002842e+01
8.029513888888888573e+01
8.420138888888891415e+01
7.421875000000000000e+01
6.510416666666668561e+01
5.685763888888889994e+01
4.947916666666667140e+01
4.296875000000000711e+01
3.732638888888889994e+01
3.255208333333334281e+01
2.864583333333334281e+01
2.560763888888889994e+01
2.343750000000001066e+01
2.213541666666667851e+01
2.170138888888889994e+01
2.213541666666667851e+01
2.343750000000001421e+01
2.560763888888889994e+01
2.864583333333334636e+01
3.255208333333334991e+01
3.732638888888889994e+01
4.296875000000001421e+01
4.947916666666668561e+01
5.685763888888889994e+01
6.510416666666669983e+01
7.421875000000002842e+01
8.420138888888891415e+01
8.897569444444445708e+01
7.899305555555557135e+01
6.987847222222222854e+01
6.163194444444444997e+01
5.425347222222222143e+01
4.774305555555555713e+01
4.210069444444444997e+01
3.732638888888889284e+01
3.342013888888889284e+01
3.038194444444444997e+01
2.821180555555556069e+01
2.690972222222222499e+01
2.647569444444444997e+01
2.690972222222222854e+01
2.821180555555556424e+01
3.038194444444444997e+01
3.342013888888889994e+01
3.732638888888889994e+01
4.210069444444444997e+01
4.774305555555556424e+01
5.425347222222223564e+01
6.163194444444444997e+01
6.987847222222225696e+01
7.899305555555557135e+01
8.897569444444445708e+01
9.461805555555557135e+01
8.463541666666668561e+01
7.552083333333334281e+01
6.727430555555557135e+01
5.989583333333333570e+01
5.338541666666667140e+01
4.774305555555556424e+01
4.296875000000000711e+01
3.906250000000000711e+01
3.602430555555556424e+01
3.385416666666667140e+01
3.255208333333334281e+01
3.211805555555556424e+01
3.255208333333334281e+01
3.385416666666667851e+01
3.602430555555556424e+01
3.906250000000001421e+01
4.296875000000001421e+01
4.774305555555556424e+01
5.338541666666667851e+01
5.989583333333334991e+01
6.727430555555557135e+01
7.552083333333337123e+01
8.463541666666668561e+01
9.461805555555557135e+01
1.011284722222222285e+02
9.114583333333334281e+01
8.203125000000002842e+01
7.378472222222222854e+01
6.640625000000000000e+01
5.989583333333334281e+01
5.425347222222223564e+01
4.947916666666667851e+01
4.557291666666667851e+01
4.253472222222223564e+01
4.036458333333334281e+01
3.906250000000001421e+01
3.862847222222223564e+01
3.906250000000001421e+01
4.036458333333334991e+01
4.253472222222223564e+01
4.557291666666667851e+01
4.947916666666668561e+01
5.425347222222223564e+01
5.989583333333334991e+01
6.640625000000002842e+01
7.378472222222222854e+01
8.203125000000002842e+01
9.114583333333337123e+01
1.011284722222222285e+02
1.085069444444444571e+02
9.852430555555557135e+01
8.940972222222222854e+01
8.116319444444445708e+01
7.378472222222222854e+01
6.727430555555555713e+01
6.163194444444444997e+01
5.685763888888889284e+01
5.295138888888889284e+01
4.991319444444444997e+01
4.774305555555555713e+01
4.644097222222222854e+01
4.600694444444444997e+01
4.644097222222222854e+01
4.774305555555556424e+01
4.991319444444444997e+01
5.295138888888889284e+01
5.685763888888889994e+01
6.163194444444444997e+01
6.727430555555557135e+01
7.378472222222222854e+01
8.116319444444445708e+01
8.940972222222225696e+01
9.852430555555557135e+01
1.085069444444444571e+02
1.167534722222222570e+02
1.067708333333333712e+02
9.765625000000002842e+01
8.940972222222225696e+01
8.203125000000002842e+01
7.552083333333337123e+01
6.987847222222225696e+01
6.510416666666668561e+01
6.119791666666669272e+01
5.815972222222224985e+01
5.598958333333335702e+01
5.468750000000002842e+01
5.425347222222224985e+01
5.468750000000002842e+01
5.598958333333336412e+01
5.815972222222224985e+01
6.119791666666669272e+01
6.510416666666669983e+01
6.987847222222225696e+01
7.552083333333337123e+01
8.203125000000002842e+01
8.940972222222225696e+01
9.765625000000005684e+01
1.067708333333333712e+02
1.167534722222222570e+02
1.258680555555555713e+02
1.158854166666666856e+02
1.067708333333333712e+02
9.852430555555557135e+01
9.114583333333334281e+01
8.463541666666668561e+01
7.899305555555557135e+01
7.421875000000002842e+01
7.031250000000002842e+01
6.727430555555557135e+01
6.510416666666668561e+01
6.380208333333335702e+01
6.336805555555557845e+01
6.380208333333335702e+01
6.510416666666668561e+01
6.727430555555557135e+01
7.031250000000002842e+01
7.421875000000002842e+01
7.899305555555557135e+01
8.463541666666668561e+01
9.114583333333337123e+01
9.852430555555557135e+01
1.067708333333333712e+02
1.158854166666667140e+02
1.258680555555555713e+02
1.358506944444444571e+02
1.258680555555555713e+02
1.167534722222222285e+02
1.085069444444444571e+02
1.011284722222222285e+02
9.461805555555557135e+01
8.897569444444445708e+01
8.420138888888888573e+01
8.029513888888888573e+01
7.725694444444445708e+01
7.508680555555557135e+01
7.378472222222222854e+01
7.335069444444445708e+01
7.378472222222222854e+01
7.508680555555557135e+01
7.725694444444445708e+01
8.029513888888888573e+01
8.420138888888891415e+01
8.897569444444445708e+01
9.461805555555557135e+01
1.011284722222222285e+02
1.085069444444444571e+02
1.167534722222222570e+02
1.258680555555555713e+02
1.358506944444444571e+02
1.406250000000000000e+02
1.306423611111111143e+02
1.215277777777777857e+02
1.132812500000000000e+02
1.059027777777777715e+02
9.939236111111111427e+01
9.375000000000000000e+01
8.897569444444444287e+01
8.506944444444444287e+01
8.203125000000000000e+01
7.986111111111111427e+01
7.855902777777777146e+01
7.812500000000000000e+01
7.855902777777777146e+01
7.986111111111111427e+01
8.203125000000000000e+01
8.506944444444444287e+01
8.897569444444445708e+01
9.375000000000000000e+01
9.939236111111111427e+01
1.059027777777777857e+02
1.132812500000000000e+02
1.215277777777777999e+02
1.306423611111111427e+02
1.406250000000000000e+02
1.306423611111111143e+02
1.206597222222222143e+02
1.115451388888888857e+02
1.032986111111111143e+02
9.592013888888888573e+01
8.940972222222221433e+01
8.376736111111111427e+01
7.899305555555554292e+01
7.508680555555554292e+01
7.204861111111111427e+01
6.987847222222221433e+01
6.857638888888888573e+01
6.814236111111111427e+01
6.857638888888888573e+01
6.987847222222222854e+01
7.204861111111111427e+01
7.508680555555555713e+01
7.899305555555555713e+01
8.376736111111111427e+01
8.940972222222222854e+01
9.592013888888888573e+01
1.032986111111111143e+02
1.115451388888889142e+02
1.206597222222222285e+02
1.306423611111111143e+02
1.215277777777777857e+02
1.115451388888888857e+02
1.024305555555555713e+02
9.418402777777778567e+01
8.680555555555555713e+01
8.029513888888888573e+01
7.465277777777778567e+01
6.987847222222222854e+01
6.597222222222222854e+01
6.293402777777778567e+01
6.076388888888889284e+01
5.946180555555556424e+01
5.902777777777778567e+01
5.946180555555556424e+01
6.076388888888889994e+01
6.293402777777778567e+01
6.597222222222222854e+01
6.987847222222222854e+01
7.465277777777778567e+01
8.029513888888889994e+01
8.680555555555557135e+01
9.418402777777778567e+01
1.024305555555555856e+02
1.115451388888889142e+02
1.215277777777777857e+02
1.132812500000000000e+02
1.032986111111111143e+02
9.418402777777778567e+01
8.593750000000000000e+01
7.855902777777777146e+01
7.204861111111111427e+01
6.640625000000000000e+01
6.163194444444444287e+01
5.772569444444444287e+01
5.468750000000000000e+01
5.251736111111110716e+01
5.121527777777777857e+01
5.078125000000000000e+01
5.121527777777777857e+01
5.251736111111111427e+01
5.468750000000000000e+01
5.772569444444444287e+01
6.163194444444444997e+01
6.640625000000000000e+01
7.204861111111111427e+01
7.855902777777778567e+01
8.593750000000000000e+01
9.418402777777779988e+01
1.032986111111111285e+02
1.132812500000000000e+02
1.059027777777777715e+02
9.592013888888888573e+01
8.680555555555555713e+01
7.855902777777777146e+01
7.118055555555554292e+01
6.467013888888888573e+01
5.902777777777777146e+01
5.425347222222221433e+01
5.034722222222221433e+01
4.730902777777777146e+01
4.513888888888888573e+01
4.383680555555554292e+01
4.340277777777777146e+01
4.383680555555555003e+01
4.513888888888888573e+01
4.730902777777777146e+01
5.034722222222221433e+01
5.425347222222222143e+01
5.902777777777777146e+01
6.467013888888888573e+01
7.118055555555555713e+01
7.855902777777777146e+01
8.680555555555557135e+01
9.592013888888889994e+01
1.059027777777777715e+02
9.939236111111111427e+01
8.940972222222221433e+01
8.029513888888888573e+01
7.204861111111111427e+01
6.467013888888888573e+01
5.815972222222221433e+01
5.251736111111110716e+01
4.774305555555555003e+01
4.383680555555555003e+01
4.079861111111110716e+01
3.862847222222221433e+01
3.732638888888888573e+01
3.689236111111110716e+01
3.732638888888888573e+01
3.862847222222222143e+01
4.079861111111110716e+01
4.383680555555555713e+01
4.774305555555555713e+01
5.251736111111110716e+01
5.815972222222222143e+01
6.467013888888888573e+01
7.204861111111111427e+01
8.029513888888891415e+01
8.940972222222222854e+01
9.939236111111111427e+01
9.375000000000000000e+01
8.376736111111111427e+01
7.465277777777778567e+01
6.640625000000000000e+01
5.902777777777777146e+01
5.251736111111110716e+01
4.687500000000000000e+01
4.210069444444444287e+01
3.819444444444444287e+01
3.515625000000000000e+01
3.298611111111111427e+01
3.168402777777777501e+01
3.125000000000000000e+01
3.168402777777777857e+01
3.298611111111111427e+01
3.515625000000000000e+01
3.819444444444444287e+01
4.210069444444444997e+01
4.687500000000000000e+01
5.251736111111111427e+01
5.902777777777778567e+01
6.640625000000000000e+01
7.465277777777779988e+01
8.376736111111112848e+01
9.375000000000000000e+01
8.897569444444444287e+01
7.899305555555554292e+01
6.987847222222222854e+01
6.163194444444444287e+01
5.425347222222221433e+01
4.774305555555555003e+01
4.210069444444444287e+01
3.732638888888888573e+01
3.342013888888888573e+01
3.038194444444444287e+01
2.821180555555555358e+01
2.690972222222222143e+01
2.647569444444444287e+01
2.690972222222222143e+01
2.821180555555555713e+01
3.038194444444444287e+01
3.342013888888888573e+01
3.732638888888889284e+01
4.210069444444444287e+01
4.774305555555555713e+01
5.425347222222222854e+01
6.163194444444444287e+01
6.987847222222224275e+01
7.899305555555557135e+01
8.897569444444444287e+01
8.506944444444444287e+01
7.508680555555554292e+01
6.597222222222222854e+01
5.772569444444444287e+01
5.034722222222221433e+01
4.383680555555555003e+01
3.819444444444444287e+01
3.342013888888888573e+01
2.951388888888888573e+01
2.647569444444444287e+01
2.430555555555555358e+01
2.300347222222222143e+01
2.256944444444444287e+01
2.300347222222222143e+01
2.430555555555555713e+01
2.647569444444444287e+01
2.951388888888888928e+01
3.342013888888889284e+01
3.819444444444444287e+01
4.383680555555555713e+01
5.034722222222222854e+01
5.772569444444444287e+01
6.597222222222224275e+01
7.508680555555557135e+01
8.506944444444444287e+01
8.203125000000000000e+01
7.204861111111111427e+01
6.293402777777778567e+01
5.468750000000000000e+01
4.730902777777777146e+01
4.079861111111110716e+01
3.515625000000000000e+01
3.038194444444444287e+01
2.647569444444444287e+01
2.343750000000000000e+01
2.126736111111111072e+01
1.996527777777777857e+01
1.953125000000000000e+01
1.996527777777777857e+01
2.126736111111111427e+01
2.343750000000000000e+01
2.647569444444444642e+01
3.038194444444444997e+01
3.515625000000000000e+01
4.079861111111111427e+01
4.730902777777778567e+01
5.468750000000000000e+01
6.293402777777779988e+01
7.204861111111112848e+01
8.203125000000000000e+01
7.986111111111111427e+01
6.987847222222221433e+01
6.076388888888889284e+01
5.251736111111110716e+01
4.513888888888888573e+01
3.862847222222221433e+01
3.298611111111111427e+01
2.821180555555555358e+01
2.430555555555555358e+01
2.126736111111111072e+01
1.909722222222222143e+01
1.779513888888888573e+01
1.736111111111111072e+01
1.779513888888888928e+01
1.909722222222222143e+01
2.126736111111111072e+01
2.430555555555555713e+01
2.821180555555556069e+01
3.298611111111111427e+01
3.862847222222222854e+01
4.513888888888889994e+01
5.251736111111110716e+01
6.076388888888890705e+01
6.987847222222222854e+01
7.986111111111111427e+01
7.855902777777777146e+01
6.857638888888888573e+01
5.946180555555556424e+01
5.121527777777777857e+01
4.383680555555554292e+01
3.732638888888888573e+01
3.168402777777777501e+01
2.690972222222222143e+01
2.300347222222222143e+01
1.996527777777777857e+01
1.779513888888888573e+01
1.649305555555555358e+01
1.605902777777777501e+01
1.649305555555555358e+01
1.779513888888888928e+01
1.996527777777777857e+01
2.300347222222222143e+01
2.690972222222222854e+01
3.168402777777777501e+01
3.732638888888888573e+01
4.383680555555555713e+01
5.121527777777777857e+01
5.946180555555557845e+01
6.857638888888891415e+01
7.855902777777777146e+01
7.812500000000000000e+01
6.814236111111111427e+01
5.902777777777778567e+01
5.078125000000000000e+01
4.340277777777777146e+01
3.689236111111110716e+01
3.125000000000000000e+01
2.647569444444444287e+01
2.256944444444444287e+01
1.953125000000000000e+01
1.736111111111111072e+01
1.605902777777777501e+01
1.562500000000000000e+01
1.605902777777777857e+01
1.736111111111111427e+01
1.953125000000000000e+01
2.256944444444444642e+01
2.647569444444444997e+01
3.125000000000000000e+01
3.689236111111111427e+01
4.340277777777778567e+01
5.078125000000000000e+01
5.902777777777779988e+01
6.814236111111112848e+01
7.812500000000000000e+01
7.855902777777777146e+01
6.857638888888888573e+01
5.946180555555556424e+01
5.121527777777777857e+01
4.383680555555555003e+01
3.732638888888888573e+01
3.168402777777777857e+01
2.690972222222222143e+01
2.300347222222222143e+01
1.996527777777777857e+01
1.779513888888888928e+01
1.649305555555555358e+01
1.605902777777777857e+01
1.649305555555555713e+01
1.779513888888889284e+01
1.996527777777777857e+01
2.300347222222222499e+01
2.690972222222222854e+01
3.168402777777777857e+01
3.732638888888889284e+01
4.383680555555556424e+01
5.121527777777777857e+01
5.946180555555557845e+01
6.857638888888891415e+01
7.855902777777777146e+01
7.986111111111111427e+01
6.987847222222222854e+01
6.076388888888889994e+01
5.251736111111111427e+01
4.513888888888888573e+01
3.862847222222222143e+01
3.298611111111111427e+01
2.821180555555555713e+01
2.430555555555555713e+01
2.126736111111111427e+01
1.909722222222222143e+01
1.779513888888888928e+01
1.736111111111111427e+01
1.779513888888889284e+01
1.909722222222222854e+01
2.126736111111111427e+01
2.430555555555556069e+01
2.821180555555556424e+01
3.298611111111111427e+01
3.862847222222222854e+01
4.513888888888889994e+01
5.251736111111111427e+01
6.076388888888891415e+01
6.987847222222224275e+01
7.986111111111111427e+01
8.203125000000000000e+01
7.204861111111111427e+01
6.293402777777778567e+01
5.468750000000000000e+01
4.730902777777777146e+01
4.079861111111110716e+01
3.515625000000000000e+01
3.038194444444444287e+01
2.647569444444444287e+01
2.343750000000000000e+01
2.126736111111111072e+01
1.996527777777777857e+01
1.953125000000000000e+01
1.996527777777777857e+01
2.126736111111111427e+01
2.343750000000000000e+01
2.647569444444444642e+01
3.038194444444444997e+01
3.515625000000000000e+01
4.079861111111111427e+01
4.730902777777778567e+01
5.468750000000000000e+01
6.293402777777779988e+01
7.204861111111112848e+01
8.203125000000000000e+01
8.506944444444444287e+01
7.508680555555555713e+01
6.597222222222222854e+01
5.772569444444444287e+01
5.034722222222221433e+01
4.383680555555555713e+01
3.819444444444444287e+01
3.342013888888888573e+01
2.951388888888888928e+01
2.647569444444444642e+01
2.430555555555555713e+01
2.300347222222222143e+01
2.256944444444444642e+01
2.300347222222222499e+01
2.430555555555556069e+01
2.647569444444444642e+01
2.951388888888889284e+01
3.342013888888889994e+01
3.819444444444444287e+01
4.383680555555555713e+01
5.034722222222222854e+01
5.772569444444444287e+01
6.597222222222224275e+01
7.508680555555557135e+01
8.506944444444444287e+01
8.897569444444445708e+01
7.899305555555555713e+01
6.987847222222222854e+01
6.163194444444444997e+01
5.425347222222222143e+01
4.774305555555555713e+01
4.210069444444444997e+01
3.732638888888889284e+01
3.342013888888889284e+01
3.038194444444444997e+01
2.821180555555556069e+01
2.690972222222222854e+01
2.647569444444444997e+01
2.690972222222222854e+01
2.821180555555556424e+01
3.038194444444444997e+01
3.342013888888889994e+01
3.732638888888889994e+01
4.210069444444444997e+01
4.774305555555556424e+01
5.425347222222223564e+01
6.163194444444444997e+01
6.987847222222225696e+01
7.899305555555557135e+01
8.897569444444445708e+01
9.375000000000000000e+01
8.376736111111111427e+01
7.465277777777778567e+01
6.640625000000000000e+01
5.902777777777777146e+01
5.251736111111110716e+01
4.687500000000000000e+01
4.210069444444444287e+01
3.819444444444444287e+01
3.515625000000000000e+01
3.298611111111111427e+01
3.168402777777777501e+01
3.125000000000000000e+01
3.168402777777777857e+01
3.298611111111111427e+01
3.515625000000000000e+01
3.819444444444444287e+01
4.210069444444444997e+01
4.687500000000000000e+01
5.251736111111111427e+01
5.902777777777778567e+01
6.640625000000000000e+01
7.465277777777779988e+01
8.376736111111112848e+01
9.375000000000000000e+01
9.939236111111111427e+01
8.940972222222222854e+01
8.029513888888889994e+01
7.204861111111111427e+01
6.467013888888888573e+01
5.815972222222222143e+01
5.251736111111111427e+01
4.774305555555555713e+01
4.383680555555555713e+01
4.079861111111111427e+01
3.862847222222222854e+01
3.732638888888888573e+01
3.689236111111111427e+01
3.732638888888889284e+01
3.862847222222222854e+01
4.079861111111111427e+01
4.383680555555555713e+01
4.774305555555556424e+01
5.251736111111111427e+01
5.815972222222222854e+01
6.467013888888889994e+01
7.204861111111111427e+01
8.029513888888891415e+01
8.940972222222224275e+01
9.939236111111111427e+01
1.059027777777777857e+02
9.592013888888888573e+01
8.680555555555557135e+01
7.855902777777778567e+01
7.118055555555555713e+01
6.467013888888888573e+01
5.902777777777778567e+01
5.425347222222222854e+01
5.034722222222222854e+01
4.730902777777778567e+01
4.513888888888889994e+01
4.383680555555555713e+01
4.340277777777778567e+01
4.383680555555556424e+01
4.513888888888889994e+01
4.730902777777778567e+01
5.034722222222222854e+01
5.425347222222223564e+01
5.902777777777778567e+01
6.467013888888889994e+01
7.118055555555557135e+01
7.855902777777778567e+01
8.680555555555558556e+01
9.592013888888891415e+01
1.059027777777777857e+02
1.132812500000000000e+02
1.032986111111111143e+02
9.418402777777778567e+01
8.593750000000000000e+01
7.855902777777777146e+01
7.204861111111111427e+01
6.640625000000000000e+01
6.163194444444444287e+01
5.772569444444444287e+01
5.468750000000000000e+01
5.251736111111110716e+01
5.121527777777777857e+01
5.078125000000000000e+01
5.121527777777777857e+01
5.251736111111111427e+01
5.468750000000000000e+01
5.772569444444444287e+01
6.163194444444444997e+01
6.640625000000000000e+01
7.204861111111111427e+01
7.855902777777778567e+01
8.593750000000000000e+01
9.418402777777779988e+01
1.032986111111111285e+02
1.132812500000000000e+02
1.215277777777777999e+02
1.115451388888889142e+02
1.024305555555555856e+02
9.418402777777779988e+01
8.680555555555557135e+01
8.029513888888891415e+01
7.465277777777779988e+01
6.987847222222224275e+01
6.597222222222224275e+01
6.293402777777779988e+01
6.076388888888890705e+01
5.946180555555557845e+01
5.902777777777779988e+01
5.946180555555557845e+01
6.076388888888891415e+01
6.293402777777779988e+01
6.597222222222224275e+01
6.987847222222225696e+01
7.465277777777779988e+01
8.029513888888891415e+01
8.680555555555558556e+01
9.418402777777779988e+01
1.024305555555555998e+02
1.115451388888889284e+02
1.215277777777777999e+02
1.306423611111111427e+02
1.206597222222222285e+02
1.115451388888889142e+02
1.032986111111111285e+02
9.592013888888889994e+01
8.940972222222222854e+01
8.376736111111112848e+01
7.899305555555557135e+01
7.508680555555557135e+01
7.204861111111112848e+01
6.987847222222222854e+01
6.857638888888891415e+01
6.814236111111112848e+01
6.857638888888891415e+01
6.987847222222224275e+01
7.204861111111112848e+01
7.508680555555557135e+01
7.899305555555557135e+01
8.376736111111112848e+01
8.940972222222224275e+01
9.592013888888891415e+01
1.032986111111111285e+02
1.115451388888889284e+02
1.206597222222222570e+02
1.306423611111111427e+02
1.406250000000000000e+02
1.306423611111111143e+02
1.215277777777777857e+02
1.132812500000000000e+02
1.059027777777777715e+02
9.939236111111111427e+01
9.375000000000000000e+01
8.897569444444444287e+01
8.506944444444444287e+01
8.203125000000000000e+01
7.986111111111111427e+01
7.855902777777777146e+01
7.812500000000000000e+01
7.855902777777777146e+01
7.986111111111111427e+01
8.203125000000000000e+01
8.506944444444444287e+01
8.897569444444445708e+01
9.375000000000000000e+01
9.939236111111111427e+01
1.059027777777777857e+02
1.132812500000000000e+02
1.215277777777777999e+02
1.306423611111111427e+02
1.406250000000000000e+02
1.462673611111111143e+02
1.362847222222222285e+02
1.271701388888888999e+02
1.189236111111111143e+02
1.115451388888888857e+02
1.050347222222222285e+02
9.939236111111111427e+01
9.461805555555555713e+01
9.071180555555555713e+01
8.767361111111111427e+01
8.550347222222222854e+01
8.420138888888888573e+01
8.376736111111111427e+01
8.420138888888888573e+01
8.550347222222222854e+01
8.767361111111111427e+01
9.071180555555555713e+01
9.461805555555557135e+01
9.939236111111111427e+01
1.050347222222222285e+02
1.115451388888888999e+02
1.189236111111111143e+02
1.271701388888889142e+02
1.362847222222222285e+02
1.462673611111111143e+02
1.362847222222222285e+02
1.263020833333333286e+02
1.171875000000000000e+02
1.089409722222222285e+02
1.015625000000000000e+02
9.505208333333332860e+01
8.940972222222222854e+01
8.463541666666665719e+01
8.072916666666665719e+01
7.769097222222222854e+01
7.552083333333332860e+01
7.421875000000000000e+01
7.378472222222222854e+01
7.421875000000000000e+01
7.552083333333334281e+01
7.769097222222222854e+01
8.072916666666667140e+01
8.463541666666667140e+01
8.940972222222222854e+01
9.505208333333334281e+01
1.015625000000000000e+02
1.089409722222222285e+02
1.171875000000000284e+02
1.263020833333333428e+02
1.362847222222222285e+02
1.271701388888888999e+02
1.171875000000000000e+02
1.080729166666666856e+02
9.982638888888889994e+01
9.244791666666667140e+01
8.593750000000000000e+01
8.029513888888889994e+01
7.552083333333334281e+01
7.161458333333334281e+01
6.857638888888889994e+01
6.640625000000000000e+01
6.510416666666668561e+01
6.467013888888889994e+01
6.510416666666668561e+01
6.640625000000001421e+01
6.857638888888889994e+01
7.161458333333334281e+01
7.552083333333334281e+01
8.029513888888889994e+01
8.593750000000001421e+01
9.244791666666668561e+01
9.982638888888889994e+01
1.080729166666666998e+02
1.171875000000000284e+02
1.271701388888888999e+02
1.189236111111111143e+02
1.089409722222222285e+02
9.982638888888889994e+01
9.157986111111111427e+01
8.420138888888888573e+01
7.769097222222222854e+01
7.204861111111111427e+01
6.727430555555555713e+01
6.336805555555555713e+01
6.032986111111111427e+01
5.815972222222222143e+01
5.685763888888889284e+01
5.642361111111111427e+01
5.685763888888889284e+01
5.815972222222222854e+01
6.032986111111111427e+01
6.336805555555555713e+01
6.727430555555557135e+01
7.204861111111111427e+01
7.769097222222222854e+01
8.420138888888889994e+01
9.157986111111111427e+01
9.982638888888891415e+01
1.089409722222222427e+02
1.189236111111111143e+02
1.115451388888888857e+02
1.015625000000000000e+02
9.244791666666667140e+01
8.420138888888888573e+01
7.682291666666665719e+01
7.031250000000000000e+01
6.467013888888888573e+01
5.989583333333332860e+01
5.598958333333332860e+01
5.295138888888888573e+01
5.078125000000000000e+01
4.947916666666665719e+01
4.904513888888888573e+01
4.947916666666666430e+01
5.078125000000000000e+01
5.295138888888888573e+01
5.598958333333332860e+01
5.989583333333333570e+01
6.467013888888888573e+01
7.031250000000000000e+01
7.682291666666667140e+01
8.420138888888888573e+01
9.244791666666668561e+01
1.015625000000000142e+02
1.115451388888888857e+02
1.050347222222222285e+02
9.505208333333332860e+01
8.593750000000000000e+01
7.769097222222222854e+01
7.031250000000000000e+01
6.380208333333332860e+01
5.815972222222222143e+01
5.338541666666666430e+01
4.947916666666666430e+01
4.644097222222222143e+01
4.427083333333332860e+01
4.296875000000000000e+01
4.253472222222222143e+01
4.296875000000000000e+01
4.427083333333333570e+01
4.644097222222222143e+01
4.947916666666667140e+01
5.338541666666667140e+01
5.815972222222222143e+01
6.380208333333333570e+01
7.031250000000000000e+01
7.769097222222222854e+01
8.593750000000002842e+01
9.505208333333334281e+01
1.050347222222222285e+02
9.939236111111111427e+01
8.940972222222222854e+01
8.029513888888889994e+01
7.204861111111111427e+01
6.467013888888888573e+01
5.815972222222222143e+01
5.251736111111111427e+01
4.774305555555555713e+01
4.383680555555555713e+01
4.079861111111111427e+01
3.862847222222222854e+01
3.732638888888888573e+01
3.689236111111111427e+01
3.732638888888889284e+01
3.862847222222222854e+01
4.079861111111111427e+01
4.383680555555555713e+01
4.774305555555556424e+01
5.251736111111111427e+01
5.815972222222222854e+01
6.467013888888889994e+01
7.204861111111111427e+01
8.029513888888891415e+01
8.940972222222224275e+01
9.939236111111111427e+01
9.461805555555555713e+01
8.463541666666665719e+01
7.552083333333334281e+01
6.727430555555555713e+01
5.989583333333332860e+01
5.338541666666666430e+01
4.774305555555555713e+01
4.296875000000000000e+01
3.906250000000000000e+01
3.602430555555555713e+01
3.385416666666667140e+01
3.255208333333333570e+01
3.211805555555555713e+01
3.255208333333333570e+01
3.385416666666667140e+01
3.602430555555555713e+01
3.906250000000000000e+01
4.296875000000000711e+01
4.774305555555555713e+01
5.338541666666667140e+01
5.989583333333334281e+01
6.727430555555555713e+01
7.552083333333335702e+01
8.463541666666668561e+01
9.461805555555555713e+01
9.071180555555555713e+01
8.072916666666665719e+01
7.161458333333334281e+01
6.336805555555555713e+01
5.598958333333332860e+01
4.947916666666666430e+01
4.383680555555555713e+01
3.906250000000000000e+01
3.515625000000000000e+01
3.211805555555555713e+01
2.994791666666666785e+01
2.864583333333333570e+01
2.821180555555555713e+01
2.864583333333333570e+01
2.994791666666667140e+01
3.211805555555555713e+01
3.515625000000000000e+01
3.906250000000000711e+01
4.383680555555555713e+01
4.947916666666667140e+01
5.598958333333334281e+01
6.336805555555555713e+01
7.161458333333335702e+01
8.072916666666668561e+01
9.071180555555555713e+01
8.767361111111111427e+01
7.769097222222222854e+01
6.857638888888889994e+01
6.032986111111111427e+01
5.295138888888888573e+01
4.644097222222222143e+01
4.079861111111111427e+01
3.602430555555555713e+01
3.211805555555555713e+01
2.907986111111111427e+01
2.690972222222222499e+01
2.560763888888889284e+01
2.517361111111111427e+01
2.560763888888889284e+01
2.690972222222222854e+01
2.907986111111111427e+01
3.211805555555555713e+01
3.602430555555556424e+01
4.079861111111111427e+01
4.644097222222222854e+01
5.295138888888889994e+01
6.032986111111111427e+01
6.857638888888891415e+01
7.769097222222224275e+01
8.767361111111111427e+01
8.550347222222222854e+01
7.552083333333332860e+01
6.640625000000000000e+01
5.815972222222222143e+01
5.078125000000000000e+01
4.427083333333332860e+01
3.862847222222222854e+01
3.385416666666667140e+01
2.994791666666666785e+01
2.690972222222222499e+01
2.473958333333333570e+01
2.343750000000000000e+01
2.300347222222222499e+01
2.343750000000000355e+01
2.473958333333333570e+01
2.690972222222222499e+01
2.994791666666667140e+01
3.385416666666667140e+01
3.862847222222222854e+01
4.427083333333334281e+01
5.078125000000001421e+01
5.815972222222222143e+01
6.640625000000002842e+01
7.552083333333334281e+01
8.550347222222222854e+01
8.420138888888888573e+01
7.421875000000000000e+01
6.510416666666668561e+01
5.685763888888889284e+01
4.947916666666665719e+01
4.296875000000000000e+01
3.732638888888888573e+01
3.255208333333333570e+01
2.864583333333333570e+01
2.560763888888889284e+01
2.343750000000000000e+01
2.213541666666666785e+01
2.170138888888888928e+01
2.213541666666666785e+01
2.343750000000000355e+01
2.560763888888889284e+01
2.864583333333333570e+01
3.255208333333334281e+01
3.732638888888888573e+01
4.296875000000000000e+01
4.947916666666667140e+01
5.685763888888889284e+01
6.510416666666668561e+01
7.421875000000002842e+01
8.420138888888888573e+01
8.376736111111111427e+01
7.378472222222222854e+01
6.467013888888889994e+01
5.642361111111111427e+01
4.904513888888888573e+01
4.253472222222222143e+01
3.689236111111111427e+01
3.211805555555555713e+01
2.821180555555555713e+01
2.517361111111111427e+01
2.300347222222222499e+01
2.170138888888888928e+01
2.126736111111111427e+01
2.170138888888889284e+01
2.300347222222222854e+01
2.517361111111111427e+01
2.821180555555556069e+01
3.211805555555556424e+01
3.689236111111111427e+01
4.253472222222222854e+01
4.904513888888889994e+01
5.642361111111111427e+01
6.467013888888891415e+01
7.378472222222224275e+01
8.376736111111111427e+01
8.420138888888888573e+01
7.421875000000000000e+01
6.510416666666668561e+01
5.685763888888889284e+01
4.947916666666666430e+01
4.296875000000000000e+01
3.732638888888889284e+01
3.255208333333333570e+01
2.864583333333333570e+01
2.560763888888889284e+01
2.343750000000000355e+01
2.213541666666666785e+01
2.170138888888889284e+01
2.213541666666667140e+01
2.343750000000000711e+01
2.560763888888889284e+01
2.864583333333333925e+01
3.255208333333334281e+01
3.732638888888889284e+01
4.296875000000000711e+01
4.947916666666667851e+01
5.685763888888889284e+01
6.510416666666668561e+01
7.421875000000002842e+01
8.420138888888888573e+01
8.550347222222222854e+01
7.552083333333334281e+01
6.640625000000001421e+01
5.815972222222222854e+01
5.078125000000000000e+01
4.427083333333333570e+01
3.862847222222222854e+01
3.385416666666667140e+01
2.994791666666667140e+01
2.690972222222222854e+01
2.473958333333333570e+01
2.343750000000000355e+01
2.300347222222222854e+01
2.343750000000000711e+01
2.473958333333334281e+01
2.690972222222222854e+01
2.994791666666667496e+01
3.385416666666667851e+01
3.862847222222222854e+01
4.427083333333334281e+01
5.078125000000001421e+01
5.815972222222222854e+01
6.640625000000002842e+01
7.552083333333335702e+01
8.550347222222222854e+01
8.767361111111111427e+01
7.769097222222222854e+01
6.857638888888889994e+01
6.032986111111111427e+01
5.295138888888888573e+01
4.644097222222222143e+01
4.079861111111111427e+01
3.602430555555555713e+01
3.211805555555555713e+01
2.907986111111111427e+01
2.690972222222222499e+01
2.560763888888889284e+01
2.517361111111111427e+01
2.560763888888889284e+01
2.690972222222222854e+01
2.907986111111111427e+01
3.211805555555555713e+01
3.602430555555556424e+01
4.079861111111111427e+01
4.644097222222222854e+01
5.295138888888889994e+01
6.032986111111111427e+01
6.857638888888891415e+01
7.769097222222224275e+01
8.767361111111111427e+01
9.071180555555555713e+01
8.072916666666667140e+01
7.161458333333334281e+01
6.336805555555555713e+01
5.598958333333332860e+01
4.947916666666667140e+01
4.383680555555555713e+01
3.906250000000000000e+01
3.515625000000000000e+01
3.211805555555555713e+01
2.994791666666667140e+01
2.864583333333333570e+01
2.821180555555556069e+01
2.864583333333333925e+01
2.994791666666667496e+01
3.211805555555555713e+01
3.515625000000000711e+01
3.906250000000001421e+01
4.383680555555555713e+01
4.947916666666667140e+01
5.598958333333334281e+01
6.336805555555555713e+01
7.161458333333335702e+01
8.072916666666668561e+01
9.071180555555555713e+01
9.461805555555557135e+01
8.463541666666667140e+01
7.552083333333334281e+01
6.727430555555557135e+01
5.989583333333333570e+01
5.338541666666667140e+01
4.774305555555556424e+01
4.296875000000000711e+01
3.906250000000000711e+01
3.602430555555556424e+01
3.385416666666667140e+01
3.255208333333334281e+01
3.211805555555556424e+01
3.255208333333334281e+01
3.385416666666667851e+01
3.602430555555556424e+01
3.906250000000001421e+01
4.296875000000001421e+01
4.774305555555556424e+01
5.338541666666667851e+01
5.989583333333334991e+01
6.727430555555557135e+01
7.552083333333337123e+01
8.463541666666668561e+01
9.461805555555557135e+01
9.939236111111111427e+01
8.940972222222222854e+01
8.029513888888889994e+01
7.204861111111111427e+01
6.467013888888888573e+01
5.815972222222222143e+01
5.251736111111111427e+01
4.774305555555555713e+01
4.383680555555555713e+01
4.079861111111111427e+01
3.862847222222222854e+01
3.732638888888888573e+01
3.689236111111111427e+01
3.732638888888889284e+01
3.862847222222222854e+01
4.079861111111111427e+01
4.383680555555555713e+01
4.774305555555556424e+01
5.251736111111111427e+01
5.815972222222222854e+01
6.467013888888889994e+01
7.204861111111111427e+01
8.029513888888891415e+01
8.940972222222224275e+01
9.939236111111111427e+01
1.050347222222222285e+02
9.505208333333334281e+01
8.593750000000001421e+01
7.769097222222222854e+01
7.031250000000000000e+01
6.380208333333333570e+01
5.815972222222222854e+01
5.338541666666667140e+01
4.947916666666667140e+01
4.644097222222222854e+01
4.427083333333334281e+01
4.296875000000000000e+01
4.253472222222222854e+01
4.296875000000000711e+01
4.427083333333334281e+01
4.644097222222222854e+01
4.947916666666667140e+01
5.338541666666667851e+01
5.815972222222222854e+01
6.380208333333334281e+01
7.031250000000001421e+01
7.769097222222222854e+01
8.593750000000002842e+01
9.505208333333335702e+01
1.050347222222222285e+02
1.115451388888888999e+02
1.015625000000000000e+02
9.244791666666668561e+01
8.420138888888889994e+01
7.682291666666667140e+01
7.031250000000000000e+01
6.467013888888889994e+01
5.989583333333334281e+01
5.598958333333334281e+01
5.295138888888889994e+01
5.078125000000001421e+01
4.947916666666667140e+01
4.904513888888889994e+01
4.947916666666667851e+01
5.078125000000001421e+01
5.295138888888889994e+01
5.598958333333334281e+01
5.989583333333334991e+01
6.467013888888889994e+01
7.031250000000001421e+01
7.682291666666668561e+01
8.420138888888889994e+01
9.244791666666669983e+01
1.015625000000000284e+02
1.115451388888888999e+02
1.189236111111111143e+02
1.089409722222222285e+02
9.982638888888889994e+01
9.157986111111111427e+01
8.420138888888888573e+01
7.769097222222222854e+01
7.204861111111111427e+01
6.727430555555555713e+01
6.336805555555555713e+01
6.032986111111111427e+01
5.815972222222222143e+01
5.685763888888889284e+01
5.642361111111111427e+01
5.685763888888889284e+01
5.815972222222222854e+01
6.032986111111111427e+01
6.336805555555555713e+01
6.727430555555557135e+01
7.204861111111111427e+01
7.769097222222222854e+01
8.420138888888889994e+01
9.157986111111111427e+01
9.982638888888891415e+01
1.089409722222222427e+02
1.189236111111111143e+02
1.271701388888889142e+02
1.171875000000000284e+02
1.080729166666666998e+02
9.982638888888891415e+01
9.244791666666668561e+01
8.593750000000002842e+01
8.029513888888891415e+01
7.552083333333335702e+01
7.161458333333335702e+01
6.857638888888891415e+01
6.640625000000002842e+01
6.510416666666668561e+01
6.467013888888891415e+01
6.510416666666668561e+01
6.640625000000002842e+01
6.857638888888891415e+01
7.161458333333335702e+01
7.552083333333337123e+01
8.029513888888891415e+01
8.593750000000002842e+01
9.244791666666669983e+01
9.982638888888891415e+01
1.080729166666667140e+02
1.171875000000000426e+02
1.271701388888889142e+02
1.362847222222222285e+02
1.263020833333333428e+02
1.171875000000000284e+02
1.089409722222222427e+02
1.015625000000000142e+02
9.505208333333334281e+01
8.940972222222224275e+01
8.463541666666668561e+01
8.072916666666668561e+01
7.769097222222224275e+01
7.552083333333334281e+01
7.421875000000002842e+01
7.378472222222224275e+01
7.421875000000002842e+01
7.552083333333335702e+01
7.769097222222224275e+01
8.072916666666668561e+01
8.463541666666668561e+01
8.940972222222224275e+01
9.505208333333335702e+01
1.015625000000000284e+02
1.089409722222222427e+02
1.171875000000000426e+02
1.263020833333333712e+02
1.362847222222222285e+02
1.462673611111111143e+02
1.362847222222222285e+02
1.271701388888888999e+02
1.189236111111111143e+02
1.115451388888888857e+02
1.050347222222222285e+02
9.939236111111111427e+01
9.461805555555555713e+01
9.071180555555555713e+01
8.767361111111111427e+01
8.550347222222222854e+01
8.420138888888888573e+01
8.376736111111111427e+01
8.420138888888888573e+01
8.550347222222222854e+01
8.767361111111111427e+01
9.071180555555555713e+01
9.461805555555557135e+01
9.939236111111111427e+01
1.050347222222222285e+02
1.115451388888888999e+02
1.189236111111111143e+02
1.271701388888889142e+02
1.362847222222222285e+02
1.462673611111111143e+02
1.527777777777777715e+02
1.427951388888889142e+02
1.336805555555555713e+02
1.254340277777777857e+02
1.180555555555555571e+02
1.115451388888888999e+02
1.059027777777777857e+02
1.011284722222222285e+02
9.722222222222222854e+01
9.418402777777778567e+01
9.201388888888889994e+01
9.071180555555557135e+01
9.027777777777778567e+01
9.071180555555557135e+01
9.201388888888889994e+01
9.418402777777778567e+01
9.722222222222222854e+01
1.011284722222222427e+02
1.059027777777777857e+02
1.115451388888888999e+02
1.180555555555555713e+02
1.254340277777777857e+02
1.336805555555555998e+02
1.427951388888889142e+02
1.527777777777777715e+02
1.427951388888889142e+02
1.328125000000000000e+02
1.236979166666666714e+02
1.154513888888888999e+02
1.080729166666666714e+02
1.015625000000000000e+02
9.592013888888889994e+01
9.114583333333334281e+01
8.723958333333334281e+01
8.420138888888888573e+01
8.203125000000000000e+01
8.072916666666667140e+01
8.029513888888888573e+01
8.072916666666667140e+01
8.203125000000000000e+01
8.420138888888888573e+01
8.723958333333334281e+01
9.114583333333334281e+01
9.592013888888889994e+01
1.015625000000000142e+02
1.080729166666666714e+02
1.154513888888888999e+02
1.236979166666666998e+02
1.328125000000000000e+02
1.427951388888889142e+02
1.336805555555555713e+02
1.236979166666666714e+02
1.145833333333333570e+02
1.063368055555555713e+02
9.895833333333334281e+01
9.244791666666667140e+01
8.680555555555557135e+01
8.203125000000001421e+01
7.812500000000001421e+01
7.508680555555557135e+01
7.291666666666668561e+01
7.161458333333334281e+01
7.118055555555557135e+01
7.161458333333334281e+01
7.291666666666668561e+01
7.508680555555557135e+01
7.812500000000001421e+01
8.203125000000002842e+01
8.680555555555557135e+01
9.244791666666668561e+01
9.895833333333335702e+01
1.063368055555555713e+02
1.145833333333333712e+02
1.236979166666666998e+02
1.336805555555555713e+02
1.254340277777777857e+02
1.154513888888888999e+02
1.063368055555555713e+02
9.809027777777778567e+01
9.071180555555555713e+01
8.420138888888888573e+01
7.855902777777778567e+01
7.378472222222222854e+01
6.987847222222222854e+01
6.684027777777778567e+01
6.467013888888888573e+01
6.336805555555556424e+01
6.293402777777778567e+01
6.336805555555556424e+01
6.467013888888889994e+01
6.684027777777778567e+01
6.987847222222222854e+01
7.378472222222222854e+01
7.855902777777778567e+01
8.420138888888889994e+01
9.071180555555557135e+01
9.809027777777778567e+01
1.063368055555555856e+02
1.154513888888889142e+02
1.254340277777777857e+02
1.180555555555555571e+02
1.080729166666666714e+02
9.895833333333334281e+01
9.071180555555555713e+01
8.333333333333332860e+01
7.682291666666665719e+01
7.118055555555555713e+01
6.640625000000000000e+01
6.250000000000000000e+01
5.946180555555555713e+01
5.729166666666667140e+01
5.598958333333332860e+01
5.555555555555555713e+01
5.598958333333333570e+01
5.729166666666667140e+01
5.946180555555555713e+01
6.250000000000000000e+01
6.640625000000000000e+01
7.118055555555555713e+01
7.682291666666667140e+01
8.333333333333334281e+01
9.071180555555555713e+01
9.895833333333335702e+01
1.080729166666666856e+02
1.180555555555555571e+02
1.115451388888888999e+02
1.015625000000000000e+02
9.244791666666667140e+01
8.420138888888888573e+01
7.682291666666665719e+01
7.031250000000000000e+01
6.467013888888888573e+01
5.989583333333333570e+01
5.598958333333333570e+01
5.295138888888889284e+01
5.078125000000000000e+01
4.947916666666667140e+01
4.904513888888889284e+01
4.947916666666667140e+01
5.078125000000000711e+01
5.295138888888889284e+01
5.598958333333334281e+01
5.989583333333334281e+01
6.467013888888888573e+01
7.031250000000000000e+01
7.682291666666668561e+01
8.420138888888888573e+01
9.244791666666669983e+01
1.015625000000000142e+02
1.115451388888888999e+02
1.059027777777777857e+02
9.592013888888889994e+01
8.680555555555557135e+01
7.855902777777778567e+01
7.118055555555555713e+01
6.467013888888888573e+01
5.902777777777778567e+01
5.425347222222222854e+01
5.034722222222222854e+01
4.730902777777778567e+01
4.513888888888889994e+01
4.383680555555555713e+01
4.340277777777778567e+01
4.383680555555556424e+01
4.513888888888889994e+01
4.730902777777778567e+01
5.034722222222222854e+01
5.425347222222223564e+01
5.902777777777778567e+01
6.467013888888889994e+01
7.118055555555557135e+01
7.855902777777778567e+01
8.680555555555558556e+01
9.592013888888891415e+01
1.059027777777777857e+02
1.011284722222222285e+02
9.114583333333334281e+01
8.203125000000001421e+01
7.378472222222222854e+01
6.640625000000000000e+01
5.989583333333333570e+01
5.425347222222222854e+01
4.947916666666667140e+01
4.557291666666667140e+01
4.253472222222222854e+01
4.036458333333334281e+01
3.906250000000000711e+01
3.862847222222222854e+01
3.906250000000000711e+01
4.036458333333334281e+01
4.253472222222222854e+01
4.557291666666667140e+01
4.947916666666667851e+01
5.425347222222222854e+01
5.989583333333334281e+01
6.640625000000001421e+01
7.378472222222222854e+01
8.203125000000002842e+01
9.114583333333335702e+01
1.011284722222222285e+02
9.722222222222222854e+01
8.723958333333334281e+01
7.812500000000001421e+01
6.987847222222222854e+01
6.250000000000000000e+01
5.598958333333333570e+01
5.034722222222222854e+01
4.557291666666667140e+01
4.166666666666667140e+01
3.862847222222222854e+01
3.645833333333334281e+01
3.515625000000000711e+01
3.472222222222222854e+01
3.515625000000000711e+01
3.645833333333334281e+01
3.862847222222222854e+01
4.166666666666667140e+01
4.557291666666667851e+01
5.034722222222222854e+01
5.598958333333334281e+01
6.250000000000001421e+01
6.987847222222222854e+01
7.812500000000002842e+01
8.723958333333335702e+01
9.722222222222222854e+01
9.418402777777778567e+01
8.420138888888888573e+01
7.508680555555557135e+01
6.684027777777778567e+01
5.946180555555555713e+01
5.295138888888889284e+01
4.730902777777778567e+01
4.253472222222222854e+01
3.862847222222222854e+01
3.559027777777778567e+01
3.342013888888889284e+01
3.211805555555556424e+01
3.168402777777778567e+01
3.211805555555556424e+01
3.342013888888889994e+01
3.559027777777778567e+01
3.862847222222222854e+01
4.253472222222223564e+01
4.730902777777778567e+01
5.295138888888889994e+01
5.946180555555557135e+01
6.684027777777778567e+01
7.508680555555558556e+01
8.420138888888891415e+01
9.418402777777778567e+01
9.201388888888889994e+01
8.203125000000000000e+01
7.291666666666668561e+01
6.467013888888888573e+01
5.729166666666667140e+01
5.078125000000000000e+01
4.513888888888889994e+01
4.036458333333334281e+01
3.645833333333334281e+01
3.342013888888889284e+01
3.125000000000000711e+01
2.994791666666667140e+01
2.951388888888889639e+01
2.994791666666667496e+01
3.125000000000000711e+01
3.342013888888889284e+01
3.645833333333334281e+01
4.036458333333334281e+01
4.513888888888889994e+01
5.078125000000001421e+01
5.729166666666668561e+01
6.467013888888888573e+01
7.291666666666668561e+01
8.203125000000002842e+01
9.201388888888889994e+01
9.071180555555557135e+01
8.072916666666667140e+01
7.161458333333334281e+01
6.336805555555556424e+01
5.598958333333332860e+01
4.947916666666667140e+01
4.383680555555555713e+01
3.906250000000000711e+01
3.515625000000000711e+01
3.211805555555556424e+01
2.994791666666667140e+01
2.864583333333333925e+01
2.821180555555556069e+01
2.864583333333333925e+01
2.994791666666667496e+01
3.211805555555556424e+01
3.515625000000000711e+01
3.906250000000001421e+01
4.383680555555555713e+01
4.947916666666667140e+01
5.598958333333334281e+01
6.336805555555556424e+01
7.161458333333337123e+01
8.072916666666668561e+01
9.071180555555557135e+01
9.027777777777778567e+01
8.029513888888888573e+01
7.118055555555557135e+01
6.293402777777778567e+01
5.555555555555555713e+01
4.904513888888889284e+01
4.340277777777778567e+01
3.862847222222222854e+01
3.472222222222222854e+01
3.168402777777778567e+01
2.951388888888889639e+01
2.821180555555556069e+01
2.777777777777778567e+01
2.821180555555556424e+01
2.951388888888889994e+01
3.168402777777778567e+01
3.472222222222222854e+01
3.862847222222223564e+01
4.340277777777778567e+01
4.904513888888889994e+01
5.555555555555557135e+01
6.293402777777778567e+01
7.118055555555558556e+01
8.029513888888891415e+01
9.027777777777778567e+01
9.071180555555557135e+01
8.072916666666667140e+01
7.161458333333334281e+01
6.336805555555556424e+01
5.598958333333333570e+01
4.947916666666667140e+01
4.383680555555556424e+01
3.906250000000000711e+01
3.515625000000000711e+01
3.211805555555556424e+01
2.994791666666667496e+01
2.864583333333333925e+01
2.821180555555556424e+01
2.864583333333334281e+01
2.994791666666667851e+01
3.211805555555556424e+01
3.515625000000001421e+01
3.906250000000001421e+01
4.383680555555556424e+01
4.947916666666667851e+01
5.598958333333334991e+01
6.336805555555556424e+01
7.161458333333337123e+01
8.072916666666668561e+01
9.071180555555557135e+01
9.201388888888889994e+01
8.203125000000000000e+01
7.291666666666668561e+01
6.467013888888889994e+01
5.729166666666667140e+01
5.078125000000000711e+01
4.513888888888889994e+01
4.036458333333334281e+01
3.645833333333334281e+01
3.342013888888889994e+01
3.125000000000000711e+01
2.994791666666667496e+01
2.951388888888889994e+01
2.994791666666667851e+01
3.125000000000001421e+01
3.342013888888889994e+01
3.645833333333334281e+01
4.036458333333334991e+01
4.513888888888889994e+01
5.078125000000001421e+01
5.729166666666668561e+01
6.467013888888889994e+01
7.291666666666669983e+01
8.203125000000002842e+01
9.201388888888889994e+01
9.418402777777778567e+01
8.420138888888888573e+01
7.508680555555557135e+01
6.684027777777778567e+01
5.946180555555555713e+01
5.295138888888889284e+01
4.730902777777778567e+01
4.253472222222222854e+01
3.862847222222222854e+01
3.559027777777778567e+01
3.342013888888889284e+01
3.211805555555556424e+01
3.168402777777778567e+01
3.211805555555556424e+01
3.342013888888889994e+01
3.559027777777778567e+01
3.862847222222222854e+01
4.253472222222223564e+01
4.730902777777778567e+01
5.295138888888889994e+01
5.946180555555557135e+01
6.684027777777778567e+01
7.508680555555558556e+01
8.420138888888891415e+01
9.418402777777778567e+01
9.722222222222222854e+01
8.723958333333334281e+01
7.812500000000001421e+01
6.987847222222222854e+01
6.250000000000000000e+01
5.598958333333334281e+01
5.034722222222222854e+01
4.557291666666667140e+01
4.166666666666667140e+01
3.862847222222222854e+01
3.645833333333334281e+01
3.515625000000000711e+01
3.472222222222222854e+01
3.515625000000001421e+01
3.645833333333334281e+01
3.862847222222222854e+01
4.166666666666667851e+01
4.557291666666668561e+01
5.034722222222222854e+01
5.598958333333334281e+01
6.250000000000001421e+01
6.987847222222222854e+01
7.812500000000002842e+01
8.723958333333335702e+01
9.722222222222222854e+01
1.011284722222222427e+02
9.114583333333334281e+01
8.203125000000002842e+01
7.378472222222222854e+01
6.640625000000000000e+01
5.989583333333334281e+01
5.425347222222223564e+01
4.947916666666667851e+01
4.557291666666667851e+01
4.253472222222223564e+01
4.036458333333334281e+01
3.906250000000001421e+01
3.862847222222223564e+01
3.906250000000001421e+01
4.036458333333334991e+01
4.253472222222223564e+01
4.557291666666668561e+01
4.947916666666668561e+01
5.425347222222223564e+01
5.989583333333334991e+01
6.640625000000002842e+01
7.378472222222222854e+01
8.203125000000002842e+01
9.114583333333337123e+01
1.011284722222222427e+02
1.059027777777777857e+02
9.592013888888889994e+01
8.680555555555557135e+01
7.855902777777778567e+01
7.118055555555555713e+01
6.467013888888888573e+01
5.902777777777778567e+01
5.425347222222222854e+01
5.034722222222222854e+01
4.730902777777778567e+01
4.513888888888889994e+01
4.383680555555555713e+01
4.340277777777778567e+01
4.383680555555556424e+01
4.513888888888889994e+01
4.730902777777778567e+01
5.034722222222222854e+01
5.425347222222223564e+01
5.902777777777778567e+01
6.467013888888889994e+01
7.118055555555557135e+01
7.855902777777778567e+01
8.680555555555558556e+01
9.592013888888891415e+01
1.059027777777777857e+02
1.115451388888888999e+02
1.015625000000000142e+02
9.244791666666668561e+01
8.420138888888889994e+01
7.682291666666667140e+01
7.031250000000000000e+01
6.467013888888889994e+01
5.989583333333334281e+01
5.598958333333334281e+01
5.295138888888889994e+01
5.078125000000001421e+01
4.947916666666667140e+01
4.904513888888889994e+01
4.947916666666667851e+01
5.078125000000001421e+01
5.295138888888889994e+01
5.598958333333334281e+01
5.989583333333334991e+01
6.467013888888889994e+01
7.031250000000001421e+01
7.682291666666668561e+01
8.420138888888889994e+01
9.244791666666669983e+01
1.015625000000000284e+02
1.115451388888888999e+02
1.180555555555555713e+02
1.080729166666666714e+02
9.895833333333335702e+01
9.071180555555557135e+01
8.333333333333334281e+01
7.682291666666668561e+01
7.118055555555557135e+01
6.640625000000001421e+01
6.250000000000001421e+01
5.946180555555557135e+01
5.729166666666668561e+01
5.598958333333334281e+01
5.555555555555557135e+01
5.598958333333334991e+01
5.729166666666668561e+01
5.946180555555557135e+01
6.250000000000001421e+01
6.640625000000002842e+01
7.118055555555557135e+01
7.682291666666668561e+01
8.333333333333335702e+01
9.071180555555557135e+01
9.895833333333337123e+01
1.080729166666666998e+02
1.180555555555555713e+02
1.254340277777777857e+02
1.154513888888888999e+02
1.063368055555555713e+02
9.809027777777778567e+01
9.071180555555555713e+01
8.420138888888888573e+01
7.855902777777778567e+01
7.378472222222222854e+01
6.987847222222222854e+01
6.684027777777778567e+01
6.467013888888888573e+01
6.336805555555556424e+01
6.293402777777778567e+01
6.336805555555556424e+01
6.467013888888889994e+01
6.684027777777778567e+01
6.987847222222222854e+01
7.378472222222222854e+01
7.855902777777778567e+01
8.420138888888889994e+01
9.071180555555557135e+01
9.809027777777778567e+01
1.063368055555555856e+02
1.154513888888889142e+02
1.254340277777777857e+02
1.336805555555555998e+02
1.236979166666666998e+02
1.145833333333333712e+02
1.063368055555555856e+02
9.895833333333335702e+01
9.244791666666669983e+01
8.680555555555558556e+01
8.203125000000002842e+01
7.812500000000002842e+01
7.508680555555558556e+01
7.291666666666668561e+01
7.161458333333337123e+01
7.118055555555558556e+01
7.161458333333337123e+01
7.291666666666669983e+01
7.508680555555558556e+01
7.812500000000002842e+01
8.203125000000002842e+01
8.680555555555558556e+01
9.244791666666669983e+01
9.895833333333337123e+01
1.063368055555555856e+02
1.145833333333333854e+02
1.236979166666667140e+02
1.336805555555555998e+02
1.427951388888889142e+02
1.328125000000000000e+02
1.236979166666666998e+02
1.154513888888889142e+02
1.080729166666666856e+02
1.015625000000000142e+02
9.592013888888891415e+01
9.114583333333335702e+01
8.723958333333335702e+01
8.420138888888891415e+01
8.203125000000002842e+01
8.072916666666668561e+01
8.029513888888891415e+01
8.072916666666668561e+01
8.203125000000002842e+01
8.420138888888891415e+01
8.723958333333335702e+01
9.114583333333337123e+01
9.592013888888891415e+01
1.015625000000000284e+02
1.080729166666666998e+02
1.154513888888889142e+02
1.236979166666667140e+02
1.328125000000000568e+02
1.427951388888889142e+02
1.527777777777777715e+02
1.427951388888889142e+02
1.336805555555555713e+02
1.254340277777777857e+02
1.180555555555555571e+02
1.115451388888888999e+02
1.059027777777777857e+02
1.011284722222222285e+02
9.722222222222222854e+01
9.418402777777778567e+01
9.201388888888889994e+01
9.071180555555557135e+01
9.027777777777778567e+01
9.071180555555557135e+01
9.201388888888889994e+01
9.418402777777778567e+01
9.722222222222222854e+01
1.011284722222222427e+02
1.059027777777777857e+02
1.115451388888888999e+02
1.180555555555555713e+02
1.254340277777777857e+02
1.336805555555555998e+02
1.427951388888889142e+02
1.527777777777777715e+02
1.601562500000000000e+02
1.501736111111111143e+02
1.410590277777777715e+02
1.328125000000000000e+02
1.254340277777777715e+02
1.189236111111111143e+02
1.132812500000000000e+02
1.085069444444444429e+02
1.046006944444444429e+02
1.015625000000000000e+02
9.939236111111111427e+01
9.809027777777777146e+01
9.765625000000000000e+01
9.809027777777777146e+01
9.939236111111111427e+01
1.015625000000000000e+02
1.046006944444444429e+02
1.085069444444444571e+02
1.132812500000000000e+02
1.189236111111111143e+02
1.254340277777777857e+02
1.328125000000000000e+02
1.410590277777777999e+02
1.501736111111111427e+02
1.601562500000000000e+02
1.501736111111111143e+02
1.401909722222222285e+02
1.310763888888888857e+02
1.228298611111111143e+02
1.154513888888888857e+02
1.089409722222222143e+02
1.032986111111111143e+02
9.852430555555554292e+01
9.461805555555554292e+01
9.157986111111111427e+01
8.940972222222221433e+01
8.810763888888888573e+01
8.767361111111111427e+01
8.810763888888888573e+01
8.940972222222222854e+01
9.157986111111111427e+01
9.461805555555555713e+01
9.852430555555555713e+01
1.032986111111111143e+02
1.089409722222222285e+02
1.154513888888888857e+02
1.228298611111111143e+02
1.310763888888889142e+02
1.401909722222222285e+02
1.501736111111111143e+02
1.410590277777777715e+02
1.310763888888888857e+02
1.219618055555555713e+02
1.137152777777777857e+02
1.063368055555555571e+02
9.982638888888888573e+01
9.418402777777778567e+01
8.940972222222222854e+01
8.550347222222222854e+01
8.246527777777778567e+01
8.029513888888888573e+01
7.899305555555557135e+01
7.855902777777778567e+01
7.899305555555557135e+01
8.029513888888889994e+01
8.246527777777778567e+01
8.550347222222222854e+01
8.940972222222222854e+01
9.418402777777778567e+01
9.982638888888889994e+01
1.063368055555555713e+02
1.137152777777777857e+02
1.219618055555555856e+02
1.310763888888889142e+02
1.410590277777777715e+02
1.328125000000000000e+02
1.228298611111111143e+02
1.137152777777777857e+02
1.054687500000000000e+02
9.809027777777777146e+01
9.157986111111111427e+01
8.593750000000000000e+01
8.116319444444444287e+01
7.725694444444444287e+01
7.421875000000000000e+01
7.204861111111111427e+01
7.074652777777777146e+01
7.031250000000000000e+01
7.074652777777777146e+01
7.204861111111111427e+01
7.421875000000000000e+01
7.725694444444444287e+01
8.116319444444445708e+01
8.593750000000000000e+01
9.157986111111111427e+01
9.809027777777778567e+01
1.054687500000000000e+02
1.137152777777777999e+02
1.228298611111111285e+02
1.328125000000000000e+02
1.254340277777777715e+02
1.154513888888888857e+02
1.063368055555555571e+02
9.809027777777777146e+01
9.071180555555554292e+01
8.420138888888888573e+01
7.855902777777777146e+01
7.378472222222221433e+01
6.987847222222221433e+01
6.684027777777777146e+01
6.467013888888888573e+01
6.336805555555554292e+01
6.293402777777777146e+01
6.336805555555555003e+01
6.467013888888888573e+01
6.684027777777777146e+01
6.987847222222221433e+01
7.378472222222222854e+01
7.855902777777777146e+01
8.420138888888888573e+01
9.071180555555555713e+01
9.809027777777777146e+01
1.063368055555555713e+02
1.154513888888888999e+02
1.254340277777777715e+02
1.189236111111111143e+02
1.089409722222222143e+02
9.982638888888888573e+01
9.157986111111111427e+01
8.420138888888888573e+01
7.769097222222221433e+01
7.204861111111111427e+01
6.727430555555554292e+01
6.336805555555555003e+01
6.032986111111110716e+01
5.815972222222221433e+01
5.685763888888888573e+01
5.642361111111110716e+01
5.685763888888888573e+01
5.815972222222222143e+01
6.032986111111110716e+01
6.336805555555555713e+01
6.727430555555555713e+01
7.204861111111111427e+01
7.769097222222222854e+01
8.420138888888888573e+01
9.157986111111111427e+01
9.982638888888891415e+01
1.089409722222222285e+02
1.189236111111111143e+02
1.132812500000000000e+02
1.032986111111111143e+02
9.418402777777778567e+01
8.593750000000000000e+01
7.855902777777777146e+01
7.204861111111111427e+01
6.640625000000000000e+01
6.163194444444444287e+01
5.772569444444444287e+01
5.468750000000000000e+01
5.251736111111111427e+01
5.121527777777777146e+01
5.078125000000000000e+01
5.121527777777777857e+01
5.251736111111111427e+01
5.468750000000000000e+01
5.772569444444444287e+01
6.163194444444444997e+01
6.640625000000000000e+01
7.204861111111111427e+01
7.855902777777778567e+01
8.593750000000000000e+01
9.418402777777779988e+01
1.032986111111111285e+02
1.132812500000000000e+02
1.085069444444444429e+02
9.852430555555554292e+01
8.940972222222222854e+01
8.116319444444444287e+01
7.378472222222221433e+01
6.727430555555554292e+01
6.163194444444444287e+01
5.685763888888888573e+01
5.295138888888888573e+01
4.991319444444444287e+01
4.774305555555555713e+01
4.644097222222222143e+01
4.600694444444444287e+01
4.644097222222222143e+01
4.774305555555555713e+01
4.991319444444444287e+01
5.295138888888888573e+01
5.685763888888889284e+01
6.163194444444444287e+01
6.727430555555555713e+01
7.378472222222222854e+01
8.116319444444444287e+01
8.940972222222224275e+01
9.852430555555557135e+01
1.085069444444444429e+02
1.046006944444444429e+02
9.461805555555554292e+01
8.550347222222222854e+01
7.725694444444444287e+01
6.987847222222221433e+01
6.336805555555555003e+01
5.772569444444444287e+01
5.295138888888888573e+01
4.904513888888888573e+01
4.600694444444444287e+01
4.383680555555555713e+01
4.253472222222222143e+01
4.210069444444444287e+01
4.253472222222222143e+01
4.383680555555555713e+01
4.600694444444444287e+01
4.904513888888888573e+01
5.295138888888889284e+01
5.772569444444444287e+01
6.336805555555555713e+01
6.987847222222222854e+01
7.725694444444444287e+01
8.550347222222224275e+01
9.461805555555557135e+01
1.046006944444444429e+02
1.015625000000000000e+02
9.157986111111111427e+01
8.246527777777778567e+01
7.421875000000000000e+01
6.684027777777777146e+01
6.032986111111110716e+01
5.468750000000000000e+01
4.991319444444444287e+01
4.600694444444444287e+01
4.296875000000000000e+01
4.079861111111110716e+01
3.949652777777777857e+01
3.906250000000000000e+01
3.949652777777777857e+01
4.079861111111111427e+01
4.296875000000000000e+01
4.600694444444444287e+01
4.991319444444444997e+01
5.468750000000000000e+01
6.032986111111111427e+01
6.684027777777778567e+01
7.421875000000000000e+01
8.246527777777779988e+01
9.157986111111112848e+01
1.015625000000000000e+02
9.939236111111111427e+01
8.940972222222221433e+01
8.029513888888888573e+01
7.204861111111111427e+01
6.467013888888888573e+01
5.815972222222221433e+01
5.251736111111111427e+01
4.774305555555555713e+01
4.383680555555555713e+01
4.079861111111110716e+01
3.862847222222222143e+01
3.732638888888888573e+01
3.689236111111110716e+01
3.732638888888888573e+01
3.862847222222222143e+01
4.079861111111110716e+01
4.383680555555555713e+01
4.774305555555555713e+01
5.251736111111111427e+01
5.815972222222222854e+01
6.467013888888889994e+01
7.204861111111111427e+01
8.029513888888891415e+01
8.940972222222222854e+01
9.939236111111111427e+01
9.809027777777777146e+01
8.810763888888888573e+01
7.899305555555557135e+01
7.074652777777777146e+01
6.336805555555554292e+01
5.685763888888888573e+01
5.121527777777777146e+01
4.644097222222222143e+01
4.253472222222222143e+01
3.949652777777777857e+01
3.732638888888888573e+01
3.602430555555555003e+01
3.559027777777777857e+01
3.602430555555555713e+01
3.732638888888889284e+01
3.949652777777777857e+01
4.253472222222222143e+01
4.644097222222222854e+01
5.121527777777777146e+01
5.685763888888888573e+01
6.336805555555555713e+01
7.074652777777777146e+01
7.899305555555557135e+01
8.810763888888891415e+01
9.809027777777777146e+01
9.765625000000000000e+01
8.767361111111111427e+01
7.855902777777778567e+01
7.031250000000000000e+01
6.293402777777777146e+01
5.642361111111110716e+01
5.078125000000000000e+01
4.600694444444444287e+01
4.210069444444444287e+01
3.906250000000000000e+01
3.689236111111110716e+01
3.559027777777777857e+01
3.515625000000000000e+01
3.559027777777777857e+01
3.689236111111111427e+01
3.906250000000000000e+01
4.210069444444444287e+01
4.600694444444444997e+01
5.078125000000000000e+01
5.642361111111111427e+01
6.293402777777778567e+01
7.031250000000000000e+01
7.855902777777779988e+01
8.767361111111112848e+01
9.765625000000000000e+01
9.809027777777777146e+01
8.810763888888888573e+01
7.899305555555557135e+01
7.074652777777777146e+01
6.336805555555555003e+01
5.685763888888888573e+01
5.121527777777777857e+01
4.644097222222222143e+01
4.253472222222222143e+01
3.949652777777777857e+01
3.732638888888888573e+01
3.602430555555555713e+01
3.559027777777777857e+01
3.602430555555555713e+01
3.732638888888889284e+01
3.949652777777777857e+01
4.253472222222222854e+01
4.644097222222222854e+01
5.121527777777777857e+01
5.685763888888889284e+01
6.336805555555556424e+01
7.074652777777777146e+01
7.899305555555557135e+01
8.810763888888891415e+01
9.809027777777777146e+01
9.939236111111111427e+01
8.940972222222222854e+01
8.029513888888889994e+01
7.204861111111111427e+01
6.467013888888888573e+01
5.815972222222222143e+01
5.251736111111111427e+01
4.774305555555555713e+01
4.383680555555555713e+01
4.079861111111111427e+01
3.862847222222222143e+01
3.732638888888889284e+01
3.689236111111111427e+01
3.732638888888889284e+01
3.862847222222222854e+01
4.079861111111111427e+01
4.383680555555555713e+01
4.774305555555556424e+01
5.251736111111111427e+01
5.815972222222222854e+01
6.467013888888889994e+01
7.204861111111111427e+01
8.029513888888891415e+01
8.940972222222224275e+01
9.939236111111111427e+01
1.015625000000000000e+02
9.157986111111111427e+01
8.246527777777778567e+01
7.421875000000000000e+01
6.684027777777777146e+01
6.032986111111110716e+01
5.468750000000000000e+01
4.991319444444444287e+01
4.600694444444444287e+01
4.296875000000000000e+01
4.079861111111110716e+01
3.949652777777777857e+01
3.906250000000000000e+01
3.949652777777777857e+01
4.079861111111111427e+01
4.296875000000000000e+01
4.600694444444444287e+01
4.991319444444444997e+01
5.468750000000000000e+01
6.032986111111111427e+01
6.684027777777778567e+01
7.421875000000000000e+01
8.246527777777779988e+01
9.157986111111112848e+01
1.015625000000000000e+02
1.046006944444444429e+02
9.461805555555555713e+01
8.550347222222222854e+01
7.725694444444444287e+01
6.987847222222221433e+01
6.336805555555555713e+01
5.772569444444444287e+01
5.295138888888888573e+01
4.904513888888888573e+01
4.600694444444444287e+01
4.383680555555555713e+01
4.253472222222222143e+01
4.210069444444444287e+01
4.253472222222222854e+01
4.383680555555555713e+01
4.600694444444444287e+01
4.904513888888889284e+01
5.295138888888889994e+01
5.772569444444444287e+01
6.336805555555555713e+01
6.987847222222222854e+01
7.725694444444444287e+01
8.550347222222224275e+01
9.461805555555557135e+01
1.046006944444444429e+02
1.085069444444444571e+02
9.852430555555555713e+01
8.940972222222222854e+01
8.116319444444445708e+01
7.378472222222222854e+01
6.727430555555555713e+01
6.163194444444444997e+01
5.685763888888889284e+01
5.295138888888889284e+01
4.991319444444444997e+01
4.774305555555555713e+01
4.644097222222222854e+01
4.600694444444444997e+01
4.644097222222222854e+01
4.774305555555556424e+01
4.991319444444444997e+01
5.295138888888889994e+01
5.685763888888889994e+01
6.163194444444444997e+01
6.727430555555557135e+01
7.378472222222222854e+01
8.116319444444445708e+01
8.940972222222225696e+01
9.852430555555557135e+01
1.085069444444444571e+02
1.132812500000000000e+02
1.032986111111111143e+02
9.418402777777778567e+01
8.593750000000000000e+01
7.855902777777777146e+01
7.204861111111111427e+01
6.640625000000000000e+01
6.163194444444444287e+01
5.772569444444444287e+01
5.468750000000000000e+01
5.251736111111111427e+01
5.121527777777777146e+01
5.078125000000000000e+01
5.121527777777777857e+01
5.251736111111111427e+01
5.468750000000000000e+01
5.772569444444444287e+01
6.163194444444444997e+01
6.640625000000000000e+01
7.204861111111111427e+01
7.855902777777778567e+01
8.593750000000000000e+01
9.418402777777779988e+01
1.032986111111111285e+02
1.132812500000000000e+02
1.189236111111111143e+02
1.089409722222222285e+02
9.982638888888889994e+01
9.157986111111111427e+01
8.420138888888888573e+01
7.769097222222222854e+01
7.204861111111111427e+01
6.727430555555555713e+01
6.336805555555555713e+01
6.032986111111111427e+01
5.815972222222222854e+01
5.685763888888888573e+01
5.642361111111111427e+01
5.685763888888889284e+01
5.815972222222222854e+01
6.032986111111111427e+01
6.336805555555555713e+01
6.727430555555557135e+01
7.204861111111111427e+01
7.769097222222222854e+01
8.420138888888889994e+01
9.157986111111111427e+01
9.982638888888891415e+01
1.089409722222222427e+02
1.189236111111111143e+02
1.254340277777777857e+02
1.154513888888888857e+02
1.063368055555555713e+02
9.809027777777778567e+01
9.071180555555555713e+01
8.420138888888888573e+01
7.855902777777778567e+01
7.378472222222222854e+01
6.987847222222222854e+01
6.684027777777778567e+01
6.467013888888889994e+01
6.336805555555555713e+01
6.293402777777778567e+01
6.336805555555556424e+01
6.467013888888889994e+01
6.684027777777778567e+01
6.987847222222222854e+01
7.378472222222222854e+01
7.855902777777778567e+01
8.420138888888889994e+01
9.071180555555557135e+01
9.809027777777778567e+01
1.063368055555555856e+02
1.154513888888889142e+02
1.254340277777777857e+02
1.328125000000000000e+02
1.228298611111111143e+02
1.137152777777777857e+02
1.054687500000000000e+02
9.809027777777777146e+01
9.157986111111111427e+01
8.593750000000000000e+01
8.116319444444444287e+01
7.725694444444444287e+01
7.421875000000000000e+01
7.204861111111111427e+01
7.074652777777777146e+01
7.031250000000000000e+01
7.074652777777777146e+01
7.204861111111111427e+01
7.421875000000000000e+01
7.725694444444444287e+01
8.116319444444445708e+01
8.593750000000000000e+01
9.157986111111111427e+01
9.809027777777778567e+01
1.054687500000000000e+02
1.137152777777777999e+02
1.228298611111111285e+02
1.328125000000000000e+02
1.410590277777777999e+02
1.310763888888889142e+02
1.219618055555555856e+02
1.137152777777777999e+02
1.063368055555555713e+02
9.982638888888891415e+01
9.418402777777779988e+01
8.940972222222224275e+01
8.550347222222224275e+01
8.246527777777779988e+01
8.029513888888891415e+01
7.899305555555557135e+01
7.855902777777779988e+01
7.899305555555557135e+01
8.029513888888891415e+01
8.246527777777779988e+01
8.550347222222224275e+01
8.940972222222225696e+01
9.418402777777779988e+01
9.982638888888891415e+01
1.063368055555555856e+02
1.137152777777777999e+02
1.219618055555555998e+02
1.310763888888889142e+02
1.410590277777777999e+02
1.501736111111111427e+02
1.401909722222222285e+02
1.310763888888889142e+02
1.228298611111111285e+02
1.154513888888888999e+02
1.089409722222222285e+02
1.032986111111111285e+02
9.852430555555557135e+01
9.461805555555557135e+01
9.157986111111112848e+01
8.940972222222222854e+01
8.810763888888891415e+01
8.767361111111112848e+01
8.810763888888891415e+01
8.940972222222224275e+01
9.157986111111112848e+01
9.461805555555557135e+01
9.852430555555557135e+01
1.032986111111111285e+02
1.089409722222222427e+02
1.154513888888889142e+02
1.228298611111111285e+02
1.310763888888889142e+02
1.401909722222222570e+02
1.501736111111111427e+02
1.601562500000000000e+02
1.501736111111111143e+02
1.410590277777777715e+02
1.328125000000000000e+02
1.254340277777777715e+02
1.189236111111111143e+02
1.132812500000000000e+02
1.085069444444444429e+02
1.046006944444444429e+02
1.015625000000000000e+02
9.939236111111111427e+01
9.809027777777777146e+01
9.765625000000000000e+01
9.809027777777777146e+01
9.939236111111111427e+01
1.015625000000000000e+02
1.046006944444444429e+02
1.085069444444444571e+02
1.132812500000000000e+02
1.189236111111111143e+02
1.254340277777777857e+02
1.328125000000000000e+02
1.410590277777777999e+02
1.501736111111111427e+02
1.601562500000000000e+02
1.684027777777777999e+02
1.584201388888889142e+02
1.493055555555555998e+02
1.410590277777777999e+02
1.336805555555555713e+02
1.271701388888889142e+02
1.215277777777777999e+02
1.167534722222222427e+02
1.128472222222222427e+02
1.098090277777777999e+02
1.076388888888889142e+02
1.063368055555555713e+02
1.059027777777777999e+02
1.063368055555555713e+02
1.076388888888889142e+02
1.098090277777777999e+02
1.128472222222222427e+02
1.167534722222222570e+02
1.215277777777777999e+02
1.271701388888889142e+02
1.336805555555555998e+02
1.410590277777777999e+02
1.493055555555555998e+02
1.584201388888889142e+02
1.684027777777777999e+02
1.584201388888889142e+02
1.484375000000000000e+02
1.393229166666666856e+02
1.310763888888889142e+02
1.236979166666666856e+02
1.171875000000000142e+02
1.115451388888889142e+02
1.067708333333333428e+02
1.028645833333333428e+02
9.982638888888891415e+01
9.765625000000001421e+01
9.635416666666668561e+01
9.592013888888891415e+01
9.635416666666668561e+01
9.765625000000002842e+01
9.982638888888891415e+01
1.028645833333333570e+02
1.067708333333333570e+02
1.115451388888889142e+02
1.171875000000000284e+02
1.236979166666666856e+02
1.310763888888889142e+02
1.393229166666667140e+02
1.484375000000000284e+02
1.584201388888889142e+02
1.493055555555555998e+02
1.393229166666666856e+02
1.302083333333333712e+02
1.219618055555555856e+02
1.145833333333333570e+02
1.080729166666666856e+02
1.024305555555555856e+02
9.765625000000002842e+01
9.375000000000002842e+01
9.071180555555558556e+01
8.854166666666668561e+01
8.723958333333337123e+01
8.680555555555558556e+01
8.723958333333337123e+01
8.854166666666669983e+01
9.071180555555558556e+01
9.375000000000002842e+01
9.765625000000002842e+01
1.024305555555555856e+02
1.080729166666666998e+02
1.145833333333333712e+02
1.219618055555555856e+02
1.302083333333333712e+02
1.393229166666667140e+02
1.493055555555555998e+02
1.410590277777777999e+02
1.310763888888889142e+02
1.219618055555555856e+02
1.137152777777777999e+02
1.063368055555555713e+02
9.982638888888891415e+01
9.418402777777779988e+01
8.940972222222224275e+01
8.550347222222224275e+01
8.246527777777779988e+01
8.029513888888891415e+01
7.899305555555557135e+01
7.855902777777779988e+01
7.899305555555557135e+01
8.029513888888891415e+01
8.246527777777779988e+01
8.550347222222224275e+01
8.940972222222225696e+01
9.418402777777779988e+01
9.982638888888891415e+01
1.063368055555555856e+02
1.137152777777777999e+02
1.219618055555555998e+02
1.310763888888889142e+02
1.410590277777777999e+02
1.336805555555555713e+02
1.236979166666666856e+02
1.145833333333333570e+02
1.063368055555555713e+02
9.895833333333334281e+01
9.244791666666668561e+01
8.680555555555557135e+01
8.203125000000001421e+01
7.812500000000001421e+01
7.508680555555557135e+01
7.291666666666668561e+01
7.161458333333334281e+01
7.118055555555557135e+01
7.161458333333334281e+01
7.291666666666668561e+01
7.508680555555557135e+01
7.812500000000001421e+01
8.203125000000002842e+01
8.680555555555557135e+01
9.244791666666668561e+01
9.895833333333335702e+01
1.063368055555555713e+02
1.145833333333333712e+02
1.236979166666666998e+02
1.336805555555555713e+02
1.271701388888889142e+02
1.171875000000000142e+02
1.080729166666666856e+02
9.982638888888891415e+01
9.244791666666668561e+01
8.593750000000001421e+01
8.029513888888891415e+01
7.552083333333334281e+01
7.161458333333334281e+01
6.857638888888891415e+01
6.640625000000001421e+01
6.510416666666668561e+01
6.467013888888891415e+01
6.510416666666668561e+01
6.640625000000002842e+01
6.857638888888891415e+01
7.161458333333335702e+01
7.552083333333335702e+01
8.029513888888891415e+01
8.593750000000002842e+01
9.244791666666668561e+01
9.982638888888891415e+01
1.080729166666667140e+02
1.171875000000000284e+02
1.271701388888889142e+02
1.215277777777777999e+02
1.115451388888889142e+02
1.024305555555555856e+02
9.418402777777779988e+01
8.680555555555557135e+01
8.029513888888891415e+01
7.465277777777779988e+01
6.987847222222224275e+01
6.597222222222224275e+01
6.293402777777779988e+01
6.076388888888891415e+01
5.946180555555557135e+01
5.902777777777779988e+01
5.946180555555557845e+01
6.076388888888891415e+01
6.293402777777779988e+01
6.597222222222224275e+01
6.987847222222225696e+01
7.465277777777779988e+01
8.029513888888891415e+01
8.680555555555558556e+01
9.418402777777779988e+01
1.024305555555555998e+02
1.115451388888889284e+02
1.215277777777777999e+02
1.167534722222222427e+02
1.067708333333333428e+02
9.765625000000002842e+01
8.940972222222224275e+01
8.203125000000001421e+01
7.552083333333334281e+01
6.987847222222224275e+01
6.510416666666668561e+01
6.119791666666668561e+01
5.815972222222224275e+01
5.598958333333335702e+01
5.468750000000002132e+01
5.425347222222224275e+01
5.468750000000002132e+01
5.598958333333335702e+01
5.815972222222224275e+01
6.119791666666668561e+01
6.510416666666668561e+01
6.987847222222224275e+01
7.552083333333335702e+01
8.203125000000002842e+01
8.940972222222224275e+01
9.765625000000004263e+01
1.067708333333333712e+02
1.167534722222222427e+02
1.128472222222222427e+02
1.028645833333333428e+02
9.375000000000002842e+01
8.550347222222224275e+01
7.812500000000001421e+01
7.161458333333334281e+01
6.597222222222224275e+01
6.119791666666668561e+01
5.729166666666668561e+01
5.425347222222224275e+01
5.208333333333335702e+01
5.078125000000002132e+01
5.034722222222224275e+01
5.078125000000002132e+01
5.208333333333335702e+01
5.425347222222224275e+01
5.729166666666668561e+01
6.119791666666669272e+01
6.597222222222224275e+01
7.161458333333335702e+01
7.812500000000002842e+01
8.550347222222224275e+01
9.375000000000004263e+01
1.028645833333333712e+02
1.128472222222222427e+02
1.098090277777777999e+02
9.982638888888891415e+01
9.071180555555558556e+01
8.246527777777779988e+01
7.508680555555557135e+01
6.857638888888891415e+01
6.293402777777779988e+01
5.815972222222224275e+01
5.425347222222224275e+01
5.121527777777779988e+01
4.904513888888890705e+01
4.774305555555557845e+01
4.730902777777779988e+01
4.774305555555557845e+01
4.904513888888891415e+01
5.121527777777779988e+01
5.425347222222224275e+01
5.815972222222224985e+01
6.293402777777779988e+01
6.857638888888891415e+01
7.508680555555558556e+01
8.246527777777779988e+01
9.071180555555559977e+01
9.982638888888892836e+01
1.098090277777777999e+02
1.076388888888889142e+02
9.765625000000001421e+01
8.854166666666668561e+01
8.029513888888891415e+01
7.291666666666668561e+01
6.640625000000001421e+01
6.076388888888891415e+01
5.598958333333335702e+01
5.208333333333335702e+01
4.904513888888890705e+01
4.687500000000002132e+01
4.557291666666668561e+01
4.513888888888890705e+01
4.557291666666668561e+01
4.687500000000002132e+01
4.904513888888890705e+01
5.208333333333335702e+01
5.598958333333335702e+01
6.076388888888891415e+01
6.640625000000002842e+01
7.291666666666669983e+01
8.029513888888891415e+01
8.854166666666671404e+01
9.765625000000002842e+01
1.076388888888889142e+02
1.063368055555555713e+02
9.635416666666668561e+01
8.723958333333337123e+01
7.899305555555557135e+01
7.161458333333334281e+01
6.510416666666668561e+01
5.946180555555557135e+01
5.468750000000002132e+01
5.078125000000002132e+01
4.774305555555557845e+01
4.557291666666668561e+01
4.427083333333334991e+01
4.383680555555557845e+01
4.427083333333335702e+01
4.557291666666669272e+01
4.774305555555557845e+01
5.078125000000002132e+01
5.468750000000002842e+01
5.946180555555557135e+01
6.510416666666668561e+01
7.161458333333335702e+01
7.899305555555557135e+01
8.723958333333337123e+01
9.635416666666671404e+01
1.063368055555555713e+02
1.059027777777777999e+02
9.592013888888891415e+01
8.680555555555558556e+01
7.855902777777779988e+01
7.118055555555557135e+01
6.467013888888891415e+01
5.902777777777779988e+01
5.425347222222224275e+01
5.034722222222224275e+01
4.730902777777779988e+01
4.513888888888890705e+01
4.383680555555557845e+01
4.340277777777779988e+01
4.383680555555557845e+01
4.513888888888891415e+01
4.730902777777779988e+01
5.034722222222224275e+01
5.425347222222224985e+01
5.902777777777779988e+01
6.467013888888891415e+01
7.118055555555558556e+01
7.855902777777779988e+01
8.680555555555559977e+01
9.592013888888892836e+01
1.059027777777777999e+02
1.063368055555555713e+02
9.635416666666668561e+01
8.723958333333337123e+01
7.899305555555557135e+01
7.161458333333334281e+01
6.510416666666668561e+01
5.946180555555557845e+01
5.468750000000002132e+01
5.078125000000002132e+01
4.774305555555557845e+01
4.557291666666668561e+01
4.427083333333335702e+01
4.383680555555557845e+01
4.427083333333335702e+01
4.557291666666669272e+01
4.774305555555557845e+01
5.078125000000002842e+01
5.468750000000002842e+01
5.946180555555557845e+01
6.510416666666668561e+01
7.161458333333337123e+01
7.899305555555557135e+01
8.723958333333337123e+01
9.635416666666671404e+01
1.063368055555555713e+02
1.076388888888889142e+02
9.765625000000002842e+01
8.854166666666669983e+01
8.029513888888891415e+01
7.291666666666668561e+01
6.640625000000002842e+01
6.076388888888891415e+01
5.598958333333335702e+01
5.208333333333335702e+01
4.904513888888891415e+01
4.687500000000002132e+01
4.557291666666669272e+01
4.513888888888891415e+01
4.557291666666669272e+01
4.687500000000002842e+01
4.904513888888891415e+01
5.208333333333335702e+01
5.598958333333336412e+01
6.076388888888891415e+01
6.640625000000002842e+01
7.291666666666669983e+01
8.029513888888891415e+01
8.854166666666671404e+01
9.765625000000004263e+01
1.076388888888889142e+02
1.098090277777777999e+02
9.982638888888891415e+01
9.071180555555558556e+01
8.246527777777779988e+01
7.508680555555557135e+01
6.857638888888891415e+01
6.293402777777779988e+01
5.815972222222224275e+01
5.425347222222224275e+01
5.121527777777779988e+01
4.904513888888890705e+01
4.774305555555557845e+01
4.730902777777779988e+01
4.774305555555557845e+01
4.904513888888891415e+01
5.121527777777779988e+01
5.425347222222224275e+01
5.815972222222224985e+01
6.293402777777779988e+01
6.857638888888891415e+01
7.508680555555558556e+01
8.246527777777779988e+01
9.071180555555559977e+01
9.982638888888892836e+01
1.098090277777777999e+02
1.128472222222222427e+02
1.028645833333333570e+02
9.375000000000002842e+01
8.550347222222224275e+01
7.812500000000001421e+01
7.161458333333335702e+01
6.597222222222224275e+01
6.119791666666668561e+01
5.729166666666668561e+01
5.425347222222224275e+01
5.208333333333335702e+01
5.078125000000002132e+01
5.034722222222224275e+01
5.078125000000002842e+01
5.208333333333335702e+01
5.425347222222224275e+01
5.729166666666669272e+01
6.119791666666669983e+01
6.597222222222224275e+01
7.161458333333335702e+01
7.812500000000002842e+01
8.550347222222224275e+01
9.375000000000004263e+01
1.028645833333333712e+02
1.128472222222222427e+02
1.167534722222222570e+02
1.067708333333333570e+02
9.765625000000002842e+01
8.940972222222225696e+01
8.203125000000002842e+01
7.552083333333335702e+01
6.987847222222225696e+01
6.510416666666668561e+01
6.119791666666669272e+01
5.815972222222224985e+01
5.598958333333335702e+01
5.468750000000002842e+01
5.425347222222224985e+01
5.468750000000002842e+01
5.598958333333336412e+01
5.815972222222224985e+01
6.119791666666669983e+01
6.510416666666669983e+01
6.987847222222225696e+01
7.552083333333337123e+01
8.203125000000002842e+01
8.940972222222225696e+01
9.765625000000005684e+01
1.067708333333333712e+02
1.167534722222222570e+02
1.215277777777777999e+02
1.115451388888889142e+02
1.024305555555555856e+02
9.418402777777779988e+01
8.680555555555557135e+01
8.029513888888891415e+01
7.465277777777779988e+01
6.987847222222224275e+01
6.597222222222224275e+01
6.293402777777779988e+01
6.076388888888891415e+01
5.946180555555557135e+01
5.902777777777779988e+01
5.946180555555557845e+01
6.076388888888891415e+01
6.293402777777779988e+01
6.597222222222224275e+01
6.987847222222225696e+01
7.465277777777779988e+01
8.029513888888891415e+01
8.680555555555558556e+01
9.418402777777779988e+01
1.024305555555555998e+02
1.115451388888889284e+02
1.215277777777777999e+02
1.271701388888889142e+02
1.171875000000000284e+02
1.080729166666666998e+02
9.982638888888891415e+01
9.244791666666668561e+01
8.593750000000002842e+01
8.029513888888891415e+01
7.552083333333335702e+01
7.161458333333335702e+01
6.857638888888891415e+01
6.640625000000002842e+01
6.510416666666668561e+01
6.467013888888891415e+01
6.510416666666668561e+01
6.640625000000002842e+01
6.857638888888891415e+01
7.161458333333335702e+01
7.552083333333337123e+01
8.029513888888891415e+01
8.593750000000002842e+01
9.244791666666669983e+01
9.982638888888891415e+01
1.080729166666667140e+02
1.171875000000000426e+02
1.271701388888889142e+02
1.336805555555555998e+02
1.236979166666666856e+02
1.145833333333333712e+02
1.063368055555555856e+02
9.895833333333335702e+01
9.244791666666668561e+01
8.680555555555558556e+01
8.203125000000002842e+01
7.812500000000002842e+01
7.508680555555558556e+01
7.291666666666669983e+01
7.161458333333335702e+01
7.118055555555558556e+01
7.161458333333337123e+01
7.291666666666669983e+01
7.508680555555558556e+01
7.812500000000002842e+01
8.203125000000002842e+01
8.680555555555558556e+01
9.244791666666669983e+01
9.895833333333337123e+01
1.063368055555555856e+02
1.145833333333333854e+02
1.236979166666667140e+02
1.336805555555555998e+02
1.410590277777777999e+02
1.310763888888889142e+02
1.219618055555555856e+02
1.137152777777777999e+02
1.063368055555555713e+02
9.982638888888891415e+01
9.418402777777779988e+01
8.940972222222224275e+01
8.550347222222224275e+01
8.246527777777779988e+01
8.029513888888891415e+01
7.899305555555557135e+01
7.855902777777779988e+01
7.899305555555557135e+01
8.029513888888891415e+01
8.246527777777779988e+01
8.550347222222224275e+01
8.940972222222225696e+01
9.418402777777779988e+01
9.982638888888891415e+01
1.063368055555555856e+02
1.137152777777777999e+02
1.219618055555555998e+02
1.310763888888889142e+02
1.410590277777777999e+02
1.493055555555555998e+02
1.393229166666667140e+02
1.302083333333333712e+02
1.219618055555555998e+02
1.145833333333333712e+02
1.080729166666667140e+02
1.024305555555555998e+02
9.765625000000004263e+01
9.375000000000004263e+01
9.071180555555559977e+01
8.854166666666671404e+01
8.723958333333337123e+01
8.680555555555559977e+01
8.723958333333337123e+01
8.854166666666671404e+01
9.071180555555559977e+01
9.375000000000004263e+01
9.765625000000005684e+01
1.024305555555555998e+02
1.080729166666667140e+02
1.145833333333333854e+02
1.219618055555555998e+02
1.302083333333333997e+02
1.393229166666667425e+02
1.493055555555555998e+02
1.584201388888889142e+02
1.484375000000000284e+02
1.393229166666667140e+02
1.310763888888889142e+02
1.236979166666666998e+02
1.171875000000000284e+02
1.115451388888889284e+02
1.067708333333333712e+02
1.028645833333333712e+02
9.982638888888892836e+01
9.765625000000002842e+01
9.635416666666671404e+01
9.592013888888892836e+01
9.635416666666671404e+01
9.765625000000004263e+01
9.982638888888892836e+01
1.028645833333333712e+02
1.067708333333333712e+02
1.115451388888889284e+02
1.171875000000000426e+02
1.236979166666667140e+02
1.310763888888889142e+02
1.393229166666667425e+02
1.484375000000000568e+02
1.584201388888889142e+02
1.684027777777777999e+02
1.584201388888889142e+02
1.493055555555555998e+02
1.410590277777777999e+02
1.336805555555555713e+02
1.271701388888889142e+02
1.215277777777777999e+02
1.167534722222222427e+02
1.128472222222222427e+02
1.098090277777777999e+02
1.076388888888889142e+02
1.063368055555555713e+02
1.059027777777777999e+02
1.063368055555555713e+02
1.076388888888889142e+02
1.098090277777777999e+02
1.128472222222222427e+02
1.167534722222222570e+02
1.215277777777777999e+02
1.271701388888889142e+02
1.336805555555555998e+02
1.410590277777777999e+02
1.493055555555555998e+02
1.584201388888889142e+02
1.684027777777777999e+02
1.775173611111111427e+02
1.675347222222222285e+02
1.584201388888889142e+02
1.501736111111111427e+02
1.427951388888889142e+02
1.362847222222222285e+02
1.306423611111111427e+02
1.258680555555555713e+02
1.219618055555555713e+02
1.189236111111111285e+02
1.167534722222222427e+02
1.154513888888889142e+02
1.150173611111111285e+02
1.154513888888889142e+02
1.167534722222222427e+02
1.189236111111111285e+02
1.219618055555555713e+02
1.258680555555555856e+02
1.306423611111111427e+02
1.362847222222222285e+02
1.427951388888889142e+02
1.501736111111111427e+02
1.584201388888889142e+02
1.675347222222222570e+02
1.775173611111111427e+02
1.675347222222222285e+02
1.575520833333333428e+02
1.484375000000000000e+02
1.401909722222222285e+02
1.328125000000000000e+02
1.263020833333333428e+02
1.206597222222222427e+02
1.158854166666666856e+02
1.119791666666666856e+02
1.089409722222222285e+02
1.067708333333333428e+02
1.054687500000000142e+02
1.050347222222222285e+02
1.054687500000000142e+02
1.067708333333333428e+02
1.089409722222222285e+02
1.119791666666666856e+02
1.158854166666666856e+02
1.206597222222222427e+02
1.263020833333333570e+02
1.328125000000000000e+02
1.401909722222222285e+02
1.484375000000000568e+02
1.575520833333333712e+02
1.675347222222222285e+02
1.584201388888889142e+02
1.484375000000000000e+02
1.393229166666666856e+02
1.310763888888889142e+02
1.236979166666666856e+02
1.171875000000000142e+02
1.115451388888889142e+02
1.067708333333333570e+02
1.028645833333333570e+02
9.982638888888891415e+01
9.765625000000002842e+01
9.635416666666668561e+01
9.592013888888891415e+01
9.635416666666668561e+01
9.765625000000002842e+01
9.982638888888891415e+01
1.028645833333333570e+02
1.067708333333333712e+02
1.115451388888889142e+02
1.171875000000000284e+02
1.236979166666666998e+02
1.310763888888889142e+02
1.393229166666667140e+02
1.484375000000000568e+02
1.584201388888889142e+02
1.501736111111111427e+02
1.401909722222222285e+02
1.310763888888889142e+02
1.228298611111111285e+02
1.154513888888888999e+02
1.089409722222222285e+02
1.032986111111111285e+02
9.852430555555557135e+01
9.461805555555557135e+01
9.157986111111112848e+01
8.940972222222222854e+01
8.810763888888891415e+01
8.767361111111112848e+01
8.810763888888891415e+01
8.940972222222224275e+01
9.157986111111112848e+01
9.461805555555557135e+01
9.852430555555557135e+01
1.032986111111111285e+02
1.089409722222222427e+02
1.154513888888889142e+02
1.228298611111111285e+02
1.310763888888889142e+02
1.401909722222222570e+02
1.501736111111111427e+02
1.427951388888889142e+02
1.328125000000000000e+02
1.236979166666666856e+02
1.154513888888888999e+02
1.080729166666666714e+02
1.015625000000000000e+02
9.592013888888889994e+01
9.114583333333334281e+01
8.723958333333334281e+01
8.420138888888889994e+01
8.203125000000001421e+01
8.072916666666667140e+01
8.029513888888889994e+01
8.072916666666668561e+01
8.203125000000001421e+01
8.420138888888889994e+01
8.723958333333334281e+01
9.114583333333334281e+01
9.592013888888889994e+01
1.015625000000000142e+02
1.080729166666666856e+02
1.154513888888888999e+02
1.236979166666666998e+02
1.328125000000000284e+02
1.427951388888889142e+02
1.362847222222222285e+02
1.263020833333333428e+02
1.171875000000000142e+02
1.089409722222222285e+02
1.015625000000000000e+02
9.505208333333334281e+01
8.940972222222222854e+01
8.463541666666668561e+01
8.072916666666668561e+01
7.769097222222222854e+01
7.552083333333334281e+01
7.421875000000001421e+01
7.378472222222222854e+01
7.421875000000001421e+01
7.552083333333334281e+01
7.769097222222222854e+01
8.072916666666668561e+01
8.463541666666668561e+01
8.940972222222222854e+01
9.505208333333334281e+01
1.015625000000000284e+02
1.089409722222222285e+02
1.171875000000000426e+02
1.263020833333333570e+02
1.362847222222222285e+02
1.306423611111111427e+02
1.206597222222222427e+02
1.115451388888889142e+02
1.032986111111111285e+02
9.592013888888889994e+01
8.940972222222222854e+01
8.376736111111112848e+01
7.899305555555557135e+01
7.508680555555557135e+01
7.204861111111112848e+01
6.987847222222224275e+01
6.857638888888889994e+01
6.814236111111112848e+01
6.857638888888891415e+01
6.987847222222224275e+01
7.204861111111112848e+01
7.508680555555557135e+01
7.899305555555557135e+01
8.376736111111112848e+01
8.940972222222224275e+01
9.592013888888891415e+01
1.032986111111111285e+02
1.115451388888889284e+02
1.206597222222222570e+02
1.306423611111111427e+02
1.258680555555555713e+02
1.158854166666666856e+02
1.067708333333333570e+02
9.852430555555557135e+01
9.114583333333334281e+01
8.463541666666668561e+01
7.899305555555557135e+01
7.421875000000001421e+01
7.031250000000001421e+01
6.727430555555557135e+01
6.510416666666668561e+01
6.380208333333334991e+01
6.336805555555557135e+01
6.380208333333334991e+01
6.510416666666668561e+01
6.727430555555557135e+01
7.031250000000001421e+01
7.421875000000002842e+01
7.899305555555557135e+01
8.463541666666668561e+01
9.114583333333335702e+01
9.852430555555557135e+01
1.067708333333333712e+02
1.158854166666666998e+02
1.258680555555555713e+02
1.219618055555555713e+02
1.119791666666666856e+02
1.028645833333333570e+02
9.461805555555557135e+01
8.723958333333334281e+01
8.072916666666668561e+01
7.508680555555557135e+01
7.031250000000001421e+01
6.640625000000001421e+01
6.336805555555557135e+01
6.119791666666668561e+01
5.989583333333334991e+01
5.946180555555557135e+01
5.989583333333334991e+01
6.119791666666668561e+01
6.336805555555557135e+01
6.640625000000001421e+01
7.031250000000002842e+01
7.508680555555557135e+01
8.072916666666668561e+01
8.723958333333335702e+01
9.461805555555557135e+01
1.028645833333333712e+02
1.119791666666666998e+02
1.219618055555555713e+02
1.189236111111111285e+02
1.089409722222222285e+02
9.982638888888891415e+01
9.157986111111112848e+01
8.420138888888889994e+01
7.769097222222222854e+01
7.204861111111112848e+01
6.727430555555557135e+01
6.336805555555557135e+01
6.032986111111112848e+01
5.815972222222223564e+01
5.685763888888890705e+01
5.642361111111112848e+01
5.685763888888890705e+01
5.815972222222224275e+01
6.032986111111112848e+01
6.336805555555557135e+01
6.727430555555557135e+01
7.204861111111112848e+01
7.769097222222224275e+01
8.420138888888891415e+01
9.157986111111112848e+01
9.982638888888892836e+01
1.089409722222222570e+02
1.189236111111111285e+02
1.167534722222222427e+02
1.067708333333333428e+02
9.765625000000002842e+01
8.940972222222222854e+01
8.203125000000001421e+01
7.552083333333334281e+01
6.987847222222224275e+01
6.510416666666668561e+01
6.119791666666668561e+01
5.815972222222223564e+01
5.598958333333334991e+01
5.468750000000001421e+01
5.425347222222223564e+01
5.468750000000001421e+01
5.598958333333334991e+01
5.815972222222223564e+01
6.119791666666668561e+01
6.510416666666668561e+01
6.987847222222224275e+01
7.552083333333335702e+01
8.203125000000002842e+01
8.940972222222222854e+01
9.765625000000002842e+01
1.067708333333333712e+02
1.167534722222222427e+02
1.154513888888889142e+02
1.054687500000000142e+02
9.635416666666668561e+01
8.810763888888891415e+01
8.072916666666667140e+01
7.421875000000001421e+01
6.857638888888889994e+01
6.380208333333334991e+01
5.989583333333334991e+01
5.685763888888890705e+01
5.468750000000001421e+01
5.338541666666667851e+01
5.295138888888890705e+01
5.338541666666668561e+01
5.468750000000002132e+01
5.685763888888890705e+01
5.989583333333334991e+01
6.380208333333335702e+01
6.857638888888889994e+01
7.421875000000001421e+01
8.072916666666668561e+01
8.810763888888891415e+01
9.635416666666671404e+01
1.054687500000000284e+02
1.154513888888889142e+02
1.150173611111111285e+02
1.050347222222222285e+02
9.592013888888891415e+01
8.767361111111112848e+01
8.029513888888889994e+01
7.378472222222222854e+01
6.814236111111112848e+01
6.336805555555557135e+01
5.946180555555557135e+01
5.642361111111112848e+01
5.425347222222223564e+01
5.295138888888890705e+01
5.251736111111112848e+01
5.295138888888890705e+01
5.425347222222224275e+01
5.642361111111112848e+01
5.946180555555557135e+01
6.336805555555557845e+01
6.814236111111112848e+01
7.378472222222224275e+01
8.029513888888891415e+01
8.767361111111112848e+01
9.592013888888892836e+01
1.050347222222222570e+02
1.150173611111111285e+02
1.154513888888889142e+02
1.054687500000000142e+02
9.635416666666668561e+01
8.810763888888891415e+01
8.072916666666668561e+01
7.421875000000001421e+01
6.857638888888891415e+01
6.380208333333334991e+01
5.989583333333334991e+01
5.685763888888890705e+01
5.468750000000001421e+01
5.338541666666668561e+01
5.295138888888890705e+01
5.338541666666668561e+01
5.468750000000002132e+01
5.685763888888890705e+01
5.989583333333335702e+01
6.380208333333335702e+01
6.857638888888891415e+01
7.421875000000002842e+01
8.072916666666668561e+01
8.810763888888891415e+01
9.635416666666671404e+01
1.054687500000000284e+02
1.154513888888889142e+02
1.167534722222222427e+02
1.067708333333333428e+02
9.765625000000002842e+01
8.940972222222224275e+01
8.203125000000001421e+01
7.552083333333334281e+01
6.987847222222224275e+01
6.510416666666668561e+01
6.119791666666668561e+01
5.815972222222224275e+01
5.598958333333334991e+01
5.468750000000002132e+01
5.425347222222224275e+01
5.468750000000002132e+01
5.598958333333335702e+01
5.815972222222224275e+01
6.119791666666668561e+01
6.510416666666668561e+01
6.987847222222224275e+01
7.552083333333335702e+01
8.203125000000002842e+01
8.940972222222224275e+01
9.765625000000004263e+01
1.067708333333333712e+02
1.167534722222222427e+02
1.189236111111111285e+02
1.089409722222222285e+02
9.982638888888891415e+01
9.157986111111112848e+01
8.420138888888889994e+01
7.769097222222222854e+01
7.204861111111112848e+01
6.727430555555557135e+01
6.336805555555557135e+01
6.032986111111112848e+01
5.815972222222223564e+01
5.685763888888890705e+01
5.642361111111112848e+01
5.685763888888890705e+01
5.815972222222224275e+01
6.032986111111112848e+01
6.336805555555557135e+01
6.727430555555557135e+01
7.204861111111112848e+01
7.769097222222224275e+01
8.420138888888891415e+01
9.157986111111112848e+01
9.982638888888892836e+01
1.089409722222222570e+02
1.189236111111111285e+02
1.219618055555555713e+02
1.119791666666666856e+02
1.028645833333333570e+02
9.461805555555557135e+01
8.723958333333334281e+01
8.072916666666668561e+01
7.508680555555557135e+01
7.031250000000001421e+01
6.640625000000001421e+01
6.336805555555557135e+01
6.119791666666668561e+01
5.989583333333334991e+01
5.946180555555557135e+01
5.989583333333335702e+01
6.119791666666668561e+01
6.336805555555557135e+01
6.640625000000002842e+01
7.031250000000002842e+01
7.508680555555557135e+01
8.072916666666668561e+01
8.723958333333335702e+01
9.461805555555557135e+01
1.028645833333333712e+02
1.119791666666666998e+02
1.219618055555555713e+02
1.258680555555555856e+02
1.158854166666666856e+02
1.067708333333333712e+02
9.852430555555557135e+01
9.114583333333334281e+01
8.463541666666668561e+01
7.899305555555557135e+01
7.421875000000002842e+01
7.031250000000002842e+01
6.727430555555557135e+01
6.510416666666668561e+01
6.380208333333335702e+01
6.336805555555557845e+01
6.380208333333335702e+01
6.510416666666668561e+01
6.727430555555557135e+01
7.031250000000002842e+01
7.421875000000002842e+01
7.899305555555557135e+01
8.463541666666668561e+01
9.114583333333337123e+01
9.852430555555557135e+01
1.067708333333333712e+02
1.158854166666667140e+02
1.258680555555555856e+02
1.306423611111111427e+02
1.206597222222222427e+02
1.115451388888889142e+02
1.032986111111111285e+02
9.592013888888889994e+01
8.940972222222222854e+01
8.376736111111112848e+01
7.899305555555557135e+01
7.508680555555557135e+01
7.204861111111112848e+01
6.987847222222224275e+01
6.857638888888889994e+01
6.814236111111112848e+01
6.857638888888891415e+01
6.987847222222224275e+01
7.204861111111112848e+01
7.508680555555557135e+01
7.899305555555557135e+01
8.376736111111112848e+01
8.940972222222224275e+01
9.592013888888891415e+01
1.032986111111111285e+02
1.115451388888889284e+02
1.206597222222222570e+02
1.306423611111111427e+02
1.362847222222222285e+02
1.263020833333333570e+02
1.171875000000000284e+02
1.089409722222222427e+02
1.015625000000000142e+02
9.505208333333334281e+01
8.940972222222224275e+01
8.463541666666668561e+01
8.072916666666668561e+01
7.769097222222224275e+01
7.552083333333335702e+01
7.421875000000001421e+01
7.378472222222224275e+01
7.421875000000002842e+01
7.552083333333335702e+01
7.769097222222224275e+01
8.072916666666668561e+01
8.463541666666668561e+01
8.940972222222224275e+01
9.505208333333335702e+01
1.015625000000000284e+02
1.089409722222222427e+02
1.171875000000000426e+02
1.263020833333333712e+02
1.362847222222222285e+02
1.427951388888889142e+02
1.328125000000000000e+02
1.236979166666666998e+02
1.154513888888889142e+02
1.080729166666666856e+02
1.015625000000000284e+02
9.592013888888891415e+01
9.114583333333335702e+01
8.723958333333335702e+01
8.420138888888891415e+01
8.203125000000002842e+01
8.072916666666668561e+01
8.029513888888891415e+01
8.072916666666668561e+01
8.203125000000002842e+01
8.420138888888891415e+01
8.723958333333335702e+01
9.114583333333337123e+01
9.592013888888891415e+01
1.015625000000000284e+02
1.080729166666666998e+02
1.154513888888889142e+02
1.236979166666667140e+02
1.328125000000000568e+02
1.427951388888889142e+02
1.501736111111111427e+02
1.401909722222222285e+02
1.310763888888889142e+02
1.228298611111111285e+02
1.154513888888888999e+02
1.089409722222222285e+02
1.032986111111111285e+02
9.852430555555557135e+01
9.461805555555557135e+01
9.157986111111112848e+01
8.940972222222222854e+01
8.810763888888891415e+01
8.767361111111112848e+01
8.810763888888891415e+01
8.940972222222224275e+01
9.157986111111112848e+01
9.461805555555557135e+01
9.852430555555557135e+01
1.032986111111111285e+02
1.089409722222222427e+02
1.154513888888889142e+02
1.228298611111111285e+02
1.310763888888889142e+02
1.401909722222222570e+02
1.501736111111111427e+02
1.584201388888889142e+02
1.484375000000000568e+02
1.393229166666667140e+02
1.310763888888889142e+02
1.236979166666666998e+02
1.171875000000000426e+02
1.115451388888889284e+02
1.067708333333333712e+02
1.028645833333333712e+02
9.982638888888892836e+01
9.765625000000002842e+01
9.635416666666671404e+01
9.592013888888892836e+01
9.635416666666671404e+01
9.765625000000004263e+01
9.982638888888892836e+01
1.028645833333333712e+02
1.067708333333333712e+02
1.115451388888889284e+02
1.171875000000000426e+02
1.236979166666667140e+02
1.310763888888889142e+02
1.393229166666667425e+02
1.484375000000000568e+02
1.584201388888889142e+02
1.675347222222222570e+02
1.575520833333333712e+02
1.484375000000000568e+02
1.401909722222222570e+02
1.328125000000000284e+02
1.263020833333333570e+02
1.206597222222222570e+02
1.158854166666666998e+02
1.119791666666666998e+02
1.089409722222222570e+02
1.067708333333333712e+02
1.054687500000000284e+02
1.050347222222222570e+02
1.054687500000000284e+02
1.067708333333333712e+02
1.089409722222222570e+02
1.119791666666666998e+02
1.158854166666667140e+02
1.206597222222222570e+02
1.263020833333333712e+02
1.328125000000000568e+02
1.401909722222222570e+02
1.484375000000000568e+02
1.575520833333333712e+02
1.675347222222222570e+02
1.775173611111111427e+02
1.675347222222222285e+02
1.584201388888889142e+02
1.501736111111111427e+02
1.427951388888889142e+02
1.362847222222222285e+02
1.306423611111111427e+02
1.258680555555555713e+02
1.219618055555555713e+02
1.189236111111111285e+02
1.167534722222222427e+02
1.154513888888889142e+02
1.150173611111111285e+02
1.154513888888889142e+02
1.167534722222222427e+02
1.189236111111111285e+02
1.219618055555555713e+02
1.258680555555555856e+02
1.306423611111111427e+02
1.362847222222222285e+02
1.427951388888889142e+02
1.501736111111111427e+02
1.584201388888889142e+02
1.675347222222222570e+02
1.775173611111111427e+02
1.875000000000000000e+02
1.775173611111111143e+02
1.684027777777777715e+02
1.601562500000000000e+02
1.527777777777777715e+02
1.462673611111111143e+02
1.406250000000000000e+02
1.358506944444444571e+02
1.319444444444444571e+02
1.289062500000000000e+02
1.267361111111111143e+02
1.254340277777777715e+02
1.250000000000000000e+02
1.254340277777777715e+02
1.267361111111111143e+02
1.289062500000000000e+02
1.319444444444444571e+02
1.358506944444444571e+02
1.406250000000000000e+02
1.462673611111111143e+02
1.527777777777777715e+02
1.601562500000000000e+02
1.684027777777777999e+02
1.775173611111111427e+02
1.875000000000000000e+02
1.775173611111111143e+02
1.675347222222222285e+02
1.584201388888888857e+02
1.501736111111111143e+02
1.427951388888888857e+02
1.362847222222222285e+02
1.306423611111111143e+02
1.258680555555555429e+02
1.219618055555555429e+02
1.189236111111111143e+02
1.167534722222222143e+02
1.154513888888888857e+02
1.150173611111111143e+02
1.154513888888888857e+02
1.167534722222222285e+02
1.189236111111111143e+02
1.219618055555555571e+02
1.258680555555555571e+02
1.306423611111111143e+02
1.362847222222222285e+02
1.427951388888888857e+02
1.501736111111111143e+02
1.584201388888889142e+02
1.675347222222222285e+02
1.775173611111111143e+02
1.684027777777777715e+02
1.584201388888888857e+02
1.493055555555555713e+02
1.410590277777777715e+02
1.336805555555555429e+02
1.271701388888888857e+02
1.215277777777777857e+02
1.167534722222222285e+02
1.128472222222222285e+02
1.098090277777777857e+02
1.076388888888888857e+02
1.063368055555555713e+02
1.059027777777777857e+02
1.063368055555555713e+02
1.076388888888888999e+02
1.098090277777777857e+02
1.128472222222222285e+02
1.167534722222222285e+02
1.215277777777777857e+02
1.271701388888888999e+02
1.336805555555555713e+02
1.410590277777777715e+02
1.493055555555555998e+02
1.584201388888889142e+02
1.684027777777777715e+02
1.601562500000000000e+02
1.501736111111111143e+02
1.410590277777777715e+02
1.328125000000000000e+02
1.254340277777777715e+02
1.189236111111111143e+02
1.132812500000000000e+02
1.085069444444444429e+02
1.046006944444444429e+02
1.015625000000000000e+02
9.939236111111111427e+01
9.809027777777777146e+01
9.765625000000000000e+01
9.809027777777777146e+01
9.939236111111111427e+01
1.015625000000000000e+02
1.046006944444444429e+02
1.085069444444444571e+02
1.132812500000000000e+02
1.189236111111111143e+02
1.254340277777777857e+02
1.328125000000000000e+02
1.410590277777777999e+02
1.501736111111111427e+02
1.601562500000000000e+02
1.527777777777777715e+02
1.427951388888888857e+02
1.336805555555555429e+02
1.254340277777777715e+02
1.180555555555555429e+02
1.115451388888888857e+02
1.059027777777777715e+02
1.011284722222222143e+02
9.722222222222221433e+01
9.418402777777777146e+01
9.201388888888888573e+01
9.071180555555554292e+01
9.027777777777777146e+01
9.071180555555554292e+01
9.201388888888888573e+01
9.418402777777777146e+01
9.722222222222221433e+01
1.011284722222222285e+02
1.059027777777777715e+02
1.115451388888888857e+02
1.180555555555555571e+02
1.254340277777777715e+02
1.336805555555555713e+02
1.427951388888889142e+02
1.527777777777777715e+02
1.462673611111111143e+02
1.362847222222222285e+02
1.271701388888888857e+02
1.189236111111111143e+02
1.115451388888888857e+02
1.050347222222222143e+02
9.939236111111111427e+01
9.461805555555554292e+01
9.071180555555554292e+01
8.767361111111111427e+01
8.550347222222221433e+01
8.420138888888888573e+01
8.376736111111111427e+01
8.420138888888888573e+01
8.550347222222222854e+01
8.767361111111111427e+01
9.071180555555555713e+01
9.461805555555555713e+01
9.939236111111111427e+01
1.050347222222222285e+02
1.115451388888888857e+02
1.189236111111111143e+02
1.271701388888889142e+02
1.362847222222222285e+02
1.462673611111111143e+02
1.406250000000000000e+02
1.306423611111111143e+02
1.215277777777777857e+02
1.132812500000000000e+02
1.059027777777777715e+02
9.939236111111111427e+01
9.375000000000000000e+01
8.897569444444444287e+01
8.506944444444444287e+01
8.203125000000000000e+01
7.986111111111111427e+01
7.855902777777777146e+01
7.812500000000000000e+01
7.855902777777777146e+01
7.986111111111111427e+01
8.203125000000000000e+01
8.506944444444444287e+01
8.897569444444445708e+01
9.375000000000000000e+01
9.939236111111111427e+01
1.059027777777777857e+02
1.132812500000000000e+02
1.215277777777777999e+02
1.306423611111111427e+02
1.406250000000000000e+02
1.358506944444444571e+02
1.258680555555555429e+02
1.167534722222222285e+02
1.085069444444444429e+02
1.011284722222222143e+02
9.461805555555554292e+01
8.897569444444444287e+01
8.420138888888888573e+01
8.029513888888888573e+01
7.725694444444444287e+01
7.508680555555555713e+01
7.378472222222221433e+01
7.335069444444444287e+01
7.378472222222222854e+01
7.508680555555555713e+01
7.725694444444444287e+01
8.029513888888888573e+01
8.420138888888888573e+01
8.897569444444444287e+01
9.461805555555555713e+01
1.011284722222222285e+02
1.085069444444444429e+02
1.167534722222222427e+02
1.258680555555555713e+02
1.358506944444444571e+02
1.319444444444444571e+02
1.219618055555555429e+02
1.128472222222222285e+02
1.046006944444444429e+02
9.722222222222221433e+01
9.071180555555554292e+01
8.506944444444444287e+01
8.029513888888888573e+01
7.638888888888888573e+01
7.335069444444444287e+01
7.118055555555555713e+01
6.987847222222221433e+01
6.944444444444444287e+01
6.987847222222222854e+01
7.118055555555555713e+01
7.335069444444444287e+01
7.638888888888888573e+01
8.029513888888888573e+01
8.506944444444444287e+01
9.071180555555555713e+01
9.722222222222222854e+01
1.046006944444444429e+02
1.128472222222222427e+02
1.219618055555555713e+02
1.319444444444444571e+02
1.289062500000000000e+02
1.189236111111111143e+02
1.098090277777777857e+02
1.015625000000000000e+02
9.418402777777777146e+01
8.767361111111111427e+01
8.203125000000000000e+01
7.725694444444444287e+01
7.335069444444444287e+01
7.031250000000000000e+01
6.814236111111111427e+01
6.684027777777777146e+01
6.640625000000000000e+01
6.684027777777777146e+01
6.814236111111111427e+01
7.031250000000000000e+01
7.335069444444444287e+01
7.725694444444445708e+01
8.203125000000000000e+01
8.767361111111111427e+01
9.418402777777778567e+01
1.015625000000000000e+02
1.098090277777777999e+02
1.189236111111111285e+02
1.289062500000000000e+02
1.267361111111111143e+02
1.167534722222222143e+02
1.076388888888888857e+02
9.939236111111111427e+01
9.201388888888888573e+01
8.550347222222221433e+01
7.986111111111111427e+01
7.508680555555555713e+01
7.118055555555555713e+01
6.814236111111111427e+01
6.597222222222221433e+01
6.467013888888888573e+01
6.423611111111111427e+01
6.467013888888888573e+01
6.597222222222222854e+01
6.814236111111111427e+01
7.118055555555555713e+01
7.508680555555555713e+01
7.986111111111111427e+01
8.550347222222222854e+01
9.201388888888889994e+01
9.939236111111111427e+01
1.076388888888889142e+02
1.167534722222222285e+02
1.267361111111111143e+02
1.254340277777777715e+02
1.154513888888888857e+02
1.063368055555555713e+02
9.809027777777777146e+01
9.071180555555554292e+01
8.420138888888888573e+01
7.855902777777777146e+01
7.378472222222221433e+01
6.987847222222221433e+01
6.684027777777777146e+01
6.467013888888888573e+01
6.336805555555555003e+01
6.293402777777777857e+01
6.336805555555555713e+01
6.467013888888888573e+01
6.684027777777777146e+01
6.987847222222222854e+01
7.378472222222222854e+01
7.855902777777777146e+01
8.420138888888888573e+01
9.071180555555555713e+01
9.809027777777777146e+01
1.063368055555555713e+02
1.154513888888889142e+02
1.254340277777777715e+02
1.250000000000000000e+02
1.150173611111111143e+02
1.059027777777777857e+02
9.765625000000000000e+01
9.027777777777777146e+01
8.376736111111111427e+01
7.812500000000000000e+01
7.335069444444444287e+01
6.944444444444444287e+01
6.640625000000000000e+01
6.423611111111111427e+01
6.293402777777777857e+01
6.250000000000000000e+01
6.293402777777777857e+01
6.423611111111111427e+01
6.640625000000000000e+01
6.944444444444444287e+01
7.335069444444445708e+01
7.812500000000000000e+01
8.376736111111111427e+01
9.027777777777778567e+01
9.765625000000000000e+01
1.059027777777777999e+02
1.150173611111111285e+02
1.250000000000000000e+02
1.254340277777777715e+02
1.154513888888888857e+02
1.063368055555555713e+02
9.809027777777777146e+01
9.071180555555554292e+01
8.420138888888888573e+01
7.855902777777777146e+01
7.378472222222222854e+01
6.987847222222222854e+01
6.684027777777777146e+01
6.467013888888888573e+01
6.336805555555555713e+01
6.293402777777777857e+01
6.336805555555555713e+01
6.467013888888888573e+01
6.684027777777777146e+01
6.987847222222222854e+01
7.378472222222222854e+01
7.855902777777777146e+01
8.420138888888888573e+01
9.071180555555557135e+01
9.809027777777777146e+01
1.063368055555555713e+02
1.154513888888889142e+02
1.254340277777777715e+02
1.267361111111111143e+02
1.167534722222222285e+02
1.076388888888888999e+02
9.939236111111111427e+01
9.201388888888888573e+01
8.550347222222222854e+01
7.986111111111111427e+01
7.508680555555555713e+01
7.118055555555555713e+01
6.814236111111111427e+01
6.597222222222222854e+01
6.467013888888888573e+01
6.423611111111111427e+01
6.467013888888888573e+01
6.597222222222222854e+01
6.814236111111111427e+01
7.118055555555555713e+01
7.508680555555557135e+01
7.986111111111111427e+01
8.550347222222222854e+01
9.201388888888889994e+01
9.939236111111111427e+01
1.076388888888889142e+02
1.167534722222222427e+02
1.267361111111111143e+02
1.289062500000000000e+02
1.189236111111111143e+02
1.098090277777777857e+02
1.015625000000000000e+02
9.418402777777777146e+01
8.767361111111111427e+01
8.203125000000000000e+01
7.725694444444444287e+01
7.335069444444444287e+01
7.031250000000000000e+01
6.814236111111111427e+01
6.684027777777777146e+01
6.640625000000000000e+01
6.684027777777777146e+01
6.814236111111111427e+01
7.031250000000000000e+01
7.335069444444444287e+01
7.725694444444445708e+01
8.203125000000000000e+01
8.767361111111111427e+01
9.418402777777778567e+01
1.015625000000000000e+02
1.098090277777777999e+02
1.189236111111111285e+02
1.289062500000000000e+02
1.319444444444444571e+02
1.219618055555555571e+02
1.128472222222222285e+02
1.046006944444444429e+02
9.722222222222221433e+01
9.071180555555555713e+01
8.506944444444444287e+01
8.029513888888888573e+01
7.638888888888888573e+01
7.335069444444444287e+01
7.118055555555555713e+01
6.987847222222222854e+01
6.944444444444444287e+01
6.987847222222222854e+01
7.118055555555555713e+01
7.335069444444444287e+01
7.638888888888888573e+01
8.029513888888889994e+01
8.506944444444444287e+01
9.071180555555555713e+01
9.722222222222222854e+01
1.046006944444444429e+02
1.128472222222222427e+02
1.219618055555555713e+02
1.319444444444444571e+02
1.358506944444444571e+02
1.258680555555555571e+02
1.167534722222222285e+02
1.085069444444444571e+02
1.011284722222222285e+02
9.461805555555555713e+01
8.897569444444445708e+01
8.420138888888888573e+01
8.029513888888888573e+01
7.725694444444445708e+01
7.508680555555555713e+01
7.378472222222222854e+01
7.335069444444445708e+01
7.378472222222222854e+01
7.508680555555557135e+01
7.725694444444445708e+01
8.029513888888889994e+01
8.420138888888889994e+01
8.897569444444445708e+01
9.461805555555557135e+01
1.011284722222222285e+02
1.085069444444444571e+02
1.167534722222222570e+02
1.258680555555555713e+02
1.358506944444444571e+02
1.406250000000000000e+02
1.306423611111111143e+02
1.215277777777777857e+02
1.132812500000000000e+02
1.059027777777777715e+02
9.939236111111111427e+01
9.375000000000000000e+01
8.897569444444444287e+01
8.506944444444444287e+01
8.203125000000000000e+01
7.986111111111111427e+01
7.855902777777777146e+01
7.812500000000000000e+01
7.855902777777777146e+01
7.986111111111111427e+01
8.203125000000000000e+01
8.506944444444444287e+01
8.897569444444445708e+01
9.375000000000000000e+01
9.939236111111111427e+01
1.059027777777777857e+02
1.132812500000000000e+02
1.215277777777777999e+02
1.306423611111111427e+02
1.406250000000000000e+02
1.462673611111111143e+02
1.362847222222222285e+02
1.271701388888888999e+02
1.189236111111111143e+02
1.115451388888888857e+02
1.050347222222222285e+02
9.939236111111111427e+01
9.461805555555555713e+01
9.071180555555555713e+01
8.767361111111111427e+01
8.550347222222222854e+01
8.420138888888888573e+01
8.376736111111111427e+01
8.420138888888888573e+01
8.550347222222222854e+01
8.767361111111111427e+01
9.071180555555555713e+01
9.461805555555557135e+01
9.939236111111111427e+01
1.050347222222222285e+02
1.115451388888888999e+02
1.189236111111111143e+02
1.271701388888889142e+02
1.362847222222222285e+02
1.462673611111111143e+02
1.527777777777777715e+02
1.427951388888888857e+02
1.336805555555555713e+02
1.254340277777777857e+02
1.180555555555555571e+02
1.115451388888888857e+02
1.059027777777777857e+02
1.011284722222222285e+02
9.722222222222222854e+01
9.418402777777778567e+01
9.201388888888889994e+01
9.071180555555555713e+01
9.027777777777778567e+01
9.071180555555557135e+01
9.201388888888889994e+01
9.418402777777778567e+01
9.722222222222222854e+01
1.011284722222222285e+02
1.059027777777777857e+02
1.115451388888888999e+02
1.180555555555555713e+02
1.254340277777777857e+02
1.336805555555555998e+02
1.427951388888889142e+02
1.527777777777777715e+02
1.601562500000000000e+02
1.501736111111111143e+02
1.410590277777777715e+02
1.328125000000000000e+02
1.254340277777777715e+02
1.189236111111111143e+02
1.132812500000000000e+02
1.085069444444444429e+02
1.046006944444444429e+02
1.015625000000000000e+02
9.939236111111111427e+01
9.809027777777777146e+01
9.765625000000000000e+01
9.809027777777777146e+01
9.939236111111111427e+01
1.015625000000000000e+02
1.046006944444444429e+02
1.085069444444444571e+02
1.132812500000000000e+02
1.189236111111111143e+02
1.254340277777777857e+02
1.328125000000000000e+02
1.410590277777777999e+02
1.501736111111111427e+02
1.601562500000000000e+02
1.684027777777777999e+02
1.584201388888889142e+02
1.493055555555555998e+02
1.410590277777777999e+02
1.336805555555555713e+02
1.271701388888889142e+02
1.215277777777777999e+02
1.167534722222222427e+02
1.128472222222222427e+02
1.098090277777777999e+02
1.076388888888889142e+02
1.063368055555555713e+02
1.059027777777777999e+02
1.063368055555555713e+02
1.076388888888889142e+02
1.098090277777777999e+02
1.128472222222222427e+02
1.167534722222222570e+02
1.215277777777777999e+02
1.271701388888889142e+02
1.336805555555555998e+02
1.410590277777777999e+02
1.493055555555555998e+02
1.584201388888889142e+02
1.684027777777777999e+02
1.775173611111111427e+02
1.675347222222222285e+02
1.584201388888889142e+02
1.501736111111111427e+02
1.427951388888889142e+02
1.362847222222222285e+02
1.306423611111111427e+02
1.258680555555555713e+02
1.219618055555555713e+02
1.189236111111111285e+02
1.167534722222222285e+02
1.154513888888889142e+02
1.150173611111111285e+02
1.154513888888889142e+02
1.167534722222222427e+02
1.189236111111111285e+02
1.219618055555555713e+02
1.258680555555555713e+02
1.306423611111111427e+02
1.362847222222222285e+02
1.427951388888889142e+02
1.501736111111111427e+02
1.584201388888889142e+02
1.675347222222222570e+02
1.775173611111111427e+02
1.875000000000000000e+02
1.775173611111111143e+02
1.684027777777777715e+02
1.601562500000000000e+02
1.527777777777777715e+02
1.462673611111111143e+02
1.406250000000000000e+02
1.358506944444444571e+02
1.319444444444444571e+02
1.289062500000000000e+02
1.267361111111111143e+02
1.254340277777777715e+02
1.250000000000000000e+02
1.254340277777777715e+02
1.267361111111111143e+02
1.289062500000000000e+02
1.319444444444444571e+02
1.358506944444444571e+02
1.406250000000000000e+02
1.462673611111111143e+02
1.527777777777777715e+02
1.601562500000000000e+02
1.684027777777777999e+02
1.775173611111111427e+02
1.875000000000000000e+02
