2.496137520565753221e-01
2.492874520758050494e-01
2.354031019112881040e-01
2.126632531926588854e-01
1.854434354609111324e-01
1.572850337852287339e-01
1.305993229743762640e-01
1.066138365458755288e-01
8.554395249302615412e-02
6.692940778702904936e-02
5.004648776593967341e-02
3.429776037592091598e-02
1.949368066198076122e-02
5.970667794827022590e-03
-5.469100517075276002e-03
-1.376937899658514652e-02
-1.792294141159800347e-02
-1.728773274771810975e-02
-1.183753916120622307e-02
-2.285185995788197033e-03
9.955156068826909177e-03
2.296625733470136765e-02
3.465473332471447065e-02
4.315081373351858929e-02
4.721287709799071308e-02
4.656855353641731199e-02
4.213487222295952961e-02
3.607839100277487887e-02
3.169891486322740093e-02
3.314393388427561149e-02
4.498253773635951802e-02
1.971791888936422765e-01
1.917577874974085717e-01
1.772372474188159686e-01
1.581868237481103279e-01
1.384247285168385133e-01
1.206068226547358790e-01
1.060668376103421906e-01
9.491566071119450498e-02
8.635655374564521480e-02
7.913273336271231528e-02
7.200206113702734001e-02
6.413500548660522327e-02
5.535555179449147545e-02
4.618437367025762796e-02
3.768984306225320324e-02
3.119474971754243597e-02
2.791574017464881763e-02
2.862293530051829293e-02
3.339799872992443852e-02
4.154379390820395201e-02
5.166456964616372716e-02
6.190051604608015623e-02
7.027189338077732828e-02
7.507062298645905685e-02
7.523290034623641986e-02
7.063366984584718011e-02
6.225923621605033986e-02
5.223367416692781262e-02
4.369428819791210117e-02
4.052867692553263623e-02
4.699988135598687222e-02
1.572202120678412030e-01
1.484732000153599074e-01
1.338631301714485744e-01
1.176690448319277493e-01
1.031435896602488356e-01
9.220045183428737801e-02
8.537223934763460420e-02
8.202523141153506003e-02
8.076771238847868517e-02
7.995321765702101402e-02
7.816652271867496893e-02
7.459112159267533571e-02
6.918916906215599738e-02
6.267039485464920290e-02
5.627447620281600393e-02
5.143079478511936031e-02
4.938196433431585319e-02
5.085914866504026577e-02
5.587932919297600165e-02
6.370321480062557384e-02
7.295596493713674136e-02
8.188007699209265411e-02
8.866745158957201056e-02
9.180901040235767141e-02
9.040470459331118036e-02
8.439062191246193834e-02
7.465798841440118849e-02
6.305619476916035637e-02
5.228528829866263550e-02
4.569163830274192151e-02
4.698479500439134426e-02
1.275178405230690259e-01
1.172379963445564499e-01
1.033143520799058024e-01
8.960862693857052363e-02
7.881537283537909389e-02
7.224582753042341210e-02
6.988153767451876774e-02
7.066651675631874241e-02
7.296082230823230930e-02
7.504991186215193011e-02
7.559909528208663687e-02
7.396154369416763075e-02
7.028658565832301974e-02
6.542296167026506737e-02
6.065774536909884773e-02
5.736516046090400778e-02
5.665342642168980092e-02
5.909026043809717521e-02
6.456238677128567360e-02
7.228916280291741714e-02
8.097488890416570939e-02
8.905717068046214990e-02
9.499541319019044749e-02
9.754515116947004572e-02
9.597735518036643043e-02
9.022113097307737917e-02
8.092666402990289498e-02
6.945771294704172760e-02
5.782708916194678750e-02
4.858548166521359235e-02
4.466728738771053031e-02
1.056915541848866269e-01
9.549228191099246033e-02
8.308930122075253166e-02
7.183458849613089114e-02
6.388410993895377032e-02
6.007143513852497563e-02
6.003427119503612630e-02
6.254896971950074658e-02
6.598824336833786219e-02
6.879675004529417492e-02
6.988233727679471485e-02
6.884645256650401279e-02
6.601887501892633736e-02
6.230910877638962120e-02
5.892786480035283603e-02
5.705741552810650319e-02
5.755390571721363813e-02
6.074840860310359858e-02
6.638243062843685038e-02
7.367709819300216623e-02
8.150354428289574571e-02
8.860313770128414035e-02
9.380379875801736489e-02
9.619136804394656792e-02
9.521701285120798275e-02
9.074487168618361466e-02
8.306083991556079127e-02
7.286851845674391370e-02
6.129120242258068174e-02
4.988275807409081608e-02
4.063182640129525680e-02
8.956557353849348146e-02
8.070912670882535167e-02
7.053788687699125148e-02
6.184038526407675818e-02
5.626490579743403941e-02
5.427274976682383567e-02
5.531583347328705713e-02
5.818405981699470431e-02
6.143555648668552749e-02
6.381056927057215944e-02
6.454027439031051472e-02
6.349222928110975772e-02
6.113680481212213635e-02
5.836282427480909973e-02
5.620471182919573039e-02
5.555940222257049754e-02
5.696582466043764725e-02
6.049562914995476604e-02
6.576869116543093696e-02
7.207141730032162741e-02
7.853014598731533624e-02
8.428297821592423134e-02
8.860276456107385457e-02
9.094769273360725492e-02
9.094562795144156553e-02
8.834408277471084148e-02
8.297089067855267785e-02
7.474693025869783014e-02
6.377257605345221236e-02
5.048001856994233094e-02
3.581349552587198559e-02
7.741579203502624296e-02
7.070522836511372589e-02
6.320580628744210117e-02
5.713030389961204492e-02
5.366344705907977186e-02
5.298196120929787867e-02
5.446351025966578163e-02
5.702433880651369691e-02
5.950105233932845294e-02
6.098748501244699582e-02
6.105413115437841043e-02
5.981098076154012233e-02
5.781617775937775150e-02
5.587184631440322846e-02
5.477445437281858176e-02
5.509350974170956761e-02
5.703794056898914278e-02
6.043891924491617829e-02
6.484044944954803213e-02
6.965608195605454966e-02
7.433157099148957059e-02
7.845469541643979028e-02
8.177437687845667824e-02
8.412502835562918335e-02
8.528821242362027988e-02
8.485056868084939197e-02
8.212565165013074875e-02
7.619410433835582808e-02
6.608439306728541851e-02
5.107372115890029818e-02
3.104771837570297066e-02
6.807521910013747402e-02
6.382911054606665857e-02
5.908985127462074161e-02
5.552395352788153104e-02
5.391269862229819410e-02
5.422388324950588867e-02
5.583490564458770677e-02
5.784507937642047182e-02
5.939825392852071673e-02
5.993901825422653928e-02
5.934669273119652644e-02
5.792582143476465717e-02
5.627096896932926029e-02
5.505677998735336587e-02
5.482231692440109327e-02
5.581646110658766702e-02
5.794925333611899987e-02
6.085871512186713517e-02
6.406449404312297702e-02
6.715021332638571039e-02
6.990514845529105514e-02
7.236696375184692442e-02
7.473829056107206270e-02
7.719222496962174773e-02
7.962287082773400471e-02
8.142410004802513868e-02
8.138353758840821683e-02
7.775657944876002148e-02
6.854158432543044910e-02
5.192315533349756151e-02
2.679991430704831146e-02
6.090487832261715084e-02
5.901509377144975588e-02
5.677379229746293277e-02
5.536957823278498836e-02
5.525810017570620403e-02
5.626865418162196875e-02
5.782660623663105071e-02
5.923090521537233144e-02
5.991557387460488826e-02
5.963123812398407608e-02
5.850621221179608256e-02
5.698070033395197242e-02
5.564337074611103162e-02
5.502697716292459518e-02
5.543077707989141345e-02
5.682839292421704158e-02
5.889243191631976515e-02
6.112905594636686146e-02
6.307794521126197651e-02
6.450740138097899035e-02
6.552954228391172364e-02
6.657962759345537052e-02
6.824255421088309959e-02
7.095818942616460845e-02
7.468156625691335648e-02
7.860054716729791835e-02
8.101299433110398240e-02
7.943574709497625008e-02
7.096466817893087864e-02
5.284142046730266884e-02
2.312455962965032086e-02
5.566201588590047322e-02
5.571623577998252586e-02
5.543663039497914724e-02
5.563410788454348221e-02
5.653300620906520635e-02
5.789456712955143303e-02
5.922586779342964292e-02
6.001775176264345646e-02
5.994965332502033561e-02
5.900927263428457081e-02
5.749905475386185572e-02
5.593362048966810107e-02
5.486414928600424901e-02
5.468809387093642727e-02
5.550839297939091921e-02
5.709271370869828388e-02
5.895295114169130102e-02
6.052622025163145736e-02
6.140221253008348867e-02
6.151953127118758857e-02
6.125371131929568946e-02
6.134424145420780405e-02
6.265209185221465304e-02
6.579173535283189267e-02
7.072780738235451281e-02
7.645235915697412565e-02
8.085483314062003046e-02
8.086175077187363058e-02
7.286354290044982918e-02
5.337577056343434379e-02
1.981855302801704966e-02
5.231383769205422141e-02
5.375076337077189237e-02
5.474953982775332406e-02
5.586427190428366885e-02
5.719363148091360927e-02
5.850293811818119138e-02
5.940840384573675692e-02
5.957382379710907117e-02
5.886707510944688693e-02
5.743451012676814571e-02
5.567391385557129979e-02
5.411586645641364157e-02
5.325128450931515545e-02
5.336136749247089028e-02
5.440877701039426029e-02
5.603331491874996573e-02
5.766464291082229465e-02
5.872653311234898865e-02
5.887281986360903829e-02
5.817564454628154635e-02
5.718955526390345767e-02
5.684232757630525157e-02
5.814970203937264159e-02
6.180508963734610006e-02
6.774184567620977759e-02
7.479083238285966218e-02
8.055038016755133867e-02
8.154790540720568970e-02
7.370950614858884364e-02
5.308017239440232515e-02
1.667073181306477636e-02
5.085030399277457036e-02
5.311026423441944644e-02
5.469944172364193946e-02
5.604224833223270252e-02
5.721949873986886814e-02
5.807175362861016765e-02
5.834924920054618269e-02
5.786746358353411779e-02
5.662514300638576970e-02
5.485081452206941321e-02
5.296325260860612616e-02
5.145652420469559729e-02
5.074443838384468108e-02
5.101502532488666475e-02
5.214724419056437910e-02
5.372723925393074751e-02
5.517266569950152189e-02
5.593813673476688564e-02
5.574295562109909952e-02
5.474443554703611881e-02
5.358385104045737535e-02
5.325918530434137210e-02
5.482437661703443155e-02
5.896767805825220421e-02
6.556748997536487877e-02
7.334875563537934795e-02
7.975727386656217277e-02
8.113146951654925942e-02
7.318804853639448993e-02
5.176375611699768342e-02
1.368799709962331690e-02
5.114348766437615268e-02
5.378135507635306567e-02
5.539055438566720113e-02
5.638316113618202507e-02
5.692019972048001364e-02
5.698128236690536141e-02
5.647247565502766520e-02
5.534176021319581196e-02
5.366805743688018993e-02
5.169567775737959892e-02
4.980081428948324174e-02
4.839721036842092872e-02
4.780882639170158654e-02
4.815170871734153479e-02
4.926978892763145268e-02
5.075735432910732925e-02
5.207612036610953510e-02
5.274321135948412120e-02
5.253713375714141876e-02
5.165175226284191012e-02
5.073080181318800896e-02
5.073987467039842159e-02
5.267503264622064307e-02
5.715716194390552118e-02
6.400523750198772177e-02
7.190633348363917321e-02
7.829601221601478755e-02
7.952740382461342961e-02
7.134691457758890465e-02
4.962238909865845926e-02
1.120301688933977857e-02
5.288537384330993518e-02
5.562482491222908720e-02
5.687667376332683489e-02
5.713320572976954281e-02
5.671147577959345654e-02
5.577819085738155991e-02
5.441027990309521556e-02
5.267179501970531419e-02
5.068185127311153337e-02
4.864946620364207774e-02
4.686026120907627046e-02
4.561536901746876538e-02
4.514038976049050689e-02
4.549619974568486214e-02
4.652837644971441478e-02
4.788464092416688800e-02
4.911035137774888426e-02
4.980525544669944793e-02
4.979822042514570057e-02
4.927959346969146281e-02
4.883058485575020313e-02
4.930881182372104377e-02
5.158604946336708963e-02
5.617976635403465480e-02
6.286173193802824244e-02
7.035194244235754013e-02
7.620473005954409018e-02
7.696314591157715768e-02
6.860234837949974462e-02
4.721481498199864291e-02
9.826047698879847303e-03
5.561421057791449130e-02
5.833876293763751164e-02
5.906532265362329781e-02
5.842252257571090013e-02
5.692649523552972823e-02
5.495518119278131053e-02
5.275963428721297532e-02
5.050454317097319290e-02
4.832088632974773645e-02
4.634931161126587540e-02
4.475573843228630722e-02
4.371078578697051853e-02
4.333920549834147096e-02
4.365969703940209001e-02
4.454382606490980834e-02
4.572100435325410217e-02
4.684347337752114981e-02
4.760364221874624491e-02
4.787242872407659888e-02
4.780960145581047982e-02
4.789312882348895073e-02
4.882833790907170624e-02
5.132805906760040671e-02
5.579512172698741779e-02
6.197749327111523598e-02
6.869186128460569307e-02
7.371380709810182452e-02
7.390782281436258927e-02
6.562166754156351089e-02
4.530729113685083576e-02
1.026980920141795650e-02
5.881612099619815126e-02
6.150856423482764512e-02
6.171268835896626115e-02
6.020717332285130396e-02
5.771128492051502690e-02
5.480887097655795515e-02
5.191230461787199602e-02
4.926976237038616091e-02
4.700633866013959050e-02
4.517959141230676323e-02
4.382688512851018459e-02
4.298685738467611372e-02
4.268923390191048384e-02
4.292195595917291939e-02
4.359660604677628726e-02
4.453726235078647733e-02
4.551138104579877108e-02
4.630509024718776345e-02
4.682420525932684541e-02
4.718382860301062465e-02
4.774124587129335850e-02
4.903419413312803954e-02
5.160995021287817508e-02
5.576510469109052792e-02
6.125190074089914560e-02
6.703315543563803658e-02
7.117425756587181240e-02
7.094238343415781856e-02
6.314169758843490854e-02
4.465746907590073533e-02
1.312528452035621740e-02
6.206861206737812608e-02
6.472232771920971572e-02
6.450101050722878426e-02
6.230532215704442933e-02
5.902238361159106717e-02
5.540587457653600723e-02
5.199862788140308112e-02
4.911110654211370274e-02
4.685307554609607905e-02
4.520087363198399544e-02
4.407385156082455069e-02
4.339386592619121075e-02
4.311112960567697883e-02
4.319497919641435146e-02
4.360355151584371924e-02
4.425598846864886582e-02
4.503033036598935723e-02
4.579905139689799398e-02
4.649558645905926824e-02
4.718595366284716874e-02
4.810742205881979316e-02
4.963731377210933715e-02
5.217159940366400406e-02
5.592173927288968116e-02
6.067130333394743502e-02
6.556066025223117322e-02
6.897854923590784892e-02
6.862752143206307665e-02
6.179631133272778243e-02
4.582296187072643079e-02
1.867999663954833522e-02
6.518034490727586672e-02
6.771100997139001265e-02
6.716510383557761088e-02
6.450272424262948334e-02
6.071011310268659145e-02
5.664769520808476955e-02
5.294110992690548301e-02
4.993678571190685034e-02
4.772524179134052247e-02
4.621646918531041592e-02
4.523837823944631964e-02
4.462565701396670192e-02
4.427360487170517445e-02
4.414695747254882008e-02
4.425183846615254879e-02
4.459309099183883518e-02
4.514391784323379397e-02
4.584783434984274209e-02
4.665658854355569929e-02
4.758783720899373293e-02
4.877080685400869697e-02
5.044390620605554432e-02
5.287875971407629550e-02
5.622883325122529641e-02
6.033118617779109627e-02
6.451706204825313762e-02
6.750112438021460548e-02
6.741329668875550851e-02
6.201014221005607396e-02
4.905974715438787825e-02
2.684569097618805245e-02
6.828031462282524444e-02
7.046404311404330656e-02
6.961924914503470063e-02
6.668095910572446883e-02
6.264355656458064914e-02
5.839247560652438551e-02
5.457630557066295296e-02
5.154665852751350030e-02
4.937372434505959973e-02
4.792417712451424450e-02
4.697156295878812671e-02
4.630267184984404594e-02
4.578865176881663501e-02
4.540485236793756485e-02
4.520310368388891220e-02
4.525740290409885347e-02
4.561241605551913381e-02
4.626066776108928025e-02
4.715981159824877977e-02
4.828127083601430058e-02
4.966347136360127479e-02
5.143441077962052077e-02
5.377391452930169180e-02
5.680539416789542884e-02
6.043482558743562549e-02
6.418200164625886828e-02
6.706606591615127400e-02
6.760643221059581265e-02
6.397915429988643155e-02
5.433139471278991550e-02
3.721212012897012755e-02
7.182051093332120217e-02
7.327601008000783622e-02
7.203464461053954437e-02
6.891532876034034416e-02
6.482192868134006858e-02
6.057611357391579077e-02
5.678459797491086647e-02
5.377127736574038863e-02
5.158565669989911839e-02
5.007695588574279100e-02
4.900512879248708487e-02
4.815147747285664082e-02
4.739517293637618423e-02
4.673642864509020001e-02
4.626724000263493508e-02
4.610938525001984090e-02
4.635011756909079850e-02
4.700468396185897291e-02
4.802187431778293103e-02
4.932885174639523029e-02
5.089202422823291272e-02
5.275943735614418983e-02
5.505228072433965281e-02
5.788928675610804930e-02
6.125364454783266410e-02
6.483917371224379167e-02
6.793141310481587425e-02
6.938210126099875197e-02
6.771924756321823224e-02
6.140222234898828901e-02
4.919024123955750838e-02
7.647761067346436903e-02
7.669811076266341843e-02
7.483204225718509406e-02
7.150015141814947128e-02
6.742478711385047063e-02
6.328086680878186598e-02
5.957205028971657157e-02
5.656311432539951056e-02
5.428208620287477970e-02
5.258457411400740966e-02
5.125454547669505700e-02
5.010638570092851296e-02
4.905539126775693148e-02
4.813701464445330203e-02
4.747454579046461731e-02
4.721368903119582683e-02
4.745392750191967934e-02
4.820647972519509494e-02
4.939685668796300888e-02
5.091069424815941602e-02
5.266171696712262928e-02
5.464808576653013006e-02
5.696343668387271464e-02
5.974286418495466933e-02
6.304821576486574486e-02
6.672365742269903421e-02
7.027228283550357446e-02
7.280983649980043992e-02
7.313873357270495035e-02
6.995648661904851906e-02
6.217457277671201155e-02
8.296687760957865976e-02
8.139560967538272962e-02
7.858060545549960807e-02
7.488428287615533918e-02
7.077758119703503326e-02
6.672327152045909315e-02
6.307289833785034716e-02
6.000643799779936671e-02
5.752915393532020971e-02
5.552134635945549235e-02
5.381985797430388629e-02
5.230089522228809074e-02
5.093504774413304403e-02
4.979683416604530066e-02
4.902862037852173671e-02
4.877606031368486583e-02
4.912300711293937638e-02
5.005393981991801411e-02
5.146100959245814011e-02
5.319450192473595962e-02
5.513644512393511832e-02
5.726454307296080515e-02
5.967295444861520082e-02
6.252909766772063449e-02
6.596837101096753031e-02
6.995431468385504559e-02
7.415153636247850955e-02
7.786514407780487090e-02
8.008968286958406679e-02
7.968419828830519691e-02
7.565452978451503441e-02
9.180861352797364816e-02
8.794220425261300988e-02
8.382512528260122053e-02
7.953143409031326883e-02
7.524124348856275901e-02
7.116619309817906469e-02
6.747563189128413796e-02
6.424881324346642941e-02
6.146746512240497395e-02
5.904774866212392226e-02
5.689623107173247263e-02
5.496608804241986945e-02
5.329033701127627864e-02
5.197828754899092019e-02
5.117619095108238980e-02
5.100779960775980726e-02
5.151956116606015712e-02
5.265470947779249400e-02
5.427021534706000239e-02
5.619369579653721303e-02
5.830000168498372659e-02
6.057591334683820605e-02
6.314115406712517142e-02
6.620610271784244105e-02
6.996810567216016352e-02
7.447257655439898372e-02
7.948394034610828385e-02
8.441781188594177365e-02
8.837603770734858699e-02
9.030165299918735400e-02
8.923744829371571541e-02
1.031068122829310596e-01
9.660588121550972573e-02
9.089029264578130096e-02
8.574833130478509702e-02
8.106430102270678617e-02
7.679061054659541696e-02
7.290742913755821064e-02
6.939023114682640880e-02
6.619872325973119587e-02
6.328944945562398061e-02
6.064309475914342329e-02
5.829053385969018564e-02
5.632167882868088782e-02
5.486826339620165527e-02
5.406318631139583886e-02
5.399037007009610534e-02
5.464558918902184814e-02
5.592718095431337133e-02
5.766582475916948169e-02
5.968756590300472453e-02
6.188933290832210332e-02
6.429715499689336866e-02
6.707840212038718164e-02
7.049162925250129774e-02
7.477806256792973727e-02
8.002130089880665764e-02
8.601891170474118553e-02
9.221481789791141637e-02
9.773156754454248585e-02
1.015180405738647096e-01
1.025966201996197924e-01
1.164047729434969369e-01
1.071907528494193684e-01
9.972421243583085015e-02
9.353968163486570120e-02
8.825337481175665744e-02
8.358088846944156103e-02
7.933008636609883979e-02
7.538404125079978257e-02
7.168630558589939028e-02
6.823395052924752235e-02
6.507598174357553944e-02
6.230940803652629256e-02
6.006473783054389060e-02
5.847731992253102362e-02
5.764876068860758096e-02
5.761017495387932286e-02
5.830256913759512827e-02
5.958686961093917489e-02
6.128698153042932972e-02
6.325650781218428165e-02
6.544789124745875597e-02
6.795667004917049780e-02
7.101661156775662675e-02
7.493421378603670746e-02
7.997046198943280615e-02
8.619811070093419403e-02
9.337739851616788656e-02
1.008963368331023958e-01
1.078110140915669035e-01
1.129982619859219994e-01
1.154030419820628595e-01
1.306701631037867628e-01
1.189912528752756771e-01
1.098385487057385035e-01
1.025464722042670473e-01
9.651689027668908238e-02
9.127666827771463431e-02
8.649947772573796101e-02
8.200151142955292016e-02
7.772217759338673204e-02
7.369822837063111365e-02
7.003530877409502864e-02
6.687719260662561283e-02
6.437191770237404853e-02
6.263615279749501497e-02
6.172316145239165053e-02
6.160332304716575891e-02
6.216670267167501152e-02
6.325313215347705409e-02
6.470696152246091515e-02
6.644345426320796832e-02
6.850546604982810095e-02
7.108639492798829451e-02
7.450081607385072857e-02
7.909758364985464141e-02
8.512842423442634754e-02
9.260292206454323605e-02
1.011723798801540397e-01
1.100855991680873558e-01
1.182473820699669886e-01
1.243874046831479063e-01
1.273184705405583372e-01
1.444336497861513635e-01
1.308894270314340247e-01
1.203795623332553077e-01
1.121030106114631053e-01
1.053169486294791568e-01
9.942499420867534354e-02
9.402052582663600333e-02
8.889034346793778241e-02
8.398888700685347430e-02
7.939439368055900559e-02
7.525690252805361524e-02
7.174564478191314265e-02
6.900163534737657756e-02
6.710084446967812255e-02
6.603367326169973239e-02
6.570622217259369791e-02
6.596657013142248616e-02
6.665421790967229754e-02
6.766364189388696104e-02
6.900556767504895106e-02
7.084506635874276981e-02
7.349659816100029275e-02
7.736407111951848492e-02
8.282801916720927693e-02
9.009895735289319418e-02
9.907103846489917487e-02
1.092182191787287593e-01
1.195725412799220067e-01
1.288098543154774234e-01
1.354447611338400748e-01
1.381090603645134252e-01
1.560668459169392008e-01
1.415886679660616210e-01
1.303283639063010924e-01
1.214136803118890384e-01
1.140310948539990932e-01
1.075337542533816304e-01
1.014971082950069103e-01
9.572424741054419428e-02
9.021088484951178543e-02
8.508426453045103699e-02
8.053123265199246816e-02
7.672931859633536078e-02
7.379208797283354215e-02
7.173707973561249673e-02
7.048147450404940173e-02
6.986690131452633068e-02
6.971003932994790375e-02
6.986991294616018422e-02
7.031692316741100512e-02
7.118439377154572867e-02
7.278284739368245937e-02
7.556200222097686492e-02
8.001593168955878355e-02
8.654147222478059120e-02
9.527549274571356364e-02
1.059486761187145021e-01
1.177977836741774809e-01
1.295722780942014651e-01
1.396545798743318301e-01
1.462890035236341646e-01
1.478879343867447460e-01
1.641465391348901903e-01
1.499378358457761351e-01
1.387896994801849360e-01
1.298124006953003118e-01
1.221889846237900201e-01
1.152919430714973714e-01
1.087416276059229858e-01
1.024064851117145736e-01
9.635549339873250574e-02
9.077998292923439294e-02
8.590481865030596964e-02
8.190805647609522566e-02
7.886456782216555439e-02
7.672373712557600811e-02
7.532493606413481757e-02
7.444762991508468986e-02
7.388614294904982671e-02
7.353300788599881344e-02
7.345053335302509367e-02
7.390912591654341668e-02
7.537426299677463248e-02
7.843244987452635542e-02
8.365934725225088187e-02
9.144839199871057644e-02
1.018322408672247548e-01
1.143382912869128631e-01
1.279199871078162687e-01
1.409959110642375890e-01
1.516095829465484712e-01
1.576978251996479230e-01
1.574299374005931895e-01
1.678237162313962472e-01
1.552694703150336863e-01
1.452978884717595065e-01
1.370376104023307562e-01
1.297199360396916745e-01
1.227947233946906636e-01
1.159830415945179993e-01
1.092659835285303416e-01
1.028211345401359722e-01
9.692682393142604269e-02
9.185831582726677880e-02
8.779938017687527463e-02
8.478788666252512485e-02
8.270635685039451346e-02
8.131910051815793850e-02
8.034801513349520974e-02
7.957062374043744057e-02
7.891775704047176987e-02
7.854568373659276403e-02
7.885949892079224810e-02
8.047170838472084142e-02
8.409181921160779893e-02
9.035781558304734062e-02
9.963591823725437280e-02
1.118274997261323733e-01
1.262278858939680504e-01
1.414784637036063941e-01
1.556402458536467748e-01
1.663954940686380723e-01
1.713580333353093010e-01
1.684480147068825318e-01
1.671064554793701973e-01
1.576640251478238497e-01
1.500557012841454707e-01
1.434427620242786361e-01
1.371353561844443902e-01
1.307006762490345864e-01
1.240033578415022930e-01
1.171778497628110927e-01
1.105459058235283010e-01
1.045022720190900145e-01
9.939643685538612772e-02
9.543744342227000743e-02
9.264274227643909398e-02
9.084220569093304221e-02
8.973655842783045955e-02
8.899762767941865604e-02
8.838797193129721563e-02
8.787138658954063430e-02
8.768484243591956329e-02
8.834733125513594132e-02
9.059165763392229564e-02
9.522022067540092394e-02
1.029028591856331332e-01
1.139506600302411243e-01
1.281106353635550477e-01
1.444291938569222111e-01
1.612254974843381206e-01
1.761992391839157790e-01
1.866734757895756047e-01
1.899463082945658243e-01
1.837009445353032788e-01
1.549495010694954544e-01
1.636572084489671397e-01
1.600729291203606408e-01
1.477528756240644725e-01
1.302679146374430275e-01
1.107605698089173529e-01
9.163573614387132693e-02
7.442266655743878800e-02
5.981065676314756274e-02
4.782701975273084827e-02
3.810061829972255509e-02
3.014253357105189934e-02
2.357926750119077042e-02
1.829143724535242654e-02
1.443742530318559147e-02
1.237029470394190867e-02
1.248085209226701409e-02
1.501491346971306484e-02
1.991610117511299904e-02
2.673733814845036250e-02
3.464750655984971672e-02
4.253892586530128028e-02
4.922093107597902417e-02
5.366868003329727799e-02
5.528654969748458825e-02
5.414273175483685918e-02
5.113518485450185835e-02
4.805757987196557224e-02
4.754576856339554070e-02
5.289925924444105476e-02
6.778713149742543465e-02
1.230474262138159247e-01
1.250995918708213139e-01
1.188966043464461109e-01
1.080440002879186068e-01
9.571583995239052456e-02
8.428955657836922910e-02
7.516300913812301587e-02
6.876909760285343509e-02
6.476401382315088995e-02
6.233232735394267365e-02
6.053267866809619591e-02
5.860577235216624103e-02
5.618139795114984736e-02
5.334916832362068817e-02
5.059145563791389577e-02
4.860855567676480860e-02
4.808837148084421642e-02
4.948153643272235058e-02
5.283723037064191885e-02
5.773767139180563390e-02
6.334562117262976244e-02
6.855517342228267808e-02
7.221680988550360780e-02
7.339638200028275605e-02
7.162499666628718842e-02
6.710137390109593980e-02
6.081738810644310433e-02
5.458843788437661715e-02
5.098094306595157832e-02
5.313880444464302855e-02
6.451924132670683321e-02
1.006434169903513975e-01
9.809777112423034851e-02
9.017177971327328123e-02
8.036260282096918672e-02
7.143327026096812915e-02
6.512781468336470425e-02
6.209655971542815678e-02
6.202735889746691100e-02
6.393824564656824805e-02
6.655716189197846688e-02
6.870161378537886776e-02
6.957774798866012134e-02
6.894229610770707950e-02
6.710587425914127380e-02
6.479360019511659630e-02
6.290998084296006709e-02
6.227276185381924734e-02
6.338178332953248173e-02
6.627504091738956049e-02
7.049996546265901998e-02
7.520033943364978768e-02
7.929520298421266489e-02
8.171068590672803111e-02
8.162101043490110897e-02
7.865981164468394127e-02
7.307399255114432890e-02
6.580512706750596408e-02
5.849418759135005530e-02
5.341209404105029535e-02
5.332139036181615666e-02
6.127513945648388471e-02
8.548802254153997637e-02
8.025694065327115823e-02
7.157167424520594068e-02
6.269025439178221859e-02
5.596489001254667528e-02
5.263520116932340898e-02
5.284043720166664571e-02
5.583039130942779593e-02
6.031613314189598896e-02
6.487662427389295772e-02
6.833126100536901504e-02
7.000239113403949887e-02
6.982208386762067676e-02
6.827616329974262044e-02
6.621618811186635867e-02
6.459768426793743856e-02
6.421450612469925545e-02
6.549311526032397524e-02
6.838989363313885406e-02
7.240597316194907762e-02
7.670560033147921786e-02
8.030303129635285586e-02
8.227376280410680920e-02
8.194911630198475905e-02
7.906562941570882685e-02
7.385700973463826813e-02
6.709070201577560510e-02
6.005915108289627824e-02
5.453618254978209734e-02
5.270311534877691884e-02
5.704121960843622219e-02
7.541971926184487529e-02
6.912263788399286568e-02
6.059195905254455283e-02
5.274554492643801495e-02
4.753365958458743989e-02
4.580463465754291974e-02
4.738214602912194096e-02
5.132163989765103906e-02
5.627883134729927406e-02
6.090396778381546028e-02
6.417598691768944263e-02
6.561042484099743888e-02
6.530874894815497100e-02
6.385610299912514165e-02
6.210939655284164473e-02
6.093977987620746717e-02
6.099801672098692507e-02
6.255817717465106398e-02
6.546921613335143775e-02
6.921339702603290789e-02
7.304393322192481719e-02
7.615869267465313897e-02
7.786550587843521498e-02
7.770630509185139090e-02
7.552677894636872225e-02
7.149826817112625577e-02
6.611238063123892061e-02
6.017194878222653642e-02
5.479401357479218859e-02
5.142489508762082551e-02
5.185016627365257591e-02
6.863410012010717764e-02
6.249407485665869899e-02
5.486632599422591738e-02
4.825955208070809022e-02
4.423725133165135048e-02
4.334764912709943019e-02
4.524561553989769891e-02
4.896589876807411201e-02
5.327787753049051389e-02
5.703904468100517988e-02
5.947059523896314204e-02
6.030213191115763038e-02
5.976749883120646700e-02
5.847110816102940589e-02
5.717421342706074938e-02
5.656591904698871076e-02
5.708093478460796177e-02
5.880688874458428472e-02
6.149474470294080675e-02
6.465542515070410445e-02
6.770316702750278637e-02
7.009763376845512539e-02
7.144420079202973284e-02
7.153183575428556651e-02
7.031353215279523283e-02
6.785655393105116673e-02
6.430130841908976436e-02
5.986440964625217021e-02
5.490425877724192105e-02
5.004158692099736072e-02
4.630110889229399618e-02
6.382976557870279066e-02
5.862948366120690480e-02
5.240039793352480046e-02
4.720705595900653861e-02
4.424868755086208694e-02
4.384340949764009565e-02
4.557699614815646783e-02
4.857106427516555414e-02
5.180259369808482006e-02
5.439974294858984649e-02
5.584967098548077047e-02
5.607989399140933529e-02
5.540890283009503037e-02
5.439537596976151690e-02
5.363941605173749849e-02
5.359748098999261856e-02
5.446320445480523631e-02
5.614230468199821189e-02
5.831872227281564847e-02
6.058050827414263040e-02
6.255660563329001889e-02
6.401479154010303319e-02
6.488692056154832244e-02
6.521516324573894963e-02
6.504328090886701830e-02
6.430029489274602383e-02
6.273215614055516198e-02
5.992676662208396010e-02
5.545108937440090813e-02
4.908335931395413354e-02
4.108884796733036637e-02
6.023063918473781087e-02
5.633239161761594005e-02
5.170566627930384129e-02
4.797088227132917382e-02
4.599602056259755045e-02
4.592369071906432509e-02
4.733193655556533486e-02
4.948247552965767682e-02
5.159327560977544636e-02
5.307060485938563943e-02
5.364966749039012939e-02
5.341933190356940031e-02
5.273840937297791243e-02
5.207988731854129583e-02
5.185741985042113811e-02
5.229011333722155541e-02
5.334667891293065622e-02
5.478270670573692769e-02
5.625339483231073245e-02
5.745823508186731488e-02
5.826224730117246509e-02
5.874467896501300856e-02
5.914937914349138737e-02
5.974475605762563646e-02
6.063509736122796312e-02
6.158833859808510169e-02
6.194997193233575672e-02
6.069581037081661634e-02
5.664119862194638699e-02
4.877991829198435880e-02
3.668445661605801433e-02
5.750732906381017528e-02
5.492896310170181096e-02
5.183139915243373252e-02
4.942499438038794324e-02
4.829344857716932893e-02
4.845110455789836124e-02
4.950362956151366234e-02
5.086748471512692049e-02
5.199216178152710199e-02
5.253129987977445126e-02
5.242446852935245261e-02
5.187697259680135176e-02
5.125386095460271463e-02
5.092846154002472758e-02
5.113813025673152879e-02
5.189645252539776266e-02
5.299233726691454649e-02
5.407738695066655055e-02
5.481222897651605308e-02
5.501974203798454255e-02
5.478613115701591596e-02
5.446296055743005127e-02
5.455225594778312370e-02
5.549484146467875689e-02
5.741816699446644634e-02
5.992259209597250447e-02
6.198637018678709865e-02
6.204702593095134944e-02
5.827486513953772373e-02
4.900321175955468789e-02
3.323298080431413837e-02
5.563497812909190543e-02
5.416284079910838045e-02
5.230738631507847458e-02
5.093305715126916766e-02
5.040172702138079330e-02
5.064663849043427035e-02
5.132283650164026767e-02
5.199361509585287422e-02
5.230515028233639896e-02
5.210590278875315562e-02
5.148314827238209546e-02
5.071260029217228293e-02
5.014237762952689081e-02
5.005238734884187579e-02
5.053833279816899449e-02
5.146275297738611698e-02
5.249478384212125093e-02
5.323108371521811932e-02
5.336113095836481079e-02
5.282018180878367275e-02
5.186988248169654980e-02
5.106258649175288156e-02
5.107790925103472546e-02
5.246057902695611119e-02
5.532567254704190418e-02
5.911932825256371871e-02
6.252182155731134117e-02
6.355355841515120119e-02
5.989798536029411480e-02
4.939972577267326415e-02
3.064556177560007200e-02
5.473018046177458018e-02
5.404341889516217634e-02
5.302233434485970065e-02
5.227214370097499341e-02
5.200889156549237669e-02
5.213593275402672589e-02
5.237542917893733829e-02
5.242045774502912536e-02
5.206848104717209935e-02
5.130184797599213198e-02
5.029534723144024611e-02
4.935154586564749479e-02
4.878635649220086634e-02
4.880368147860281169e-02
4.940354218706488609e-02
5.036001729604322463e-02
5.128466323367320001e-02
5.176303704502061009e-02
5.152463118429295719e-02
5.058879537682514638e-02
4.932798363006440923e-02
4.840737865742994472e-02
4.859353908977936953e-02
5.046579612826462835e-02
5.410110665980027989e-02
5.882445899624144658e-02
6.311455904506146908e-02
6.472648151247994974e-02
6.104436644818633795e-02
4.961933960657916032e-02
2.879514234518865123e-02
5.490574709256179631e-02
5.468574507540324703e-02
5.407031554932473227e-02
5.350378897128393874e-02
5.313990436843596399e-02
5.290706582309212536e-02
5.261335065733874217e-02
5.206450297555420548e-02
5.116415428346954286e-02
4.996922002464998513e-02
4.868498042924329638e-02
4.760146034823264927e-02
4.699107132910285145e-02
4.700150022108573467e-02
4.758259245136287063e-02
4.847861005691811442e-02
4.929850986809469759e-02
4.965119292319286615e-02
4.930753658118192106e-02
4.833462703390978277e-02
4.714670877729076892e-02
4.643450869480147958e-02
4.696705995593219995e-02
4.930005135975079611e-02
5.346089290105737746e-02
5.870178661280078813e-02
6.340996056678704917e-02
6.523665691202040762e-02
6.145825337443966419e-02
4.952501162551925518e-02
2.769978959986474365e-02
5.617174091457854956e-02
5.617602087295381352e-02
5.559991926565999165e-02
5.482379231398226693e-02
5.402068237162893638e-02
5.319806045736186206e-02
5.227005515916971490e-02
5.114219740789849311e-02
4.978604770440142602e-02
4.828212384018115699e-02
4.681716163759119809e-02
4.563480475917458534e-02
4.495403700275346637e-02
4.488241112267132849e-02
4.535659571411088109e-02
4.613790813891682774e-02
4.687514749821275473e-02
4.722467513056471944e-02
4.699474218068644404e-02
4.626522578473668545e-02
4.543181158078368753e-02
4.513827608025167137e-02
4.608998945332132280e-02
4.877909003698732704e-02
5.318655578594189137e-02
5.854761478985892609e-02
6.326636450830847025e-02
6.504028555355034769e-02
6.120967564493184909e-02
4.929103310860227793e-02
2.760106348796398379e-02
5.839733032917138189e-02
5.848732817685231566e-02
5.769712902110768482e-02
5.642526866722619161e-02
5.493266694975318387e-02
5.335137210204266012e-02
5.171951300872024149e-02
5.003394954837858677e-02
4.830564763688016683e-02
4.660009899816941470e-02
4.504802619339898229e-02
4.382034056470729411e-02
4.307376059296075255e-02
4.288573554367758334e-02
4.320474166888743639e-02
4.384090003441087902e-02
4.451102150778751820e-02
4.493370738055091351e-02
4.494939166761469096e-02
4.462425585370510817e-02
4.429241664183791727e-02
4.450145103328395635e-02
4.585142448195256293e-02
4.875133133464260027e-02
5.314991367777111009e-02
5.831950098945526406e-02
6.277351572498446330e-02
6.437699125672224909e-02
6.066791676857974380e-02
4.935457580722868443e-02
2.890338401630287990e-02
6.133347695140400901e-02
6.145748648123117164e-02
6.032366202271077782e-02
5.840485126100247726e-02
5.609496821853099391e-02
5.367932457011193037e-02
5.133031355217099190e-02
4.912954439350869507e-02
4.710856961901299655e-02
4.529328740318305790e-02
4.373500237124972045e-02
4.251547035528346896e-02
4.172318258497398347e-02
4.141045190044678748e-02
4.155090793210547417e-02
4.202036697824951261e-02
4.261823766864836216e-02
4.313233113498426974e-02
4.343135612725745887e-02
4.355285780911799520e-02
4.374674885184504092e-02
4.444047648576088250e-02
4.611179644416552037e-02
4.908478479774203151e-02
5.329579256795113906e-02
5.809848014177987352e-02
6.218222107418114319e-02
6.366166770749259740e-02
6.035887484904378653e-02
5.025094636221183464e-02
3.200780199404107407e-02
6.468349749047774822e-02
6.482674073777161539e-02
6.331883506209123880e-02
6.072999025491299108e-02
5.760148145782295614e-02
5.437709583929972723e-02
5.136073744506575167e-02
4.871043912135064602e-02
4.646740459429565817e-02
4.460727986588608474e-02
4.309382068458944559e-02
4.191528965020552278e-02
4.109158112260047346e-02
4.065266813267953694e-02
4.060182702960446477e-02
4.088502882223110646e-02
4.138714367581997067e-02
4.196548159234225750e-02
4.251459993247408420e-02
4.303911775059532374e-02
4.370038855995517224e-02
4.480379760207142681e-02
4.670803927001543343e-02
4.966315635829232633e-02
5.361317708593560383e-02
5.802239529293728992e-02
6.179286617407342419e-02
6.332926288450835273e-02
6.077636840200284496e-02
5.241063165158266202e-02
3.712144360906677321e-02
6.819868745515123010e-02
6.831937417882727459e-02
6.645726775604998693e-02
6.326845768489874899e-02
5.942285199853358790e-02
5.550146675523137674e-02
5.192065444134641439e-02
4.890160469221882522e-02
4.648946516681462526e-02
4.461116170568857342e-02
4.314956105372402817e-02
4.200806877634022385e-02
4.114536171255167574e-02
4.057279722474049777e-02
4.032242420362308621e-02
4.040557154803536832e-02
4.078587099502328783e-02
4.138422633695881814e-02
4.211854242021217942e-02
4.296322495792992413e-02
4.399956237466540188e-02
4.542441056401003152e-02
4.749420956068206578e-02
5.040273086342494935e-02
5.411807433847570792e-02
5.822831463592592627e-02
6.185684635420329869e-02
6.370191029418492690e-02
6.222925506881438196e-02
5.600755666091572493e-02
4.413313680197461508e-02
7.177063301060115919e-02
7.174271069379756227e-02
6.954021793353604153e-02
6.586360415531089529e-02
6.146296308725140989e-02
5.701057875558035448e-02
5.299982611177256331e-02
4.969519090082030743e-02
4.714259158936329186e-02
4.523099368088878691e-02
4.378143019857816398e-02
4.263290134258568287e-02
4.169841449765954167e-02
4.097727572661824524e-02
4.052692916593514383e-02
4.041297918593045324e-02
4.066360689466819167e-02
4.125147446757182479e-02
4.211316558939870447e-02
4.319806842249818146e-02
4.452233538904692978e-02
4.619602728052996099e-02
4.839691286906599998e-02
5.128226913802791387e-02
5.485527739801909775e-02
5.882694675528910011e-02
6.252873800258385018e-02
6.492869098292430863e-02
6.478307052020682022e-02
6.092036939662648365e-02
5.261400086601497605e-02
7.549158182519022375e-02
7.507165196875575930e-02
7.248869763861875981e-02
6.842552629677811638e-02
6.364286416646791622e-02
5.884001531376270577e-02
5.453906676120823249e-02
5.102176501532085240e-02
4.833200084976851940e-02
4.633702273713424802e-02
4.482334565545897931e-02
4.359445332374889404e-02
4.253960355708841234e-02
4.165549435128923506e-02
4.102068592328578234e-02
4.074003583809826523e-02
4.088661428249906749e-02
4.146780197334010154e-02
4.243070563825313002e-02
4.370386412483640015e-02
4.525440302677452564e-02
4.712953536363784224e-02
4.945343692088499665e-02
5.236552824499085546e-02
5.590985605522291735e-02
5.990962922805920243e-02
6.387712834839476272e-02
6.701006299408618361e-02
6.830857843306148425e-02
6.681548976484918967e-02
6.194421746113221161e-02
7.966003612818894908e-02
7.848891028697835281e-02
7.540484123455826193e-02
7.100323224585736170e-02
6.597703008446842432e-02
6.097998511540936306e-02
5.650814955151872709e-02
5.283075201441533864e-02
4.998598601378034800e-02
4.783716090605594218e-02
4.616661330510396510e-02
4.477457504253834486e-02
4.355112722259946167e-02
4.250099344062618911e-02
4.171899759967345744e-02
4.133209501742385328e-02
4.143543417740147561e-02
4.205064004054293036e-02
4.312410981219727546e-02
4.456534836208447814e-02
4.630692426871974021e-02
4.835583954991307110e-02
5.080611322046024725e-02
5.379532671213382855e-02
5.741008026234339923e-02
6.156940790242515504e-02
6.593237700144527480e-02
6.987919434322975576e-02
7.260114795644767582e-02
7.330602504225680605e-02
7.150969242502469569e-02
8.472057623293949291e-02
8.236115548788802698e-02
7.857577985851094127e-02
7.380833000206621364e-02
6.861022530938498676e-02
6.352036830503493547e-02
5.895572788722347468e-02
5.514342538663186133e-02
5.211121380853001028e-02
4.973431321559473872e-02
4.781888329307548702e-02
4.619183381146285683e-02
4.476662359957117587e-02
4.356510339130181819e-02
4.269247557385824621e-02
4.227999395516235381e-02
4.242161750153172761e-02
4.313222951896023005e-02
4.434549610596150160e-02
4.595246291137300432e-02
4.786383322789333761e-02
5.006671696173725650e-02
5.264566936239134520e-02
5.574944064574083313e-02
5.950586135440971702e-02
6.391067750519141555e-02
6.873354670824483037e-02
7.348867806285852566e-02
7.750552600191440433e-02
8.010848590492969379e-02
8.088058354405802675e-02
9.114347952345269732e-02
8.714823526315740310e-02
8.241057761188130826e-02
7.717593159031821415e-02
7.179736408579628915e-02
6.664392769744154066e-02
6.201040415908209980e-02
5.805697694449918345e-02
5.479594096686923876e-02
5.212596271303482354e-02
4.989826064411317930e-02
4.798893787665292621e-02
4.635094979312270880e-02
4.502806291566230357e-02
4.412828477506991476e-02
4.377010176540352404e-02
4.402545391349121928e-02
4.488461054279468954e-02
4.625923748244531453e-02
4.802408588875550777e-02
5.008071125485002995e-02
5.241517283866414800e-02
5.512069699761923403e-02
5.836725347762694582e-02
6.231990802916698158e-02
6.703017548716161400e-02
7.234140965010738000e-02
7.785375382809434086e-02
8.298310835380107164e-02
8.712378232667106204e-02
8.989229437793255784e-02
9.926785850620944984e-02
9.326297028383123688e-02
8.732191489252727479e-02
8.146955644770059735e-02
7.582948006893275306e-02
7.056858632131479681e-02
6.583306953689316288e-02
6.170039148128125817e-02
5.816363447229377925e-02
5.515122117503779009e-02
5.257127836375730112e-02
5.036085581377847120e-02
4.851903291273629293e-02
4.711002277326770127e-02
4.623499193985480815e-02
4.598459766566520557e-02
4.639298764959676191e-02
4.741448844288242981e-02
4.893585826357593760e-02
5.082253597356611863e-02
5.298213874630164355e-02
5.541856525087496266e-02
5.824994951399276033e-02
6.167452632507774979e-02
6.588741968880640343e-02
7.097234801767626777e-02
7.680777971836505458e-02
8.303091868583578616e-02
8.909210852289106697e-02
9.440855921639013104e-02
9.859576659437152557e-02
1.091472089065064210e-01
1.009174329556117300e-01
9.358439720381284133e-02
8.695769642872619443e-02
8.092988216230878606e-02
7.546046328934608027e-02
7.054140719264978543e-02
6.616386298992438242e-02
6.230111228069290519e-02
5.891306117700878531e-02
5.596683705516625196e-02
5.346050135995028540e-02
5.143541126017225906e-02
4.996793036116287112e-02
4.914082065079128370e-02
4.900483830715529621e-02
4.954734268540050834e-02
5.068415053392527625e-02
5.228294760308926925e-02
5.421386486705159768e-02
5.641002300399122760e-02
5.891321602393873036e-02
6.188121928425971419e-02
6.554425983631517738e-02
7.011620810953900218e-02
7.568529623677022755e-02
8.212288153299596161e-02
8.905126572790322825e-02
9.590043870775843970e-02
1.020606242018402554e-01
1.071085131734434981e-01
1.204433327293372713e-01
1.100021747151913587e-01
1.012141590726969298e-01
9.370368820964358747e-02
8.715888935694238171e-02
8.135344045876991004e-02
7.614091603318229318e-02
7.143617095425724983e-02
6.719708897435339168e-02
6.341414643975440413e-02
6.010765797691419721e-02
5.732667320990003645e-02
5.514180312457028776e-02
5.362740779673913494e-02
5.283507374406326562e-02
5.276706638687755913e-02
5.336209302186034620e-02
5.450390573241747916e-02
5.605587850732263178e-02
5.791397360735572875e-02
6.006052681914297864e-02
6.259635330934543163e-02
6.573183316504582763e-02
6.972911732009379193e-02
7.480463332467479631e-02
8.101830172745394520e-02
8.818724966113222763e-02
9.586242147270240821e-02
1.033944542141398415e-01
1.100925935497798491e-01
1.154528465413022786e-01
1.324097292308579199e-01
1.200429350974445697e-01
1.099147230597736780e-01
1.015122446005989332e-01
9.436788596940459684e-02
8.811328930823947303e-02
8.249832475848961622e-02
7.738463048735866323e-02
7.272540913254488260e-02
6.854091345303459093e-02
6.489449957734905183e-02
6.186982239159988239e-02
5.954780786851188168e-02
5.798315653373720124e-02
5.718345382774714381e-02
5.709729921363759786e-02
5.761887031985679641e-02
5.861339913826668635e-02
5.996131394203985110e-02
6.161033982061780989e-02
6.361793856922304258e-02
6.616456477058818564e-02
6.952339228882919997e-02
7.398417915828758851e-02
7.974486559760407545e-02
8.679947165728663094e-02
9.485951305032358505e-02
1.033444409513322171e-01
1.114633326433249749e-01
1.183875658316537738e-01
1.234879662370076403e-01
1.439877157226874260e-01
1.302634098319686018e-01
1.191199545282870531e-01
1.099634347010578495e-01
1.022319197873002850e-01
9.547325026505859569e-02
8.938180730547173880e-02
8.379976196738425642e-02
7.869319329620338976e-02
7.411439729912672192e-02
7.015981207950972021e-02
6.693003042164491490e-02
6.449605883972253650e-02
6.287509795947698876e-02
6.201935443095862865e-02
6.182151056418661028e-02
6.213902575109386817e-02
6.283560068550286815e-02
6.383232466032495722e-02
6.515498782391659915e-02
6.696042502153431997e-02
6.952597248528036289e-02
7.319341127731604502e-02
7.827126404299633577e-02
8.491404168671579100e-02
9.300951019031344913e-02
1.021107087253767531e-01
1.114450952045444865e-01
1.200183778673817869e-01
1.268079684869007906e-01
1.310159795448271325e-01
1.540107050932419952e-01
1.397554089326149551e-01
1.281389489558932837e-01
1.185404004863812588e-01
1.103669852200255264e-01
1.031459546356927603e-01
9.657095637521706522e-02
9.050534099515061826e-02
8.495204866630956531e-02
8.000326951150782406e-02
7.578332467528525740e-02
7.239625744477962144e-02
6.988678363268263638e-02
6.822039276084979065e-02
6.728575266242842190e-02
6.691973964552744292e-02
6.695184484124183655e-02
6.726025006355484948e-02
6.782717422174755484e-02
6.877765112221823074e-02
7.038562171146622859e-02
7.303558836792944930e-02
7.713743896238156594e-02
8.300496973606641404e-02
9.072204376207082532e-02
1.000301917374599725e-01
1.102739335801743437e-01
1.204329325155413244e-01
1.292534978292678716e-01
1.354690391544863814e-01
1.380751259530370589e-01
1.614808902759250486e-01
1.477259135863278061e-01
1.363763901372294640e-01
1.268270826276420848e-01
1.185097672623669496e-01
1.109898727045219857e-01
1.040142006859241519e-01
9.751031023552059196e-02
9.154710188158787787e-02
8.627171585976611823e-02
8.183971770631615072e-02
7.835421417985344306e-02
7.582599717352422886e-02
7.416206265770597383e-02
7.318456286157015711e-02
7.267682869496638887e-02
7.244774397258879617e-02
7.240097502653952688e-02
7.259215330850565806e-02
7.325632612628396600e-02
7.479101098942919634e-02
7.768762757041258737e-02
8.241540774906752631e-02
8.927515535106067546e-02
9.825229367925203405e-02
1.089058273355476558e-01
1.203291304063895950e-01
1.312083641914796317e-01
1.399858716031303629e-01
1.451124954710394377e-01
1.453497344009520020e-01
1.658568676411960041e-01
1.537632841082086088e-01
1.435744689697457943e-01
1.347256187000311911e-01
1.267124979221989634e-01
1.191851626608695369e-01
1.119899438617721898e-01
1.051594719829154201e-01
9.886078898489358835e-02
9.331866536376764998e-02
8.873422487522475421e-02
8.521792561805341393e-02
8.275159807453746907e-02
8.118766518964548595e-02
8.028601348632946610e-02
7.978127797105116770e-02
7.946650800658972003e-02
7.927426341484533623e-02
7.933417816457222216e-02
7.998782723734620959e-02
8.174792368663474917e-02
8.519920881008147262e-02
9.085157303343294188e-02
9.896951998416625429e-02
1.094128219301637728e-01
1.215278396139183315e-01
1.341251239500707015e-01
1.455659451839892427e-01
1.539600067408173345e-01
1.574526097356283572e-01
1.545572268396426807e-01
1.672788001005756087e-01
1.580509538134720060e-01
1.500077667533332715e-01
1.426285880042996723e-01
1.354920266330736922e-01
1.283616651853662916e-01
1.212172635387105402e-01
1.142312590181973064e-01
1.077016040053422330e-01
1.019601308307755971e-01
9.727937463867419865e-02
9.379977987919119187e-02
9.149400761816650629e-02
9.017680150282103568e-02
8.955910512304399163e-02
8.933542567683616653e-02
8.928543485308182426e-02
8.936586741037899628e-02
8.976808784063905478e-02
9.092091327875095885e-02
9.342738474515499547e-02
9.793717559659853578e-02
1.049712085678038420e-01
1.147289049458777299e-01
1.269180180079274578e-01
1.406492657279159175e-01
1.544312012574664550e-01
1.662850933116715169e-01
1.739773180315751233e-01
1.753421107532631140e-01
1.686457613905076869e-01
9.158767708868253976e-02
1.075183035609370563e-01
1.130122510585351847e-01
1.102145176482736133e-01
1.016048531564592849e-01
8.965434921810810920e-02
7.653513816148915794e-02
6.392349795714835636e-02
5.291573338581656571e-02
4.405302452505566180e-02
3.743106952424568590e-02
3.285705018606677186e-02
3.001252248213859275e-02
2.858625962107907981e-02
2.835365249120513909e-02
2.919533928434248082e-02
3.106326255874591880e-02
3.391395497055782471e-02
3.763456718115776312e-02
4.198665930925926659e-02
4.658723259308317211e-02
5.093779756316507701e-02
5.450258313430822454e-02
5.682792018524196465e-02
5.768738208098511677e-02
5.723182529436598998e-02
5.612017091516463552e-02
5.560578588847420178e-02
5.755508374113560421e-02
6.438006866756040836e-02
7.887541953186882893e-02
7.711230518179945648e-02
8.505118914763443172e-02
8.597352109791245311e-02
8.227803016416146420e-02
7.625122762146929745e-02
6.977943510719342157e-02
6.416821958373475354e-02
6.008957562880823389e-02
5.765061814599903300e-02
5.655365954225999303e-02
5.630163536625332199e-02
5.639819673888268881e-02
5.649885125603759661e-02
5.648588470648974180e-02
5.646085137050249614e-02
5.666874291273416020e-02
5.738274392570019700e-02
5.878477916849078611e-02
6.087440954797784798e-02
6.342889303778065369e-02
6.602381741686258465e-02
6.811040640241117217e-02
6.913543062182725407e-02
6.868405359091411810e-02
6.662476613200851716e-02
6.323732976306928322e-02
5.930756668567482848e-02
5.617548262125637848e-02
5.572524401031841990e-02
6.030765258765313774e-02
7.258939590883528581e-02
6.841397022617456969e-02
7.085342671962280292e-02
6.863887155668635387e-02
6.426065889536403120e-02
5.978398826846387237e-02
5.661866583977825940e-02
5.543146270065335557e-02
5.620410125266062096e-02
5.841049629088956863e-02
6.126414722166373394e-02
6.397563488280866295e-02
6.596322914992924780e-02
6.697544629423646256e-02
6.710860067687463015e-02
6.672866124426946044e-02
6.632848029767046683e-02
6.636369477564585395e-02
6.711111781260115094e-02
6.858331800322048366e-02
7.051611186761874706e-02
7.242712704464793205e-02
7.372842143013258465e-02
7.386778285945183598e-02
7.247253926834673621e-02
6.947500113165006042e-02
6.520672161786933430e-02
6.045610327237227466e-02
5.648795733213773929e-02
5.502371495094848797e-02
5.817842133546946570e-02
6.834804222125967499e-02
6.363849143235711381e-02
6.270047502403031103e-02
5.862817863453528844e-02
5.386581170751014724e-02
5.024268217312055640e-02
4.879912860269541852e-02
4.977207577030640095e-02
5.272935514949494973e-02
5.681231195922009647e-02
6.102615639974828809e-02
6.451159539938089438e-02
6.674065917832194827e-02
6.760164894876652397e-02
6.736699527027667500e-02
6.656608887351467274e-02
6.580581990056089126e-02
6.558986801610444672e-02
6.618257636728230864e-02
6.754703218030044809e-02
6.936513445180025883e-02
7.112651814895798452e-02
7.225881977865356021e-02
7.226712879855767824e-02
7.085541661945171654e-02
6.801418147006188519e-02
6.407160598246264271e-02
5.971531323666567914e-02
5.599505869213317055e-02
5.431287481587787624e-02
5.639849606268398929e-02
6.425848797698563430e-02
6.119364160804252606e-02
5.853279971051961184e-02
5.365631396853132173e-02
4.884999495334341191e-02
4.569909714700770564e-02
4.496625395040609874e-02
4.663029578296118416e-02
5.006495455745607615e-02
5.430879905543406494e-02
5.836138623999431729e-02
6.143938011518912390e-02
6.314043161546578631e-02
6.348822759900940582e-02
6.286261146306060255e-02
6.184620790736516938e-02
6.103657772473525256e-02
6.087657076568575576e-02
6.154511314525734633e-02
6.293002006714232266e-02
6.468012081313645467e-02
6.631325983471469954e-02
6.734533767303219065e-02
6.740601495039300062e-02
6.631771335014491342e-02
6.413146011618664488e-02
6.112967619992559776e-02
5.781629725606762804e-02
5.491513850938645191e-02
5.338811621186323464e-02
5.446927168668480590e-02
5.969420691144478042e-02
5.989673937801853754e-02
5.666908366401912645e-02
5.177065831958316267e-02
4.724308464574278332e-02
4.442218062467873096e-02
4.386216551574761979e-02
4.540965498745208606e-02
4.840000373951625079e-02
5.192445212014717981e-02
5.510438021156005561e-02
5.731175258551957086e-02
5.829184743924997747e-02
5.817120287247234955e-02
5.736336431436939165e-02
5.640969180240062997e-02
5.580579069646773860e-02
5.586291431245626882e-02
5.663895059115020558e-02
5.795024981489405036e-02
5.945085511484649032e-02
6.074719173921039328e-02
6.150930299190804362e-02
6.154595679981866851e-02
6.082776125185773708e-02
5.946382609545253217e-02
5.765605197666445747e-02
5.566433376952772960e-02
5.381236590255866759e-02
5.254812131170183420e-02
5.255015905277105048e-02
5.484803249055403285e-02
5.901623261161148548e-02
5.590995781312813051e-02
5.148606872171512805e-02
4.748395392743987031e-02
4.498769516067113727e-02
4.438988603214966133e-02
4.548572115163551643e-02
4.766684217611327767e-02
5.016476445598527789e-02
5.228576272202190012e-02
5.358495426480658352e-02
5.394569384952774271e-02
5.355652999423909932e-02
5.280498543288558722e-02
5.212799899163655937e-02
5.186741598299704492e-02
5.217326505226083100e-02
5.297966999205527827e-02
5.405372672248631716e-02
5.509422415343578905e-02
5.584198211727198213e-02
5.616173527960199863e-02
5.606734086177311838e-02
5.568400546326301992e-02
5.516591409832471982e-02
5.460692804626887664e-02
5.398903814057121053e-02
5.320492858299985528e-02
5.216894348632195033e-02
5.100102127471473068e-02
5.023950289250933565e-02
5.822485905082430691e-02
5.554110310185933486e-02
5.182123845952446572e-02
4.847351869830163196e-02
4.633449712855508551e-02
4.566510795848444104e-02
4.625303425564197823e-02
4.759064264362677932e-02
4.908277312642894685e-02
5.023442069068551064e-02
5.077621773671125993e-02
5.070394566428149119e-02
5.023236312990775332e-02
4.968699812161503360e-02
4.937360922485822812e-02
4.946911882143467665e-02
4.996863059932366014e-02
5.070334485208149999e-02
5.141980711778160185e-02
5.188963305408833548e-02
5.200766718917293474e-02
5.183945991302607581e-02
5.159574694698676467e-02
5.153741133108269423e-02
5.184124579682247713e-02
5.247590786893852055e-02
5.314187648036750033e-02
5.331624635437037796e-02
5.241537596884882078e-02
5.005284127037157305e-02
4.633681064660777338e-02
5.749569168256130069e-02
5.526026542429463007e-02
5.225488542055245489e-02
4.955751234956551343e-02
4.777259184629656374e-02
4.705130450020078570e-02
4.719320831645745784e-02
4.780067169485846534e-02
4.844679588131839409e-02
4.881606931303394958e-02
4.878572895540855825e-02
4.843290242570219561e-02
4.797376867645652965e-02
4.766038861998822540e-02
4.767275023914407939e-02
4.804412214434705675e-02
4.864630264637526125e-02
4.924089253472629935e-02
4.957938804000150412e-02
4.951612486183876172e-02
4.909044958913000301e-02
4.854134044580860063e-02
4.823804694024147466e-02
4.853866462508449331e-02
4.961649456527084112e-02
5.131235357839614153e-02
5.307300092681543902e-02
5.401908453495707363e-02
5.315366529248422012e-02
4.968244242991204374e-02
4.338002190706902184e-02
5.697628900088602677e-02
5.506003969640005380e-02
5.262803343794075772e-02
5.045715237793046981e-02
4.895009628671687096e-02
4.817088286654325202e-02
4.793874685856280848e-02
4.795579808705952018e-02
4.793650274950778112e-02
4.770726183778606355e-02
4.725274750671815127e-02
4.670068928680848330e-02
4.625470137398224324e-02
4.610051326744724065e-02
4.631962394341826439e-02
4.684270451252814382e-02
4.746266301663126796e-02
4.790730752574745566e-02
4.794978976133279502e-02
4.751861297700088471e-02
4.676394298439845443e-02
4.604627148364670575e-02
4.583575838478282094e-02
4.654008653596974909e-02
4.830672635580413043e-02
5.086305610893759876e-02
5.345798609050689265e-02
5.494954576715826988e-02
5.404771177563816309e-02
4.967908312028157525e-02
4.140108963838429190e-02
5.687141996168065816e-02
5.509769576019607484e-02
5.302019433293025941e-02
5.116796612855978310e-02
4.978805506107164547e-02
4.888659479183843359e-02
4.830912812758469954e-02
4.784087195730535313e-02
4.730260913493111730e-02
4.661846332601271570e-02
4.583877268305514008e-02
4.511357804585713893e-02
4.462691507069393992e-02
4.451490237261168659e-02
4.479730584716890007e-02
4.534979964955709875e-02
4.593228643352631480e-02
4.627005349902901798e-02
4.616466297011356801e-02
4.559685381536837667e-02
4.478007057332433760e-02
4.413333500269800425e-02
4.416468651470495388e-02
4.528572150593390688e-02
4.760537934635067359e-02
5.076802454277640209e-02
5.390037890902021900e-02
5.571178243553731591e-02
5.475612567533971742e-02
4.982003626355435699e-02
4.036200118207489140e-02
5.735472103697247803e-02
5.557723007223103195e-02
5.362422743201022968e-02
5.184659286169335246e-02
5.039428482996299863e-02
4.925310474936850369e-02
4.830627157207345590e-02
4.740793410746846348e-02
4.645171031006611884e-02
4.541699915716890246e-02
4.438041227695066482e-02
4.348878593009430915e-02
4.290192529151681811e-02
4.272396407031919807e-02
4.294822206429671496e-02
4.343875659105833620e-02
4.396171371627133340e-02
4.426318290643393993e-02
4.417226840450894088e-02
4.369453938852529973e-02
4.305739951087161899e-02
4.267819135566242039e-02
4.304702782246749848e-02
4.454433295904891565e-02
4.723982079303823411e-02
5.073631306731840596e-02
5.412170746421907097e-02
5.607308843900682405e-02
5.512156346230767667e-02
5.004312728124205023e-02
4.030083568068221211e-02
5.851821272517554462e-02
5.666030880820471793e-02
5.463923159550176933e-02
5.270345226017525420e-02
5.096975492779165506e-02
4.944630874524591491e-02
4.807096460717730224e-02
4.675902330200187862e-02
4.545049008447676897e-02
4.414453281788155437e-02
4.291027413273695856e-02
4.186879574263002723e-02
4.115023827762342989e-02
4.083940965938381851e-02
4.092983918963000178e-02
4.130650724982842803e-02
4.177021647046785802e-02
4.210284924192819744e-02
4.215656945598311722e-02
4.193683147605042905e-02
4.164431628305464983e-02
4.164798585406970233e-02
4.238006098603364080e-02
4.416956934437621385e-02
4.705676432786276564e-02
5.064762158872326836e-02
5.406894789484795183e-02
5.606744471879210323e-02
5.526285637461114675e-02
5.052363474533194676e-02
4.139416733232792467e-02
6.035912748484406620e-02
5.841445982514414936e-02
5.619472897524246946e-02
5.391633807448670268e-02
5.172245134599506855e-02
4.968470431049354374e-02
4.781472947797738016e-02
4.608722140255849808e-02
4.447091995098162442e-02
4.295882396399974823e-02
4.158671888581011444e-02
4.043136324617080390e-02
3.958637919276952744e-02
3.912290351581759751e-02
3.904999469523318112e-02
3.929297935974318534e-02
3.970408800523728132e-02
4.010904971801210195e-02
4.037875041831284761e-02
4.050166350498329848e-02
4.062606177467387170e-02
4.104494205967057496e-02
4.211181109712924808e-02
4.409869376104325056e-02
4.703217650239821523e-02
5.056085276009980589e-02
5.391100456472486258e-02
5.597331401804694906e-02
5.553330455586547032e-02
5.161893265903927386e-02
4.390040055295685306e-02
6.279750647081527859e-02
6.080005090188933536e-02
5.831342893361579627e-02
5.557619690080173314e-02
5.280301973834866658e-02
5.016019080358091742e-02
4.774861568876076490e-02
4.560340684838593006e-02
4.371222123154439032e-02
4.204623906116466969e-02
4.059160251927096397e-02
3.936803973920177668e-02
3.842605964746326208e-02
3.782309516100212932e-02
3.758880727400537580e-02
3.769626247230917215e-02
3.805563044443260878e-02
3.853940880799200386e-02
3.903512480610515922e-02
3.950754035031422973e-02
4.004327193251810968e-02
4.085106901766266674e-02
4.220248103956691921e-02
4.431797195866238326e-02
4.722687148023396730e-02
5.064791470795171335e-02
5.394319225160870701e-02
5.618785451224539429e-02
5.637152249983046204e-02
5.371080309851095080e-02
4.801523146306863055e-02
6.571520287252496928e-02
6.369229368283413351e-02
6.091393975657410920e-02
5.767118321818998083e-02
5.427283234166679904e-02
5.099371515098027885e-02
4.802975116763263941e-02
4.547591628215741366e-02
4.333433824649546295e-02
4.154833932989276946e-02
4.004853346850723028e-02
3.879283845890313387e-02
3.778518897888716310e-02
3.706687672820407897e-02
3.668627643492072821e-02
3.666251683898735791e-02
3.696221573045477271e-02
3.750367085740435869e-02
3.819121597916819155e-02
3.896788123529404402e-02
3.986298080417327583e-02
4.100801931053865701e-02
4.260210826760157943e-02
4.482565468060784042e-02
4.772330116247758269e-02
5.109633025131188333e-02
5.445342480379622430e-02
5.706179192202398553e-02
5.811795838963007554e-02
5.702379599097184837e-02
5.371755168744130060e-02
6.900579242937965319e-02
6.692991673480719328e-02
6.384851115581113845e-02
6.010830479499418288e-02
5.610842673195293173e-02
5.222444533137604594e-02
4.873898717050906271e-02
4.580096245626918972e-02
4.342499053745996207e-02
4.152845666976645589e-02
3.999078457127325237e-02
3.871252943645231426e-02
3.765333161572925746e-02
3.683699922112282366e-02
3.632556741649750620e-02
3.617682369076646864e-02
3.640651010209694505e-02
3.697428129089530557e-02
3.780199731409084052e-02
3.881790317245759070e-02
4.000661245663650334e-02
4.143848767853341997e-02
4.325654872809536755e-02
4.561412993643898517e-02
4.857769780210219324e-02
5.202919725707033649e-02
5.561325178132392466e-02
5.877088751731207594e-02
6.088207757420605049e-02
6.150826223165495321e-02
6.069143692729994655e-02
7.262403942149830982e-02
7.037774083437398076e-02
6.696428424766054377e-02
6.276412593433633447e-02
5.823756234167376533e-02
5.383146762324031442e-02
4.989170486805960536e-02
4.660777708340901881e-02
4.400480467302259058e-02
4.198181140236556530e-02
4.038007743656635284e-02
3.905620459408964962e-02
3.793469123775139451e-02
3.702394249557983130e-02
3.639438521349802613e-02
3.613209931063465774e-02
3.629050623567309231e-02
3.686260338872671127e-02
3.778679393872153014e-02
3.898412469425238669e-02
4.040958810946904123e-02
4.209146159701049328e-02
4.413462171214632690e-02
4.667680386046413332e-02
4.980701228487305343e-02
5.347569959121756256e-02
5.743898663058644161e-02
6.127812819613609463e-02
6.451877298968611285e-02
6.684566859621554613e-02
6.837505125440657139e-02
7.662259662174619734e-02
7.398653888958506286e-02
7.017058927158359438e-02
6.554853429406648502e-02
6.059350289433496073e-02
5.577721382724121213e-02
5.147263311664573848e-02
4.788939072750508785e-02
4.505957345827482641e-02
4.287445696536451578e-02
4.115613928297534585e-02
3.973751030571293086e-02
3.852304544125217944e-02
3.751168794406112283e-02
3.677824644546490163e-02
3.642559060244821012e-02
3.653058869531378150e-02
3.710809073527343571e-02
3.810876107309013605e-02
3.945142049633432180e-02
4.107463679974898696e-02
4.298213758738711476e-02
4.525683175597805530e-02
4.802970960736274719e-02
5.140924574516247958e-02
5.539741016400512308e-02
5.983208668476436287e-02
6.439637792209396139e-02
6.872066910000285134e-02
7.257621469761943445e-02
7.612671395327197388e-02
8.116353083460126072e-02
7.783182783896336332e-02
7.349151142989285290e-02
6.846087998565053567e-02
6.316825973772211000e-02
5.805499081179732457e-02
5.347795404668431729e-02
4.964183348056394607e-02
4.658020997885614634e-02
4.418769765470642596e-02
4.228842598968185484e-02
4.071497706172522157e-02
3.937012059031985700e-02
3.825177645194344223e-02
3.743641274922993034e-02
3.703206840145867318e-02
3.712335135787725449e-02
3.773288887168746442e-02
3.881597296276595443e-02
4.029042238835245371e-02
4.208776843734085560e-02
4.420115449465811253e-02
4.670463563525117934e-02
4.972901630389969796e-02
5.339790479047223926e-02
5.774780492356512696e-02
6.267009038128890097e-02
6.791432161844568327e-02
7.317908093682490289e-02
7.829081066302023828e-02
8.343991396395722404e-02
8.649492544645909220e-02
8.211562590440735221e-02
7.708446029573678970e-02
7.161814931896515191e-02
6.604479572706623003e-02
6.072152887645643204e-02
5.594636288878973573e-02
5.189342086669057608e-02
4.859104195202235132e-02
4.594662641466129571e-02
4.380593592941295356e-02
4.202341780182905495e-02
4.051781995804049075e-02
3.929444585810415447e-02
3.842909004015382379e-02
3.802378990803845227e-02
3.815526473044883460e-02
3.883917642815504223e-02
4.002616378420498222e-02
4.163166791840922087e-02
4.358632581715937704e-02
4.588332545245066285e-02
4.859826265601441264e-02
5.186693603900494054e-02
5.582428018533391878e-02
6.052706706395838410e-02
6.589668988453922793e-02
7.172014784737257287e-02
7.773476433794712648e-02
8.379757251532282680e-02
9.011018396267900243e-02
9.288966278109000996e-02
8.712307383393635973e-02
8.121313625451875851e-02
7.524160559842130169e-02
6.939390984916826710e-02
6.390040273254271597e-02
5.896552128251641989e-02
5.471132092498010024e-02
5.115433497849153355e-02
4.822121656616218388e-02
4.579408426070585847e-02
4.376610378676559776e-02
4.208520290558226407e-02
4.076969425659626722e-02
3.989156476745847613e-02
3.953656683734152466e-02
3.975977777736261487e-02
4.055712300760205835e-02
4.186660217237658799e-02
4.360007029026746750e-02
4.569245527090970427e-02
4.814597930817399174e-02
5.104660252982284874e-02
5.453963483159895986e-02
5.876843466103309765e-02
6.379853314138017595e-02
6.956227419141214341e-02
7.586042510956758633e-02
8.244484585156897083e-02
8.918252847433905117e-02
9.627241769339889288e-02
1.005544071449548937e-01
9.313861909322440624e-02
8.617646451602922752e-02
7.960086665116250515e-02
7.343294442398473620e-02
6.775257304980186746e-02
6.265022503794170916e-02
5.818264962726971135e-02
5.434999689896358177e-02
5.110127611987991259e-02
4.836281241296092048e-02
4.607518151169642806e-02
4.422136880748439580e-02
4.283341199334245175e-02
4.197461676085367799e-02
4.170549598347861320e-02
4.204931003914680332e-02
4.297410721483174711e-02
4.440171632450073957e-02
4.624255073576932773e-02
4.844284606951987371e-02
5.102327976055676118e-02
5.408857091970276088e-02
5.779746359621640295e-02
6.229870029346784577e-02
6.765568289119983092e-02
7.379388023400679231e-02
8.050548446772154421e-02
8.753330259787617251e-02
9.473274747870163992e-02
1.022832021881185938e-01
1.095293008074804675e-01
1.003412940517591778e-01
9.221067408725502901e-02
8.492965305049438030e-02
7.835772999533219263e-02
7.242334115289850160e-02
6.710053326241904870e-02
6.237860672990791500e-02
5.824046771158464253e-02
5.465783672116231173e-02
5.160186784632969648e-02
4.906011358980322257e-02
4.704801797197433189e-02
4.560622244753176346e-02
4.478236797149293125e-02
4.460447123710764572e-02
4.505853438604390249e-02
4.608302458655089140e-02
4.758674387994688004e-02
4.948647964920382947e-02
5.175068536482285708e-02
5.442980341467773542e-02
5.765581312152789906e-02
6.160363184608286247e-02
6.642237182677490637e-02
7.215995988372014835e-02
7.871427007921738550e-02
8.584305411204695702e-02
9.325201359388302080e-02
1.007578234821266960e-01
1.084966789967438672e-01
1.196086377494793851e-01
1.087106239974673372e-01
9.939480039247428067e-02
9.134063950477866456e-02
8.427175082761095837e-02
7.798650002951035276e-02
7.235833747108699754e-02
6.731902188039384782e-02
6.283839907700894400e-02
5.890993270440958440e-02
5.554434713849332184e-02
5.276771544595248997e-02
5.061766011931467801e-02
4.913296554150292650e-02
4.833679407602176070e-02
4.821928912861039862e-02
4.872867171798134223e-02
4.977885259722825140e-02
5.127584888396086171e-02
5.315680613421136513e-02
5.542763892299262807e-02
5.818194289895473048e-02
6.158728190348483622e-02
6.583533293451182544e-02
7.106680081051308662e-02
7.729574642144143581e-02
8.436560663176351227e-02
9.196675152634270489e-02
9.973187984360265546e-02
1.074034862322150730e-01
1.150428371511225123e-01
1.303150053499848582e-01
1.179787594919616822e-01
1.075951737839204725e-01
9.877278015483170748e-02
9.114252866129390895e-02
8.441203523398144171e-02
7.838550756423501298e-02
7.295813360542524606e-02
6.809659214923158288e-02
6.381578024593181908e-02
6.015759369620354846e-02
5.717308293242240325e-02
5.490667882259003818e-02
5.338135872443672270e-02
5.258605549897765741e-02
5.246946113038575277e-02
5.294552567647770047e-02
5.391392329329391941e-02
5.529353527526836842e-02
5.706034094328060746e-02
5.927579708804842085e-02
6.209084481815807521e-02
6.571569819061551243e-02
7.035623339470475912e-02
7.613120907626580447e-02
8.299632599664619192e-02
9.070656738913385198e-02
9.884405185948708095e-02
1.069243207384715788e-01
1.145723250192531850e-01
1.217359528818633407e-01
1.409509994664404076e-01
1.276570763038762379e-01
1.164783603999239858e-01
1.069995634825318120e-01
9.881125316678662784e-02
9.158031376136932522e-02
8.508341373089933768e-02
7.920858792567742057e-02
7.393492139817681164e-02
6.930124308564700186e-02
6.537271245178999379e-02
6.221094965439988300e-02
5.985066134599037468e-02
5.828448828106047586e-02
5.745787316118367016e-02
5.727606769505655393e-02
5.762458990648156032e-02
5.840166152484016493e-02
5.955664537032134831e-02
6.112377654062584043e-02
6.323777611396508291e-02
6.611940961010986939e-02
7.002566937444498762e-02
7.517012802418321371e-02
8.163133605194161646e-02
8.927683639922179282e-02
9.773344187487964518e-02
1.064283074410923291e-01
1.147100987654994242e-01
1.220381809907848947e-01
1.282056482850748580e-01
1.507338203537074151e-01
1.371468616671336349e-01
1.256043918001523707e-01
1.157105554339068476e-01
1.070672741625458002e-01
9.935283010418061167e-02
9.236194680852349848e-02
8.600972683416330256e-02
8.030825373134575784e-02
7.532757888111518696e-02
7.115258363046450540e-02
6.784495383180910721e-02
6.541660696530016139e-02
6.381830720783909783e-02
6.294511834857985377e-02
6.265837897080928087e-02
6.282139218092197552e-02
6.334274604887468740e-02
6.421752845199080184e-02
6.555402757658157498e-02
6.757340254989685491e-02
7.057372592680621892e-02
7.485792494117049500e-02
8.063622133704484440e-02
8.792482716307858936e-02
9.647022331409971230e-02
1.057289940035843756e-01
1.149250417292932980e-01
1.231897182769898791e-01
1.297691738473076839e-01
1.342622586871584645e-01
1.589930870213720482e-01
1.459180078418285120e-01
1.345870297354849754e-01
1.246549888237495907e-01
1.157774718703876715e-01
1.076901307133084629e-01
1.002487300829670858e-01
9.343051246469258331e-02
8.730504888808354735e-02
8.198718735729926266e-02
7.758582438691519201e-02
7.416065101642743684e-02
7.169579778565093875e-02
7.009536032637697645e-02
6.920174765400588512e-02
6.883379292048630305e-02
6.883767715407884680e-02
6.914012874403852038e-02
6.979071540263248608e-02
7.097942681502900086e-02
7.301823243687977083e-02
7.628157602084684186e-02
8.111037159324041568e-02
8.769532201040419750e-02
9.596537592369713821e-02
1.055126072642451618e-01
1.155829863964754622e-01
1.251522867878520628e-01
1.330888885458989535e-01
1.383839422360324534e-01
1.404093424771417631e-01
1.653883540402603103e-01
1.537144242593058152e-01
1.432825852862151805e-01
1.338119739157264121e-01
1.250380673445761204e-01
1.167871512370766141e-01
1.090109752512944397e-01
1.017812491518270690e-01
9.525201454016496427e-02
8.960351410860312171e-02
8.498326597327832133e-02
8.145891048116027378e-02
7.899372561223572120e-02
7.745052085010684095e-02
7.662377279484644532e-02
7.629408592038089409e-02
7.629396691118017770e-02
7.657014395226724446e-02
7.722604934315313585e-02
7.852946762068313546e-02
8.087533307480043732e-02
8.470219476657803170e-02
9.037192952746408992e-02
9.803371391899418086e-02
1.075022208970040083e-01
1.181834455128409900e-01
1.290773825221549487e-01
1.388744525720539968e-01
1.461437962861964479e-01
1.495900021691340953e-01
1.483355097425373970e-01
1.700882009499764536e-01
1.607285825084545650e-01
1.519519551766279619e-01
1.435353492452122737e-01
1.353007911384338513e-01
1.271818610257469118e-01
1.192495799223252106e-01
1.116969396443892037e-01
1.047903819126076996e-01
9.880296182018355466e-02
9.394677123782457784e-02
9.032130376726854593e-02
8.789032587446854450e-02
8.649344601508346386e-02
8.589110872708261013e-02
8.583435120817739516e-02
8.614448672960861586e-02
8.678399030395667069e-02
8.789919784612720832e-02
8.981867586771841161e-02
9.299840966195915826e-02
9.791563942599168513e-02
1.049256244132266147e-01
1.141073275321105029e-01
1.251320429055340355e-01
1.371906245458376361e-01
1.490085607256332878e-01
1.589637953748024302e-01
1.653020572557579726e-01
1.664224672904310864e-01
1.611873125611964497e-01
5.172588371260644635e-02
7.159420535572280642e-02
8.366158735043427441e-02
8.857595329573086929e-02
8.756966432156332303e-02
8.223737704247469082e-02
7.429257693365798332e-02
6.534244609247252811e-02
5.671346044618985616e-02
4.934749921085312963e-02
4.377338416452403180e-02
4.014490000190562569e-02
3.832616417275858112e-02
3.800021524148178287e-02
3.877702715180930682e-02
4.028182251204270869e-02
4.221188170413370244e-02
4.435820435537607409e-02
4.659585180706926621e-02
4.885265900520607829e-02
5.106974785667262040e-02
5.316875297467049677e-02
5.503981337460572831e-02
5.656111670941754710e-02
5.765507685100601520e-02
5.837840781532577239e-02
5.903426516488252673e-02
6.028577437245985493e-02
6.324373444658704102e-02
6.949919640737789450e-02
8.107561170163535280e-02
5.094634620036231354e-02
6.190593775500019547e-02
6.771988819673424587e-02
6.949478473143244628e-02
6.849317237174545880e-02
6.594239676087454427e-02
6.287974692168063484e-02
6.005635398469166830e-02
5.790822672497597523e-02
5.658808241423685104e-02
5.603982694447040558e-02
5.609124660259112716e-02
5.654071631579427049e-02
5.721972129322239198e-02
5.802243935613660142e-02
5.890363574872026220e-02
5.985391087597236037e-02
6.086528029481996782e-02
6.189987624384230003e-02
6.287129628617549315e-02
6.364361306987120770e-02
6.404906746683991514e-02
6.392310052979155444e-02
6.315459830148029141e-02
6.174915384508494753e-02
5.990234779164893553e-02
5.807753092994971666e-02
5.707813812114181928e-02
5.809931555813818704e-02
6.273958653582667466e-02
7.295281183542101644e-02
5.185666504439723212e-02
5.691499719432613347e-02
5.855863452779885847e-02
5.818347444073879160e-02
5.703456743140122853e-02
5.604850060262833722e-02
5.577234959855559282e-02
5.636701654657372274e-02
5.768439947496517561e-02
5.939260224113240838e-02
6.111498059544828720e-02
6.254911555151920766e-02
6.354037922574207187e-02
6.409895074830274098e-02
6.436485802259994671e-02
6.453854777282685973e-02
6.480134366211132146e-02
6.524963893753010780e-02
6.585976694987039082e-02
6.648999071694561280e-02
6.691562740888912231e-02
6.688615029997890815e-02
6.619096468421048485e-02
6.472319748718291521e-02
6.253627163459896110e-02
5.989331334421876818e-02
5.731186913362762425e-02
5.560453914404206444e-02
5.591048621681693476e-02
5.970554262421501335e-02
6.877318152874067891e-02
5.341213959945889656e-02
5.495043307382729836e-02
5.409121612319722772e-02
5.237258192209992558e-02
5.098750874094548635e-02
5.065926218230742961e-02
5.161678311924333684e-02
5.366648195195011795e-02
5.633660608509671874e-02
5.905591811460908502e-02
6.132336779774050228e-02
6.283093884485424496e-02
6.351630628341808915e-02
6.354137381276814267e-02
6.321185733395395800e-02
6.286676507443189621e-02
6.277148223307449371e-02
6.304344407180906273e-02
6.362717346564750187e-02
6.431994881495484151e-02
6.483551848577917553e-02
6.488515359160373919e-02
6.425494472932768986e-02
6.286479482150753029e-02
6.080500876487349160e-02
5.835638591815950349e-02
5.600526219859602861e-02
5.446379932254785672e-02
5.469818777964974288e-02
5.795611014036694542e-02
6.577415862375346478e-02
5.490683624520897865e-02
5.462747142155421898e-02
5.248840390413533896e-02
5.004522387025645003e-02
4.840971060184529051e-02
4.815595851323450916e-02
4.933491870542638935e-02
5.158587440018891357e-02
5.431331105501158163e-02
5.688500281394226477e-02
5.880508763948455453e-02
5.982501893595326692e-02
5.997313468833453953e-02
5.950543710787314922e-02
5.880008900567190722e-02
5.823082374263321981e-02
5.805671622510999441e-02
5.835745113290613517e-02
5.902736558346077800e-02
5.982325422519352287e-02
6.044600580207770690e-02
6.062894956994568929e-02
6.020820878256927244e-02
5.916091427570790984e-02
5.761174566578119993e-02
5.582144826257717796e-02
5.417789284183527343e-02
5.320807964017149061e-02
5.361872483990737237e-02
5.635711450304370373e-02
6.266825155580590945e-02
5.598049698528484441e-02
5.494628215456032194e-02
5.232930896090692841e-02
4.960030153233674355e-02
4.776170484183239751e-02
4.728149370203027502e-02
4.813170096167596057e-02
4.991562299983343109e-02
5.204942464479245245e-02
5.395358501846203580e-02
5.521000325097702444e-02
5.565171183843631297e-02
5.537116118648555130e-02
5.465489628113573417e-02
5.387119621445890516e-02
5.334775065421126783e-02
5.327596440474735573e-02
5.366746497020358220e-02
5.437052869092440233e-02
5.513510239688912407e-02
5.570093686401378363e-02
5.587844673573272303e-02
5.559763845667475834e-02
5.491467936371918768e-02
5.398335525387665257e-02
5.301361650708713569e-02
5.224609703873284161e-02
5.196715523925377056e-02
5.257436401734594256e-02
5.468175370697281323e-02
5.923398689265013672e-02
5.655885001760907471e-02
5.530219615684472956e-02
5.265124142169952393e-02
4.991250008606584743e-02
4.795163193921325728e-02
4.715172165742842481e-02
4.746384235477307811e-02
4.853223852842347696e-02
4.986109690071316436e-02
5.098211218864889815e-02
5.158414771722164005e-02
5.157796041021356359e-02
5.108732635562773794e-02
5.037799857382196933e-02
4.975220979395089671e-02
4.944420105312019587e-02
4.954932221153285354e-02
5.000657147320453078e-02
5.063602675363654271e-02
5.121437897469149902e-02
5.155960405681980774e-02
5.159384293074253947e-02
5.136253374075749889e-02
5.100503921858035028e-02
5.069164769520284608e-02
5.055725917918607593e-02
5.066749579782481305e-02
5.104579422550159506e-02
5.177147181893815286e-02
5.313389928051037714e-02
5.580410565380589105e-02
5.675760585654643364e-02
5.543015855437261052e-02
5.291780099651077762e-02
5.030807597358943895e-02
4.830649985524360090e-02
4.721599649201380089e-02
4.699093777890084311e-02
4.734887294762302190e-02
4.791099717840552330e-02
4.833698039146838710e-02
4.842276644922094420e-02
4.814097835333086550e-02
4.761996722663752735e-02
4.707483604579465464e-02
4.671698245510924608e-02
4.667380474711535498e-02
4.694544181256787851e-02
4.741209199710283428e-02
4.788766193087212741e-02
4.819895735272439197e-02
4.826001961919246241e-02
4.811208966566482559e-02
4.791139806911814958e-02
4.786616515775676817e-02
4.814478883781703189e-02
4.879220176371745765e-02
4.969504019391024485e-02
5.062623092089779675e-02
5.137755496252793819e-02
5.196043674732209183e-02
5.282872049792786129e-02
5.678222383357933722e-02
5.531370924290968105e-02
5.293476965744048357e-02
5.048550941864959896e-02
4.849750707217026502e-02
4.719072113948641345e-02
4.652527268626727164e-02
4.629372411000076681e-02
4.623071240348508582e-02
4.611319098330568522e-02
4.582759496406652033e-02
4.538974224124103785e-02
4.491694217722397298e-02
4.456588951870799065e-02
4.446015132998581976e-02
4.463400362874381244e-02
4.501360355061478913e-02
4.544346030161250383e-02
4.574970690009649843e-02
4.581725374009693041e-02
4.565069866657722741e-02
4.539202552405185997e-02
4.528161096095573157e-02
4.556927024532342330e-02
4.640273771656211466e-02
4.773508410289650783e-02
4.929455032834084705e-02
5.064786826551426202e-02
5.136354948626831174e-02
5.125092709931777790e-02
5.062250555420177989e-02
5.684821877366630360e-02
5.508700684731593356e-02
5.274430163262877613e-02
5.041119142697425559e-02
4.844635324843693525e-02
4.698598539107479155e-02
4.598946297483053058e-02
4.531013121595606208e-02
4.477467482502106577e-02
4.425200483819935471e-02
4.369496801518835127e-02
4.314550705021247268e-02
4.270456978701986372e-02
4.247912178107071668e-02
4.252643322979565710e-02
4.281745998014230281e-02
4.323534242575988173e-02
4.361301889002788812e-02
4.379925860848743469e-02
4.372995604353491217e-02
4.347610061813611537e-02
4.324430067208595574e-02
4.331989779166178778e-02
4.396295118931448087e-02
4.528752045007422566e-02
4.716787012148415670e-02
4.921593101607868448e-02
5.086058523738756776e-02
5.153331581095699221e-02
5.093286144256126136e-02
4.931239965662825853e-02
5.713400748209096491e-02
5.494996109337080270e-02
5.252158398070605472e-02
5.021449551713885739e-02
4.823317800037330016e-02
4.663852658268297091e-02
4.538439919997472316e-02
4.436722406535409391e-02
4.347876866813749075e-02
4.264992223761510104e-02
4.187433018523734063e-02
4.120549662911798805e-02
4.072872867982368916e-02
4.051781744055915624e-02
4.059264250099658966e-02
4.089523325092159212e-02
4.129688265675213188e-02
4.163847176823765039e-02
4.179327590100001544e-02
4.173055340652354062e-02
4.155367496423423290e-02
4.149116153712384403e-02
4.183271815418265760e-02
4.282181588496314362e-02
4.453571444901172072e-02
4.679630196915240958e-02
4.915542104572523385e-02
5.098428884957684204e-02
5.167044061090564355e-02
5.089353310177102685e-02
4.892204421412316151e-02
5.776513326418353245e-02
5.510569581383606419e-02
5.248847811162704602e-02
5.009741145477164537e-02
4.801813797530485317e-02
4.625693341222358868e-02
4.476539859024342149e-02
4.347016040992457420e-02
4.230397178616840392e-02
4.123177180008497089e-02
4.026427188364323229e-02
3.945371914596762508e-02
3.887161405873484910e-02
3.857486786728259176e-02
3.857259797223377973e-02
3.880779983592219651e-02
3.916481234773527831e-02
3.950501240615267307e-02
3.972193658410105854e-02
3.979692619759589434e-02
3.983175735629629344e-02
4.003837292839307338e-02
4.067818484327290207e-02
4.196149599738419056e-02
4.393603808421175927e-02
4.640586487221298739e-02
4.892254419974051416e-02
5.087738188740331680e-02
5.169813642714871094e-02
5.112226300843758509e-02
4.948968101962236688e-02
5.881961943669011816e-02
5.572053889773087576e-02
5.284960185235831887e-02
5.026518248632783070e-02
4.798090905387653038e-02
4.597945007844828069e-02
4.422264467575587332e-02
4.266267703496851027e-02
4.125637626566458493e-02
3.998057053831871599e-02
3.884302973165176809e-02
3.788289331714622676e-02
3.715737999300472438e-02
3.671718582336325198e-02
3.657898327219299972e-02
3.670697080087848008e-02
3.701429911598097533e-02
3.738882851030211896e-02
3.773783470387570560e-02
3.803644725121557713e-02
3.835898383113089949e-02
3.887424137792550027e-02
3.979605258791707456e-02
4.129682645725551993e-02
4.340938539826311171e-02
4.595493421948049217e-02
4.853686926799127832e-02
5.062866797379683703e-02
5.176054347975878045e-02
5.177936135441996157e-02
5.112772080610739067e-02
6.034162658761488274e-02
5.690216209040954709e-02
5.375068420107709244e-02
5.087866419489728287e-02
4.827766927337506786e-02
4.594215090037323534e-02
4.386265609355177730e-02
4.201965537504293025e-02
4.038507999212015420e-02
3.893264480575453490e-02
3.765199962072074413e-02
3.655848265043459833e-02
3.569134704594034702e-02
3.509841946652159095e-02
3.481209976598620415e-02
3.482721537875477225e-02
3.509257821133360267e-02
3.552388591924682260e-02
3.603689270676113665e-02
3.658969246316701174e-02
3.721581853460520506e-02
3.802943942719139159e-02
3.919174407201353461e-02
4.084222472738474607e-02
4.301551877870224416e-02
4.557762920012464747e-02
4.821896434441441670e-02
5.053243412839947268e-02
5.218348018388496712e-02
5.315018972760299221e-02
5.398351590702077374e-02
6.235400847072014585e-02
5.869155175605555996e-02
5.525734167167684063e-02
5.202711970196105540e-02
4.901389613223727793e-02
4.625557822873815894e-02
4.378985993389505893e-02
4.163184468052349985e-02
3.976579828304238617e-02
3.815429084352217615e-02
3.675929192104376853e-02
3.556409011071082205e-02
3.458454158680979162e-02
3.386313935334328562e-02
3.344765921065118164e-02
3.336396974918898195e-02
3.359649950289167464e-02
3.408765008498448879e-02
3.475961208459921181e-02
3.555143640551250428e-02
3.645532747032120824e-02
3.753318176313769072e-02
3.889978837105445564e-02
4.067201516591012478e-02
4.289977057487703860e-02
4.550862491305451840e-02
4.828950484807137400e-02
5.096415214211447164e-02
5.333592017268529162e-02
5.550824038800783455e-02
5.812526935915229842e-02
6.486688605946255848e-02
6.106718708906555548e-02
5.735326097055803984e-02
5.372063273534877226e-02
5.023236304987221956e-02
4.698994208592921495e-02
4.409009680966846645e-02
4.158772065420635045e-02
3.947991984023246914e-02
3.771594775025732815e-02
3.622666155570186675e-02
3.495931587531231344e-02
3.390196656982880086e-02
3.308685970841906965e-02
3.257176611805334687e-02
3.240822073712479323e-02
3.261184005532413721e-02
3.314948386105243117e-02
3.395088856632355601e-02
3.494122072879690677e-02
3.608041515690274537e-02
3.738994064042344689e-02
3.895082576491404325e-02
4.086820417433045805e-02
4.321383866772521287e-02
4.597303265472874045e-02
4.902979053440503776e-02
5.221960664493963122e-02
5.546216780930990353e-02
5.896028627466876060e-02
6.342373866937123239e-02
6.788504861469846219e-02
6.396208344085607678e-02
5.995755529875168577e-02
5.590198955178493634e-02
5.191697932605165988e-02
4.817086382536217570e-02
4.481980194395873696e-02
4.195831571996677667e-02
3.959716038662008941e-02
3.767441537638660520e-02
3.609251478337682784e-02
3.476444617263041437e-02
3.364982896891888231e-02
3.276683225703891367e-02
3.217655087064485997e-02
3.194824395177420229e-02
3.212192804494407028e-02
3.268586278136353940e-02
3.357990382937714458e-02
3.472406764922197908e-02
3.605970600619912148e-02
3.758365986868739128e-02
3.935719971195794642e-02
4.148183419601991773e-02
4.405005552689544857e-02
4.709479540179017931e-02
5.057033520279219374e-02
5.439472799480427057e-02
5.856830395350698382e-02
6.335780144581804052e-02
6.950809388945344836e-02
7.141872528154635802e-02
6.729373233974911273e-02
6.295960597344674170e-02
5.847662549058441073e-02
5.401256633922457695e-02
4.978769342415034771e-02
4.600462273810990155e-02
4.278981962124817073e-02
4.016665360541082919e-02
3.806682171125430614e-02
3.637238735973369330e-02
3.496997601178009063e-02
3.379544251947663724e-02
3.285253398644272238e-02
3.220042005705181509e-02
3.191789146512746811e-02
3.206141167902387679e-02
3.263630026776809245e-02
3.359423395886551589e-02
3.485841416113544255e-02
3.636497991101350635e-02
3.810101059207227081e-02
4.011974150489550084e-02
4.252307736896909773e-02
4.541726580646354705e-02
4.886378295486792922e-02
5.285741595434956253e-02
5.736203728883992881e-02
6.242016330361366272e-02
6.832797284732805565e-02
7.583994213928235695e-02
7.549918709264602512e-02
7.100286706554470584e-02
6.626542111189337447e-02
6.135539116803556681e-02
5.645751371775986627e-02
5.181389690551441163e-02
4.764895122207235545e-02
4.410613248182926327e-02
4.121763796138111502e-02
3.891467380162794143e-02
3.707075468264520168e-02
3.555911598959937692e-02
3.430158441187813878e-02
3.329123700677882880e-02
3.258263565658126026e-02
3.225680012837983668e-02
3.237806276592891663e-02
3.296262570074759424e-02
3.397296844923403114e-02
3.534048763685859740e-02
3.700574538379441947e-02
3.895698352425824851e-02
4.124724111170507967e-02
4.397941949719097465e-02
4.726415428740438074e-02
5.117164398689055815e-02
5.570889807859202847e-02
6.085292626812588423e-02
6.665653715754160658e-02
7.341939479374559596e-02
8.188956327649066225e-02
8.019456823240034282e-02
7.509113005653489381e-02
6.984396497864509001e-02
6.449964336206903681e-02
5.922141861810814589e-02
5.423462716862559319e-02
4.975388987804763019e-02
4.591996243107132614e-02
4.276769729040097445e-02
4.023350159695837647e-02
3.819570381892845035e-02
3.652979414619039744e-02
3.515645365405362099e-02
3.406481162528507411e-02
3.330439359706360847e-02
3.295225928013678640e-02
3.307172621134668589e-02
3.368188966123852879e-02
3.475178855296690017e-02
3.622170364542398602e-02
3.804138528357725590e-02
4.020648440928198397e-02
4.277409063070081174e-02
4.584709322080016136e-02
4.953228104568552226e-02
5.389307891891803592e-02
5.892793649400118738e-02
6.460440968658076599e-02
7.096527348039671779e-02
7.829920876974938437e-02
8.734149352676467970e-02
8.561593120975885540e-02
7.964349777466850355e-02
7.375808027427410707e-02
6.795428047917084768e-02
6.233567951858276501e-02
5.707228239771211520e-02
5.233702826080843806e-02
4.824755183653905988e-02
4.483414359856396914e-02
4.204296703392174095e-02
3.976959816645830870e-02
3.790697314252611250e-02
3.638766924268566072e-02
3.520431902143172920e-02
3.440200435579754412e-02
3.404850495280697942e-02
3.419745649443939328e-02
3.486198491009417921e-02
3.601130231982097030e-02
3.759200309286825359e-02
3.956397199362982064e-02
4.193301679333671927e-02
4.476240713847801089e-02
4.815429089649114758e-02
5.220676658791489899e-02
5.696768525376683101e-02
6.241570640122517943e-02
6.849765247898176312e-02
7.523736637085676193e-02
8.290772872715024278e-02
9.223088419093983248e-02
9.190276090521365404e-02
8.482211698719765991e-02
7.816570835711900145e-02
7.185477222810732201e-02
6.590439902356592938e-02
6.039926810626639053e-02
5.544523055868921801e-02
5.112006275157909840e-02
4.744305044005159289e-02
4.437303454324137419e-02
4.183214460499584675e-02
3.974241092510055751e-02
3.805836361425463110e-02
3.678178146947175264e-02
3.595342475455254316e-02
3.562706573575269431e-02
3.583904323750175536e-02
3.658850738429464400e-02
3.783859022951219231e-02
3.953889200056437403e-02
4.165903851389884949e-02
4.421646812988910824e-02
4.728241218253970146e-02
5.095895934937288985e-02
5.533434852259233594e-02
6.043799410690553486e-02
6.622510599117958918e-02
7.261851644580019638e-02
7.962118046998512000e-02
8.748960884986445308e-02
9.693268476621597074e-02
9.918273200673866086e-02
9.082562362891621888e-02
8.328460324264597148e-02
7.640066699968883768e-02
7.008768858941039070e-02
6.433009004103951156e-02
5.915312466822797433e-02
5.458536458172602579e-02
5.063120507111307234e-02
4.726340973866172135e-02
4.443538105988409370e-02
4.210407353821210563e-02
4.025058081606402993e-02
3.888761236157733947e-02
3.805005921458359808e-02
3.777342147077433765e-02
3.807117248652502894e-02
3.892327618086710572e-02
4.028329637367278337e-02
4.210272242198698223e-02
4.436201031785458326e-02
4.709269704471807927e-02
5.037673714832635596e-02
5.431826571293640882e-02
5.899662743468070403e-02
6.442264725046698004e-02
7.052717959595611319e-02
7.720773345499765128e-02
8.444451585819479078e-02
9.247451166083919816e-02
1.019874728917784523e-01
1.075116594329301734e-01
9.782067481864942238e-02
8.932642715080874041e-02
8.179958535038167611e-02
7.505912940541747957e-02
6.899250040441984311e-02
6.354559033934492618e-02
5.869801330845803022e-02
5.443925876170396805e-02
5.075598663825076073e-02
4.763261993502965197e-02
4.506011208286508918e-02
4.304413706995546818e-02
4.160523386963177472e-02
4.076859276392497122e-02
4.054766336048487574e-02
4.093027857015840709e-02
4.187625863414723426e-02
4.333085889084031805e-02
4.525076481513679028e-02
4.763191864185500890e-02
5.052492891263682395e-02
5.402668085298500955e-02
5.824594758450984955e-02
6.325368072430137545e-02
6.904041507368674502e-02
7.550880651979241520e-02
8.252502979303244501e-02
9.003803909945418127e-02
9.825358325178967789e-02
1.078264471761940513e-01
1.168119248686707579e-01
1.058660712624259759e-01
9.641990738964523189e-02
8.819877408677712083e-02
8.095087305991910398e-02
7.448742489214055240e-02
6.869076853763544932e-02
6.350169083452783525e-02
5.889927326643373817e-02
5.488356999558163807e-02
5.146559685817919672e-02
4.866328213392989710e-02
4.649874410824850202e-02
4.499258353462209925e-02
4.415425413753837347e-02
4.397191302996361628e-02
4.440793024696176872e-02
4.540563320915680379e-02
4.690855049557285383e-02
4.888700169249204919e-02
5.136127152218250558e-02
5.440877454384462908e-02
5.814653673587599769e-02
6.268960615852847695e-02
6.809797875757794827e-02
7.433491080882959068e-02
8.126348740188404918e-02
8.870294348525931127e-02
9.655129233578918502e-02
1.049594534852076322e-01
1.145200935279717669e-01
1.268357448934693821e-01
1.148587279240018688e-01
1.045520403276896104e-01
9.563066148984944448e-02
8.780893076254869811e-02
8.085588453104719520e-02
7.461772460374049842e-02
6.901493830810068175e-02
6.402515585068613291e-02
5.966199142130790278e-02
5.595634195924503729e-02
5.294216208130819723e-02
5.064570611284580082e-02
4.907666176586644724e-02
4.822124396014260128e-02
4.803962916776072234e-02
4.847127138782525435e-02
4.945030280214268714e-02
5.092929882812313735e-02
5.290464216523105279e-02
5.543293256050674245e-02
5.862780596362426877e-02
6.263145236152922735e-02
6.756442672485718504e-02
7.346835962380282581e-02
8.026488072209758684e-02
8.775643526678322814e-02
9.568820741333183832e-02
1.038752311578718945e-01
1.123781803617021069e-01
1.216908409478492104e-01
1.371786166528181639e-01
1.245300007431069389e-01
1.135562869931163732e-01
1.039997167899855413e-01
9.558301644210587256e-02
8.807374924799660221e-02
8.131608367693843320e-02
7.523436228075297549e-02
6.981763978546950966e-02
6.509530552284559235e-02
6.111188908107578754e-02
5.790585404611192644e-02
5.549434654676588252e-02
5.386444851319538429e-02
5.297151399281574413e-02
5.274565775471273810e-02
5.310719908447936177e-02
5.398996207077289000e-02
5.536794778890907764e-02
5.727727452904218808e-02
5.982336205488536507e-02
6.316496434010332450e-02
6.747255787922767922e-02
7.286785935866646469e-02
7.936124734260374680e-02
8.681095102656399831e-02
9.492857893201289698e-02
1.033479615325632039e-01
1.117589295536163263e-01
1.200877772971580271e-01
1.286870825642836280e-01
1.473563713771000039e-01
1.345086712099146098e-01
1.231652531023428310e-01
1.131280045665334910e-01
1.041673222789540887e-01
9.608919281163252890e-02
8.877083789775497280e-02
8.216691897541750222e-02
7.629394720061100088e-02
7.120288075384451076e-02
6.694928880460793152e-02
6.356809908902505413e-02
6.105718433536821976e-02
5.937182868365198374e-02
5.843066691159037873e-02
5.813257542467908934e-02
5.838249661610461771e-02
5.912189975788351148e-02
6.035683382651768625e-02
6.217438756721094251e-02
6.473832462506834418e-02
6.825797245619469322e-02
7.293129866957315244e-02
7.887234467125381343e-02
8.604216329331393354e-02
9.420789455543854274e-02
1.029536495952925179e-01
1.117580934514990076e-01
1.201379322374123149e-01
1.278372167125780834e-01
1.350245162884675665e-01
1.569389795058668824e-01
1.444457399629754946e-01
1.331247663347312482e-01
1.228578313930484001e-01
1.134918774987454526e-01
1.049035478936275467e-01
9.703388751222519204e-02
8.989352856588084251e-02
8.354490407873527147e-02
7.807139998840284534e-02
7.354386293809511699e-02
6.999321489274734631e-02
6.739517240566783585e-02
6.567007403646130115e-02
6.469805559390806593e-02
6.434724431892391294e-02
6.451010595628758892e-02
6.514054239960387349e-02
6.628228200861485675e-02
6.807844784270855598e-02
7.075399802124593407e-02
7.456769899727078155e-02
7.973813600256107748e-02
8.635748723099823110e-02
9.431484549349988811e-02
1.032548031980695669e-01
1.125943853076023515e-01
1.216114014678169042e-01
1.296010972018848406e-01
1.360790465150785167e-01
1.409913189982034964e-01
1.657118185848958092e-01
1.541724759172211634e-01
1.433426271178177558e-01
1.331873826238734182e-01
1.236434560196357779e-01
1.146777497961011250e-01
1.063176472234772518e-01
9.865222834923770279e-02
9.181020071991952136e-02
8.592451176446047612e-02
8.109496709585073404e-02
7.735907908136141486e-02
7.467854291462572291e-02
7.294502898002974689e-02
7.200498315432923846e-02
7.169925465495907702e-02
7.190986875866656192e-02
7.260352071170927957e-02
7.385998012614436448e-02
7.587436911853728816e-02
7.892588774848263711e-02
8.331217564409598708e-02
8.925736524543026462e-02
9.681122574329492636e-02
1.057640561884909403e-01
1.156044800954987295e-01
1.255430652345239650e-01
1.346133479455602355e-01
1.418449894663353916e-01
1.464849020358087728e-01
1.482259260592400096e-01
1.738185093854553998e-01
1.638451545732095838e-01
1.540268411972647300e-01
1.443970378404628718e-01
1.349775631388183683e-01
1.258301764682983048e-01
1.170808235365257133e-01
1.089149965609976789e-01
1.015495223364268895e-01
9.519092563277808949e-02
8.999262663928675465e-02
8.602260720363119617e-02
8.325029177649412304e-02
8.155700300994794816e-02
8.076920772145967931e-02
8.070865054469322786e-02
8.124902011695667170e-02
8.236579464573878795e-02
8.416508686059387401e-02
8.687939458832261153e-02
9.082347208459395915e-02
9.631178484414704144e-02
1.035489711248374078e-01
1.125143541175930295e-01
1.228682006949384231e-01
1.339086741663777502e-01
1.446026721914677182e-01
1.537010537995229242e-01
1.599310441961279139e-01
1.622395015237998450e-01
1.600447685323160840e-01
2.945973324312944897e-02
4.934294506529113278e-02
6.472953364755085204e-02
7.486102501570712775e-02
7.971807815192732960e-02
7.992465123970760033e-02
7.656952627621649299e-02
7.098176627914654091e-02
6.450112720813194755e-02
5.828115293115843087e-02
5.315296308253891766e-02
4.956409067381173372e-02
4.759201768683851697e-02
4.701909447976504453e-02
4.744635534370900132e-02
4.841948813555063680e-02
4.954108319361694157e-02
5.054862799079273827e-02
5.134636135699111037e-02
5.198953840954345651e-02
5.263011747410928365e-02
5.344163882000430021e-02
5.454642862059699837e-02
5.596896348106383812e-02
5.763459963964123745e-02
5.942324997522518970e-02
6.127440496675262693e-02
6.332562672287167516e-02
6.605447925903717987e-02
7.038692657260980923e-02
7.773593294950842392e-02
3.870391297641617712e-02
4.932035263300349470e-02
5.724987545363546815e-02
6.237732228146342095e-02
6.493158401463006157e-02
6.539684726885752752e-02
6.439982679148670286e-02
6.259525693894829601e-02
6.056879335665144026e-02
5.876999650354264304e-02
5.748022402985952795e-02
5.681308049315703101e-02
5.674002804516931064e-02
5.713144799665315077e-02
5.780352324291015975e-02
5.856294257318950258e-02
5.924354477974702604e-02
5.973101266499725170e-02
5.997338634188054129e-02
5.997689976356923580e-02
5.978889668404008262e-02
5.947258128799148835e-02
5.908171180271892808e-02
5.864597890467848629e-02
5.817835008929250762e-02
5.771283828289597295e-02
5.737460144700889941e-02
5.747472810253384523e-02
5.861168508636183105e-02
6.175302309566177428e-02
6.826760388867114671e-02
4.551146285484719556e-02
5.037088512654008809e-02
5.357681420900917146e-02
5.547976024172385223e-02
5.648689116787863895e-02
5.698354309424757957e-02
5.727389577077701688e-02
5.755116941145388409e-02
5.789920948882354423e-02
5.831900664634304121e-02
5.876790413094568066e-02
5.919757025912986137e-02
5.957949189178179950e-02
5.991260453083668835e-02
6.021457717724842951e-02
6.050380089800455607e-02
6.078146933577954769e-02
6.102176795320701785e-02
6.117385902325622737e-02
6.117409826038056053e-02
6.096293468363001011e-02
6.050002903066342697e-02
5.977371487460914068e-02
5.880601568424026482e-02
5.765977798364474438e-02
5.645747613016283140e-02
5.541988166442024522e-02
5.492652859902591445e-02
5.559005892973800655e-02
5.832599715176911559e-02
6.439197271902230568e-02
4.996575105542433448e-02
5.169790751097025350e-02
5.223516881233081222e-02
5.223674745866446756e-02
5.223137329812743701e-02
5.254990208777599037e-02
5.330491999848163687e-02
5.441875407996121794e-02
5.568965279962867498e-02
5.687688002217328176e-02
5.778162042770418338e-02
5.830307705764425918e-02
5.845727464475203305e-02
5.835743054922204465e-02
5.816592605697223917e-02
5.803551739518297836e-02
5.805922603030921891e-02
5.824396800744580105e-02
5.851411706680664793e-02
5.874096122715855017e-02
5.878600687356083654e-02
5.854306181208812632e-02
5.796697652476723306e-02
5.708461491303751245e-02
5.599310969409998506e-02
5.485788997975760140e-02
5.392517730069812387e-02
5.355909363788668998e-02
5.430308746508671902e-02
5.695219094559433870e-02
6.261104089389846195e-02
5.246854666984290816e-02
5.280827072419924662e-02
5.205887694683042355e-02
5.105169233502238058e-02
5.038593814242631197e-02
5.037219104269752279e-02
5.103668864830979146e-02
5.218210196471773088e-02
5.348755645536584780e-02
5.462188443925697356e-02
5.534183309646323323e-02
5.555212086619576439e-02
5.531547922873869538e-02
5.481506560317939147e-02
5.428474201471544802e-02
5.393089280551066622e-02
5.387023417279124260e-02
5.410142939217621461e-02
5.451647649169899523e-02
5.494474378792801872e-02
5.521255417261272669e-02
5.519770523824263364e-02
5.486235213902546093e-02
5.425786878913640976e-02
5.350789539807010442e-02
5.278618715965421870e-02
5.230998206388903782e-02
5.236535482254112139e-02
5.336914070721832104e-02
5.595592672034399584e-02
6.106346133310580626e-02
5.359817301723523997e-02
5.348878685617819428e-02
5.224863634794019163e-02
5.076422668207669631e-02
4.965497858574963175e-02
4.922718901070766151e-02
4.949101780948694795e-02
5.023330199765041471e-02
5.112655382254160941e-02
5.184653464675648138e-02
5.216966652369592339e-02
5.202789558097720146e-02
5.151089082210091874e-02
5.082035685336450115e-02
5.019443125638645142e-02
4.982774781092302874e-02
4.981246575334807858e-02
5.011749600816983730e-02
5.060990963102085516e-02
5.110845910530770198e-02
5.144890472729457542e-02
5.153796794184017926e-02
5.137828613806050271e-02
5.105890087725128978e-02
5.072047114663291723e-02
5.051627598732011393e-02
5.059466875536600128e-02
5.112360739076393656e-02
5.236405518371611834e-02
5.478021521048503928e-02
5.915652766998391598e-02
5.395907217098283581e-02
5.373553981917211786e-02
5.235193531552795321e-02
5.065286558237858117e-02
4.922764559159986675e-02
4.837476259126560763e-02
4.812277032760903239e-02
4.830007420241599903e-02
4.863517983903875574e-02
4.886217599414521828e-02
4.880565499479416758e-02
4.842552898480789736e-02
4.781380239728605375e-02
4.714918079844210297e-02
4.662738545448519289e-02
4.639148440037388355e-02
4.648537938919616863e-02
4.684501299925614148e-02
4.732858796342043206e-02
4.777350556105375290e-02
4.805842076166300103e-02
4.814723794697783887e-02
4.809884621499804780e-02
4.803990467189578339e-02
4.811357439757557586e-02
4.842925266711972654e-02
4.904238268500193954e-02
4.998700019132229500e-02
5.136778043743106537e-02
5.349725723499432206e-02
5.704378072550753132e-02
5.405986925325123593e-02
5.366629903437569737e-02
5.219312648114282638e-02
5.036741038929903880e-02
4.870122173451818526e-02
4.746692316257394850e-02
4.671653552213683724e-02
4.633920580090489239e-02
4.614212407614104450e-02
4.593463578930823132e-02
4.559476003487361595e-02
4.510244089760817587e-02
4.453362873027799651e-02
4.402094755641883239e-02
4.369678656803444028e-02
4.363980551715940237e-02
4.384415766980964690e-02
4.422250084462575614e-02
4.464158052724087611e-02
4.497697042825166136e-02
4.516578854963881895e-02
4.523600638640346006e-02
4.529900943452958018e-02
4.550616412598174065e-02
4.598571478709345683e-02
4.678793996572494507e-02
4.786936967866495252e-02
4.913892718468559906e-02
5.057123250662698410e-02
5.236958840760053135e-02
5.513985996367409825e-02
5.424505861083162017e-02
5.344346427591517568e-02
5.178478172456379980e-02
4.982666631985921413e-02
4.796573187923058867e-02
4.642380496807163581e-02
4.526303721650037915e-02
4.442672392906388268e-02
4.379644097934942693e-02
4.325154365506023169e-02
4.271601766231469810e-02
4.218101305013988167e-02
4.169859582907520235e-02
4.135133681120350957e-02
4.121036251308396459e-02
4.129857399675529450e-02
4.157409860636107624e-02
4.194175741577055305e-02
4.228969135147053748e-02
4.253783343301620334e-02
4.267872674245154485e-02
4.279207104264060035e-02
4.302284813456935808e-02
4.352683520119171590e-02
4.440221016557188705e-02
4.563655139645561576e-02
4.710019756021210924e-02
4.860774824192048982e-02
5.005073870415799320e-02
5.158092349665821530e-02
5.380185782632906921e-02
5.468733863381203264e-02
5.322445610363502055e-02
5.124587717000395060e-02
4.911372254719026387e-02
4.708597781427670270e-02
4.531314015912357718e-02
4.384801365085877478e-02
4.266910390288103372e-02
4.171406563546042889e-02
4.091577323561068624e-02
4.023156857874710113e-02
3.965740327839739621e-02
3.922305002924986184e-02
3.897105593932792544e-02
3.892837974126450717e-02
3.908311261329799891e-02
3.937762460554949939e-02
3.972363240609411150e-02
4.003585816826671362e-02
4.027221228170674294e-02
4.046343607478775084e-02
4.071645441581495106e-02
4.118397605634527281e-02
4.200603833305649459e-02
4.324309062212705612e-02
4.482974834536435083e-02
4.657913369737798348e-02
4.825786847504787147e-02
4.973265479929978028e-02
5.116562650073319674e-02
5.321400873799575493e-02
5.542923624307150021e-02
5.314270368398865685e-02
5.074094331212108955e-02
4.839020681538386270e-02
4.620590351260034367e-02
4.425784864724846557e-02
4.257429456629324704e-02
4.114914007368497550e-02
3.995454637333750725e-02
3.895748322247527540e-02
3.813541700947098434e-02
3.748519803048111498e-02
3.702103081741370261e-02
3.676175297005102038e-02
3.671268507605418563e-02
3.685080206196289510e-02
3.712192580860573798e-02
3.745450437418185174e-02
3.778741182759404182e-02
3.810181329026818275e-02
3.844266170926857740e-02
3.891650568402837962e-02
3.965967978001572192e-02
4.078297621163073927e-02
4.231171192805049941e-02
4.414885932783363387e-02
4.608939101308351383e-02
4.790418325865175575e-02
4.949303986359154806e-02
5.108305538306012750e-02
5.342728088726289570e-02
5.644979717908427119e-02
5.331051568646216765e-02
5.044207963510416448e-02
4.783751170180039480e-02
4.548546503792749718e-02
4.338098883454222232e-02
4.152317949046846479e-02
3.990818066813517362e-02
3.852499734784942120e-02
3.735759756818879396e-02
3.639189395471476018e-02
3.562276867160107940e-02
3.505587216932326555e-02
3.470165884937159717e-02
3.456362463475670666e-02
3.462677611969411373e-02
3.485370837734080851e-02
3.519324895751196891e-02
3.560094308340921998e-02
3.606400433636736125e-02
3.661875969555694610e-02
3.734883818833623081e-02
3.835840233659837395e-02
3.972546193108428270e-02
4.145218731719069183e-02
4.343760493793524802e-02
4.549885047890711576e-02
4.745811939210398123e-02
4.929453712975373492e-02
5.133761141041759402e-02
5.445808917284011841e-02
5.772855222312500700e-02
5.382921691489173099e-02
5.050718886923277751e-02
4.762191970803542063e-02
4.506724383099935949e-02
4.278361368051264435e-02
4.074833000777289271e-02
3.895620242110453546e-02
3.740261965140234679e-02
3.607626946177333593e-02
3.496213495964184403e-02
3.404987428802996874e-02
3.334044486109632999e-02
3.284555567370261997e-02
3.257914369169156998e-02
3.254513721913099289e-02
3.272876703704241663e-02
3.309783239092212170e-02
3.361572317953687161e-02
3.426154829503502697e-02
3.504739925847388804e-02
3.602162667084485292e-02
3.725151825346983969e-02
3.878821742546278983e-02
4.062800711835734546e-02
4.269275446131359786e-02
4.485399201803375036e-02
4.701732002286007628e-02
4.926712781161768362e-02
5.204988808691268787e-02
5.635372424148954451e-02
5.928520297311479226e-02
5.479345865023788065e-02
5.106538179097697139e-02
4.787514596682740375e-02
4.506263983785174787e-02
4.254290495009627193e-02
4.028766970441211015e-02
3.829515095276292413e-02
3.656382809276692569e-02
3.508004757168237120e-02
3.382096120913047343e-02
3.276691622158978134e-02
3.191381110809743404e-02
3.127720841439440846e-02
3.088512372050900012e-02
3.076284144481178373e-02
3.091770833998452872e-02
3.133242487092502415e-02
3.197142115095630288e-02
3.279820014722645283e-02
3.379511284583713859e-02
3.497431395226158202e-02
3.637156009790487587e-02
3.802293623448349535e-02
3.993562895630020648e-02
4.207315070379991084e-02
4.437837365549057722e-02
4.685140375659102574e-02
4.968392442242475227e-02
5.343056896526832134e-02
5.917730512737762183e-02
6.118647824041545391e-02
5.628402537695365027e-02
5.220387895678868517e-02
4.868256742338417098e-02
4.554685459879692644e-02
4.271683470869902521e-02
4.017780437425244600e-02
3.794044490496162325e-02
3.600794494559522718e-02
3.436160007549915463e-02
3.296640550252050161e-02
3.178920203936286271e-02
3.081740437482949346e-02
3.006750367057975382e-02
2.957850653911009431e-02
2.939326684281695634e-02
2.953680578502826393e-02
3.000239045650232583e-02
3.075259768229443580e-02
3.173535712994635105e-02
3.290735003247391433e-02
3.425285327830351889e-02
3.578771738102659583e-02
3.754579320957418531e-02
3.955627289542462677e-02
4.183053993619978428e-02
4.438145409949356690e-02
4.729310818947851658e-02
5.084473843453451991e-02
5.567180247453507036e-02
6.292629671224858612e-02
6.352608116867486387e-02
5.835281548206694424e-02
5.395704515831312165e-02
5.007628945168107748e-02
4.655639422708190978e-02
4.334633616963401437e-02
4.046042126719839871e-02
3.793021028104703873e-02
3.576698266260791570e-02
3.394722547091078013e-02
3.242219165258575231e-02
3.114239593560341746e-02
3.008275074535049498e-02
2.925536195107270032e-02
2.870379076921381056e-02
2.848166209878399968e-02
2.862585430557373911e-02
2.913704350066836923e-02
2.997695462545379996e-02
3.108388565306086093e-02
3.239931967982556671e-02
3.389292993233539164e-02
3.557383395673241466e-02
3.748320114391390234e-02
3.967473180091474205e-02
4.220060915395151824e-02
4.512603383045643568e-02
4.859173313161591068e-02
5.293014636845327914e-02
5.882034856040263548e-02
6.744521567452466115e-02
6.639389264455530792e-02
6.101041600049939007e-02
5.630344520614016801e-02
5.203550314035965130e-02
4.808907938422635198e-02
4.445336376375053078e-02
4.117819781822618097e-02
3.831962709955405444e-02
3.589930484304204583e-02
3.389071162382606417e-02
3.223262097162660211e-02
3.085925249615684152e-02
2.973099536029621959e-02
2.885111136129125953e-02
2.826129597087856382e-02
2.801896752498578280e-02
2.816740637354087085e-02
2.871288776805158705e-02
2.961960260290652514e-02
3.082484290644060820e-02
3.226743091363459826e-02
3.391598009329754859e-02
3.578358897357247770e-02
3.792269795667380095e-02
4.040563356829807162e-02
4.330823088821489364e-02
4.672030352230649441e-02
5.080368116614408791e-02
5.590508715977193788e-02
6.271018531697336584e-02
7.240277447272092104e-02
6.985281357628991827e-02
6.422742811992065981e-02
5.917774236149853095e-02
5.449884914560243487e-02
5.011070112232118845e-02
4.603924568800721318e-02
4.236513559590093791e-02
3.916550992289558053e-02
3.647182256099767983e-02
3.425683556997682899e-02
3.245078088366426528e-02
3.097527139470912516e-02
2.977780788205564022e-02
2.885141193110030144e-02
2.823175308003555983e-02
2.797461053705774248e-02
2.812520235602278262e-02
2.869414808810688555e-02
2.965143720211926848e-02
3.094120064633898437e-02
3.251019332674331963e-02
3.433617993141524494e-02
3.644229457131586969e-02
3.889069249271415174e-02
4.176099204050842673e-02
4.513133809086866677e-02
4.908670252189040184e-02
5.377616389887407422e-02
5.952726175019051880e-02
6.700404719595098868e-02
7.737236514367396012e-02
7.393537940515670925e-02
6.795489547948818654e-02
6.249978086998453364e-02
5.739098407502751797e-02
5.257217728649266064e-02
4.808957548812031746e-02
4.403971415013074875e-02
4.051072345464490354e-02
3.754008826217614114e-02
3.510197919968049973e-02
3.312409510544966906e-02
3.152251748542767018e-02
3.023736130853649229e-02
2.925368312571663409e-02
2.859995534527115524e-02
2.832688488706480712e-02
2.847796704736538231e-02
2.906636867555789649e-02
3.006925659428816289e-02
3.144212361075915396e-02
3.314581802987959236e-02
3.517244241083972156e-02
3.755642400938086212e-02
4.036456748144701123e-02
4.367134424683172256e-02
4.753810999682173133e-02
5.202164997172076255e-02
5.723427180055296049e-02
6.346351122192572802e-02
7.133745666942559183e-02
8.199803726165555418e-02
7.866064988775178790e-02
7.215932101098587736e-02
6.621510793775087222e-02
6.065919313550693914e-02
5.543635144567815587e-02
5.058869344065897167e-02
4.620747093576937914e-02
4.237744117563124746e-02
3.913609856681432575e-02
3.646071095135994256e-02
3.428348191664554179e-02
3.252411358698736876e-02
3.112349481671117246e-02
3.006375176482833922e-02
2.936738877906464040e-02
2.907816784863825887e-02
2.923451595415826887e-02
2.984913298860192299e-02
3.090493044874165207e-02
3.236910955456551164e-02
3.421784075908362865e-02
3.645802574465051293e-02
3.913331440708134323e-02
4.230939956323709339e-02
4.604611618560738862e-02
5.037604482640745118e-02
5.531552146567264572e-02
6.093009861797327176e-02
6.746171441045589745e-02
7.550225032173329964e-02
8.617426609998801723e-02
8.406025057774968445e-02
7.685847686661873013e-02
7.033338079054374248e-02
6.430890354386065155e-02
5.870703243272146210e-02
5.354056954820407555e-02
4.887372867960948497e-02
4.477301360748242587e-02
4.126939343404956162e-02
3.834445778920780867e-02
3.594166971743106842e-02
3.399357041053008288e-02
3.245048546523321420e-02
3.129754058318212628e-02
3.055352933006361127e-02
3.025416615128051490e-02
3.042951531824655831e-02
3.108774822612758726e-02
3.221380045579280704e-02
3.378365775279235095e-02
3.578642573847901076e-02
3.824130303109996021e-02
4.119794271537102759e-02
4.471690650098025799e-02
4.883922560838982463e-02
5.356568932620575652e-02
5.887182457809103653e-02
6.477982539945514873e-02
7.149324063357198611e-02
7.957741290010744706e-02
9.014493741415208206e-02
9.019627868838142604e-02
8.214030750968959183e-02
7.494792385114124045e-02
6.842340689763659611e-02
6.244829992647282779e-02
5.698711074364837259e-02
5.206041299970820546e-02
4.770496980927418917e-02
4.394007826340384781e-02
4.075247593573294580e-02
3.810203603643458337e-02
3.594127180986106396e-02
3.423672850476577878e-02
3.298122498381417245e-02
3.219163254834711552e-02
3.189460195426363498e-02
3.210876788944005966e-02
3.283364209346473217e-02
3.405184716393705457e-02
3.574409837892744690e-02
3.790883772308006883e-02
4.057446753722615540e-02
4.379428064567036927e-02
4.762265853059943765e-02
5.208303881954634562e-02
5.714889659429900348e-02
6.276329949469072744e-02
6.891694444493623450e-02
7.578868851123843342e-02
8.392980768257984892e-02
9.445014101947890595e-02
9.715625490207457915e-02
8.815143228275701404e-02
8.022388586687156931e-02
7.315593499515671283e-02
6.678281786298612133e-02
6.101325398776680231e-02
5.581707917735911906e-02
5.119621256744721904e-02
4.715600560302846134e-02
4.368884886207524687e-02
4.077353274624329060e-02
3.838586322672199458e-02
3.651156154228374362e-02
3.515287383925169706e-02
3.432490369596052915e-02
3.404394071549177170e-02
3.431487457419279963e-02
3.512575273634865880e-02
3.645400732057169080e-02
3.828241399605758488e-02
4.061649827053770423e-02
4.349231817468535155e-02
4.696650154801318422e-02
5.108896590536460280e-02
5.587013419426511973e-02
6.126415645849192515e-02
6.719281135156052187e-02
7.362828594341408461e-02
8.073685624549398199e-02
8.906321487302193418e-02
9.971305917497375049e-02
1.050208638116600923e-01
9.505340069154044613e-02
8.635358715400798246e-02
7.869168883917154744e-02
7.186492929758969694e-02
6.573253502574516460e-02
6.021794268599478528e-02
5.529088652110658586e-02
5.094408398872474208e-02
4.717582555167609826e-02
4.398319134634220973e-02
4.136394105444196612e-02
3.932110508321784437e-02
3.786422972916625440e-02
3.700459636456798762e-02
3.674648005107883364e-02
3.708001022459939122e-02
3.798144904430955648e-02
3.942331620783079416e-02
4.139112461416516453e-02
4.389842392993159592e-02
4.699021045234985650e-02
5.072840123466448858e-02
5.516160122351720929e-02
6.029203127400251105e-02
6.606103091326076537e-02
7.237656148936366662e-02
7.919896022940520197e-02
8.668503801163751632e-02
9.536909782400471158e-02
1.063387015456100926e-01
1.138146477169357240e-01
1.029597416454635095e-01
9.349201195436762646e-02
8.519049980532145128e-02
7.783559911331394687e-02
7.125604836619459093e-02
6.534387626743409783e-02
6.004661224869778380e-02
5.534912204166175798e-02
5.125571048120036721e-02
4.777825450582895428e-02
4.493074828496901318e-02
4.272706177289364859e-02
4.117817615770036355e-02
4.028734255552990362e-02
4.004489539511268958e-02
4.042668749752920121e-02
4.139978547755163163e-02
4.293584467814071104e-02
4.502786129887681454e-02
4.770214775635395199e-02
5.101687918067909777e-02
5.504279072192730382e-02
5.982994069199776277e-02
6.537426579598104581e-02
7.160498073062626645e-02
7.841477470356039703e-02
8.574702851910842583e-02
9.373836375743849203e-02
1.028943589553819038e-01
1.142570211668498814e-01
1.234617992195126135e-01
1.118787965569936205e-01
1.016971432327409275e-01
9.273219280657940544e-02
8.477718118228949606e-02
7.765807091345777735e-02
7.125801790243713185e-02
6.551769834914011881e-02
6.042166170664131641e-02
5.598056487360736355e-02
5.221583700767951086e-02
4.914909158105729148e-02
4.679542815574677661e-02
4.515880238614045084e-02
4.422873139264993370e-02
4.397953663283260539e-02
4.437448478711303324e-02
4.537635045562637970e-02
4.696302949014352635e-02
4.914304176782025024e-02
5.196315877401502803e-02
5.550095437502022833e-02
5.983978826407110319e-02
6.503181362495524809e-02
7.106348946399521083e-02
7.784417615039274096e-02
8.523824720032280311e-02
9.315298352157697082e-02
1.016789772656920832e-01
1.112604675145121291e-01
1.228553469954931643e-01
1.337728944490663707e-01
1.216905999644950498e-01
1.109033462817023974e-01
1.012909516357467510e-01
9.269123992999084294e-02
8.495799970478401519e-02
7.799107127357274294e-02
7.174223989568417892e-02
6.620511240907944739e-02
6.139800138771533966e-02
5.734683677292196080e-02
5.407189146353630349e-02
5.157930249697528780e-02
4.985699686221778393e-02
4.887475271971197799e-02
4.858888546004891396e-02
4.895225854852469638e-02
4.992914270405890420e-02
5.151193237543338910e-02
5.373391573812114075e-02
5.667091812210856006e-02
6.042620631342288107e-02
6.509820419159950688e-02
7.073834179027471691e-02
7.731432185391895473e-02
8.469900643831351772e-02
9.270397339059854858e-02
1.011682165881211404e-01
1.100973832362797111e-01
1.198307132108311635e-01
1.311966853718331549e-01
1.444810025823244359e-01
1.321778769633965567e-01
1.209482988524541724e-01
1.107587352889822796e-01
1.015185192045464646e-01
9.313652778655523434e-02
8.555311946111032739e-02
7.874898013687925413e-02
7.273732127941912040e-02
6.754759946488775313e-02
6.320798632077639922e-02
5.973143823939608410e-02
5.710770088626304641e-02
5.530186925170710310e-02
5.425939529231982306e-02
5.391713378776330501e-02
5.421945090347435325e-02
5.513697001879336312e-02
5.668345982121536508e-02
5.892454614513553679e-02
6.197174259432358667e-02
6.595789466518908739e-02
7.099571932121762075e-02
7.712865010034875013e-02
8.429029411490773782e-02
9.229259470157558098e-02
1.008606788818724453e-01
1.097233883083390538e-01
1.187537127298128325e-01
1.281361093970190268e-01
1.385227746977761853e-01
1.553286092039343202e-01
1.431131551889848197e-01
1.316563091459101997e-01
1.210217294501489960e-01
1.112064471199118998e-01
1.021930874958343338e-01
9.398074485216056928e-02
8.659455344604793936e-02
8.007891691158874892e-02
7.448173154989490286e-02
6.983688442778657191e-02
6.615065812729881145e-02
6.339542276691645384e-02
6.151198430234217085e-02
6.042043924389872700e-02
6.003816628071945161e-02
6.030225499489461072e-02
6.119202952322666533e-02
6.274566146021243185e-02
6.506402076047379524e-02
6.829591757923481055e-02
7.260252382548060268e-02
7.810488153700134717e-02
8.482579508927301504e-02
9.264377972795045935e-02
1.012794812959327828e-01
1.103319421745254658e-01
1.193726129786227830e-01
1.280903470360499341e-01
1.364640749998216052e-01
1.449258659868064569e-01
1.661858115767245181e-01
1.543817660476634046e-01
1.429586964459303999e-01
1.320727046841057017e-01
1.218102007624111138e-01
1.122343370334419888e-01
1.034132571876398288e-01
9.542888274154393002e-02
8.836989790142979473e-02
8.231550907294149511e-02
7.731729488659766503e-02
7.338547775361803360e-02
7.048397391190519556e-02
6.853628870885586366e-02
6.744207623341935687e-02
6.710204756018356420e-02
6.744683244323823601e-02
6.846348474209662527e-02
7.021201437964919023e-02
7.282437468529678881e-02
7.648053927550790831e-02
8.136102160278824158e-02
8.758198241412173957e-02
9.512652230841922574e-02
1.037915857377811335e-01
1.131717602293065283e-01
1.226973001357691828e-01
1.317336020038055722e-01
1.397345774566929322e-01
1.464261431137856562e-01
1.519826185522106243e-01
1.771630421826557722e-01
1.661021132913447218e-01
1.550130834984884132e-01
1.441234590402018512e-01
1.335951681503502186e-01
1.235659602407395141e-01
1.141750369533838239e-01
1.055704109530779533e-01
9.790046038324362598e-02
9.129561372537864372e-02
8.584762861573835835e-02
8.159364704988547601e-02
7.851052754267584532e-02
7.652242906624451280e-02
7.552163749642204493e-02
7.539954387902980670e-02
7.608175269342609681e-02
7.755898182585951872e-02
7.990431850703316741e-02
8.326823630341095850e-02
8.784614317119121552e-02
9.381911629316164181e-02
1.012761246856825892e-01
1.101337725121993572e-01
1.200751404667244060e-01
1.305304261059063720e-01
1.407172505696507869e-01
1.497476499462209176e-01
1.567935770290205255e-01
1.612864434100629296e-01
1.631129774686996825e-01
2.029523059900384396e-02
3.661996634036768228e-02
5.205358647253888194e-02
6.466366209497209638e-02
7.331816830628667958e-02
7.770468921626161318e-02
7.822240859240991995e-02
7.577923567623656709e-02
7.153975242181331851e-02
6.667354265664471313e-02
6.214789942896459252e-02
5.859578223316930234e-02
5.627236583677586168e-02
5.509528281982056797e-02
5.474817292633815669e-02
5.481701764074387029e-02
5.492538297039573081e-02
5.483822641690494493e-02
5.451325013200403191e-02
5.409194365711300634e-02
5.383680409795488231e-02
5.403402704723703209e-02
5.488963379139022436e-02
5.644966577528975904e-02
5.857083237606275361e-02
6.095735127382795326e-02
6.326446054117695894e-02
6.525224638426152524e-02
6.695865847905224655e-02
6.885143690851691645e-02
7.191774801867722999e-02
3.635743908671429381e-02
4.366485167884093244e-02
5.104327059962088242e-02
5.735119472410588060e-02
6.189483551133889705e-02
6.443337936798343435e-02
6.511474553917651065e-02
6.436259266047272831e-02
6.274074387329164892e-02
6.082118765334598720e-02
5.907719567039748654e-02
5.781548850427498110e-02
5.715263114689150825e-02
5.703262924726004712e-02
5.727618999662809074e-02
5.764792065019719303e-02
5.792603518420946784e-02
5.795989652688149363e-02
5.770373180712340400e-02
5.721989759331336245e-02
5.665163909361581318e-02
5.617253193122451194e-02
5.592641981638735160e-02
5.597608344760374166e-02
5.627950300913653336e-02
5.670846993780287448e-02
5.711545299709541723e-02
5.744243984372587875e-02
5.785248947540821973e-02
5.885423985637316946e-02
6.138476367959810887e-02
4.612705936415295582e-02
4.831621260927931871e-02
5.091356252160039730e-02
5.338396674051182345e-02
5.538041624095058069e-02
5.673944690352072939e-02
5.745122717780759558e-02
5.761560247265151702e-02
5.739478225950733759e-02
5.697057762517943047e-02
5.651051527092931792e-02
5.614411614806158468e-02
5.594892511726357043e-02
5.594555187781224959e-02
5.610139515192713588e-02
5.634288983856095001e-02
5.657536255239392631e-02
5.670769439529976808e-02
5.667670512048061937e-02
5.646460815842146985e-02
5.610332092692260630e-02
5.566251807977096178e-02
5.522375771033694036e-02
5.484933258048840798e-02
5.455949332827003673e-02
5.433310619991971180e-02
5.414313877554377541e-02
5.402967943336989265e-02
5.420118482652469538e-02
5.514247040446207393e-02
5.769935160242312122e-02
5.097335031678085215e-02
5.084656644612550735e-02
5.102834539866307750e-02
5.142473565865657292e-02
5.195772652950836346e-02
5.255315743124810979e-02
5.313369931172928773e-02
5.362136169424047694e-02
5.394935512958909385e-02
5.407858649778063409e-02
5.401138152956264094e-02
5.379530195205006748e-02
5.351320136105641723e-02
5.326083153340732679e-02
5.311842000810429454e-02
5.312569376110332087e-02
5.326941569364862517e-02
5.348854273324832320e-02
5.369584675645455718e-02
5.380853928363649175e-02
5.377662408864125609e-02
5.359810338632087223e-02
5.331518488310393877e-02
5.299374382593668997e-02
5.269683019287185743e-02
5.246860488477977924e-02
5.234515411211759783e-02
5.240217528626089916e-02
5.283772452821722254e-02
5.407420736082713120e-02
5.685184725916769821e-02
5.248412173750693910e-02
5.176347020096727647e-02
5.102033550792839378e-02
5.045584243271150626e-02
5.018980407476192340e-02
5.024290764413308352e-02
5.054149985517142341e-02
5.094539169658673927e-02
5.129225337441312149e-02
5.144672905589686707e-02
5.134026600717334077e-02
5.098987546080024913e-02
5.049016478733392432e-02
4.998127487488090992e-02
4.960310857859440148e-02
4.945085016515804455e-02
4.954644008830655366e-02
4.983535669452976435e-02
5.020934036292601377e-02
5.054658297740388662e-02
5.075462537934072316e-02
5.080026531504699960e-02
5.071580851654289290e-02
5.058061748059117235e-02
5.048786654879222624e-02
5.051476381777320057e-02
5.071677245359751396e-02
5.116100717350491323e-02
5.200177489314228296e-02
5.358547064679441974e-02
5.655743495663045906e-02
5.218217465517227538e-02
5.166626451318734325e-02
5.075413804661366157e-02
4.981393072739592753e-02
4.909381557808956131e-02
4.870053444028599188e-02
4.860703217855188996e-02
4.868812279164558277e-02
4.877562984620453790e-02
4.871873662341386080e-02
4.843332839664071798e-02
4.792691469629062340e-02
4.729278336890274659e-02
4.667635657824575901e-02
4.622541056596674025e-02
4.604097547417040914e-02
4.614544119976926595e-02
4.647852980269817635e-02
4.692214186070486903e-02
4.734487465611891821e-02
4.764982269989559427e-02
4.780795044644037262e-02
4.786462603078689426e-02
4.791745918919332325e-02
4.807585786329582334e-02
4.842238407218246721e-02
4.899918049704865552e-02
4.983753119086031802e-02
5.103569823040743358e-02
5.287296604001312517e-02
5.593137285541160963e-02
5.130243899111519568e-02
5.111155156191671267e-02
5.025279848268837668e-02
4.915124110993929207e-02
4.811453648289898410e-02
4.731054826697800308e-02
4.677193822135450318e-02
4.642725038866046816e-02
4.615109167934861034e-02
4.582046464201994240e-02
4.536213152459822595e-02
4.477816634607734159e-02
4.414324992831097916e-02
4.357604464166797698e-02
4.319531111104879528e-02
4.307652863644761965e-02
4.322461827541701496e-02
4.357281811826396734e-02
4.400838002038653940e-02
4.441582057916093618e-02
4.472150705987587571e-02
4.492220687825465575e-02
4.508578570676036179e-02
4.532306097826221958e-02
4.574233244784409180e-02
4.640795537125086412e-02
4.732739047176437452e-02
4.848554564887308516e-02
4.993153721807175316e-02
5.190480628516525030e-02
5.497009731334401295e-02
5.066764184812200256e-02
5.051888083835365251e-02
4.961726847250247374e-02
4.835419079608982429e-02
4.703135296585969627e-02
4.584069139673374593e-02
4.486315009125974029e-02
4.408789606532081962e-02
4.344800988474162295e-02
4.286355638760142028e-02
4.228016674460377544e-02
4.169216233276529238e-02
4.114392776682507247e-02
4.071037199173588306e-02
4.046457369986455888e-02
4.044541312032379210e-02
4.063826160563621670e-02
4.097716590331401676e-02
4.136882918828632683e-02
4.172988929349230602e-02
4.202287607768084854e-02
4.227549383358564228e-02
4.257340863841818646e-02
4.302714586810907349e-02
4.372568389226216823e-02
4.469844476989237592e-02
4.590980384091380984e-02
4.730395662772934884e-02
4.890373778471257538e-02
5.094837578144506551e-02
5.403752668644301593e-02
5.067417950340313837e-02
5.013381158642005175e-02
4.896334882505470887e-02
4.745207463565748185e-02
4.583939627627842128e-02
4.430020164727466181e-02
4.293751545628765598e-02
4.178696599410613999e-02
4.083383026591036469e-02
4.003874315822031349e-02
3.936452958441805094e-02
3.879560560744721442e-02
3.834374375583138317e-02
3.803899671765975654e-02
3.791041480144485831e-02
3.796557430177927017e-02
3.817884836462326348e-02
3.849514984176494181e-02
3.884945908794179559e-02
3.919517855683807284e-02
3.952925850171595812e-02
3.990157787484349683e-02
4.040121730940882117e-02
4.112178471405059099e-02
4.211881543596973643e-02
4.338029620703309774e-02
4.483291080396156758e-02
4.639977870101574808e-02
4.811101189261535183e-02
5.024992302787723020e-02
5.350045085651800036e-02
5.137242131604580209e-02
5.004731071676360443e-02
4.838906667282572016e-02
4.654130873677786440e-02
4.464027270296355709e-02
4.280795418890193105e-02
4.113975077780196443e-02
3.969445031543727964e-02
3.849246738536749035e-02
3.752397008065599948e-02
3.676380412071011961e-02
3.618703586107585579e-02
3.577876799681689590e-02
3.553467590245418251e-02
3.545328408654313534e-02
3.552516843774355948e-02
3.572615668235812336e-02
3.602000938553828746e-02
3.637148890993557870e-02
3.676498134154826403e-02
3.721952391788363457e-02
3.779063977708574384e-02
3.855373326223343611e-02
3.957214212277904153e-02
4.086244915379211307e-02
4.237658073543570936e-02
4.402105456392746419e-02
4.572669041954213753e-02
4.756786057987483218e-02
4.991237706417450681e-02
5.356655953073641285e-02
5.260442374856211245e-02
5.025407664652448148e-02
4.797162821341771632e-02
4.573755620367592201e-02
4.356434996589086950e-02
4.149836314172716811e-02
3.960391059808898717e-02
3.794076082704123110e-02
3.654590020596515387e-02
3.542631145683117211e-02
3.456365896272473037e-02
3.392657583754044026e-02
3.348375855421181768e-02
3.321197468903847039e-02
3.309665815322659910e-02
3.312707897566724569e-02
3.329104794829618186e-02
3.357415455684531480e-02
3.396563591377343982e-02
3.446838386298622936e-02
3.510672201809938997e-02
3.592468799615744501e-02
3.697090945206582546e-02
3.827316718525253236e-02
3.981403806392336264e-02
4.152507416438311338e-02
4.331751858990173787e-02
4.516065359348431230e-02
4.720523056312231347e-02
4.993212509725708514e-02
5.429058853042079136e-02
5.415258069842820987e-02
5.072293844568775967e-02
4.778208777861436829e-02
4.515452374471351504e-02
4.273017730156425387e-02
4.047425514727365226e-02
3.840879857307299972e-02
3.658022626768797636e-02
3.502805472817271948e-02
3.376580872281920165e-02
3.277807544509414583e-02
3.203058532380964607e-02
3.148577483079861850e-02
3.111575084039941430e-02
3.090760871418751776e-02
3.086079598870128393e-02
3.098032475099898875e-02
3.127115640381816775e-02
3.173742396757006645e-02
3.238627887913025916e-02
3.323218206060118973e-02
3.429585458070505410e-02
3.559427693835459650e-02
3.712396974151488394e-02
3.884718104382045567e-02
4.069629790319595486e-02
4.261248360126046464e-02
4.462818049796624109e-02
4.699019034160301089e-02
5.030346279090736061e-02
5.566042773716617376e-02
5.585711895400891080e-02
5.145266871841158718e-02
4.790138069074600935e-02
4.489896035374840721e-02
4.223310020461212844e-02
3.979911394708324224e-02
3.757919526833575219e-02
3.560233018652070314e-02
3.390353676513768733e-02
3.249665678595192730e-02
3.136665544298011810e-02
3.047877932840492576e-02
2.979601149854715914e-02
2.929486185894347727e-02
2.897243498591706157e-02
2.884312669630162418e-02
2.892850426724180579e-02
2.924662303121294826e-02
2.980615025444421917e-02
3.060699001071043313e-02
3.164465764712076634e-02
3.291311554494313896e-02
3.440186625812202692e-02
3.608806499687489122e-02
3.793137888715136796e-02
3.988512835348956287e-02
4.193846666021272540e-02
4.419877423060825095e-02
4.701121840480482206e-02
5.109628778154728934e-02
5.767094428301788867e-02
5.767635922529734671e-02
5.249578140501398593e-02
4.842439084313809872e-02
4.506905269954586402e-02
4.214838915504515171e-02
3.951116224925499409e-02
3.711283266602549702e-02
3.496965121303219348e-02
3.311157332791481167e-02
3.155032754875719547e-02
3.026962609146721661e-02
2.923468910739757121e-02
2.841137218638323247e-02
2.778338758798781782e-02
2.735926466993987560e-02
2.716686010535340756e-02
2.723941125441342592e-02
2.760060819855425507e-02
2.825564244994893670e-02
2.919127033965196460e-02
3.038277626910712570e-02
3.180220277863554657e-02
3.342247284308541566e-02
3.521648456808179617e-02
3.715730039402842522e-02
3.923186495376285166e-02
4.148274731414858252e-02
4.408756036718841642e-02
4.747400804626522586e-02
5.245241618104046211e-02
6.033205676794750616e-02
5.968555503932293504e-02
5.394741036434425041e-02
4.944742613588459790e-02
4.574766190489754081e-02
4.253527919354382902e-02
3.964062468730844557e-02
3.701051900861784816e-02
3.465794683143030852e-02
3.261121163086500019e-02
3.088002007280010730e-02
2.944573348213452846e-02
2.827232325216755271e-02
2.732718414335977286e-02
2.659912135277409106e-02
2.610446188191417605e-02
2.587914162722881883e-02
2.596154688217211515e-02
2.637482593127060682e-02
2.711684341193176806e-02
2.816153960884548724e-02
2.946951912599615753e-02
3.100136805733200163e-02
3.272693400504067540e-02
3.462820682034362108e-02
3.670091961976140738e-02
3.896711196284741163e-02
4.151376376103144139e-02
4.456842546642292291e-02
4.861114145023748279e-02
5.450549363013124093e-02
6.361521927465219051e-02
6.203050173644442111e-02
5.591063300380483270e-02
5.104469683283241466e-02
4.698975558858364820e-02
4.343511884508188814e-02
4.021792224375531077e-02
3.729298706457484514e-02
3.467945649754256010e-02
3.240824450040236115e-02
3.048814063367899507e-02
2.889749620226211846e-02
2.759722793416585773e-02
2.655330140260048211e-02
2.575526747386902571e-02
2.522156428312882781e-02
2.498982151155360043e-02
2.509778943203855306e-02
2.556458345497958362e-02
2.638112801651004702e-02
2.751367884047795087e-02
2.891769258712884039e-02
3.055448210216127336e-02
3.240265940257813781e-02
3.446113246900495142e-02
3.674856030556838959e-02
3.931219723017420620e-02
4.226256413676310331e-02
4.584650965989567339e-02
5.055928337242221460e-02
5.727891937567619607e-02
6.738875072187511250e-02
6.486441988818114623e-02
5.845824708376312628e-02
5.324651554110459983e-02
4.881063394714146852e-02
4.486523399828001857e-02
4.127047467045485973e-02
3.799920977326110005e-02
3.508214899920858443e-02
3.255533351330086589e-02
3.042756021022796631e-02
2.867411647457629442e-02
2.725180401466786861e-02
2.612277916341554374e-02
2.527347355498932302e-02
2.471944232820533216e-02
2.449490239087026566e-02
2.463325539429206401e-02
2.514882369723636657e-02
2.602882495557423681e-02
2.723906877508852631e-02
2.873983480094466358e-02
3.050336206797510386e-02
3.252421613433398306e-02
3.481910673144739121e-02
3.742172339116223156e-02
4.038682889949996024e-02
4.382182820700109005e-02
4.795997151086339727e-02
5.327670527185546234e-02
6.063225432444596663e-02
7.140472302125999704e-02
6.829737489169929177e-02
6.161090426030568779e-02
5.603269647690467536e-02
5.118442216189578176e-02
4.681575963331852108e-02
4.281431561685167253e-02
3.917188868217635900e-02
3.593015090154949576e-02
3.312969091348350048e-02
3.077948548889253289e-02
2.885253963177092373e-02
2.730221961974166334e-02
2.608664051513187587e-02
2.518754459742922336e-02
2.461496515024919063e-02
2.439695302746258676e-02
2.456104173325002193e-02
2.511770167620852590e-02
2.605440242041368037e-02
2.734299484291113913e-02
2.895596482267137617e-02
3.088230238063260913e-02
3.313406843517441303e-02
3.574081625265534967e-02
3.873869983362965286e-02
4.217028425773605704e-02
4.611505338107235730e-02
5.076599884341703728e-02
5.655406106961891055e-02
6.430247327079996467e-02
7.537310927000362426e-02
7.237740796699654311e-02
6.534290963463718072e-02
5.934847747994353995e-02
5.405917986354324967e-02
4.925688881485257298e-02
4.485009486961644143e-02
4.084195131144952029e-02
3.727880849328357726e-02
3.420225287845823914e-02
3.162089346733409911e-02
2.950717949715908617e-02
2.781373793550301343e-02
2.649700784240849316e-02
2.553526750125456601e-02
2.493305841926485300e-02
2.471174666425213218e-02
2.489292083191685379e-02
2.548441599356010556e-02
2.647669766156468540e-02
2.785131234850268811e-02
2.959610597463324666e-02
3.171765101433265954e-02
3.424236732826102525e-02
3.720465215155854821e-02
4.063054670405108482e-02
4.453479222138412297e-02
4.895272526482585818e-02
5.402305188908940181e-02
6.012277368427021429e-02
6.803465600387426093e-02
7.910676161554874852e-02
7.710626661719288677e-02
6.961364109156420454e-02
6.313977282115956768e-02
5.738721411034930497e-02
5.215874157147482038e-02
4.737011225370224565e-02
4.302298215043265373e-02
3.915871503704693168e-02
3.581466584000736475e-02
3.299825469730421901e-02
3.068388176325242966e-02
2.882764596142806113e-02
2.738861693069338799e-02
2.634492325887549669e-02
2.569756262528244406e-02
2.546206625993363559e-02
2.565443517232779413e-02
2.628024655859917402e-02
2.733344456646591425e-02
2.880539909529034048e-02
3.069823686382733285e-02
3.303295890509616584e-02
3.584469998895656317e-02
3.916497138561680913e-02
4.300121018604841083e-02
4.733307290007360280e-02
5.214785683347145095e-02
5.753101759182754904e-02
6.381191841501276940e-02
7.174317976750899106e-02
8.267063824314391240e-02
8.247683797526406124e-02
7.441003990243189037e-02
6.739437527721747756e-02
6.116045179078355432e-02
5.551823652785969898e-02
5.037574656307697296e-02
4.571971240511629730e-02
4.157677714829333127e-02
3.797501609369646758e-02
3.492010918853338808e-02
3.239122914965264499e-02
3.035255246504675597e-02
2.877063145569991320e-02
2.762742011691443622e-02
2.692295231099706143e-02
2.666811527160461992e-02
2.687339905241969973e-02
2.754132568952627480e-02
2.866769017418846488e-02
3.025101253297179937e-02
3.230376222927588969e-02
3.485622393782250583e-02
3.794654982630163431e-02
4.159846049151383340e-02
4.579854870098643005e-02
5.049372228677384555e-02
5.563142045139102265e-02
6.125783308380050585e-02
6.767267092800466344e-02
7.561680978687945753e-02
8.644779822498094290e-02
8.851040639274287969e-02
7.977943566947942600e-02
7.217066118755610660e-02
6.543552968651056290e-02
5.938115601020399481e-02
5.389708979782881215e-02
4.894574872741941363e-02
4.453246605407912284e-02
4.067288213991560042e-02
3.737099854333791882e-02
3.461318922927603126e-02
3.237534947402309626e-02
3.063526321784593165e-02
2.938176647876389325e-02
2.861589138046838343e-02
2.834465661726426333e-02
2.857267796935047954e-02
2.929796521493699402e-02
3.051556466380134225e-02
3.222739668854046613e-02
3.445158444810658693e-02
3.722276756889186800e-02
4.057823968469165266e-02
4.453290921810548753e-02
4.905625983519712463e-02
5.407234661106485873e-02
5.950501988263567910e-02
6.538229451689403504e-02
7.199665562802692875e-02
8.009585570835042745e-02
9.105803306738380343e-02
9.527308060205541551e-02
8.583500483655370772e-02
7.759837316552875564e-02
7.033485081774415448e-02
6.384684281510999426e-02
5.800306511082453653e-02
5.273949927504872903e-02
4.803885386354522780e-02
4.390406001766677946e-02
4.033810152031946927e-02
3.733581156120635569e-02
3.488623960583936423e-02
3.297966546961106360e-02
3.161271158023737371e-02
3.078788693528622389e-02
3.050838089257013053e-02
3.077247210603673011e-02
3.157253644894808531e-02
3.290090757946018130e-02
3.476007723656948656e-02
3.717047294776421040e-02
4.016810463508591056e-02
4.378821453428827226e-02
4.803921715210890397e-02
5.288083358755102381e-02
5.822734365210635588e-02
6.399706034426344559e-02
7.022028834762750193e-02
7.720081800653133541e-02
8.570431813859613612e-02
9.712728689919458702e-02
1.028614277784072328e-01
9.272762379259802401e-02
8.384672842657892033e-02
7.601856107794446871e-02
6.904896516789449379e-02
6.279328483651624992e-02
5.716721051430795342e-02
5.213527988235000521e-02
4.769034367927815765e-02
4.383526927995262668e-02
4.057280847337096930e-02
3.790363839652854949e-02
3.582857675792183727e-02
3.435017618176061660e-02
3.347107993613462895e-02
3.318999621842522174e-02
3.349879648885689676e-02
3.438440078753046691e-02
3.583646485640201718e-02
3.785770034301094711e-02
4.047025178442709148e-02
4.371132030792068690e-02
4.761540011531906202e-02
5.218839680310338736e-02
5.738781226682476699e-02
6.312920930940890685e-02
6.933855605893768370e-02
7.606087838939856738e-02
8.361873182730050758e-02
9.279335881728911772e-02
1.049830220290459692e-01
1.113628724851878360e-01
1.005932847547228448e-01
9.106955187598941848e-02
8.263528954557841644e-02
7.511670876556308940e-02
6.837169103528140113e-02
6.230870624131057411e-02
5.688320629997178912e-02
5.208267192210769281e-02
4.791049809136893600e-02
4.437481594504788518e-02
4.148344845452811569e-02
3.924267158436123282e-02
3.765650055720470846e-02
3.672471465688431635e-02
3.644039541541133076e-02
3.678962509729899466e-02
3.775578540808055550e-02
3.932844068185659125e-02
4.151323292899178341e-02
4.433658535708673298e-02
4.783940533525310457e-02
5.205828966427361593e-02
5.700023850658908486e-02
6.262496369890868664e-02
6.885392143158242106e-02
7.562392707040999085e-02
8.299392339540645480e-02
9.129725419188616797e-02
1.013124295277521014e-01
1.144085894084128086e-01
1.208100874464435037e-01
1.094982169779541437e-01
9.934946065914118662e-02
9.027123277337523177e-02
8.213202121260110289e-02
7.481288819690234959e-02
6.823192929732613266e-02
6.234697016770951450e-02
5.714566774986451492e-02
5.263205447408836335e-02
4.881557204498676583e-02
4.570466605218825862e-02
4.330391526309540495e-02
4.161261743865907192e-02
4.062361557589611039e-02
4.032294627540977672e-02
4.069209476438118145e-02
4.171420976490480825e-02
4.338342193659627810e-02
4.571348442550515756e-02
4.874009026389103383e-02
5.251210070855449885e-02
5.707127936329925433e-02
6.242712883977219462e-02
6.854060306795872748e-02
7.533462769060861319e-02
8.274748658732278273e-02
9.083599156292621046e-02
9.991998145414981991e-02
1.107417999082827009e-01
1.245992451076745056e-01
1.311543455449282192e-01
1.194085425850062165e-01
1.086676361519494094e-01
9.892225755538675003e-02
9.010472835143445991e-02
8.213971579971257597e-02
7.497159927152097225e-02
6.857183040119707584e-02
6.293355121306376532e-02
5.806129485426936299e-02
5.396152690809685737e-02
5.063661122403573245e-02
4.808213498472468928e-02
4.628637568384874612e-02
4.523106836131773889e-02
4.489374426339054480e-02
4.525259524234570563e-02
4.629419955745106563e-02
4.802256196126108989e-02
5.046559720358345658e-02
5.367404175194678828e-02
5.770910199498757720e-02
6.261952823842875659e-02
6.841526296921074390e-02
7.505117367691127583e-02
8.243767411477165297e-02
9.049273392884060740e-02
9.924081782446592115e-02
1.089498748151527252e-01
1.202810065879020840e-01
1.344118386223271955e-01
1.422776084691577125e-01
1.302048534525965806e-01
1.189194574108114466e-01
1.085087538376683369e-01
9.898459043324692175e-02
9.033054407336749136e-02
8.253009471081895754e-02
7.557730672488105483e-02
6.947549391770735383e-02
6.423040154186310247e-02
5.984315979003440589e-02
5.630584876780631021e-02
5.360028772702207789e-02
5.169948854745598510e-02
5.057117604883387685e-02
5.018328868754906580e-02
5.051159029244445264e-02
5.154876324377255514e-02
5.331273466435959563e-02
5.585028837958816439e-02
5.923152448667678982e-02
6.353254437271971256e-02
6.880814426403958350e-02
7.506235627442947589e-02
8.223030449153156951e-02
9.018740646206424572e-02
9.879926380745018832e-02
1.080168267253611702e-01
1.180078289580706041e-01
1.293002450183848850e-01
1.429011638756492175e-01
1.540483284552465193e-01
1.417459739968762733e-01
1.299803438159869984e-01
1.189384851859358605e-01
1.087171749422850553e-01
9.936542890500277281e-02
9.091238096516462974e-02
8.338051497776177712e-02
7.678797448897967115e-02
7.114514646673342213e-02
6.645016168113215826e-02
6.268628366160555743e-02
5.982239297736668959e-02
5.781662574008805677e-02
5.662281690456438810e-02
5.619936175935436040e-02
5.651978964306181297e-02
5.758342090121004730e-02
5.942303487245226279e-02
6.210535193531541154e-02
6.572029887320240960e-02
7.035739113416639157e-02
7.607215563257341273e-02
8.285134077596012503e-02
9.059074504693853669e-02
9.910146878610248677e-02
1.081573491537710652e-01
1.175876957750006113e-01
1.274064429271675181e-01
1.379545289291854715e-01
1.500208329416636843e-01
1.664068667523679323e-01
1.539658261990553001e-01
1.418057444043370197e-01
1.302031344566785265e-01
1.193324097694130614e-01
1.093041161620931234e-01
1.001926783610542770e-01
9.205207047853036784e-02
8.492138350629829802e-02
7.882413906190777197e-02
7.376540990662761033e-02
6.972992631563101895e-02
6.668310739769367501e-02
6.457587271142983809e-02
6.335332307935459539e-02
6.296670973097207025e-02
6.338719142513582483e-02
6.461859810588066466e-02
6.670508464958402328e-02
6.972886173753067851e-02
7.379409320856211707e-02
7.899603300029411912e-02
8.537949302262859419e-02
9.289657230692682788e-02
1.013783612324914429e-01
1.105368749849731103e-01
1.200100715250300709e-01
1.294541148108692141e-01
1.386743219027266605e-01
1.477724399210273987e-01
1.572768632413499290e-01
1.794503587916551623e-01
1.669702683993818937e-01
1.545317251930100610e-01
1.424766986910981359e-01
1.310372638017724967e-01
1.203717184198467294e-01
1.105936021558591165e-01
1.017902982785017230e-01
9.403139069399912842e-02
8.736933429099735804e-02
8.183609147454262711e-02
7.743940709769958630e-02
7.416175564503646456e-02
7.196399937311070971e-02
7.079462968613370322e-02
7.060402776551200077e-02
7.136148157223942690e-02
7.307085930733592249e-02
7.577939987095305696e-02
7.957376713966368698e-02
8.455910750853945501e-02
9.082067232156987302e-02
9.837321613304084167e-02
1.071095633706136141e-01
1.167645010846172227e-01
1.269114018559776014e-01
1.370052373804355739e-01
1.464766846074780915e-01
1.548692338201362872e-01
1.619974600944260601e-01
1.680936050706804963e-01
2.027099006772914436e-02
3.065652374607452657e-02
4.356154071865603328e-02
5.619798214502225164e-02
6.656793990441656206e-02
7.357368728298752103e-02
7.697295723301067483e-02
7.720780706404184457e-02
7.515450585196958855e-02
7.185037762974388897e-02
6.825065157318022102e-02
6.505572413880145177e-02
6.263022782877669670e-02
6.101426139503018931e-02
6.000840080378111452e-02
5.930111717680119909e-02
5.860197487709228881e-02
5.774682299306732602e-02
5.675091351804439910e-02
5.580008973265648820e-02
5.518583273078547791e-02
5.520376960157591384e-02
5.604453510568419006e-02
5.770863477664534003e-02
5.997255494003184140e-02
6.242247763111663517e-02
6.455663403539801948e-02
6.594064918863296043e-02
6.638574797580076847e-02
6.611072767373116221e-02
6.584754273990256479e-02
4.051516842628188897e-02
4.268505410800571553e-02
4.756405622720194515e-02
5.325526597880525514e-02
5.834449571193545125e-02
6.197995522961718962e-02
6.385254501219606027e-02
6.409577697922941297e-02
6.313550199774908833e-02
6.152391059731598943e-02
5.978973779565421864e-02
5.832868349898490123e-02
5.734696012586937286e-02
5.685909387466381304e-02
5.673074592050397769e-02
5.674998237373074517e-02
5.670684411597903818e-02
5.646149241874809377e-02
5.598517029648064636e-02
5.536505427517113276e-02
5.477257313759764656e-02
5.440364366586436518e-02
5.440679556340910494e-02
5.481978764146333560e-02
5.553559954933007248e-02
5.631400264610419981e-02
5.684557435961323790e-02
5.686254723514139187e-02
5.627785198885248974e-02
5.532318493351340294e-02
5.465185654975357465e-02
5.119776030551292934e-02
4.924363102145434823e-02
4.970928536567953415e-02
5.140131332518649288e-02
5.338026005119900219e-02
5.501506607834016904e-02
5.598181915411259979e-02
5.621829566007363610e-02
5.585066310595721006e-02
5.510972307092742994e-02
5.425192995244287886e-02
5.349635808306629770e-02
5.298410489194793627e-02
5.276223190230666660e-02
5.279067701485473663e-02
5.296761791396420449e-02
5.316640817909501493e-02
5.327545969703351147e-02
5.323164351648301817e-02
5.303852287397603504e-02
5.276350899293902330e-02
5.251295534617383964e-02
5.239055138736148365e-02
5.245074447884690017e-02
5.266327844947227277e-02
5.290545966272475198e-02
5.299435635606641881e-02
5.276198633509920910e-02
5.216446672238816973e-02
5.140396126262203325e-02
5.103358527048840187e-02
5.493863652009167708e-02
5.170593478032969870e-02
5.029603940783999860e-02
5.004935429678880610e-02
5.040616658152430318e-02
5.093969238441786729e-02
5.136489400319987908e-02
5.152928851020988077e-02
5.139234582020435482e-02
5.099869967307313345e-02
5.044847028329968452e-02
4.986666659533511847e-02
4.937351804255740717e-02
4.905849686474539340e-02
4.896192118758335710e-02
4.906824120553210378e-02
4.931359337933827192e-02
4.960686660342616960e-02
4.985922749619930983e-02
5.001334770349785686e-02
5.006220536597538739e-02
5.004944514803355560e-02
5.004891092903562821e-02
5.012875701140728779e-02
5.031305747252190486e-02
5.055832244761404581e-02
5.076151901084813289e-02
5.080944434666889720e-02
5.066764531875378452e-02
5.049350010449416004e-02
5.074639252234192099e-02
5.442540191870648414e-02
5.155553712029359303e-02
4.978923663293244317e-02
4.884890522225759923e-02
4.846735230967169628e-02
4.840303026139736176e-02
4.845079397637164220e-02
4.845153814676450565e-02
4.830162214057054371e-02
4.796002319926628843e-02
4.744918753567617387e-02
4.684569148957962170e-02
4.625935814692638814e-02
4.580357481609098613e-02
4.556366242468357086e-02
4.557240277790697291e-02
4.580099046143004671e-02
4.616945987800136209e-02
4.657428298378363252e-02
4.692439692735206336e-02
4.717297186289215460e-02
4.733258367195958272e-02
4.746664391859667376e-02
4.765868341200985014e-02
4.797066799437743612e-02
4.840854471694910899e-02
4.891474463875056244e-02
4.940200848432141356e-02
4.983138000170583837e-02
5.032244767789961770e-02
5.127006757174967788e-02
5.201158591444254853e-02
5.013799775770166889e-02
4.869552328455029055e-02
4.765370081440778449e-02
4.695381945202825591e-02
4.651040941826067865e-02
4.621769825462251902e-02
4.596369871433125809e-02
4.565083244233392179e-02
4.521807472337968647e-02
4.465728716604644433e-02
4.401681639137677848e-02
4.338886759069282562e-02
4.288255947176367044e-02
4.259007227665279061e-02
4.255672636645613238e-02
4.276560947619145736e-02
4.314310897461837158e-02
4.358463921380462125e-02
4.399226635723607615e-02
4.431077901972457767e-02
4.454815782082732767e-02
4.477126617712201551e-02
4.507665573328267783e-02
4.554690526128979400e-02
4.621114984183805063e-02
4.703108268222422339e-02
4.792900901156826876e-02
4.886295020332909189e-02
4.993826173813431524e-02
5.153014188908855431e-02
4.944635459469282068e-02
4.848340102398651652e-02
4.745359057778841816e-02
4.645559118216624483e-02
4.555708251427859068e-02
4.478728579124435782e-02
4.413558502710657194e-02
4.355994720390299335e-02
4.300496477662818506e-02
4.242502881970722228e-02
4.180513390747364610e-02
4.117153418337693438e-02
4.058735584840178490e-02
4.013346148713026196e-02
3.988057752576423809e-02
3.986265199637273327e-02
4.006191189546370879e-02
4.041250267619034275e-02
4.082295280386460945e-02
4.121025234780972824e-02
4.153296315780607983e-02
4.180981941317440942e-02
4.211470495647517964e-02
4.254771007254021242e-02
4.319239570759236813e-02
4.407772950071375817e-02
4.516597256588283926e-02
4.638318181241629645e-02
4.769737831884413026e-02
4.923362667614128441e-02
5.139979454543208703e-02
4.776877280164626427e-02
4.722655430668964982e-02
4.636490764096379280e-02
4.531200430938042700e-02
4.418431105295894668e-02
4.307541876187315211e-02
4.204605008999351412e-02
4.112113361043157056e-02
4.029676221398403868e-02
3.955544545897282660e-02
3.888418182032182813e-02
3.828818371403031051e-02
3.779441530059557408e-02
3.744308197929058224e-02
3.727032721508294344e-02
3.728954390680883080e-02
3.748004452791064978e-02
3.778948649414815009e-02
3.815106100955745205e-02
3.850996026449138299e-02
3.884868344175629318e-02
3.919966032117372379e-02
3.963750413095112890e-02
4.025118649587966502e-02
4.110598581610247493e-02
4.221271965070627630e-02
4.352415379253216088e-02
4.497372494370210916e-02
4.656015956425108016e-02
4.846602073666872457e-02
5.118305264477385208e-02
4.736055825196672231e-02
4.662660442409105599e-02
4.557665300671942532e-02
4.428996724891476333e-02
4.286400168348336592e-02
4.140464753436390311e-02
4.000895610806765035e-02
3.874904169060755521e-02
3.766408869705628604e-02
3.676314248878043145e-02
3.603645715338643640e-02
3.546966644353233278e-02
3.505426700576208532e-02
3.479013634205330163e-02
3.467993266531266272e-02
3.471942582109477371e-02
3.489010737393982708e-02
3.515964713005814701e-02
3.549206040042918175e-02
3.586430844734422863e-02
3.628177783684805036e-02
3.678388684784295037e-02
3.743410609604325145e-02
3.829543043684680015e-02
3.940060598688432947e-02
4.073294460249599069e-02
4.223530952731380239e-02
4.385987436398863792e-02
4.566002881620079279e-02
4.791081622533965856e-02
5.122997786384075880e-02
4.811689069902058691e-02
4.666367749450728297e-02
4.511223456938751042e-02
4.343875873746583238e-02
4.166990610247012228e-02
3.987863806833047420e-02
3.816213570826221257e-02
3.661342275154311210e-02
3.529808878374751657e-02
3.424348331463988870e-02
3.344180418935138732e-02
3.286306171503383666e-02
3.247089954675175250e-02
3.223459560831543058e-02
3.213366054114885628e-02
3.215572051703929901e-02
3.229166264645755291e-02
3.253293121815659106e-02
3.287388142780400813e-02
3.331833709671627730e-02
3.388581884792074561e-02
3.461150989460293204e-02
3.553607672802172601e-02
3.668686487799277529e-02
3.805878610000945628e-02
3.960868014837615192e-02
4.127795796375721693e-02
4.305339650454698130e-02
4.506511177896754816e-02
4.770659268251620233e-02
5.174835403158795089e-02
4.967357016721507534e-02
4.717384705145377666e-02
4.493108642782317474e-02
4.279030937323113903e-02
4.067649119679117575e-02
3.859861663659103215e-02
3.662538160278927535e-02
3.484691948688123375e-02
3.333815340010914952e-02
3.213554948160890490e-02
3.123212563514243811e-02
3.058829264773521572e-02
3.015107550891116261e-02
2.987291726458352059e-02
2.972350624622777104e-02
2.969247088185511529e-02
2.978510419779922813e-02
3.001567181490827352e-02
3.040243404393550009e-02
3.096580749843269587e-02
3.172781378088984638e-02
3.270913114829454571e-02
3.392115696624387056e-02
3.535454517987091094e-02
3.697130332875531167e-02
3.871205871109850705e-02
4.053078527795150876e-02
4.246445040189428255e-02
4.473473852704046294e-02
4.786567945120623335e-02
5.278850400645751506e-02
5.162523806211538613e-02
4.797940859862137586e-02
4.499268273502821103e-02
4.237613835721276700e-02
3.994489202159456909e-02
3.763108684506732970e-02
3.545934929570648819e-02
3.350143259740434587e-02
3.182920011749956757e-02
3.048139116435777396e-02
2.945179090602323413e-02
2.869763426133431494e-02
2.816038236778695136e-02
2.778838148515205830e-02
2.755260428239125758e-02
2.745131691335700452e-02
2.750473890046123415e-02
2.774436611798591912e-02
2.820229670032858849e-02
2.890385747014079243e-02
2.986361036892049015e-02
3.108246032206807286e-02
3.254375325923319906e-02
3.420934890164062381e-02
3.602141962619498372e-02
3.791979655215982348e-02
3.988531921640969813e-02
4.201506695244461298e-02
4.462553987832507119e-02
4.836706272180890664e-02
5.432067922083660960e-02
5.368301468115532771e-02
4.897964077827055007e-02
4.530177311971783638e-02
4.224533044180134311e-02
3.952798225509468466e-02
3.701003579772077501e-02
3.467065599397756159e-02
3.255798360623884946e-02
3.073500562459230423e-02
2.923928824020549655e-02
2.806611840787809342e-02
2.717466426838655025e-02
2.650888035714160651e-02
2.602149621816352010e-02
2.569086178846191615e-02
2.552539663156494498e-02
2.555636121542192996e-02
2.582405030261725187e-02
2.636378952593076974e-02
2.719628455815836787e-02
2.832341029716189951e-02
2.972760824195574969e-02
3.137256702757440507e-02
3.320539453125093132e-02
3.516495127405505627e-02
3.720509515551384538e-02
3.934245779964840040e-02
4.173410049406811595e-02
4.478085631853900850e-02
4.923946384224109352e-02
5.631460331642301753e-02
5.574546649586409330e-02
5.018463818851159886e-02
4.592156084254384041e-02
4.247076757019385695e-02
3.947979245276656002e-02
3.675569727784022689e-02
3.424219468433875591e-02
3.196728744660504162e-02
2.998503732669632882e-02
2.833121069124899805e-02
2.700339740840718150e-02
2.596548199653625488e-02
2.516785459010861814e-02
2.457097564183641225e-02
2.416143371374346316e-02
2.395497815450653434e-02
2.398743780213408172e-02
2.429922904411796480e-02
2.492055679613258690e-02
2.586237523064482957e-02
2.711429871851578355e-02
2.864726781263016164e-02
3.041794155433308333e-02
3.237422448000870645e-02
3.446607742807827890e-02
3.667019250860903412e-02
3.903843236912507564e-02
4.177584830904379487e-02
4.534447312471456826e-02
5.057597652921685949e-02
5.876368930330500007e-02
5.788593157922150567e-02
5.169543703959789127e-02
4.695514790364541113e-02
4.313878956600092351e-02
3.985807405842933804e-02
3.689215020858682692e-02
3.416533282143063843e-02
3.169384262582752854e-02
2.952607088082004339e-02
2.769677672768011689e-02
2.620608115103095770e-02
2.502302413631696254e-02
2.410475953365676105e-02
2.341875611455179751e-02
2.295714059437159449e-02
2.273800123657565564e-02
2.279513212852180004e-02
2.316248454735614359e-02
2.386072535591665655e-02
2.489080402301624417e-02
2.623508997203316540e-02
2.786294362158514559e-02
2.973680934519506991e-02
3.181773878168314695e-02
3.407464161864481866e-02
3.650666338216979057e-02
3.918981956667266786e-02
4.235496195906307548e-02
4.649395954766077921e-02
5.247698737366590649e-02
6.165017378225456923e-02
6.028301813057623804e-02
5.365069094841601327e-02
4.850796009122859687e-02
4.432695309515111148e-02
4.071670222037937492e-02
3.745316414278931916e-02
3.445732338877860457e-02
3.174239805957768112e-02
2.935478325525764376e-02
2.732898533577099442e-02
2.566708129597827792e-02
2.434209856437519193e-02
2.331619620963465422e-02
2.256114066403824836e-02
2.207070862641558051e-02
2.186055592028424144e-02
2.195772525737993419e-02
2.238646170007996261e-02
2.315757192263845354e-02
2.426551596727222204e-02
2.569265689817257226e-02
2.741636305290739983e-02
2.941426173492800444e-02
3.166655007225926965e-02
3.416051637032069266e-02
3.690832549182232469e-02
3.999111744633410126e-02
4.363810159702552482e-02
4.833821481588529423e-02
5.496657402545679361e-02
6.489294545463053510e-02
6.313300559122581035e-02
5.616832079977029935e-02
5.065048141841543838e-02
4.608134689624421299e-02
4.209273590822704136e-02
3.847562972805462778e-02
3.515890998824033886e-02
3.215842145436909050e-02
2.952042379183694720e-02
2.727894314739387482e-02
2.543681849783752114e-02
2.396940092148724943e-02
2.284174763190094382e-02
2.202728949487209320e-02
2.151841786690056324e-02
2.132543684274423867e-02
2.146671373338904232e-02
2.195681503508239985e-02
2.279932031524367630e-02
2.398739148338790983e-02
2.551017559017054737e-02
2.735959962592460215e-02
2.953241106297355145e-02
3.202689120371360332e-02
3.484090568963438272e-02
3.798449800524394959e-02
4.152231394255068153e-02
4.565609963174210861e-02
5.084519009687937796e-02
5.794594475446501747e-02
6.833463904331438243e-02
6.658054723084205762e-02
5.930777130561182275e-02
5.339912542694946751e-02
4.840601967589464039e-02
4.399738486972637475e-02
3.998790061450563371e-02
3.631831427628640085e-02
3.300786914769560099e-02
3.010180320416111499e-02
2.763225938542746007e-02
2.560151003126520663e-02
2.398606117640156299e-02
2.275272189581301063e-02
2.187536151905078441e-02
2.134385278623085469e-02
2.116256495355628431e-02
2.134176329127512872e-02
2.188850425591226667e-02
2.280289190821349621e-02
2.408144998480565846e-02
2.572436752961948514e-02
2.774029257125221193e-02
3.014351140882354230e-02
3.294394969998393208e-02
3.613857222080696374e-02
3.971970781276468188e-02
4.371771954174619168e-02
4.828944765904452652e-02
5.385012082115281373e-02
6.122787483036518097e-02
7.180221896851435304e-02
7.068998897011624649e-02
6.306657999084563926e-02
5.672424254589714110e-02
5.127193767111748457e-02
4.641893733059987426e-02
4.200302243407350034e-02
3.797388692328240722e-02
3.435051449923776090e-02
3.117393504362553358e-02
2.847232425119727850e-02
2.624646115873474628e-02
2.447391211171634495e-02
2.312356264155823737e-02
2.217023179400712252e-02
2.160200690559577197e-02
2.141855243826285005e-02
2.162401967507321388e-02
2.222072529548313469e-02
2.320840639004018158e-02
2.458949880383443087e-02
2.637603820767253637e-02
2.859135452308692038e-02
3.126179617538582534e-02
3.440026106545701623e-02
3.799212322337552905e-02
4.200123132613953203e-02
4.641505007748492062e-02
5.134096758411033079e-02
5.715064462856389582e-02
6.464932594099082053e-02
7.522823273757239804e-02
7.545992008090252057e-02
6.740896329574752599e-02
6.058178691455395892e-02
5.464371600101003423e-02
4.933955802698619664e-02
4.452335808309726417e-02
4.014662404370028526e-02
3.622207044099923223e-02
3.278247332491446286e-02
2.985012986755464226e-02
2.742417577246669680e-02
2.548422840482089669e-02
2.400278486311435699e-02
2.295733251958154142e-02
2.233599706960376352e-02
2.213573218614328653e-02
2.235675124393310398e-02
2.299872928415425122e-02
2.406246007012668997e-02
2.555622086219955236e-02
2.750157915579620749e-02
2.993169733963441104e-02
3.287808041204698384e-02
3.634902132034767419e-02
4.031212937843520194e-02
4.470030745142139494e-02
4.946118631050921977e-02
5.466194256587186828e-02
6.064505678659770638e-02
6.820960693585220724e-02
7.877340390405151993e-02
8.086586819990770891e-02
7.231032444542506710e-02
6.495419311977457255e-02
5.851326893025543541e-02
5.275987749337218702e-02
4.755580336495768279e-02
4.284681551507674158e-02
3.863380399707239121e-02
3.493813163368031383e-02
3.177526095532812178e-02
2.914335519017186016e-02
2.702567359665408731e-02
2.540026276255957782e-02
2.424923815124202520e-02
2.356264270201791078e-02
2.333649258071091026e-02
2.356858897837810218e-02
2.425685698108281940e-02
2.540282443806063384e-02
2.701848970900755376e-02
2.913080911093857139e-02
3.177705820417031646e-02
3.498792297614272684e-02
3.876293772191274911e-02
4.305204692354891449e-02
4.776362120173871517e-02
5.281910160556435585e-02
5.826542841532500461e-02
6.443918377044610679e-02
7.215498750156257302e-02
8.287136835861019790e-02
8.690661868604365736e-02
7.779536093585193157e-02
6.988122346228919923e-02
6.292476841190364212e-02
5.671960402833065018e-02
5.112953184288926423e-02
4.609018462360836565e-02
4.158797004492953420e-02
3.763188344601076096e-02
3.423091660079080611e-02
3.138338874850887805e-02
2.907759677327703685e-02
2.729848583112470806e-02
2.603400751831941307e-02
2.527722445665858686e-02
2.502420569362584502e-02
2.527102157182525843e-02
2.601380929991137236e-02
2.725355338770896196e-02
2.900311131088528782e-02
3.129054338205605745e-02
3.415246083750389516e-02
3.761519544059410691e-02
4.166950765647925436e-02
4.625342343933880329e-02
5.126370586367556825e-02
5.661553275422193110e-02
6.236023062228923663e-02
6.885333844547858462e-02
7.694397599698277190e-02
8.813777395698707551e-02
9.363128826953470707e-02
8.395100921916309744e-02
7.546517696027876809e-02
6.797752909915288910e-02
6.130219617625698447e-02
5.530512706172885373e-02
4.991276049258885905e-02
4.509850834438111633e-02
4.086065135197713971e-02
3.720313425583299249e-02
3.412534584640525281e-02
3.162095608422532678e-02
2.968171506654471159e-02
2.830118245037738234e-02
2.747535250091459602e-02
2.720049480558373034e-02
2.747114544035866857e-02
2.828147441323380917e-02
2.963088707474526018e-02
3.153097463655285537e-02
3.400799204246141016e-02
3.709522819553967565e-02
4.081395901448559016e-02
4.514941560046281666e-02
5.003655759355751798e-02
5.537558523792540655e-02
6.109550336987012997e-02
6.727395625057397410e-02
7.430411408859072253e-02
8.307877572951838374e-02
9.514417615719139576e-02
1.011354555666912347e-01
9.090723883127793670e-02
8.184574298502411693e-02
7.380234663287410513e-02
6.661782236187718809e-02
6.016704368812497705e-02
5.437371160951443017e-02
4.920356349612120539e-02
4.464778184774331748e-02
4.070695553673431277e-02
3.738146214163862169e-02
3.466896126337815076e-02
3.256601073371712118e-02
3.106987914361525327e-02
3.017822541005443782e-02
2.988709953206125647e-02
3.018976996827404946e-02
3.107894606364425272e-02
3.255269832152407616e-02
3.462105045036878437e-02
3.730782122875098139e-02
4.064280433522071689e-02
4.464376703253947198e-02
4.929502528102602810e-02
5.453701522492337972e-02
6.028561185667058453e-02
6.649779590225080028e-02
7.329013289563590661e-02
8.109971016529016197e-02
9.085769227385753766e-02
1.041294083952379879e-01
1.095302051217004191e-01
9.879376592289190739e-02
8.915368266752921045e-02
8.051905769389122725e-02
7.276919046853436157e-02
6.579972110193921253e-02
5.954182941786712036e-02
5.396104653482325375e-02
4.904564428579760715e-02
4.479382871795678511e-02
4.120532341039506719e-02
3.827849090157542378e-02
3.601088031427934766e-02
3.440013802173780277e-02
3.344346338417381048e-02
3.313604758295696229e-02
3.347059912630356848e-02
3.443996346322819591e-02
3.604280509171076119e-02
3.828944528504507616e-02
4.120299211353994906e-02
4.481165762990713120e-02
4.913235544518101960e-02
5.415237079432699829e-02
5.982272041728720069e-02
6.608037060505012050e-02
7.291398657253012061e-02
8.047799795167520642e-02
8.924394378846045583e-02
1.001600338095158804e-01
1.147752241886337288e-01
1.189012157810793724e-01
1.076928351722017396e-01
9.746363375961664133e-02
8.819357244647108018e-02
7.981492102408083156e-02
7.225764593749772757e-02
6.547134053107583895e-02
5.942855918692657724e-02
5.411786345939617604e-02
4.953462296543875709e-02
4.567472318740328774e-02
4.253254412469686940e-02
4.010171342088142410e-02
3.837620063859503716e-02
3.735026590584311634e-02
3.701762208947911859e-02
3.737152843677904457e-02
3.840738971484825015e-02
4.012767002132022753e-02
4.254646672052331269e-02
4.568956306320615113e-02
4.958664062723983079e-02
5.425624240888282657e-02
5.969010914122918621e-02
6.584948088129749522e-02
7.268883274809923023e-02
8.021978276519803330e-02
8.861857349256752059e-02
9.836584870208753273e-02
1.103910937345062848e-01
1.261810664582299069e-01
1.292804226359294262e-01
1.176120393138262443e-01
1.067696787504246458e-01
9.681639813425135799e-02
8.775011670877574943e-02
7.954633480403572321e-02
7.218139994802186266e-02
6.563965944224037230e-02
5.991114942298736423e-02
5.498658950091339648e-02
5.085418113594641909e-02
4.749956936575472355e-02
4.490785658708773553e-02
4.306570093467598781e-02
4.196226811473025009e-02
4.158930182165931910e-02
4.194170649134321138e-02
4.301985826896270737e-02
4.483336400153348222e-02
4.740391523955622688e-02
5.076370122696971521e-02
5.494679625553544611e-02
5.997451643634121865e-02
6.584115600708173588e-02
7.251167279900982976e-02
7.994523754314286634e-02
8.815572900130064227e-02
9.731155614281306043e-02
1.078637676291691605e-01
1.206766498835349921e-01
1.371234502003062516e-01
1.406479679426411167e-01
1.284946675405080896e-01
1.170006717293290421e-01
1.063191716420988087e-01
9.652039191132644191e-02
8.763059492775937542e-02
7.965608575614169240e-02
7.259406495722942054e-02
6.643526596599258482e-02
6.116371214011451229e-02
5.675726888148346916e-02
5.319017214787891135e-02
5.043672601459547877e-02
4.847463792248163372e-02
4.728705406159861013e-02
4.686355547164566815e-02
4.720123016886645928e-02
4.830671413947129622e-02
5.019874717254424468e-02
5.290909401810495183e-02
5.647876473813084885e-02
6.094756638049148023e-02
6.633834126841975376e-02
7.264216406474588439e-02
7.981532524718204513e-02
8.780081493387115188e-02
9.658425467932829633e-02
1.062861158097803127e-01
1.172798035258892924e-01
1.303118269752303604e-01
1.465899111208273098e-01
1.529688732189242728e-01
1.402702217455953360e-01
1.280774122533330228e-01
1.166319929689052515e-01
1.060739949534763582e-01
9.647748283896362409e-02
8.787575181122520007e-02
8.027642642628052272e-02
7.366953244491014630e-02
6.803230200239340775e-02
6.333345447274041362e-02
5.953795819732476957e-02
5.661184107884764671e-02
5.452613175293663517e-02
5.325947324308799580e-02
5.279982523643411696e-02
5.314615418319590390e-02
5.431059088004985824e-02
5.632024582155281678e-02
5.921640316591947339e-02
6.304824383187224157e-02
6.785950468474766240e-02
7.366980198639794253e-02
8.045695592591073364e-02
8.815084712477982976e-02
9.665094588854117319e-02
1.058769588744326029e-01
1.158544511345098726e-01
1.268259531170770060e-01
1.393657454791537020e-01
1.544669587456155568e-01
1.662523297818552237e-01
1.529299210505996598e-01
1.399957111698313383e-01
1.277668949296639767e-01
1.164403743132425006e-01
1.061265937132702675e-01
9.687746515919570811e-02
8.870680916879791766e-02
8.160432307340670377e-02
7.554514695584657602e-02
7.049688167535350658e-02
6.642505194758996367e-02
6.329726179319550283e-02
6.108609414150123484e-02
5.977112159962416627e-02
5.934082050225697458e-02
5.979511491386801936e-02
6.114845136471558362e-02
6.343187705715536140e-02
6.669127438726718538e-02
7.097867573975236155e-02
7.633519097362295724e-02
8.276762534660520032e-02
9.022551658563315868e-02
9.858939566765911877e-02
1.076826016214909032e-01
1.173163494568143506e-01
1.273704940831521526e-01
1.379016548544313991e-01
1.492586390122596640e-01
1.621759101253701374e-01
1.806082968359987717e-01
1.665980410543852486e-01
1.529049779146589572e-01
1.398981105012353510e-01
1.278086390539101558e-01
1.167651617761293892e-01
1.068267415466834791e-01
9.801009081638767384e-02
9.030961501048295759e-02
8.371068598717101850e-02
7.819728265167213976e-02
7.375535796018084511e-02
7.037335024870117195e-02
6.804138884035637602e-02
6.675084260496078059e-02
6.649564325198298320e-02
6.727596408018143848e-02
6.910332880579517223e-02
7.200443528927280568e-02
7.601972307747928426e-02
8.119285909924656153e-02
8.754948676869389601e-02
9.506766598497051746e-02
1.036474625871051103e-01
1.130914291825320106e-01
1.231092963407718344e-01
1.333576125016406877e-01
1.435179014806635678e-01
1.534062871542118955e-01
1.630959115991572617e-01
1.730241904569993494e-01
2.549806557726697065e-02
2.920088793325703591e-02
3.817126970352546778e-02
4.910836021190334577e-02
5.945109288222738542e-02
6.754741623080917634e-02
7.265599961465341039e-02
7.480602079158416018e-02
7.456257440389890689e-02
7.275585146635421552e-02
7.023046366884955205e-02
6.765875464770942926e-02
6.544233123713638633e-02
6.370413350305170752e-02
6.235389843641314656e-02
6.119655145812430419e-02
6.004792200837982818e-02
5.882538091464084573e-02
5.759098891212488525e-02
5.653880241516162641e-02
5.593285516442847438e-02
5.601487329840892926e-02
5.690850864084495697e-02
5.854834275487519335e-02
6.065694243261532392e-02
6.278283049505262170e-02
6.439848591799091082e-02
6.504314319136028644e-02
6.448322845426446293e-02
6.285635632957564667e-02
6.076465491696581012e-02
4.774830633505189326e-02
4.444717369369755033e-02
4.596773533558007330e-02
4.994979803450405598e-02
5.450857204596104566e-02
5.836264858953654766e-02
6.084655355152790435e-02
6.182583776171668433e-02
6.154695456280023791e-02
6.046059200525633059e-02
5.905540121602825820e-02
5.773067956033628434e-02
5.672409715043613687e-02
5.609702666333760135e-02
5.576816828761366196e-02
5.557792517356574535e-02
5.536231141741154715e-02
5.501608640406630002e-02
5.452957707166206092e-02
5.399105690594296902e-02
5.355517463976866566e-02
5.338624495925614610e-02
5.359177715945406817e-02
5.416515851902659051e-02
5.495601037546293810e-02
5.568210855199140497e-02
5.598837330762762576e-02
5.554765440683695488e-02
5.418696324159100186e-02
5.201394347568566445e-02
4.951405936481023673e-02
5.806457448125001974e-02
5.179825945924676489e-02
4.956327083345968276e-02
4.975516949707525782e-02
5.104532897530589253e-02
5.247373877864447422e-02
5.346855706375208683e-02
5.380416744446847588e-02
5.351755148512893356e-02
5.280581331317080185e-02
5.192603619434521534e-02
5.111367937570321374e-02
5.052910229278495535e-02
5.023512495608883910e-02
5.020286958097130992e-02
5.033899451518664137e-02
5.052491703463601880e-02
5.065757049669628032e-02
5.068166458295308985e-02
5.060530471018864773e-02
5.049430275539634749e-02
5.044539283699123189e-02
5.054424516129074618e-02
5.081951562169706449e-02
5.120765590982045978e-02
5.154344510447117500e-02
5.158726282388670370e-02
5.109224719853955321e-02
4.990400831229635514e-02
4.807492387953971047e-02
4.596714139916002750e-02
6.009480581815296318e-02
5.359360237343935296e-02
5.014085841321502812e-02
4.871887577610323206e-02
4.844881150711444207e-02
4.865344469362753443e-02
4.887812459128326736e-02
4.887732920542475767e-02
4.857767060093465261e-02
4.802858471521176398e-02
4.735023242392344400e-02
4.668557966215303168e-02
4.616123866435373202e-02
4.586000208655605093e-02
4.580695689219282940e-02
4.597001789807109162e-02
4.627413074194919318e-02
4.662597423885017633e-02
4.694321336137363687e-02
4.718017227423842996e-02
4.734142236338811927e-02
4.747711537493159994e-02
4.765889197005890310e-02
4.794193330235430039e-02
4.832516007445519790e-02
4.872547211562050506e-02
4.898135555777116679e-02
4.889542709133820608e-02
4.831538284634007141e-02
4.724071919918060303e-02
4.593184167788422201e-02
5.738528663641773164e-02
5.213329050093307160e-02
4.891715021221898496e-02
4.715312584448838606e-02
4.631431356756365858e-02
4.596841122474870645e-02
4.579453359474427998e-02
4.558421044202987105e-02
4.523197234084364027e-02
4.471948417631210759e-02
4.409517459134804085e-02
4.345004657807294279e-02
4.289052722742781043e-02
4.251072285114787519e-02
4.236839967779815197e-02
4.247016092267585918e-02
4.277047400682931766e-02
4.318614688236266375e-02
4.362316693004686385e-02
4.400806068588281050e-02
4.431308917264686897e-02
4.456514376943232492e-02
4.483272696234053001e-02
4.519290907046524808e-02
4.568848471899400465e-02
4.629181583368335851e-02
4.689347300882218406e-02
4.732943560884450562e-02
4.745070149510866031e-02
4.722605818460579030e-02
4.685604327096370980e-02
5.289835536314058118e-02
4.935257557735894807e-02
4.694731444760691375e-02
4.539571126952068880e-02
4.442950452357763425e-02
4.381729137821821496e-02
4.337318198668072000e-02
4.296050559059949592e-02
4.249382071429863572e-02
4.193980207492131740e-02
4.131503594544483349e-02
4.067773489077808335e-02
4.011151800659717992e-02
3.970236388704506680e-02
3.951342376967659220e-02
3.956486531387781724e-02
3.982596600690158084e-02
4.022364116099197417e-02
4.066628729924559593e-02
4.107590605417499319e-02
4.141731053823605180e-02
4.171272400708403438e-02
4.203405031148577109e-02
4.247281092102639377e-02
4.309683419705834240e-02
4.391020500770537183e-02
4.483574528421740979e-02
4.573570160937379114e-02
4.647656276574707590e-02
4.703033521218458191e-02
4.759085359182790853e-02
4.872367871575988829e-02
4.662459378232597373e-02
4.499677336207241751e-02
4.372908716322854161e-02
4.272211563511518762e-02
4.189301338919904083e-02
4.117420365946600214e-02
4.051153124601114541e-02
3.986562373756896704e-02
3.921682220970978960e-02
3.857077138673048466e-02
3.796008507924852893e-02
3.743831010069698095e-02
3.706544097803998739e-02
3.688830807368503883e-02
3.692242610122775659e-02
3.714280307031003758e-02
3.748890527640469372e-02
3.788407682441174984e-02
3.826375805510906503e-02
3.860233622253872454e-02
3.892734782857587561e-02
3.931313736393349245e-02
3.985333588934736326e-02
4.062045642058365047e-02
4.162843173253349960e-02
4.281695967074483633e-02
4.407323161285603419e-02
4.529707776237046346e-02
4.650196349030011334e-02
4.793038610660005361e-02
4.600698322974494658e-02
4.471018988260766491e-02
4.349797619943274185e-02
4.233144512545550242e-02
4.119607232132693753e-02
4.009959150425856933e-02
3.906118268059799448e-02
3.809953590098302811e-02
3.722588338132482022e-02
3.644445152167463675e-02
3.575860256387386471e-02
3.517801057751057670e-02
3.472176330978982151e-02
3.441440507594961673e-02
3.427571480278857052e-02
3.430868237046524882e-02
3.449197114969138056e-02
3.478209749300731346e-02
3.512675766251049936e-02
3.548558417242020369e-02
3.585029855457833037e-02
3.625480833579786122e-02
3.676842372078681365e-02
3.747169824055163190e-02
3.842246466228971258e-02
3.962650524044875056e-02
4.103006504738004878e-02
4.254815277090528980e-02
4.413332971307681873e-02
4.587655669820378534e-02
4.811829515529097989e-02
4.507106587698217481e-02
4.383897307707229629e-02
4.258805297286016867e-02
4.126876360533060506e-02
3.987831930135143921e-02
3.845767919847276062e-02
3.707339186075842008e-02
3.579427439399296418e-02
3.467242780607193708e-02
3.373447315243538469e-02
3.298375355370808393e-02
3.240975056542083621e-02
3.199870105891022831e-02
3.174010524526238441e-02
3.162684077688027173e-02
3.165046803769655526e-02
3.179608896607533097e-02
3.204154937702696770e-02
3.236348419159185141e-02
3.274873695045243949e-02
3.320587419148068875e-02
3.376986648800084367e-02
3.449478872789768502e-02
3.543445954710477963e-02
3.661776448279852048e-02
3.803120342490728945e-02
3.962342839076882228e-02
4.134318012802395970e-02
4.321321700263069943e-02
4.543042441946454346e-02
4.846986278789700009e-02
4.566571832401677966e-02
4.387800548283848912e-02
4.220361114130355418e-02
4.052325754310004413e-02
3.878929510392481461e-02
3.702679573325440288e-02
3.531104835565201938e-02
3.373388852924108505e-02
3.237211779924109578e-02
3.126781675382517278e-02
3.042435180395841599e-02
2.981566239031963050e-02
2.940227923681959510e-02
2.914657605288084596e-02
2.902195377100724727e-02
2.901456761173903942e-02
2.911997181945480406e-02
2.933894150191918015e-02
2.967603114666417241e-02
3.014167137735057622e-02
3.075534265371970832e-02
3.154547275335062295e-02
3.254258827655576169e-02
3.376602456410182640e-02
3.520994247810449451e-02
3.683914757129969075e-02
3.860677326883887872e-02
4.050250815635081381e-02
4.263166987948352471e-02
4.531385293375933543e-02
4.917847554315812886e-02
4.726452597242314368e-02
4.453058396757114679e-02
4.219741990527836606e-02
4.004267974232789129e-02
3.793835394753841683e-02
3.585927566018654034e-02
3.385920493747107685e-02
3.202913222776260227e-02
3.045457473490387201e-02
2.918544530984945595e-02
2.822524962539318949e-02
2.753867133287712932e-02
2.707066487346310169e-02
2.676778762543108314e-02
2.659388221218250692e-02
2.653623730293475091e-02
2.660291745269205421e-02
2.681517440942116082e-02
2.719947877631057054e-02
2.778196909639518708e-02
2.858524111798033118e-02
2.962524430768098682e-02
3.090609110950026661e-02
3.241324068221729249e-02
3.410979575710371137e-02
3.594455297570675611e-02
3.788150435138959438e-02
3.995711890456732363e-02
4.236373536696191877e-02
4.554652138176606968e-02
5.029087092407280579e-02
4.933021736360387877e-02
4.551000885840039700e-02
4.244110437139170244e-02
3.979003441054373980e-02
3.733569734322372824e-02
3.498658098396845162e-02
3.275765760918147862e-02
3.072336921468377113e-02
2.896638408128637820e-02
2.753883192781358957e-02
2.644527087977621704e-02
2.564769570017233491e-02
2.508557522378396243e-02
2.470037269813474268e-02
2.445481911126989871e-02
2.434129138418938965e-02
2.437892295711208135e-02
2.460320519458036870e-02
2.505344436212908477e-02
2.576232008868828416e-02
2.674909135384950787e-02
2.801555984478909522e-02
2.954327699262648821e-02
3.129237791290506721e-02
3.320598391292151064e-02
3.522747856914065778e-02
3.733880012441659346e-02
3.962452345149358734e-02
4.235871403216151521e-02
4.610098610282875597e-02
5.177806325809797272e-02
5.149305220402311534e-02
4.664992761536268517e-02
4.288775510212872177e-02
3.977575527096632868e-02
3.700774942990392447e-02
3.442755357536952943e-02
3.200791926064994186e-02
2.980070358898956329e-02
2.788004114700015634e-02
2.629746154707390815e-02
2.505995651881676167e-02
2.413220818561967462e-02
2.345594053622335196e-02
2.297512216318864375e-02
2.265624082065187395e-02
2.249711411423049867e-02
2.252335812954697758e-02
2.277636567305307835e-02
2.329867988009937108e-02
2.412176704092416912e-02
2.525844825140666217e-02
2.669955359306186438e-02
2.841340577288065106e-02
3.034831109107472003e-02
3.244160136091522872e-02
3.464205010095611215e-02
3.695326590968761593e-02
3.950228852045256644e-02
4.262969500268809497e-02
4.698682843445567414e-02
5.361553010880015790e-02
5.362035638972884044e-02
4.793768972012912855e-02
4.358477576897712424e-02
4.006299236789345741e-02
3.700444528658408672e-02
3.420363141049165279e-02
3.159875757410191000e-02
2.922115041292272508e-02
2.713573702203575522e-02
2.539278125914279372e-02
2.400281252630520612e-02
2.293643479060847312e-02
2.214201990864239633e-02
2.156977538834325969e-02
2.119116969697643071e-02
2.100700805021915585e-02
2.104337260243482888e-02
2.133943994704168290e-02
2.193324519612360746e-02
2.285042863513808697e-02
2.409804725903086364e-02
2.566269734234083444e-02
2.751124167116358876e-02
2.959418800310231745e-02
3.185543666768353432e-02
3.425566545047331601e-02
3.681753802811726928e-02
3.969730276730842888e-02
4.327899851341499016e-02
4.827606825710972771e-02
5.581430441088741645e-02
5.578916178637882695e-02
4.948209200665587559e-02
4.464474072301527485e-02
4.074791980383452028e-02
3.739321979810483754e-02
3.434842107526492327e-02
3.153098671464249492e-02
2.895834516675677150e-02
2.668829492176882923e-02
2.477000479120761156e-02
2.321770516573451459e-02
2.200883511977735907e-02
2.109970538003835827e-02
2.044739331176970154e-02
2.002719776646699756e-02
1.983945959364064038e-02
1.990537739766295999e-02
2.025604066147934645e-02
2.092056008405052125e-02
2.191769855562597513e-02
2.325223520165309310e-02
2.491440600715577602e-02
2.688022077200002968e-02
2.911280517582781613e-02
3.156928911630529910e-02
3.422187145042698830e-02
3.710269147995859385e-02
4.037817374046426266e-02
4.444920846435707062e-02
5.006098495505284518e-02
5.839427440514555201e-02
5.819841437914874405e-02
5.144448257487965748e-02
4.619477589585585520e-02
4.192664496076758951e-02
3.824239929963368922e-02
3.490606717241462320e-02
3.182879052474163473e-02
2.902134531177580357e-02
2.653672684391494840e-02
2.442275450448505580e-02
2.269632212119176984e-02
2.134077638038434088e-02
2.031962126784492284e-02
1.959578201058320701e-02
1.914660034526605159e-02
1.896926555491518229e-02
1.907696976559236646e-02
1.949013749253936112e-02
2.022808838228229433e-02
2.130446051887702197e-02
2.272627285856287926e-02
2.449385981890372932e-02
2.659896812110673636e-02
2.902162255486473441e-02
3.173168844659812748e-02
3.470575647952500731e-02
3.797107172431424260e-02
4.168355124420486391e-02
4.623641993384808302e-02
5.238191645184997469e-02
6.133508605125825852e-02
6.106654894392704591e-02
5.396786212804727256e-02
4.832916089799255133e-02
4.366476261930074543e-02
3.960264210763853043e-02
3.592088697769213468e-02
3.253499355923850089e-02
2.945387536601629108e-02
2.672650205204263330e-02
2.439799677813425660e-02
2.248588259681127965e-02
2.097751373366918415e-02
1.984205738699529320e-02
1.904703197942581028e-02
1.857071198173798621e-02
1.840622747840825468e-02
1.855835999595001340e-02
1.903741146088577807e-02
1.985472564410883933e-02
2.102186736010480672e-02
2.255181115469895303e-02
2.445824230380821973e-02
2.674996931455098093e-02
2.942187180451583117e-02
3.245011542458087206e-02
3.580464875267352909e-02
3.949294816993642598e-02
4.364340474421624094e-02
4.862478739960351959e-02
5.518239560478832573e-02
6.455666067631682381e-02
6.455382119020214304e-02
5.713197406294057146e-02
5.108475588349392638e-02
4.598331863235216588e-02
4.149643798882607371e-02
3.742599146789871156e-02
3.369661454053130001e-02
3.031636883679311723e-02
2.732887312595266849e-02
2.477420470677316189e-02
2.266808923741336912e-02
2.099990472197532654e-02
1.974314139806665480e-02
1.886926456063520163e-02
1.835755711363162845e-02
1.819796884956303984e-02
1.838861996657215059e-02
1.893223202205263078e-02
1.983517776534426957e-02
2.110973228991497308e-02
2.277646203583572060e-02
2.486190624767914414e-02
2.738856252108234912e-02
3.035968402400612831e-02
3.374861861811950803e-02
3.750808295444585383e-02
4.161536411265842617e-02
4.616285584052093327e-02
5.148979404475539923e-02
5.833362820703769103e-02
6.796329869393957779e-02
6.873104391706874594e-02
6.094717578525887802e-02
5.444699314830359071e-02
4.886704154341714457e-02
4.392189421923831105e-02
3.943892674578819424e-02
3.535114134137984365e-02
3.166351205436512828e-02
2.841154628549702466e-02
2.562766731716692448e-02
2.332371687225531787e-02
2.148968343681190163e-02
2.010269359743688256e-02
1.913825706287752837e-02
1.857764762826263905e-02
1.840954001818317920e-02
1.862810153397731483e-02
1.923156275006476790e-02
2.022404644230846316e-02
2.161995071219280362e-02
2.344662921677809209e-02
2.573992517136503011e-02
2.852985668869223446e-02
3.182020118401851505e-02
3.557360223203431815e-02
3.971962965442799032e-02
4.420329758431762457e-02
4.908386542228981853e-02
5.467877755290828645e-02
6.172879788209684193e-02
7.154329042532481253e-02
7.359479689330328256e-02
6.538232439925195649e-02
5.838046761346049607e-02
5.229045637679519132e-02
4.686996660893782973e-02
4.196804606181103736e-02
3.752199560403823853e-02
3.353009682905394584e-02
3.001697926083579659e-02
2.700553400791250169e-02
2.450258341559674591e-02
2.249815182585734874e-02
2.097291300015058368e-02
1.990688974910881370e-02
1.928451724234037101e-02
1.909512392012402415e-02
1.933139150787610561e-02
1.998949635890312493e-02
2.107285259990021586e-02
2.259770478121936321e-02
2.459547822945751250e-02
2.710621191363316029e-02
3.016088611911982298e-02
3.375758514448534697e-02
3.784469455422367901e-02
4.232997450162656605e-02
4.713381596957333386e-02
5.229624875937588513e-02
5.813120881066424772e-02
6.540180728916311637e-02
7.547280484141083434e-02
7.911168346618069336e-02
7.040866927854949608e-02
6.286792650644201785e-02
5.624927672761259601e-02
5.034717988019110635e-02
4.502674494870007038e-02
4.022531458758749068e-02
3.593179087329190224e-02
3.215862403158098459e-02
2.891880276729352772e-02
2.621418669878039509e-02
2.403496450278908014e-02
2.236547444772440940e-02
2.119052113266661763e-02
2.049836805963423103e-02
2.028018649434670806e-02
2.052869199542328715e-02
2.123929189110640436e-02
2.241494154441170394e-02
2.407222262991126627e-02
2.624311324325390160e-02
2.896687487373128533e-02
3.227050695568323135e-02
3.614372284209821373e-02
4.052267791121266782e-02
4.530195401457604021e-02
5.039308272534981370e-02
5.583835892321076244e-02
6.197188312216894701e-02
6.959965985879534855e-02
8.015311981580452994e-02
8.526631718268617988e-02
7.603724910586606711e-02
6.793860322795808315e-02
6.078174399590352550e-02
5.439221973938401788e-02
4.864742300560465083e-02
4.348299227422103286e-02
3.887841006508097053e-02
3.483496200351510197e-02
3.135704941814765334e-02
2.844256516254972667e-02
2.608223770221229643e-02
2.426388880121521652e-02
2.297671006817836314e-02
2.221259695943444967e-02
2.196479415579233319e-02
2.222659319522790611e-02
2.299300201411824673e-02
2.426605724031105638e-02
2.606088042375631630e-02
2.840691519668325782e-02
3.133911460463423282e-02
3.487821642193011940e-02
3.900673815223854035e-02
4.365533648524433374e-02
4.871888556954218075e-02
5.411979778000386432e-02
5.992602667538449168e-02
6.651419759873533621e-02
7.474838351481594145e-02
8.612820805137744173e-02
9.209101577289402485e-02
8.233258539985399693e-02
7.367230932868551463e-02
6.596876274852547795e-02
5.907664036931237206e-02
5.288595498132053763e-02
4.733275356556987390e-02
4.239018607768230140e-02
3.805152716813609004e-02
3.431502515741158277e-02
3.117584798019379377e-02
2.862525860837195069e-02
2.665365560096688569e-02
2.525338102714158595e-02
2.441895914671476930e-02
2.414526967913843691e-02
2.442624393734149635e-02
2.525665369466878474e-02
2.663733350345864892e-02
2.858086323249153793e-02
3.111243253806605935e-02
3.426122266682796180e-02
3.804202456376515329e-02
4.243406499153934419e-02
4.737142567319096997e-02
5.276357175898738205e-02
5.856208992918254808e-02
6.487954263866413385e-02
7.214959828706923872e-02
8.129846923111472279e-02
9.388188951561460271e-02
9.966690026703872718e-02
8.939771446603117511e-02
8.017710062267724425e-02
7.191123533993959427e-02
6.448693741549504921e-02
5.781160337937762961e-02
5.182722507015569136e-02
4.650588851654902101e-02
4.183697010739706457e-02
3.781496679584961385e-02
3.443288602284155786e-02
3.168156924948561937e-02
2.955214852408971637e-02
2.803814997605513781e-02
2.713528668391518295e-02
2.683949946367647499e-02
2.714559661399107426e-02
2.804879193718079478e-02
2.954934794979635626e-02
3.165757768147159368e-02
3.439446448464877903e-02
3.778390629304340109e-02
4.183677760738646612e-02
4.653371163294650614e-02
5.182022239023353904e-02
5.763122094504069537e-02
6.395922881347360089e-02
7.097057331702671945e-02
7.915786645025946200e-02
8.949914993718266487e-02
1.035796618161839433e-01
1.081006857457396109e-01
9.733943740866379812e-02
8.755095965898362920e-02
7.869407538237283006e-02
7.069465921085793525e-02
6.348504486231831834e-02
5.702014356938889250e-02
5.127641343278810382e-02
4.624264775338815525e-02
4.191065142367733642e-02
3.827038078452460468e-02
3.531006466801045462e-02
3.301890275179175660e-02
3.138926900282967836e-02
3.041665023192763329e-02
3.009780046704690903e-02
3.042922481836285442e-02
3.140808790340088308e-02
3.303582981607178226e-02
3.532217365136602893e-02
3.828548557066824287e-02
4.194618976180208847e-02
4.631375248573021963e-02
5.137377289793221280e-02
5.708760914421873167e-02
6.341978734417352825e-02
7.040552984835812822e-02
7.826118586672237143e-02
8.752551334328018129e-02
9.920334290654864162e-02
1.148702690734353382e-01
1.174926220846828073e-01
1.062323041296622250e-01
9.584644133792608045e-02
8.635425807005958632e-02
7.772890743217431009e-02
6.993506236904067919e-02
6.294616397644858807e-02
5.674631860165391117e-02
5.132461406901711598e-02
4.666898607683833688e-02
4.276377097994554788e-02
3.959141994710080326e-02
3.713623156363610178e-02
3.538727392879081890e-02
3.433882936224108562e-02
3.398873082915088162e-02
3.433650238002883270e-02
3.538330485025653616e-02
3.713416430400684476e-02
3.960070121684111655e-02
4.280106836085906252e-02
4.675444380700355396e-02
5.147076540743000805e-02
5.694166145985946059e-02
6.314363026467617601e-02
7.006679166806861758e-02
7.777965180866885930e-02
8.653147822769824415e-02
9.688038869717274792e-02
1.098204851368791424e-01
1.268700398686632980e-01
1.279143467872927431e-01
1.161011763251735829e-01
1.050578134054376278e-01
9.487116338641499169e-02
8.556770202994812280e-02
7.714843784924596548e-02
6.960695347515866160e-02
6.293437099520815536e-02
5.711770908965263516e-02
5.213767864916007966e-02
4.796941343374783173e-02
4.458643998805200681e-02
4.196588182821869850e-02
4.009228393260855228e-02
3.895853713038377464e-02
3.856422413082327694e-02
3.891320002003340051e-02
4.001238016644492745e-02
4.187243412889074534e-02
4.450910693412879482e-02
4.794251966814044863e-02
5.219230762304505333e-02
5.726933277765056118e-02
6.316924729617312551e-02
6.987761869822861627e-02
7.739817116816993803e-02
8.581299712750478648e-02
9.537558933516265824e-02
1.066254302204470150e-01
1.204997405657195486e-01
1.384080395509954542e-01
1.394097553202300332e-01
1.269345642394910101e-01
1.151421070899232291e-01
1.041902572505932767e-01
9.415942410487332381e-02
8.508500004245433956e-02
7.697678145996178500e-02
6.982791217160411179e-02
6.361828549415804446e-02
5.831713908992242068e-02
5.388751817372394726e-02
5.029264872428029776e-02
4.750238573615206406e-02
4.549747629062039778e-02
4.427043134637642652e-02
4.382347802311414853e-02
4.416541702084941790e-02
4.530934469948988408e-02
4.727204900700598955e-02
5.007409853715216741e-02
5.373838519153650850e-02
5.828527377161663026e-02
6.372503149759722874e-02
7.005221812141826376e-02
7.725061684323009104e-02
8.531892994869849645e-02
9.432501514311297797e-02
1.044892867030284833e-01
1.162870934822421987e-01
1.305481655945186503e-01
1.485223508716444485e-01
1.520199430342472624e-01
1.387271177954971790e-01
1.260713740339269862e-01
1.142778863213607110e-01
1.034740361210424453e-01
9.372064202034380287e-02
8.503435624515987001e-02
7.740216331512783654e-02
7.079107424578978680e-02
6.515618674529832788e-02
6.044883901631692424e-02
5.662470148308784701e-02
5.365032961708493531e-02
5.150660146318841726e-02
5.018847187602659687e-02
4.970194708585040644e-02
5.006021597364451736e-02
5.128080682334257290e-02
5.338444194785552099e-02
5.639451948081841692e-02
6.033500679404824041e-02
6.522491236319183372e-02
7.106987217412097380e-02
7.785511309339199215e-02
8.554769986949395388e-02
9.411757249108632095e-02
1.035847540078975726e-01
1.140937182099150959e-01
1.260061495522677433e-01
1.399926667581894435e-01
1.570959322161797900e-01
1.658199285593582317e-01
1.515350871577538783e-01
1.378985079609265085e-01
1.251903514712466858e-01
1.135699479491449893e-01
1.031083201123692561e-01
9.381600793130928650e-02
8.566509842421510257e-02
7.860634984899661504e-02
7.258281362737761810e-02
6.754074665150255896e-02
6.343766706777387299e-02
6.024685208467417397e-02
5.795785895679728128e-02
5.657361359044443816e-02
5.610570297358208336e-02
5.657000318751670420e-02
5.798425548346131109e-02
6.036768378544365987e-02
6.374099743698025122e-02
6.812405658274656162e-02
7.352906611049547791e-02
7.994963739110971801e-02
8.734986899435170926e-02
9.566127308789873496e-02
1.047970998370146845e-01
1.146918496269790921e-01
1.253679137007566169e-01
1.370222447221749462e-01
1.501159230610937811e-01
1.654415989105473273e-01
1.809458908610395156e-01
1.655190637975465506e-01
1.508090969182376284e-01
1.371301025228603976e-01
1.246515366219682619e-01
1.134354914793220814e-01
1.034729170423815958e-01
9.471515738914604299e-02
8.709916875159251504e-02
8.056594544905237854e-02
7.507218632599688135e-02
7.059545527954469435e-02
6.713348556149867363e-02
6.469897993883932941e-02
6.331209882773691788e-02
6.299331598711432889e-02
6.375900935381650925e-02
6.562082923119305633e-02
6.858787337841931731e-02
7.266875549612450413e-02
7.786978818330680951e-02
8.418647426515235566e-02
9.158845688216388226e-02
1.000023246997443493e-01
1.093007015806506388e-01
1.193080813955020858e-01
1.298323978753614938e-01
1.407257992359518539e-01
1.519693387635925319e-01
1.637663969559071120e-01
1.766215656389249489e-01
3.240038612420903519e-02
3.024014828224608209e-02
3.512681317442911677e-02
4.356208349236112554e-02
5.272616766887949780e-02
6.067348748547374271e-02
6.635928448304184712e-02
6.952177678795123938e-02
7.046690397510246839e-02
6.981334835472807754e-02
6.825344914250308648e-02
6.637273041269509122e-02
6.455102385734790005e-02
6.294663988592219539e-02
6.154657294973731041e-02
6.025385873726918362e-02
5.897963885217905045e-02
5.771183909382671118e-02
5.654264874829095788e-02
5.565016512264264748e-02
5.524242607862106524e-02
5.548181388257944491e-02
5.641271028071059845e-02
5.791460624277533498e-02
5.969714902494160924e-02
6.134418530018592719e-02
6.240275114942051005e-02
6.250233370519708842e-02
6.148173644942289684e-02
5.949705681632622145e-02
5.708558880814962322e-02
5.476836163143161684e-02
4.703793843873427249e-02
4.544660673491307534e-02
4.743826300909859128e-02
5.090857901086565107e-02
5.435414554449380375e-02
5.690079103078460321e-02
5.822916416582302190e-02
5.843092923532822169e-02
5.783565206729690544e-02
5.684642977939802222e-02
5.581317550604580902e-02
5.495920930115971714e-02
5.436278896377189085e-02
5.398347065420239232e-02
5.371568124974146485e-02
5.344939025235362351e-02
5.311985982916667126e-02
5.273394577670842409e-02
5.236770856208750047e-02
5.213762009952915832e-02
5.215407600189791992e-02
5.247027119912672788e-02
5.304116485422127880e-02
5.370596664215554483e-02
5.420343881814915221e-02
5.422282602194172796e-02
5.348539321857970208e-02
5.184373928568675183e-02
4.937988884194055572e-02
4.648021180582873058e-02
6.397691389975079801e-02
5.441281869752856437e-02
4.985419217155140359e-02
4.851187417443725280e-02
4.887352258811006323e-02
4.981297286212793551e-02
5.061876301260781474e-02
5.095441668527200818e-02
5.077242881816346198e-02
5.020739651081385091e-02
4.947177807116531767e-02
4.877178209062549286e-02
4.825303273173631169e-02
4.797789535950869322e-02
4.793019718636060134e-02
4.803917512253974564e-02
4.821285805883235298e-02
4.837127402061014436e-02
4.847133547809789889e-02
4.851763029364519753e-02
4.855640394453075714e-02
4.865365053774439730e-02
4.886216736122150905e-02
4.918604496197076514e-02
4.955351579701527953e-02
4.980934909326606430e-02
4.973537966361618601e-02
4.910218242366681807e-02
4.774721344256249722e-02
4.566652631183387712e-02
4.310059957606426906e-02
6.433289195592806209e-02
5.539378727917210199e-02
5.023198638446046971e-02
4.766283747085253708e-02
4.665500640840036795e-02
4.640613351512001827e-02
4.636832399410195649e-02
4.623209064811817370e-02
4.588216943011502735e-02
4.533962822461035103e-02
4.470266582211479545e-02
4.409485172072891146e-02
4.362570696684997529e-02
4.336549649451626465e-02
4.333417758607538417e-02
4.350335837079910561e-02
4.380921013944316655e-02
4.417310166172683239e-02
4.452519955520983785e-02
4.482493690011324361e-02
4.507195850601419806e-02
4.530262069238233380e-02
4.557073408068390563e-02
4.591630738286767155e-02
4.633133304014336318e-02
4.673525951511692256e-02
4.697310874325921759e-02
4.684534093030379154e-02
4.617090450119576417e-02
4.487509058162686415e-02
4.308445324568310753e-02
5.988439335851580836e-02
5.282767396784038283e-02
4.836420480569358915e-02
4.576508426907821558e-02
4.437742269146838225e-02
4.367231288779294118e-02
4.326387616310967132e-02
4.290569724253145978e-02
4.247261820273706689e-02
4.193504292925354093e-02
4.133064967027166858e-02
4.073611530475318432e-02
4.024015048344153911e-02
3.991919184772996232e-02
3.981805515650194138e-02
3.993874062871327624e-02
4.024037318595219404e-02
4.065134227130329236e-02
4.109137252089567482e-02
4.149751217482844368e-02
4.184547690238105133e-02
4.215778282377868891e-02
4.249334827181883156e-02
4.291921554977307096e-02
4.347210058404016308e-02
4.412328869511839002e-02
4.476262362732086331e-02
4.521463447599671781e-02
4.529218243987997994e-02
4.488213596050627530e-02
4.404632509977091104e-02
5.390475202148081735e-02
4.901191285171080381e-02
4.569584419368766248e-02
4.354846094793174416e-02
4.219804369131452404e-02
4.133588122203946114e-02
4.072650251328013837e-02
4.020705053699202836e-02
3.968121444631833583e-02
3.911107601743424311e-02
3.850757369218626991e-02
3.791840651683742180e-02
3.741203058598330244e-02
3.705800997704500332e-02
3.690657042170641944e-02
3.697238782478962094e-02
3.722813056083396077e-02
3.761131053761346266e-02
3.804393802420236170e-02
3.845959246245911345e-02
3.882872710528317839e-02
3.917208963684970513e-02
3.955497900460613891e-02
4.006128257606178522e-02
4.075408000062452629e-02
4.163648989197099581e-02
4.262968068360351026e-02
4.358289212905219756e-02
4.432274366627098061e-02
4.473768769821617752e-02
4.488127743752556853e-02
4.861436910141492262e-02
4.550026791184791364e-02
4.320279423336614855e-02
4.151442885631695390e-02
4.025206872029229999e-02
3.926908142602769658e-02
3.845602495130151510e-02
3.773609128984389827e-02
3.706050875916844234e-02
3.640639894729247317e-02
3.577633370150579140e-02
3.519659731682622805e-02
3.471093975531402975e-02
3.436852494633058086e-02
3.420795390411512926e-02
3.424219717271625996e-02
3.445048462890554219e-02
3.478179654484847561e-02
3.517074260162189603e-02
3.556161565211368725e-02
3.593219436152139679e-02
3.630739688378525898e-02
3.675520713295554742e-02
3.736319924064446241e-02
3.820172978157643229e-02
3.928690229804487899e-02
4.055990529741393402e-02
4.189753098034998402e-02
4.316125734112574719e-02
4.428085974359419197e-02
4.535621419199742377e-02
4.515263864232110791e-02
4.308995813335059211e-02
4.138167873315978795e-02
3.991747199324890971e-02
3.861743203742662445e-02
3.743631624092813581e-02
3.635577063687378541e-02
3.537194734235526994e-02
3.448531665344489738e-02
3.369645658676745370e-02
3.300765625317580998e-02
3.242701023555127904e-02
3.197054094198392704e-02
3.165919805906014517e-02
3.151062096731038764e-02
3.152887932083103806e-02
3.169741320743924007e-02
3.197994313086383045e-02
3.233118528441991657e-02
3.271476786176208407e-02
3.312170525168767199e-02
3.358100618061143905e-02
3.415568835771409795e-02
3.492260183702455834e-02
3.594146260729758069e-02
3.722499442665139213e-02
3.872531469824025407e-02
4.034992196829989552e-02
4.201347271009581164e-02
4.372054904888500459e-02
4.566277266712859273e-02
4.375740999239496887e-02
4.195765573967946693e-02
4.033940472436370328e-02
3.880624094017548487e-02
3.730779445322696120e-02
3.584238159237429500e-02
3.444299822149332613e-02
3.315588349505560473e-02
3.202105171658331528e-02
3.106119945732643828e-02
3.028074509347788990e-02
2.967230854847002774e-02
2.922543675231281668e-02
2.893249013868626207e-02
2.878909678838681430e-02
2.879002600093372166e-02
2.892413848894648254e-02
2.917282363341655582e-02
2.951463684439659119e-02
2.993542303738649935e-02
3.043957694899290800e-02
3.105617253459058702e-02
3.183468430506763980e-02
3.282908866822253913e-02
3.407508092641364783e-02
3.557067199290031567e-02
3.727316400909330696e-02
3.912359292007749900e-02
4.110289002710487694e-02
4.331367514532757923e-02
4.607058606416103430e-02
4.407089720916701481e-02
4.188321153196739033e-02
3.994154631800483912e-02
3.810343790246406570e-02
3.629138742689974606e-02
3.449886194721329957e-02
3.277285451622446999e-02
3.118411607283633202e-02
2.979743598552886397e-02
2.865160396322607994e-02
2.775332212331704795e-02
2.708357736992184073e-02
2.661088127933908254e-02
2.630456564656924456e-02
2.614303216978441924e-02
2.611532797163818032e-02
2.621795456798281521e-02
2.645078624482266605e-02
2.681560658675152808e-02
2.731837770261336118e-02
2.797327229927759618e-02
2.880443623871542513e-02
2.984174300218001008e-02
3.110980612837010995e-02
3.261427187680965289e-02
3.433398825291078538e-02
3.622972560697235167e-02
3.827808102505514398e-02
4.053267430572304875e-02
4.320505992654943839e-02
4.674770719429943711e-02
4.547679984534624964e-02
4.249001106654759496e-02
3.997071200137725100e-02
3.769566347909858450e-02
3.552453659358434379e-02
3.341247288335580379e-02
3.139181507867760956e-02
2.953583569615148008e-02
2.791971199621912092e-02
2.659153212152887136e-02
2.556017550523392856e-02
2.479992235021200031e-02
2.426607317465823144e-02
2.391339234600309283e-02
2.371013634547125548e-02
2.364390787261072546e-02
2.371970075182616711e-02
2.395353496831376106e-02
2.436584149836562574e-02
2.497724768181797117e-02
2.580680162645876408e-02
2.687045517086517066e-02
2.817736379802227020e-02
2.972363618027884513e-02
3.148698448785580695e-02
3.342943063034908846e-02
3.551680480450158939e-02
3.776153063517995179e-02
4.028887581080198288e-02
4.341764876880915835e-02
4.773698017379501835e-02
4.738456164341187105e-02
4.344037371629383415e-02
4.025213613203959540e-02
3.750582016073167324e-02
3.498473920626565814e-02
3.258987884328234941e-02
3.032269491814076900e-02
2.824455974041484296e-02
2.643049402104225010e-02
2.493260802293661982e-02
2.376228821231052279e-02
2.289218362420797348e-02
2.227233180019538850e-02
2.185129496501758695e-02
2.159356884658336639e-02
2.148798588314093649e-02
2.154639401123858988e-02
2.179568643623497337e-02
2.226777910254895687e-02
2.299124214914627373e-02
2.398591607925482094e-02
2.525956671161111444e-02
2.680494656669907272e-02
2.859718013496603817e-02
3.059458146162796766e-02
3.274922318814788014e-02
3.503476834157481790e-02
3.749664460337953642e-02
4.032327033928595483e-02
4.392801497306209058e-02
4.902253125328570604e-02
4.940717329009203240e-02
4.454861299745971337e-02
4.072081897174939513e-02
3.753023023455170915e-02
3.469020240299869329e-02
3.204853009083308280e-02
2.957229026651475579e-02
2.730513986898586154e-02
2.531637015636079013e-02
2.365901094162836671e-02
2.234752921503968537e-02
2.135707139677833766e-02
2.063871956488583237e-02
2.014115497877355665e-02
1.982923381729051471e-02
1.969337096670642495e-02
1.974851453269366175e-02
2.002559696848038584e-02
2.056025985802989453e-02
2.138296604971401393e-02
2.251234484720043838e-02
2.395126910414546728e-02
2.568438417802099138e-02
2.767721549025736749e-02
2.988004502549301833e-02
3.224280946596991271e-02
3.474824923614505678e-02
3.746783114911522716e-02
4.063825272169196978e-02
4.474698093690676615e-02
5.060608009080169722e-02
5.141796206589788198e-02
4.580473922396777198e-02
4.142651746951742098e-02
3.783666271192487329e-02
3.469956679327879101e-02
3.182349275448359549e-02
2.914766034518834203e-02
2.669921712367795408e-02
2.454029352520592511e-02
2.272335946327075362e-02
2.126619656337425113e-02
2.014887961558997631e-02
1.932738690811675042e-02
1.875420701981056482e-02
1.839632965857163072e-02
1.824445482634473592e-02
1.831216969003435224e-02
1.862795527267735451e-02
1.922471589932683855e-02
2.013075217837467790e-02
2.136373115354217589e-02
2.292692824266850948e-02
2.480641122383531183e-02
2.696956211002543569e-02
2.936869938275776803e-02
3.195682042860426009e-02
3.472336503909900784e-02
3.775476627924945205e-02
4.131715554831316695e-02
4.594842562801204622e-02
5.253699191234773025e-02
5.350743271264946088e-02
4.732873536704573780e-02
4.249251317378366366e-02
3.853307769168168306e-02
3.509422455681487918e-02
3.196495011798106134e-02
2.906852182059083134e-02
2.642064809333533049e-02
2.407704851066228002e-02
2.208869540481828153e-02
2.047604520339518785e-02
1.922464561357628554e-02
1.829689039732329547e-02
1.765058413730002940e-02
1.725517759041395038e-02
1.710003310290630907e-02
1.719384276657365263e-02
1.755812393093947321e-02
1.821912195009645075e-02
1.920131835504435003e-02
2.052318841742817312e-02
2.219375909771770239e-02
2.420834531949367374e-02
2.654428954701870680e-02
2.916154603008180857e-02
3.201662118954118341e-02
3.509921020304318517e-02
3.849713262752629817e-02
4.248675143753644079e-02
4.763464564166497439e-02
5.488541448721662164e-02
5.588389721378916875e-02
4.929140150488819927e-02
4.405555895937141031e-02
3.972547572629991919e-02
3.595268538629170507e-02
3.252742120821494609e-02
2.936935611069202423e-02
2.648826413496863097e-02
2.393433307588566095e-02
2.175567587255500257e-02
1.997371777542866766e-02
1.857848599320277572e-02
1.753866518265567720e-02
1.681765053945127875e-02
1.638734685548115522e-02
1.623501471476629376e-02
1.636293686169665307e-02
1.678392516623716801e-02
1.751644369505811483e-02
1.858145101869013160e-02
2.000033092917874455e-02
2.179144123510923237e-02
2.396335724915843457e-02
2.650623374211136252e-02
2.938763264683075249e-02
3.256332670571282506e-02
3.601431212155148387e-02
3.981676421244628727e-02
4.424191085854545236e-02
4.986991459009004757e-02
5.768966465257108212e-02
5.876688200078206137e-02
5.183959964051609859e-02
4.621496297477278858e-02
4.148424157756380737e-02
3.732907894300296903e-02
3.355667834694031626e-02
3.009213747282046825e-02
2.694273793895263225e-02
2.415280586865264922e-02
2.176540711661800742e-02
1.980043319053947926e-02
1.825051959895063192e-02
1.708971823973115534e-02
1.628690931829623878e-02
1.581683471158612520e-02
1.566523330984637141e-02
1.582863907970022410e-02
1.631195566733367741e-02
1.712690501881297678e-02
1.829220450599677861e-02
1.983342603489290923e-02
2.177903251140378416e-02
2.415042552456725389e-02
2.694827003870159388e-02
3.014315436303149909e-02
3.368332864192780107e-02
3.753272804897278547e-02
4.174708324717357755e-02
4.658470370486611500e-02
5.263402481068624184e-02
6.092650967184454203e-02
6.231158586160745472e-02
5.505295293551171198e-02
4.900960556551581249e-02
4.383208417857531458e-02
3.924524811736773700e-02
3.508166359097231179e-02
3.127579748979769647e-02
2.783289730723481625e-02
2.478967599745374173e-02
2.218144405924249440e-02
2.002388573600910604e-02
1.831022850819863379e-02
1.701883329951670021e-02
1.612400723388418555e-02
1.560418549343012273e-02
1.544519521121401340e-02
1.563995322794653475e-02
1.618777780095115304e-02
1.709570763341616839e-02
1.838144376233685762e-02
2.007456145656760782e-02
2.221158467000350356e-02
2.482273642090149224e-02
2.791355510998982936e-02
3.145123033027630299e-02
3.537046695419121534e-02
3.961384925059974194e-02
4.421522002667188644e-02
4.942194711475167423e-02
5.583594171184813604e-02
6.453867027448723093e-02
6.658218822849448770e-02
5.894118480500765145e-02
5.242716384964296594e-02
4.675597955065313727e-02
4.169924075540620834e-02
3.711604082491248846e-02
3.294953837757930160e-02
2.920109810656867921e-02
2.589745006116572767e-02
2.306374991894699633e-02
2.070938490214757621e-02
1.882661096169613302e-02
1.739722321508452296e-02
1.640091869921889156e-02
1.582072851306293160e-02
1.564438211789820343e-02
1.586364857212174684e-02
1.647485469584353268e-02
1.748230301018338650e-02
1.890314811316784471e-02
2.076931936608161777e-02
2.312147108023054898e-02
2.599293339881114662e-02
2.938784038997255266e-02
3.326486205332912505e-02
3.754304576432332397e-02
4.214594871154986322e-02
4.709281461691716686e-02
5.263159125752281398e-02
5.939137426321394742e-02
6.851646498398622498e-02
7.157001906307414174e-02
6.347355015168432146e-02
5.643583025084808469e-02
5.023489164159400389e-02
4.468527098651975393e-02
3.966878494247794151e-02
3.513402925455011427e-02
3.107604366960003972e-02
2.750989973719697446e-02
2.444945240858942270e-02
2.189689382794313133e-02
1.984269711829256266e-02
1.827141651301644742e-02
1.716783907613717020e-02
1.651995393331162632e-02
1.631856396852526814e-02
1.655610062880441546e-02
1.722779484407510608e-02
1.833636862284038216e-02
1.989800050796475261e-02
2.194445399800315499e-02
2.451607779948972166e-02
2.764397929422557354e-02
3.132643757271580398e-02
3.551217938365880400e-02
4.010811785701662302e-02
4.502827388932928443e-02
5.029227907652966678e-02
5.616695245407754555e-02
6.332642579218372703e-02
7.299055559997214004e-02
7.723710414575180039e-02
6.862056373211089522e-02
6.102056234522024170e-02
5.426865316258044913e-02
4.821481805265648291e-02
4.275810532271862030e-02
3.784934031136799604e-02
3.347605088492855430e-02
2.964182391588110477e-02
2.634991028753574938e-02
2.359580856864340603e-02
2.136812238313723356e-02
1.965351794206071645e-02
1.844102921313606203e-02
1.772305541089735925e-02
1.749355692300014198e-02
1.774633108288981020e-02
1.847638607432600111e-02
1.968517297063954175e-02
2.138693652523215860e-02
2.361076457600574940e-02
2.639309439109638333e-02
2.975941430486273021e-02
3.370092030672822148e-02
3.815944303642027080e-02
4.303861068910919130e-02
4.825778638041811064e-02
5.385632705292664468e-02
6.014023342140717432e-02
6.784498115302994847e-02
7.827273140719626099e-02
8.356066694250330329e-02
7.438672713760752231e-02
6.620602672046516091e-02
5.889369433862157166e-02
5.232784791587619111e-02
4.642064424842828885e-02
4.112405815976671875e-02
3.641933148901443928e-02
3.230097780760843307e-02
2.876409204327501357e-02
2.579905716993380338e-02
2.339292115357238799e-02
2.153362469107378274e-02
2.021299625630490482e-02
1.942643443180713803e-02
1.917020027758553624e-02
1.943926465173717588e-02
2.022857833071611822e-02
2.153826081485021859e-02
2.337979953153990209e-02
2.577791949443053454e-02
2.876319258939474821e-02
3.235460567520931363e-02
3.653825323272030801e-02
4.125559571548365057e-02
4.641889963386347517e-02
5.196953467384446412e-02
5.798546051664743572e-02
6.482862971461145207e-02
7.330504219862632453e-02
8.479519413231173530e-02
9.055971410998608917e-02
8.082049198856111616e-02
7.205622996116289869e-02
6.417799177870620042e-02
5.708770754426950589e-02
5.070968250220175833e-02
4.499886566190980375e-02
3.993376302969409153e-02
3.550383521360345185e-02
3.169934879406355321e-02
2.850745347677730024e-02
2.591383528488222510e-02
2.390653947077225894e-02
2.247830934356898069e-02
2.162572456290945411e-02
2.134614290844183415e-02
2.163529573590494692e-02
2.248822074034251273e-02
2.390393691894132644e-02
2.589109560358338058e-02
2.846965155913494527e-02
3.166415636951569468e-02
3.548832009255420417e-02
3.992710847523994744e-02
4.492937729810364544e-02
5.042766410042531788e-02
5.639944544964237139e-02
6.297473956510657445e-02
7.057973345945356414e-02
8.008886384777724743e-02
9.294378070626407862e-02
9.829691670893225819e-02
8.800027337565552443e-02
7.865264816791750491e-02
7.019779868278419599e-02
6.256119426689110696e-02
5.568154208594933152e-02
4.952069983846740797e-02
4.405898355616955087e-02
3.928490007820073515e-02
3.518672358040930703e-02
3.174953351845033467e-02
2.895722928224131465e-02
2.679642812290694565e-02
2.525887236697599292e-02
2.434072473261039704e-02
2.403962748940102756e-02
2.435215555306058377e-02
2.527417991950642318e-02
2.680461971613112837e-02
2.895021975564304739e-02
3.172701325092930347e-02
3.515471980790607631e-02
3.924406664009438828e-02
4.398307367955567315e-02
4.933439585147425532e-02
5.525885987299261615e-02
6.177777123957639560e-02
6.907743587362347171e-02
7.764490920089883730e-02
8.840790949761867523e-02
1.028390749561367556e-01
1.068617355558671989e-01
9.600716993008973077e-02
8.606333933130372316e-02
7.700805635249707848e-02
6.879331423988332972e-02
6.137611847952939570e-02
5.472925811773166060e-02
4.883829011669149622e-02
4.369306571607012302e-02
3.928078338503837585e-02
3.558406278170878068e-02
3.258368333627004176e-02
3.026311557914596051e-02
2.861159708845661953e-02
2.762405131215928122e-02
2.729849775641923770e-02
2.763330902234883979e-02
2.862672312039649114e-02
3.027932034456171095e-02
3.259765753318788484e-02
3.559548111661570147e-02
3.928943611390423030e-02
4.368945677560986951e-02
4.878939727495890111e-02
5.456873017828911543e-02
6.101866306562442333e-02
6.820341223647119477e-02
7.635878070141188800e-02
8.601688763883430511e-02
9.813123727508354932e-02
1.141649574128678069e-01
1.163486913865199313e-01
1.049012388175469823e-01
9.432050305986194871e-02
8.462279294326435775e-02
7.579064400488277897e-02
6.780236020131269470e-02
6.064329944638302550e-02
5.430447352409828454e-02
4.877606258378364146e-02
4.404233262903289869e-02
4.008123715175315738e-02
3.686838277644710615e-02
3.438261307746870443e-02
3.261001271312125027e-02
3.154452925082296133e-02
3.118562921008560807e-02
3.153511601703939959e-02
3.259550998336635530e-02
3.437100154405925423e-02
3.686979243502719328e-02
4.010502992605324835e-02
4.409180525544798002e-02
4.884048044914379716e-02
5.435119594039861113e-02
6.061895201128209010e-02
6.766075589985121042e-02
7.557382895902264863e-02
8.462603642692556605e-02
9.536773161744349636e-02
1.087410918153182138e-01
1.261530422452779021e-01
1.268449067647452466e-01
1.147161581247928552e-01
1.034209908029879443e-01
9.301904793392168358e-02
8.352562021536868997e-02
7.493982676533050835e-02
6.725684183038538322e-02
6.046888691344065592e-02
5.456168521777726710e-02
4.951214914035517722e-02
4.529020155314356089e-02
4.186433227005181834e-02
3.920825229579349980e-02
3.730556024675024673e-02
3.615063690085662529e-02
3.574608681083191186e-02
3.609877583949128166e-02
3.721689835947472602e-02
3.910940765490522608e-02
4.178716875321697444e-02
4.526365651690866798e-02
4.955307931959396228e-02
5.466608274582540616e-02
6.060708791483193636e-02
6.738124031107872725e-02
7.502075998490909114e-02
8.363823849504115060e-02
9.350752160753472708e-02
1.051621855076518841e-01
1.194900365990179125e-01
1.377933045841928106e-01
1.384340125114249531e-01
1.254778684015036561e-01
1.133543198338884395e-01
1.021685467712813988e-01
9.196644492476480082e-02
8.276224988730973564e-02
7.455305417533963919e-02
6.732380313042085618e-02
6.104821617191191763e-02
5.569038222165545449e-02
5.120934153092093766e-02
4.756614363577682525e-02
4.473093275009887293e-02
4.268734276411123574e-02
4.143269811174832284e-02
4.097452660789713264e-02
4.132548900088295341e-02
4.249925615295069292e-02
4.450882796663790941e-02
4.736698363558389246e-02
5.108698441472370178e-02
5.568156386289047077e-02
6.116009460674831644e-02
6.752719300129683688e-02
7.478954861289821565e-02
8.297942738136043772e-02
9.220147882297169417e-02
1.027034598191676196e-01
1.149621581935207359e-01
1.297655468806624413e-01
1.482644011666707229e-01
1.512127292880904861e-01
1.372401740154600702e-01
1.241496187103621196e-01
1.120887604374729563e-01
1.011260794221016113e-01
9.127972194255562499e-02
8.253654765940154903e-02
7.486334797431482002e-02
6.821399048931198195e-02
6.253588613617466763e-02
5.777735599622246809e-02
5.389532633853377774e-02
5.086139979539439082e-02
4.866431529808323830e-02
4.730804024438839406e-02
4.680649856163654476e-02
4.717729402182158083e-02
4.843695578892948106e-02
5.059912792785326019e-02
5.367526248664944433e-02
5.767584035856998526e-02
6.260994513286277652e-02
6.848267643363215029e-02
7.529303937553777359e-02
8.303825883558602072e-02
9.173225268023088574e-02
1.014446158915234264e-01
1.123612856499676127e-01
1.248598217316612136e-01
1.395829790380958002e-01
1.574870618696877500e-01
1.653068228988558985e-01
1.501195800665300339e-01
1.359217976405489026e-01
1.228939483498834306e-01
1.111131489269610029e-01
1.005860611585376319e-01
9.127533645732910372e-02
8.311949250855832361e-02
7.604782646376406774e-02
6.999212734081083909e-02
6.489599204724072479e-02
6.072136118018534034e-02
5.745123760061687790e-02
5.508791839747573249e-02
5.364723255479475483e-02
5.315068577692727558e-02
5.361821615224471316e-02
5.506392539609805681e-02
5.749569354520644993e-02
6.091756064051878639e-02
6.533223417500266805e-02
7.074096191354328766e-02
7.713978479296201840e-02
8.451439233976998366e-02
9.283928795775864273e-02
1.020890023755782750e-01
1.122681880442542024e-01
1.234629454920650460e-01
1.359082046074036043e-01
1.500573812336369883e-01
1.666334985820867587e-01
1.808691080841526855e-01
1.643074193543725414e-01
1.488927614955173340e-01
1.348218239381822059e-01
1.221618958152248524e-01
1.108911909996095346e-01
1.009357590701256413e-01
9.220019790154765360e-02
8.459122658678097650e-02
7.803408716790727340e-02
7.248194384010275826e-02
6.791847344720736146e-02
6.435413504732423462e-02
6.181740201282082126e-02
6.034328457462834194e-02
5.996226858769659884e-02
6.069275283152819611e-02
6.253889558138325810e-02
6.549370395077858120e-02
6.954491437863907777e-02
7.467974202882032841e-02
8.088478916761232540e-02
8.813960149564081803e-02
9.640605741515173577e-02
1.056196993122284766e-01
1.156915898354782257e-01
1.265288145241356688e-01
1.380776985006377799e-01
1.503866568145895144e-01
1.636771176526963245e-01
1.784036999033560278e-01
3.837094693790277233e-02
3.220143702674249653e-02
3.381283953967795242e-02
3.976423758649616502e-02
4.723934184221434407e-02
5.424048108579881955e-02
5.961951891185890418e-02
6.297096926573431119e-02
6.443379041593289003e-02
6.445756973516836297e-02
6.358548913703998551e-02
6.229280970001127571e-02
6.089995699949213304e-02
5.955885250659775920e-02
5.829458289372269064e-02
5.707509674539323896e-02
5.588037193592754193e-02
5.474846802098909393e-02
5.378647409816039726e-02
5.314635652393917553e-02
5.297602225255104713e-02
5.336232545050734188e-02
5.428430565007147379e-02
5.559191039174038451e-02
5.701900124768144451e-02
5.823133108788169920e-02
5.890218506101518869e-02
5.880201768377446570e-02
5.788478476824820973e-02
5.635321898625988979e-02
5.468805216787586687e-02
5.915025725153100211e-02
4.888307074543263298e-02
4.520795431199076120e-02
4.558662553063186351e-02
4.790993317692482378e-02
5.064494751422898844e-02
5.286309300572611392e-02
5.416860564218950458e-02
5.456134479391039349e-02
5.427381376284756698e-02
5.361912140870117582e-02
5.287650849641067907e-02
5.222731797766755335e-02
5.174050205096136779e-02
5.139603996940422803e-02
5.112880028900690377e-02
5.087473356252303347e-02
5.060495533325592987e-02
5.033947988340514712e-02
5.013922509897383861e-02
5.008078935497906059e-02
5.022244244901230559e-02
5.057139556083711796e-02
5.106191678714822046e-02
5.155162909795762971e-02
5.183990369368984830e-02
5.170810833442374133e-02
5.097709669098549057e-02
4.957323914641165175e-02
4.759120144626649562e-02
4.534019956008705776e-02
6.681364220821706112e-02
5.567291224724613130e-02
4.980946798605145887e-02
4.742891356363543309e-02
4.701033205492421985e-02
4.741354643556405790e-02
4.790476994821801782e-02
4.811468411207897589e-02
4.795228771763504483e-02
4.750087404318037443e-02
4.691960319541976787e-02
4.636712717547197826e-02
4.595499066999764182e-02
4.573042569973040372e-02
4.568234898397349752e-02
4.576150653520016931e-02
4.590557523624738678e-02
4.606170721308444627e-02
4.620148877438623458e-02
4.632580253382911906e-02
4.645923013958963566e-02
4.663547504969756119e-02
4.687698022098629735e-02
4.717352493025828153e-02
4.746590321883559227e-02
4.764124889334198087e-02
4.754562036032439210e-02
4.701666331675369292e-02
4.593468892016971949e-02
4.428511510923271999e-02
4.222022637986810878e-02
6.587644486535282340e-02
5.592302019067574292e-02
4.991659392180736177e-02
4.665656016732100397e-02
4.510144981395569630e-02
4.444291506661102176e-02
4.412749783659819514e-02
4.383613719619461335e-02
4.343647144196438603e-02
4.292378643367555924e-02
4.236376502012717538e-02
4.184554920357186347e-02
4.144876630016369745e-02
4.122444235690636560e-02
4.118769753767992370e-02
4.131960538506973535e-02
4.157584719723672606e-02
4.189999934169463813e-02
4.223895633913343772e-02
4.255717531123082153e-02
4.284574492703541182e-02
4.312250113798654638e-02
4.342114959945320152e-02
4.377056753583019599e-02
4.416945235789171420e-02
4.456490369193488732e-02
4.484495829819934443e-02
4.485347698937403038e-02
4.443093292502453551e-02
4.347748065629275516e-02
4.202699557208688930e-02
6.047612092515919358e-02
5.269208646859624423e-02
4.762369478703476489e-02
4.452407979988493025e-02
4.272958875662880018e-02
4.170697759036556818e-02
4.106946328101912513e-02
4.056889158164267428e-02
4.007340143289184198e-02
3.953917390754213557e-02
3.898222201678436249e-02
3.845305076538352296e-02
3.801478902460075915e-02
3.772460077743744478e-02
3.761880614911206067e-02
3.770327317761257291e-02
3.795128921774448827e-02
3.831042284582508728e-02
3.871772984712151811e-02
3.911964685539714992e-02
3.949030770309036598e-02
3.984112504258519039e-02
4.021618409751681611e-02
4.067223798483610153e-02
4.124782234066515230e-02
4.193137697075144388e-02
4.264124848486972041e-02
4.322957363547175191e-02
4.351692140335217118e-02
4.335617610558983870e-02
4.271464976045535877e-02
5.387094597608665936e-02
4.837555836638784967e-02
4.456309905435773544e-02
4.201145857587107457e-02
4.033826741942903027e-02
3.922795921971555799e-02
3.844086296885507181e-02
3.781020631868159398e-02
3.723327475017867982e-02
3.666115239320788532e-02
3.608871861069928855e-02
3.554418915882706642e-02
3.507660221657715738e-02
3.474051347438944504e-02
3.457928723946679384e-02
3.461059526307508349e-02
3.481877453305060044e-02
3.515770834928844124e-02
3.556487970490707085e-02
3.598311023233691230e-02
3.638283355394378304e-02
3.677617297944379970e-02
3.721566226158756763e-02
3.777511820953805000e-02
3.851675480837002397e-02
3.945493950595846400e-02
4.053080777521245182e-02
4.161142114389804192e-02
4.252188896498410031e-02
4.310982875540503301e-02
4.333109286380931735e-02
4.819690767544670962e-02
4.453380183986155316e-02
4.178811285237316042e-02
3.974634189944481477e-02
3.821615219203522429e-02
3.704007637134054676e-02
3.609751812473405153e-02
3.530069654516410083e-02
3.458979667630046606e-02
3.393025474360911176e-02
3.331207486189668998e-02
3.274872124893590808e-02
3.227252050419338048e-02
3.192488421336747706e-02
3.174239012878388166e-02
3.174257811770075932e-02
3.191480781242717057e-02
3.222076947713503614e-02
3.260620669607305899e-02
3.302103707392234355e-02
3.344104072311893106e-02
3.388235545571660623e-02
3.440131222305353731e-02
3.507673591957427561e-02
3.597843717579962686e-02
3.713212127331644297e-02
3.849488584091886878e-02
3.995505513012176380e-02
4.136479307271656580e-02
4.260474499824340455e-02
4.366934824065538123e-02
4.448318729555467144e-02
4.191626836836803705e-02
3.979536094266222790e-02
3.801518584077712148e-02
3.649019107979256660e-02
3.516142976150149480e-02
3.399251056544017047e-02
3.296086275076959282e-02
3.205023896589409560e-02
3.124792348535265774e-02
3.054667801188770682e-02
2.994861047773156315e-02
2.946702560439007357e-02
2.912334634311264381e-02
2.893885893718106672e-02
2.892409453488653526e-02
2.907064481405541301e-02
2.935008376516634598e-02
2.972221280651865527e-02
3.015089976543094963e-02
3.062189958291128278e-02
3.115497016551671550e-02
3.180352121853502467e-02
3.263911393150920048e-02
3.372420261439401656e-02
3.508257558132754639e-02
3.668059678602730855e-02
3.843183566641528159e-02
4.023243294795975089e-02
4.202561165584484115e-02
4.388348932479857467e-02
4.287095504696480930e-02
4.063642365508712828e-02
3.865364163357298821e-02
3.684453923779074103e-02
3.515957602940034121e-02
3.358350465714465827e-02
3.212712556705810130e-02
3.081234950514044613e-02
2.965822887927060947e-02
2.867326945124659687e-02
2.785547855455661193e-02
2.719791310664732009e-02
2.669534743472468108e-02
2.634785695408936590e-02
2.615927955775987357e-02
2.613159579050261527e-02
2.625877474201843143e-02
2.652433617913629860e-02
2.690537582384422421e-02
2.738261962076649070e-02
2.795260927086928859e-02
2.863603538571624085e-02
2.947669357672566548e-02
3.052889138052705675e-02
3.183635773166315630e-02
3.341097746306331828e-02
3.522280859760940075e-02
3.721208014758303761e-02
3.932878992782207206e-02
4.159702363540418446e-02
4.419154666538815945e-02
4.294452673639170825e-02
4.042525625118287280e-02
3.818630341265816242e-02
3.611849920707754791e-02
3.415474417852237821e-02
3.227900031197350472e-02
3.051595491706393659e-02
2.890995427878806368e-02
2.750310326518956572e-02
2.632033453846815974e-02
2.536497607070486993e-02
2.462366173858754337e-02
2.407609774672891945e-02
2.370426642301026732e-02
2.349715540185570717e-02
2.345008497650269419e-02
2.356068175868131220e-02
2.382515804492868483e-02
2.423804659338202327e-02
2.479625886189751327e-02
2.550536990747787058e-02
2.638396630936767906e-02
2.746192108315881342e-02
2.877101914782542735e-02
3.033066615898860618e-02
3.213584191689733416e-02
3.415694264549529180e-02
3.636017841199645773e-02
3.875219192559598014e-02
4.144455475034192204e-02
4.472496094967937097e-02
4.407529538002563640e-02
4.088595392386196181e-02
3.815028380631702021e-02
3.569418654660694301e-02
3.339994706038851291e-02
3.122102098132018000e-02
2.917141804209677503e-02
2.729954848473425955e-02
2.565868404053617269e-02
2.428440288349520415e-02
2.318471377657260746e-02
2.234293949732091278e-02
2.172894512477796525e-02
2.131232543615624309e-02
2.107199137390125543e-02
2.099947785609401762e-02
2.109666785690933466e-02
2.137098766979761422e-02
2.183154381054919213e-02
2.248813248297665268e-02
2.335254900390282273e-02
2.443958802905399352e-02
2.576481261348817497e-02
2.733807404001709074e-02
2.915532379120122641e-02
3.119493271515239030e-02
3.342669224366545677e-02
3.584036246320465580e-02
3.849566244753077626e-02
4.158787675987696275e-02
4.551498418004484847e-02
4.569626367447199300e-02
4.168788939568912610e-02
3.836692428012611344e-02
3.548425238841446117e-02
3.285960076027549803e-02
3.040281045832671225e-02
2.810409874655306339e-02
2.600427706784103066e-02
2.415900432970374823e-02
2.260964042216073722e-02
2.136824061744846404e-02
2.041786344489082694e-02
1.972393928735982627e-02
1.924963301280513406e-02
1.896848346223123372e-02
1.887034841638524085e-02
1.896036704420112073e-02
1.925354295235592872e-02
1.976858080888632685e-02
2.052357459615450352e-02
2.153399113740306348e-02
2.281134820077568293e-02
2.436053435667417943e-02
2.617522854416165501e-02
2.823399358021561056e-02
3.050281498872209340e-02
3.295139004330849275e-02
3.558882336801616475e-02
3.851921466412022710e-02
4.200992711412254721e-02
4.655722776806214824e-02
4.746038799930829555e-02
4.266748014197219163e-02
3.878232400893466547e-02
3.549083337566116825e-02
3.255673032981576398e-02
2.984836058749351650e-02
2.733025605266448110e-02
2.503123106725979596e-02
2.300448445021174848e-02
2.129380048427265137e-02
1.991465264291036874e-02
1.885212353954557329e-02
1.807153721165377647e-02
1.753440442553255707e-02
1.721233157149981707e-02
1.709426332672592252e-02
1.718625199282541871e-02
1.750608278962317854e-02
1.807639098842628300e-02
1.891907260869629681e-02
2.005176660895813257e-02
2.148523963114712387e-02
2.322004054440185428e-02
2.524233014264609665e-02
2.752180132665671408e-02
3.001765596854966134e-02
3.269984591315733269e-02
3.559072865755297244e-02
3.882668309233849868e-02
4.273109522182494402e-02
4.788187153462786227e-02
4.927701262204209343e-02
4.383655301353428513e-02
3.946032396925147623e-02
3.579337545670568943e-02
3.256306376715656370e-02
2.960939533659256995e-02
2.687772827630396932e-02
2.438614002312533557e-02
2.218368058674968779e-02
2.031433368392754346e-02
1.879602971894200891e-02
1.761692982108797878e-02
1.674494252074509859e-02
1.614304771646857262e-02
1.578299223911017179e-02
1.565268372360151261e-02
1.575643169053364545e-02
1.611028502520639449e-02
1.673592113365884870e-02
1.765563274966552854e-02
1.888890321424696594e-02
2.044923664652742445e-02
2.233969881490338594e-02
2.454749269236344844e-02
2.704121639544609934e-02
2.977760668727569282e-02
3.272564064536709338e-02
3.591330556082539260e-02
3.949599515181034803e-02
4.383656917343614623e-02
4.957823927543358877e-02
5.125501057045767084e-02
4.532532595476368442e-02
4.053112523251911625e-02
3.650728115462698042e-02
3.297052794368937612e-02
2.975091875123325735e-02
2.678524715884122998e-02
2.408494285191409290e-02
2.169475793198216707e-02
1.965698998537845910e-02
1.799042658240068704e-02
1.668605805025435984e-02
1.571551697270479053e-02
1.504500124428886920e-02
1.464765939454082400e-02
1.451024210837204009e-02
1.463351650454569608e-02
1.502879027975723147e-02
1.571366286952979863e-02
1.670892498805187643e-02
1.803629638743586838e-02
1.971508208953309804e-02
2.175603705109097064e-02
2.415325952460989356e-02
2.687882023747079074e-02
2.988833667768631130e-02
3.314660034084226936e-02
3.667922487511532381e-02
4.064888905850239098e-02
4.544470350811025128e-02
5.176345336803933606e-02
5.360009635478490964e-02
4.730004942393861711e-02
4.212747434212360531e-02
3.773690942762186751e-02
3.385935153346508741e-02
3.033268140279687941e-02
2.709545903780963272e-02
2.415650180773809552e-02
2.155605051666498184e-02
1.933253199968021363e-02
1.750331824587192386e-02
1.606099263881333172e-02
1.498097121657337993e-02
1.423361901834141463e-02
1.379458926385268569e-02
1.365005040133837610e-02
1.379697020456660539e-02
1.424097297422122210e-02
1.499448790855240077e-02
1.607621186121832579e-02
1.751050459279213101e-02
1.932392598246224225e-02
2.153697879111859947e-02
2.415243611903861165e-02
2.714630019909236580e-02
3.047133776999544352e-02
3.408388566458597779e-02
3.800075422623194754e-02
4.238442164205480367e-02
4.764337795495521277e-02
5.452357098693028092e-02
5.651434184255776927e-02
4.989291594392852858e-02
4.433695286570582539e-02
3.954370647988980636e-02
3.527703764848411083e-02
3.139541242853738368e-02
2.784603399049956352e-02
2.463713128236122429e-02
2.180325765220914036e-02
1.937634957721456885e-02
1.736975810490548611e-02
1.577597412688191980e-02
1.457374170422554016e-02
1.373819804575759917e-02
1.324873346311505884e-02
1.309232805215287954e-02
1.326335770136211067e-02
1.376261697441805154e-02
1.459784609323833138e-02
1.578578764747362584e-02
1.735322401509620249e-02
1.933329786697868258e-02
2.175495927804149687e-02
2.462759061018005013e-02
2.792829343525227159e-02
3.160362718335818499e-02
3.559811317245475948e-02
3.991710755508393049e-02
4.472173668182222173e-02
5.044085988629376516e-02
5.787302548560546711e-02
6.013153441745089367e-02
5.316751811187714338e-02
4.718616663012653589e-02
4.194025140168378130e-02
3.723594763141591102e-02
3.295795062149409205e-02
2.906425869150552899e-02
2.556201537663582712e-02
2.247801647172309458e-02
1.983510405989363790e-02
1.764027900935616344e-02
1.588438995531760156e-02
1.454894215567037463e-02
1.361423968046437949e-02
1.306459891202393919e-02
1.288954162737354636e-02
1.308279922523070127e-02
1.364212742191739380e-02
1.457179289718624204e-02
1.588680644636042416e-02
1.761527515191119164e-02
1.979439526621717960e-02
2.245782465615775436e-02
2.561718215292785317e-02
2.924659800191875547e-02
3.328374534612521529e-02
3.766106552211567760e-02
4.237526841461658478e-02
4.759207151801092550e-02
5.376909412734676152e-02
6.176694269379368052e-02
6.450025850790552795e-02
5.712383400532416999e-02
5.065641782130114734e-02
4.490828400594182312e-02
3.972816685563884676e-02
3.502589033450931311e-02
3.076834362582303584e-02
2.695939686964266002e-02
2.361600010772235692e-02
2.075012572458945215e-02
1.836103937239386141e-02
1.643697574036195874e-02
1.496169103484135121e-02
1.392068843415472656e-02
1.330387544294353575e-02
1.310460668173618615e-02
1.331769455282483250e-02
1.393959647975862026e-02
1.497223778278566897e-02
1.642878941493108869e-02
1.833689316117670387e-02
2.073432573524769396e-02
2.365486536291427910e-02
2.710783694055862725e-02
3.106143634067848325e-02
3.544458752730861306e-02
4.018195018579717726e-02
4.527022895490517840e-02
5.089174697786802426e-02
5.754619419894879684e-02
6.616793246939778328e-02
6.960620654717786238e-02
6.173015811509685591e-02
5.471729915734613314e-02
4.842856448522070423e-02
4.274856445408659056e-02
3.760665538720786572e-02
3.297464424395002425e-02
2.885084360605105758e-02
2.524142169568222016e-02
2.214731081039644778e-02
1.956005601095966995e-02
1.746508055657614022e-02
1.584790008200798184e-02
1.469864216051064432e-02
1.401249237824231386e-02
1.378686551470309496e-02
1.401844088104553521e-02
1.470337608770933002e-02
1.584186575200874358e-02
1.744478030013851821e-02
1.953735675488132983e-02
2.215467157657258213e-02
2.532683908066246659e-02
2.905804934562183917e-02
3.331040841294452548e-02
3.800811489054467529e-02
4.307692131260409951e-02
4.852665843645809218e-02
5.457159490470075980e-02
6.176771133323200047e-02
7.113223415944958106e-02
7.541303682955913246e-02
6.696120309061370790e-02
5.935917073657037690e-02
5.250653492839774117e-02
4.631375373719492927e-02
4.072270376491360366e-02
3.570640117686707526e-02
3.125676262425258756e-02
2.737023182271514088e-02
2.403847231471445411e-02
2.124674557126127183e-02
1.897813813411630690e-02
1.721933059161528945e-02
1.596377123496495187e-02
1.521050871815532446e-02
1.496003441570792347e-02
1.521057514764834195e-02
1.595815586915705353e-02
1.720136782387271523e-02
1.894828533113468438e-02
2.122030241298489273e-02
2.404765141545794904e-02
2.745487737411167473e-02
3.144082453218288720e-02
3.596457274397835135e-02
4.095303264330141246e-02
4.634489295131061226e-02
5.217789248126791790e-02
5.871296965051442385e-02
6.657293291937094182e-02
7.685971367027377710e-02
8.189974920969689265e-02
7.282352120819268748e-02
6.460895134659949690e-02
5.718133365007815883e-02
5.046725607098778710e-02
4.441543995199026540e-02
3.899839243968017399e-02
3.420299965364392847e-02
3.001906657300423831e-02
2.643232389527838677e-02
2.342413330916315317e-02
2.097603399306535721e-02
1.907505973940715194e-02
1.771608856506645679e-02
1.689984189579263330e-02
1.662811184360180050e-02
1.689969086146447808e-02
1.771022341563366354e-02
1.905677735339850187e-02
2.094455766200553626e-02
2.339064751868136227e-02
2.641986761591397226e-02
3.005137648142408580e-02
3.428086105850525200e-02
3.906972867844160646e-02
4.435663021286018193e-02
5.010519142524572089e-02
5.639384525420609862e-02
6.354019145510392264e-02
7.223664064804324880e-02
8.366107715119142085e-02
8.908035838976502419e-02
7.935910324158612639e-02
7.052368765289429575e-02
6.251476219040341675e-02
5.526830587041331455e-02
4.873710370884509757e-02
4.289388501638313755e-02
3.772367581404978409e-02
3.321383599541150033e-02
2.934799315698910505e-02
2.610605435620527714e-02
2.346862200647592545e-02
2.142202698451001197e-02
1.996048810542561114e-02
1.908411081240046769e-02
1.879422015917953104e-02
1.908931125944945961e-02
1.996465577394701540e-02
2.141634342842735350e-02
2.344737686507869512e-02
2.607115315913688391e-02
2.930789889069274068e-02
3.317308439000044018e-02
3.766268635081360117e-02
4.274627262202557176e-02
4.838232511974638328e-02
5.456844992295373231e-02
6.143114091537427157e-02
6.934663566062226892e-02
7.906943200214300305e-02
9.183281004516175017e-02
9.700357156543759629e-02
8.663036092912079766e-02
7.716808932309504598e-02
6.856718102790182456e-02
6.077029939478961751e-02
5.373437358502997085e-02
4.743463154591154307e-02
4.185774942015996203e-02
3.699230636266293004e-02
3.282269770716084167e-02
2.932886272174073383e-02
2.649044574354775250e-02
2.429187040252145380e-02
2.272493473719805479e-02
2.178750641178339720e-02
2.147950264043174684e-02
2.179909525148104876e-02
2.274196379585191607e-02
2.430448148516006768e-02
2.648885657254140824e-02
2.930620370898395777e-02
3.277373241144232452e-02
3.690540444222278893e-02
4.170071658882079646e-02
4.714177475398173556e-02
5.321173540869494900e-02
5.994579716207226738e-02
6.751817359327105805e-02
7.635608707641949877e-02
8.725784489797661081e-02
1.014808961699600331e-01
1.057404344282986131e-01
9.469900544718257152e-02
8.459041629976127297e-02
7.537439097359310836e-02
6.700095503038028255e-02
5.943270701391156763e-02
5.264930514385923743e-02
4.664093167957616970e-02
4.139873864914989099e-02
3.690847370307892561e-02
3.314987810881575570e-02
3.010078312217956409e-02
2.774259605212137103e-02
2.606376328185433522e-02
2.505953447689535096e-02
2.472878975822823122e-02
2.507046137179713696e-02
2.608222400158410892e-02
2.776251237810356542e-02
3.011446218442870304e-02
3.314848221634747460e-02
3.688030003831954673e-02
4.132403711264487356e-02
4.648454466223483905e-02
5.235804675612598658e-02
5.895261787372874096e-02
6.633808001060970128e-02
7.472770800814032555e-02
8.458270211121998727e-02
9.671766925748670474e-02
1.123753455067344476e-01
1.153721272894472349e-01
1.036136369220912457e-01
9.281218966862070374e-02
8.294013290651491843e-02
7.395700163033325225e-02
6.583184967166744173e-02
5.854824698326410726e-02
5.209832893888233230e-02
4.647364069387549534e-02
4.165894044126616791e-02
3.763170859747333452e-02
3.436653048265725374e-02
3.184120162768522277e-02
3.004110679466975853e-02
2.895994907157728449e-02
2.859718223771778867e-02
2.895436561084352434e-02
3.003299944975879043e-02
3.183518189325695857e-02
3.436627623159438372e-02
3.763702591822948307e-02
4.166251992864999920e-02
4.645762215659487993e-02
5.203248301404528320e-02
5.839589860261185095e-02
6.557641092513222247e-02
7.366925741371233016e-02
8.291077564354054630e-02
9.377163291355827823e-02
1.070488734403625131e-01
1.239279212859401014e-01
1.259870378598861862e-01
1.134154389874311164e-01
1.018406663897621911e-01
9.125237313855905086e-02
8.162077752058394253e-02
7.291933535452699289e-02
6.513106697093462572e-02
5.824433142697671428e-02
5.224528563849162310e-02
4.711290937120793387e-02
4.281931596051435918e-02
3.933466188027523458e-02
3.663368462730431929e-02
3.470049650059081614e-02
3.352960640040691942e-02
3.312334063230082393e-02
3.348766369890654460e-02
3.462897716235602275e-02
3.655348411848535761e-02
3.926881872030207887e-02
4.278596227231901139e-02
4.711919622059212998e-02
5.228359847387764603e-02
5.829294770956039429e-02
6.516451686184154823e-02
7.293914032197790220e-02
8.172344309059553780e-02
9.175547273116535507e-02
1.034859612118452787e-01
1.176574136843555607e-01
1.353553916960663628e-01
1.376879482631920837e-01
1.241607892916363198e-01
1.117015594099939335e-01
1.003204468106559943e-01
8.999638622117345221e-02
8.070110349945025519e-02
7.240843280305853114e-02
6.509374025699798949e-02
5.872978549450635910e-02
5.328425801417324692e-02
4.872146799607435241e-02
4.500760788505431265e-02
4.211691999807953835e-02
4.003575215028831735e-02
3.876270678301807493e-02
3.830514442961430177e-02
3.867407235520659015e-02
3.988000727986218408e-02
4.193157183181028813e-02
4.483677198004443198e-02
4.860524565447121859e-02
5.324930475762812421e-02
5.878296510491054505e-02
6.522104894975200295e-02
7.258370187628315762e-02
8.091352719566202722e-02
9.031144104665145278e-02
1.009926084188919049e-01
1.133559700683690608e-01
1.280520459695253521e-01
1.460266630492697004e-01
1.506009432796417968e-01
1.359486048950202530e-01
1.224778608448104933e-01
1.102187696196779143e-01
9.915265390372951515e-02
8.923938431689748541e-02
8.043207506489125080e-02
7.268257701798574999e-02
6.594268706248840317e-02
6.016529560656636022e-02
5.530753363200346939e-02
5.133550490063498728e-02
4.822854267331422307e-02
4.598074411842389964e-02
4.459869475249433890e-02
4.409612494782777503e-02
4.448771377064986154e-02
4.578464333462761715e-02
4.799353333146427758e-02
5.111856704752426594e-02
5.516490060836076736e-02
6.014089950986090116e-02
6.605790011599310674e-02
7.292888327719992958e-02
8.077058409617166035e-02
8.961555551286437549e-02
9.954011627269210294e-02
1.107101700436032843e-01
1.234400887988158502e-01
1.382519109683926217e-01
1.559156074581551366e-01
1.648720305147435283e-01
1.489337717848684406e-01
1.343337807611533208e-01
1.211159504910028772e-01
1.092533596165594645e-01
9.868137469675275497e-02
8.932053864555200562e-02
8.109059831622289494e-02
7.391868292688741349e-02
6.774452384343021549e-02
6.252430396489216946e-02
5.823310578125528991e-02
5.486495713557815179e-02
5.242956819347455166e-02
5.094592219757032581e-02
5.043432191814645194e-02
5.090944214316550642e-02
5.237681373910163529e-02
5.483384154285886325e-02
5.827445444083423354e-02
6.269474123109830543e-02
6.809642580628860742e-02
7.448626376935862936e-02
8.187224937137216330e-02
9.026081172851263545e-02
9.966151342814555392e-02
1.101056891857297160e-01
1.216822193564439658e-01
1.345875755923771067e-01
1.491799127215927001e-01
1.660206283595471177e-01
1.806384705705568194e-01
1.633092181491520023e-01
1.475039954839303391e-01
1.332689242844935507e-01
1.205552098126645433e-01
1.092610579999018228e-01
9.926553870354837272e-02
9.045316786796320230e-02
8.272988950193393975e-02
7.603184903564397246e-02
7.032816710488987155e-02
6.561847401826526038e-02
6.192582730000140145e-02
5.928609516558935866e-02
5.773578087973874062e-02
5.730107604176737368e-02
5.799104819379863329e-02
5.979690947424387559e-02
6.269738449918804690e-02
6.666789636074099690e-02
7.168958395777735859e-02
7.775392109397216700e-02
8.486036772592342459e-02
9.300774618532159366e-02
1.021837979133124463e-01
1.123602021489205072e-01
1.235007547056738986e-01
1.355876376674132189e-01
1.486650621500302805e-01
1.628923458411009051e-01
1.785919175472372444e-01
4.229124696030339692e-02
3.424035302850825246e-02
3.380185005516977981e-02
3.777470534805615898e-02
4.354027176668751054e-02
4.923468127708474640e-02
5.376902341413369868e-02
5.672404620054294355e-02
5.816516505001345649e-02
5.843065806584490929e-02
5.794090459130529780e-02
5.706203581394220237e-02
5.603798178344732150e-02
5.498583556254743598e-02
5.393523343263950665e-02
5.288574687619984616e-02
5.185753772457246669e-02
5.091814442857867107e-02
5.017912301809701603e-02
4.976703947249916382e-02
4.978105683767353185e-02
5.025253942585550249e-02
5.112052365075214766e-02
5.223173911326739471e-02
5.336694487959903199e-02
5.428867324189923238e-02
5.480058626744721550e-02
5.480639132110809442e-02
5.435665402728773188e-02
5.367437325367063750e-02
5.315397783579101088e-02
5.997583163298259024e-02
4.920040576871542726e-02
4.472980853461194783e-02
4.419390825933078304e-02
4.563508184946840629e-02
4.763728335456107743e-02
4.934260446134430822e-02
5.037627679485012777e-02
5.071446160945924930e-02
5.053347076682257466e-02
5.007454514634446241e-02
4.954724825802259147e-02
4.908053174949600361e-02
4.871733689651591703e-02
4.843927872570930049e-02
4.820403390840510838e-02
4.797944618621841073e-02
4.776360221876529977e-02
4.758700177626451477e-02
4.749928085584542714e-02
4.754714506634627469e-02
4.775164421516819857e-02
4.809193662003963254e-02
4.850014448311412707e-02
4.886890571651747450e-02
4.907058677235909272e-02
4.898529463753220625e-02
4.853377813742554281e-02
4.771077811165014282e-02
4.661407277126272675e-02
4.546429118636297062e-02
6.579960025192121975e-02
5.487237796114641242e-02
4.889543504032189958e-02
4.619298885154421441e-02
4.536114542861469090e-02
4.536049590751645155e-02
4.553054044299642555e-02
4.554158782048034482e-02
4.530835570403723978e-02
4.489150915105710737e-02
4.440940180938923731e-02
4.397429459640989080e-02
4.365801387757528573e-02
4.348389700680854730e-02
4.343675436030025594e-02
4.348099719936726615e-02
4.357854403497185558e-02
4.370129411108791828e-02
4.383642031098133884e-02
4.398526326258433983e-02
4.415783857984934002e-02
4.436498356881202199e-02
4.460967859995434992e-02
4.487876068378682248e-02
4.513647179192048497e-02
4.532198843662627041e-02
4.535371731981285848e-02
4.514303292853583116e-02
4.461874160551815294e-02
4.376085495641746093e-02
4.263876980439817999e-02
6.403059228796337266e-02
5.453851195670722518e-02
4.868608355536707677e-02
4.535893005231628194e-02
4.360626338893780485e-02
4.270351215018308721e-02
4.216444795383722521e-02
4.171405296801822260e-02
4.123817722938838415e-02
4.072627489949809387e-02
4.022006512968800962e-02
3.977544896770268679e-02
3.943944005368393846e-02
3.923977182421367615e-02
3.918299012730130926e-02
3.925709996474324726e-02
3.943631364018074237e-02
3.968702573547489010e-02
3.997491225527483039e-02
4.027270810183836147e-02
4.056710807708441280e-02
4.086218784141237848e-02
4.117665696685435250e-02
4.153363066143356264e-02
4.194429233757546172e-02
4.239004019109415822e-02
4.281013561558211222e-02
4.310238665857468732e-02
4.314227880240650848e-02
4.282137282825715374e-02
4.209981432177301031e-02
5.849599616340128705e-02
5.112583972731954418e-02
4.622026224024011753e-02
4.309886805640417151e-02
4.116815261659212410e-02
3.996059533164952882e-02
3.914370367419905961e-02
3.850698049063794315e-02
3.793690196835086681e-02
3.738902568875346333e-02
3.686328674666583538e-02
3.638483435497619212e-02
3.598982697440078482e-02
3.571432436729082838e-02
3.558487410919042304e-02
3.561091030132956803e-02
3.578059847495751455e-02
3.606224094983190298e-02
3.641231549408985302e-02
3.678889964794507250e-02
3.716659059136873111e-02
3.754726296028820798e-02
3.796121361301629804e-02
3.845578108666813932e-02
3.907284406886901706e-02
3.982144675319432281e-02
4.065536567213712260e-02
4.146625172506901436e-02
4.210026843429659493e-02
4.240025091712595895e-02
4.226775714414543472e-02
5.213787973480066285e-02
4.686971303090103902e-02
4.310387429359252565e-02
4.047403826189110987e-02
3.865208327988511883e-02
3.737011885095853359e-02
3.642585200577741489e-02
3.567716546240262687e-02
3.503225636086426675e-02
3.443999308365164325e-02
3.388233828445663676e-02
3.336805764411110431e-02
3.292556657106615603e-02
3.259315196191892028e-02
3.240663057658821344e-02
3.238679541391320527e-02
3.253058500558836386e-02
3.280982292926637456e-02
3.317933954531326890e-02
3.359292024106252939e-02
3.402202448341995478e-02
3.447009105002507567e-02
3.497560574760427698e-02
3.560025101614883170e-02
3.640364658349426463e-02
3.741181580335251056e-02
3.859061194816604257e-02
3.983619012433337048e-02
4.099149007379310206e-02
4.189102457166882232e-02
4.242773080841288902e-02
4.682123949532979168e-02
4.317754628209513612e-02
4.033631533820880577e-02
3.813573969819117337e-02
3.642624274652916938e-02
3.508178110496373847e-02
3.400157533178571612e-02
3.310707989294314757e-02
3.233877160528209060e-02
3.165535363950766623e-02
3.103525756887393072e-02
3.047812363365665078e-02
3.000319321290589869e-02
2.964260295993881300e-02
2.942994185286806896e-02
2.938711257593240589e-02
2.951421721081715077e-02
2.978701324900612235e-02
3.016418650076957420e-02
3.060301430377876386e-02
3.107824869948672131e-02
3.159678512747632340e-02
3.220107902598101646e-02
3.295754555438179523e-02
3.393153715296648443e-02
3.515626915759639814e-02
3.660713255521841347e-02
3.819356874009827152e-02
3.977728963945992291e-02
4.121865695196902379e-02
4.244429801110527478e-02
4.338505088526289910e-02
4.068231979545089416e-02
3.835805557173443958e-02
3.635958088125335053e-02
3.463729743089061230e-02
3.315112330892588943e-02
3.186930905212648213e-02
3.076422309823101386e-02
2.980949320772197098e-02
2.898091837414540350e-02
2.826082749379565939e-02
2.764327462500659749e-02
2.713658118591411039e-02
2.676070734014501795e-02
2.653925640333909541e-02
2.648867641255492344e-02
2.660908053076127544e-02
2.688117487559793517e-02
2.727179001522017643e-02
2.774707967182621360e-02
2.828886442875955254e-02
2.890740522707346827e-02
2.964415006135823205e-02
3.056108409509761259e-02
3.171832681255182251e-02
3.314703643991379067e-02
3.482840425567701459e-02
3.668998618377372622e-02
3.862709391978569329e-02
4.055006812632200308e-02
4.244976845438941382e-02
4.187516213278286159e-02
3.943407740734983236e-02
3.719948849902721122e-02
3.515077591873705387e-02
3.327249442372703925e-02
3.156081154156709090e-02
3.002055570686934516e-02
2.865784389723557979e-02
2.747356321924598888e-02
2.646123820159118623e-02
2.560995375824859366e-02
2.491025649214861915e-02
2.435950162180233747e-02
2.396344958106055856e-02
2.373287007503677160e-02
2.367652660177554935e-02
2.379400597419589758e-02
2.407240551838185638e-02
2.448949994141003117e-02
2.502316304889973253e-02
2.566363390360493213e-02
2.642314676631940529e-02
2.733754013024736196e-02
2.845708258973900229e-02
2.982819253520574421e-02
3.147247681772569194e-02
3.337271436612354591e-02
3.547553057433106005e-02
3.771693543239962310e-02
4.007025375904049724e-02
4.260800891279359348e-02
4.186751390807330608e-02
3.915439455886371434e-02
3.667295294872019440e-02
3.437934012617915869e-02
3.224349352967692539e-02
3.025898942723870277e-02
2.843949900125153363e-02
2.680754810717189685e-02
2.538235840620473027e-02
2.417212597356410697e-02
2.317301822768058628e-02
2.237381230224855244e-02
2.176278302795253694e-02
2.133297589898575097e-02
2.108336653327569366e-02
2.101584366755560040e-02
2.113027570885606110e-02
2.142101847857702523e-02
2.187756037164945155e-02
2.248982978926505893e-02
2.325599799223709852e-02
2.418865957588423043e-02
2.531521071068709716e-02
2.667033753095893189e-02
2.828232156025478616e-02
3.015889145171968266e-02
3.228097160899778828e-02
3.461243893980281428e-02
3.713037624402204528e-02
3.987394973955815658e-02
4.300262789911357686e-02
4.278687656915280968e-02
3.947805279312888160e-02
3.654976510733831674e-02
3.390308345115045086e-02
3.146429204207379371e-02
2.919985295011429116e-02
2.711309480218915269e-02
2.522922872594790533e-02
2.357716970436740667e-02
2.217551163630560040e-02
2.102668609586544335e-02
2.011932582536246628e-02
1.943565552937798202e-02
1.895945498836226761e-02
1.868093392113223672e-02
1.859711285214871168e-02
1.870884709933307022e-02
1.901721509057097137e-02
1.952201011590659618e-02
2.022348660102579743e-02
2.112625194422435015e-02
2.224239701172336936e-02
2.359072006947826594e-02
2.519061318889725953e-02
2.705240155046340078e-02
2.916934600216336548e-02
3.151861590595217422e-02
3.407792979851365089e-02
3.686082967033144087e-02
3.996731503139017150e-02
4.363961220224155113e-02
4.414759680366842076e-02
4.012554617656860501e-02
3.668001860933145508e-02
3.364761079865274951e-02
3.090164747845847160e-02
2.837224034738028422e-02
2.604348718887194991e-02
2.393531829875428230e-02
2.208003983832895756e-02
2.050268233870156109e-02
1.921067279181443155e-02
1.819376286584883928e-02
1.743122471089009196e-02
1.690139673883095384e-02
1.658904772193636745e-02
1.648814386862795800e-02
1.660032803192734718e-02
1.693136696121655405e-02
1.748827220581006259e-02
1.827865508676040918e-02
1.931187111767940223e-02
2.059987207758240402e-02
2.215535446885041893e-02
2.398634458950255066e-02
2.608922423678450286e-02
2.844526622357079759e-02
3.102740870963316411e-02
3.382302419049665332e-02
3.687443076341878623e-02
4.033257408445933834e-02
4.451247471297392622e-02
4.567956824757857248e-02
4.098148641060106456e-02
3.703832139581209049e-02
3.363147820346057415e-02
3.058873226837022230e-02
2.780799649190157652e-02
2.525476421578787267e-02
2.294155595882330090e-02
2.090064114599954337e-02
1.916036650072783232e-02
1.773160432639997452e-02
1.660577917937189341e-02
1.576156276860274374e-02
1.517502202477771789e-02
1.482818103977479041e-02
1.471306318126153201e-02
1.483108439424540848e-02
1.518980927357915789e-02
1.579969498561695218e-02
1.667246966098900884e-02
1.782091571658384055e-02
1.925828789535444230e-02
2.099536896275822073e-02
2.303476282395422459e-02
2.536486317694652826e-02
2.795888281252700835e-02
3.078567998454673216e-02
3.383776779082836583e-02
3.717739613057347015e-02
4.099488224892411381e-02
4.566634673392400146e-02
4.734210431342944503e-02
4.208656445553060621e-02
3.770462299871724099e-02
3.394437061797361821e-02
3.060669238766422495e-02
2.757054481480736285e-02
2.479004459746647626e-02
2.227237710030749440e-02
2.004850251250900328e-02
1.814759809349197894e-02
1.658206974389031529e-02
1.534468396857846528e-02
1.441481157962698489e-02
1.376843982143327594e-02
1.338679298351053149e-02
1.326060788414906710e-02
1.338992413366213441e-02
1.378137864230666310e-02
1.444549963343888521e-02
1.539542699174489826e-02
1.664658372465055436e-02
1.821537999785505235e-02
2.011505077825859189e-02
2.234862170007545501e-02
2.490213264536578208e-02
2.774425614916253835e-02
3.083964808320160955e-02
3.418154910468729213e-02
3.784395926049910486e-02
4.204633769404608756e-02
4.721618181065423414e-02
4.925879473739769310e-02
4.357445443019969389e-02
3.880755972204497084e-02
3.470010041928617284e-02
3.104925750812981278e-02
2.773184426769148558e-02
2.470042990171350539e-02
2.196060767164453864e-02
1.954160677269101143e-02
1.747108828567434102e-02
1.576067105634137988e-02
1.440335485676769167e-02
1.337960975070018321e-02
1.266675638908054680e-02
1.224674485274590552e-02
1.210977388836909086e-02
1.225398622045759112e-02
1.268339871603529900e-02
1.340640445414464921e-02
1.443578582257032394e-02
1.578917916049249470e-02
1.748754232539795339e-02
1.954962225863710046e-02
2.198278669675346464e-02
2.477424885728396475e-02
2.788996721210423857e-02
3.128959165769629180e-02
3.496344250743277371e-02
3.899148596246959642e-02
4.361590957705629990e-02
4.931056792702293023e-02
5.162030626524938270e-02
4.559396736294729635e-02
4.046349404234206304e-02
3.599029590986901894e-02
3.198909878847189248e-02
2.834966595401056111e-02
2.503160214109811932e-02
2.204193429497536272e-02
1.940739424026105553e-02
1.715159304148983210e-02
1.528278666955884546e-02
1.379269921744707972e-02
1.266279468836728483e-02
1.187273504910990596e-02
1.140665356069803238e-02
1.125541116925887764e-02
1.141573928180150688e-02
1.188872473721858114e-02
1.267978432588279247e-02
1.380047545535489917e-02
1.527020811045076698e-02
1.711473548493813723e-02
1.935916715592611581e-02
2.201628043258097023e-02
2.507519438222516328e-02
2.849906848859973252e-02
3.224143777333665639e-02
3.628781692532356828e-02
4.072216030908748507e-02
4.580832424107939005e-02
5.206745028408477083e-02
5.459835638612275943e-02
4.825054429966257885e-02
4.273758220369927585e-02
3.785866180987795815e-02
3.346053206769283861e-02
2.945547827403061092e-02
2.581488377472851425e-02
2.254805389384273440e-02
1.967758730461355299e-02
1.722041197353973985e-02
1.517901952320244163e-02
1.354243719833903015e-02
1.229292387142777443e-02
1.141332079714629799e-02
1.089138854877091944e-02
1.072021698928438127e-02
1.089641771977767348e-02
1.141892642772290856e-02
1.229039809550158679e-02
1.352083818346727639e-02
1.513066129700746387e-02
1.714929155423305929e-02
1.960679994954261929e-02
2.251981018343940377e-02
2.587782962655182928e-02
2.964005531975999475e-02
3.375354164745658636e-02
3.819990888587199152e-02
4.306971724145114422e-02
4.865303457336267456e-02
5.552464277570834383e-02
5.829744807124370709e-02
5.158465736894868314e-02
4.563815973961027339e-02
4.030314608826301992e-02
3.546375593577977270e-02
3.105728526134043932e-02
2.706699380360078067e-02
2.350297139491885900e-02
2.038146372069604695e-02
1.771052059484645724e-02
1.548520935466513038e-02
1.369098771829158068e-02
1.231085263134445995e-02
1.133146826759912074e-02
1.074537006206810474e-02
1.054929931706283242e-02
1.074119082477409393e-02
1.131902029737830162e-02
1.228331547463312745e-02
1.364234561333432794e-02
1.541634400200564414e-02
1.763622452563140541e-02
2.033412417222280055e-02
2.352748138946481049e-02
2.720382277038879693e-02
3.131758910603821278e-02
3.581091488013044000e-02
4.066587005218025297e-02
4.598663518845569342e-02
5.209842864132951945e-02
5.963922540831845254e-02
6.274965403281385079e-02
5.558556484174914658e-02
4.913927750021684915e-02
4.329984619107563049e-02
3.798537574766669422e-02
3.315427379857283086e-02
2.879804285475984216e-02
2.492468897253274918e-02
2.154219831572845578e-02
1.864871408906765282e-02
1.623147822101600468e-02
1.427232744754292071e-02
1.275510422419756651e-02
1.167051569791510701e-02
1.101626535819377750e-02
1.079338652198202908e-02
1.100199442589655519e-02
1.163997293042484671e-02
1.270623183518182486e-02
1.420701554161496460e-02
1.616097458463627845e-02
1.859800422971602529e-02
2.154912691912613809e-02
2.502961829304695129e-02
2.902341952722053975e-02
3.348112967796623707e-02
3.834416056633926928e-02
4.360257884400198236e-02
4.938423760904697701e-02
5.606034903757972643e-02
6.434136445750482380e-02
6.794019505468895659e-02
6.022468730952823535e-02
5.321494324743980542e-02
4.683359240880236030e-02
4.102294065523892641e-02
3.575457670376636088e-02
3.102288418449461460e-02
2.683106131735257804e-02
2.317825237696524709e-02
2.005340201139915735e-02
1.743701544182840735e-02
1.530807897506747395e-02
1.365140479174442589e-02
1.246128875936847180e-02
1.173990344977937639e-02
1.149202104716096073e-02
1.171976541809272021e-02
1.242108111910056323e-02
1.359339267946779728e-02
1.524057031201664358e-02
1.737849696655757725e-02
2.003403411072213203e-02
2.323477406753227115e-02
2.699219751229975373e-02
3.128693142207339406e-02
3.606895286065991968e-02
4.128556638897862285e-02
4.694431429379619658e-02
5.320745067001553252e-02
6.050161036546342075e-02
6.961483633494935930e-02
7.384331253706477582e-02
6.548820444004377350e-02
5.786626299959607422e-02
5.091900546540273353e-02
4.460042571736266837e-02
3.888634535542223603e-02
3.376913293323013932e-02
2.924594040086958557e-02
2.530840500548947603e-02
2.193878414982464164e-02
1.911321749503258616e-02
1.680915505858138204e-02
1.501231621659826487e-02
1.371936753275804222e-02
1.293517205340322107e-02
1.266656421648804098e-02
1.291655845125205815e-02
1.368269050726667047e-02
1.496081844379659742e-02
1.675229979446157813e-02
1.906971979769878089e-02
2.193599891324993223e-02
2.537451800890266895e-02
2.939323413011152297e-02
3.397179635067004710e-02
3.906467295746551827e-02
4.463285202655242756e-02
5.071065686934161931e-02
5.750326987617881969e-02
6.549741427443223074e-02
7.555628808768233284e-02
8.045006902102613822e-02
7.139355374238220975e-02
6.312913513102103025e-02
5.560230487753869966e-02
4.876706320646917447e-02
4.259612275927793235e-02
3.707695766206597909e-02
3.220146426610881463e-02
2.795683762815315276e-02
2.432237323955632746e-02
2.127283198933582753e-02
1.878551553818397224e-02
1.684663728519808501e-02
1.545343440375290811e-02
1.461103701149113476e-02
1.432610534538980573e-02
1.460105499427299947e-02
1.543243348714895546e-02
1.681464709690771997e-02
1.874694449361413717e-02
2.123898552963510156e-02
2.431010348664131016e-02
2.798022179922554642e-02
3.225563703745137900e-02
3.711870008555706590e-02
4.253406927455216646e-02
4.848350334941642359e-02
5.503483970824163407e-02
6.243984977481886744e-02
7.124269753694534302e-02
8.236973792372737080e-02
8.777912713412661105e-02
7.798567973077297211e-02
6.906161747610894963e-02
6.094479354214854538e-02
5.358096069539897144e-02
4.693546159978723153e-02
4.099037918786052614e-02
3.573468398099066690e-02
3.115490471100201830e-02
2.723116149718407542e-02
2.393949372344650328e-02
2.125797717599198222e-02
1.917253556894138455e-02
1.767901101266033947e-02
1.678045818698592484e-02
1.648141155601479113e-02
1.678262763016391546e-02
1.767960301367565989e-02
1.916599750984460115e-02
2.124004790675826371e-02
2.390968408144544810e-02
2.719193504890426993e-02
3.110494634165661409e-02
3.565590199286816642e-02
4.083356977207586169e-02
4.661745086923474446e-02
5.301453445281367749e-02
6.012835301226004958e-02
6.825433831545524299e-02
7.798301199363777414e-02
9.028220878099091351e-02
9.587263967478065751e-02
8.532028228364652023e-02
7.572099412209354341e-02
6.699877420032862574e-02
5.908735595585312694e-02
5.194353980186861008e-02
4.554507320426637307e-02
3.988049522740766406e-02
3.493862177128903568e-02
3.070288540766341612e-02
2.715199063823092729e-02
2.426486218610079959e-02
2.202611175744095817e-02
2.042860299116000533e-02
1.947181076684501022e-02
1.915725458820816129e-02
1.948402947164140642e-02
2.044741908321157098e-02
2.204173506470397115e-02
2.426580987230408937e-02
2.712742675794288516e-02
3.064286957669537514e-02
3.483023442095145583e-02
3.969973363564349711e-02
4.524905825383029878e-02
5.147479171137092635e-02
5.840970155259128660e-02
6.618967650865670294e-02
7.514392145094461739e-02
8.589036813646089286e-02
9.940870903665199876e-02
1.047867533634416759e-01
9.344769602466840297e-02
8.314591769521939568e-02
7.379109144676476717e-02
6.530509426374919713e-02
5.763687023863894865e-02
5.076080205617472529e-02
4.466594883706420660e-02
3.934404377650935203e-02
3.478195114439586177e-02
3.096060715324711055e-02
2.785895433771656826e-02
2.545935484522487968e-02
2.375100363860838115e-02
2.272965366137214005e-02
2.239436092349933460e-02
2.274375122942728922e-02
2.377450879430398345e-02
2.548332727747038007e-02
2.787121957953786477e-02
3.094715115730650723e-02
3.472777504794066772e-02
3.923218687123153359e-02
4.447461069503333420e-02
5.046224874240579084e-02
5.720803516305750236e-02
6.476689182454720140e-02
7.329845384811051190e-02
8.314987288758857176e-02
9.494165786600206047e-02
1.096308572705311235e-01
1.145868058883934282e-01
1.024096267537970562e-01
9.135637508006766438e-02
8.132639276300324127e-02
7.223206217167899013e-02
6.401512554293731228e-02
5.664574963157065213e-02
5.011156442924402654e-02
4.440470266854390502e-02
3.951291029079584405e-02
3.541725355171365663e-02
3.209537961083697155e-02
2.952704320341581479e-02
2.769835490471450612e-02
2.660268577892566100e-02
2.623842786852037534e-02
2.660564552934374660e-02
2.770412081736139953e-02
2.953420791891403496e-02
3.209990996401757002e-02
3.541180317552061751e-02
3.948712073906790465e-02
4.434601988032227382e-02
5.000647011183900759e-02
5.648395621392410249e-02
6.380443119269330055e-02
7.203792209475068375e-02
8.135519720235606655e-02
9.210152203741017729e-02
1.048719764148700051e-01
1.205650669216993265e-01
1.253514513809932396e-01
1.122527296538464725e-01
1.003747686627320945e-01
8.961266075857565738e-02
7.987160548873362131e-02
7.108497632361832075e-02
6.321493473660666496e-02
5.624246423394652084e-02
5.015472874219994992e-02
4.493592846120009199e-02
4.056449586641974747e-02
3.701593464211327955e-02
3.426827014482114464e-02
3.230659270775504410e-02
3.112444040016271174e-02
3.072188940859632567e-02
3.110208428552141413e-02
3.226861472649034113e-02
3.422534762648865581e-02
3.697856952203437686e-02
4.053958629083354026e-02
4.492544686218025163e-02
5.015671659202780575e-02
5.625412736117141321e-02
6.323920076101785526e-02
7.114601840294199064e-02
8.005056538240751252e-02
9.011981803269009106e-02
1.016754274278355297e-01
1.152584183328144718e-01
1.316744021023623645e-01
1.371810309065040201e-01
1.230518441589083523e-01
1.102592622773954645e-01
9.869952565350104123e-02
8.827089733676984906e-02
7.889437297853874043e-02
7.051740205861278810e-02
6.310678293084492907e-02
5.663807983364677057e-02
5.108751423540525138e-02
4.642923943174537271e-02
4.263761343463556841e-02
3.969180525746196508e-02
3.757951708394102752e-02
3.629768822429468855e-02
3.585001851024571806e-02
3.624296131602022797e-02
3.748253810772439465e-02
3.957370098942192271e-02
4.252232169528724626e-02
4.633819535229122266e-02
5.103678451996529475e-02
5.663835062296129763e-02
6.316558258913573809e-02
7.064381262898677960e-02
7.910995853308122605e-02
8.863598933385219425e-02
9.936923777058837004e-02
1.115856404430815019e-01
1.257445556293532718e-01
1.425275564179173671e-01
1.501982295139896451e-01
1.349268596914043883e-01
1.211310451544704847e-01
1.087104531361546833e-01
9.755340349875041284e-02
8.756179235206218436e-02
7.866005379037233070e-02
7.079311576308100484e-02
6.391968403841019608e-02
5.800618880311958492e-02
5.302420855514355935e-02
4.895135278638917953e-02
4.577357901143841445e-02
4.348642856712103821e-02
4.209361474931938574e-02
4.160313759712153114e-02
4.202265322601306252e-02
4.335640908902860247e-02
4.560531472816364840e-02
4.877009281335631385e-02
5.285572482534917071e-02
5.787461766158230603e-02
6.384666833037044853e-02
7.079664973934995942e-02
7.875222954680793919e-02
8.774813395939418115e-02
9.784209791905595921e-02
1.091455549794773106e-01
1.218667000284767710e-01
1.363569556633592583e-01
1.531460680926102214e-01
1.645274024431273574e-01
1.480350094188906951e-01
1.331747819094744045e-01
1.198474472294037696e-01
1.079250689108448569e-01
9.728231095868977718e-02
8.781302874922403134e-02
7.943541009444743395e-02
7.209049462835537270e-02
6.573850570202921517e-02
6.035565903948736377e-02
5.593199551367433742e-02
5.246929199347505346e-02
4.997775965966866352e-02
4.847104269356350414e-02
4.796037283449550159e-02
4.844981987844221294e-02
4.993470528643229045e-02
5.240423716531950049e-02
5.584762388389208354e-02
6.026118938098079525e-02
6.565324869370670058e-02
7.204430305500864051e-02
7.946244561389903538e-02
8.793691320897778496e-02
9.749523255595704541e-02
1.081700496652047150e-01
1.200197076250333339e-01
1.331620404998830054e-01
1.478147778616403230e-01
1.643303175915207248e-01
1.802444148343056440e-01
1.625265165894234087e-01
1.465979454333137255e-01
1.323531727248337120e-01
1.196394419603166170e-01
1.082967731563257985e-01
9.818441821334999986e-02
8.919475052607594989e-02
8.125754220964154229e-02
7.433799773207283579e-02
6.843118062170105986e-02
6.355432647615089081e-02
5.973770691707613878e-02
5.701459223928395659e-02
5.541140037894365378e-02
5.493985731300199404e-02
5.559329572497517802e-02
5.734861126984469593e-02
6.017386499661370181e-02
6.403947286162292585e-02
6.892923877239809372e-02
7.484695515086059459e-02
8.181548114225734025e-02
8.986792815267108381e-02
9.903407616366166621e-02
1.093280953027715441e-01
1.207447838787629735e-01
1.332699851973302430e-01
1.469066594927426195e-01
1.617122156985715264e-01
1.778368959076033207e-01
4.449915569966833573e-02
3.627146665257896530e-02
3.487300330198195297e-02
3.745787405023293104e-02
4.172468653086980339e-02
4.605710340001678560e-02
4.952624117686355021e-02
5.178292602977307979e-02
5.288426559673098382e-02
5.310381474737368990e-02
5.276801093714311719e-02
5.214652038921485655e-02
5.140530692551692482e-02
5.061379123981168959e-02
4.978555240450077690e-02
4.892785177798941731e-02
4.807870839249517303e-02
4.731914482181309722e-02
4.675915332700242288e-02
4.650547166966134682e-02
4.662472510426596273e-02
4.711594924447126687e-02
4.790243107163405512e-02
4.884610934277588967e-02
4.978076217594207264e-02
5.055504491610918194e-02
5.107435811987670604e-02
5.133171955094439909e-02
5.142144269666459877e-02
5.153408512433088617e-02
5.193535629678081023e-02
5.790205966695793904e-02
4.814788708608830348e-02
4.392315918266831432e-02
4.311836943452362902e-02
4.402047582152590621e-02
4.541635645546193700e-02
4.659316804099944420e-02
4.725785218943201471e-02
4.740970553575607482e-02
4.720263759372755885e-02
4.682798298017587513e-02
4.643703803594689816e-02
4.610854228303651325e-02
4.585397932169144042e-02
4.564566607587039471e-02
4.545047297506243922e-02
4.525514018678222783e-02
4.507566212851088494e-02
4.495054079961846583e-02
4.492348269923240878e-02
4.502385569139732979e-02
4.525261056187446229e-02
4.557828922042972408e-02
4.594363305659499019e-02
4.627981490193633363e-02
4.652350744981958997e-02
4.663221902228542604e-02
4.659511039062635973e-02
4.643885245059209410e-02
4.622994599412777461e-02
4.607556306109472644e-02
6.166866416060656775e-02
5.225567158959165681e-02
4.708243647110066377e-02
4.466514947307587136e-02
4.378872425877489150e-02
4.357926536977174692e-02
4.350438907931675203e-02
4.331817400816362351e-02
4.297509109528618865e-02
4.253826464264420792e-02
4.210254138160962611e-02
4.174421971765696071e-02
4.149968506681034341e-02
4.136731507969670929e-02
4.132260516416863538e-02
4.133604442540672608e-02
4.138607591812615283e-02
4.146388678054790944e-02
4.157098750511067919e-02
4.171312377002323046e-02
4.189447289172676392e-02
4.211463035244378261e-02
4.236861879689968191e-02
4.264824335041339509e-02
4.294248658698052168e-02
4.323554531947593205e-02
4.350311412599694449e-02
4.370963639485125896e-02
4.381043258581485134e-02
4.376211919952766038e-02
4.354243791931367014e-02
5.942989143659360707e-02
5.145257391086488497e-02
4.650930189382052049e-02
4.362944631793652661e-02
4.200797923476784490e-02
4.105290032384800725e-02
4.038600237981881946e-02
3.980900324677350000e-02
3.925138429622165859e-02
3.871601055288920179e-02
3.823459742852719501e-02
3.783903078146977350e-02
3.754852113706874661e-02
3.736827187094604596e-02
3.729368824497214518e-02
3.731503921881085262e-02
3.741996158714755438e-02
3.759391064886585809e-02
3.782041186423157342e-02
3.808306266000727192e-02
3.836989167029969394e-02
3.867863616324029863e-02
3.901992056489689276e-02
3.941511299490230158e-02
3.988718097025412135e-02
4.044576701198820956e-02
4.107090270190383308e-02
4.170203598914667964e-02
4.223920177173567936e-02
4.256082585015974473e-02
4.255818614183226600e-02
5.437813930984702893e-02
4.823772990857833065e-02
4.408127545684692450e-02
4.133936176003771834e-02
3.953077280311845243e-02
3.829079106435528956e-02
3.737217426532879472e-02
3.662704355519963428e-02
3.597989178524585441e-02
3.540083475309074856e-02
3.488497533908230253e-02
3.443966616032412276e-02
3.407809037162223831e-02
3.381587377953110263e-02
3.366773768357234076e-02
3.364295978099107742e-02
3.374058601912111044e-02
3.394680486962897703e-02
3.423688803013646975e-02
3.458251233314513229e-02
3.496275348879862577e-02
3.537470171431777999e-02
3.583860525395721197e-02
3.639345759802381508e-02
3.708195230137789622e-02
3.792785690166056156e-02
3.891275815112749115e-02
3.996126013953471556e-02
4.094305302714928985e-02
4.169661256673862226e-02
4.207340110224322416e-02
4.890975494345184416e-02
4.447582123611937277e-02
4.118896442378172651e-02
3.877253723840112798e-02
3.698486627763486467e-02
3.563428871711948887e-02
3.458001718172454275e-02
3.372432305332040414e-02
3.300204286642838269e-02
3.237194337998516858e-02
3.181180571118602529e-02
3.131637746992055327e-02
3.089568627910921350e-02
3.057113344402750954e-02
3.036824050650466233e-02
3.030715102795511484e-02
3.039391119091305882e-02
3.061623703979421407e-02
3.094641245115781203e-02
3.135141242819372565e-02
3.180725422134855762e-02
3.231212566606700420e-02
3.289223368483362719e-02
3.359605023433687165e-02
3.447641375169041567e-02
3.556468431634129956e-02
3.684521940522245131e-02
3.824030563919222914e-02
3.961438915939652361e-02
4.080196830909699202e-02
4.165688807552214712e-02
4.448963221148005687e-02
4.130134858496603556e-02
3.866960050072520971e-02
3.650951937379431911e-02
3.473882934122229926e-02
3.328521127696149051e-02
3.208699741662712768e-02
3.109092200611485168e-02
3.025053566670976579e-02
2.952733963320497423e-02
2.889446056360611692e-02
2.834075016289716586e-02
2.787240512407151982e-02
2.750990440108580515e-02
2.728001035575289279e-02
2.720492766093229875e-02
2.729248509422177449e-02
2.753147714975057170e-02
2.789482228399720043e-02
2.835032014991156757e-02
2.887555170309497043e-02
2.947114520065952092e-02
3.016627259785309434e-02
3.101229052117560059e-02
3.206447149568703026e-02
3.335653265094151720e-02
3.487655986100435257e-02
3.655442516173934564e-02
3.826904264496988617e-02
3.987894205056363717e-02
4.127285895810928196e-02
4.172294551244704053e-02
3.918793410048238002e-02
3.686764821031829342e-02
3.478016515873605385e-02
3.293038001720560715e-02
3.131464183388743550e-02
2.992152056685881689e-02
2.873153371911030263e-02
2.771852062141988426e-02
2.685397339519113302e-02
2.611366600467590615e-02
2.548426357680000365e-02
2.496700946358032525e-02
2.457639232306974009e-02
2.433361212024465203e-02
2.425694511475740001e-02
2.435275560128502548e-02
2.461112136370502412e-02
2.500860711006680503e-02
2.551796064653899521e-02
2.612149032938759774e-02
2.682275383995147422e-02
2.765098265081178397e-02
2.865472390112699941e-02
2.988501668005483225e-02
3.137287032586755231e-02
3.310925920231966302e-02
3.503692348022013903e-02
3.706120498463860713e-02
3.908224538099602796e-02
4.104425727928173728e-02
4.057489237311528996e-02
3.813164877283270471e-02
3.578144407219951972e-02
3.357331978622823954e-02
3.153957569884369150e-02
2.970154053036822006e-02
2.807079144258750603e-02
2.664843173988629133e-02
2.542530718346824870e-02
2.438495535898255184e-02
2.350922914047259837e-02
2.278478445805376396e-02
2.220778233458986506e-02
2.178459399146959186e-02
2.152790130639914423e-02
2.144963312457548454e-02
2.155380418844288215e-02
2.183271148533094674e-02
2.226882564718835056e-02
2.284237564163049683e-02
2.354198057582834736e-02
2.437381326308241114e-02
2.536461340059759095e-02
2.655573157244361937e-02
2.798882939532632008e-02
2.968777003115974367e-02
3.164412469050148502e-02
3.381438507494749501e-02
3.613470471464097500e-02
3.855418270541122183e-02
4.108154763162019663e-02
4.065557875583181158e-02
3.787898039445281029e-02
3.524034820293309167e-02
3.276818088488653302e-02
3.047885576961562037e-02
2.838596027140738443e-02
2.650220034411177039e-02
2.483679685974493623e-02
2.339213901723269373e-02
2.216270040662493557e-02
2.113735266902949661e-02
2.030412255408009514e-02
1.965508743887767196e-02
1.918896610732190311e-02
1.891009820974431932e-02
1.882431437843479216e-02
1.893384660070296377e-02
1.923410850577056408e-02
1.971448078984394670e-02
2.036342656356282532e-02
2.117602431826526299e-02
2.216036220488604158e-02
2.333909855951787904e-02
2.474406582769006491e-02
2.640479092951864004e-02
2.833514964731875807e-02
3.052471467526629567e-02
3.294161337544210255e-02
3.555129318556282669e-02
3.835092688677832484e-02
4.141347159747965634e-02
4.148796614754246548e-02
3.813259435992222279e-02
3.505948018573690206e-02
3.224710094946203753e-02
2.967117341904668137e-02
2.731836822204058990e-02
2.518879443232435733e-02
2.329079609626205638e-02
2.163306233705952764e-02
2.021853583573829383e-02
1.904257973365020007e-02
1.809536058863159269e-02
1.736642711330205202e-02
1.684875470527913421e-02
1.654021248396020383e-02
1.644201956514734775e-02
1.655548055714461952e-02
1.687924785073846579e-02
1.740910350054036826e-02
1.814087707316502929e-02
1.907522305555175990e-02
2.022157040482852608e-02
2.159835834027035162e-02
2.322806595475412905e-02
2.512815192312700674e-02
2.730188712303061038e-02
2.973496357299154624e-02
3.240362267388263717e-02
3.529746782442089170e-02
3.845550980622647330e-02
4.200858165131649002e-02
4.269891275907866657e-02
3.868837534537306055e-02
3.513634864066261798e-02
3.196268834290094674e-02
2.909578728576889262e-02
2.649001509416848421e-02
2.412822895712452009e-02
2.201372565468773246e-02
2.015791136363986880e-02
1.856953250535298139e-02
1.724906345771159977e-02
1.618889044038951397e-02
1.537741988431662321e-02
1.480407470080535859e-02
1.446251744346227497e-02
1.435095426859334111e-02
1.447018541512079537e-02
1.482125189795624465e-02
1.540457698865793645e-02
1.622138814127538353e-02
1.727656567527446896e-02
1.858077426732052118e-02
2.014956260973121971e-02
2.199843348353169858e-02
2.413528715260326862e-02
2.655423146643443033e-02
2.923630145232891664e-02
3.216216257715132087e-02
3.533900842012371868e-02
3.883914075413485989e-02
4.284239852131577209e-02
4.410757056757574901e-02
3.948715899605304003e-02
3.547862626874120906e-02
3.195161653275135905e-02
2.879533146915491670e-02
2.593793568667024374e-02
2.334821397380437702e-02
2.102475246647372842e-02
1.898001297377049923e-02
1.722613188030663878e-02
1.576674182433634996e-02
1.459575466287788004e-02
1.370117740589194000e-02
1.307063263084273785e-02
1.269551069708541036e-02
1.257224004075396806e-02
1.270104933064430952e-02
1.308392728969920427e-02
1.372360442474018782e-02
1.462437909503933042e-02
1.579403197683859617e-02
1.724486096645705402e-02
1.899180695181712508e-02
2.104702303768135607e-02
2.341268754389602691e-02
2.607636291213566437e-02
2.901453059166669846e-02
3.220914884150261059e-02
3.567879791808081791e-02
3.952092587860533968e-02
4.395621597359422594e-02
4.572000681218924001e-02
4.059366401634179056e-02
3.617620984005043283e-02
3.230654740036698058e-02
2.885220591997494921e-02
2.572842366498662159e-02
2.289798529818654060e-02
2.035795594565570354e-02
1.812145014991983771e-02
1.620176066353451461e-02
1.460329160909168422e-02
1.332009250472765416e-02
1.233979954849928617e-02
1.164937372959684581e-02
1.123941641708370298e-02
1.110553712351247668e-02
1.124723990506026894e-02
1.166609665961004794e-02
1.236503108520992100e-02
1.334938776562921703e-02
1.462882885243743658e-02
1.621791477373335510e-02
1.813334971666336060e-02
2.038752267253585160e-02
2.298063128546345979e-02
2.589632639137562364e-02
2.910700198117410764e-02
3.259371235617436469e-02
3.638190548372222111e-02
4.058852059824857861e-02
4.547008916415506974e-02
4.766351420403225347e-02
4.213444129709387198e-02
3.734585337952012196e-02
3.312954150896985084e-02
2.935191876895260066e-02
2.593059439095668495e-02
2.283162855019327253e-02
2.005436600302346051e-02
1.761238490871619433e-02
1.551784350886009634e-02
1.377327418595086783e-02
1.237108958594035357e-02
1.129813370062038302e-02
1.054143784858752042e-02
1.009205741866026074e-02
9.945784811861813068e-03
1.010160907753743231e-02
1.055996726790908724e-02
1.132263701583724469e-02
1.239465971593745053e-02
1.378688219119794667e-02
1.551654888316988945e-02
1.760373516299296170e-02
2.006346154666971415e-02
2.289642606046982110e-02
2.608412098197732121e-02
2.959528923383913934e-02
3.340908525569830090e-02
3.755587153136730194e-02
4.217019118368625641e-02
4.754394599876832217e-02
5.010284855234203860e-02
4.423152227536775172e-02
3.907922682265052572e-02
3.449192377593135461e-02
3.035262654884718359e-02
2.659390764893032610e-02
2.319225085375364870e-02
2.015172727988101542e-02
1.748555683298036456e-02
1.520233332121279091e-02
1.330016039719339460e-02
1.176811744517181069e-02
1.059180138690862805e-02
9.758946966030634940e-03
9.262281586416065693e-03
9.098991213249973953e-03
9.268294743378646672e-03
9.769597862032242119e-03
1.060309239255730063e-02
1.177284466393757612e-02
1.329034443187993020e-02
1.517536838946398348e-02
1.745166524779051542e-02
2.013752670609392226e-02
2.323487160902004689e-02
2.672362908197101206e-02
3.056931521859951317e-02
3.474966300564119592e-02
3.930098564160289243e-02
4.437767788476776332e-02
5.031110640265978873e-02
5.317386169190285727e-02
4.695969934255117550e-02
4.141617617278825492e-02
3.641748458903748542e-02
3.187391460232902318e-02
2.773970198177266866e-02
2.400470372231211513e-02
2.067776252806652337e-02
1.777003008464816958e-02
1.528423093259334564e-02
1.321205793647095561e-02
1.153813113342039287e-02
1.024667451565619558e-02
9.326826402684673667e-03
8.774158617598004639e-03
8.588517172029241920e-03
8.770398751948960125e-03
9.318820346379652619e-03
1.023257206543348730e-02
1.151450176257640123e-02
1.317614845174830407e-02
1.523897024162579328e-02
1.772939700458664447e-02
2.066800788452383131e-02
2.405720442766323686e-02
2.787518239347264171e-02
3.208503051428124309e-02
3.666525162407197058e-02
4.166201900807209313e-02
4.725534108729334548e-02
5.382346999249421060e-02
5.695304089022101834e-02
5.033852870110422373e-02
4.434939909697277471e-02
3.889244314632378519e-02
3.390707306971307844e-02
2.936892813886515796e-02
2.527958624705206603e-02
2.165040590625721961e-02
1.848829969821963459e-02
1.578849539509974420e-02
1.353537767136003822e-02
1.170891892979852855e-02
1.029232457221951336e-02
9.276831333409063518e-03
8.661717918585054576e-03
8.450380963040515780e-03
8.645423818961717188e-03
9.246128392987884581e-03
1.025022509566042572e-02
1.165921530628111213e-02
1.348396095272619277e-02
1.574625716602895409e-02
1.847341982647776604e-02
2.168645657366141677e-02
2.538690959045197815e-02
2.955110353650525212e-02
3.414138086372986436e-02
3.914089443424018100e-02
4.461172800074564293e-02
5.076722453668480739e-02
5.804094383347546682e-02
6.146242107934085652e-02
5.435288554872386158e-02
4.785160417668521404e-02
4.189279676211299375e-02
3.643868819926865399e-02
3.148009636788628995e-02
2.702517293801065534e-02
2.308428392279893160e-02
1.965832873247563839e-02
1.673468893568497151e-02
1.429098076187074184e-02
1.230338243476580828e-02
1.075482323358301073e-02
9.639077237807214260e-03
8.959297920227982104e-03
8.722492042579688132e-03
8.933469071052968502e-03
9.591955429641529918e-03
1.069474824180360883e-02
1.224181884026620537e-02
1.424261403735727072e-02
1.671788383100647479e-02
1.969399990048259497e-02
2.319063193863257766e-02
2.720751875312998891e-02
3.171976632438600063e-02
3.669179839198477566e-02
4.211650422803359106e-02
4.807872192759532481e-02
5.483257433661492541e-02
6.287339863774832338e-02
6.669556880660820752e-02
5.898495119618019089e-02
5.190759382094256580e-02
4.541281237470684573e-02
3.947377341683022678e-02
3.408673556987196207e-02
2.925979589053895324e-02
2.499901138071436435e-02
2.129874461388681084e-02
1.813981820305343717e-02
1.549504534341394901e-02
1.333850141963921487e-02
1.165368976944591850e-02
1.043682348972652107e-02
9.694153442978858948e-03
9.435292173293419182e-03
9.666429454227909446e-03
1.038727765262592584e-02
1.159352481772657484e-02
1.328344216744881123e-02
1.546458643861114979e-02
1.815575490763876587e-02
2.138122018368449062e-02
2.515844428853597492e-02
2.948548679705709219e-02
3.433802213112358004e-02
3.968627453286899254e-02
4.553819468856090680e-02
5.200722190056694672e-02
5.939296972792362794e-02
6.825414386548800394e-02
7.264601992937969044e-02
6.423925098351901397e-02
5.653430838719941676e-02
4.947985189937753603e-02
4.304613026033621281e-02
3.722454971284605563e-02
3.201716028706869110e-02
2.742378790571819991e-02
2.343339867366012186e-02
2.002302689652424306e-02
1.716364303138107061e-02
1.482926885364577174e-02
1.300458473269827664e-02
1.168746262555941939e-02
1.088557935145217925e-02
1.060927103389985859e-02
1.086459570797160268e-02
1.165040432533714920e-02
1.296104225912131369e-02
1.479317004850599915e-02
1.715253414295148104e-02
2.005589277541730553e-02
2.352531701035331935e-02
2.757638157345354557e-02
3.220676995988469571e-02
3.739537074579857290e-02
4.312207559996750206e-02
4.941413807682693005e-02
5.641666008159518242e-02
6.447457306057913229e-02
7.420448724587913603e-02
7.932434404938248917e-02
7.014971230819355696e-02
6.178036564233480021e-02
5.414918192400364205e-02
4.721111758408369496e-02
4.094442223140504211e-02
3.534121438133297488e-02
3.039503344189142808e-02
2.609196899720700458e-02
2.240881382022053003e-02
1.931784331100061536e-02
1.679480823804624379e-02
1.482564309844747186e-02
1.340849765983875841e-02
1.255030355241615325e-02
1.225993342814035714e-02
1.254172944754827768e-02
1.339298284437973052e-02
1.480681111570447683e-02
1.677887527330312878e-02
1.931387993681710213e-02
2.242729805584531277e-02
2.613984588242601603e-02
3.046647176233818755e-02
3.540648338093888015e-02
4.094475518650142476e-02
4.707382852211594582e-02
5.384216640231898054e-02
6.142544573231134564e-02
7.020763290347531438e-02
8.084983949811430648e-02
8.675993827637284994e-02
7.676919068035203964e-02
6.770841373509028926e-02
5.948354785505216569e-02
5.202585899678524584e-02
4.529557389469118789e-02
3.927350911544635892e-02
3.394830897741485387e-02
2.930614300566958264e-02
2.532677756244083866e-02
2.198618429974885657e-02
1.926278564496897161e-02
1.714320476457942277e-02
1.562421720882412046e-02
1.470995967974886298e-02
1.440609667042735964e-02
1.471431009122170508e-02
1.563033284037373960e-02
1.714683281898032874e-02
1.925967847637366503e-02
2.197383917518891394e-02
2.530476293759420514e-02
2.927310998347820714e-02
3.389475902076810598e-02
3.917257409193553030e-02
4.509943851007847115e-02
5.168174892605748028e-02
5.898797048575943336e-02
6.721863159327767789e-02
7.678433878754731268e-02
8.837004072120180354e-02
9.499311842591851018e-02
8.415159693686291575e-02
7.437288775690831244e-02
6.553073545364895836e-02
5.752930815651779994e-02
5.030947722843848169e-02
4.384126056538661942e-02
3.811012252845102921e-02
3.310443277587182820e-02
2.880868871579878032e-02
2.520341562922112644e-02
2.226950459589716047e-02
1.999319951573852450e-02
1.836843846831470728e-02
1.739526656456291676e-02
1.707547107071150094e-02
1.740824391163187101e-02
1.838869803759735078e-02
2.001047808153089136e-02
2.227121269243070856e-02
2.517754831205820665e-02
2.874610946309985593e-02
3.299860868719406426e-02
3.795302678918233141e-02
4.361696973501238972e-02
4.999201957980403677e-02
5.709748178196605295e-02
6.501748141454299912e-02
7.396756908565293998e-02
8.436773034190991893e-02
9.690088663046481088e-02
1.040674588693946134e-01
9.234010279033100232e-02
8.180814891966292635e-02
7.231400490127271041e-02
6.373581252410076559e-02
5.599625236936844885e-02
4.905559387407265604e-02
4.289683527167653665e-02
3.751073894818546250e-02
3.288612188771367073e-02
2.900713150302181020e-02
2.585590170201612636e-02
2.341711703047621995e-02
2.168109784543048590e-02
2.064367759157903492e-02
2.030339474003994837e-02
2.065821267024148256e-02
2.170424108771840110e-02
2.343771479354472831e-02
2.585935387469362468e-02
2.897840617515612394e-02
3.281326383148552850e-02
3.738713157508755103e-02
4.272050728468457237e-02
4.882595330127514899e-02
5.571309074730379507e-02
6.341132570378249511e-02
7.201372819690732285e-02
8.173830898158485070e-02
9.299439792448538356e-02
1.064346968269092031e-01
1.140298577047360595e-01
1.013704539036552887e-01
9.003630048027844168e-02
7.984409305208828300e-02
7.064985398392309435e-02
6.236007226107176393e-02
5.492547519679646939e-02
4.832536503090523183e-02
4.255075120454421267e-02
3.759229581919498742e-02
3.343551477155415341e-02
3.006218897644430399e-02
2.745476857671746984e-02
2.560025393177056685e-02
2.449138914380455390e-02
2.412510535941692069e-02
2.449989935848861933e-02
2.561438525299308822e-02
2.746837599988793954e-02
3.006606928829569370e-02
3.341921870014630258e-02
3.754766457132063806e-02
4.247581974777858704e-02
4.822651528957067057e-02
5.481687117571709678e-02
6.226311063073808327e-02
7.060092475876444951e-02
7.992446335629210807e-02
9.044060483938665129e-02
1.025275165484345052e-01
1.167800098955922294e-01
1.249381853558588773e-01
1.112884358517476358e-01
9.909271091237314977e-02
8.814997514855349436e-02
7.829870531713822857e-02
6.943042582497582771e-02
6.148481908167013898e-02
5.443424492841586471e-02
4.826609143492532894e-02
4.296939812775235623e-02
3.852872035349719226e-02
3.492464490409474820e-02
3.213797027274267748e-02
3.015399895957671106e-02
2.896446016529807821e-02
2.856658665405120701e-02
2.896065772802103311e-02
3.014811787579674274e-02
3.213178625446744263e-02
3.491814655717462301e-02
3.852009170077508315e-02
4.295780872053001076e-02
4.825635302404407412e-02
5.444077557331183925e-02
6.153255595563678071e-02
6.955320652559748851e-02
7.854089071406633593e-02
8.858298852646839805e-02
9.986204669621656649e-02
1.127057985613646451e-01
1.276260855156579055e-01
1.368677542013756465e-01
1.221698026565718465e-01
1.090555126684193965e-01
9.731366992855328135e-02
8.676844646470271982e-02
7.729587218273081817e-02
6.882145018607843667e-02
6.130633868451695889e-02
5.473036124385544099e-02
4.907840572195709683e-02
4.433349465398350731e-02
4.047633275331463665e-02
3.748868730326648802e-02
3.535718568309675902e-02
3.407503392372746021e-02
3.364098578458651900e-02
3.405671277141664177e-02
3.532460439600981772e-02
3.744763016584329307e-02
4.043150181678356603e-02
4.428777530847582966e-02
4.903565785934915766e-02
5.470081929161096923e-02
6.131142047888715751e-02
6.889420450170291588e-02
7.747558839764678851e-02
8.709305821321322583e-02
9.781996433594031259e-02
1.098022594233043492e-01
1.232998259838495869e-01
1.387197563635709230e-01
1.499029338028776692e-01
1.341247924883646192e-01
1.200585742735711392e-01
1.074875617487123236e-01
9.622225347993662581e-02
8.612086967696086504e-02
7.709106588299619034e-02
6.907946032515610568e-02
6.205667329413699917e-02
5.600423559735645540e-02
5.090683367598103359e-02
4.675014793974696659e-02
4.352220031432807446e-02
4.121530610427726060e-02
3.982645398355089128e-02
3.935558157536434010e-02
3.980285302168340422e-02
4.116687216082937084e-02
4.344537274300819263e-02
4.663855901890201494e-02
5.075363747164374217e-02
5.580810659012058750e-02
6.182965354673797265e-02
6.885223780409432948e-02
7.691043546219589189e-02
8.603635444887913764e-02
9.626423615918611176e-02
1.076463640092697460e-01
1.202802011466701515e-01
1.343415385344997048e-01
1.501135453090682859e-01
1.641021474770241184e-01
1.472711552323744399e-01
1.322692903668212239e-01
1.188745851140993182e-01
1.068816300285106990e-01
9.612767229918972589e-02
8.650018402477144264e-02
7.793123813462443650e-02
7.038543554517673329e-02
6.384732026708661579e-02
5.831190738899749704e-02
5.377925172433606349e-02
5.025191640379489399e-02
4.773340380052104592e-02
4.622612894308986142e-02
4.572879655825090595e-02
4.623432084190426394e-02
4.772993762162514031e-02
5.020058555237483233e-02
5.363519706588704139e-02
5.803389798165881075e-02
6.341313560915295966e-02
6.980605962598929182e-02
7.725719219524762593e-02
8.581304057588567957e-02
9.551279564038850367e-02
1.063845034404948819e-01
1.184512763429665938e-01
1.317490430301404558e-01
1.463527862269984325e-01
1.624034815959021216e-01
1.794333611051115440e-01
1.616696211222006241e-01
1.458232324821437942e-01
1.316624675710045267e-01
1.189616743504302576e-01
1.075347423029597849e-01
9.725008448367589153e-02
8.803078802520758472e-02
7.984543440034030937e-02
7.269500898109981790e-02
6.659985649457667023e-02
6.158863654491142370e-02
5.768960255954880267e-02
5.492376035908819176e-02
5.329965002965764143e-02
5.281021917471662164e-02
5.343286298375460319e-02
5.513366444938583300e-02
5.787591292028082535e-02
6.163141531578730792e-02
6.639154327422147617e-02
7.217420568849775009e-02
7.902350878794095479e-02
8.700089480407768860e-02
9.616948519033030607e-02
1.065762073012592737e-01
1.182379629426577594e-01
1.311377200472634286e-01
1.452337873652140843e-01
1.604812194345868193e-01
1.768595175253722118e-01
4.617541913921741070e-02
3.866032946916675428e-02
3.690482470483402722e-02
3.848019519318768289e-02
4.145637190413253848e-02
4.450902124335698318e-02
4.690501648110512178e-02
4.839440152318275068e-02
4.905073541158344597e-02
4.910451316209218930e-02
4.880674244486726820e-02
4.834476377800456248e-02
4.781468380861042533e-02
4.723916291732166428e-02
4.660961498848337214e-02
4.592979327026114333e-02
4.524277320160763338e-02
4.463289797240577172e-02
4.420487035895348527e-02
4.405038733057153877e-02
4.421629381613456644e-02
4.468657681900367606e-02
4.538479732946143486e-02
4.619604851177427918e-02
4.700090520054800436e-02
4.771019063264247961e-02
4.828967212233692408e-02
4.876762593994499184e-02
4.922404646276845597e-02
4.976612014797865413e-02
5.049854937078634975e-02
5.457492501591332257e-02
4.653416028850188013e-02
4.304552617759327404e-02
4.230842439937987365e-02
4.289289560801989865e-02
4.381723294318362605e-02
4.453416743490379304e-02
4.484797406621510163e-02
4.479473764149588533e-02
4.451942321793467272e-02
4.417693076720752288e-02
4.387256985683052335e-02
4.364403478757594712e-02
4.347566229989752173e-02
4.332924057962372899e-02
4.317491886467905715e-02
4.301007563117309473e-02
4.286125442740740255e-02
4.277162721700733528e-02
4.278161380898382049e-02
4.291178415041940752e-02
4.315504350779519882e-02
4.348057547576900106e-02
4.384700343507574871e-02
4.421863033530826215e-02
4.457768489191948902e-02
4.492741100330022164e-02
4.528474770813772921e-02
4.566574432647030335e-02
4.607008232051157393e-02
4.647196573205292225e-02
5.615226664122019429e-02
4.877569775089796167e-02
4.478968136936600786e-02
4.293808707188873086e-02
4.222060755091661122e-02
4.194582525997248013e-02
4.172002589257317595e-02
4.138854732809704728e-02
4.095299794062157162e-02
4.048795499693369493e-02
4.007548161825980060e-02
3.976706433240906335e-02
3.957315248408121988e-02
3.947303332824958488e-02
3.943402918230276555e-02
3.942940580964204855e-02
3.944806181971216574e-02
3.949421557626919821e-02
3.957993192670983262e-02
3.971585881299688481e-02
3.990534779586596414e-02
4.014466371518210508e-02
4.042849526376812719e-02
4.075702097179600969e-02
4.113962902192724869e-02
4.159153298132878263e-02
4.212257895233051386e-02
4.272132526057248469e-02
4.334053613274591044e-02
4.389128755974525120e-02
4.425134520897699986e-02
5.363100677641341463e-02
4.755488328009960242e-02
4.381372454190568533e-02
4.160517035415978171e-02
4.028619571909075603e-02
3.940659385625622235e-02
3.870102014116127975e-02
3.805142527198768221e-02
3.743556725748931058e-02
3.687678982169018127e-02
3.640611537412041798e-02
3.604155668654129840e-02
3.578344742709305137e-02
3.562025680366787128e-02
3.553781893060659058e-02
3.552614767249906436e-02
3.558105130650801584e-02
3.570123484678333625e-02
3.588395762562868185e-02
3.612285449344199151e-02
3.641006428370019421e-02
3.674218356536584906e-02
3.712693938359734602e-02
3.758614852631581016e-02
3.815115807447000407e-02
3.884956572437658906e-02
3.968572671874426305e-02
4.062102455645799637e-02
4.156177993354503997e-02
4.236202231368224602e-02
4.284508581258705817e-02
4.936284632640308701e-02
4.473770369804697111e-02
4.155333616290590726e-02
3.936620355671038851e-02
3.781637457359465770e-02
3.664644760283408687e-02
3.569671972945798188e-02
3.488432388257933781e-02
3.417595932842232287e-02
3.356290964802610688e-02
3.304391118217608891e-02
3.261739119261619635e-02
3.228100110572995618e-02
3.203438110358547419e-02
3.188110384508036077e-02
3.182748484687181190e-02
3.187844004423823208e-02
3.203270603989949450e-02
3.228055735598900355e-02
3.260626053088344634e-02
3.299530663571204059e-02
3.344383618241408840e-02
3.396579508262220770e-02
3.459318526802235283e-02
3.536660143072367646e-02
3.631668948582955636e-02
3.744107466627610847e-02
3.868435238837264478e-02
3.992962056872784160e-02
4.100820097664836794e-02
4.172983783973904792e-02
4.507033887057332322e-02
4.168552934788749553e-02
3.905040950849070214e-02
3.698490590250003152e-02
3.533763025552616455e-02
3.399519392769434489e-02
3.288016864098608494e-02
3.194224996332195587e-02
3.114787421509390697e-02
3.047248254733858630e-02
2.989735556184314191e-02
2.941041590383974835e-02
2.900856144697172567e-02
2.869860990904271603e-02
2.849487501953262836e-02
2.841332982643507421e-02
2.846431655780179426e-02
2.864697095355950296e-02
2.894832781748846173e-02
2.934839526278665289e-02
2.982995237834984437e-02
3.038937437668209895e-02
3.104350741705275141e-02
3.182819003995973617e-02
3.278649206549744122e-02
3.394849142932798713e-02
3.530819769002846442e-02
3.680571920267539099e-02
3.832289289493928663e-02
3.969799463447998278e-02
4.076029912175727077e-02
4.176269497111206874e-02
3.919644766210694797e-02
3.691213231286383234e-02
3.490228665032191202e-02
3.315223793106270023e-02
3.164444557842216454e-02
3.035894169443054125e-02
2.927221532445400953e-02
2.835702471202239394e-02
2.758467230160022154e-02
2.692968655173899606e-02
2.637530891661299393e-02
2.591739646595669910e-02
2.556463264772901312e-02
2.533429976756451651e-02
2.524472014192724600e-02
2.530709182610735297e-02
2.552008174825459719e-02
2.586981755302986130e-02
2.633595300721935928e-02
2.690197206538869068e-02
2.756572699581738561e-02
2.834538045135559514e-02
2.927688641648273915e-02
3.040183681150665507e-02
3.174814916201285087e-02
3.330946418282110244e-02
3.503105381605564617e-02
3.680956094831344672e-02
3.851092298646108247e-02
4.000591886142501608e-02
3.980927494558272883e-02
3.757363612385233864e-02
3.536989789790823124e-02
3.328229643739177845e-02
3.136809137504315004e-02
2.966087547974893823e-02
2.817324607167392969e-02
2.689984531752998009e-02
2.582187840744154528e-02
2.491351390926865861e-02
2.414946867065737024e-02
2.351205721060978249e-02
2.299561684776563197e-02
2.260674936405848712e-02
2.236014071968384087e-02
2.227138521993765607e-02
2.234954364394070581e-02
2.259251737268641591e-02
2.298749107285402715e-02
2.351678335980977863e-02
2.416718473250512034e-02
2.493905324081424624e-02
2.585090096545172855e-02
2.693632283626357093e-02
2.823271149100037292e-02
2.976448176195845008e-02
3.152641681663226336e-02
3.347409114940091968e-02
3.552748424408491701e-02
3.759076684582396410e-02
3.958659995987545699e-02
3.912129879608983174e-02
3.677763984887860715e-02
3.440274988679448143e-02
3.210668885003542528e-02
2.996550784155260772e-02
2.802639482251834124e-02
2.631226743687875569e-02
2.482625713309971616e-02
2.355687188537558541e-02
2.248427280574105680e-02
2.158724336186423898e-02
2.084958162595285103e-02
2.026425850635860115e-02
1.983407395891845226e-02
1.956859263009391725e-02
1.947853038291214034e-02
1.956986314326059073e-02
1.984022714168531820e-02
2.027944998553721234e-02
2.087444121571024880e-02
2.161675345269031823e-02
2.250965162966167554e-02
2.357119968655752018e-02
2.483096162177389488e-02
2.632023456681054085e-02
2.805855073529528454e-02
3.004150616470724344e-02
3.223583861836232245e-02
3.458653084089746699e-02
3.703765324462438002e-02
3.956435685904580168e-02
3.937520823092199862e-02
3.660608583595603704e-02
3.387924117123475298e-02
3.128343577554915100e-02
2.887570015445817262e-02
2.668983401235891506e-02
2.474240874289534986e-02
2.303673157439334318e-02
2.156602763716364279e-02
2.031698291830252856e-02
1.927404097659746185e-02
1.842387502256315202e-02
1.775880789500661194e-02
1.727797770581673831e-02
1.698576342460000888e-02
1.688810699852183461e-02
1.698835554998368025e-02
1.728462711616884917e-02
1.777021070301998407e-02
1.843721496697980911e-02
1.928215844236547127e-02
2.031096657447051257e-02
2.154066032380796969e-02
2.299598652462009341e-02
2.470128326240228489e-02
2.667021699016913772e-02
2.889787247113417834e-02
3.136010501475539058e-02
3.402373227436328307e-02
3.686814147658878937e-02
3.991497936658561230e-02
4.021395394374849275e-02
3.684830886049894616e-02
3.367524033092195168e-02
3.073530376423150301e-02
2.804573135654209182e-02
2.561240737122716382e-02
2.343642886262387037e-02
2.151622296514688060e-02
1.984734980214852840e-02
1.842218600359046832e-02
1.723081680393079296e-02
1.626323409436736256e-02
1.551189627207349986e-02
1.497335740714333951e-02
1.464807284355629236e-02
1.453844216302968562e-02
1.464611623669043183e-02
1.497010984166990966e-02
1.550698671780992299e-02
1.625340557075105608e-02
1.721003092825412750e-02
1.838482530001783744e-02
1.979358489916194230e-02
2.145651070895837620e-02
2.339137987291906029e-02
2.560590474604396150e-02
2.809331131720682606e-02
3.083528429851867259e-02
3.381489648745628074e-02
3.703915641381172463e-02
4.056717321509495378e-02
4.138208235963247716e-02
3.738058352610096335e-02
3.374090552097186446e-02
3.044746826344635338e-02
2.747311320126755163e-02
2.479343913728371263e-02
2.239277827175101265e-02
2.026360241143265739e-02
1.840256058494560421e-02
1.680635247612372041e-02
1.546956544916611165e-02
1.438499608775600791e-02
1.354558511229697615e-02
1.294643944129347801e-02
1.258564760792069137e-02
1.246349650318734348e-02
1.258073066128417850e-02
1.293711383186746389e-02
1.353146416659001261e-02
1.436349366849754006e-02
1.543665002100169659e-02
1.676027629582677037e-02
1.834931432676967233e-02
2.022068636870244518e-02
2.238717299042036757e-02
2.485144841193687171e-02
2.760413003124995157e-02
3.062954623601399362e-02
3.392119105410529301e-02
3.750573949946556240e-02
4.147094343352364376e-02
4.277888852811884135e-02
3.819284995552152395e-02
3.411152520857285708e-02
3.047046293795574456e-02
2.720635255536762998e-02
2.427178258221829310e-02
2.163934009149670601e-02
1.929785609536338598e-02
1.724500727141276002e-02
1.548027616809122264e-02
1.400082475447561592e-02
1.280087207851465791e-02
1.187350823602173477e-02
1.121309377776924521e-02
1.081662836077157408e-02
1.068347478576470166e-02
1.081395868095569313e-02
1.120808933046646416e-02
1.186557050095871091e-02
1.278743920556735247e-02
1.397853773960378021e-02
1.544916686543729156e-02
1.721424075367394835e-02
1.928927276458125561e-02
2.168427275319118053e-02
2.439846959168789908e-02
2.741984072781633586e-02
3.073307460726937279e-02
3.433753579156473279e-02
3.827349907078314573e-02
4.265118321200134233e-02
4.444124536530580372e-02
3.936112052906537428e-02
3.487647618021583185e-02
3.089082486258121207e-02
2.732061970164068043e-02
2.410823075479129329e-02
2.122298612084705383e-02
1.865416752116288990e-02
1.640099890937563032e-02
1.446405821479856968e-02
1.284065595245920122e-02
1.152445157640613616e-02
1.050778383796568960e-02
9.784483350813388824e-03
9.351360524306073785e-03
9.207781651639379561e-03
9.354031106340698898e-03
9.789911855477839708e-03
1.051485064090229571e-02
1.152980542974546552e-02
1.283998298458755016e-02
1.445650801178999245e-02
1.639523947960697114e-02
1.867215170932468027e-02
2.129665319807827473e-02
2.426620166806969792e-02
2.756660728482529521e-02
3.118183532205875963e-02
3.511471131059806794e-02
3.941618477256270126e-02
4.421678690414410084e-02
4.648568910488393158e-02
4.099383259745081887e-02
3.613174182828515768e-02
3.179094831284601241e-02
2.788546305964700878e-02
2.436105063679860905e-02
2.119241340551525354e-02
1.837319864716846496e-02
1.590445017791353166e-02
1.378595115966163576e-02
1.201258765649981797e-02
1.057533266430255026e-02
9.464684175327420235e-03
8.673930962686426938e-03
8.200384909287095070e-03
8.044252492254599929e-03
8.206278158468194306e-03
8.685977722052484751e-03
9.481910179601982236e-03
1.059416857606265694e-02
1.202777230355422944e-02
1.379469585663173348e-02
1.591247753822244704e-02
1.839883772481698543e-02
2.126405782473739237e-02
2.450504485022975132e-02
2.810610866436036304e-02
3.205061402695719153e-02
3.634482021152507514e-02
4.105093237740220502e-02
4.632190937991254032e-02
4.904381471715169027e-02
4.318193046492524445e-02
3.794141655089333653e-02
3.321927921206224710e-02
2.894156643742462620e-02
2.506776637164875865e-02
2.158390346448868513e-02
1.849013364699203521e-02
1.578874903498217463e-02
1.347674195130821317e-02
1.154430986207444221e-02
9.978017158573493361e-03
8.765719147049821913e-03
7.900244614575058222e-03
7.380066512268967927e-03
7.207073314930312335e-03
7.383141535683535039e-03
7.907830338808707893e-03
8.778821662417612970e-03
9.995149797759950161e-03
1.156146192806772888e-02
1.349056523758918047e-02
1.580187630315776914e-02
1.851524364610668272e-02
2.164228851324878633e-02
2.517989526677411050e-02
2.911156888876575977e-02
3.342124024493386969e-02
3.812072407163213938e-02
4.328710857225814834e-02
4.910136139369569719e-02
5.221705175063107163e-02
4.597293139522662386e-02
4.032396171533036977e-02
3.518326136691030115e-02
3.049654903588816524e-02
2.624147996539250016e-02
2.241704925836529583e-02
1.902954699471592903e-02
1.608103021862916648e-02
1.356393602327443659e-02
1.146232894097920507e-02
9.757550476933829486e-03
8.434662260697223246e-03
7.486397269531153142e-03
6.913046425324864686e-03
6.718898308463394642e-03
6.907599454279989004e-03
7.479227526346221566e-03
8.430891102761961520e-03
9.760698696481995285e-03
1.147288898937404156e-02
1.358088762208353728e-02
1.610561217239592224e-02
1.906855487322900444e-02
2.248226475785486400e-02
2.634356076305266470e-02
3.063587765063857660e-02
3.534569271869258955e-02
4.049401015072362497e-02
4.617832715302938595e-02
5.261498929758090526e-02
5.606169268139638007e-02
4.937404254451394081e-02
4.326473145920317620e-02
3.766485739470226690e-02
3.253930175560526550e-02
2.788179488561581820e-02
2.370153820083942264e-02
2.000833061174489558e-02
1.680205750744789839e-02
1.406957395374774933e-02
1.178862036613281816e-02
9.935692287399433553e-03
8.493682558764703572e-03
7.455845043295994401e-03
6.824753698310814798e-03
6.607420204090885818e-03
6.809501443058252335e-03
7.431828402332030237e-03
8.471173321595415473e-03
9.924875921569764614e-03
1.179671006684657186e-02
1.410032631247304380e-02
1.685738599917385727e-02
2.009005786385387182e-02
2.381097203760873526e-02
2.801663945137988776e-02
3.269131088018184528e-02
3.782645067258272320e-02
4.345644546265248209e-02
4.970500079798512161e-02
5.683073282853001729e-02
6.059969465422909707e-02
5.337536866136360914e-02
4.674382656958186999e-02
4.064766583906020969e-02
3.506320538872387260e-02
2.999280493531841785e-02
2.544989825400989503e-02
2.144395651703234762e-02
1.797106690355576575e-02
1.501266715058591217e-02
1.254140722448937595e-02
1.053047482855618000e-02
8.961829080362804234e-03
7.829871203284710646e-03
7.139481982449069619e-03
6.900035121361725032e-03
7.118760317098349333e-03
7.796955222147516906e-03
8.930981246521696448e-03
1.051743469724897295e-02
1.255953493819106370e-02
1.507075739209540188e-02
1.807275244209449738e-02
2.158742638130206615e-02
2.562675546505488455e-02
3.018689377495320514e-02
3.525398590863915160e-02
4.082689213100820780e-02
4.695696999260690063e-02
5.379836903739487752e-02
6.165599926316644996e-02
6.584120269690174609e-02
5.797692589840153232e-02
5.076271032885415480e-02
4.414021706179482862e-02
3.808486488560447469e-02
3.259726679243613034e-02
2.768786387605359778e-02
2.336208245833404362e-02
1.961159167694859207e-02
1.641392197052482516e-02
1.373908808454871178e-02
1.155928184743970633e-02
9.856977965682744980e-03
8.628052106359973550e-03
7.879075303208082914e-03
7.620663061970844865e-03
7.860486381105147302e-03
8.599515727837570012e-03
9.833350719418376684e-03
1.155781076522544026e-02
1.377558108652010560e-02
1.649980974616482854e-02
1.975174504332244396e-02
2.355255444126669317e-02
2.791332360357046127e-02
3.283020420349203050e-02
3.829236554884118959e-02
4.430782049894332886e-02
5.094672918494325131e-02
5.839468124031554908e-02
6.700198537146206945e-02
7.180366173997754231e-02
6.320460930146509781e-02
5.535591585066867992e-02
4.818346253159688786e-02
4.164821640006266534e-02
3.573856771254213527e-02
3.045548129739472643e-02
2.579783566761761904e-02
2.175355478539131582e-02
1.829882628226187080e-02
1.540409735753200948e-02
1.304300266201607883e-02
1.119969147839583457e-02
9.871299509541131556e-03
9.064847967238165438e-03
8.790531806880608201e-03
9.054959140485152602e-03
9.857814147835597396e-03
1.119361120800022036e-02
1.305753663473296911e-02
1.545207545859739184e-02
1.839033103897236288e-02
2.189330288092605770e-02
2.598156763269798830e-02
3.066566774214152247e-02
3.594244161649839953e-02
4.180495905166026205e-02
4.827089965692721307e-02
5.542840928683290258e-02
6.349117003992432728e-02
7.284787762910127640e-02
7.851853938336716965e-02
6.910861542564816773e-02
6.058348220540210605e-02
5.283971305470913649e-02
4.581229363247985020e-02
3.946921460010344163e-02
3.379764175042510033e-02
2.878908404090907425e-02
2.442940833134343848e-02
2.069634389044949785e-02
1.756358623970299959e-02
1.500804034003522247e-02
1.301596949633676559e-02
1.158493707771413028e-02
1.072081585880368948e-02
1.043164500151760876e-02
1.072165339428465813e-02
1.158863368618767709e-02
1.302611331630032510e-02
1.502922381041571498e-02
1.760099988314323127e-02
2.075520259677432477e-02
2.451319654937833548e-02
2.889558067545294762e-02
3.391308189020492136e-02
3.956397197180194780e-02
4.584551874722819775e-02
5.278397686925018206e-02
6.048168017150601372e-02
6.917248255922459066e-02
7.927031083818292245e-02
8.602585252447170205e-02
7.574832578393397853e-02
6.651058117859065533e-02
5.817066781310131773e-02
5.063036658975761384e-02
4.383278689783765003e-02
3.774961808812804520e-02
3.236560084769735113e-02
2.766649474506266415e-02
2.363383022748166695e-02
2.024624632758786902e-02
1.748454682092415169e-02
1.533661077701253816e-02
1.379913902928819880e-02
1.287531056732404977e-02
1.256976582226343453e-02
1.288377949094865471e-02
1.381343916000332683e-02
1.535206830885726959e-02
1.749580961040919647e-02
2.024929952312959358e-02
2.362784294382436201e-02
2.765390594868222252e-02
3.234883771074237302e-02
3.772430669050663710e-02
4.378054654807783663e-02
5.051859337254427373e-02
5.797065018123248592e-02
6.624684151756810024e-02
7.558946574863512069e-02
8.641958217049250379e-02
9.436387562163872644e-02
8.317496798190404661e-02
7.318777921318542212e-02
6.421855743974447250e-02
5.613386174809420481e-02
4.885130053298780695e-02
4.232764401967870072e-02
3.654209569504018873e-02
3.148160585988080129e-02
2.713232888345373794e-02
2.347787592589156702e-02
2.050216744100907817e-02
1.819337601773440838e-02
1.654592041450086981e-02
1.555924089188920334e-02
1.523423517210176215e-02
1.556967489159433171e-02
1.656102227570954710e-02
1.820277394290314987e-02
2.049339417862938717e-02
2.344012459798250347e-02
2.706047099491115659e-02
3.137847367906942964e-02
3.641671480727382004e-02
4.218834596395026892e-02
4.869580269587459043e-02
5.594292258319910616e-02
6.396425687853479758e-02
7.286975748138502240e-02
8.289622867596335709e-02
9.445097240677569062e-02
1.035630098449473735e-01
9.142391950808814727e-02
8.064502962224651128e-02
7.100346624429221265e-02
6.233323631022358313e-02
5.452882477402454242e-02
4.753386959782801569e-02
4.132299191405763850e-02
3.588432887772796676e-02
3.120774558919947594e-02
2.728024011594243348e-02
2.408697956707328558e-02
2.161473520391155034e-02
1.985453792440239340e-02
1.880183587491046637e-02
1.845441205659881234e-02
1.880983616138109937e-02
1.986454529833281413e-02
2.161568311566952616e-02
2.406505994440522045e-02
2.722299117158399895e-02
3.110923570784507319e-02
3.574935346114216372e-02
4.116729872475843877e-02
4.737808265053899959e-02
5.438654196041170508e-02
6.219834616786101833e-02
7.084673053759615868e-02
8.043334996909834445e-02
9.117532717937137932e-02
1.034450572078640107e-01
1.136482680813060142e-01
1.005220278784690890e-01
8.890473400970222428e-02
7.854158320697024465e-02
6.923979500425048172e-02
6.087464300799183547e-02
5.337856595724588260e-02
4.672171603306196630e-02
4.089210798701969907e-02
3.588114546437282115e-02
3.167679657781263813e-02
2.826338947488693520e-02
2.562496779137291014e-02
2.374882058211369440e-02
2.262698281992925331e-02
2.225537445337977260e-02
2.263187117205234244e-02
2.375520081113791093e-02
2.562592599133495241e-02
2.824929558846633881e-02
3.163822025089757517e-02
3.581401384872151539e-02
4.080327064002631232e-02
4.663138114847242832e-02
5.331584576924797148e-02
6.086460307415109128e-02
6.928486475226236507e-02
7.860576074017444625e-02
8.891363806833396666e-02
1.003932217536203098e-01
1.133627906347101089e-01
1.246467128403310198e-01
1.105049282487016171e-01
9.800748943234793842e-02
8.687695467961020768e-02
7.690051239478634670e-02
6.793818733422085643e-02
5.991260748487547971e-02
5.278885813822853379e-02
4.655304722837172449e-02
4.119597635872196406e-02
3.670478006097255275e-02
3.306193692696979269e-02
3.024869022920029238e-02
2.824931948271114379e-02
2.705363199493149295e-02
2.665686534601263702e-02
2.705794846406206489e-02
2.825792232033563778e-02
3.026000598765676841e-02
3.307152664638124406e-02
3.670645254896953702e-02
4.118644710979424417e-02
4.653874286304926500e-02
5.279082212655339390e-02
5.996422339376294985e-02
6.807179081442882307e-02
7.712321688813972287e-02
8.714213426719652489e-02
9.819433054508408532e-02
1.104217742649780121e-01
1.240725760435452685e-01
1.365888693762826733e-01
1.214300942483532708e-01
1.080338377214502543e-01
9.610867517767474055e-02
8.542752653374918737e-02
7.583816469923476689e-02
6.725426366756437346e-02
5.963546222119475715e-02
5.296528774488251656e-02
4.723371421641786583e-02
4.242767805044422857e-02
3.852929984714137390e-02
3.551904063715483062e-02
3.338015353074297309e-02
3.210157035937299952e-02
3.167811196908587590e-02
3.210874040087219328e-02
3.339464000600855798e-02
3.553880646359175444e-02
3.854770390171324834e-02
4.243406759633217007e-02
4.721887673440505750e-02
5.293056264417828061e-02
5.960080137083423324e-02
6.725832203665049747e-02
7.592416510669863783e-02
8.561271585494978353e-02
9.634190038195811212e-02
1.081531001655093860e-01
1.211372061625297647e-01
1.354591506897122599e-01
1.494908372933423379e-01
1.333681119358516298e-01
1.191016293378197588e-01
1.063916375096596312e-01
9.500020011910237372e-02
8.476462005637586117e-02
7.559070906791021116e-02
6.743404825101606548e-02
6.027800339870736934e-02
5.411546120012644678e-02
4.893798404373228550e-02
4.473256076744291931e-02
4.148354359494987875e-02
3.917633701348677278e-02
3.779999343896633945e-02
3.734749605428078212e-02
3.781431407333002426e-02
3.919692370254779235e-02
4.149301151483086869e-02
4.470401158687309362e-02
4.883912595687434077e-02
5.391875312125193886e-02
5.997501786259817891e-02
6.704811694362433627e-02
7.517910995011334307e-02
8.440189305838430300e-02
9.473838439225801267e-02
1.062006851716432720e-01
1.188019305918714963e-01
1.325741505115729524e-01
1.475877429293177556e-01
1.633086513193120481e-01
1.463598125828866614e-01
1.313240986710297875e-01
1.178946268464642344e-01
1.058232432806107681e-01
9.493788733016117476e-02
8.513914118884713389e-02
7.638343709913897328e-02
6.866135561358532868e-02
6.197805457486538216e-02
5.633995270181912929e-02
5.174851824631332420e-02
4.819944713381119072e-02
4.568437690613791347e-02
4.419261587099754252e-02
4.371173183972132392e-02
4.422740450172568671e-02
4.572395868308376521e-02
4.818695714129717089e-02
5.160821389654302038e-02
5.599207958584884182e-02
6.136059193886467256e-02
6.775477369592408650e-02
7.523026788112474605e-02
8.384743671922478825e-02
9.365831874310970306e-02
1.046945287926064339e-01
1.169605194136238424e-01
1.304352333590941271e-01
1.450823458108061459e-01
1.608658465138432803e-01
1.778673348908341723e-01
1.603393744626373518e-01
1.447273315061465837e-01
1.307136756149702705e-01
1.180384391245752340e-01
1.065217584473430179e-01
9.606458905909676105e-02
8.663408212123613339e-02
7.824154784429993015e-02
7.092013737565139309e-02
6.470702455408172682e-02
5.963198536483105272e-02
5.571184222571901046e-02
5.294893276732182130e-02
5.133172121350071393e-02
5.083653254405362532e-02
5.143048971149255522e-02
5.307638799786218442e-02
5.574005092421430163e-02
5.939968792517902330e-02
6.405539629486156628e-02
6.973586259482544847e-02
7.649916712398407981e-02
8.442567119709565304e-02
9.360306616690650117e-02
1.041061691066715866e-01
1.159760804730467498e-01
1.292040748594445176e-01
1.437246533350844402e-01
1.594196876958449138e-01
1.761322082293190761e-01
4.847276065447658766e-02
4.175371572364383610e-02
3.971017146250233054e-02
4.035456633300782414e-02
4.213412261560733896e-02
4.400882626214297488e-02
4.542641136322345119e-02
4.622080638728220947e-02
4.647168412157043349e-02
4.636406906502088532e-02
4.607907143872580491e-02
4.573271872868645005e-02
4.536386475228937343e-02
4.495870361461129505e-02
4.449180673873343039e-02
4.396316999554983340e-02
4.341661164653487504e-02
4.293440838591777720e-02
4.261279203092271928e-02
4.252971467758470681e-02
4.271822851296747103e-02
4.315572184532356914e-02
4.377266937262902502e-02
4.447699697266216390e-02
4.518437595834257081e-02
4.584265481571492273e-02
4.644084686333371792e-02
4.699870777585601900e-02
4.753999930926511297e-02
4.805864525314973434e-02
4.849011426904326072e-02
5.170969138180225855e-02
4.527475477334519383e-02
4.244641541117744055e-02
4.175158584075688850e-02
4.204355296496942174e-02
4.255838317476445809e-02
4.289354146749246866e-02
4.292950040871801320e-02
4.272332418622681871e-02
4.240375661174766719e-02
4.209087012714007869e-02
4.185232476265809964e-02
4.169612018631596584e-02
4.158983397246629465e-02
4.149114352003380191e-02
4.137470810201193672e-02
4.124538730320637114e-02
4.113503291773668025e-02
4.108704565260268282e-02
4.113719706037954893e-02
4.129968506458681077e-02
4.156427460293343756e-02
4.190507489329320379e-02
4.229625280277105048e-02
4.272669975398457609e-02
4.320566882051934954e-02
4.375464026816189289e-02
4.438604507231502794e-02
4.507506080517487135e-02
4.573452019212709274e-02
4.620361408615281107e-02
5.109564917256648187e-02
4.554588685641647317e-02
4.259663558514148463e-02
4.123136601447185967e-02
4.065954806901572738e-02
4.035496313190378714e-02
4.003930085491447244e-02
3.962634482195426244e-02
3.914767457172274590e-02
3.868073656849446706e-02
3.829511572985211387e-02
3.802464489490375854e-02
3.786433625282370485e-02
3.778438911831472069e-02
3.775042621782631613e-02
3.774001141937333159e-02
3.774948146747192368e-02
3.779044593102298677e-02
3.787985931921866722e-02
3.802985261791036464e-02
3.824283412177464925e-02
3.851428598136408255e-02
3.884155788546195254e-02
3.923352724814321846e-02
3.971469506723224185e-02
4.031876899898634292e-02
4.107060193928191438e-02
4.196027337093255483e-02
4.291730526529136114e-02
4.379495893044804689e-02
4.437333291753020603e-02
4.832297538087004796e-02
4.390920870901027229e-02
4.120242647695704363e-02
3.957324394468741957e-02
3.853139608690980822e-02
3.774966438140836544e-02
3.705275895481463522e-02
3.638155275621102192e-02
3.574656124692410231e-02
3.518416235601762310e-02
3.472532140949624591e-02
3.438091142379562370e-02
3.414199151302454993e-02
3.398929666946060024e-02
3.390475511332624592e-02
3.387912952894112095e-02
3.391307373385643587e-02
3.401255656353896484e-02
3.418229028829955496e-02
3.442153063588193618e-02
3.472515911926166154e-02
3.509006633612443693e-02
3.552369929457199760e-02
3.604963270481675863e-02
3.670513830729760230e-02
3.752809404977597296e-02
3.853458681260235608e-02
3.969282622529135551e-02
4.090199208258127328e-02
4.198514343261194881e-02
4.270285332859202754e-02
4.483229858851700556e-02
4.150596969157049898e-02
3.914880923548480496e-02
3.744086471488117240e-02
3.613113366372999735e-02
3.505098577807075344e-02
3.410805376552161761e-02
3.326684383500833064e-02
3.252428385530947708e-02
3.188790808053454384e-02
3.136183218521182425e-02
3.094202729698736221e-02
3.061899330714368261e-02
3.038378362543880939e-02
3.023303858572035097e-02
3.017017102683894336e-02
3.020227137312758714e-02
3.033471022718003951e-02
3.056670763908186927e-02
3.089083266240777448e-02
3.129756180351250805e-02
3.178339938313001767e-02
3.235876151302363724e-02
3.305085405008867383e-02
3.389774882089113817e-02
3.493266666555427946e-02
3.616127447821781971e-02
3.753836420219158754e-02
3.895223343351972289e-02
4.022459759653429501e-02
4.113071205392770935e-02
4.165261881644255482e-02
3.915191422129282728e-02
3.706820320439874195e-02
3.530952573782997206e-02
3.380048716644523665e-02
3.248905366854160093e-02
3.134491629316471517e-02
3.035241786346887238e-02
2.950203997534117661e-02
2.878401975613087416e-02
2.818611125985626131e-02
2.769541886300430633e-02
2.730246336432173848e-02
2.700480954081285745e-02
2.680797288485337049e-02
2.672274910582927987e-02
2.675991700380109251e-02
2.692471173213561997e-02
2.721387334895553067e-02
2.761718669353285804e-02
2.812352725959499367e-02
2.872919680157792754e-02
2.944470620786887594e-02
3.029588333447463810e-02
3.131660104554612190e-02
3.253322199452668428e-02
3.394422888595727272e-02
3.550129477298469283e-02
3.709918450113036670e-02
3.858074360323371366e-02
3.975987837475258857e-02
3.935458291743998416e-02
3.730539303069235757e-02
3.531783841026481241e-02
3.344839266719645821e-02
3.173480981786269695e-02
3.019987691004644148e-02
2.885363479072111659e-02
2.769472217187285423e-02
2.671203124918974936e-02
2.588767834095051512e-02
2.520150838972767815e-02
2.463635282765608281e-02
2.418252762436168268e-02
2.383995749551104382e-02
2.361697480955626816e-02
2.352606096246745437e-02
2.357806989311939105e-02
2.377728035207837820e-02
2.411953466071281582e-02
2.459463198465527967e-02
2.519241895060986280e-02
2.591022776323370636e-02
2.675821825687307864e-02
2.775932114309398457e-02
2.894198455032892525e-02
3.032648132284521125e-02
3.190829603045131080e-02
3.364419045101385564e-02
3.544703042280161753e-02
3.719401356647722423e-02
3.874970457400195301e-02
3.810652502579614520e-02
3.611818719582515769e-02
3.402265101613011211e-02
3.195305621193256229e-02
3.000371568487025797e-02
2.823376010201172903e-02
2.667254362313542515e-02
2.532599264668533579e-02
2.418353530083550140e-02
2.322535937128122896e-02
2.242951652442570776e-02
2.177805349492700770e-02
2.126111889083404094e-02
2.087821188615635037e-02
2.063633194484282285e-02
2.054575144575210288e-02
2.061495990346884355e-02
2.084676984668476507e-02
2.123726695572258905e-02
2.177827975538093597e-02
2.246261396794579923e-02
2.328994739218614995e-02
2.427059162437217310e-02
2.542465558508411050e-02
2.677556446724338457e-02
2.833900031691882759e-02
3.011049809356336482e-02
3.205632803656044416e-02
3.411236061583622359e-02
3.619403103220975026e-02
3.821764318854548037e-02
3.779953350021969527e-02
3.553948556873365305e-02
3.315942263725446537e-02
3.081042775738751516e-02
2.859719286789186299e-02
2.658351911668432876e-02
2.480010355066042393e-02
2.325309753359761089e-02
2.193253909354098141e-02
2.082013933249982074e-02
1.989602041430771351e-02
1.914392979233525693e-02
1.855439799692248926e-02
1.812547167355660349e-02
1.786107975931372494e-02
1.776772346056532115e-02
1.785073703649686649e-02
1.811159931821748614e-02
1.854746777098625898e-02
1.915330682822968811e-02
1.992587968561565503e-02
2.086792378395330161e-02
2.199041059793671593e-02
2.331119362497702241e-02
2.484955956606427208e-02
2.661786539101740345e-02
2.861303378449520096e-02
3.081156904954696074e-02
3.317147049892810173e-02
3.564290546637494117e-02
3.818698902614414692e-02
3.819625214600819163e-02
3.543435077881440520e-02
3.265026837470941246e-02
2.997099494677968323e-02
2.747918606473831460e-02
2.522132621379569173e-02
2.321686364302877337e-02
2.146679286670405418e-02
1.996097696974175051e-02
1.868408066366100684e-02
1.762020637397654355e-02
1.675625833740923554e-02
1.608390941692050546e-02
1.560002969927154481e-02
1.530561106483219191e-02
1.520363579038530588e-02
1.529670877789612859e-02
1.558544246654491872e-02
1.606839133455650881e-02
1.674371859553502873e-02
1.761199854809092358e-02
1.867888517153915018e-02
1.995615035411901772e-02
2.145999276399379596e-02
2.320652915659593418e-02
2.520567660394590348e-02
2.745576062443433329e-02
2.994168124860152602e-02
3.263896892167394981e-02
3.552460873834206723e-02
3.859335638480843045e-02
3.906058812208357267e-02
3.568125599849736318e-02
3.243646221380913630e-02
2.940507449966389686e-02
2.663041285268263891e-02
2.413070114562287927e-02
2.190828177845105529e-02
1.995656186772976071e-02
1.826467551290988922e-02
1.682043190521653742e-02
1.561225541809108108e-02
1.463056294596754014e-02
1.386866597749758512e-02
1.332303685194347054e-02
1.299280492821708322e-02
1.287861038872506469e-02
1.298127674090210348e-02
1.330096305900951847e-02
1.383734083356102929e-02
1.459091137803625315e-02
1.556497255660360679e-02
1.676726405275985599e-02
1.821017359179677442e-02
1.990882007521577179e-02
2.187717275228351355e-02
2.412343540345318615e-02
2.664674602419836447e-02
2.943745686934562400e-02
3.248260907275835052e-02
3.577679151203483343e-02
3.933664756550570019e-02
4.023974336450919509e-02
3.622670545155415311e-02
3.251528118562418967e-02
2.912895424378803000e-02
2.606848415598506108e-02
2.332332261721603572e-02
2.087945819948799908e-02
1.872354493389138952e-02
1.684422620019176975e-02
1.523198773065814748e-02
1.387871972838183865e-02
1.277762714016716927e-02
1.192350739438552409e-02
1.131303516740445048e-02
1.094466325594112277e-02
1.081802372937090695e-02
1.093312040029559284e-02
1.128983807575423270e-02
1.188824993732850999e-02
1.272981843794696033e-02
1.381903317815158516e-02
1.516460756101878360e-02
1.677927962009562179e-02
1.867771796241868287e-02
2.087285332527244464e-02
2.337195139989489689e-02
2.617438758898060769e-02
2.927315265696961433e-02
3.266129398980410770e-02
3.634303540457040071e-02
4.034746201796224341e-02
4.169015314255375415e-02
3.709310618432937190e-02
3.293831708288053051e-02
2.919985487096710131e-02
2.584355390717973933e-02
2.283751410141121596e-02
2.015713333094026893e-02
1.778567485598614439e-02
1.571225056250113994e-02
1.392918193596415222e-02
1.243012303893920034e-02
1.120944086869712919e-02
1.026252885640133172e-02
9.586341911926865578e-03
9.179487431538291276e-03
9.041678495123051107e-03
9.172866062726825476e-03
9.572700146236456931e-03
1.024087502446491271e-02
1.117846714623738080e-02
1.238974208536092192e-02
1.388344127917662263e-02
1.567253575922222808e-02
1.777195016620680690e-02
2.019470928644295782e-02
2.294798280490795150e-02
2.603114429075503722e-02
2.943789731943979859e-02
3.316355081915389746e-02
3.721686756762210280e-02
4.163399752724217251e-02
4.345781686424743384e-02
3.835232112760422751e-02
3.378360156057169661e-02
2.969042728364001960e-02
2.601753451017430052e-02
2.272325877129333094e-02
1.978056830557761714e-02
1.717375283624278381e-02
1.489353728538844734e-02
1.293295495270285755e-02
1.128524371597450227e-02
9.943779979948885739e-03
8.903154448489658535e-03
8.160194804077036679e-03
7.714067629422061145e-03
7.565322142909280956e-03
7.714466919424012303e-03
8.161021527484990656e-03
8.903822032152675092e-03
9.942693388438783586e-03
1.128079995396547019e-02
1.292641708278097212e-02
1.489286488504149020e-02
1.719602091907290742e-02
1.984997241379460320e-02
2.286255715443985537e-02
2.623325426247902215e-02
2.995570749044418335e-02
3.402599744731560349e-02
3.845583082875236869e-02
4.328767336846794933e-02
4.563513682660413906e-02
4.008630221505882218e-02
3.512107278220355511e-02
3.065959134983131662e-02
2.664043391268933192e-02
2.302383607457159087e-02
1.978802421217551455e-02
1.692212829220807180e-02
1.441916430485434830e-02
1.227152370847761631e-02
1.046979895909316838e-02
9.004234903841279447e-03
7.867158055887557566e-03
7.054678470012731850e-03
6.566652955370955169e-03
6.404982894309796393e-03
6.571263176738284528e-03
7.065182711812667549e-03
7.884712860686704516e-03
9.028224230860359967e-03
1.049758199951611459e-02
1.230059361841995269e-02
1.445121459255460650e-02
1.696679476299323142e-02
1.986307561310240999e-02
2.314904706872766837e-02
2.682458910567220300e-02
3.088354384090052918e-02
3.532339448429411277e-02
4.016042943840147927e-02
4.544679017271846533e-02
4.831801496038679034e-02
4.235565331327961758e-02
3.698939563037129119e-02
3.213499402045272291e-02
2.773651508323382586e-02
2.376439810905139893e-02
2.020700341381598264e-02
1.706022462167311460e-02
1.431915868306532502e-02
1.197414053604006767e-02
1.001133247336838394e-02
8.416291588218882680e-03
7.178068030043505132e-03
6.291643367148935795e-03
5.757629478466697037e-03
5.579622855293564498e-03
5.760744315921328962e-03
6.301270303083583713e-03
7.198677238193340600e-03
8.450218680081889033e-03
1.005679639638401568e-02
1.202608642051927745e-02
1.437297550728544593e-02
1.711649130447767675e-02
2.027411958988523111e-02
2.385606824100250378e-02
2.786291506345150992e-02
3.228964777372311801e-02
3.713730272284010425e-02
4.243066791968885809e-02
4.823765860055573285e-02
5.157976628834148869e-02
4.518851025932235643e-02
3.939354450267273933e-02
3.411452876753173769e-02
2.930653047951636836e-02
2.495308519428363070e-02
2.105351693171542138e-02
1.760999015823472291e-02
1.461858642869628966e-02
1.206643790646921843e-02
9.934404923114925623e-03
8.202859346056357026e-03
6.857396423583850265e-03
5.891882799915038049e-03
5.307787709170952439e-03
5.110544152557849884e-03
5.304999780491925776e-03
5.892322777071967721e-03
6.869937278679572046e-03
8.234534310759045184e-03
9.986622564611025155e-03
1.213418402767274529e-02
1.469321249169297516e-02
1.768426416674628854e-02
2.112618878163630143e-02
2.503007568157045171e-02
2.939735199470305815e-02
3.422534769197227433e-02
3.952144554932601750e-02
4.532373374240705743e-02
5.172283185675041750e-02
5.546671968477312475e-02
4.859021939773811027e-02
4.232119594962568954e-02
3.658408785850042477e-02
3.134345111175207421e-02
2.659305794804822654e-02
2.234005189529852942e-02
1.859027292812243104e-02
1.533921452937647700e-02
1.257032569264993072e-02
1.025952445343136787e-02
8.382772924960590899e-03
6.922977612703107297e-03
5.873365458683110774e-03
5.236360986600629985e-03
5.019060030463151634e-03
5.227805653703399003e-03
5.864585618837736547e-03
6.926972258952446282e-03
8.411535265622660518e-03
1.031890771992038935e-02
1.265774223429616541e-02
1.544515090063214302e-02
1.870282134041190147e-02
2.245029598270775750e-02
2.669893739221151918e-02
3.145095468062208965e-02
3.670700765360379592e-02
4.248328032554127276e-02
4.883526894991518930e-02
5.588195098971482366e-02
6.000957552168983966e-02
5.256436836498323828e-02
4.576702928898157552e-02
3.954077717207837850e-02
3.385214185254881158e-02
2.869774343707831576e-02
2.408659374486887828e-02
2.002445531252305955e-02
1.650480345415417105e-02
1.350787472620140761e-02
1.100625449907965958e-02
8.973400123068131506e-03
7.391044913674704731e-03
6.252522667637094855e-03
5.561165569815784693e-03
5.325145641108974814e-03
5.551549678784795105e-03
6.242621078854426742e-03
7.395890395855531096e-03
9.007974731503054500e-03
1.107996735663618892e-02
1.362143311416730285e-02
1.665052909811493009e-02
2.018961898284032941e-02
2.425822537770727649e-02
2.886728836892871186e-02
3.401948259852360934e-02
3.971916154114296660e-02
4.599250781029695645e-02
5.291439502616412938e-02
6.063459503639023751e-02
6.523896729049738497e-02
5.713178435689769685e-02
4.975127425132086501e-02
4.300877185596618801e-02
3.686167785053839907e-02
3.129978493234375492e-02
2.632700457616010681e-02
2.194527747633401304e-02
1.814530228875810280e-02
1.490552489121910185e-02
1.219770552415866405e-02
9.995332788093946874e-03
8.280754074803553522e-03
7.048105428111739457e-03
6.301300018094480038e-03
6.048603579984046519e-03
6.296698004007339478e-03
7.047171849990263581e-03
8.297054737340658903e-03
1.004298552288673818e-02
1.228672996512614191e-02
1.503895600035320967e-02
1.831884056446142495e-02
2.214910485781729221e-02
2.654870841797674075e-02
3.152755070186685771e-02
3.708819052553735673e-02
4.323812517395708710e-02
5.001282892044400796e-02
5.750532999081769958e-02
6.589405153499683365e-02
7.119470038742292672e-02
6.233720032469136640e-02
5.432306755392346531e-02
4.703954550495836884e-02
4.042324510373873636e-02
3.444771296199178323e-02
2.910557510767830536e-02
2.439218094514217228e-02
2.029557213973021135e-02
1.679440555744804442e-02
1.386233797529712319e-02
1.147530553862452507e-02
9.617733958293683827e-03
8.284862749860621989e-03
7.480529631720855832e-03
7.211915610241703689e-03
7.484089204808697104e-03
8.297109001432545483e-03
9.647115424741059542e-03
1.153080062067601830e-02
1.395085819240193814e-02
1.691931735695106909e-02
2.045648213970707729e-02
2.458534803736256436e-02
2.932405132742132992e-02
3.468100068857893348e-02
4.065783391706645489e-02
4.726366000977577642e-02
5.454041084158234298e-02
6.259449551725992933e-02
7.162576368864392862e-02
7.792416723168571480e-02
6.824120935198152438e-02
5.954796063451794907e-02
5.169701020349748433e-02
4.459478331409627572e-02
3.819156353711150587e-02
3.246459298679837957e-02
2.740131312748417258e-02
2.298789638007292524e-02
1.920513757795561105e-02
1.603068016993347555e-02
1.344443130801664665e-02
1.143348322511883453e-02
9.993865911383181810e-03
9.128436679020524025e-03
8.842239665682427585e-03
9.137907429249025881e-03
1.001358982466626912e-02
1.146460433665197343e-02
1.348805132874986157e-02
1.608798470260808244e-02
1.927814716327702627e-02
2.308018775511300191e-02
2.751748984155710787e-02
3.260738546669017524e-02
3.835656910086981952e-02
4.476487154897768050e-02
5.184073335112771019e-02
5.962792932405136526e-02
6.823836506373481825e-02
7.788155174785060808e-02
8.547270440249121748e-02
7.490356609559967183e-02
6.548773845133837312e-02
5.703671888477401808e-02
4.942156164179323241e-02
4.256592511228518561e-02
3.643019851733697578e-02
3.099397549522109330e-02
2.624250674125505611e-02
2.215985493239713833e-02
1.872839823045069352e-02
1.593208591657457873e-02
1.376009531668387353e-02
1.220828478108160198e-02
1.127757521317107603e-02
1.097026986826676875e-02
1.128649386373581365e-02
1.222292391321389005e-02
1.377478643553331494e-02
1.594035358721157536e-02
1.872562089556595311e-02
2.214637406723340973e-02
2.622578385489759967e-02
3.098779552965424955e-02
3.644918018835596740e-02
4.261500936263473704e-02
4.948263589176349342e-02
5.705737416428746656e-02
6.537932533683488145e-02
7.455610546458046883e-02
8.479206871561473235e-02
9.387317471919232048e-02
8.236848313390510157e-02
7.218506550634629093e-02
6.309225466247880831e-02
5.492546455207047984e-02
4.758221322845201939e-02
4.100698659021873027e-02
3.517250896402401850e-02
3.006368250498780981e-02
2.566771009878721088e-02
2.197080910991644487e-02
1.895949722529621795e-02
1.662336628214688972e-02
1.495668596180621535e-02
1.395765822235262021e-02
1.362587334006093442e-02
1.395972367754438892e-02
1.495563475327799097e-02
1.661002141918288544e-02
1.892329994734609500e-02
2.190389745373977348e-02
2.556972058664541692e-02
2.994538926577661186e-02
3.505552491697017103e-02
4.091679280827520415e-02
4.753323210024973378e-02
5.489970860799076036e-02
6.301657547737704590e-02
7.191507357492810115e-02
8.168852514791069552e-02
9.252036216639680788e-02
1.031414307763043325e-01
9.066087292376323603e-02
7.966292513810913078e-02
6.987884808768285438e-02
6.111251172842457891e-02
5.323890456929802895e-02
4.618927145202178508e-02
3.993084388639545068e-02
3.444814324757317081e-02
2.973020613717380911e-02
2.576489281636895612e-02
2.253875757014611736e-02
2.003954417887143791e-02
1.825844334962312132e-02
1.719049531675409526e-02
1.683317097922554240e-02
1.718445484584663063e-02
1.824210397171555087e-02
2.000505424803122878e-02
2.247659763088449836e-02
2.566763701906893402e-02
2.959778771764831617e-02
3.429270417836960405e-02
3.977774617669638246e-02
4.607028509053634480e-02
5.317469849251210690e-02
6.108451895852340385e-02
6.979473717365181074e-02
7.932409246495808475e-02
8.974308362303418107e-02
1.011996654306130949e-01
1.132789336807036307e-01
9.979517117972136475e-02
8.794019479319103993e-02
7.741497923780116253e-02
6.799880625476362184e-02
5.954960312010371126e-02
5.198893376655178145e-02
4.528006919281324372e-02
3.940683467226335779e-02
3.435839105077320710e-02
3.012176955235190690e-02
2.668101449671667069e-02
2.402000158326700330e-02
2.212574877921724692e-02
2.099007696233456954e-02
2.060913215245818719e-02
2.098172963451361284e-02
2.210813300189329311e-02
2.399047066865023226e-02
2.663485491211758927e-02
3.005397441302193329e-02
3.426821263565216213e-02
3.930364954430842772e-02
4.518666814692551270e-02
5.193682041863212362e-02
5.956130200866027735e-02
6.805500141490483657e-02
7.740908511914312840e-02
8.762846120225731283e-02
9.875489537444082089e-02
1.108891288458835334e-01
1.242764915841689799e-01
1.097888691838306841e-01
9.705379747538245283e-02
8.575114393534022383e-02
7.564344972706749104e-02
6.657756042841356248e-02
5.846926549929776229e-02
5.127982012709253468e-02
4.499270946689648554e-02
3.959651014156406745e-02
3.507623062614584342e-02
3.141223743295995519e-02
2.858375136565882713e-02
2.657335939147742465e-02
2.536986504128435627e-02
2.496850608440581709e-02
2.536923463776474819e-02
2.657470782287418842e-02
2.858955276315100491e-02
3.142148142069345340e-02
3.508352539938641712e-02
3.959567738638725132e-02
4.498414844420040026e-02
5.127739659292274155e-02
5.849972965370398015e-02
6.666498137565213256e-02
7.577364968165056780e-02
8.581645931917591952e-02
9.678540146342129447e-02
1.086903736577369273e-01
1.215765081360586919e-01
1.361079163925751345e-01
1.206659916915668873e-01
1.070699087722459808e-01
9.498647803047788329e-02
8.416836747346678749e-02
7.445682471006875858e-02
6.576604957081144676e-02
5.805843265261501074e-02
5.131956909099244513e-02
4.553949991532135755e-02
4.070303175467415713e-02
3.678848090930841863e-02
3.377174827619455755e-02
3.163184484947123565e-02
3.035473657291731797e-02
2.993412435534992255e-02
3.036964538478059694e-02
3.166422871072427370e-02
3.382251596849528141e-02
3.685142480753711425e-02
4.076254515894106589e-02
4.557481914525851607e-02
5.131544748655869626e-02
5.801751303806668147e-02
6.571418778548832051e-02
7.443110011809039861e-02
8.417969320726115257e-02
9.495461058031651191e-02
1.067370105120062362e-01
1.195035080236266367e-01
1.332378140414220979e-01
1.487027184757607756e-01
1.324354202879476361e-01
1.180660372629063204e-01
1.052531277546222555e-01
9.374406188726425171e-02
8.337907113673281856e-02
7.407567958944127895e-02
6.580290417332435027e-02
5.855455111304763705e-02
5.232858372255577706e-02
4.711591450177365914e-02
4.289829242406995036e-02
3.965228292508982122e-02
3.735529647019575350e-02
3.599022502021398395e-02
3.554695473212632351e-02
3.602102594595635310e-02
3.741116456876625307e-02
3.971779522908036597e-02
4.294393661257345229e-02
4.709844129320117645e-02
5.220006508534424938e-02
5.828001539703109302e-02
6.538079123856732622e-02
7.355032418126938865e-02
8.283216858035302721e-02
9.325412129692267627e-02
1.048184951687289868e-01
1.174969024705205811e-01
1.312309046079462860e-01
1.459376622024137760e-01
1.618937936655129306e-01
1.450365271793998545e-01
1.300739847229124280e-01
1.166568195149011444e-01
1.045289226622116985e-01
9.353343006478098687e-02
8.359763054249924608e-02
7.470613589248387143e-02
6.687193593461415730e-02
6.011286726788966917e-02
5.443750278209336102e-02
4.984072441220632754e-02
4.630636811270960607e-02
4.381302195179159753e-02
4.233939682308118790e-02
4.186723486418486573e-02
4.238168309893808328e-02
4.387059021246386692e-02
4.632471031436580233e-02
4.974020900408504531e-02
5.412345379227190278e-02
5.949649804824730381e-02
6.590062865143408999e-02
7.339529360615415499e-02
8.205080637708306313e-02
9.193502397829433903e-02
1.030961719989136327e-01
1.155453771261818474e-01
1.292427756688994123e-01
1.440901490968826693e-01
1.599311765803577146e-01
1.753475138048088411e-01
1.582580042868357850e-01
1.429886138157598907e-01
1.291779344428505283e-01
1.165658763111423468e-01
1.050024829182802932e-01
9.443362106503627729e-02
8.487267687632993329e-02
7.636813382123364136e-02
6.897525188651343342e-02
6.273681549100729171e-02
5.767422303324565291e-02
5.378714092148584314e-02
5.105827589795808308e-02
4.945973728172248229e-02
4.895861437034909613e-02
4.952109097575885244e-02
5.111586008933954872e-02
5.371819928041077219e-02
5.731562522487365641e-02
6.191481578207458369e-02
6.754802842442586552e-02
7.427623915100411978e-02
8.218616379599552602e-02
9.137938066851347685e-02
1.019536808507837122e-01
1.139789691915211733e-01
1.274718150034459541e-01
1.423735163862147601e-01
1.585360430217406247e-01
1.757185588085121708e-01
5.182797712495812448e-02
4.551310915940121049e-02
4.293330234213499352e-02
4.253928219623048790e-02
4.313224486486433307e-02
4.391978250350803137e-02
4.448897802649298683e-02
4.471962694515241310e-02
4.466935493655910250e-02
4.446272671339102089e-02
4.420909199507150333e-02
4.396150258799025323e-02
4.371543384331744164e-02
4.343505864198959898e-02
4.308921750634908676e-02
4.267995868940488435e-02
4.225256481549877208e-02
4.188476515810179990e-02
4.166122212700429372e-02
4.164454933015804272e-02
4.185463231078756507e-02
4.226402732092537917e-02
4.281044722301885486e-02
4.342038336653786246e-02
4.403330416062090080e-02
4.461529387845075689e-02
4.515464525593415601e-02
4.563859274912829278e-02
4.601780234679608839e-02
4.617087528822594322e-02
4.588305822016991442e-02
5.030885311134625226e-02
4.490544064447021810e-02
4.232426821727131028e-02
4.141919231915380806e-02
4.130570223787799478e-02
4.140260050371580292e-02
4.141111154422105756e-02
4.124896743996941950e-02
4.096366287558339536e-02
4.064919539814582095e-02
4.038483406657178421e-02
4.020489481081312988e-02
4.009817273254157044e-02
4.002751807092863601e-02
3.995614925952395424e-02
3.986823935156280641e-02
3.977619054239767138e-02
3.971368575730593875e-02
3.971962306968634948e-02
3.982129714313487057e-02
4.002474646040354855e-02
4.031647625197365414e-02
4.067532776934967842e-02
4.108828541029652115e-02
4.156148164111073129e-02
4.211856959227588959e-02
4.278291672198974993e-02
4.354626875101530459e-02
4.433259300276404247e-02
4.496957646279042820e-02
4.518028730944934068e-02
4.767477624591265339e-02
4.331866001848538872e-02
4.093717892465065233e-02
3.975173030994483270e-02
3.916124739771476015e-02
3.877159013973141555e-02
3.838115442704292946e-02
3.793510713876457885e-02
3.746538310952018946e-02
3.703359198880207259e-02
3.668970618491584901e-02
3.645247223175829276e-02
3.631009447053656913e-02
3.623410626460099593e-02
3.619690290724975057e-02
3.618452465889276937e-02
3.620010510712745599e-02
3.625828931035357527e-02
3.637495925431721844e-02
3.655837323822197504e-02
3.680670752692094538e-02
3.711362952162744477e-02
3.747925915195082780e-02
3.792048018294735812e-02
3.847350689102313481e-02
3.918350121421099175e-02
4.008043024623475503e-02
4.114588354968873318e-02
4.228033489198423922e-02
4.328257968700199854e-02
4.385181910038227215e-02
4.460654027388955001e-02
4.125592548916756641e-02
3.913982404446869623e-02
3.779683125139854383e-02
3.686903159723442513e-02
3.612145958868495654e-02
3.543398630790761672e-02
3.477343050326453522e-02
3.415689117537112907e-02
3.361729113021283410e-02
3.317925930605269969e-02
3.284879438797361217e-02
3.261529086375958286e-02
3.246091155233443715e-02
3.237100030673900619e-02
3.234037783840904012e-02
3.237326955422759056e-02
3.247801245015580207e-02
3.266022639945731498e-02
3.291878884192556143e-02
3.324752366825123318e-02
3.364255968699580990e-02
3.411205688098561950e-02
3.468279982917010784e-02
3.539807502238545567e-02
3.630357013935281429e-02
3.742219110972655471e-02
3.872338507972017396e-02
4.009614235837943852e-02
4.133599543274613097e-02
4.215430655131058302e-02
4.168799919170851354e-02
3.915395637886831537e-02
3.725617568488814868e-02
3.578894153179135174e-02
3.458948502156999893e-02
3.355018302681855857e-02
3.261608547109062783e-02
3.177170834533171728e-02
3.102307436347473413e-02
3.038114463197416626e-02
2.985109044311684556e-02
2.942908317709225230e-02
2.910536040144506842e-02
2.887029432531562634e-02
2.871966526436153799e-02
2.865637130526010878e-02
2.868793057496077381e-02
2.882134323954232968e-02
2.905832812393782660e-02
2.939395511202747002e-02
2.982018365219119005e-02
3.033338508248561993e-02
3.094251283982885070e-02
3.167323707748437300e-02
3.256381799656082876e-02
3.365082968957722187e-02
3.494646940816892311e-02
3.641297105059493333e-02
3.794223007025721017e-02
3.934911932265094947e-02
4.038468161343189422e-02
3.932747523504076526e-02
3.732345133903436363e-02
3.552111629687715322e-02
3.390287693764548749e-02
3.244862068822840229e-02
3.114340860702213831e-02
2.997982423767098226e-02
2.895588650426361710e-02
2.807076547833275981e-02
2.732090768404304981e-02
2.669853403494926170e-02
2.619309848159900866e-02
2.579484511443297379e-02
2.549858199927257374e-02
2.530570396993425675e-02
2.522329482235363685e-02
2.526054655027110130e-02
2.542410292153363116e-02
2.571464702486991882e-02
2.612675310228951275e-02
2.665268579221446998e-02
2.728894050596863963e-02
2.804260609627817757e-02
2.893386631694738753e-02
2.999158854072447866e-02
3.124101901994436048e-02
3.268551938163000159e-02
3.428715855625341646e-02
3.595274386316305026e-02
3.753178883926011622e-02
3.883073195538599975e-02
3.773039307634462602e-02
3.592993257916532457e-02
3.406581708986777812e-02
3.224095396581105888e-02
3.052527541149174795e-02
2.896146270359167829e-02
2.757121709146304056e-02
2.636081607124651782e-02
2.532567482921876945e-02
2.445425900077680126e-02
2.373185395845212042e-02
2.314433608989929780e-02
2.268156350328354165e-02
2.233960331795969978e-02
2.212103827332612127e-02
2.203310605545993894e-02
2.208422917465213686e-02
2.228025692602386698e-02
2.262206518207676709e-02
2.310577197931706905e-02
2.372584125259891152e-02
2.447997747003682889e-02
2.537358823610702530e-02
2.642115298294811510e-02
2.764244942954974249e-02
2.905319485944346525e-02
3.065182702630409040e-02
3.240618716517928988e-02
3.424501309200422838e-02
3.605884896751376800e-02
3.771312978278729133e-02
3.692220094308140688e-02
3.501378842338453978e-02
3.293348862644052133e-02
3.084306190066854469e-02
2.885453655471792445e-02
2.703596387073048390e-02
2.542063319924636744e-02
2.401715628366218880e-02
2.281869381840806454e-02
2.181051520892651752e-02
2.097576543019386008e-02
2.029959532956127077e-02
1.977180159155977890e-02
1.938798775518080220e-02
1.914920905983308330e-02
1.906025760399643332e-02
1.912708761665271595e-02
1.935424758994486183e-02
1.974331215023994446e-02
2.029304746247362345e-02
2.100140254333382472e-02
2.186856899788836017e-02
2.289963615476153791e-02
2.410514436633093283e-02
2.549827220354927704e-02
2.708850561975850724e-02
2.887309538709814660e-02
3.082893622195115313e-02
3.290819053290761076e-02
3.504063785294420086e-02
3.714431737898848951e-02
3.680713528228807263e-02
3.453688538138521835e-02
3.211551356798736379e-02
2.971305642495281063e-02
2.744464923307532445e-02
2.537751135969301686e-02
2.354200443369336426e-02
2.194359741406515241e-02
2.057347608933923766e-02
1.941664588957792148e-02
1.845735038659768179e-02
1.768223437102278695e-02
1.708185532334027812e-02
1.665106085420120507e-02
1.638855291093932465e-02
1.629585713817505166e-02
1.637595317151863128e-02
1.663193316198885441e-02
1.706614976137643680e-02
1.768021479801973328e-02
1.847590354736894369e-02
1.945657452597515658e-02
2.062832416413584724e-02
2.199993907561292872e-02
2.358097613614518195e-02
2.537794793897774071e-02
2.738945931923808530e-02
2.960193676699418575e-02
3.198795052230707370e-02
3.450885738129727542e-02
3.712250738317379728e-02
3.724049371157889254e-02
3.443678636904223822e-02
3.159239596061524935e-02
2.884947688289685175e-02
2.629919115861412138e-02
2.399018637515837327e-02
2.194022705953102559e-02
2.014789477834710851e-02
1.860223728726850823e-02
1.728941878536716104e-02
1.619646186009049416e-02
1.531280904600862414e-02
1.463062850234564394e-02
1.414460228988900781e-02
1.385161938378587365e-02
1.375049320631660521e-02
1.384167257492663339e-02
1.412693167367251590e-02
1.460910461173625663e-02
1.529199226206401363e-02
1.618050345859955996e-02
1.728091807308373973e-02
1.860099205805454403e-02
2.014949407021049410e-02
2.193489811179460958e-02
2.396325500740204006e-02
2.623572922311723232e-02
2.874669258017092943e-02
3.148344442888628691e-02
3.442841679861885495e-02
3.756410824280465022e-02
3.809193889537709765e-02
3.467021133110392839e-02
3.136443626135587692e-02
2.826824553631013259e-02
2.543465964845381677e-02
2.288542631868040189e-02
2.062180356006138027e-02
1.863432315440149978e-02
1.691000950813759118e-02
1.543660373135935515e-02
1.420421832153806463e-02
1.320533480611629784e-02
1.243413959309691563e-02
1.188592707330826670e-02
1.155691080202814192e-02
1.144442951772361994e-02
1.154733396106166765e-02
1.186633247561985627e-02
1.240415615029633045e-02
1.316553906508488581e-02
1.415706487023271620e-02
1.538689991139108315e-02
1.686436274758307263e-02
1.859922169387573376e-02
2.060063995304517448e-02
2.287583874567644671e-02
2.542875026847468689e-02
2.825913482956821099e-02
3.136267833906458691e-02
3.473243406915571541e-02
3.836159152706386521e-02
3.928428374638315290e-02
3.523423050501151010e-02
3.146310905867721885e-02
2.800968560040928423e-02
2.488647969585144892e-02
2.208865217835409567e-02
1.960247240640455857e-02
1.741191269684350118e-02
1.550271276209969074e-02
1.386402512434870005e-02
1.248829394171480089e-02
1.137024491617921740e-02
1.050576622219523415e-02
9.891184861771762371e-03
9.523103697574697435e-03
9.398697453434579074e-03
9.516241967503447086e-03
9.875655778159853071e-03
1.047891356574837118e-02
1.133027112518902868e-02
1.243629457167116925e-02
1.380566765874391422e-02
1.544872292288346216e-02
1.737664241227321327e-02
1.960033042269060388e-02
2.212907767534488812e-02
2.496928495384054258e-02
2.812357905349927023e-02
3.159065305226249620e-02
3.536597506899852306e-02
3.944321413655416109e-02
4.080312950100051239e-02
3.616375038836849853e-02
3.194306183286244050e-02
2.812975612323498353e-02
2.470239726972067729e-02
2.163621884392341599e-02
1.890793579514138401e-02
1.649837911827489734e-02
1.439325288083637133e-02
1.258261664042947814e-02
1.105976822145748883e-02
9.820075836614705622e-03
8.860082452883943915e-03
8.176973366062156856e-03
7.768356765154749155e-03
7.632257460500113666e-03
7.767267190502025187e-03
8.172841218765825033e-03
8.849760881275869906e-03
9.800721098145004362e-03
1.103091472759842873e-02
1.254838272870983928e-02
1.436388267029542476e-02
1.649009836546611041e-02
1.894019002793356776e-02
2.172591626731446013e-02
2.485572511068312451e-02
2.833330072462558746e-02
3.215691710647661239e-02
3.631971059076022357e-02
4.081063152261776850e-02
4.268330313061596826e-02
3.751302030286751688e-02
3.286267678049625829e-02
2.868244723504176363e-02
2.492837819590931758e-02
2.156554847169900313e-02
1.856822051195194945e-02
1.591816298605408520e-02
1.360236090113176033e-02
1.161105927894823253e-02
9.936591770383529365e-03
8.572970284149050713e-03
7.515886973123997450e-03
6.762700693798251450e-03
6.312127035926096141e-03
6.163637270219624043e-03
6.316820494248531759e-03
6.771093510906212032e-03
7.526028814027085900e-03
8.582338734413497150e-03
9.943216027750167996e-03
1.161549328389810398e-02
1.361005010403459892e-02
1.594107474375050515e-02
1.862415138020878658e-02
2.167355891288025305e-02
2.509946869395207614e-02
2.890578177903080359e-02
3.308916144305840135e-02
3.763935520692029968e-02
4.254042696265969425e-02
4.498453221458476037e-02
3.933367819263366982e-02
3.426496751490049064e-02
2.970370795082999393e-02
2.559554871550062671e-02
2.190491972578456625e-02
1.861003763769986108e-02
1.569698771345429122e-02
1.315491071727592498e-02
1.097338525869417936e-02
9.142046837951056659e-03
7.651675317902117968e-03
6.495607973192818463e-03
5.670490441843867302e-03
5.175885758944787085e-03
5.012918802094645798e-03
5.182632274227216840e-03
5.684895659214816988e-03
6.518480993690900505e-03
7.682404262595809996e-03
9.178045205771923065e-03
1.101116306381300092e-02
1.319285763747757301e-02
1.573885505058569834e-02
1.866708588204346597e-02
2.199415388895431533e-02
2.573173050768673420e-02
2.988396532600745559e-02
3.444663726259022951e-02
3.940811975917313248e-02
4.475147793709766120e-02
4.776934479741612449e-02
4.166077612899243832e-02
3.616883159702410921e-02
3.120563913398655131e-02
2.671572095277952030e-02
2.266936186060775071e-02
1.905258715851232409e-02
1.585746393539011478e-02
1.307538909168215469e-02
1.069444745371583849e-02
8.700360573129728436e-03
7.079450355377048254e-03
5.821686558192595840e-03
4.922293112031184137e-03
4.381290651508606970e-03
4.201364572509191930e-03
4.385185646242462099e-03
4.933497737511061132e-03
5.844895335030741990e-03
7.117454864783212543e-03
8.751527828280813992e-03
1.075246684195008129e-02
1.313199919968610629e-02
1.590744327404536307e-02
1.909879504091804847e-02
2.272454807825852185e-02
2.679765799985034391e-02
3.132305536564672366e-02
3.629755260044476017e-02
4.171204006706830114e-02
4.755485044734086841e-02
5.109153364901430905e-02
4.451234564476180822e-02
3.857449768838705495e-02
3.318390237109269947e-02
2.828819095157086849e-02
2.386546142952283844e-02
1.990993884828640148e-02
1.641923208808293566e-02
1.338631430553505197e-02
1.079721150745172054e-02
8.633392033516429365e-03
6.876541126985102892e-03
5.513105992577038705e-03
4.536653170362114906e-03
3.947331366362050176e-03
3.749058247194625437e-03
3.945965392631478608e-03
4.539807734545320272e-03
5.529523186851292849e-03
6.913092889590188861e-03
8.690830334671773016e-03
1.086855810717679560e-02
1.345914103148970753e-02
1.648149116954300553e-02
1.995719760452629998e-02
2.390597684279782698e-02
2.834169472771463916e-02
3.327062684547854587e-02
3.869278020283672959e-02
4.460584569460479543e-02
5.101007407211000100e-02
5.499640957714291289e-02
4.790046303241979331e-02
4.147945881413761526e-02
3.563424341700738296e-02
3.031419788749190047e-02
2.550252451328560710e-02
2.119872557523194700e-02
1.740368660102831200e-02
1.411079240642720833e-02
1.130395357904490083e-02
8.961103143519721925e-03
7.060285919578745961e-03
5.585237799095921218e-03
4.528204750386066735e-03
3.889283922035247087e-03
3.673109633382409811e-03
3.884718782501295209e-03
4.526589575107209384e-03
5.598152041784487665e-03
7.097875175531953573e-03
9.026860338053666055e-03
1.139217070885933936e-02
1.420822754880646244e-02
1.749541665776632726e-02
2.127629726601298898e-02
2.557093170617008582e-02
3.039343914133496583e-02
3.575157019804464653e-02
4.164999442582484335e-02
4.809640714665874839e-02
5.510802946810144931e-02
5.952794579206965864e-02
5.184605774411465973e-02
4.489591445599216968e-02
3.856917964003514498e-02
3.281099734158487990e-02
2.760341233079088852e-02
2.294600391905987635e-02
1.883961957355495542e-02
1.527684887696523219e-02
1.224006161646684632e-02
9.705321746878325939e-03
7.648993661860004067e-03
6.053669727407395840e-03
4.911061390885151923e-03
4.221164024784229696e-03
3.988672950072214007e-03
4.218662608764134347e-03
4.913634009426459670e-03
6.073224358260631561e-03
7.696558051975443959e-03
9.785987829673103988e-03
1.235030311363516375e-02
1.540569650387624279e-02
1.897379746515071020e-02
2.307743365963688120e-02
2.773601683293236420e-02
3.296292503364384174e-02
3.876675495848758146e-02
4.515689556137658656e-02
5.215198339283233508e-02
5.978805630002170801e-02
6.473543848551344126e-02
5.638844217173755169e-02
4.886023923609172925e-02
4.202575064846314490e-02
3.581730887526646256e-02
3.020790041773580015e-02
2.519121300429105759e-02
2.076464783021947369e-02
1.691912690148456022e-02
1.363657299225451425e-02
1.089337371377041563e-02
8.666587382322177291e-03
6.939505052287131548e-03
5.704227980459108949e-03
4.960633857990615070e-03
4.712784546427428722e-03
4.964816369465552270e-03
5.718374333810061216e-03
6.972761344513855875e-03
8.727610475034452975e-03
1.098664943856419995e-02
1.376057572633726522e-02
1.706738111533923075e-02
2.092965244082733989e-02
2.536983649770263582e-02
3.040571296878624707e-02
3.604867141984868795e-02
4.230668675882043317e-02
4.919217793940333650e-02
5.673275650769937783e-02
6.498097462463192642e-02
7.067407667273073457e-02
6.158404015877749771e-02
5.342943834693869576e-02
4.605993981385836378e-02
3.938637831015512347e-02
3.336525552003877237e-02
2.797914276743540540e-02
2.321931103506358340e-02
1.907462353847222403e-02
1.552780545171117410e-02
1.255761093489127234e-02
1.014383663277840242e-02
8.271954604424536228e-03
6.935126140888314694e-03
6.133024937298614532e-03
5.868487591214943677e-03
6.143941071059089154e-03
6.959496502531692386e-03
8.313684971653856337e-03
1.020645019889343530e-02
1.264285523211583495e-02
1.563548872945830226e-02
1.920404075644910336e-02
2.337180182075826451e-02
2.816037769662216306e-02
3.358514597493922338e-02
3.965424065245315433e-02
4.637294339772779495e-02
5.375344508502166718e-02
6.182753355096792802e-02
7.065775292358011939e-02
7.739839223359012976e-02
6.749505652260268107e-02
5.866668505041161552e-02
5.073071717197308317e-02
4.356993177498225123e-02
3.711914785526460037e-02
3.134646721446188167e-02
2.623552730074152350e-02
2.177311543346149847e-02
1.794364115630742162e-02
1.472939227096503600e-02
1.211388214142061770e-02
1.008529888349585235e-02
8.637941813503857702e-03
7.771045100525952876e-03
7.485890157113317400e-03
7.782941174809820950e-03
8.660673498525284231e-03
1.011686358833685517e-02
1.215181011502863839e-02
1.477188570424914360e-02
1.799144870165036991e-02
2.183171363139990717e-02
2.631650871626334265e-02
3.146644272783305496e-02
3.729417013528291136e-02
4.380366704572224990e-02
5.099539563525468111e-02
5.887719024030957371e-02
6.747819257725495845e-02
7.686104590538889170e-02
8.495213401693035848e-02
7.417448932392289862e-02
6.462420208845287561e-02
5.608288431540131569e-02
4.840232642891351134e-02
4.149371903622522950e-02
3.530972616135841236e-02
2.982611093466402963e-02
2.502767691476037726e-02
2.090057013265322894e-02
1.743038570566568524e-02
1.460379959462443367e-02
1.241097230376908556e-02
1.084664736117701977e-02
9.909224769216962159e-03
9.598462558642495424e-03
9.913302354107145220e-03
1.085125519603025168e-02
1.240999036963330582e-02
1.459055824670940638e-02
1.740069152583600953e-02
2.085629722569137812e-02
2.497983987996121868e-02
2.979561076790560037e-02
3.532345715939300135e-02
4.157368493179092184e-02
4.854605709988391027e-02
5.623480243230005726e-02
6.463949643512023613e-02
7.377917729536420666e-02
8.370493705297121778e-02
9.335999286122387275e-02
8.165584035668871365e-02
7.133356867052498274e-02
6.213955202474608086e-02
5.389574279979569837e-02
4.649115265056025237e-02
3.986436404375126585e-02
3.398409992951201275e-02
2.883318691601743922e-02
2.439859067817451432e-02
2.066753131657605991e-02
1.762777964177075773e-02
1.526950964762363583e-02
1.358652360067935660e-02
1.257586332212667912e-02
1.223614819900831208e-02
1.256586041563423350e-02
1.356287692033220083e-02
1.522590139938984066e-02
1.755735269398428500e-02
2.056632045423611999e-02
2.426983284385642037e-02
2.869115412613609806e-02
3.385502557648578659e-02
3.978122869739308953e-02
4.647901095449924469e-02
5.394518295361194760e-02
6.216784549178555608e-02
7.113583973841741681e-02
8.085164266958599910e-02
9.134337432260508649e-02
1.026245740395097528e-01
8.995276282803388312e-02
7.880960688635241240e-02
6.891065715899458155e-02
6.005268398439511657e-02
5.210677118157036602e-02
4.500062977604102343e-02
3.869765089621068910e-02
3.317870525643229485e-02
2.843006506736855954e-02
2.443799581669736654e-02
2.118838777096243575e-02
1.866876731219235808e-02
1.687022715486818925e-02
1.578787367907352746e-02
1.541975045256549492e-02
1.576521217793924734e-02
1.682405068277148530e-02
1.859720441279932857e-02
2.108893900731345639e-02
2.430940571503015235e-02
2.827598966541700065e-02
3.301209353958256543e-02
3.854297514772042632e-02
4.488957654393743724e-02
5.206245042063528672e-02
6.005833787276060320e-02
6.886141090581077151e-02
7.844967362325405702e-02
8.880497127756825648e-02
9.992311241876450367e-02
1.127269577627885155e-01
9.906692337244749069e-02
8.706567551780608483e-02
7.641479365338454954e-02
6.689268503396306187e-02
5.835849537106696516e-02
5.073355954300495796e-02
4.397851589965284802e-02
3.807285968650830910e-02
3.300101925560738891e-02
2.874598367634462193e-02
2.528899598110001534e-02
2.261244591500144452e-02
2.070305490633472800e-02
1.955341382563346997e-02
1.916140114917652681e-02
1.952827006607549265e-02
2.065682478860253468e-02
2.255090085964184254e-02
2.521653551229974255e-02
2.866416806500637904e-02
3.291045867081265897e-02
3.797821201442275196e-02
4.389351649297168478e-02
5.068034297437407076e-02
5.835401883814483881e-02
6.691572637646459043e-02
7.635006982309278101e-02
8.662678926339140162e-02
9.770608742110198364e-02
1.095453563139017206e-01
1.236237878547399305e-01
1.089948207227280363e-01
9.612916755941114388e-02
8.470171708177076653e-02
7.447978642812813632e-02
6.531717527468572371e-02
5.713420386018697172e-02
4.989254552856436931e-02
4.357243955746525899e-02
3.815708627007552423e-02
3.362568249940522946e-02
2.995366890536388382e-02
2.711700562213081867e-02
2.509699868096504360e-02
2.388312850962392986e-02
2.347293560887919739e-02
2.386960967851337045e-02
2.507891120330896229e-02
2.710715791909024119e-02
2.996128400627640076e-02
3.365083519747713581e-02
3.819067205404280685e-02
4.360262788395630196e-02
4.991456657444359735e-02
5.715616971065173857e-02
6.535199176141759381e-02
7.451337205202435143e-02
8.463127221693866886e-02
9.567180095473304391e-02
1.075751844400656410e-01
1.202575681309099309e-01
1.352312997169065056e-01
1.197201893101009773e-01
1.060408177072531544e-01
9.385697879042709246e-02
8.293102991956402548e-02
7.311773173933033831e-02
6.434252634062431753e-02
5.657376971794292331e-02
4.979733314758050255e-02
4.399911705331760459e-02
3.915739015792496502e-02
3.524358130744076334e-02
3.222801481388160028e-02
3.008652554854052141e-02
2.880475050187669694e-02
2.837866263507748954e-02
2.881182494093081914e-02
3.011121357849333435e-02
3.228387128547183238e-02
3.533606045675696805e-02
3.927530997680150904e-02
4.411432959750527516e-02
4.987474707741057500e-02
5.658837377268355340e-02
6.429432033473858610e-02
7.303150204825215042e-02
8.282749251884524710e-02
9.368579153306200169e-02
1.055740226729540154e-01
1.184152451169211417e-01
1.320836095637787366e-01
1.473893203674379038e-01
1.311808359678252600e-01
1.168234053857304389e-01
1.039719629388855537e-01
9.238780542364111170e-02
8.193226153525756672e-02
7.254305336391553283e-02
6.420352088025538251e-02
5.691397435293765739e-02
5.067153532581869513e-02
4.546096176636638120e-02
4.125528552685864270e-02
3.802256074050092138e-02
3.573415006394498050e-02
3.437071669395663776e-02
3.392394450202118605e-02
3.439419406277011149e-02
3.578602342895464972e-02
3.810423653339967132e-02
4.135267878154991195e-02
4.553665786443161778e-02
5.066814874953706749e-02
5.677148264294373803e-02
6.388654759939527139e-02
7.206685165147064254e-02
8.137103523040423170e-02
9.184817510322318412e-02
1.035189390822779387e-01
1.163558651096536778e-01
1.302664019203803036e-01
1.450818305293068988e-01
1.598060952055675443e-01
1.432076204873737879e-01
1.284151810468756594e-01
1.150729097062139772e-01
1.029423783875245135e-01
9.189650527332560159e-02
8.189392791246064007e-02
7.294458657997893170e-02
6.507666130346478894e-02
5.831221086918958463e-02
5.265484536357689649e-02
4.808876767856418155e-02
4.458556502504507080e-02
4.211386045790277421e-02
4.064741786351078190e-02
4.016908643825445324e-02
4.067029614088824019e-02
4.214782344570267014e-02
4.460056986135896295e-02
4.802888101767166518e-02
5.243762342797708698e-02
5.784235941973747686e-02
6.427619485111790709e-02
7.179384707706049085e-02
8.046957201804616489e-02
9.038679080367728602e-02
1.016192762417631457e-01
1.142060004931408912e-01
1.281236181912390748e-01
1.432615527428424684e-01
1.594045537131023593e-01
1.719954573809445719e-01
1.554462320964375976e-01
1.405780993445659988e-01
1.270185336561553413e-01
1.145286300434236182e-01
1.029978671504068188e-01
9.241636098522576503e-02
8.283581415525986813e-02
7.433027656952617690e-02
6.696529642249515746e-02
6.078003028960665688e-02
5.578259999310830608e-02
5.195556327089434490e-02
4.926656741736223921e-02
4.767926726526638959e-02
4.716111049128812738e-02
4.768685609087697230e-02
4.923886006690736394e-02
5.180648203895543702e-02
5.538704488753865007e-02
5.998970057771657594e-02
6.564172808612056542e-02
7.239493946508446243e-02
8.032864689994312357e-02
8.954554993761121295e-02
1.001580545034812531e-01
1.122646728599647759e-01
1.259187398554786341e-01
1.410940169680543477e-01
1.576532272101758281e-01
1.753257898972151452e-01
5.575312041037250310e-02
4.942369729542406276e-02
4.606986112503363984e-02
4.455709686862974195e-02
4.400304852606495842e-02
4.381835314416093752e-02
4.368527168662694748e-02
4.349223563440318685e-02
4.324903402630297933e-02
4.300723402411676943e-02
4.280417479458265007e-02
4.263881224142096471e-02
4.247687966562807560e-02
4.227453198654984590e-02
4.200589202628179919e-02
4.168141262198332697e-02
4.134963545766368043e-02
4.108243014343315735e-02
4.095044356472499203e-02
4.099898588901851326e-02
4.123387454274052288e-02
4.162233805436699186e-02
4.210767744916665833e-02
4.263046454889263259e-02
4.314584840631141560e-02
4.362732145546033280e-02
4.405195189428923186e-02
4.436914817688375479e-02
4.446210981222975533e-02
4.411582887678378029e-02
4.300606392280315049e-02
5.035415186284808442e-02
4.537873047502216650e-02
4.262208721593196969e-02
4.125043376370740589e-02
4.061239644215675071e-02
4.027175521332537755e-02
3.999357254542701412e-02
3.969685771335207392e-02
3.939209331292659044e-02
3.912202883293502964e-02
3.891953302263573278e-02
3.878875530244840775e-02
3.870775611176213715e-02
3.864460016848170199e-02
3.857625935233954806e-02
3.850101431271468755e-02
3.843943908395885956e-02
3.842467688446049578e-02
3.848740697321773041e-02
3.864297260770399589e-02
3.888689541963685770e-02
3.920103817290510051e-02
3.956755609942774754e-02
3.998351351401652209e-02
4.046743249818973709e-02
4.105089379481796641e-02
4.175322681840043515e-02
4.254385372769320384e-02
4.330276786731701577e-02
4.379287816118448973e-02
4.365718367171211867e-02
4.606118440642603673e-02
4.224135572803788818e-02
3.994213315490924288e-02
3.861242263519670814e-02
3.781679978419560939e-02
3.726071829260035884e-02
3.678368979853985365e-02
3.632896621274994686e-02
3.590215539952623658e-02
3.553150491097767372e-02
3.523948494512296747e-02
3.503004741833137814e-02
3.489024814007279929e-02
3.480062989001453388e-02
3.474702464518486522e-02
3.472760665317764506e-02
3.475231669290224090e-02
3.483583583874860778e-02
3.498843117449723650e-02
3.521002875640988350e-02
3.549137320987938438e-02
3.582269368234847207e-02
3.620628409589699004e-02
3.666642955977295060e-02
3.724955923098605126e-02
3.800984547524421941e-02
3.898023343936074525e-02
4.013460486021358520e-02
4.135157722703297623e-02
4.239257282279140782e-02
4.290522347127989633e-02
4.267808704389608465e-02
3.977406498415803071e-02
3.778784800852008630e-02
3.641635042004054412e-02
3.541319185023894534e-02
3.460749601799761876e-02
3.390329046669648960e-02
3.326398189892643131e-02
3.268925382508314215e-02
3.219227940280688927e-02
3.178339666192186996e-02
3.146309417206794024e-02
3.122348128454177640e-02
3.105462658641044982e-02
3.095108922207145952e-02
3.091489139114855789e-02
3.095353100434294902e-02
3.107442359032575041e-02
3.127915616278187372e-02
3.156132707954384387e-02
3.191024897023453377e-02
3.231996438989881426e-02
3.279994204058311880e-02
3.338180711398308631e-02
3.411647684697527438e-02
3.505845320250955410e-02
3.623824450005486142e-02
3.762867065961472690e-02
3.911456778951105662e-02
4.047673952845798340e-02
4.139914985353243537e-02
4.007798174643539824e-02
3.781743214494781569e-02
3.599532927728432696e-02
3.450923753371171188e-02
3.326549652047106065e-02
3.219314722809940577e-02
3.124852422115509398e-02
3.041164534806739539e-02
2.967764348795753904e-02
2.904731286253081635e-02
2.852026023538201116e-02
2.809243628871627152e-02
2.775772688619326800e-02
2.751159964827820659e-02
2.735415772986016236e-02
2.729055700910976157e-02
2.732829605884035118e-02
2.747267303493572399e-02
2.772294833266641945e-02
2.807180170930223539e-02
2.850940606003860012e-02
2.903126579985837452e-02
2.964669106222572736e-02
3.038339333579642698e-02
3.128394180748728104e-02
3.239186939026694745e-02
3.372866328936652280e-02
3.526665383833460510e-02
3.690566864133870695e-02
3.846215062185365241e-02
3.967768020447692834e-02
3.818221021356293932e-02
3.627712110392167233e-02
3.447085114385117777e-02
3.280704019198310561e-02
3.130283311838866211e-02
2.995964202273171395e-02
2.877183618693379685e-02
2.773193388202344067e-02
2.683248914036084898e-02
2.606600122817326337e-02
2.542452115085325204e-02
2.490012881753500551e-02
2.448650652149808593e-02
2.418087243131594732e-02
2.398506923418608494e-02
2.390485922296647914e-02
2.394732613902306184e-02
2.411735067653353326e-02
2.441488356635090895e-02
2.483473526081070304e-02
2.536970562141505070e-02
2.601634946040576324e-02
2.678107700921827927e-02
2.768330741309910081e-02
2.875260760993114673e-02
3.001826741456170566e-02
3.149231848874478601e-02
3.314979583228705451e-02
3.491215229223598726e-02
3.664030167783494107e-02
3.814237936057907064e-02
3.693446139732259326e-02
3.510335025202948600e-02
3.317349811186431907e-02
3.127892798147513531e-02
2.950470596260856837e-02
2.789612666310858913e-02
2.647038329450879246e-02
2.522754385063308291e-02
2.415899068000726402e-02
2.325291291708708741e-02
2.249745958033599891e-02
2.188253378335502930e-02
2.140099650205229409e-02
2.104949898784980178e-02
2.082871698439703323e-02
2.074260224981117062e-02
2.079659696028102189e-02
2.099527149039204232e-02
2.134036610732437111e-02
2.183030194646562450e-02
2.246177469714893959e-02
2.323313140004756860e-02
2.414816431701183319e-02
2.521824135692440905e-02
2.646069181719212793e-02
2.789229754125699401e-02
2.951839348679641262e-02
3.132000623736530542e-02
3.324297184008173645e-02
3.519346512257470749e-02
3.704350100633746479e-02
3.628137809937470593e-02
3.427273369379690848e-02
3.209784219507128000e-02
2.993010091086034663e-02
2.788328419410390779e-02
2.602033568109618500e-02
2.436687206136411987e-02
2.292521932031377219e-02
2.168604058533674106e-02
2.063622231798944995e-02
1.976317638764157891e-02
1.905659569456474856e-02
1.850891773938201368e-02
1.811540241033071652e-02
1.787415924627566710e-02
1.778598984674317762e-02
1.785378713248064741e-02
1.808142975642113015e-02
1.847247582918498665e-02
1.902925291506107897e-02
1.975289636902743950e-02
2.064450125544681214e-02
2.170690202183322981e-02
2.294602894107811153e-02
2.437055109112407081e-02
2.598884948747581802e-02
2.780326987704029307e-02
2.980278066388564184e-02
3.195624918225803412e-02
3.420908141197287478e-02
3.648564133618492633e-02
3.616515125759178773e-02
3.377747115882812068e-02
3.126161999171017669e-02
2.878867290928610601e-02
2.646942860155832022e-02
2.436338476400123909e-02
2.249285282596247271e-02
2.085774287843378261e-02
1.944772143906448036e-02
1.825013796769781038e-02
1.725379763956880197e-02
1.644979703269200400e-02
1.583103156008291990e-02
1.539168715680716559e-02
1.512733541312627494e-02
1.503554334340151399e-02
1.511647643928881735e-02
1.537295780144631863e-02
1.580978338461136445e-02
1.643252680514706299e-02
1.724639163876418024e-02
1.825564714090432972e-02
1.946387586212949827e-02
2.087474433938041329e-02
2.249257329822285101e-02
2.432186555961379781e-02
2.636521723616169766e-02
2.861971392485429533e-02
3.107268324311007746e-02
3.369830987867317162e-02
3.645677718304796144e-02
3.652722344486392103e-02
3.362151448891381733e-02
3.069849720850470476e-02
2.789737303464789875e-02
2.530423684947891161e-02
2.296112100157188252e-02
2.087941829086048529e-02
1.905353434995049611e-02
1.747167918802006170e-02
1.612234907224774361e-02
1.499668517499230802e-02
1.408805499522713944e-02
1.339062487386399880e-02
1.289838364027673379e-02
1.260532563173910603e-02
1.250665458064759150e-02
1.260029007244156674e-02
1.288782817573519424e-02
1.337441287614637986e-02
1.406751661852467805e-02
1.497517025563865900e-02
1.610439704381860793e-02
1.746051242662360892e-02
1.904748984816251323e-02
2.086901936854701489e-02
2.292946057423250750e-02
2.523378271507681347e-02
2.778587253851583228e-02
3.058522714491118677e-02
3.362274852770497091e-02
3.687690160950296558e-02
3.731782756949542090e-02
3.381992844515480101e-02
3.045295186893781647e-02
2.730757286917651072e-02
2.443405202939175069e-02
2.185061085037887096e-02
1.955482541961828247e-02
1.753467576781986281e-02
1.577678813919192180e-02
1.427077392145292833e-02
1.300998945953324437e-02
1.199003825604449958e-02
1.120668867224594578e-02
1.065458879020297900e-02
1.032742964889621362e-02
1.021937664336292073e-02
1.032699224015232176e-02
1.065068878233432770e-02
1.119503132940735668e-02
1.196775552671169862e-02
1.297796166181797162e-02
1.423428931593662128e-02
1.574388142034877092e-02
1.751252455142093822e-02
1.954577773722121492e-02
2.185031762928701937e-02
2.443442075309576467e-02
2.730663788679521531e-02
3.047222643363056704e-02
3.392769698984920979e-02
3.765460267459275201e-02
3.850499481268343516e-02
3.439730463287560269e-02
3.057415365037741140e-02
2.707272554107476026e-02
2.390579557686578482e-02
2.106828666001092643e-02
1.854535319580463693e-02
1.631977592478506267e-02
1.437705117132281885e-02
1.270751099218614399e-02
1.130582645419053733e-02
1.016896804503630847e-02
9.293965093092992902e-03
8.676542514876928180e-03
8.311155157571192831e-03
8.192241497454233468e-03
8.316018211189657450e-03
8.681970968609675765e-03
9.293399823945946991e-03
1.015684646699810401e-02
1.128074125153943896e-02
1.267394945170963183e-02
1.434491217514732853e-02
1.630174687306862324e-02
1.855313477426534519e-02
2.110925887973280624e-02
2.398174082918558270e-02
2.718157519848318771e-02
3.071456257748650387e-02
3.457452869770349935e-02
3.873548603223753162e-02
4.007868505505030043e-02
3.538329512230120599e-02
3.110794774693204090e-02
2.724032883998006582e-02
2.376105677831219509e-02
2.064714679727330804e-02
1.787572036846540868e-02
1.542709905334049836e-02
1.328659855789737776e-02
1.144475740147754550e-02
9.896215808112174273e-03
8.637863866169936955e-03
7.667026591661851853e-03
6.980326659686397761e-03
6.573542559635825455e-03
6.442356185289099813e-03
6.583557813428342342e-03
6.996155010710936040e-03
7.681947245146147907e-03
8.645414432976394892e-03
9.893118432955816388e-03
1.143303410208318383e-02
1.327422528993338346e-02
1.542704095481894910e-02
1.790358256403123960e-02
2.071777046512579545e-02
2.388410909043159336e-02
2.741432332550175488e-02
3.131152662535896525e-02
3.556231271068099886e-02
4.012802831130102277e-02
4.204920282791135833e-02
3.680644006090005860e-02
3.208896949945483357e-02
2.784436194633599371e-02
2.403013189177727327e-02
2.061304271046537906e-02
1.756775195099180564e-02
1.487536040804116055e-02
1.252210608799941838e-02
1.049821783090010285e-02
8.796871843514963984e-03
7.413225583150051534e-03
6.343578868836630136e-03
5.584768994594924152e-03
5.133889855642337352e-03
4.988349064660724252e-03
5.146189032529946417e-03
5.606514656392391771e-03
6.369893431838136166e-03
7.438662287313491106e-03
8.817164700303692371e-03
1.051202950475271791e-02
1.253253182949265465e-02
1.489094709540950134e-02
1.760253975953673944e-02
2.068461506132734939e-02
2.415395194111624733e-02
2.802209879155270755e-02
3.228843068063724786e-02
3.693153481435729191e-02
4.190021156682632864e-02
4.444213824172038585e-02
3.868952044285833836e-02
3.353654560487484559e-02
2.890177463996224105e-02
2.472912318626185879e-02
2.098240795749006793e-02
1.763873479649191722e-02
1.468266030133236200e-02
1.210218617779901251e-02
9.886779444059357047e-03
8.026966934266965836e-03
6.514752334624063224e-03
5.344131699530407786e-03
4.511250095674768090e-03
4.014071695564780384e-03
3.851729044981766492e-03
4.023857742140535265e-03
4.530217411229386926e-03
5.370789840526413172e-03
6.546380252984818071e-03
8.059606530878227204e-03
9.916044713463634253e-03
1.212522619607625529e-02
1.470111923845252022e-02
1.766166587185580283e-02
2.102691865729866549e-02
2.481537370476871729e-02
2.903828227863414213e-02
3.369207654759520665e-02
3.874958203232381493e-02
4.415123398939613253e-02
4.729322938510449603e-02
4.104946734878467396e-02
3.545722437411313877e-02
3.041580002172850072e-02
2.586283053096849471e-02
2.176410309766652063e-02
1.810204008506843820e-02
1.486597552138846368e-02
1.204596458410378546e-02
9.630391024984419346e-03
7.606490384205244482e-03
5.962327515590004623e-03
4.688773333327844739e-03
3.780502738663926721e-03
3.235712676541879773e-03
3.054867775063030422e-03
3.239153011236339808e-03
3.789337817579507828e-03
4.705548759375233203e-03
5.988046206766739488e-03
7.638756200321950018e-03
9.663045741035602987e-03
1.207114017597632483e-02
1.487861856003291905e-02
1.810555410338565707e-02
2.177399965876247734e-02
2.590367935772519559e-02
3.050592270301422104e-02
3.557612863369286060e-02
4.108537459978833795e-02
4.697218516957946122e-02
5.064551950636086985e-02
4.390251537552103400e-02
3.785381776106078178e-02
3.238583002530504018e-02
2.743348903459263965e-02
2.296601582929724827e-02
1.897132835438242182e-02
1.544319894310319796e-02
1.237340455554658547e-02
9.749147793627344072e-03
7.554476971563417464e-03
5.773638520622625947e-03
4.394316274556331336e-03
3.409369630389846861e-03
2.816648120642639697e-03
2.617320773424580693e-03
2.813692553900182247e-03
3.407535055885091424e-03
4.399619807372801006e-03
5.790599643660243601e-03
7.582848338643088937e-03
9.782545377674978226e-03
1.240120331203797832e-02
1.545600763347465545e-02
1.896860175475012511e-02
2.296222372388001531e-02
2.745729375601513311e-02
3.246565956942504272e-02
3.798378171632066369e-02
4.398528284946223721e-02
5.041350359533680603e-02
5.454890084365615621e-02
4.727218834159430116e-02
4.073728978255530819e-02
3.481993405875982717e-02
2.945189218735322356e-02
2.460383582365466282e-02
2.026684259908506647e-02
1.643732489173999056e-02
1.310798089980380610e-02
1.026503898174269125e-02
7.890241387940477580e-03
5.965078198642004281e-03
4.474828558159060776e-03
3.410769975744187832e-03
2.770068851532414556e-03
2.553902246290817857e-03
2.764974284218624234e-03
3.405632043723016977e-03
4.477358306758105755e-03
5.981750582577660680e-03
7.922479722765274346e-03
1.030736332177184522e-02
1.314968914084602147e-02
1.646819322922965512e-02
2.028549453825689852e-02
2.462513511272845790e-02
2.950752376636955887e-02
3.494507729192264378e-02
4.093671251757768914e-02
4.746176513435784727e-02
5.447349772293819115e-02
5.906009765021735802e-02
5.119564635970164090e-02
4.413575721264351159e-02
3.774398879613727331e-02
3.194523436104645953e-02
2.670711164682870731e-02
2.201983631675830111e-02
1.787978468928486109e-02
1.427957490523112938e-02
1.120496107614599168e-02
8.636845719593111426e-03
6.555714862770400941e-03
4.945878536091186106e-03
3.797778248554095626e-03
3.107879092567600310e-03
2.876768827263731509e-03
3.106713607849087566e-03
3.799912927206605673e-03
4.958192825142759830e-03
6.584146445675287396e-03
8.683089043188374490e-03
1.126488581212470308e-02
1.434480525495018810e-02
1.794294954015640542e-02
2.208229812822537497e-02
2.678577891492750496e-02
3.207284515519859269e-02
3.795586532942252234e-02
4.443626719876192510e-02
5.150009475619299337e-02
5.911257300613215193e-02
6.424060918652685359e-02
5.572428797313477844e-02
4.809570057113887742e-02
4.120233777939574793e-02
3.495679519255645573e-02
2.931809164874721318e-02
2.427104761591181159e-02
1.980917491891887039e-02
1.592405921110184863e-02
1.260161257232539356e-02
9.823521970247384161e-03
7.571200592792592943e-03
5.829633744724560529e-03
4.589419622789137065e-03
3.846567684377077967e-03
3.600714793719816953e-03
3.852989531878847629e-03
4.604695626767352223e-03
5.857419455423951149e-03
7.614418464072514325e-03
9.882531347102485597e-03
1.267363343504257500e-02
1.600487104587955400e-02
1.989741625584429130e-02
2.437405567616224289e-02
2.945627594453981146e-02
3.516149950883118436e-02
4.150075533107155934e-02
4.847650538431480527e-02
5.607985786627978086e-02
6.428624129330273718e-02
7.015139158102101646e-02
6.091725174337625504e-02
5.267412491230061278e-02
4.524887345905881375e-02
3.853646721836412326e-02
3.248231671022949740e-02
2.706196984945563599e-02
2.226373793382663280e-02
1.807739277137443423e-02
1.448946565506048501e-02
1.148364068649243563e-02
9.043706137163098902e-03
7.156590407248586416e-03
5.813896685140207410e-03
5.011544766603037715e-03
4.748178573208861053e-03
5.023481928219553083e-03
5.837430922838393599e-03
7.190916832769289613e-03
9.087428719794843346e-03
1.153493054152932018e-02
1.454694657877553254e-02
1.814216899219900370e-02
2.234253029018873349e-02
2.717027924518333748e-02
3.264495231996988878e-02
3.878103518218267709e-02
4.558659586473368108e-02
5.306244392704684287e-02
6.120072898920625448e-02
6.998163917523925193e-02
7.684525779040995985e-02
6.683028835323057137e-02
5.792520629620412365e-02
4.993269658734789118e-02
4.272642949217697605e-02
3.623501543188467622e-02
3.042237235058564693e-02
2.527018221735488623e-02
2.076577986008487642e-02
1.689626035658875480e-02
1.364755714894272387e-02
1.100618718919577077e-02
8.961369007010944188e-03
7.506020912842359394e-03
6.636269950831774622e-03
6.350058931275270879e-03
6.645888090133666992e-03
7.522567793785128742e-03
8.980272614280693233e-03
1.102247199742123485e-02
1.365780426567653194e-02
1.690090328338555992e-02
2.077155618462711573e-02
2.529223367309896275e-02
3.048467630287632346e-02
3.636656321759801358e-02
4.294915625359863043e-02
5.023624363820999861e-02
5.822390222965623252e-02
6.689985418415744789e-02
7.624089606542838737e-02
8.435960479619097896e-02
7.350518024759367108e-02
6.388834281460731290e-02
5.528623436111956835e-02
4.755017702700570226e-02
4.059130814857780933e-02
3.436150270863436162e-02
2.883544902579160407e-02
2.399752614292083308e-02
1.983460757037391886e-02
1.633385931927477941e-02
1.348344975849613547e-02
1.127399555116426200e-02
9.699253248982131481e-03
8.755614457186311483e-03
8.440875324595253915e-03
8.753200141654815525e-03
9.691074468719307333e-03
1.125449959363322705e-02
1.344698861066717654e-02
1.627745800942648202e-02
1.976101465697865933e-02
2.391800918121589348e-02
2.877136500319465995e-02
3.434283142996719107e-02
4.064917597861494869e-02
4.769924761785659939e-02
5.549232264820602722e-02
6.401737423584563658e-02
7.325219564881990664e-02
8.316095434929593466e-02
9.271180037831072696e-02
8.096470107921049930e-02
7.058433844940736890e-02
6.132353027351200581e-02
5.301301465078722686e-02
4.554835279850522056e-02
3.887090113857993856e-02
3.294906033261213452e-02
2.776388804340967909e-02
2.330062656255904585e-02
1.954552302777301520e-02
1.648600898624863476e-02
1.411203522729920223e-02
1.241691687027923763e-02
1.139703757507959381e-02
1.105070763151161373e-02
1.137701043626293540e-02
1.237546149059198797e-02
1.404685986199183390e-02
1.639505769708193839e-02
1.942885885364376009e-02
2.316306791908573359e-02
2.761795271362643689e-02
3.281690670701209456e-02
3.878270067798439413e-02
4.553312422649469227e-02
5.307688028915436007e-02
6.141025967735913582e-02
7.051456056069582701e-02
8.035362544615054503e-02
9.087055302006774582e-02
1.018970559925946873e-01
8.921451845162664540e-02
7.802206413180101663e-02
6.805153920868178830e-02
5.911711187945911661e-02
5.110273285026778467e-02
4.394241076079197228e-02
3.760004047944676131e-02
3.205346137110609561e-02
2.728480217047035694e-02
2.327677741413936019e-02
2.001303035649470985e-02
1.748010570736369118e-02
1.566905349318403751e-02
1.457564574957359582e-02
1.419925686786882579e-02
1.454119000118225813e-02
1.560345644975313917e-02
1.738870331610087305e-02
1.990138794644735754e-02
2.314965952973579988e-02
2.714702867524465546e-02
3.191286554647376761e-02
3.747108969400869682e-02
4.384692354506114498e-02
5.106204644471290521e-02
5.912880048708757386e-02
6.804409781034337357e-02
7.778347337807645090e-02
8.829543178944732063e-02
9.949599832179956138e-02
1.118849062622757629e-01
9.824783640578971244e-02
8.621088854124536738e-02
7.548926660092547536e-02
6.588573125191032887e-02
5.727783762267790735e-02
4.959669640447827987e-02
4.280471192396362312e-02
3.687772408011369407e-02
3.179419635125668719e-02
2.753139044943964109e-02
2.406653836078476161e-02
2.138020105485338718e-02
1.945926475309533998e-02
1.829802928841672838e-02
1.789710479351924732e-02
1.826089472888270393e-02
1.939495511032873765e-02
2.130446240335004404e-02
2.399443248577881604e-02
2.747157365229213610e-02
3.174692491302266717e-02
3.683804770480492152e-02
4.276949991981382482e-02
4.957068497969885357e-02
5.727071988440002315e-02
6.589056760276434943e-02
7.543317544332239777e-02
8.587268166593275964e-02
9.714386122868745588e-02
1.091329792179749347e-01
1.226075805134314578e-01
1.080436112824827433e-01
9.516762032217229716e-02
8.368192696070764214e-02
7.338288313985685818e-02
6.414726041111862287e-02
5.590874751942465082e-02
4.863288766864570789e-02
4.229678467163466848e-02
3.687691181767149828e-02
3.234527526001329534e-02
2.867180095927324146e-02
2.582962510132347234e-02
2.380002985592000186e-02
2.257480009211576544e-02
2.215529650129610673e-02
2.254898877436062321e-02
2.376511275724624284e-02
2.581132702107424848e-02
2.869274128534016199e-02
3.241372488992055878e-02
3.698180532592232339e-02
4.241207809536717832e-02
4.873011656309245154e-02
5.597148130254936405e-02
6.417654909091652371e-02
7.338034980421070941e-02
8.359816266965935938e-02
9.480860912299249321e-02
1.069366501469630748e-01
1.198391920042922720e-01
1.339337032641196856e-01
1.185478373154182918e-01
1.049042176182410913e-01
9.269394036891753785e-02
8.171063040208537132e-02
7.183565501327393577e-02
6.301175774206058122e-02
5.521442191093228757e-02
4.842834891314851120e-02
4.263322713086381555e-02
3.779946811482659541e-02
3.389169759611831978e-02
3.087615241383900866e-02
2.872793011192698032e-02
2.743507594641414471e-02
2.699826044772635214e-02
2.742666298945550807e-02
2.873207191441906616e-02
3.092374404150177725e-02
3.400619914827984758e-02
3.798097322942339815e-02
4.285187148343538865e-02
4.863182909321039915e-02
5.534857852398999967e-02
6.304613539759884588e-02
7.177977493120124564e-02
8.160347607918083668e-02
9.255052159642218612e-02
1.046096469381154748e-01
1.177004706096340669e-01
1.316526234895718517e-01
1.456250619048660155e-01
1.296314483206515433e-01
1.153864042444183724e-01
1.025682881409011316e-01
9.096967351433704607e-02
8.048142874031327665e-02
7.106303060936625116e-02
6.270945922733517364e-02
5.542326315480750054e-02
4.919703274936182424e-02
4.400760516728041694e-02
3.981991001273854636e-02
3.659617928497027606e-02
3.430569990814547054e-02
3.293120799207827076e-02
3.246998470785911195e-02
3.292995522497221828e-02
3.432296615574159659e-02
3.665834528146660887e-02
3.993966413327143528e-02
4.416638943803263828e-02
4.934026476621511392e-02
5.547434691106900573e-02
6.260118497084476985e-02
7.077613795627257787e-02
8.007243216161441524e-02
9.056618736212840304e-02
1.023119380479329266e-01
1.153116270561440615e-01
1.294820720740972320e-01
1.446270529049797915e-01
1.572819635130144889e-01
1.410274312238470884e-01
1.264634180679422570e-01
1.132505456553190015e-01
1.011799674452049658e-01
9.015666469531424809e-02
8.016605481680016965e-02
7.123531519027892500e-02
6.339937681150331628e-02
5.667817339053726755e-02
5.106747928584809415e-02
4.654168401611968875e-02
4.306407675539958291e-02
4.059913717719609849e-02
3.912201421189820394e-02
3.862233781183022074e-02
3.910206599175580777e-02
4.056936298002256081e-02
4.303189243000815623e-02
4.649300915480125695e-02
5.095315524886245839e-02
5.641671150078764185e-02
6.290223597716249060e-02
7.045213776109449100e-02
7.913699447635735851e-02
8.905021711143490393e-02
1.002905983277742052e-01
1.129330639123509172e-01
1.269910307528334670e-01
1.423764730698167114e-01
1.588653808084927732e-01
1.682915058236176264e-01
1.522610454403547919e-01
1.377824767150741536e-01
1.244908121352636954e-01
1.121740076614514692e-01
1.007559869794931728e-01
9.025912187098583672e-02
8.075860601820750162e-02
7.234023480850737542e-02
6.506987898865190800e-02
5.897845204526674934e-02
5.406163747829850763e-02
5.029015143190918025e-02
4.762457053766411263e-02
4.602893146511632949e-02
4.547910356450302061e-02
4.596460112406930421e-02
4.748517735606583301e-02
5.004540437585092150e-02
5.365096979585359804e-02
5.830950531162670814e-02
6.403671636871877126e-02
7.086605283802782651e-02
7.885795179026899859e-02
8.810350106796249747e-02
9.871769536948704626e-02
1.108193218078667996e-01
1.244975832323689247e-01
1.397691267684422201e-01
1.565323390632329392e-01
1.745277718400757294e-01
5.912802328930411022e-02
5.268082089605741203e-02
4.858390462868555915e-02
4.607617017063603271e-02
4.454913349763955921e-02
4.357781716316821985e-02
4.290905586367443902e-02
4.241990703758347081e-02
4.206355600945244078e-02
4.181982574027642841e-02
4.166264810555730946e-02
4.154934463258541655e-02
4.142876094738312531e-02
4.125954877235926688e-02
4.102780454013554845e-02
4.075516729244554881e-02
4.049335722083924338e-02
4.030707799574884120e-02
4.025196162001520861e-02
4.035614804797660327e-02
4.061248812649864703e-02
4.098389503542421153e-02
4.141877035181096289e-02
4.186879204280558042e-02
4.229955084701941814e-02
4.268639075962710194e-02
4.299296673616481712e-02
4.313685394481581170e-02
4.295277779237949289e-02
4.216750046271044994e-02
4.039965413539903238e-02
5.102471550162590574e-02
4.617973581389378523e-02
4.307555292507458944e-02
4.116343114310438978e-02
3.999515394389163703e-02
3.925047293159877881e-02
3.873340734571684152e-02
3.834572549021686427e-02
3.804977518848318141e-02
3.783307450976280961e-02
3.768386683623248246e-02
3.758151725560310297e-02
3.749997261729731690e-02
3.741829441059962846e-02
3.733083330553199630e-02
3.725107209902489558e-02
3.720683517349243630e-02
3.722884367016376927e-02
3.733783768439025152e-02
3.753635968496382702e-02
3.780944665413699113e-02
3.813456297029915731e-02
3.849661331696552224e-02
3.890059016339364462e-02
3.937378146110859234e-02
3.995204878719960107e-02
4.064991040468157735e-02
4.142048131325282156e-02
4.211663957357814070e-02
4.246723358755843947e-02
4.208054680111672496e-02
4.559861734651349252e-02
4.194056738924700767e-02
3.946269178231887054e-02
3.782287081230606418e-02
3.672975924018828664e-02
3.596626898979593534e-02
3.539260830802959390e-02
3.493326905299909413e-02
3.455545778706436977e-02
3.424712563719367608e-02
3.400097094709053636e-02
3.380736299004638568e-02
3.365531015151645988e-02
3.353772741320426576e-02
3.345623900713690091e-02
3.342184725806873757e-02
3.345037651342863683e-02
3.355461186401953455e-02
3.373710989762912504e-02
3.398792978805431630e-02
3.428968698426615447e-02
3.462905947162653320e-02
3.501034575674566440e-02
3.546438149351160973e-02
3.604616226584766991e-02
3.681727406546997372e-02
3.781408010399900377e-02
3.900815569613769185e-02
4.026988077293935930e-02
4.134779457308468409e-02
4.187437524524284527e-02
4.198155506310286000e-02
3.915520967348129489e-02
3.702930925101100001e-02
3.544532981322845444e-02
3.425215945208037738e-02
3.332575110471225344e-02
3.257755172126053367e-02
3.195274774225254077e-02
3.142186736295116134e-02
3.097034648453700356e-02
3.059009381649957504e-02
3.027526162986760028e-02
3.002211754937889054e-02
2.983103206133819185e-02
2.970787573212874122e-02
2.966278670282918029e-02
2.970596621526055969e-02
2.984212479532288853e-02
3.006651948817307130e-02
3.036545780196320266e-02
3.072260042245034128e-02
3.112977599084842950e-02
3.159834303551178891e-02
3.216551920195342973e-02
3.289038379080011509e-02
3.383675913937622681e-02
3.504429582426382694e-02
3.649370625680603553e-02
3.807564204907976091e-02
3.957393831115041394e-02
4.067207613843493164e-02
3.952938646943948697e-02
3.722750037377409171e-02
3.525016778075951152e-02
3.358655239935615100e-02
3.219901097872934770e-02
3.103954087782767601e-02
3.006225657736649737e-02
2.923027742872363888e-02
2.851744677900569513e-02
2.790674985590158030e-02
2.738773158125695772e-02
2.695464859061758034e-02
2.660592453685239889e-02
2.634430076432181522e-02
2.617645990903838538e-02
2.611112727026920766e-02
2.615559996047522873e-02
2.631186878352309577e-02
2.657430842009489425e-02
2.693086588624282740e-02
2.736853135138517246e-02
2.788197850895812735e-02
2.848231015741475858e-02
2.920162449663621373e-02
3.008938852508435957e-02
3.119851279188878834e-02
3.256224814867891837e-02
3.416660545917693526e-02
3.592582689998380374e-02
3.766938568151090294e-02
3.914751723823428620e-02
3.783321150331175886e-02
3.578599819047667552e-02
3.380335567089787219e-02
3.197898450889624655e-02
3.035607701167464256e-02
2.894140423813951202e-02
2.772056233879993670e-02
2.667080793253262527e-02
2.576966338165220805e-02
2.499924469157122076e-02
2.434747033839812502e-02
2.380768182774772868e-02
2.337785640702350065e-02
2.305983911719522439e-02
2.285838155876263045e-02
2.277955703902989626e-02
2.282845923400600441e-02
2.300673751597059891e-02
2.331110662271385081e-02
2.373405380785698071e-02
2.426735815606662072e-02
2.490783540633856319e-02
2.566334058792563155e-02
2.655612164016929455e-02
2.762061866815201938e-02
2.889402489017811604e-02
3.040013737700064667e-02
3.212965007514867466e-02
3.402220353018492460e-02
3.595639501872938126e-02
3.775305465205747169e-02
3.668130848382133991e-02
3.465114654682110995e-02
3.254176000336883590e-02
3.050693312980001792e-02
2.863684250405640341e-02
2.697058763078530319e-02
2.551297436002641916e-02
2.425075651990482584e-02
2.316510402670246549e-02
2.223908307132660411e-02
2.146066318164230324e-02
2.082280617469223216e-02
2.032232153578661382e-02
1.995867499499581754e-02
1.973315855138935149e-02
1.964822877926053479e-02
1.970665475528221577e-02
1.991038820051471703e-02
2.025953465272323228e-02
2.075215205695712939e-02
2.138550075687817298e-02
2.215881070151226595e-02
2.307671780363307334e-02
2.415173007830162533e-02
2.540375917669734918e-02
2.685525080596562475e-02
2.852171611084486358e-02
3.039922251991811208e-02
3.245204623817699030e-02
3.460462306975387037e-02
3.674168803445354570e-02
3.599601207315572537e-02
3.377831277248333208e-02
3.144266847812104970e-02
2.916248371184337884e-02
2.704413349056267180e-02
2.513845371504430659e-02
2.345785513898590580e-02
2.199372428003698587e-02
2.073019669114728458e-02
1.965252391164540313e-02
1.875029192888177931e-02
1.801714870816795155e-02
1.744912317008129321e-02
1.704321284705656581e-02
1.679698393854778260e-02
1.670903674676083028e-02
1.677963224574341439e-02
1.701080661950982176e-02
1.740572882044943981e-02
1.796765128528932109e-02
1.869916054420173168e-02
1.960238358878996223e-02
2.068028101348318160e-02
2.193842458655126393e-02
2.338604473698069341e-02
2.503497788711683825e-02
2.689562373052467592e-02
2.897007195861078799e-02
3.124380542431026697e-02
3.367845222965115681e-02
3.620841644442407414e-02
3.576892324781510979e-02
3.319741326777148061e-02
3.055379272700520232e-02
2.799853310716571286e-02
2.562973722524475306e-02
2.349367013448500074e-02
2.160100492619676515e-02
1.994349618325941265e-02
1.850709699647268280e-02
1.727960718562826514e-02
1.625307181529933587e-02
1.542267994227586314e-02
1.478446109831565991e-02
1.433369568985654041e-02
1.406494632828980684e-02
1.397349411854520440e-02
1.405720877664862201e-02
1.431771245552226901e-02
1.476014428044436499e-02
1.539159292588010430e-02
1.621896569122327492e-02
1.724737188487779349e-02
1.847985799031448551e-02
1.991866066236980259e-02
2.156727065812447108e-02
2.343199773895321414e-02
2.552159963306621648e-02
2.784406285718432628e-02
3.040062946092803031e-02
3.317833313849405386e-02
3.614320996348396875e-02
3.601102986795012839e-02
3.296388248054427095e-02
2.994856100485776551e-02
2.709009494355996139e-02
2.446195592347066849e-02
2.209525900252629071e-02
1.999293716653482988e-02
1.814419656875543296e-02
1.653561556304339319e-02
1.515714683773694560e-02
1.400325481517938897e-02
1.307092283968813717e-02
1.235681510297581553e-02
1.185553714458364993e-02
1.155991414998425171e-02
1.146302057168213651e-02
1.156083682872122154e-02
1.185414627980208024e-02
1.234870539337862283e-02
1.305356482771458104e-02
1.397829725465271622e-02
1.513041950238402933e-02
1.651424197916639969e-02
1.813174402923323214e-02
1.998510076737147756e-02
2.207956795245991088e-02
2.442495347713702358e-02
2.703408980960375629e-02
2.991758448479231447e-02
3.307539455636288039e-02
3.648705115847405978e-02
3.672492402984062210e-02
3.312774911319138482e-02
2.969648875296115875e-02
2.650856702530290931e-02
2.360481971845729277e-02
2.099661517422646284e-02
1.867683306772960350e-02
1.663096997071988881e-02
1.484541789250215515e-02
1.331146057054866105e-02
1.202521329105366021e-02
1.098501951491925865e-02
1.018836688308510929e-02
9.630069347622338682e-03
9.302570244472008198e-03
9.198093459417577833e-03
9.311534951848443598e-03
9.642680532124359161e-03
1.019671162794111297e-02
1.098275437107076868e-02
1.201114942523417994e-02
1.329072473890846595e-02
1.482739143102662638e-02
1.662481432867934927e-02
1.868691669369582087e-02
2.102095962618477643e-02
2.363929014609311707e-02
2.655787790354224853e-02
2.979054900424671359e-02
3.333917204508907162e-02
3.718154257148853503e-02
3.789773099924786948e-02
3.372050356119871140e-02
2.984851387373055331e-02
2.630851091817021370e-02
2.310789920738898218e-02
2.023886062670499086e-02
1.768515105504775420e-02
1.542910351417958736e-02
1.345672026945976540e-02
1.175972801138414070e-02
1.033470165566541255e-02
9.180371627735439688e-03
8.294702827697619796e-03
7.673165782762225717e-03
7.308890344575047493e-03
7.194516314484644681e-03
7.324786653043702245e-03
7.698666799115017056e-03
8.320032808114774525e-03
9.196650920785032213e-03
1.033799166179960594e-02
1.175297400914132595e-02
1.344881269324105233e-02
1.543164686154341325e-02
1.770869652682449669e-02
2.029074044548906386e-02
2.319303587864851579e-02
2.643281582277268171e-02
3.002225121963419951e-02
3.395713312420411967e-02
3.820313100004568696e-02
3.950796234130393714e-02
3.475512956356396899e-02
3.043384516786318272e-02
2.652389621653128415e-02
2.300358663342194632e-02
1.984998647822067142e-02
1.704084637458436191e-02
1.455709561560070142e-02
1.238471730903256685e-02
1.051517122687073424e-02
8.944224238803144544e-03
7.669740291021298617e-03
6.689387715596240014e-03
5.999210086883977056e-03
5.593581670837011188e-03
5.466463349875994027e-03
5.613306173472665250e-03
6.032714198227040470e-03
6.727126630721613765e-03
7.702277718635741621e-03
8.965805725893005729e-03
1.052582873671781272e-02
1.239035792968934402e-02
1.456799915467854589e-02
1.706961201853118837e-02
1.990976358501939103e-02
2.310625585960224271e-02
2.667606571048963815e-02
3.062676628178451210e-02
3.494387479076976888e-02
3.957612536760279909e-02
4.153796563696232624e-02
3.623342771606985480e-02
3.146411567286122590e-02
2.717057803238276392e-02
2.330897646606899798e-02
1.984687655203742906e-02
1.675995052210055292e-02
1.402993195370072499e-02
1.164347888698102906e-02
9.591357578756287694e-03
7.867465661547612399e-03
6.467587285442277789e-03
5.388110927015077323e-03
4.625132372893858701e-03
4.174258880084380507e-03
4.031166856293566525e-03
4.192618980596307665e-03
4.657449208025354892e-03
5.427069278084672987e-03
6.505328914499841630e-03
7.897937088273465633e-03
9.611953719286248088e-03
1.165585877606645226e-02
1.404038135660812259e-02
1.677964434202294797e-02
1.989152157329954207e-02
2.339571127959061414e-02
2.730812022491591051e-02
3.163091910028015263e-02
3.633890485070878640e-02
4.136430618746089749e-02
4.398513679188909009e-02
3.815566861885599792e-02
3.294138579803984612e-02
2.825266275613103062e-02
2.403075446636648849e-02
2.023898174229543656e-02
1.685435241233790293e-02
1.386126239231089130e-02
1.124771776812849566e-02
9.003639272123109549e-03
7.120408692571800202e-03
5.590852939349133521e-03
4.409189881698694080e-03
3.570825334463734180e-03
3.072128100029658526e-03
2.910357550717890263e-03
3.083802941546309739e-03
3.592045533878263086e-03
4.436185248778201640e-03
5.618957293336279690e-03
7.144805742427706718e-03
9.020139339554589242e-03
1.125395506096538156e-02
1.385876740096136928e-02
1.685130509576993063e-02
2.025196911563398317e-02
2.408174918673466891e-02
2.835547162976581603e-02
3.307095672062132508e-02
3.819486169595620595e-02
4.364737512514693663e-02
4.686805195160559379e-02
4.052930104808183387e-02
3.486750162846874446e-02
2.977112867665709928e-02
2.517226058989763260e-02
2.103351927507901564e-02
1.733518434775760397e-02
1.406522998149739578e-02
1.121336504729697481e-02
8.768735475314315408e-03
6.720088131260126829e-03
5.056985311966855079e-03
3.770964569412171841e-03
2.856071478163357824e-03
2.308730225195176899e-03
2.127230007317848504e-03
2.311174539499916136e-03
2.861139211745467037e-03
3.778617610805667937e-03
5.066247860668227077e-03
6.728287138685118407e-03
8.771339002123568207e-03
1.120529151376103982e-02
1.404424333304632455e-02
1.730686194787267596e-02
2.101526594924507663e-02
2.519131379085592926e-02
2.984934810956474394e-02
3.498508892516838387e-02
4.056144418791518547e-02
4.649330849861144088e-02
5.022659422684228048e-02
4.337485873111290857e-02
3.725271119037643075e-02
3.173287475510733202e-02
2.674151196697494015e-02
2.224173570721177384e-02
1.821715200640028343e-02
1.465903625648934394e-02
1.155869595095282421e-02
8.904724432795774192e-03
6.683664250886067748e-03
4.882190689386334270e-03
3.489236609311774373e-03
2.497154368029441684e-03
1.901759693282656372e-03
1.701604654954280704e-03
1.897035595902707428e-03
2.489490929292514920e-03
3.481266350718215108e-03
4.875762235315050930e-03
6.678104400634765625e-03
8.896007646399084479e-03
1.154072604549583048e-02
1.462783570605097339e-02
1.817734630458289757e-02
2.221236101468093693e-02
2.675530599663034081e-02
3.182085141452262178e-02
3.740517596452264115e-02
4.347219354895059951e-02
4.993856876171776094e-02
5.411714166621095501e-02
4.672803916037082672e-02
4.012138368852902204e-02
3.415767868136754259e-02
2.875785118521889672e-02
2.388444557436741889e-02
1.952274135692277923e-02
1.566597050259588286e-02
1.230649211356649175e-02
9.432657483557704836e-03
7.029684529697988182e-03
5.082364456029608846e-03
3.577731877157930285e-03
2.506611315766349435e-03
1.863822530140168965e-03
1.647450953896623105e-03
1.857829665823373944e-03
2.496780252840835601e-03
3.567374900740105659e-03
5.074191591120325029e-03
7.023894992016721517e-03
9.425947006093338132e-03
1.229329811030765995e-02
1.564286947541404516e-02
1.949547554977471009e-02
2.387454290874302387e-02
2.880274866765830666e-02
3.429566710838116705e-02
4.035192394803743809e-02
4.694017561996588483e-02
5.398439820419298485e-02
5.860478083923226222e-02
5.063751163834240288e-02
4.351287975441664457e-02
3.708034049486741424e-02
3.125426973565481603e-02
2.599403573549352586e-02
2.128384949901374057e-02
1.711688690556911752e-02
1.348570759000722319e-02
1.037871682638069615e-02
7.780903310049325228e-03
5.676553570083342493e-03
4.051976065966300666e-03
2.897109829063992947e-03
2.205803742981515825e-03
1.975209452211856842e-03
2.204948657890781760e-03
2.896578000218141824e-03
4.053542128531262279e-03
5.681497306795790792e-03
7.788766903104260564e-03
1.038672681170282885e-02
1.349004734220216051e-02
1.711676432751119137e-02
2.128801726212259382e-02
2.602697793918196112e-02
3.135614705388434231e-02
3.729203982220496982e-02
4.383649947703815997e-02
5.096460835193283856e-02
5.861027841092436574e-02
6.375468004989670590e-02
5.515883514453889802e-02
4.747677436535013840e-02
4.054647146404022351e-02
3.427343884686706588e-02
2.861073009262327105e-02
2.353848928032675758e-02
1.904767486121272668e-02
1.513005186279769987e-02
1.177421372267417610e-02
8.965873166744131595e-03
6.690143178275320679e-03
4.933884709316771477e-03
3.687065604026429355e-03
2.942980623629409820e-03
2.697790019738022238e-03
2.950013586087152362e-03
3.700395114719867706e-03
4.952197516104206443e-03
6.711684174661058933e-03
8.988465968286618590e-03
1.179553013935219496e-02
1.514898572349920869e-02
1.906768068874953315e-02
2.357273530651582405e-02
2.868666739959735423e-02
3.443134757981169969e-02
4.082369153911713511e-02
4.786810164296184666e-02
5.554526690684724599e-02
6.379804286189028062e-02
6.962453217056463473e-02
6.034608370464411564e-02
5.206377166905440390e-02
4.460300921346060932e-02
3.785822322242893279e-02
3.177350139594636858e-02
2.632246434950502589e-02
2.149202021973906085e-02
1.727212165133096278e-02
1.365132901992183179e-02
1.061648238828638569e-02
8.154301591275725514e-03
6.253110484976787120e-03
4.903750355879310519e-03
4.099605612282175571e-03
3.836226343992166221e-03
4.111127127544023097e-03
4.924063774524256587e-03
6.277709479036275297e-03
8.178355965355876833e-03
1.063624444941524416e-02
1.366535146371461451e-02
1.728274730703560635e-02
2.150783121760468930e-02
2.636164022987941280e-02
3.186603658105013892e-02
3.804204175685299560e-02
4.490617226110771298e-02
5.246360687306150794e-02
6.069757525983732194e-02
6.955541143906884827e-02
7.625946979169384576e-02
6.624388040654594079e-02
5.731590284631238319e-02
4.928753495187265798e-02
4.204084796219831333e-02
3.550956208346178755e-02
2.965943201706977561e-02
2.447213741106679663e-02
1.993485185084864497e-02
1.603536572656594217e-02
1.276116181543329731e-02
1.010036119987489656e-02
8.042853602091781795e-03
6.580750916327815503e-03
5.708154596504755318e-03
5.420729125034995377e-03
5.715619809052441269e-03
6.591963101527653635e-03
8.051817079831380397e-03
1.010106751346029341e-02
1.274986569478642195e-02
1.601240580930607393e-02
1.990617339470190927e-02
2.445101093326229602e-02
2.966824567556614056e-02
3.557972369162598625e-02
4.220604450165410526e-02
4.956284770742058754e-02
5.765396079004858620e-02
6.646074811942526139e-02
7.592805688909720629e-02
8.368984710250515491e-02
7.288268121192231774e-02
6.326060186256654561e-02
5.462208889002795331e-02
4.683697959262644872e-02
3.982881794945569709e-02
3.355552120046922937e-02
2.799318914912873879e-02
2.312537880789022893e-02
1.893784437561407685e-02
1.541722847468918189e-02
1.255167670024093240e-02
1.033168653520988300e-02
8.750323868298437446e-03
7.802771338901948184e-03
7.485686386644374579e-03
7.796928890456911176e-03
8.735923700442072004e-03
1.030454458668828011e-02
1.250810013880254701e-02
1.535599007911514491e-02
1.886179221037309617e-02
2.304283611010760069e-02
2.791947757941670716e-02
3.351419814134715125e-02
3.985028866372886114e-02
4.694938600368914194e-02
5.482678791304351762e-02
6.348351683118380606e-02
7.289467785449232906e-02
8.299474644445581362e-02
9.193062355188885704e-02
8.027861004302394576e-02
6.991182158526498824e-02
6.061592212790856138e-02
5.224995802564080805e-02
4.472899271786445752e-02
3.800447659159544855e-02
3.204748679127078503e-02
2.683744535170262679e-02
2.235652799572562799e-02
1.858831742720212787e-02
1.551862079941201955e-02
1.313660610321676359e-02
1.143520996265579015e-02
1.041063124284846708e-02
1.006133558257715777e-02
1.038719104690244421e-02
1.138917493517510593e-02
1.306974623730638996e-02
1.543367220438085496e-02
1.848897062154719606e-02
2.224767841835273430e-02
2.672630171582568437e-02
3.194584659649990499e-02
3.793120143745909445e-02
4.470937118094298057e-02
5.230571899664937519e-02
6.073727646071347408e-02
7.000243091169977561e-02
8.006705216757836752e-02
9.084824342426145449e-02
1.009790037023776677e-01
8.843599016472580843e-02
7.727740211703348905e-02
6.727715664237621240e-02
5.828575590567197651e-02
5.021256177133182064e-02
4.300508194137364626e-02
3.663093935392680578e-02
3.106561623280867934e-02
2.628649257530923933e-02
2.227181226044194773e-02
1.900231582112610340e-02
1.646336984413210303e-02
1.464614048018120229e-02
1.354732325125951320e-02
1.316772405698429793e-02
1.351041730958968401e-02
1.457922773261088878e-02
1.637805006612325087e-02
1.891118212370201945e-02
2.218456043920014054e-02
2.620758049306459725e-02
3.099504516649176367e-02
3.656862028583418578e-02
4.295698600253672339e-02
5.019367813656572253e-02
5.831156275962712243e-02
6.733313493532477878e-02
7.725646232211147435e-02
8.803763402465847321e-02
9.957179773482494056e-02
1.108052878407761455e-01
9.734706868039211258e-02
8.536673535854788497e-02
7.462707490412867628e-02
6.497231218236265704e-02
5.630940221453784034e-02
4.858538798725930974e-02
4.176725721481489018e-02
3.582809540966991335e-02
3.074051918156328611e-02
2.647612899818341248e-02
2.300847553851781413e-02
2.031685488327639177e-02
1.838888389465864748e-02
1.722086937297717668e-02
1.681603268298204057e-02
1.718142198660643771e-02
1.832468119027907960e-02
2.025178829353535548e-02
2.296652627410367131e-02
2.647195069948793389e-02
3.077356459107249975e-02
3.588335610766080208e-02
4.182339758699527010e-02
4.862735556889674626e-02
5.633818872956908308e-02
6.500058484380133450e-02
7.464742433876381256e-02
8.528071504042600282e-02
9.684888136871450115e-02
1.092237256725638872e-01
1.213317490892222850e-01
1.069811622292036191e-01
9.418878124779439531e-02
8.270546736457617953e-02
7.237063795764697716e-02
6.309215586588834412e-02
5.482096578271011822e-02
4.752789207486785017e-02
4.118734167786897160e-02
3.576955484822974540e-02
3.124036636290838942e-02
2.756571876670932397e-02
2.471761751075973734e-02
2.267870647483505309e-02
2.144378625962417573e-02
2.101795979979215190e-02
2.141228773325565271e-02
2.263858231162885204e-02
2.470517740584909916e-02
2.761519884006702341e-02
3.136812670345534571e-02
3.596446847950574011e-02
4.141232491747359745e-02
4.773373308125883341e-02
5.496813454010407440e-02
6.317030493664788082e-02
7.240073255161405541e-02
8.270774086849996820e-02
9.410244332320871763e-02
1.065296027718432015e-01
1.198391755351622123e-01
1.323967744483525166e-01
1.172563778636686038e-01
1.037302092699974310e-01
9.155417322108405642e-02
8.056296454014955088e-02
7.066843259235611185e-02
6.183081782000954263e-02
5.403144046795205213e-02
4.725277426041429862e-02
4.146847736046765931e-02
3.664276535346289165e-02
3.273621598054887727e-02
2.971406967117218301e-02
2.755329893989255652e-02
2.624590886989608407e-02
2.579758001229492947e-02
2.622244866142864339e-02
2.753604427562095225e-02
2.974898116008262150e-02
3.286378320626681671e-02
3.687630144850118086e-02
4.178178458096226677e-02
4.758406660766922869e-02
5.430495919790701009e-02
6.199008996190968901e-02
7.070745388045907021e-02
8.053594017292198259e-02
9.154301180387847126e-02
1.037532097616349347e-01
1.171117760895867832e-01
1.314497728799324250e-01
1.437066673843219178e-01
1.279920591932750540e-01
1.139082643021538388e-01
1.011705652363161789e-01
8.960747590936080087e-02
7.913775990709837060e-02
6.973769887554226443e-02
6.140847647839109413e-02
5.415107190492562950e-02
4.795247686342918314e-02
4.278335989511106163e-02
3.860435655951732770e-02
3.537651364604244009e-02
3.307123144259094261e-02
3.167613269397406839e-02
3.119517491359147243e-02
3.164345286131720059e-02
3.303892037001787685e-02
3.539427271243766882e-02
3.871223061287309974e-02
4.298645460949046537e-02
4.820853710407391191e-02
5.437940131378127262e-02
6.152150703201186843e-02
6.968707298074150458e-02
7.895747877955727745e-02
8.943029266265511978e-02
1.011928367497603176e-01
1.142844250080088386e-01
1.286526735093502793e-01
1.441118365983129479e-01
1.547843478329014033e-01
1.388483270020515192e-01
1.245023114370269468e-01
1.114328985986503540e-01
9.945978597897919826e-02
8.851184666127664968e-02
7.858989703527186066e-02
6.972739679622463882e-02
6.195819495769683272e-02
5.529676660444238223e-02
4.973222392436582595e-02
4.523371874893200584e-02
4.176246916904347017e-02
3.928486090080696158e-02
3.778188526848680340e-02
3.725215356462285854e-02
3.770823486956942361e-02
3.916840810597932432e-02
4.164746065180224832e-02
4.515051896669319831e-02
4.967294654488796368e-02
5.520732825607410632e-02
6.175598710251506418e-02
6.934503831689653452e-02
7.803438049813848920e-02
8.791782113803492393e-02
9.910896307701477781e-02
1.117113947802863549e-01
1.257755679416732164e-01
1.412486483131942805e-01
1.579266490070949658e-01
1.649305277533130720e-01
1.492680430828841054e-01
1.350791724871669430e-01
1.220123097700707149e-01
1.098753887290513376e-01
9.861149146308889613e-02
8.825652491032087710e-02
7.889163241816277150e-02
7.060144391834910493e-02
6.344566647385363467e-02
5.744695871362637263e-02
5.259362557808344718e-02
4.885238398492219858e-02
4.618489034146477934e-02
4.456200959430134390e-02
4.397166250055306591e-02
4.441884710831800476e-02
4.591929905109282117e-02
4.849040637236612383e-02
5.214386297666351311e-02
5.688387678492290433e-02
6.271270174875098746e-02
6.964241874629806262e-02
7.770899437673506327e-02
8.698263728911115322e-02
9.756798189300752711e-02
1.095890508731827140e-01
1.231571049584090360e-01
1.383237830723373918e-01
1.550263521148735890e-01
1.730353405018831836e-01
6.078285868261446012e-02
5.452537230667076074e-02
5.005403339964686893e-02
4.692440958478982793e-02
4.475797112172585912e-02
4.326595533984800568e-02
4.224769362826918950e-02
4.157090829903609119e-02
4.114462148027087096e-02
4.089513310009351699e-02
4.075232904506265186e-02
4.064858039509999799e-02
4.052742676049092552e-02
4.035574547469877871e-02
4.013230137843493139e-02
3.988751171800686279e-02
3.967315493173373397e-02
3.954501819680444896e-02
3.954452347898040898e-02
3.968595506921701599e-02
3.995381768254446797e-02
4.031076069622940850e-02
4.071196861605130835e-02
4.111866000675945543e-02
4.150276067503000377e-02
4.183738187475682935e-02
4.207283072264544899e-02
4.210391929154866375e-02
4.173931614695902681e-02
4.068576167128412635e-02
3.855814966937032295e-02
5.124322113897505915e-02
4.664041103842464508e-02
4.334942999048507772e-02
4.106691804008733016e-02
3.951850120756716933e-02
3.848231632218812592e-02
3.779497568575607147e-02
3.734383744085789658e-02
3.705215340232825838e-02
3.686411996750393882e-02
3.673505179358471651e-02
3.662868921492190566e-02
3.652019041328458115e-02
3.640096760136657394e-02
3.628098507761023939e-02
3.618556065521261189e-02
3.614651244242850225e-02
3.619039748991781380e-02
3.632848880079109222e-02
3.655298949706775602e-02
3.684183302721066866e-02
3.717082647017377894e-02
3.752826120762620121e-02
3.792487833288760157e-02
3.839231901656603441e-02
3.896621884177875472e-02
3.965518120185151929e-02
4.040252792037790641e-02
4.105207689644885249e-02
4.133065812584391097e-02
4.085780436980712693e-02
4.530463836272247136e-02
4.181649546080734581e-02
3.920657864000531845e-02
3.731415179208852351e-02
3.597286557669576723e-02
3.503271439149102662e-02
3.437182051129639149e-02
3.389874356798827648e-02
3.354837347615102772e-02
3.327543765772134066e-02
3.304908645804971457e-02
3.285028258324018680e-02
3.267163424970931374e-02
3.251773496776877437e-02
3.240368160550133325e-02
3.235037147351249587e-02
3.237702977639855817e-02
3.249332730229070876e-02
3.269450998959655408e-02
3.296254277847765479e-02
3.327425919087545481e-02
3.361456742641166784e-02
3.398989462584722787e-02
3.443551511008990929e-02
3.501102059635741170e-02
3.578115086202160455e-02
3.678384492195618805e-02
3.799236117811233271e-02
3.928203756277071079e-02
4.041331790449476102e-02
4.104039493631717050e-02
4.165377666322456207e-02
3.887247736929566599e-02
3.660369857061596122e-02
3.481404898957407568e-02
3.343543950904859230e-02
3.238497134952922352e-02
3.158087045085267164e-02
3.095259420479123946e-02
3.044530202714668121e-02
3.002032754557149019e-02
2.965372481048689224e-02
2.933445157759706490e-02
2.906269022423657589e-02
2.884781880857190117e-02
2.870516035000036936e-02
2.865107522120524663e-02
2.869701883719244506e-02
2.884435504165594466e-02
2.908231518085813150e-02
2.939102672462468036e-02
2.974996517332328949e-02
3.014989296389103401e-02
3.060416609696403611e-02
3.115418573543138336e-02
3.186437416297849268e-02
3.280457073924480937e-02
3.402161539816006552e-02
3.550604248448507860e-02
3.716288968826120254e-02
3.879650456019589910e-02
4.011728470504749566e-02
3.932667252774990629e-02
3.694619383531971835e-02
3.479833259552833624e-02
3.294969219496124424e-02
3.141075650819402654e-02
3.015370974935649429e-02
2.913103211540146731e-02
2.829105304408585653e-02
2.758850236205034889e-02
2.698994011370814405e-02
2.647518647427204996e-02
2.603627090502413921e-02
2.567513375470298342e-02
2.540064860659185797e-02
2.522506046807393432e-02
2.515987735023372807e-02
2.521167043596506119e-02
2.537887380822212435e-02
2.565105272879009135e-02
2.601184641389409080e-02
2.644575970043661073e-02
2.694738491118187085e-02
2.753003224279382266e-02
2.822986811952432618e-02
2.910201810482249130e-02
3.020690600715170149e-02
3.158802375764935277e-02
3.324556057668814901e-02
3.511283103762252722e-02
3.704327700324938633e-02
3.881447259118431248e-02
3.773058641672832891e-02
3.551462504765368067e-02
3.334519095005816780e-02
3.135516598922549747e-02
2.960852528121904470e-02
2.811632873272174038e-02
2.685664087039185688e-02
2.579325358965434134e-02
2.488981817805324681e-02
2.411811423735343851e-02
2.346101966031710617e-02
2.291179954409017228e-02
2.247152629206539132e-02
2.214596373596577905e-02
2.194259088355465792e-02
2.186792109932866879e-02
2.192518909578211606e-02
2.211274351429892704e-02
2.242379749441170134e-02
2.284825922833988443e-02
2.337691650245687924e-02
2.400731436500791460e-02
2.474957533922861330e-02
2.562960149771242868e-02
2.668709142744773999e-02
2.796682046027854085e-02
2.950355098437285051e-02
3.130327402323018759e-02
3.332549736478540581e-02
3.547220366272085812e-02
3.758847557583067100e-02
3.658655537401500624e-02
3.434304712209268473e-02
3.205206384882330894e-02
2.987828057666774839e-02
2.791320487085613422e-02
2.618955707293935120e-02
2.470128335698973387e-02
2.342339315509889275e-02
2.232742401974974200e-02
2.139065416486118920e-02
2.059936212026514113e-02
1.994791941979201511e-02
1.943596611090470105e-02
1.906551238062093034e-02
1.883894054481061175e-02
1.875798289620433934e-02
1.882328033025260083e-02
1.903412823958205990e-02
1.938837869965936989e-02
1.988287824497092515e-02
2.051491492966306396e-02
2.128483213891740888e-02
2.219923900702269748e-02
2.327351331769023091e-02
2.453183889156207442e-02
2.600328693370101973e-02
2.771344429311284330e-02
2.967260135301330592e-02
3.186313204787438735e-02
3.422974983186577447e-02
3.667641756146622356e-02
3.582833600012236275e-02
3.339485315882484429e-02
3.090158107079332694e-02
2.851435220509301871e-02
2.632913869092590176e-02
2.438483828154858202e-02
2.268221947088022716e-02
2.120310916870948859e-02
1.992538649574271403e-02
1.883167885534930974e-02
1.791199574654456228e-02
1.716222566756187007e-02
1.658101271459599957e-02
1.616715032650972717e-02
1.591856660888879560e-02
1.583283641230082139e-02
1.590837830735836178e-02
1.614535044063813984e-02
1.654565897115389816e-02
1.711220966899418272e-02
1.784807609146810137e-02
1.875641285732854158e-02
1.984154091769596562e-02
2.111088765013846569e-02
2.257669038226595148e-02
2.425596975808730349e-02
2.616750691231573001e-02
2.832543598196934909e-02
3.073033295913774054e-02
3.335993510154366959e-02
3.616234636865556240e-02
3.549491500962176360e-02
3.273477937545976602e-02
2.996718732902081683e-02
2.733540099870879203e-02
2.492222095315810293e-02
2.276089131191838533e-02
2.085187433476676233e-02
1.917996271731681190e-02
1.772749738665879704e-02
1.648162364654126577e-02
1.543582894373685122e-02
1.458771128091029823e-02
1.393556961556896567e-02
1.347602631722111255e-02
1.320376941293943673e-02
1.311319987144088373e-02
1.320084795588627458e-02
1.346714573810459115e-02
1.391661581874359399e-02
1.455639013875043020e-02
1.539386551303323358e-02
1.643476877143257298e-02
1.768274623100296594e-02
1.914086010947357863e-02
2.081436701337224804e-02
2.271327688504243270e-02
2.485286875162273645e-02
2.725073659166810103e-02
2.991999236837727949e-02
3.285964436872745864e-02
3.604443855874706060e-02
3.564521975931711495e-02
3.245063796930480748e-02
2.934475324946106412e-02
2.643277855895576067e-02
2.377324492044863291e-02
2.138647411265992559e-02
1.926815019032801501e-02
1.740328356390818954e-02
1.577682230708887801e-02
1.437905585044063628e-02
1.320601797488052398e-02
1.225668283586855978e-02
1.152940838073845953e-02
1.101972649485105649e-02
1.072050334187224507e-02
1.062419296067673713e-02
1.072591253614518791e-02
1.102576388802845031e-02
1.152924427879042923e-02
1.224553451174870133e-02
1.318447591256699525e-02
1.435371107072569430e-02
1.575744778529042378e-02
1.739763401565141976e-02
1.927718260776600800e-02
2.140376933311927132e-02
2.379205199395073578e-02
2.646225693388259970e-02
2.943400817093788646e-02
3.271575910548563115e-02
3.629183264638413675e-02
3.630949686703388579e-02
3.260632367164362222e-02
2.911053011848707683e-02
2.588182370891445316e-02
2.294970014190766960e-02
2.031876264663878828e-02
1.797820988576859236e-02
1.591189406462945044e-02
1.410591675812611356e-02
1.255216033314354718e-02
1.124782550323288888e-02
1.019244148483267054e-02
9.384425939060747623e-03
8.819040267553646117e-03
8.488652507367078215e-03
8.385051653021946549e-03
8.502616212354041636e-03
8.840792186674661934e-03
9.404710443050134927e-03
1.020363886345876381e-02
1.124800460092956200e-02
1.254641618288587779e-02
1.410421499895164743e-02
1.592444355992483906e-02
1.801100356533424929e-02
2.037255905815982260e-02
2.302492132730549201e-02
2.598962372940150090e-02
2.928722843716968782e-02
3.292547430100967176e-02
3.688420479738852009e-02
3.747727926383959129e-02
3.322648095854674466e-02
2.930569623276824132e-02
2.572834314923966303e-02
2.249524505168665200e-02
1.959609382174676284e-02
1.701419352320954204e-02
1.473217497550649568e-02
1.273647765628993511e-02
1.101922529051080346e-02
9.577336837537586689e-03
8.409822068642824888e-03
7.514797332987654954e-03
6.887677278427872807e-03
6.521324248751625419e-03
6.407993954780977219e-03
6.542104427353478968e-03
6.922511362063232809e-03
7.553233823273330927e-03
8.442303813353646547e-03
9.599315751984249800e-03
1.103292019979562610e-02
1.274960184673545882e-02
1.475456268235575408e-02
1.705446986670722254e-02
1.966068275214638561e-02
2.259077252529095858e-02
2.586605494070681743e-02
2.950369513564510271e-02
3.350350086475373246e-02
3.783143266628030688e-02
3.911129206971963868e-02
3.430436416601878591e-02
2.994059220145572908e-02
2.599103321699658409e-02
2.243159169302089140e-02
1.924012398376362398e-02
1.639608177356421947e-02
1.388175819010939449e-02
1.168376729765441269e-02
9.793585406441707164e-03
8.206669168430380523e-03
6.920471605553757399e-03
5.932229119935072958e-03
5.237520737864542753e-03
4.830221470911055803e-03
4.703827260527759790e-03
4.853510523389559239e-03
5.277917298371903598e-03
5.979871923045720905e-03
6.965675675019156188e-03
8.243411051807925105e-03
9.821189923968631774e-03
1.170641645148862153e-02
1.390665410144720227e-02
1.643181104009272531e-02
1.929632419341942295e-02
2.251930741840624250e-02
2.612060485262190923e-02
3.011147332290420309e-02
3.448018297785893083e-02
3.917469430962228216e-02
4.117224061337765306e-02
3.582079921397962607e-02
3.100900723802624270e-02
2.667214460961986333e-02
2.276652726868633181e-02
1.926208451186539605e-02
1.613692185492254794e-02
1.337426971440436319e-02
1.096122283342992887e-02
8.888255324563942850e-03
7.148664160922635347e-03
5.737580737331882119e-03
4.650753544410690665e-03
3.883603661961387843e-03
3.431019082199782133e-03
3.288022096967324615e-03
3.450996431638486683e-03
3.918882779544219375e-03
4.693738555943127722e-03
5.780418650829233229e-03
7.185600923548918217e-03
8.916820501326583326e-03
1.098224250745261088e-02
1.339155378809664398e-02
1.615758010302670300e-02
1.929740768537158147e-02
2.283116482067271136e-02
2.677665066585177556e-02
3.113877516079810448e-02
3.589427123370114714e-02
4.097395661301561631e-02
4.364093305775895715e-02
3.776325444778194651e-02
3.250390492758015171e-02
2.776985689706634730e-02
2.350321891572093591e-02
1.966952017392031848e-02
1.624761128186946735e-02
1.322275782149517909e-02
1.058300471777329221e-02
8.317914289364125580e-03
6.418463279260322452e-03
4.877124614722561091e-03
3.687697542773094028e-03
2.844943206582684070e-03
2.344337481190450490e-03
2.182200536481104791e-03
2.356199685891624540e-03
2.865963338990695775e-03
3.713446923939045519e-03
4.902842345472890884e-03
6.440141296479851007e-03
8.332758137839846313e-03
1.058969223959138617e-02
1.322240446461364627e-02
1.624598445050651208e-02
1.967944972420809790e-02
2.354351767280604690e-02
2.785423968089162372e-02
3.261163478236994706e-02
3.778388528007781133e-02
4.328940645791590214e-02
4.652955855635809712e-02
4.013805385329760611e-02
3.442904781695688143e-02
2.928828881704248488e-02
2.464809457887895405e-02
2.047196798230288550e-02
1.674060141522204503e-02
1.344178633735282347e-02
1.056485071603674442e-02
8.098790625808760524e-03
6.032577315636444837e-03
4.356162120529916137e-03
3.061232193431351334e-03
2.141413911886047572e-03
1.592109925695694983e-03
1.410318851412739605e-03
1.594657165696844459e-03
2.145557882613502443e-03
3.065459684876259416e-03
4.358804275398142636e-03
6.031866512785200030e-03
8.092666648735757917e-03
1.055128182633779943e-02
1.342065269273007289e-02
1.671745371277211234e-02
2.046195359434932470e-02
2.467533640447072685e-02
2.937295585797983222e-02
3.455271808343240991e-02
4.017911726987222210e-02
4.616516158421291038e-02
4.988036797294626012e-02
4.297346237581223249e-02
3.680428212828701362e-02
3.124332583684008569e-02
2.621613414521561936e-02
2.168514636287000030e-02
1.763280892191687599e-02
1.404914300655946136e-02
1.092474887263961136e-02
8.248454854765441269e-03
6.007864678394980729e-03
4.190978390397503972e-03
2.787594006804283708e-03
1.789956608263310045e-03
1.192760690173599869e-03
9.929034786182455719e-04
1.189326983876526356e-03
1.783056257409043610e-03
2.777298417640849948e-03
4.177433664153795689e-03
5.990855614072643220e-03
8.226858772104606032e-03
1.089684766338905320e-02
1.401499041094211861e-02
1.759895962459268048e-02
2.166976672742748633e-02
2.624920602829661220e-02
3.135336811101296917e-02
3.698129623080603778e-02
4.309914817713433877e-02
4.962191079539479688e-02
5.375509600344230421e-02
4.631506008445285261e-02
3.966469033912289888e-02
3.366384806577116251e-02
2.823296737187774852e-02
2.333317156444536522e-02
1.894758539128815755e-02
1.506745020742528141e-02
1.168421956390375271e-02
8.786833612248301506e-03
6.362292166159022599e-03
4.397510434500873089e-03
2.880998159525915980e-03
1.803739942261017859e-03
1.159359184384811670e-03
9.439852365176193416e-04
1.156200552941299975e-03
1.797166551114059985e-03
2.870774442271795124e-03
4.383596431580372155e-03
6.344566754705738276e-03
8.764595782849937677e-03
1.165647988091222942e-02
1.503534239600412548e-02
1.891937827895162627e-02
2.332999760255916044e-02
2.828985940868733451e-02
3.381713057024171576e-02
3.991480957120074891e-02
4.655517892751959153e-02
5.366118184247170575e-02
5.822095195617293939e-02
5.021678345292457379e-02
4.305516562453703955e-02
3.658865280158352107e-02
3.073327981110196561e-02
2.544789127568947151e-02
2.071466994675574824e-02
1.652463343634735793e-02
1.286931874346919358e-02
9.737811313243582845e-03
7.117167879187036306e-03
4.994154238374903798e-03
3.356839952175505459e-03
2.195446570112835616e-03
1.502583894762210548e-03
1.273305897484533489e-03
1.505335385445505381e-03
2.199474394728895277e-03
3.359937021741643548e-03
4.994291346520185471e-03
7.112919178325682878e-03
9.728248995088506490e-03
1.285426853428361937e-02
1.650673702533822507e-02
2.070402612298494205e-02
2.546775779046583921e-02
3.082168020409881137e-02
3.678690760716563091e-02
4.337206074706045911e-02
5.055803410505177453e-02
5.827888900603284128e-02
6.333877397628384642e-02
5.473135972715681419e-02
4.702260720659978688e-02
4.006005021801684052e-02
3.375557069375645369e-02
2.806465899629984051e-02
2.296692982054082677e-02
1.845165535632986575e-02
1.450946357363136485e-02
1.112928320799255744e-02
8.298541717522311956e-03
6.004567920172121376e-03
4.235828302626032382e-03
2.982513964525423944e-03
2.236697393527720124e-03
1.992530458664987236e-03
2.246774223749525845e-03
2.999562530021648854e-03
4.254997089446987957e-03
6.021145403792615980e-03
8.309325326990801841e-03
1.113299863936845213e-02
1.450693158403737471e-02
1.844722450914559886e-02
2.297229438408976421e-02
2.810402826435165480e-02
3.386746943215257488e-02
4.028695644592517056e-02
4.737694273717352189e-02
5.512691162584815174e-02
6.348164667360833846e-02
6.915680474048713222e-02
5.990315241433563642e-02
5.160824969061650336e-02
4.411610326496884227e-02
3.733465667755808681e-02
3.121535597165348008e-02
2.573407451563980430e-02
2.087706696329405531e-02
1.663297757477266714e-02
1.298988266353262588e-02
9.935330075677484274e-03
7.457386032911017537e-03
5.545418542169500142e-03
4.190285355434753001e-03
3.384262185136321932e-03
3.121226225630380213e-03
3.397363791009411216e-03
4.212201987684238702e-03
5.569442168052773923e-03
7.477075283532030880e-03
9.946622500137891620e-03
1.299187237600563094e-02
1.662787993700476363e-02
2.087094718444859609e-02
2.573976432177005336e-02
3.125694125992595218e-02
3.744920681856456213e-02
4.434402067272458225e-02
5.196061776223359630e-02
6.029469594068359584e-02
6.929787594344816171e-02
7.571053997526178136e-02
6.576512714673299342e-02
5.684267486867611296e-02
4.878451100012171082e-02
4.149504030647221953e-02
3.492162650218233466e-02
2.903594907547812909e-02
2.382044291152851656e-02
1.926073772483505309e-02
1.534296783211175352e-02
1.205386301444377750e-02
9.381625459354836494e-03
7.316392780921887606e-03
5.850049608852714300e-03
4.975819501851219684e-03
4.688228669692762196e-03
4.983719198207836598e-03
5.861704587005078793e-03
7.325495986151508987e-03
9.382539748912677169e-03
1.204379105911357328e-02
1.532259313535178080e-02
1.923383692337665707e-02
2.379413489688886330e-02
2.902315212122630328e-02
3.494527528891921975e-02
4.158980333522777073e-02
4.898731796856736764e-02
5.716018480961793102e-02
6.610639479549718089e-02
7.577793266318622045e-02
8.302622066548792645e-02
7.233996936338371597e-02
6.274539039804949425e-02
5.408131236254121177e-02
4.624913856969214976e-02
3.919274512736592442e-02
3.287993236153852195e-02
2.728909256256883964e-02
2.240198889921884984e-02
1.820145161036634818e-02
1.467180900363018736e-02
1.179997379949782044e-02
9.575932701409328729e-03
7.992384758836124092e-03
7.043995632557198405e-03
6.726921776134986430e-03
7.038974057650193572e-03
7.980309863341972232e-03
9.554172531352378428e-03
1.176717986527364701e-02
1.462899927719263360e-02
1.815173625800525770e-02
2.234970261997659691e-02
2.724013535043923184e-02
3.284482403614674695e-02
3.919165489423903637e-02
4.631415932453819551e-02
5.424671319269691594e-02
6.301347702537896112e-02
7.261051730893086642e-02
8.298262904281727970e-02
9.112339326384244487e-02
7.964339107275009155e-02
6.932907210648409091e-02
6.001606930294656195e-02
5.160316382534801960e-02
4.403171994272270240e-02
3.726662472763564438e-02
3.128263880353188142e-02
2.605719858547672629e-02
2.156849425227846950e-02
1.779653066478203982e-02
1.472490614833077416e-02
1.234183762426255271e-02
1.064000454789493233e-02
9.615585586288943887e-03
9.267180015740450472e-03
9.595135074050631374e-03
1.060140036133816466e-02
1.228968636132776737e-02
1.466563120629871264e-02
1.773690297704888508e-02
2.151348557890742086e-02
2.600858395089744590e-02
3.124036467124824412e-02
3.723410542079363950e-02
4.402344027039362118e-02
5.164863307800260372e-02
6.014960903121391311e-02
6.955214996924041770e-02
7.984721536558936350e-02
9.096551900984195527e-02
1.000109954329673201e-01
8.768560230237198994e-02
7.660568950814194977e-02
6.660176546211005189e-02
5.756976852353545837e-02
4.944954386883182451e-02
4.220451924629742280e-02
3.580697183497250080e-02
3.023029978066915646e-02
2.544727413624059409e-02
2.143190735660027713e-02
1.816238679748494178e-02
1.562321788514964283e-02
1.380577087547862902e-02
1.270736100559588522e-02
1.232951122074155137e-02
1.267610363356652670e-02
1.375190478574950248e-02
1.556167879971326329e-02
1.810996678977971897e-02
2.140165436503593810e-02
2.544350953394314274e-02
3.024678157453308813e-02
3.583053872353048064e-02
4.222471657340065576e-02
4.947105621249647811e-02
5.761962058750214055e-02
6.671873564846464433e-02
7.679724428817280568e-02
8.783981842861976475e-02
9.975837011552357581e-02
1.096719153283629566e-01
9.646541671099839732e-02
8.458862243423936889e-02
7.386334204784361646e-02
6.418140975438291207e-02
5.548184393046540208e-02
4.772848797074402682e-02
4.089326500979950652e-02
3.494710811355616897e-02
2.985789996455423534e-02
2.559307517367415130e-02
2.212401233919081278e-02
1.942982916079927236e-02
1.749919203575700521e-02
1.632983500894624740e-02
1.592626771162031218e-02
1.629655438955524005e-02
1.744909511762671173e-02
1.939022385704447515e-02
2.212326131120789796e-02
2.564947547944029793e-02
2.997111302101984620e-02
3.509619598844437860e-02
4.104406641272362322e-02
4.784983563877176493e-02
5.556522287224652246e-02
6.425308702091570012e-02
7.397359304741257802e-02
8.476148686895612627e-02
9.659622036269865930e-02
1.093691414698696462e-01
1.200331824711611262e-01
1.059514718381251441e-01
9.328306981115019880e-02
8.183553470371407457e-02
7.149401430069701746e-02
6.219697939013713039e-02
5.391111892458866350e-02
4.661154001951217651e-02
4.027026412222767249e-02
3.485300114334677346e-02
3.032203769180341624e-02
2.664209865906741470e-02
2.378616275018430315e-02
2.173909527846262790e-02
2.049813482153695077e-02
2.007037974908598699e-02
2.046823650380247273e-02
2.170423087954986840e-02
2.378670790858450346e-02
2.671777972136624157e-02
3.049446397926658392e-02
3.511326115403790027e-02
4.057747747356188484e-02
4.690549100632779300e-02
5.413715492977644317e-02
6.233492894898517989e-02
7.157650978297169786e-02
8.193691109227074776e-02
9.346007247222587466e-02
1.061228480048157508e-01
1.197969782078871503e-01
1.309228481914033182e-01
1.160474312691803789e-01
1.026581415699183708e-01
9.054065586315118708e-02
7.956956308407825418e-02
6.968283734750002623e-02
6.085338207412860356e-02
5.306500904771382920e-02
4.629710246808826923e-02
4.051893250289140269e-02
3.569191364658763632e-02
3.177653783859568648e-02
2.874034253545687534e-02
2.656387506431201473e-02
2.524283138700411655e-02
2.478595046704867855e-02
2.520952688792021945e-02
2.653033689784933813e-02
2.875923990723094903e-02
3.189765125716803595e-02
3.593848137825261801e-02
4.087202242226339877e-02
4.669579511391930282e-02
5.342579383614065591e-02
6.110527389682829380e-02
6.980666083472897299e-02
7.962265868627582677e-02
9.064438011773745529e-02
1.029271212210005615e-01
1.164477380043535959e-01
1.310607078958128113e-01
1.420197713232482783e-01
1.265430219700647285e-01
1.125988167514151428e-01
9.994152290346391965e-02
8.843042569242243189e-02
7.800334043713519350e-02
6.864426383071986493e-02
6.035382356094487477e-02
5.312837471865350381e-02
4.695007583723054267e-02
4.178708106337580830e-02
3.760069837153423578e-02
3.435535173412063159e-02
3.202733986836392432e-02
3.060949659993639216e-02
3.011049039560020901e-02
3.054926046752370894e-02
3.194656962295994163e-02
3.431659169655176811e-02
3.766160181658051442e-02
4.197215622662042733e-02
4.723366754660673905e-02
5.343829089360951912e-02
6.059892430857871659e-02
6.876049435049935710e-02
7.800303704607358668e-02
8.843186229023558553e-02
1.001523376871773507e-01
1.132302913247258402e-01
1.276429951394675300e-01
1.432292161161967670e-01
1.528077865277737146e-01
1.370594356412766501e-01
1.228437870831839973e-01
1.098734130500815809e-01
9.798749061883427203e-02
8.712506359734106809e-02
7.728823980323795695e-02
6.850562741419707891e-02
6.080377309626783244e-02
5.419076506950659677e-02
4.865240933759196196e-02
4.415833909115463030e-02
4.067354883409279864e-02
3.817038312627119012e-02
3.663681723992340267e-02
3.607859870317042805e-02
3.651500806154217571e-02
3.797007744651637040e-02
4.046261519579275046e-02
4.399892443325370550e-02
4.857147790062299464e-02
5.416511191288009286e-02
6.076982749982562382e-02
6.839666323321580421e-02
7.709103041452181060e-02
8.693706997473782394e-02
9.804748592250689398e-02
1.105359725170274032e-01
1.244733964495026157e-01
1.398334416608122410e-01
1.564374058252724353e-01
1.625494726549732150e-01
1.470040327394599444e-01
1.329238511589210248e-01
1.199693627786473371e-01
1.079558825658750720e-01
9.682696873460372444e-02
8.661249717442842666e-02
7.738338708986702841e-02
6.921298923953145277e-02
6.215157864971843082e-02
5.621617005635926034e-02
5.139395185324246995e-02
4.765478303124837112e-02
4.496687288701650687e-02
4.331004296182072721e-02
4.268261488869029563e-02
4.310048259321774822e-02
4.458960243209730834e-02
4.717533840266696643e-02
5.087317626566800755e-02
5.568499637229251675e-02
6.160333162006281782e-02
6.862325318797957152e-02
7.675841590935306158e-02
8.605525750863307621e-02
9.659822204048396088e-02
1.084997220823424868e-01
1.218714506876494852e-01
1.367781111111980863e-01
1.531796811323147267e-01
1.708727142095085583e-01
6.006805353536037728e-02
5.456189962842472596e-02
5.029190639470471069e-02
4.706240823088592151e-02
4.467997233132336987e-02
4.297156433131021913e-02
4.179042533542087767e-02
4.101287480625614990e-02
4.053123241737921489e-02
4.024809947350149741e-02
4.007546594493760495e-02
3.993924488440825371e-02
3.978700681636837544e-02
3.959490411580190994e-02
3.936976162640348775e-02
3.914400874600687530e-02
3.896391043326730141e-02
3.887432558349246392e-02
3.890483157374546863e-02
3.906180266494629905e-02
3.932886950678948779e-02
3.967484917120600585e-02
4.006492619646451203e-02
4.046893470695067663e-02
4.086093839669047156e-02
4.120708725713484455e-02
4.144322731008287519e-02
4.144852590934533509e-02
4.102479713401407935e-02
3.989191758955712430e-02
3.770710774415420019e-02
5.024898042756831273e-02
4.627609377894259524e-02
4.318617442186223343e-02
4.087105599137430545e-02
3.919995778505835915e-02
3.803899010563327465e-02
3.726369702599185985e-02
3.676496620300895302e-02
3.645047313329996541e-02
3.624448178561578970e-02
3.608822093883645721e-02
3.594155317841796204e-02
3.578501761876395904e-02
3.562026493091252632e-02
3.546697571982804220e-02
3.535556213137169834e-02
3.531684743848018115e-02
3.537163857254199684e-02
3.552388843399967300e-02
3.576038871506170835e-02
3.605776392669213237e-02
3.639457553981628735e-02
3.676368235301197274e-02
3.717876501377759269e-02
3.766980636282823980e-02
3.826541319176612888e-02
3.896436451123008737e-02
3.970336818383657373e-02
4.033113479545136215e-02
4.059930924267973751e-02
4.017805510557082016e-02
4.440914331280509941e-02
4.136945105346967466e-02
3.889658867501566419e-02
3.697468818245397415e-02
3.554287551014567725e-02
3.451459300958958920e-02
3.379472487722523510e-02
3.329248534646467306e-02
3.292974466967280023e-02
3.264565037170541473e-02
3.239876245606865268e-02
3.216753304150188342e-02
3.194922361217322759e-02
3.175678169282036833e-02
3.161324258690001443e-02
3.154393400836852379e-02
3.156790853608981706e-02
3.169103100117354188e-02
3.190341074878233485e-02
3.218298763022175990e-02
3.250515707441081759e-02
3.285586128367867786e-02
3.324345464352518320e-02
3.370384913341695210e-02
3.429445654728624504e-02
3.507536583765613614e-02
3.608029643510235474e-02
3.728399320061726030e-02
3.857549562053463887e-02
3.974706606823019683e-02
4.050602573624928482e-02
4.099872221195255406e-02
3.847347742703277618e-02
3.625762356932682451e-02
3.441673113593424205e-02
3.295386250829324126e-02
3.182792221377894748e-02
3.097362322660046630e-02
3.031920903231366538e-02
2.979970366868656129e-02
2.936509058599767741e-02
2.898395332704239991e-02
2.864357168618880678e-02
2.834737391458475031e-02
2.811034217484120745e-02
2.795286265609320253e-02
2.789373932137095835e-02
2.794364043256791774e-02
2.810073512046074029e-02
2.835032565053552389e-02
2.866955623358080629e-02
2.903678275106358342e-02
2.944331407707068138e-02
2.990360492913168855e-02
3.045936789931147359e-02
3.117392287640541326e-02
3.211549544175795745e-02
3.333157992528867908e-02
3.481994394769571954e-02
3.650424703118915204e-02
3.822264118753082585e-02
3.973570019661565311e-02
3.890279164988896810e-02
3.660994258825667202e-02
3.444005212804768234e-02
3.251869117048045155e-02
3.089786058808385860e-02
2.957306160715234000e-02
2.850464710172673222e-02
2.763833230528689455e-02
2.692132460651919246e-02
2.631252546598261688e-02
2.578696254931855947e-02
2.533567614227649756e-02
2.496259929102961905e-02
2.467978876666165888e-02
2.450198329279373866e-02
2.444127830676734447e-02
2.450273296562954783e-02
2.468190803665493149e-02
2.496535408681666013e-02
2.533466980821685866e-02
2.577381717674143147e-02
2.627809688056004234e-02
2.686199172239867039e-02
2.756251658502151258e-02
2.843519993621157482e-02
2.954148154640279245e-02
3.092885548539925367e-02
3.260777998184494209e-02
3.453141464888176415e-02
3.658477702447271440e-02
3.858860133368580136e-02
3.745915584295289591e-02
3.520563938218401745e-02
3.296308796234370675e-02
3.089071023168799002e-02
2.907009000955440570e-02
2.752086973850964569e-02
2.622223660364397801e-02
2.513436171284411103e-02
2.421551260704291053e-02
2.343276893952861428e-02
2.276638532566721551e-02
2.220929446411901154e-02
2.176378810327150859e-02
2.143721245738561265e-02
2.123787952223210596e-02
2.117178546905051917e-02
2.124037640169262886e-02
2.143957296357257292e-02
2.176039386904449202e-02
2.219150740893383045e-02
2.272368721969542094e-02
2.335546650829201099e-02
2.409842305678466801e-02
2.497995193516544532e-02
2.604139934373961296e-02
2.733031356729043182e-02
2.888717910718696658e-02
3.072896316189144272e-02
3.283347479009535164e-02
3.512929837961564772e-02
3.749550924203504110e-02
3.638112128464854322e-02
3.402341062428604346e-02
3.163478540409414563e-02
2.938196143077220768e-02
2.735665022555622272e-02
2.558971358303097077e-02
2.407165803379029967e-02
2.277340701402863488e-02
2.166280514575191773e-02
2.071461038940469734e-02
1.991406349407043308e-02
1.925575997665873729e-02
1.874021785260993056e-02
1.837023895495804027e-02
1.814831432056962512e-02
1.807536320848157629e-02
1.815046208866988309e-02
1.837108256222563796e-02
1.873358280499815010e-02
1.923410042218165472e-02
1.987016280327225104e-02
2.064315069219446741e-02
2.156120838844799437e-02
2.264155090597341768e-02
2.391070437442976981e-02
2.540134365153789986e-02
2.714517708045605104e-02
2.916259557241573930e-02
3.145118070824537426e-02
3.397616336769715417e-02
3.666610199434217066e-02
3.562937964670709334e-02
3.304856592512805946e-02
3.045463896705769002e-02
2.799978603798081167e-02
2.576948063870077021e-02
2.379478637521970086e-02
2.207081665619625710e-02
2.057553519625798799e-02
1.928447110549313948e-02
1.817917040534666739e-02
1.724955156532814726e-02
1.649203733541071415e-02
1.590601228235755116e-02
1.549080529002822004e-02
1.524438443084363826e-02
1.516377416191971861e-02
1.524638286355184391e-02
1.549119167248136364e-02
1.589912765484768897e-02
1.647260674144490622e-02
1.721484553490881808e-02
1.812975500797620043e-02
1.922292991366703063e-02
2.050356493418803439e-02
2.198636403045384213e-02
2.369202399131609127e-02
2.564497712228330784e-02
2.786778276276891120e-02
3.037270114145940170e-02
3.315218322677537799e-02
3.617083060453296639e-02
3.527885596849955618e-02
3.237087009256356396e-02
2.951278000182355754e-02
2.682648317204439081e-02
2.437973520136438310e-02
2.219606741346069612e-02
2.027024438939406537e-02
1.858409485430456698e-02
1.711868706115637906e-02
1.586086236420669593e-02
1.480433228061883710e-02
1.394717827497515827e-02
1.328826164535712451e-02
1.282468979115947150e-02
1.255141631918377243e-02
1.246279936094651930e-02
1.255500439219758846e-02
1.282787383752292953e-02
1.328527947407565080e-02
1.393384492621407844e-02
1.478077309366199188e-02
1.583203258996945806e-02
1.709202478014049120e-02
1.856517477790475823e-02
2.025888493881211616e-02
2.218639717466430739e-02
2.436770491476636380e-02
2.682696149713592604e-02
2.958579875667055603e-02
3.265332736918935552e-02
3.601489924403722398e-02
3.541558639699360356e-02
3.209252797387307510e-02
2.891140291831106879e-02
2.595486201244057156e-02
2.326676627490087412e-02
2.085903609986416996e-02
1.872326211014296860e-02
1.684285901865223423e-02
1.520233406336046755e-02
1.379190741499769501e-02
1.260761098092189059e-02
1.164848035841714591e-02
1.091308271134039387e-02
1.039734468213282526e-02
1.009463334412430413e-02
9.997843808378092945e-03
1.010230381507426500e-02
1.040799315887852572e-02
1.091997585535864346e-02
1.164682926537352614e-02
1.259783388741197996e-02
1.378034040317288600e-02
1.519873094002832659e-02
1.685574914517928846e-02
1.875586720780120231e-02
2.090924495496437885e-02
2.333413140877382830e-02
2.605560529627837241e-02
2.909940074459882453e-02
3.248102066754654516e-02
3.619197898478887510e-02
3.608077935859910212e-02
3.227690545099903829e-02
2.872049659708864056e-02
2.545204582565929741e-02
2.248997550850617699e-02
1.983373141774791293e-02
1.747088677075225860e-02
1.538519574387464672e-02
1.356288247188786045e-02
1.199559716042131186e-02
1.067996281199157238e-02
9.614895192498806864e-03
8.798505121376365423e-03
8.226225072576198727e-03
7.891012202890124172e-03
7.785412839439231902e-03
7.904418380348943174e-03
8.247704077803064138e-03
8.820163406198844314e-03
9.630458636820549145e-03
1.068826634218567051e-02
1.200156943377805874e-02
1.357543827180052176e-02
1.541316301518236287e-02
1.751951646292582154e-02
1.990475093043642119e-02
2.258711153262993321e-02
2.559155886410735548e-02
2.894316853780765086e-02
3.265517088220803998e-02
3.671340249275090173e-02
3.726079375337576494e-02
3.293691554063116200e-02
2.896666177548468113e-02
2.535000083662453108e-02
2.208169484219979495e-02
1.915011346864048392e-02
1.653943446581251919e-02
1.423344554495997727e-02
1.221897340292343870e-02
1.048753154464066029e-02
9.034780501679051667e-03
7.858413868234492838e-03
6.955693614145275205e-03
6.321894870779942721e-03
5.950386526819784194e-03
5.834275143570266664e-03
5.968790581391658634e-03
6.353255761496257037e-03
6.991681133513338864e-03
7.891678775195032358e-03
9.062201024789828807e-03
1.051126036327332258e-02
1.224489234300563112e-02
1.426813734724419191e-02
1.658785737890866585e-02
1.921606391260866076e-02
2.217163788736797869e-02
2.547817533923080191e-02
2.915643342566909268e-02
3.321132311975816265e-02
3.761525783556862734e-02
3.890844049237784930e-02
3.405080250013270415e-02
2.964472537496476434e-02
2.565412992407800630e-02
2.205374067125376314e-02
1.882339006260735914e-02
1.594525276595959440e-02
1.340349862584844232e-02
1.118510217929724604e-02
9.280518221203237772e-03
7.683417839871253818e-03
6.389450223650783300e-03
5.394613850512541831e-03
4.694067130913026631e-03
4.281997637008316815e-03
4.152643763518426567e-03
4.301979228330310434e-03
4.729230393422767520e-03
5.437462205009069294e-03
6.432913760363589972e-03
7.723417045781388879e-03
9.316757212218362838e-03
1.121997864902368747e-02
1.344025151774985716e-02
1.598708142773830332e-02
1.887464714309317060e-02
2.212233041063882411e-02
2.575135014194529504e-02
2.977612723043421283e-02
3.419042272435035557e-02
3.895013021246995777e-02
4.097572779937763698e-02
3.558877126852166839e-02
3.073867135390173644e-02
2.635915328573901206e-02
2.240909704414661974e-02
1.886248552182223648e-02
1.570096932846354321e-02
1.290970998525153846e-02
1.047589386143954471e-02
8.388680915231816471e-03
6.639395665843039751e-03
5.221283943683374673e-03
4.128791762923356146e-03
3.356793633429333568e-03
2.900276806030888110e-03
2.754744848061818630e-03
2.917179561336524785e-03
3.387063959962688386e-03
4.166897793766111135e-03
5.261898608296178281e-03
6.679043341137003154e-03
8.426040738413576037e-03
1.051096776063786820e-02
1.294301458619884215e-02
1.573409297270700336e-02
1.890021219878690317e-02
2.246086749437381513e-02
2.643457722660969011e-02
3.082935854399693199e-02
3.562828618305502459e-02
4.077206299916724674e-02
4.344070177830872126e-02
3.753608618353609927e-02
3.224045756360283121e-02
2.746354632836300880e-02
2.315231096872594208e-02
1.927705232810694724e-02
1.581994401203701273e-02
1.276762971974676475e-02
1.010781299555674195e-02
7.828641340893227607e-03
5.919340168475173414e-03
4.370870927232317626e-03
3.176047925080638379e-03
2.329185415874235332e-03
1.825695682782679796e-03
1.662037298956420273e-03
1.836116069171112031e-03
2.347905865462962538e-03
3.199880040483549237e-03
4.396950571390334517e-03
5.945933487964794040e-03
7.854924035200383514e-03
1.013311689166584983e-02
1.279140824044588953e-02
1.584353405633009970e-02
1.930675657058600336e-02
2.320049311674665660e-02
2.754117840231629089e-02
3.233223595088929869e-02
3.754933960590278730e-02
4.312286483036587015e-02
4.631867894568131305e-02
3.990446211173548363e-02
3.416028676292626187e-02
2.897789063717937097e-02
2.429559347365284339e-02
2.008138910605339333e-02
1.631833633291535079e-02
1.299465173360658810e-02
1.009880741912638769e-02
7.618453077157028019e-03
5.541345410165376961e-03
3.856656243442557752e-03
2.555712970206514001e-03
1.632001381949521601e-03
1.080791647837031633e-03
8.988676781882531941e-04
1.084642659407109022e-03
1.638569206988904625e-03
2.563526628364343196e-03
3.864864287606906146e-03
5.550029214646201581e-03
7.628052517247851938e-03
1.010934976511634886e-02
1.300615251966519281e-02
1.633338434476172552e-02
2.010907411749940366e-02
2.435277613767539151e-02
2.908032771301805042e-02
3.429376814892748371e-02
3.996651542547624558e-02
4.602558823171420954e-02
4.965706331859109923e-02
4.273058177568600513e-02
3.652725910797016695e-02
3.092644108983222395e-02
2.586046557553345338e-02
2.129567990778014064e-02
1.721573210670612752e-02
1.361000148608582094e-02
1.046769857202889398e-02
7.776427359203808010e-03
5.523214080312754959e-03
3.696132072946056724e-03
2.285369242599699646e-03
1.283450837945565581e-03
6.849600540590472519e-04
4.862889472860842943e-04
6.857551052235066891e-04
1.284037309233099222e-03
2.284597889229189605e-03
3.693723665492143482e-03
5.520077458641026169e-03
7.774014295137021691e-03
1.046716804557945579e-02
1.361270964844152331e-02
1.722619033171213232e-02
2.132612758214236237e-02
2.593279298162087798e-02
3.106341804596013390e-02
3.672245553389075212e-02
4.288678010198054835e-02
4.948742912529269233e-02
5.351973334472859278e-02
4.606581698681111448e-02
3.938308952638180926e-02
3.334366682975087315e-02
2.787615283159539104e-02
2.294550353690283373e-02
1.853523940371815115e-02
1.463507831795141101e-02
1.123456480854656547e-02
8.321427194459829479e-03
5.882552672119345516e-03
3.905613033566623926e-03
2.380144476774148643e-03
1.297805640206206590e-03
6.521909308503381908e-04
4.387546432553790510e-04
6.551626793225295842e-04
1.301952404901385307e-03
2.383078652201220393e-03
3.905901481630280614e-03
5.880492673895787448e-03
8.318592357682064176e-03
1.123285275389207527e-02
1.463695435086265206e-02
1.854663429548963904e-02
2.298082366542075761e-02
2.796125868189847097e-02
3.350854385644197464e-02
3.963300623945542611e-02
4.631989634071942419e-02
5.351033032638952136e-02
5.796975599514553323e-02
4.996340693833190016e-02
4.277306475705699995e-02
3.626828784035751596e-02
3.037602388212690130e-02
2.506005032773828134e-02
2.030297013698145747e-02
1.609381511661922559e-02
1.242173193168127909e-02
9.274357107642572373e-03
6.638694787397980690e-03
4.502533338381908834e-03
2.855282895325217396e-03
1.688072814431507140e-03
9.935789857991039753e-04
7.661572744837030768e-04
1.002534823783207685e-03
1.702808920526877046e-03
2.871178607165347785e-03
4.515875960350967944e-03
6.648169910477008671e-03
9.280891688831616193e-03
1.242732476384844631e-02
1.610124393482692540e-02
2.031829989937250502e-02
2.509794337311177514e-02
3.046409871603827924e-02
3.644225533935241401e-02
4.305093805669457652e-02
5.028676647270913236e-02
5.810427386677474715e-02
6.305788784084143117e-02
5.446863516408484429e-02
4.673802200341015123e-02
3.973705904354574159e-02
3.339304930705111474e-02
2.766903452720725909e-02
2.254615153651684523e-02
1.801178083405829966e-02
1.405374772730283439e-02
1.065899300738237798e-02
7.814450284058693796e-03
5.508203226781915873e-03
3.729948104592040181e-03
2.470778417773544788e-03
1.722892120596952736e-03
1.479850179748609662e-03
1.737563296046573669e-03
2.495619526598602533e-03
3.758215199923142791e-03
5.534054187592118979e-03
7.835098323994316161e-03
1.067473911825800315e-02
1.406642774236388505e-02
1.802375654369825497e-02
2.256229646081919782e-02
2.770236227661371231e-02
3.347071423195302486e-02
3.989854560131789185e-02
4.701334331912221387e-02
5.482352043691207655e-02
6.329683386502438225e-02
6.882031114582787268e-02
5.961502329591894522e-02
5.130976597138214856e-02
4.378003262900165282e-02
3.695531944686081260e-02
3.079867467749863863e-02
2.528963876829948276e-02
2.041324134188471362e-02
1.615503291395725682e-02
1.250034142867662013e-02
9.435364729142747819e-03
6.948197020392399281e-03
5.028944768127985299e-03
3.669131401693448424e-03
2.861148488591425121e-03
2.598457489511929452e-03
2.876692415156867355e-03
3.695173960295505822e-03
5.057978574768640101e-03
6.973843868763651699e-03
9.454800412640906870e-03
1.251418889296473935e-02
1.616524776909500360e-02
2.042139280456467532e-02
2.529854303793399595e-02
3.081859253143193200e-02
3.701183171870070510e-02
4.391538541676709428e-02
5.156497090501943603e-02
5.997867093537934124e-02
6.913370995607692748e-02
7.528426326098269783e-02
6.542652632197132334e-02
5.651079883318743668e-02
4.841867831419222057e-02
4.108320294835721143e-02
3.446830280881840736e-02
2.855219856428448111e-02
2.331722894450649619e-02
1.874583137396257371e-02
1.482060852868016809e-02
1.152592564176302403e-02
8.849083649693056941e-03
6.780283394618891180e-03
5.311705455824267119e-03
4.436610433913301677e-03
4.149259359110146761e-03
4.445849161129444838e-03
5.325959522451739758e-03
6.793614411435555667e-03
8.857214219460729510e-03
1.152823443408124149e-02
1.481938836150220595e-02
1.874348540150094777e-02
2.331411756676970981e-02
2.854847337221144699e-02
3.447124000376788899e-02
4.111720762011827901e-02
4.852944188314722851e-02
5.675019015325233340e-02
6.580321084038587287e-02
7.566864914770121686e-02
8.247640832632896490e-02
7.192316247164853849e-02
6.235779625058057718e-02
5.366777480958262458e-02
4.579008105429238640e-02
3.869018718978622928e-02
3.234549147600773722e-02
2.673565394070465118e-02
2.183939043607097119e-02
1.763544425193686038e-02
1.410496677272021770e-02
1.123320269834948704e-02
9.009635024995077401e-03
7.426932352245785296e-03
6.479682218923699111e-03
6.163819685752969235e-03
6.477062532212585211e-03
7.419949921313673258e-03
8.996670956548769027e-03
1.121499754663091153e-02
1.408524484213558026e-02
1.761893606453668326e-02
2.182832504695397802e-02
2.672776666804566048e-02
3.233703099249396473e-02
3.868530652107438073e-02
4.581331698864232749e-02
5.377032664546277374e-02
6.260325535549782217e-02
7.233681031902960967e-02
8.294613073667278513e-02
9.042700375357526354e-02
7.912584778387099504e-02
6.886685785138979554e-02
5.954088639191468246e-02
5.108784081312478520e-02
4.347476149268914014e-02
3.667868808770435862e-02
3.067691380056203343e-02
2.544419527112040669e-02
2.095451637433143333e-02
1.718442864512326196e-02
1.411561953136697412e-02
1.173565295175649226e-02
1.003709270298713818e-02
9.015963638375978917e-03
8.670543029438704252e-03
9.000967318570474163e-03
1.000947517241002060e-02
1.170070315856719390e-02
1.408152726799016818e-02
1.716043919805088080e-02
2.094708040385739878e-02
2.545287774410098791e-02
3.069345118638011627e-02
3.669252472536754794e-02
4.348575092808459885e-02
5.112167317929561250e-02
5.965660735455458052e-02
6.914091670296329539e-02
7.959606443182565272e-02
9.098455948333139531e-02
9.916339426490594633e-02
8.705556733912089840e-02
7.605706266622291878e-02
6.605716273770667613e-02
5.699589808864402585e-02
4.884093162399949506e-02
4.156918700391543098e-02
3.515622718259692192e-02
2.957321249050437473e-02
2.478908481862163171e-02
2.077484644905780442e-02
1.750728767001419328e-02
1.497074775397777557e-02
1.315680831248755567e-02
1.206269850081298500e-02
1.168941461219219491e-02
1.204023181708180346e-02
1.311976645592949353e-02
1.493338506770669483e-02
1.748677053910796531e-02
2.078579109729616903e-02
2.483721976386732422e-02
2.965094234605203383e-02
3.524383752665016800e-02
4.164450920507078990e-02
4.889680801716167480e-02
5.705911811674013734e-02
6.619625910207105335e-02
7.636189950062544085e-02
8.757158259322750382e-02
9.976936261045921128e-02
1.086887986657529837e-01
9.572238169130287133e-02
8.394757115820539184e-02
7.324463033000938594e-02
6.354901435042847879e-02
5.482699909771326929e-02
4.705543599266093224e-02
4.020932486309902743e-02
3.425758764205966145e-02
2.916498872946249321e-02
2.489705325206159614e-02
2.142503957293229178e-02
1.872907465440221131e-02
1.679885994963115081e-02
1.563236492074793205e-02
1.523338949482422322e-02
1.560884576247190125e-02
1.676631283044116572e-02
1.871218259475426748e-02
2.145067493620445020e-02
2.498414539149962366e-02
2.931519137564464472e-02
3.445083837141282856e-02
4.040836087369825691e-02
4.722120019141584635e-02
5.494228491079411469e-02
6.364138693606946617e-02
7.339344124193303287e-02
8.425626176358491648e-02
9.623865791218122467e-02
1.092630598886898952e-01
1.189461517260497203e-01
1.051013165033509722e-01
9.254316736587497871e-02
8.113325940576032735e-02
7.079610899745603092e-02
6.149378272675676271e-02
5.320324312924640253e-02
4.590107782496488653e-02
3.955689507711213082e-02
3.413394486778997816e-02
2.959402857959503308e-02
2.590353044433868490e-02
2.303815034974832088e-02
2.098507548726047389e-02
1.974244213124620728e-02
1.931666599193704315e-02
1.971855670490185730e-02
2.095917851693229750e-02
2.304638257555780001e-02
2.598291614776826464e-02
2.976694231620058417e-02
3.439554329452221282e-02
3.987112705362960696e-02
4.620960541433305480e-02
5.344794183110934682e-02
6.164759287457854953e-02
7.089001464009925257e-02
8.126118095788115170e-02
9.282410865671408828e-02
1.055814173687394941e-01
1.194332999584730715e-01
1.297712309315102175e-01
1.150950782102881931e-01
1.018046720873826416e-01
8.973148694167321082e-02
7.878168083152559120e-02
6.891012126834539231e-02
6.009486499169724993e-02
5.231790628749877214e-02
4.555472412175731733e-02
3.977219182343105786e-02
3.493243004777468741e-02
3.099939588355482556e-02
2.794525257195346057e-02
2.575446554692462087e-02
2.442467209039023146e-02
2.396437110292026773e-02
2.438823135526035912e-02
2.571129780335468240e-02
2.794366965099470690e-02
3.108728887309553102e-02
3.513625552113808226e-02
4.008144509862177074e-02
4.591909512964775786e-02
5.266154497076058760e-02
6.034680483753618319e-02
6.904258448776090518e-02
7.884034718517796136e-02
8.983625665132422000e-02
1.020985099949029973e-01
1.156241191365552368e-01
1.302918424989911728e-01
1.408436706769862212e-01
1.254877121209574398e-01
1.116046014594758162e-01
9.898353885364485905e-02
8.750482183313579299e-02
7.711392445708042942e-02
6.779268195350596216e-02
5.953477751427271869e-02
5.232968237942259293e-02
4.615605064464034513e-02
4.098306131709250621e-02
3.677672067533421796e-02
3.350772971134574618e-02
3.115796660313208122e-02
2.972360997046052944e-02
2.921412197611061856e-02
2.964749782586295623e-02
3.104320311649644282e-02
3.341495079257583711e-02
3.676575415556726512e-02
4.108740718038461637e-02
4.636557077901670709e-02
5.259005547668493818e-02
5.976793376066780183e-02
6.793527354238904081e-02
7.716218685345666017e-02
8.754605679678206798e-02
9.918957958689134102e-02
1.121634873970833723e-01
1.264579268372472143e-01
1.419304815699433675e-01
1.516478805087899673e-01
1.358981079501972999e-01
1.216743456043332117e-01
1.087116540675197029e-01
9.685810593691712711e-02
8.604952524729014840e-02
7.627685943771211896e-02
6.755493736091011669e-02
5.989874816077644937e-02
5.331014585499360692e-02
4.777484315854962915e-02
4.326727704028598964e-02
3.975967072256025858e-02
3.723140964939375408e-02
3.567550847037637141e-02
3.510022957198088989e-02
3.552550726271874737e-02
3.697544416900200304e-02
3.946943468326935545e-02
4.301513285645341966e-02
4.760627168616338167e-02
5.322714482645096723e-02
5.986353622392925899e-02
6.751741987136483658e-02
7.622052754231845029e-02
8.604060636025678832e-02
9.707448831159126712e-02
1.094242490307806293e-01
1.231564931367756799e-01
1.382494408690035925e-01
1.545368875622443738e-01
1.614573387923883274e-01
1.457463570513937157e-01
1.315554522707316210e-01
1.185553613022420905e-01
1.065580183221754851e-01
9.549236444581765682e-02
8.536719960284244735e-02
7.623152039377600886e-02
6.814081309130415320e-02
6.113458666732185520e-02
5.522687978736939840e-02
5.040830001598806120e-02
4.665587511408375576e-02
4.394590735500969458e-02
4.226515433038002811e-02
4.161687075611553155e-02
4.202018230898829643e-02
4.350348695879802108e-02
4.609455151512520388e-02
4.981118696923658717e-02
5.465642848139395937e-02
6.062090278282994404e-02
6.769270121549197938e-02
7.587215108742384473e-02
8.518620651921082754e-02
9.569562764136207988e-02
1.074884040535835084e-01
1.206552437424761592e-01
1.352471189293282805e-01
1.512199341195810121e-01
1.683761328113178024e-01
5.716275497297829133e-02
5.293037086630647536e-02
4.940335662377037806e-02
4.656225505641486961e-02
4.435255463886278449e-02
4.269795327309111599e-02
4.151023508984508226e-02
4.069587996946211206e-02
4.016078556378488429e-02
3.981484464475215646e-02
3.957750648987712339e-02
3.938422112423722865e-02
3.919239580227440456e-02
3.898479745475924574e-02
3.876860569380369270e-02
3.856951205762015888e-02
3.842197229005250847e-02
3.835821421762375394e-02
3.839925702595792245e-02
3.855057173495879397e-02
3.880326010039425455e-02
3.913930082217120798e-02
3.953742626572420704e-02
3.997540708087399253e-02
4.042544555795757333e-02
4.084192213667847682e-02
4.114417641221734812e-02
4.120020082700648345e-02
4.081884944889679900e-02
3.975758878277702024e-02
3.774973786357804784e-02
4.794585293075215304e-02
4.500181085404619807e-02
4.251451762502256315e-02
4.051471839648002060e-02
3.898209981070976937e-02
3.786042938008904457e-02
3.707276989098318154e-02
3.653476688577939058e-02
3.616523043547203997e-02
3.589409479263849789e-02
3.566810982556489762e-02
3.545435597516188864e-02
3.524125257627019892e-02
3.503651532628282439e-02
3.486182569486118155e-02
3.474481755074521061e-02
3.471004881885164650e-02
3.477141729763388867e-02
3.492852661747747334e-02
3.516852220491273329e-02
3.547308589895692421e-02
3.582814459241490113e-02
3.623218883603840368e-02
3.669872259251860669e-02
3.724960919134900905e-02
3.789886624872451648e-02
3.863001178524427814e-02
3.937332125769898994e-02
3.999109367077835486e-02
4.027849962403706741e-02
3.998457081661399570e-02
4.269202898649382405e-02
4.041760031486774096e-02
3.838975030885194428e-02
3.669466672454291256e-02
3.535396793631662149e-02
3.434022904002631549e-02
3.359547841137100477e-02
3.304902386116737034e-02
3.263219273867434822e-02
3.228885517455637455e-02
3.198155909740307834e-02
3.169359088133205660e-02
3.142741950796335004e-02
3.120003635558532551e-02
3.103591551189310849e-02
3.095878589192579966e-02
3.098396825043892022e-02
3.111335036919626873e-02
3.133483907367917709e-02
3.162710563356085913e-02
3.196880502309795702e-02
3.234961312864470528e-02
3.277909186090255389e-02
3.328916612008470111e-02
3.392724701370752882e-02
3.473962220141402213e-02
3.574804349045734853e-02
3.692545121248258511e-02
3.817848329890694004e-02
3.934402808908998850e-02
4.020445063633815153e-02
3.978061834550317144e-02
3.776975243818014860e-02
3.584911371581256390e-02
3.415150343425921164e-02
3.273595028076670133e-02
3.160285097510495689e-02
3.071414735859434586e-02
3.001374894120090175e-02
2.944466354892938398e-02
2.896093753042805474e-02
2.853398622028180398e-02
2.815390290015784558e-02
2.782682543147529941e-02
2.756956170924240723e-02
2.740269401147088502e-02
2.734346417128108442e-02
2.739989693327515852e-02
2.756767642677004915e-02
2.783099665430199821e-02
2.816780706598365214e-02
2.855861014541005716e-02
2.899654462999023963e-02
2.949541361977026099e-02
3.009210712752974359e-02
3.084085232239885954e-02
3.179882530002942076e-02
3.300541619682917371e-02
3.446005018122377805e-02
3.610503280106058810e-02
3.781976802838471485e-02
3.943063777751376620e-02
3.806938325942610390e-02
3.607470718452532310e-02
3.407381820215960033e-02
3.222852454746316653e-02
3.062303801380039658e-02
2.927837836614344269e-02
2.817296945977432188e-02
2.726394823912414722e-02
2.650501476819044910e-02
2.585854912285867613e-02
2.530157255932863336e-02
2.482646698263124563e-02
2.443801972367509734e-02
2.414841766221798025e-02
2.397157708583108615e-02
2.391790185902209487e-02
2.399039963529503439e-02
2.418299755299813114e-02
2.448171581090718973e-02
2.486892244269256480e-02
2.533009607031999622e-02
2.586157408586586826e-02
2.647690591766149737e-02
2.720916870202927385e-02
2.810713932012731675e-02
2.922467352436797228e-02
3.060469685260613915e-02
3.226128865662758471e-02
3.416475539597740863e-02
3.623475712993240450e-02
3.834521494900400285e-02
3.690141612969455309e-02
3.477658837073249742e-02
3.260728518216637895e-02
3.056344763353990857e-02
2.873921676291502081e-02
2.716638495621737093e-02
2.583435965243552346e-02
2.471091005645575933e-02
2.375930199923459440e-02
2.294949244605959393e-02
2.226311809499748051e-02
2.169351852353429422e-02
2.124272723449394107e-02
2.091729462335933931e-02
2.072427733583026566e-02
2.066812859084166121e-02
2.074879141582641751e-02
2.096114613959798589e-02
2.129597784551151562e-02
2.174257275873969775e-02
2.229278518643695861e-02
2.294590006567887031e-02
2.371299321384867653e-02
2.461909226076386403e-02
2.570152514272194821e-02
2.700358883885201067e-02
2.856397522009501699e-02
3.040391096510575153e-02
3.251521187848993577e-02
3.485292305776965804e-02
3.733563278092333348e-02
3.601309784608019982e-02
3.366449509849189781e-02
3.128375022788532078e-02
2.902946225549385417e-02
2.699134669455816038e-02
2.520242940590833314e-02
2.365743971677147783e-02
2.233181093470193446e-02
2.119701509218430147e-02
2.023005191585980356e-02
1.941704412456601858e-02
1.875244157417910174e-02
1.823599867566372268e-02
1.786947243090253323e-02
1.765424247423652560e-02
1.759018048323923722e-02
1.767549599026096985e-02
1.790709994020289741e-02
1.828121700964402407e-02
1.879430151348060463e-02
1.944449155962502118e-02
2.023371209543256555e-02
2.117012752933078445e-02
2.227011597642558627e-02
2.355861404430470429e-02
2.506675544100289699e-02
2.682636049939901568e-02
2.886181497160578147e-02
3.118096257458091713e-02
3.376738631959597114e-02
3.657656131963449297e-02
3.539196540259581525e-02
3.274700332622160204e-02
3.012156304612290114e-02
2.764795549228438176e-02
2.540061639228952117e-02
2.340654480212833732e-02
2.166124445284367539e-02
2.014506670457194559e-02
1.883604734393884428e-02
1.771730875043431297e-02
1.677915664913598448e-02
1.601749543260666542e-02
1.543079065595520660e-02
1.501749805538565852e-02
1.477498387248488143e-02
1.469994371655047871e-02
1.478960447275312617e-02
1.504278975698980503e-02
1.546025870629819110e-02
1.604431562736863270e-02
1.679821286961669102e-02
1.772607176462770440e-02
1.883379110768146347e-02
2.013082312623737380e-02
2.163203798227186780e-02
2.335846658388618380e-02
2.533575741654203739e-02
2.758975355391157791e-02
3.013951098546385765e-02
3.298907422140473500e-02
3.612000527027703356e-02
3.513392818422289565e-02
3.212697657363605686e-02
2.921770549437496811e-02
2.650308233933174051e-02
2.403601123296539299e-02
2.183333103312179446e-02
1.988849600093089975e-02
1.818460859431070276e-02
1.670442878821631894e-02
1.543569510249653831e-02
1.437194156460464001e-02
1.351036728010512888e-02
1.284886234498117119e-02
1.238397015185910277e-02
1.211065836105262861e-02
1.202370748433168046e-02
1.211975290425471030e-02
1.239881448054802604e-02
1.286451144915190525e-02
1.352290163777070120e-02
1.438061720909900032e-02
1.544338576422887854e-02
1.671589505713200197e-02
1.820337416575057432e-02
1.991437995093292557e-02
2.186351567979727406e-02
2.407244524147245102e-02
2.656779872449988034e-02
2.937538016522012185e-02
3.251121354514907580e-02
3.597110393093316816e-02
3.533647070435108617e-02
3.190815541529445909e-02
2.866966357396449894e-02
2.567925646872026846e-02
2.296643895169836469e-02
2.053676181458286010e-02
1.838055012922268361e-02
1.648222432777401991e-02
1.482744755412568338e-02
1.340666030591819435e-02
1.221507388254394755e-02
1.125040320403059013e-02
1.051013338292250410e-02
9.989867830881848931e-03
9.683500513347098604e-03
9.584970353898825124e-03
9.690608447272097692e-03
1.000085266787209548e-02
1.052046434415387921e-02
1.125711602435330860e-02
1.221903350960928947e-02
1.341289388437871821e-02
1.484316017740638927e-02
1.651347103324951604e-02
1.842976596526568756e-02
2.060386830271454528e-02
2.305566139511938673e-02
2.581200000167882536e-02
2.890121687232749537e-02
3.234329868610075209e-02
3.613721214605902787e-02
3.604436011664802209e-02
3.214732607011683285e-02
2.853559509458136745e-02
2.522980742287472822e-02
2.223748959295335226e-02
1.955399172584293410e-02
1.716678469892940484e-02
1.506089147005695850e-02
1.322334623182541691e-02
1.164537624572403729e-02
1.032211828714935109e-02
9.250681745470501482e-03
8.427888926235027611e-03
7.848933641071198508e-03
7.507596801588078961e-03
7.397861420031404123e-03
7.516079022025223821e-03
7.862608094001188874e-03
8.442085305432556197e-03
9.262150615541031584e-03
1.033120330612291582e-02
1.165630304240039550e-02
1.324238263987354003e-02
1.509345538215711713e-02
1.721559451470966451e-02
1.962048137284000404e-02
2.232762245694175363e-02
2.536322683226899244e-02
2.875437127659097314e-02
3.251830985936976504e-02
3.664832255344663281e-02
3.724428945861291140e-02
3.284862236978369765e-02
2.882932619468192570e-02
2.517328899193671532e-02
2.186932054610224441e-02
1.890481703230761923e-02
1.626541883888421580e-02
1.393660598841961473e-02
1.190574937936617061e-02
1.016337375040166080e-02
8.703076688107103109e-03
7.520318315073382109e-03
6.610845703107770532e-03
5.969645077129825950e-03
5.590981330897193402e-03
5.469529402034822851e-03
5.602028424618765712e-03
5.988632048683939502e-03
6.633232893364038318e-03
7.542545496107777581e-03
8.724339928448898718e-03
1.018573475448647514e-02
1.193254019017331302e-02
1.397027203711331822e-02
1.630666750497766770e-02
1.895460796367842704e-02
2.193366312349098735e-02
2.526831184877664782e-02
2.898145079780078959e-02
3.308298939737142064e-02
3.755490953517437447e-02
3.889094527403358370e-02
3.398484851641114801e-02
2.953734374023042619e-02
2.550668958792812191e-02
2.186676976270973682e-02
1.859943554154597223e-02
1.568966561899287626e-02
1.312357958522625268e-02
1.088840711599914357e-02
8.973175383289344609e-03
7.369125189143233001e-03
6.069445371394976974e-03
5.068499514891300350e-03
4.361074679763987660e-03
3.942163450119551271e-03
3.807469729508738965e-03
3.954411346057895571e-03
4.383073894132394344e-03
5.096572542242938653e-03
6.100545837398385629e-03
7.401997285342076793e-03
9.008107612316962332e-03
1.092579195392318070e-02
1.316249701994820498e-02
1.572809954450349323e-02
1.863695329302572645e-02
2.190848582540638745e-02
2.556456769161741249e-02
2.962235180893912911e-02
3.408241187207750045e-02
3.891352601021935698e-02
4.094224541040603071e-02
3.552703125751577318e-02
3.064239512605126947e-02
2.622331064776517451e-02
2.223217765276785940e-02
1.864720919547835365e-02
1.545356271526543424e-02
1.263823205954395235e-02
1.018827906955266371e-02
8.091148331004660577e-03
6.335657002637162805e-03
4.912672178761567920e-03
3.815108408161904663e-03
3.037470742128789425e-03
2.575397003965917975e-03
2.425591068458743393e-03
2.586218855867628008e-03
3.057500172872096300e-03
3.842088939563836902e-03
4.944936103129293770e-03
6.372657942847581580e-03
8.132796891004545614e-03
1.023352209449512884e-02
1.268418098334223032e-02
1.549658644944429398e-02
1.868624010239727795e-02
2.227208617841824889e-02
2.627318705344805494e-02
3.070111585111590102e-02
3.554790326052170713e-02
4.077082895491912495e-02
4.338542055120342411e-02
3.746693074936047196e-02
3.214158510309061967e-02
2.732618345180526376e-02
2.297441811970202252e-02
1.906200703524518758e-02
1.557456752925645560e-02
1.250001486914698035e-02
9.825429522607009858e-03
7.537089077231939882e-03
5.621921096462756395e-03
4.068917005497496575e-03
2.869738578738179058e-03
2.018494895310141146e-03
1.511130394646897912e-03
1.344971140497364104e-03
1.518711833341512829e-03
2.032788033830001950e-03
2.889797491661738604e-03
4.094623895070981234e-03
5.654137195961084217e-03
7.576681200589518994e-03
9.871773203485645354e-03
1.255038152521592565e-02
1.562574013587436639e-02
1.911402817131602205e-02
2.303365815896540880e-02
2.740165290015283972e-02
3.222592841484583914e-02
3.749325112585211173e-02
4.315405932902649511e-02
4.624486390821402892e-02
3.982500102574704215e-02
3.405325738640385680e-02
2.883315624785609543e-02
2.411192620638757944e-02
1.986329793726326898e-02
1.607308486563852057e-02
1.272984938987065107e-02
9.820817009313032031e-03
7.331678745686076581e-03
5.248289635346736759e-03
3.558495962352026254e-03
2.253076898341532797e-03
1.325651894148904830e-03
7.720081412116996944e-04
5.894899586564861238e-04
7.768632203806191683e-04
1.334669250354636461e-03
2.265741866722237319e-03
3.575469912902917713e-03
5.271587200695648789e-03
7.363622400589520112e-03
9.862419348792172968e-03
1.278015080242766999e-02
1.613088661542860791e-02
1.993114714423427358e-02
2.419924351124791428e-02
2.895185199304251000e-02
3.419652919546933845e-02
3.991976947145303711e-02
4.607163685614068527e-02
4.957278474830673076e-02
4.264445026637986302e-02
3.641331327889929526e-02
3.077452655998058617e-02
2.567095294216414914e-02
2.107457999954931438e-02
1.697082867030985653e-02
1.334831301937811077e-02
1.019427216670010239e-02
7.494224679248873144e-03
5.233704432612285018e-03
3.400157271244097501e-03
1.983913556614425033e-03
9.780787295312620699e-04
3.778555328608490527e-04
1.799912497517652810e-04
3.827860127785243094e-04
9.866388500086031854e-04
1.994720027141738683e-03
3.413270111195743084e-03
5.251254384347703308e-03
7.519536633481038734e-03
1.023008053016383201e-02
1.339575223391875625e-02
1.703091292802128009e-02
2.115230557683389634e-02
2.577897428636788391e-02
3.092950280188233592e-02
3.661502102113445289e-02
4.282731505736592226e-02
4.952287880405492615e-02
5.343080487728002481e-02
4.597760791875771247e-02
3.926562531341915019e-02
3.318671416491270065e-02
2.768170479976106435e-02
2.272124766750494018e-02
1.828978558478411287e-02
1.437520758190657943e-02
1.096430904726730660e-02
8.042471803491935134e-03
5.595323324087075889e-03
3.610445623053237796e-03
2.078107456327416003e-03
9.909824948408640921e-04
3.434606333030387759e-04
1.312843378400430083e-04
3.518838784657418728e-04
1.005264821287710220e-03
2.094884293910581619e-03
3.627907550253439695e-03
5.614572677586693317e-03
8.066929152846569195e-03
1.099765844628564082e-02
1.441975867055589333e-02
1.834743612926104106e-02
2.279772454494377598e-02
2.779140725397155620e-02
3.335124801742495038e-02
3.949559981992933899e-02
4.622639256922411732e-02
5.351213501126039773e-02
5.787276552291586995e-02
4.987238650573999621e-02
4.265212425525533035e-02
3.610567785653984174e-02
3.017457965324865654e-02
2.482901807525195181e-02
2.005218315025558695e-02
1.583049646433210000e-02
1.214960696233902127e-02
8.994362673547584563e-03
6.350438045046757907e-03
4.205738703603856266e-03
2.550731434894260019e-03
1.377848609990905970e-03
6.807311801821924746e-04
4.540660083875991404e-04
6.943115367903374135e-04
1.400975103024393320e-03
2.577702347480226308e-03
4.232449646224267781e-03
6.376491197443101555e-03
9.022676818858599290e-03
1.218389842688338831e-02
1.587278724400675856e-02
2.010312814309145324e-02
2.489246778350207023e-02
3.026427694203448482e-02
3.624727582428022288e-02
4.286957005388103426e-02
5.014623733586631715e-02
5.806081605624058284e-02
6.293643032404361293e-02
5.436468653351766989e-02
4.660659798173583113e-02
3.956246474263025448e-02
3.317749653069768101e-02
2.742281613609520718e-02
2.228057249885750934e-02
1.773521898576291278e-02
1.377047753339866176e-02
1.036992878653109074e-02
7.518794314819388092e-03
5.205102570471353829e-03
3.419582055357750505e-03
2.154673420591279864e-03
1.403605077939573675e-03
1.160344516392797232e-03
1.420636705006472766e-03
2.183617318223696202e-03
3.453075943980365992e-03
5.237533601757604629e-03
7.548915342340478674e-03
1.040040141742792912e-02
1.380465656620799564e-02
1.777368104012566619e-02
2.232088049640879035e-02
2.746474352898076177e-02
3.323221012760768645e-02
3.965893883287208155e-02
4.678368267559562810e-02
5.463510336267063394e-02
6.321137151644506957e-02
6.864637269609374925e-02
5.947874221601523459e-02
5.115365112214931287e-02
4.358166544261621311e-02
3.671440093239652924e-02
3.052558273338945583e-02
2.499698381143389270e-02
2.011094074259744957e-02
1.584856770932674408e-02
1.219127693912014365e-02
9.122999879764392972e-03
6.631326083152089268e-03
4.707067259005270898e-03
3.342878451803699136e-03
2.532065387640614063e-03
2.268491647555492818e-03
2.547744537878315896e-03
3.368935125763528049e-03
4.736048751510679722e-03
6.657942372839897871e-03
9.146789598162285984e-03
1.221570082998368889e-02
1.587690475571434945e-02
2.014190289628459141e-02
2.502422030374873430e-02
3.054402645284426399e-02
3.673241499564028345e-02
4.363217413629172370e-02
5.129190902880509384e-02
5.975163281618733890e-02
6.902019880544685293e-02
7.502469012979418039e-02
6.523354135424597189e-02
5.631195510795805603e-02
4.818250720927608199e-02
4.080498325129156001e-02
3.415715385563089512e-02
2.822127643594285473e-02
2.297773999453056604e-02
1.840458863443927839e-02
1.448017957591218874e-02
1.118614130973583087e-02
8.508783874276559800e-03
6.438561162212863564e-03
4.968387147528119385e-03
4.092117822438012809e-03
3.804220636084210128e-03
4.100828620721586049e-03
4.981499379937304184e-03
6.450536009651841596e-03
8.516924510331591591e-03
1.119271863717585802e-02
1.449068183865165338e-02
1.842267915344564244e-02
2.300027409364702180e-02
2.823811426787870005e-02
3.415919042890891433e-02
4.079949894730816595e-02
4.820863632266991772e-02
5.644297850085422397e-02
6.554952044825768098e-02
7.554092468853923492e-02
8.210239657637430355e-02
7.165088608235237189e-02
6.209950435004429892e-02
5.338190638940432109e-02
4.546608801319962367e-02
3.833445089185261168e-02
3.197038850339595228e-02
2.635266595098073594e-02
2.145605084297130816e-02
1.725513217388652265e-02
1.372822821576846763e-02
1.085938149481080472e-02
8.638013037852942944e-03
7.057108312437776476e-03
6.111373571911826730e-03
5.796504243335220963e-03
6.109859969001263380e-03
7.051922511891461909e-03
8.627429040643619373e-03
1.084526279009878635e-02
1.371696862406679429e-02
1.725472185717080720e-02
2.147022940334863961e-02
2.637594034604262561e-02
3.198897661786759272e-02
3.833664106059586629e-02
4.546078240673523396e-02
5.341736876289360225e-02
6.226788807362027001e-02
7.206081890399218537e-02
8.280410147017391864e-02
8.992345400110934861e-02
7.875987870647804812e-02
6.853802846308099106e-02
5.919854274907265790e-02
5.071532559304614551e-02
4.307456358219496906e-02
3.626081268157577142e-02
3.025149241511826403e-02
2.501814757124520838e-02
2.053120768687222153e-02
1.676488960220012814e-02
1.370001990289893001e-02
1.132418746419716626e-02
9.630043889046646655e-03
8.613211284682620317e-03
8.271046222944278270e-03
8.602690035331761464e-03
9.609948956494918093e-03
1.129804223819519393e-02
1.367542441221303307e-02
1.675260077536222525e-02
2.054073852923465893e-02
2.505142040536156856e-02
3.029868073281249963e-02
3.630343734766938724e-02
4.309887202180107124e-02
5.073380064823140856e-02
5.927032866929948796e-02
6.877256635743833613e-02
7.928504623851040378e-02
9.080236699264787603e-02
9.853530409236554988e-02
8.659333538525970653e-02
7.565356612758478150e-02
6.565624685754301026e-02
5.657625620369799435e-02
4.840095922190812416e-02
4.111522792663890868e-02
3.469527157722041011e-02
2.910979610896902159e-02
2.432520028378348798e-02
2.031128935777815059e-02
1.704502200664137490e-02
1.451143305166624486e-02
1.270233072500559501e-02
1.161412796864169650e-02
1.124608259124215692e-02
1.159953716705786064e-02
1.267794441810110584e-02
1.448699562388355844e-02
1.703427745087537915e-02
2.032849426177563146e-02
2.437900084623834118e-02
2.919675953671685420e-02
3.479748641257174313e-02
4.120665079972241074e-02
4.846447415002330672e-02
5.662773735093651339e-02
6.576470857362437528e-02
7.594030240579741076e-02
8.719073939573718235e-02
9.949003482506668661e-02
1.079635327496362152e-01
9.517331092320091557e-02
8.347018609492806718e-02
7.278368334664264694e-02
6.308224637541570701e-02
5.435013419264578260e-02
4.657090155887999572e-02
3.971969344274839386e-02
3.376333199412329122e-02
2.866515299319871701e-02
2.439106672682100907e-02
2.091413723246660084e-02
1.821645927338977344e-02
1.628856561728753150e-02
1.512744688443490304e-02
1.473437346066930331e-02
1.511322983060381375e-02
1.626944740928593092e-02
1.820923106788541190e-02
2.093886641159770079e-02
2.446433205113862641e-02
2.879193874832708389e-02
3.393080855676089413e-02
3.989746478873712476e-02
4.672160272093606181e-02
5.445067407163151074e-02
6.314980014030879829e-02
7.289339493763691280e-02
8.374607006953738164e-02
9.573289484796987381e-02
1.088023467955281376e-01
1.181727670627878979e-01
1.044851062360976357e-01
9.199413276837731246e-02
8.060607042534684297e-02
7.027369586285203695e-02
6.097277066146489233e-02
5.268363454524660483e-02
4.538102091464679688e-02
3.903188164986204356e-02
3.359876476315548643e-02
2.904546179706812836e-02
2.534209493751404807e-02
2.246803144225850701e-02
2.041232762348954566e-02
1.917232573032379150e-02
1.875132440909510478e-02
1.915606672264402732e-02
2.039441745000658557e-02
2.247340233952854760e-02
2.539786598572391085e-02
2.917030055868963245e-02
3.379260219662683085e-02
3.927027360259671696e-02
4.561877218657173216e-02
5.287036722620541696e-02
6.107849860018177424e-02
7.031578438181895763e-02
8.066210218021296896e-02
9.218084324493247550e-02
1.048843306944036158e-01
1.186928874803925282e-01
1.290200429648393765e-01
1.144416728111536941e-01
1.011868387104186695e-01
8.912471509029273875e-02
7.818245276575908065e-02
6.832186495921632741e-02
5.951886101138370577e-02
5.174975534828263335e-02
4.498541647990350612e-02
3.919178235446452163e-02
3.433401937581948005e-02
3.038156104958034121e-02
2.731202301583834924e-02
2.511304956351523288e-02
2.378202663021511398e-02
2.332410338567569852e-02
2.374911378865363076e-02
2.506800501578254625e-02
2.728943874353717547e-02
3.041741863125935197e-02
3.445096025825478137e-02
3.938672388176200911e-02
4.522490615818242077e-02
5.197751341802359093e-02
5.967661536124069244e-02
6.837882650506799109e-02
7.816169558645924553e-02
8.910841269425873179e-02
1.012794282105460297e-01
1.146729354604758555e-01
1.291799144128162879e-01
1.402099852912215283e-01
1.248431789317692164e-01
1.109278287476627156e-01
9.828244036179967225e-02
8.679927174125623424e-02
7.642205696720338892e-02
6.712298002457828261e-02
5.888430993582005613e-02
5.168721722293412313e-02
4.550771266076480970e-02
4.031794213005923666e-02
3.609038502145267557e-02
3.280263831766205840e-02
3.044108928770583589e-02
2.900249904087104369e-02
2.849317905929638073e-02
2.892596373385458719e-02
3.031565408491587732e-02
3.267406877239409368e-02
3.600621506120660342e-02
4.030921665798814502e-02
4.557525165546394419e-02
5.179872581538802478e-02
5.898631616400962230e-02
6.716673956907470711e-02
7.639570854371413589e-02
8.675120140469516627e-02
9.831533719989238307e-02
1.111418656901150825e-01
1.252121111019732780e-01
1.403862501656476525e-01
1.512627735492060310e-01
1.353394395400755457e-01
1.209725076805625577e-01
1.079177359097229782e-01
9.602545923735306133e-02
8.521999859840434510e-02
7.547371770488098264e-02
6.678260795160895213e-02
5.914784716878784820e-02
5.256515140172268730e-02
4.702154910955869127e-02
4.249774247182358522e-02
3.897356308516464196e-02
3.643399257634882815e-02
3.487363573185575660e-02
3.429824612430820707e-02
3.472279502057062928e-02
3.616658095234015491e-02
3.864685234839271288e-02
4.217313292610924691e-02
4.674463131595985033e-02
5.235252840066095814e-02
5.898751938730129041e-02
6.665096478172927164e-02
7.536588180664693937e-02
8.518251484383654315e-02
9.617302222432044800e-02
1.084113558863464277e-01
1.219376170984105556e-01
1.367104560422376380e-01
1.525554283361998387e-01
1.615056900327545009e-01
1.454052785256862990e-01
1.309142812624486396e-01
1.177165624321787618e-01
1.056171701238781679e-01
9.452375877117447089e-02
8.441698975184408482e-02
7.531842473144934047e-02
6.726264044846175238e-02
6.027772824927524198e-02
5.437565709689806681e-02
4.955165515093540307e-02
4.579010510133230127e-02
4.307356943354534451e-02
4.139147385467367712e-02
4.074561528068443295e-02
4.115088134676625486e-02
4.263115339017531369e-02
4.521196733549004421e-02
4.891272759414277971e-02
5.374167985610256437e-02
5.969619439929374494e-02
6.676918134508014191e-02
7.496001337676716503e-02
8.428584120792947942e-02
9.478747942648624303e-02
1.065238816618148121e-01
1.195510044171896880e-01
1.338844485053414246e-01
1.494499435093530337e-01
1.660303433523040439e-01
5.301332984754481004e-02
5.027188063559151487e-02
4.777471393754240125e-02
4.560903325727849733e-02
4.381247405945032369e-02
4.238265929870976834e-02
4.128813747138337931e-02
4.047888560580759076e-02
3.989552970779186580e-02
3.947715885260549840e-02
3.916789914728724398e-02
3.892225207073352067e-02
3.870887347420648439e-02
3.851223403671610868e-02
3.833173931707278825e-02
3.817839021758118179e-02
3.806977530803123955e-02
3.802475299471552717e-02
3.805926494078448741e-02
3.818419863182498375e-02
3.840517412436383893e-02
3.872299963359182584e-02
3.913280964434306952e-02
3.962004781033101608e-02
4.015261964514138526e-02
4.067048194838207564e-02
4.107602894009687589e-02
4.123007903262987384e-02
4.095831683753203833e-02
4.007136710833947291e-02
3.839843671448761597e-02
4.491011199024796952e-02
4.315867942750628572e-02
4.148743709538393887e-02
4.000993596127955243e-02
3.878017529132193886e-02
3.780374255529750371e-02
3.705264007021469297e-02
3.648054727818816900e-02
3.603621064030448906e-02
3.567369063057412859e-02
3.535904574891901575e-02
3.507352351061854279e-02
3.481355814255948644e-02
3.458801663691701833e-02
3.441335628394881496e-02
3.430771776493202196e-02
3.428533486567175714e-02
3.435278867527813418e-02
3.450829648136277683e-02
3.474437393379048444e-02
3.505297123138007009e-02
3.543097141209727852e-02
3.588326490898907650e-02
3.642087709067709511e-02
3.705299667171857436e-02
3.777392722031436278e-02
3.854838018560258206e-02
3.930029381763233687e-02
3.991073928773403168e-02
4.022909418790732161e-02
4.009861541817372199e-02
4.051506382529623806e-02
3.914154729409347055e-02
3.772762065545975929e-02
3.641733589211071376e-02
3.528752119109412888e-02
3.435927941700356314e-02
3.361487484835379291e-02
3.301576711055531632e-02
3.251849736807344016e-02
3.208644382175407372e-02
3.169670590432360768e-02
3.134232218144461513e-02
3.103056854160968214e-02
3.077838340504968073e-02
3.060614852347498527e-02
3.053121261564228917e-02
3.056266640214744257e-02
3.069877658072073245e-02
3.092803140680189244e-02
3.123385238177434076e-02
3.160185179876862094e-02
3.202737113588227658e-02
3.252040184634097386e-02
3.310522825449879747e-02
3.381339431234664517e-02
3.467067932160716737e-02
3.568109091611404438e-02
3.681272242283739615e-02
3.799092293638750562e-02
3.910320021850566263e-02
4.001766078272339655e-02
3.825131470148335211e-02
3.687326890758413356e-02
3.538648602443572599e-02
3.395734169862407725e-02
3.268100402965501416e-02
3.159273534402018413e-02
3.068552664444723632e-02
2.992923203055397607e-02
2.928737331239972264e-02
2.872929403383750468e-02
2.823689528122486081e-02
2.780635167619038839e-02
2.744591780719929375e-02
2.717118972395837773e-02
2.699921822386386339e-02
2.694283140408515465e-02
2.700640746297722217e-02
2.718419973098207265e-02
2.746189233948825859e-02
2.782136668338353047e-02
2.824772129679331556e-02
2.873662674301158404e-02
2.929952142312686192e-02
2.996424579487211304e-02
3.076968789810052840e-02
3.175471907889004797e-02
3.294371169431542512e-02
3.433262590715457918e-02
3.588038720681652194e-02
3.750964233404374681e-02
3.911894697694151546e-02
3.702644388249609619e-02
3.543269328292808495e-02
3.371387029255856760e-02
3.204352578723046463e-02
3.052444763306993991e-02
2.919956039659155067e-02
2.806934250838821754e-02
2.711069973338453565e-02
2.629329974843130913e-02
2.559104939427925274e-02
2.498810537690587807e-02
2.448010909392905887e-02
2.407201680762227625e-02
2.377405094375717454e-02
2.359708896619849838e-02
2.354852452481281944e-02
2.362940740749763791e-02
2.383347447721462231e-02
2.414848437183536589e-02
2.455985559572582133e-02
2.505602766359515954e-02
2.563426740925933700e-02
2.630512137875484768e-02
2.709363766825845232e-02
2.803604124073899584e-02
2.917173634614300681e-02
3.053205053129204316e-02
3.212855589117680211e-02
3.394459513856418198e-02
3.593339427607133985e-02
3.802478608758974588e-02
3.622802786594547797e-02
3.431622221432917286e-02
3.230797658397932537e-02
3.036716987844556570e-02
2.859182004431204405e-02
2.702443336420401465e-02
2.566842595115303993e-02
2.450565171420748811e-02
2.351117955913650803e-02
2.266322243667673320e-02
2.194789426539500710e-02
2.135977587568049785e-02
2.089987447106977925e-02
2.057253153543570079e-02
2.038238936984271277e-02
2.033204585677594878e-02
2.042064377201313619e-02
2.064351870649261400e-02
2.099301667840336449e-02
2.146055180855910294e-02
2.203974322037538514e-02
2.273009592136077117e-02
2.354021965766150970e-02
2.448934293715865351e-02
2.560600291144510265e-02
2.692343135822738986e-02
2.847215213114395738e-02
3.027140739141032100e-02
3.232180337090539979e-02
3.460169683239655569e-02
3.706915629027207615e-02
3.562469712051097304e-02
3.334830409039568622e-02
3.103801050019683316e-02
2.883364306217117701e-02
2.681794383352098521e-02
2.502605841073091142e-02
2.346025901715620421e-02
2.210529378862702288e-02
2.094087454315740615e-02
1.994953483517747372e-02
1.911983398895245045e-02
1.844611508204252459e-02
1.792652286530937999e-02
1.756078318794607185e-02
1.734863542515086010e-02
1.728911550162592903e-02
1.738046859827591106e-02
1.762033572595100850e-02
1.800607631048478652e-02
1.853532167297089472e-02
1.920699686706939247e-02
2.002291896315000486e-02
2.098971968007390387e-02
2.212045434498577379e-02
2.343500801362097263e-02
2.495854487824544776e-02
2.671772598296229262e-02
2.873518832984700566e-02
3.102350874178227969e-02
3.358032164851465495e-02
3.638617286560474895e-02
3.522241018617933150e-02
3.255479501967784017e-02
2.993720846643554978e-02
2.747598938367445953e-02
2.523203490636660717e-02
2.322888913840870373e-02
2.146507191719138063e-02
1.992665754369227216e-02
1.859709968630340882e-02
1.746289355651242658e-02
1.651525401393882930e-02
1.574911775969667360e-02
1.516116365382913500e-02
1.474824543038266711e-02
1.450691251011448912e-02
1.443392755027161911e-02
1.452716990752378479e-02
1.478627116375719197e-02
1.521260009212710429e-02
1.580872301019553561e-02
1.657782140682684258e-02
1.752366155233175959e-02
1.865144502880866639e-02
1.996939397758978885e-02
2.149040449876338243e-02
2.323283148143673316e-02
2.521952507231617346e-02
2.747471250040689483e-02
3.001898126967716962e-02
3.286330083483335329e-02
3.600343685411644401e-02
3.512469254928873852e-02
3.204146397547447123e-02
2.910174994758563116e-02
2.637458520985092036e-02
2.389690030395286158e-02
2.167947354610078037e-02
1.971621565098757856e-02
1.799358638891135342e-02
1.649771035590674728e-02
1.521806139135151170e-02
1.414795910022803582e-02
1.328308855590876192e-02
1.261957642782363109e-02
1.215285731450421736e-02
1.187783800196484663e-02
1.179010568375815637e-02
1.188741024452610873e-02
1.217057527901488356e-02
1.264335298037622124e-02
1.331129003301612101e-02
1.418022740108426660e-02
1.525527392186631914e-02
1.654094794866978191e-02
1.804267464831355028e-02
1.976915704108250793e-02
2.173459679761435837e-02
2.395950555910530966e-02
2.646907441521761939e-02
2.928866127513174433e-02
3.243679496154072694e-02
3.591685732862970326e-02
3.543156450905371457e-02
3.190715023083612323e-02
2.861966641285107471e-02
2.560186681512277573e-02
2.286830246885074303e-02
2.041835565614746884e-02
1.824192685307934880e-02
1.632550367867224850e-02
1.465674433347885497e-02
1.322664093459025025e-02
1.202937528069014661e-02
1.106078739758231677e-02
1.031667764618759975e-02
9.791956279514124617e-03
9.481034310738323256e-03
9.379197868838673458e-03
9.484212590905372053e-03
9.797315015021013096e-03
1.032307099012541585e-02
1.106811893987469375e-02
1.203938809703686275e-02
1.324270246914238669e-02
1.468258275053813122e-02
1.636361656164808664e-02
1.829305076353193726e-02
2.048358258434745949e-02
2.295493188466934953e-02
2.573280191063531674e-02
2.884439168883545790e-02
3.231048028828809038e-02
3.613513499658438377e-02
3.619121533847646788e-02
3.220289604360004887e-02
2.853829854939249344e-02
2.519812429090961814e-02
2.217839688091771677e-02
1.946993089950410649e-02
1.706006540189264342e-02
1.493537315036519431e-02
1.308403694201842882e-02
1.149701982649276033e-02
1.016786226318799891e-02
9.091560699744150043e-03
8.263318086392246187e-03
7.677903115109074861e-03
7.329962481890106574e-03
7.215132565761450678e-03
7.331378772505559027e-03
7.679871061554877087e-03
8.264911306469002739e-03
9.092880616663023829e-03
1.017066575514036231e-02
1.150435727686272003e-02
1.309900114938500337e-02
1.495980144318309613e-02
1.709453224793833215e-02
1.951621431908279192e-02
2.224464578830520622e-02
2.530529200885212049e-02
2.872450143331661820e-02
3.252088013505272102e-02
3.669377072583301924e-02
3.739864548333571292e-02
3.293138720255228691e-02
2.886474771366920322e-02
2.517300833278568462e-02
2.183821268044994213e-02
1.884572663402650505e-02
1.618193329704809003e-02
1.383375684599741362e-02
1.178919691665214486e-02
1.003798006422584876e-02
8.571762056817533448e-03
7.383773503534030169e-03
6.468199626397108659e-03
5.819732436066260561e-03
5.433626953163184226e-03
5.306284187099663541e-03
5.436079631181200966e-03
5.823979550768854097e-03
6.473558387369848788e-03
7.390317645331379026e-03
8.580587171309161931e-03
1.005058507143985480e-02
1.180625840424909256e-02
1.385427050627185963e-02
1.620395742429536767e-02
1.886945766818826087e-02
2.187071904882031959e-02
2.523195969479274936e-02
2.897650611885183025e-02
3.311774502981279511e-02
3.764704519562656060e-02
3.902250241662841290e-02
3.407025404158048332e-02
2.958526090878876857e-02
2.552100083994446322e-02
2.184956271594273858e-02
1.855335542131797411e-02
1.561900686647277325e-02
1.303404408827191219e-02
1.078594919817987829e-02
8.862616887199692428e-03
7.253209085320122540e-03
5.948724647169001400e-03
4.942070911056362092e-03
4.227803110552486032e-03
3.801861072133760899e-03
3.661549086245940998e-03
3.805781612754799426e-03
4.235398948367219418e-03
4.953273906721733510e-03
5.964048261375864968e-03
7.273569117387523875e-03
8.888356707757338881e-03
1.081554507982218638e-02
1.306358568763243966e-02
1.564362104909378104e-02
1.857089315308257937e-02
2.186508429622335825e-02
2.554830052758916281e-02
2.963964784976269584e-02
3.414608502316696104e-02
3.905028841836610809e-02
4.103787804342573509e-02
3.560030911103240214e-02
3.068803906717221253e-02
2.623860506355413236e-02
2.221704334078822285e-02
1.860421511810272932e-02
1.538746930600609630e-02
1.255498365208040923e-02
1.009368621453177184e-02
7.989677629666402936e-03
6.229750637430697680e-03
4.802803450729697943e-03
3.700518740515690297e-03
2.917250312748365104e-03
2.449469364364631474e-03
2.295224403496831656e-03
2.453900295222410932e-03
2.926307941379491240e-03
3.714900634804507717e-03
4.823878232855349779e-03
6.259063869947567582e-03
8.027668631257256493e-03
1.013822470122249797e-02
1.260095246834680438e-02
1.542855116349528544e-02
1.863695912834373303e-02
2.224516951173427515e-02
2.627293031218869146e-02
3.073531013251340482e-02
3.563371976451890077e-02
4.094398363122309092e-02
4.344794717690092511e-02
3.752447365695843473e-02
3.217827662228955887e-02
2.733501828697626479e-02
2.295450222300132737e-02
1.901640558935469016e-02
1.550852385844336823e-02
1.241941112675704062e-02
9.735512765473686159e-03
7.441600297170225531e-03
5.522770690731704235e-03
3.966442585806362331e-03
2.763418939139228314e-03
1.907833822770044208e-03
1.396381871018093079e-03
1.227438529895152897e-03
1.400560708134435117e-03
1.916508233989588916e-03
2.777616402454441413e-03
3.988178559666266665e-03
5.554575898713665083e-03
7.485124468075810000e-03
9.789853480469901115e-03
1.248050333015271463e-02
1.557086006505414844e-02
1.907712829415686429e-02
2.301756007727817632e-02
2.741022739792242646e-02
3.226785466176806949e-02
3.758916536571632605e-02
4.334714528340555262e-02
4.628726985902176239e-02
3.987158607196761295e-02
3.408127407601568848e-02
2.883381704305065796e-02
2.408502927573863417e-02
1.981314467411721125e-02
1.600560611404944211e-02
1.265074060211190954e-02
9.734480394399724901e-03
7.240815910336095840e-03
5.154021622729487717e-03
3.460874271695502102e-03
2.151796034013386816e-03
1.220733145601116121e-03
6.642351436312310398e-04
4.804616983165033162e-04
6.686854394502006471e-04
1.229454162967158481e-03
2.165173696994315833e-03
3.480665367533219978e-03
5.183332516025984660e-03
7.282856568053830415e-03
9.790669864742085338e-03
1.271961264865240082e-02
1.608402928468422033e-02
1.990013435352011584e-02
2.418590559318545274e-02
2.895932295723468997e-02
3.423371095777838491e-02
4.000940460900892504e-02
4.626193420153867919e-02
4.960964106794563122e-02
4.268749902257695794e-02
3.643588149134302512e-02
3.076797314133727923e-02
2.563694134732941166e-02
2.101929895434295759e-02
1.690120580315124243e-02
1.326994524424662814e-02
1.011065908824093640e-02
7.406876917229965329e-03
5.142752066603861749e-03
3.305159691080916673e-03
1.884620389319024980e-03
8.749575281399302185e-04
2.722679055295884609e-04
7.399909372907131910e-05
2.786934419418685138e-04
8.864700866979546845e-04
1.899864117149263620e-03
3.324462122691329569e-03
5.168903768208110705e-03
7.444226022926159203e-03
1.016293814245727845e-02
1.333841617088182829e-02
1.698504482192220166e-02
2.111899617739254609e-02
2.575884236648562364e-02
3.092462221502501052e-02
3.663382078229915351e-02
4.289319738563790452e-02
4.968643400752625894e-02
5.346975900829420425e-02
4.602082494602655061e-02
3.928402646488393657e-02
3.317266049270983785e-02
2.763922522717621177e-02
2.265877171885222197e-02
1.821554099296918139e-02
1.429495988122653216e-02
1.088084953516954556e-02
7.956194487633183599e-03
5.505301771336235106e-03
3.515553027682472020e-03
1.977882697246968746e-03
8.860748421284370124e-04
2.356209079152904451e-04
2.297457831446081400e-05
2.456850343151018023e-04
9.033044480020180345e-04
1.998501284106168896e-03
3.537681455782148987e-03
5.530678281502332538e-03
7.989618643478024751e-03
1.092757198784966022e-02
1.435781843247241341e-02
1.829432167505729012e-02
2.275330421616672538e-02
2.775495283276541159e-02
3.332354171652696095e-02
3.948405199298576917e-02
4.625387212763598654e-02
5.362935859739081934e-02
5.790898851773818024e-02
4.991128045003279112e-02
4.266211160938837565e-02
3.607974683109205216e-02
3.011879897530889139e-02
2.475395632063737139e-02
1.996752262493828312e-02
1.574250686098821461e-02
1.206075696973130107e-02
8.904235612135380507e-03
6.257178116356953979e-03
4.107452834432478994e-03
2.446482496452517807e-03
1.268091662495862693e-03
5.672109327861107886e-04
3.393196166143752635e-04
5.809982176288031042e-04
1.291277982090832666e-03
2.472998676239512861e-03
4.133342470595380291e-03
6.283136532147182152e-03
8.935196241509402171e-03
1.210260021980502643e-02
1.579798350940109231e-02
2.003458096078247763e-02
2.482886834695818834e-02
3.020356118577183224e-02
3.618885028481599875e-02
4.281950641416187864e-02
5.012607812932401430e-02
5.811982872000953648e-02
6.295182685425970703e-02
5.438562835479388013e-02
4.659760238064336590e-02
3.951571710422285832e-02
3.309998929398716427e-02
2.732661877234932035e-02
2.217667146760504693e-02
1.763061405654298142e-02
1.366774769121548161e-02
1.026830275804968551e-02
7.415823420160450041e-03
5.098251116578467190e-03
3.307324899651575834e-03
2.036954414506908506e-03
1.281713339267298579e-03
1.036399582517333329e-03
1.296931590331951156e-03
2.062065312202321365e-03
3.334930072014685720e-03
5.123433867993298918e-03
7.439168322889599949e-03
1.029528410435887054e-02
1.370448884699726477e-02
1.767851198383141309e-02
2.222986208653310314e-02
2.737561962931067683e-02
3.314171063175308518e-02
3.956508783630852122e-02
4.669100562023231760e-02
5.456329966909834184e-02
6.320725718433095608e-02
6.861364257201785222e-02
5.946173822667333297e-02
5.111094034145935439e-02
4.350260183491627686e-02
3.660522028440027498e-02
3.039870758948381990e-02
2.486412554208072834e-02
1.997974701953353360e-02
1.572199951624497771e-02
1.206866630673175678e-02
9.001783517305739224e-03
6.508692509669344872e-03
4.581071167194750160e-03
3.212883580999914557e-03
2.398612559773027897e-03
2.132819157850462943e-03
2.411234188912203535e-03
3.232706771086668596e-03
4.600830663548549637e-03
6.524211094074416906e-03
9.015041970997117460e-03
1.208663241413887590e-02
1.575127902469830588e-02
2.002000657375901937e-02
2.490505702371592633e-02
3.042471810840652324e-02
3.660860022864653729e-02
4.350036868527240586e-02
5.115471627141232602e-02
5.962628325869445689e-02
6.895015629561385140e-02
7.491467225554515608e-02
6.515741668772534467e-02
5.622055565982009284e-02
4.806038612514385022e-02
4.065578329755226150e-02
3.399216106845415197e-02
2.805190123035572469e-02
2.281174204108538106e-02
1.824522063543554395e-02
1.432713468238944188e-02
1.103721685649361461e-02
8.361440985027002171e-03
6.290914330747909844e-03
4.819516045245109126e-03
3.941854611184680834e-03
3.652695864730048925e-03
3.948068399040494114e-03
4.827275057323276997e-03
6.294522492680698633e-03
8.359069262951379642e-03
1.103360171327949502e-02
1.433160456508630887e-02
1.826527633602381684e-02
2.284562110071419738e-02
2.808557080425089225e-02
3.400554211839335039e-02
4.063922573914169334e-02
4.803625294152880087e-02
5.625825953211460728e-02
6.536597813283151481e-02
7.539719316446280573e-02
8.189219564155791886e-02
7.149873350863344967e-02
6.194791298912605271e-02
5.320948069129372016e-02
4.527243621851084754e-02
3.812823647967888974e-02
3.176140146024408750e-02
2.614778537463280372e-02
2.125825213443022221e-02
1.706434869993245229e-02
1.354289770461036824e-02
1.067780077210045420e-02
8.459041699097724631e-03
6.880174652906134725e-03
5.936028854193864390e-03
5.621900487312814221e-03
5.934490156505489722e-03
6.873801146866753697e-03
8.444680763204814866e-03
1.065688936068909243e-02
1.352344292172347195e-02
1.705806021709577180e-02
2.127332392046810128e-02
2.618118516693357378e-02
3.179655255371471867e-02
3.814315289127989672e-02
4.525917825048964005e-02
5.319912414779537357e-02
6.202822157138143666e-02
7.180721118493238464e-02
8.256765312762581743e-02
8.960305368600529619e-02
7.852283399188308977e-02
6.831994947060593404e-02
5.897249604458920658e-02
5.047647788160247728e-02
4.282798490385175683e-02
3.601342287220177241e-02
3.000804692055680789e-02
2.478035188687499613e-02
2.029866186785511672e-02
1.653658388750045560e-02
1.347544353848206811e-02
1.110361265455139801e-02
9.414031665073707700e-03
8.401733699429314584e-03
8.062735596467973664e-03
8.394646465603727847e-03
9.398274778504855931e-03
1.107897681504255161e-02
1.344667722514714114e-02
1.651434861560119316e-02
2.029579034206108190e-02
2.480427128830342554e-02
3.005353707339963876e-02
3.606170936291164253e-02
4.285700502987310756e-02
5.048254694156639744e-02
5.899654331005876884e-02
6.846431467420188710e-02
7.894022672371647786e-02
9.044027142590493895e-02
9.811163907579611987e-02
8.627197959867771715e-02
7.536713505396619439e-02
6.537481359555386007e-02
5.629179613242740743e-02
4.811510660874773748e-02
4.083140297734644264e-02
3.441504453803645447e-02
2.883246353303547949e-02
2.404910706172813661e-02
2.003546517516952008e-02
1.677011338324518874e-02
1.423950999378575943e-02
1.243574388354318216e-02
1.135399719714769162e-02
1.099113146119634621e-02
1.134583555176504888e-02
1.241976456731208600e-02
1.421855346779921092e-02
1.675177101424196735e-02
2.003166603390127420e-02
2.407152196246897802e-02
2.888504428119631484e-02
3.448802227649139240e-02
4.090247297426685691e-02
4.816186584139359184e-02
5.631448373969760723e-02
6.542117420212889556e-02
7.554421619170170743e-02
8.672588766330591170e-02
9.895819648500037147e-02
1.074628329006372951e-01
9.477782941212353762e-02
8.311599238550115842e-02
7.244281012754072435e-02
6.274684915842954069e-02
5.402029134347685613e-02
4.624716124817496166e-02
3.940015986518119462e-02
3.344408871998894028e-02
2.834233219255111180e-02
2.406292660089093260e-02
2.058200358442263678e-02
1.788411955567426048e-02
1.596042172968736850e-02
1.480623533279867843e-02
1.441941164011950605e-02
1.479994507462834008e-02
1.595046353395446204e-02
1.787671900456189178e-02
2.058736978506203741e-02
2.409303120839467738e-02
2.840539173848810606e-02
3.353759966375946533e-02
3.950680388697946910e-02
4.633860591638949700e-02
5.407162009032617789e-02
6.275896359329635743e-02
7.246298428617592435e-02
8.324034042834682623e-02
9.511672112694213865e-02
1.080535712617347599e-01
1.176436250243568793e-01
1.040369966558500892e-01
9.157511124249140266e-02
8.019734864683414344e-02
6.987325813679490238e-02
6.058314186520874500e-02
5.230493865383323282e-02
4.500901800565770827e-02
3.865956347726751119e-02
3.321954002240090631e-02
2.865602902238606475e-02
2.494369030682719313e-02
2.206560495324083604e-02
2.001207429566420615e-02
1.877860854074242525e-02
1.836422851920360699e-02
1.877057193632936105e-02
2.000159568342496641e-02
2.206331351771950722e-02
2.496319350029807538e-02
2.870941674700588919e-02
3.331080680982267950e-02
3.877840657150954939e-02
4.512913276630570181e-02
5.239071787400462199e-02
6.060563685241504572e-02
6.983056576791568659e-02
8.012775685165252071e-02
9.154593123821541667e-02
1.040908103796027717e-01
1.176887013225496048e-01
1.285403149886406027e-01
1.139805106358835474e-01
1.007139529210689943e-01
8.863936225679935887e-02
7.769609612660133280e-02
6.784564007648441475e-02
5.905702421478054021e-02
5.129870431846939027e-02
4.453663043204869609e-02
3.873640470192185603e-02
3.386687660531606525e-02
2.990307683830906171e-02
2.682749318046262488e-02
2.462977455797954462e-02
2.330554358559311368e-02
2.285503300481650513e-02
2.328187822058680467e-02
2.459199677468859591e-02
2.679235099822108168e-02
2.988965195254422724e-02
3.388955281297967304e-02
3.879724343642010354e-02
4.462022472762328107e-02
5.137321792244620156e-02
5.908379479660652578e-02
6.779584433570562396e-02
7.756708785109367454e-02
8.845708651824679691e-02
1.005038596176746069e-01
1.136901468225914869e-01
1.279038538677923498e-01
1.398998632757866289e-01
1.244411943498562323e-01
1.104348274166113697e-01
9.772516950033605099e-02
8.621156551816966385e-02
7.583153976520407014e-02
6.654455228817823809e-02
5.831994062646117527e-02
5.113018508927780204e-02
4.494871456336113624e-02
3.975053332032985054e-02
3.551392931331065483e-02
3.222207717954006512e-02
2.986401628004387021e-02
2.843493022373877466e-02
2.793577657030255068e-02
2.837224679933569860e-02
2.975300306570716202e-02
3.208733628525806125e-02
3.538281804503640160e-02
3.964396638184553012e-02
4.487307441740995273e-02
5.107388245778565761e-02
5.825761805772344815e-02
6.644935985332267592e-02
7.569121978758630576e-02
8.603816283721243963e-02
9.754292648176488001e-02
1.102286529876437271e-01
1.240511749092547689e-01
1.388566230452852324e-01
1.513041865900959237e-01
1.351243939707273967e-01
1.205407746692799265e-01
1.073321955955179874e-01
9.535125112779496703e-02
8.450987268224707805e-02
7.476099971609073691e-02
6.608131447865162045e-02
5.845794988999841735e-02
5.188015051317051984e-02
4.633548365563910920e-02
4.180950202317035291e-02
3.828756432085356209e-02
3.575760777312098071e-02
3.421281413830001839e-02
3.365327412575425114e-02
3.408599087015318219e-02
3.552299578404927161e-02
3.797798084815440234e-02
4.146256158674077597e-02
4.598377853380952729e-02
5.154439011494105216e-02
5.814670041309000226e-02
6.579915978272765642e-02
7.452314698093687184e-02
8.435584285143704619e-02
9.534461390285287052e-02
1.075293433132173959e-01
1.209117477005747787e-01
1.354144500974143739e-01
1.508365205681911903e-01
1.621651853902221774e-01
1.455888754398984020e-01
1.307053608634305419e-01
1.172204874483213644e-01
1.049378935476852348e-01
9.374718569051765371e-02
8.360274018650670769e-02
7.449964074658055324e-02
6.645180152190732770e-02
5.947543899128504563e-02
5.357923860901792068e-02
4.876104762843169738e-02
4.500983243997325189e-02
4.231094081296760123e-02
4.065240381714829709e-02
4.003011272288858891e-02
4.045023837898042984e-02
4.192819869422237389e-02
4.448466284793539671e-02
4.814020135199825745e-02
5.291085765838943189e-02
5.880676962078723591e-02
6.583488267006032402e-02
7.400493249133432982e-02
8.333577253688417841e-02
9.385751377976703225e-02
1.056045634509246156e-01
1.185959638046369946e-01
1.328024107529017783e-01
1.481033979052881477e-01
1.642420490757103835e-01
4.895196432562443078e-02
4.750284562987872050e-02
4.597202586955972947e-02
4.449373471470607910e-02
4.315286110431770794e-02
4.199278354917623801e-02
4.102603414594341302e-02
4.024492787357303314e-02
3.963031447983667022e-02
3.915776683788863011e-02
3.880144029881194001e-02
3.853632786831440171e-02
3.833970435152878053e-02
3.819232483783707721e-02
3.807963644158007810e-02
3.799300562923235702e-02
3.793082087076982134e-02
3.789923431713759783e-02
3.791220445646104054e-02
3.799034522398869740e-02
3.815795541549960035e-02
3.843764992097931099e-02
3.884240624893209315e-02
3.936566858919832157e-02
3.997127986440318637e-02
4.058615118628949858e-02
4.109924176577806065e-02
4.137015987475933798e-02
4.124926657323157997e-02
4.060862005826493260e-02
3.937996353101880231e-02
4.209610793805040885e-02
4.135677910471713403e-02
4.043270376405416755e-02
3.947074550706020091e-02
3.856235896091675386e-02
3.775220009356416995e-02
3.705125032138312235e-02
3.645076420525583671e-02
3.593425541657779831e-02
3.548599359237414319e-02
3.509566024149535224e-02
3.475967647136712912e-02
3.448016105267015519e-02
3.426258178660646081e-02
3.411308087288489332e-02
3.403628839259909000e-02
3.403423249619663693e-02
3.410667786010890268e-02
3.425282475473068189e-02
3.447378782220766880e-02
3.477476280795599450e-02
3.516549739106267225e-02
3.565783343810835504e-02
3.625983584515779512e-02
3.696726269390637754e-02
3.775459616690568510e-02
3.856900480195690761e-02
3.933096011087400257e-02
3.994438606832773075e-02
4.031716771714854985e-02
4.038994675761387043e-02
3.858362030223361216e-02
3.796447551212622784e-02
3.710722804407851072e-02
3.617397459856874775e-02
3.526726687050540932e-02
3.443863318716466893e-02
3.370267466198129114e-02
3.305258883210626664e-02
3.247381995242903940e-02
3.195386900279117981e-02
3.148762288310535951e-02
3.107860967611486558e-02
3.073720680640690261e-02
3.047706054439913714e-02
3.031097025541384937e-02
3.024734011341934092e-02
3.028810047453589505e-02
3.042868142711085966e-02
3.066017017772537656e-02
3.097317861465853639e-02
3.136229602205276024e-02
3.182953688792622415e-02
3.238514071745157707e-02
3.304462787309603300e-02
3.382216255613457179e-02
3.472173553382162936e-02
3.572903495705759269e-02
3.680756697394826915e-02
3.790222466977866134e-02
3.895194343522234703e-02
3.991060595581075177e-02
3.695027816502260976e-02
3.609606102600082522e-02
3.500266288210696075e-02
3.383937667967984453e-02
3.271484232573129702e-02
3.168523609019757714e-02
3.076837992557557300e-02
2.995946956434636377e-02
2.924498165157274343e-02
2.861270051653264090e-02
2.805720697870128788e-02
2.758126767366775312e-02
2.719418852939270437e-02
2.690840407558425795e-02
2.673550872714258730e-02
2.668276450913253939e-02
2.675091397395590320e-02
2.693388142506591976e-02
2.722059249481389998e-02
2.759864320250926539e-02
2.805895529854751658e-02
2.860004033846053062e-02
2.923029196153947851e-02
2.996703170265391236e-02
3.083191000769147649e-02
3.184352632251830073e-02
3.300942380292326561e-02
3.432046263151278254e-02
3.575055161491036415e-02
3.726366105911438353e-02
3.882807355648765224e-02
3.619321808037057053e-02
3.492466574243735522e-02
3.346207723916450050e-02
3.196853085319162346e-02
3.054891600004339125e-02
2.925782696183887310e-02
2.811305897012061905e-02
2.711049521167296916e-02
2.623710358420794364e-02
2.548015831052907743e-02
2.483222218324954156e-02
2.429246591600531247e-02
2.386543428292497993e-02
2.355844648627680726e-02
2.337861601517943200e-02
2.333023699429759290e-02
2.341306633388740011e-02
2.362189704217598774e-02
2.394766810812143376e-02
2.438005014118971303e-02
2.491104893670126330e-02
2.553870118481427198e-02
2.626964481078175595e-02
2.711940361496090190e-02
2.810975555075856391e-02
2.926348456094274297e-02
3.059788777773064794e-02
3.211924099241514341e-02
3.382065073265039246e-02
3.568510937384417048e-02
3.769418245747147012e-02
3.575877134244365152e-02
3.400968828464101534e-02
3.214625442342367023e-02
3.031149295384238940e-02
2.859619875380303711e-02
2.704656284913653508e-02
2.567656897554115858e-02
2.448127041679981630e-02
2.344801519757311326e-02
2.256409101755707525e-02
2.182061629173404071e-02
2.121344803890679032e-02
2.074226889453711919e-02
2.040890825446695089e-02
2.021561651781667024e-02
2.016364587143470999e-02
2.025229353967006318e-02
2.047852070609224029e-02
2.083731641141639557e-02
2.132293045724509284e-02
2.193091985100181773e-02
2.266061954014730873e-02
2.351730106784089003e-02
2.451314339941745857e-02
2.566630861110752448e-02
2.699797577042772900e-02
2.852794685077242320e-02
3.027016707437724108e-02
3.222986876062350348e-02
3.440382985809264937e-02
3.678441247029695660e-02
3.544496053291368298e-02
3.320789046847494319e-02
3.095662356645334512e-02
2.880353912587452214e-02
2.681764656699670013e-02
2.503174320372636430e-02
2.345325116402818821e-02
2.207533500222780276e-02
2.088584803277626634e-02
1.987298194217146374e-02
1.902774958762165625e-02
1.834423943364527076e-02
1.781881294482445810e-02
1.744917692121816799e-02
1.723377469897968695e-02
1.717151098637259565e-02
1.726159084864775650e-02
1.750331836774421390e-02
1.789589457621332258e-02
1.843846476367616560e-02
1.913067567693360616e-02
1.997383176785660908e-02
2.097239277827611659e-02
2.213525824208772974e-02
2.347616797851515003e-02
2.501274151563848136e-02
2.676413597964710789e-02
2.874786756729008630e-02
3.097677736604964593e-02
3.345722358062630519e-02
3.618925427599606337e-02
3.526599808901664801e-02
3.255405418349255342e-02
2.993493128451518714e-02
2.748495357809588313e-02
2.524789220115053467e-02
2.324117282842053100e-02
2.146466598787810653e-02
1.990928719533258118e-02
1.856348877845448442e-02
1.741688963011256419e-02
1.646138349315151572e-02
1.569071715493919328e-02
1.509966564844944514e-02
1.468358474812703207e-02
1.443858975835610181e-02
1.436211472719151061e-02
1.445338930716388859e-02
1.471346042308141477e-02
1.514468725872575305e-02
1.574999709737312514e-02
1.653236562196980231e-02
1.749494101022719406e-02
1.864192920038476586e-02
1.997997198668599594e-02
2.151943288299662527e-02
2.327491144296800485e-02
2.526449781180417631e-02
2.750767218003602466e-02
3.002220093821961200e-02
3.282071589455881622e-02
3.590773041105421726e-02
3.532382873345341068e-02
3.215008964980370365e-02
2.917201814852887765e-02
2.642981004100874998e-02
2.394282961176941171e-02
2.171417184945312329e-02
1.973690721933962777e-02
1.799997375928796828e-02
1.649231868213973939e-02
1.520481448096688837e-02
1.413033672361052595e-02
1.326290161523502320e-02
1.259682527597760782e-02
1.212653376205707900e-02
1.184713212205679156e-02
1.175538276584120467e-02
1.185052799337427132e-02
1.213448166345187929e-02
1.261125269775220659e-02
1.328585598093923181e-02
1.416325177524413448e-02
1.524788160531898029e-02
1.654414907716272864e-02
1.805776837682060432e-02
1.979750773716659751e-02
2.177656168532848824e-02
2.401277265471435385e-02
2.652717245291569270e-02
2.934072754942462780e-02
3.246963095170940505e-02
3.591986099490895867e-02
3.571755949815269560e-02
3.208850942974095233e-02
2.874652864193194546e-02
2.569975900405552238e-02
2.294717007680446841e-02
2.048072799152578227e-02
1.828866523646865971e-02
1.635861898830626160e-02
1.467972037426079623e-02
1.324330472925794311e-02
1.204249913280364126e-02
1.107131639582803473e-02
1.032394849244155921e-02
9.794696336030028760e-03
9.478587351622991264e-03
9.372353939397726208e-03
9.475264341745059937e-03
9.789365085453027859e-03
1.031897466600639746e-02
1.106962735866545700e-02
1.204695876549521927e-02
1.325609323430398945e-02
1.470194386638468131e-02
1.639047240314539522e-02
1.833051428911858238e-02
2.053543248075584415e-02
2.302370606412296183e-02
2.581767962328740396e-02
2.894005646976438584e-02
3.240823452597396681e-02
3.622711223852093099e-02
3.650186065351590514e-02
3.241878579865442589e-02
2.869953995468677022e-02
2.532654431342962198e-02
2.228389435549615882e-02
1.955652051765355282e-02
1.713022128024022095e-02
1.499214051727904007e-02
1.313119416590780020e-02
1.153813147539040074e-02
1.020519551093457267e-02
9.125608918111538514e-03
8.293201037304243073e-03
7.702414488448994234e-03
7.348729552177246660e-03
7.229310576803982258e-03
7.343557663261890411e-03
7.693258812651038170e-03
8.282214166683843359e-03
9.115460583416279405e-03
1.019843794711050577e-02
1.153654749941779301e-02
1.313544121876475401e-02
1.500212856990401633e-02
1.714659656136063859e-02
1.958330461820878554e-02
2.233168566090171225e-02
2.541480859690636862e-02
2.885562487426795997e-02
3.267070982747100061e-02
3.686202310109365499e-02
3.768723648317973129e-02
3.314956163740134798e-02
2.903826743204263039e-02
2.531676858779974282e-02
2.195966926956316456e-02
1.894861465916619636e-02
1.626907019817736000e-02
1.390836927748750895e-02
1.185487843395094387e-02
1.009787366638192907e-02
8.627714436443056911e-03
7.436041571054374799e-03
6.515902452520094812e-03
5.861835383257130161e-03
5.469972238643094897e-03
5.338167298759799451e-03
5.466096197778824717e-03
5.855220129888039082e-03
6.508553778985515237e-03
7.430276298691751435e-03
8.625348382338415831e-03
1.009938175775459968e-02
1.185897966024640482e-02
1.391261793469311669e-02
1.627186556652304716e-02
1.895245165906089824e-02
2.197443772274709772e-02
2.536069030429644044e-02
2.913301034095638897e-02
3.330568103046971373e-02
3.787681408630305668e-02
3.926386966850259341e-02
3.427050332174985670e-02
2.975491985489497893e-02
2.566727955490932800e-02
2.197679232267546467e-02
1.866436215277644806e-02
1.571639097528532147e-02
1.312076477915979922e-02
1.086511508765397593e-02
8.936813959735445678e-03
7.323869074753019959e-03
6.015954004396917298e-03
5.005076203815406188e-03
4.285734437871724367e-03
3.854670081636868417e-03
3.710449735081056133e-03
3.853084661386674270e-03
4.283800099074142054e-03
5.004950442526023835e-03
6.020028016791911796e-03
7.333732821280136704e-03
8.952137810410931706e-03
1.088303065262152813e-02
1.313648951690993272e-02
1.572560402200906537e-02
1.866702514962526038e-02
2.198078077708487399e-02
2.568863797205267474e-02
2.981033647120057140e-02
3.435732251273293514e-02
3.932415974304603878e-02
4.122869979255483486e-02
3.577638482602196746e-02
3.084643074180348776e-02
2.637999165381188504e-02
2.234327058249618858e-02
1.871745178505079821e-02
1.549010385497240350e-02
1.264958791216486134e-02
1.018273794761626050e-02
8.075097954133525491e-03
6.312508077826350927e-03
4.882856210315367207e-03
3.777184938371647149e-03
2.989872773468960077e-03
2.518072924431180581e-03
2.360843045607907698e-03
2.518408760806778446e-03
2.991824789205566049e-03
3.783064890740206465e-03
4.895378751825774089e-03
6.333705845463555306e-03
8.105000855721300468e-03
1.021845796276465990e-02
1.268570944375824183e-02
1.552104307484114543e-02
1.874151246556721162e-02
2.236654483567690477e-02
2.641640239016851410e-02
3.090877788781654090e-02
3.585298362668254413e-02
4.124169479655392934e-02
4.360113987786462530e-02
3.768127562943845987e-02
3.232566484803101048e-02
2.746942116573336534e-02
2.307669251968036406e-02
1.912867616920266300e-02
1.561340811895206571e-02
1.251919436617754400e-02
9.832008916418999434e-03
7.535974895290564746e-03
5.615435402432922274e-03
4.057139762153383344e-03
2.851549797924235463e-03
1.992947949474910274e-03
1.478621368733001873e-03
1.307716349401744083e-03
1.480358128901571035e-03
1.997369250602787361e-03
2.860582455468829721e-03
4.073471522133331746e-03
5.641741590807214379e-03
7.573621791379991919e-03
9.879828721750527620e-03
1.257335211266763508e-02
1.566926668056112248e-02
1.918461363129608799e-02
2.313807312384597026e-02
2.754880381871771533e-02
3.243361728527816013e-02
3.780174085113685578e-02
4.364688562964147422e-02
4.642249346579774283e-02
4.001897372290841304e-02
3.422161745766061358e-02
2.896188400700339116e-02
2.420213137156679295e-02
1.992263094871304929e-02
1.611064245662419125e-02
1.275353332312079147e-02
9.836211276706308126e-03
7.341821183217689395e-03
5.254027535556815565e-03
3.559270771802403033e-03
2.247969001473393291e-03
1.314413886575493962e-03
7.557498574897181243e-04
5.707481723220553249e-04
7.590223649458494037e-04
1.320988718362059444e-03
2.258460412122076377e-03
3.575467624614248052e-03
5.278840213577495888e-03
7.378274603979662061e-03
9.885914008918916807e-03
1.281575032771797851e-02
1.618321426030888688e-02
2.000513198981934693e-02
2.429980744636850432e-02
2.908651676807494368e-02
3.438339392232592218e-02
4.020270149158022832e-02
4.654295924592588563e-02
4.974321417103055865e-02
4.283325558208161965e-02
3.657190562080359086e-02
3.088957216459675692e-02
2.574728236504597589e-02
2.112354384735226631e-02
1.700357390654971823e-02
1.337277905258815736e-02
1.021457975730299950e-02
7.511349576816428453e-03
5.246687243925407529e-03
3.407417192647699267e-03
1.984399903449229896e-03
9.720658563310280442e-04
3.672146922326646745e-04
1.678641092439647764e-04
3.727626244653947651e-04
9.817429745453409851e-04
1.996634302486199886e-03
3.422183395741740242e-03
5.266464799206005409e-03
7.540558031905675307e-03
1.025768661202164367e-02
1.343232331782928668e-02
1.707981006074987818e-02
2.121673794681555592e-02
2.586178495948843192e-02
3.103609664140094537e-02
3.676189667930884752e-02
4.305803539500629995e-02
4.993171526984951925e-02
5.360721653050859459e-02
4.616536862886277959e-02
3.941344305349048227e-02
3.328413093913695775e-02
2.773845420233556069e-02
2.275308247772045434e-02
1.831041374680353329e-02
1.439302349899662659e-02
1.098226408794289455e-02
8.059579697146546096e-03
5.608685074548702687e-03
3.617113892687484622e-03
2.076439166557975113e-03
9.813242504606023431e-04
3.281383578723762184e-04
1.139662890636827797e-04
3.365341144672129303e-04
9.950347157428041101e-04
2.091353686410002410e-03
3.631002316978992894e-03
5.623222161375451833e-03
8.080173221969744191e-03
1.101562867916072719e-02
1.444392509438330308e-02
1.837987882026936859e-02
2.283991982403676957e-02
2.784397125287796371e-02
3.341684886254370213e-02
3.958749724733934272e-02
4.638445271848468110e-02
5.382660161740204785e-02
5.804230745707172900e-02
5.004580129025271162e-02
4.277638394341920502e-02
3.617309390028822236e-02
3.019935983320465311e-02
2.483103677150211297e-02
2.004776926332851872e-02
1.582886299729580060e-02
1.215303548815427348e-02
9.000335085147526115e-03
6.354311997711192816e-03
4.203092554234899580e-03
2.538938853831496090e-03
1.356761797069339082e-03
6.525255193992052227e-04
4.224304575473070145e-04
6.632723125221673399e-04
1.373734099615830928e-03
2.555879131250549108e-03
4.216010238451417536e-03
6.364385684719309211e-03
9.013877541292458773e-03
1.217827374057378620e-02
1.587122508135507815e-02
2.010668920411262661e-02
2.490105882134230342e-02
3.027624495734926313e-02
3.626209377944178414e-02
4.289603234974492807e-02
5.021802014198328834e-02
5.825977373569912743e-02
6.306152868637582287e-02
5.449385480824275874e-02
4.668345940081053413e-02
3.957994911615969613e-02
3.315232416207436472e-02
2.737763862751307897e-02
2.223375448375009000e-02
1.769687481646542437e-02
1.374273875990184024e-02
1.034941958641866222e-02
7.499705017835367471e-03
5.181834840186638758e-03
3.388468438060954213e-03
2.114669612637953833e-03
1.356080578261753544e-03
1.108231619582511485e-03
1.367273176583694294e-03
2.131663735781330615e-03
3.403852941119112074e-03
5.191006544919218868e-03
7.504299475840525702e-03
1.035706833135918714e-02
1.376279627220355906e-02
1.773418861557729542e-02
2.228427516274678055e-02
2.742962589763919823e-02
3.319462182662391569e-02
3.961471896400325932e-02
4.673618120250466745e-02
5.461007556550612208e-02
6.327949218575668056e-02
6.867429789053858258e-02
5.952413279010215774e-02
5.115364696030155756e-02
4.352639269927749410e-02
3.662004207581048831e-02
3.041529827896738425e-02
2.488984315641573630e-02
2.001751888019498438e-02
1.577110677681048401e-02
1.212624075196799822e-02
9.064262616448104382e-03
6.572863494511693716e-03
4.644628384994575754e-03
3.274574333772761747e-03
2.458086437400197610e-03
2.190283397794701159e-03
2.467016609443817288e-03
3.286845989350695163e-03
4.652838120819069445e-03
6.573128091986291111e-03
9.059819141839398071e-03
1.212670038876240142e-02
1.578701143080252223e-02
2.005271347843518015e-02
2.493626180148567073e-02
3.045480727087124251e-02
3.663542754111404065e-02
4.351889084500726312e-02
5.115904296326334588e-02
5.961541874239628669e-02
6.893812814632838126e-02
7.490141163725638762e-02
6.515579824190353975e-02
5.620723541505867615e-02
4.803458680908079259e-02
4.062614014765131287e-02
3.396826129028340802e-02
2.804011173066101037e-02
2.281422125452081673e-02
1.826078276280895807e-02
1.435278822827967815e-02
1.106957967203925364e-02
8.397651254199445248e-03
6.328988427412696183e-03
4.858285268710460514e-03
3.980663394031580538e-03
3.691020901896990836e-03
3.985179173469077796e-03
4.862034871621290222e-03
6.325413418380776420e-03
8.384483651752816513e-03
1.105235135401017033e-02
1.434346608948544599e-02
1.827126210446294863e-02
2.284764475734846201e-02
2.808531013215542771e-02
3.400265131858759560e-02
4.062951464766229037e-02
4.801093939386191778e-02
5.620566710786079057e-02
6.527695906515873503e-02
7.527497236515046097e-02
8.178601994950440712e-02
7.141948340722592548e-02
6.186931069532874972e-02
5.312801684340229258e-02
4.519420964425080456e-02
3.806052692743833177e-02
3.170859639794798568e-02
2.611054004228208214e-02
2.123449416467337869e-02
1.705087931622983888e-02
1.353673599805915728e-02
1.067687739487155341e-02
8.462230864097364247e-03
6.886880495585501194e-03
5.945609180344035849e-03
5.633175376715371385e-03
5.945495940977707505e-03
6.881869641802040860e-03
8.446842970442958176e-03
1.065053080310462974e-02
1.350704044671147130e-02
1.703173011628678069e-02
2.123885009314108174e-02
2.614122752129333094e-02
3.175293124149902724e-02
3.809446221384860110e-02
4.519845123286359012e-02
5.311269892808923032e-02
6.189720132533693686e-02
7.161276027181884274e-02
8.230079357508657267e-02
8.939393555374408606e-02
7.835790209719561972e-02
6.816994366818107665e-02
5.883094952514511533e-02
5.034654055634746328e-02
4.271404703831649385e-02
3.591720651093055494e-02
2.992801533764577471e-02
2.471297367446823046e-02
2.024017683652346022e-02
1.648433382797520608e-02
1.342833982926094905e-02
1.106176960456650704e-02
9.377880793181248009e-03
8.371040141355479136e-03
8.035890143219148740e-03
8.368466467800317332e-03
9.368385966809000820e-03
1.104068443601136096e-02
1.339610460854601115e-02
1.644950740046624560e-02
2.021718883224821184e-02
2.471467084615142085e-02
2.995659362568403594e-02
3.595950737326347735e-02
4.274688731493370142e-02
5.035411003882472869e-02
5.883005405848962255e-02
6.823196853929403005e-02
7.861146850427758181e-02
8.999176628094573971e-02
9.780014042917173356e-02
8.601851400635496248e-02
7.514078457461437210e-02
6.516733129683416337e-02
5.610424691985826939e-02
4.794944657260202803e-02
4.068672500216052867e-02
3.428731996609712951e-02
2.871620821315445937e-02
2.393948232202092186e-02
1.992974392851465382e-02
1.666801243845839053e-02
1.414243838371476158e-02
1.234538640710525215e-02
1.127081949380226433e-02
1.091334082229877822e-02
1.126914830820169300e-02
1.233806705567985773e-02
1.412528464061324485e-02
1.664163625719083939e-02
1.990215234400238842e-02
2.392364814659231342e-02
2.872286453748529311e-02
3.431663648007088341e-02
4.072466125217033550e-02
4.797393304761499166e-02
5.610237052496813703e-02
6.515824592952412786e-02
7.519222745395381935e-02
8.624033526575658470e-02
9.829858635748678353e-02
1.070625297252263408e-01
9.443877250487275887e-02
8.280841794294246938e-02
7.215948719385778531e-02
6.248922512531862594e-02
5.378978972657932900e-02
4.604146134442999028e-02
3.921327526404638775e-02
3.326855825798702426e-02
2.817185181629611179e-02
2.389416879304917529e-02
2.041500530322082341e-02
1.772126486321212724e-02
1.580453015048988163e-02
1.465850963722914457e-02
1.427797802898567170e-02
1.465948636723624077e-02
1.580309488235798199e-02
1.771387790176959243e-02
2.040216745444922708e-02
2.388232476914708968e-02
2.817079781198117416e-02
3.328483660698111635e-02
3.924308389468933456e-02
4.606828476062219124e-02
5.379086629363882821e-02
6.245071887587982928e-02
7.209382169912714744e-02
8.276085324541782029e-02
9.446670620855002198e-02
1.071725108049577102e-01
1.171873404382495210e-01
1.036257979158108355e-01
9.118445423700904939e-02
7.982534875918645412e-02
6.952589879620063584e-02
6.026490743352042045e-02
5.201486040459712967e-02
4.474097219281247817e-02
3.840502641833154485e-02
3.297091704007470980e-02
2.840907454810803756e-02
2.469821488193701953e-02
2.182441238801402505e-02
1.977869121583353262e-02
1.855471290400600992e-02
1.814771868703246582e-02
1.855497014912543818e-02
1.977704546152381226e-02
2.181893226952524856e-02
2.469010098684520926e-02
2.840348364406963810e-02
3.297411481798917521e-02
3.841861434375459794e-02
4.475638312578666955e-02
5.201232132731092861e-02
6.021943229188764235e-02
6.941843700224126223e-02
7.965114055969024776e-02
9.094514322441682452e-02
1.032895935604756232e-01
1.166045613545065862e-01
1.280926038471079664e-01
1.135327301144570811e-01
1.002515342916012742e-01
8.817121136780770030e-02
7.723833624368126038e-02
6.741106360823323485e-02
5.865047884071827866e-02
5.091733682638732716e-02
4.417310971439292189e-02
3.838303190241276752e-02
3.351882606693834532e-02
2.955971276060154196e-02
2.649155500512279104e-02
2.430497084606031422e-02
2.299357937044987921e-02
2.255321182201441843e-02
2.298219600561424159e-02
2.428215266627375968e-02
2.645849343753070571e-02
2.952010850822262000e-02
3.347839971502253320e-02
3.834646327777591068e-02
4.413940622725931462e-02
5.087626014119450701e-02
5.858278896357660415e-02
6.729309375259617809e-02
7.704691094568261178e-02
8.787947034215903841e-02
9.980204975909146015e-02
1.127738165992013819e-01
1.266686147700966103e-01
1.395763490245371941e-01
1.240341129669104703e-01
1.099442252398148412e-01
9.717657824148773216e-02
8.563771917579288129e-02
7.526003801285696682e-02
6.599202137658721767e-02
5.779178413104091305e-02
5.062402221301454119e-02
4.445922867489571217e-02
3.927367595133546274e-02
3.504911983873171266e-02
3.177195283387845848e-02
2.943217263600672595e-02
2.802272361623181496e-02
2.753951145496102981e-02
2.798190008797973860e-02
2.935313744455925189e-02
3.166015513852471486e-02
3.491261380077048671e-02
3.912168392616877099e-02
4.429949491441220744e-02
5.046009274519747123e-02
5.762195859642815776e-02
6.581084283970994875e-02
7.506031990760675399e-02
8.540671026366908336e-02
9.687538011894503143e-02
1.094571445419205702e-01
1.230763193439088354e-01
1.375552161744053592e-01
1.512956773567566415e-01
1.349031223644487909e-01
1.201250275298662018e-01
1.067694336579734227e-01
9.469727762007096317e-02
8.381407063279766589e-02
7.405861371807986870e-02
6.539213684663991444e-02
5.778957639267900959e-02
5.123338281555334106e-02
4.570953542133793235e-02
4.120528980820381548e-02
3.770832204281759914e-02
3.520706704512122087e-02
3.369199458575167228e-02
3.315733317140256986e-02
3.360253713253769092e-02
3.503278918560681632e-02
3.745819776395364897e-02
4.089197191933635622e-02
4.534849097854021238e-02
5.084244874979049200e-02
5.738986553114955314e-02
6.501069614114385331e-02
7.373128856943367282e-02
8.358363270781410392e-02
9.459781612804363249e-02
1.067848589232198719e-01
1.201092578594398219e-01
1.344537421823588375e-01
1.495821417115621443e-01
1.627617495178128593e-01
1.457945379452212364e-01
1.305584553247172153e-01
1.167942115525875124e-01
1.043165107166714733e-01
9.300824730780732352e-02
8.280681891574204201e-02
7.368732002942124382e-02
6.564624629390891641e-02
5.868805845238966867e-02
5.281582390853145625e-02
4.802628141351306112e-02
4.430901629984873580e-02
4.164889078401756706e-02
4.003043716056708945e-02
3.944265214431652566e-02
3.988267142449331004e-02
4.135724170009780210e-02
4.388171471600799123e-02
4.747723279797355644e-02
5.216751012449094560e-02
5.797676078418589896e-02
6.492969134887971450e-02
7.305312079097348033e-02
8.237714569168019807e-02
9.293244801256150822e-02
1.047400231759638700e-01
1.177907124274497619e-01
1.320144619703569333e-01
1.472427103799418546e-01
1.631707940173328097e-01
4.617018249609827762e-02
4.548160853664739989e-02
4.456434330586489523e-02
4.355444897601046250e-02
4.254479484916373622e-02
4.159372214871837059e-02
4.073577308554376941e-02
3.999109704545844579e-02
3.937148438035364961e-02
3.888259041013952810e-02
3.852330294375860831e-02
3.828402464387181681e-02
3.814576726063023671e-02
3.808144934646406909e-02
3.805989789725572336e-02
3.805206682181960787e-02
3.803814278762729373e-02
3.801371638019190868e-02
3.799311372131342068e-02
3.800835105948863202e-02
3.810294286631688010e-02
3.832088716171710985e-02
3.869243458711935091e-02
3.921949737082286447e-02
3.986448152932098310e-02
4.054659939924931678e-02
4.114906257473194273e-02
4.153883802860036667e-02
4.159804107916897919e-02
4.126295029209359200e-02
4.056377552444700996e-02
4.039471281157602789e-02
4.020714295620564371e-02
3.972365822755818954e-02
3.908638756183790974e-02
3.839079653880617116e-02
3.769405147068027873e-02
3.702688126031716820e-02
3.640522120167588582e-02
3.583902093669166788e-02
3.533709096154780127e-02
3.490824233722378267e-02
3.455995206240913831e-02
3.429616570065263659e-02
3.411570899697835557e-02
3.401225812194752507e-02
3.397616141955950297e-02
3.399775738535026903e-02
3.407133385007909965e-02
3.419857393646452692e-02
3.439026631349406671e-02
3.466525586100033252e-02
3.504611948073943495e-02
3.555185299774166197e-02
3.618887005995929940e-02
3.694263598163161078e-02
3.777295345003039984e-02
3.861597367699687311e-02
3.939514005355704285e-02
4.004147097725763160e-02
4.052110142856690800e-02
4.086538810224737972e-02
3.757603990652569337e-02
3.733326412111637183e-02
3.678190832215477712e-02
3.607144914167292882e-02
3.530266411416960182e-02
3.453518606147554237e-02
3.379937076078931568e-02
3.310871407120430376e-02
3.247001251020265045e-02
3.188981593302742112e-02
3.137704198525170796e-02
3.094259461795445532e-02
3.059728964672103757e-02
3.034941769783472409e-02
3.020296877002692781e-02
3.015712859996710904e-02
3.020721257325931219e-02
3.034681441840803018e-02
3.057062455991399474e-02
3.087710261661413824e-02
3.127006565455303644e-02
3.175833476416300982e-02
3.235298336812775233e-02
3.306244407212943770e-02
3.388667560830072034e-02
3.481245993725679000e-02
3.581238384344942460e-02
3.684981171954859747e-02
3.789102662608456740e-02
3.892381057085003704e-02
3.997947187940553704e-02
3.639770420522836503e-02
3.577193924866151065e-02
3.487700683945149649e-02
3.386190521268872544e-02
3.282726006182201672e-02
3.183214482487528585e-02
3.090533881186274812e-02
3.005743729045207147e-02
2.929111298908537719e-02
2.860807577417290304e-02
2.801249552612716798e-02
2.751152213386376388e-02
2.711395206642919220e-02
2.682811545673757792e-02
2.665985116436786484e-02
2.661115951923420653e-02
2.667986413598555373e-02
2.686039454238198232e-02
2.714557713716203580e-02
2.752904508633946534e-02
2.800760869376972551e-02
2.858275965900247684e-02
2.926054657200438669e-02
3.004948821944708470e-02
3.095691649104992393e-02
3.198500614598742686e-02
3.312842475406796439e-02
3.437569337756940513e-02
3.571573929093574407e-02
3.714976406013192900e-02
3.870669316324892861e-02
3.596191732867737301e-02
3.479881307430332527e-02
3.344757062768621836e-02
3.204477950021100696e-02
3.068178864850779064e-02
2.941109807034081314e-02
2.825669474623282440e-02
2.722508909937459975e-02
2.631466484126576688e-02
2.552213201306585688e-02
2.484595974601688795e-02
2.428737527225166559e-02
2.384980701754102483e-02
2.353757791752286721e-02
2.335443389529245906e-02
2.330228509345033672e-02
2.338041208349750377e-02
2.358534945960855111e-02
2.391159388571395539e-02
2.435311664521577768e-02
2.490537906760437181e-02
2.556726193870417774e-02
2.634216223759722197e-02
2.723765115297283046e-02
2.826356885589120793e-02
2.942915164567239117e-02
3.074049114047738840e-02
3.220000173041626113e-02
3.380935623317782301e-02
3.557645521550512058e-02
3.752559229997132206e-02
3.577478408988099545e-02
3.403328878812317271e-02
3.221132506405410822e-02
3.042157784511800855e-02
2.873732803891471121e-02
2.719864660139137413e-02
2.582161403370264452e-02
2.460775507279322483e-02
2.355176778473833110e-02
2.264670510885480326e-02
2.188671977455669548e-02
2.126802440398023464e-02
2.078884017828386277e-02
2.044890510478580836e-02
2.024883265221433248e-02
2.018940022389870137e-02
2.027082805398094933e-02
2.049219818673009286e-02
2.085128404360148124e-02
2.134502681474259589e-02
2.197070256625011098e-02
2.272750238444132265e-02
2.361795561500912299e-02
2.464854576828656718e-02
2.582910656201420352e-02
2.717109113245896879e-02
2.868544367083813995e-02
3.038125549528558622e-02
3.226643856032751501e-02
3.435114760031865444e-02
3.665369770760662504e-02
3.565709551003237721e-02
3.335646275991166476e-02
3.109370761740137823e-02
2.894977393043518532e-02
2.697417056697304361e-02
2.519094732451776508e-02
2.360657209101191256e-02
2.221744072085130028e-02
2.101559657057805452e-02
1.999223310485831462e-02
1.913933836294745561e-02
1.845022801535378676e-02
1.791966347809648141e-02
1.754395184434542898e-02
1.732105417249840684e-02
1.725052315487118904e-02
1.733310371128027327e-02
1.757003364946285728e-02
1.796232197011704557e-02
1.851039319899427937e-02
1.921439323723461712e-02
2.007516428420785815e-02
2.109554229355126154e-02
2.228141049999976531e-02
2.364195841255423147e-02
2.518891405088652391e-02
2.693500203076837352e-02
2.889234427630071878e-02
3.107171127430774504e-02
3.348334174461342627e-02
3.613943684877085616e-02
3.562339977543160785e-02
3.280454250125330873e-02
3.013857941186870448e-02
2.767202389622980263e-02
2.542920115411106963e-02
2.341766373683640268e-02
2.163444255347712897e-02
2.007145034076529555e-02
1.871912115893792361e-02
1.756820487571530975e-02
1.661026762303663418e-02
1.583766008479869924e-02
1.524358618371479679e-02
1.482251054585503880e-02
1.457076304359361529e-02
1.448697376690688543e-02
1.457202160236192867e-02
1.482841878350882325e-02
1.525936974212527275e-02
1.586794273316627368e-02
1.665678559402294923e-02
1.762858035090175690e-02
1.878708714957610937e-02
2.013832408283633413e-02
2.169131388382083969e-02
2.345797576435870724e-02
2.545208071205706801e-02
2.768759303671686212e-02
3.017698419444059255e-02
3.293011964069592068e-02
3.595400803851589444e-02
3.576901432643353473e-02
3.247186689804948401e-02
2.942922829424787778e-02
2.665544860792579129e-02
2.415228615791420452e-02
2.191318071709247306e-02
1.992754411185160279e-02
1.818400458068936132e-02
1.667214518965920433e-02
1.538289034215267748e-02
1.430813251499785110e-02
1.344028599123703316e-02
1.277225682861171663e-02
1.229794412574847229e-02
1.201303395646391436e-02
1.191565722183440812e-02
1.200654667627532035e-02
1.228856127636390738e-02
1.276577468524919823e-02
1.344254057039506733e-02
1.432298031249956694e-02
1.541116837688605301e-02
1.671197279029001947e-02
1.823220434653194388e-02
1.998155073124507908e-02
2.197280429845704930e-02
2.422110705902014161e-02
2.674225631653825985e-02
2.955037922401970718e-02
3.265540633674390847e-02
3.606069779243625817e-02
3.619125447767146397e-02
3.244537084901821800e-02
2.903694779161014594e-02
2.595397374170715921e-02
2.318097724855761044e-02
2.070149730570847169e-02
1.850010720590944402e-02
1.656355700106360018e-02
1.488095129025168717e-02
1.344321945362025872e-02
1.224234998517204076e-02
1.127086209817207418e-02
1.052178728059516288e-02
9.989155325456522405e-03
9.668715181760489941e-03
9.558520170685369521e-03
9.659071292844600976e-03
9.972931455195066519e-03
1.050397779363265727e-02
1.125663203310978133e-02
1.223544677122845314e-02
1.344528059780714102e-02
1.489204443169001024e-02
1.658374676662788261e-02
1.853138923706865171e-02
2.074925413398887031e-02
2.325423724050779128e-02
2.606410335556574864e-02
2.919476170882262522e-02
3.265680509502999485e-02
3.645162435896054376e-02
3.695338797479053028e-02
3.277667435031617060e-02
2.900113440409768373e-02
2.559574050974333659e-02
2.253408065007533878e-02
1.979448394922656007e-02
1.735959198776981793e-02
1.521555638100835495e-02
1.335106306578381918e-02
1.175641807640204206e-02
1.042290465193218552e-02
9.342557466879952699e-03
8.508340073603903875e-03
7.914592966699274257e-03
7.557510205515427515e-03
7.435409050231100991e-03
7.548657555162208155e-03
7.899278429249534383e-03
8.490397967761964537e-03
9.325799415819346905e-03
1.040981131154694594e-02
1.174765104042307939e-02
1.334615621635748539e-02
1.521467367092554923e-02
1.736576153416535817e-02
1.981533713478711434e-02
2.258196665752620902e-02
2.568510652963595930e-02
2.914223496463819174e-02
3.296493430480040843e-02
3.715409654341783607e-02
3.808404039591550827e-02
3.348450330304331146e-02
2.933380402100738138e-02
2.558890818909276277e-02
2.221806561283301562e-02
1.919833115243818611e-02
1.651270707588992082e-02
1.414764422952430323e-02
1.209130754796206020e-02
1.033271398409851827e-02
8.861614776833448559e-03
7.668857830140041187e-03
6.746919905708637089e-03
6.090335820772452280e-03
5.695849253243068233e-03
5.562239733990281820e-03
5.689910605724435300e-03
6.080401442886795849e-03
6.736027215083595365e-03
7.659796294319676235e-03
8.855675405357033014e-03
1.032915725591010414e-02
1.208798405968991574e-02
1.414282143196032848e-02
1.650765667545783799e-02
1.919970391281822231e-02
2.223861356105771847e-02
2.564480435012228554e-02
2.943673602203489281e-02
3.362699368062749272e-02
3.821715060985297896e-02
3.959564197430154309e-02
3.457274863831116818e-02
3.003582469318644144e-02
2.593523890755022876e-02
2.223774520825827494e-02
1.892150775165646337e-02
1.597108993883011863e-02
1.337360384059138596e-02
1.111655055865412578e-02
9.187279003526782617e-03
7.573574985144659877e-03
6.264717369049321860e-03
5.252407081570709124e-03
4.531185688392724842e-03
4.098256475117523223e-03
3.952862127334810793e-03
4.095525840966729447e-03
4.527470176981296390e-03
5.250430735031841323e-03
6.266918735491344705e-03
7.580823996249819174e-03
9.198152733006281778e-03
1.112767373888345901e-02
1.338130310796259437e-02
1.597413962917926256e-02
1.892410318941983860e-02
2.225112246378557757e-02
2.597571305341261905e-02
3.011667520331684500e-02
3.468756951497198315e-02
3.969168849471316207e-02
4.150458320145844482e-02
3.604923388775205240e-02
3.111262108359369449e-02
2.664191974690766074e-02
2.260416015997179784e-02
1.897923221622477286e-02
1.575324134682887234e-02
1.291373987260158174e-02
1.044741171426721849e-02
8.339945219631772488e-03
6.577281328645767644e-03
5.147256382770137861e-03
4.040824045659974217e-03
3.252427384722977877e-03
2.779527829261496663e-03
2.621627234475454316e-03
2.779272286716150120e-03
3.253458387916907668e-03
4.045636407681740820e-03
5.158266114449361339e-03
6.595651439056382515e-03
8.364717028598533943e-03
1.047546425616019405e-02
1.294099764345446602e-02
1.577718587213894352e-02
1.900209701125277206e-02
2.263528496769140474e-02
2.669679731297947001e-02
3.120552528525877278e-02
3.617632942405180074e-02
4.161538591870339587e-02
4.384143346760538407e-02
3.793552314164116979e-02
3.258195851958589628e-02
2.772649389589787461e-02
2.333655018810532056e-02
1.939293321265722625e-02
1.588226042076712474e-02
1.279178367985878140e-02
1.010715272786910646e-02
7.812670020939549431e-03
5.892987974220886827e-03
4.335058438300620764e-03
3.129429893306223676e-03
2.270477067213505507e-03
1.755682820657966658e-03
1.584460715093882754e-03
1.757106772856786847e-03
2.274328395287739113e-03
3.137492582027334720e-03
4.349408358393702656e-03
5.915256631851661950e-03
7.843252762540942058e-03
1.014478875367785804e-02
1.283406454786018003e-02
1.592743273067753762e-02
1.944276496396923903e-02
2.339900970036978833e-02
2.781580076407408342e-02
3.271259276789351134e-02
3.810651821822830243e-02
4.400813180291152094e-02
4.664821338155888952e-02
4.026553604126092978e-02
3.447264405622263439e-02
2.921488405991112813e-02
2.445940389952738769e-02
2.018641763061168604e-02
1.638148154961527325e-02
1.303046382963657379e-02
1.011762269627070054e-02
7.626179722137749195e-03
5.540190210012951866e-03
3.846461502689635381e-03
2.535638941481010988e-03
1.602160355105297640e-03
1.043329913954949006e-03
8.580962021369487047e-04
1.046155539370374754e-03
1.607762867934070528e-03
2.544272243540035561e-03
3.859089145407779142e-03
5.558556287724059075e-03
7.652350992430001497e-03
1.015322990315326024e-02
1.307628409631433897e-02
1.643809556117048487e-02
2.025623372537666000e-02
2.454929099803848658e-02
2.933722449597553350e-02
3.464129742314980831e-02
4.048255202997097513e-02
4.687773949171969434e-02
4.996724040029221214e-02
4.307689902270794846e-02
3.681775643781293184e-02
3.113595975082716905e-02
2.599794320485671051e-02
2.138198198008467443e-02
1.727105120153282769e-02
1.364848457160405815e-02
1.049663688172586262e-02
7.797759746608790010e-03
5.535826454433845356e-03
3.698115404404234141e-03
2.275826056575169787e-03
1.263620364625239745e-03
6.585002593055833131e-04
4.586675822793040425e-04
6.629422641708515584e-04
1.270976834348402917e-03
2.284122034325264394e-03
3.706480118125909939e-03
5.545619602344231680e-03
7.812594421920948662e-03
1.052125603928288911e-02
1.368721155995444860e-02
1.732698735759186093e-02
2.145789741189219058e-02
2.609876397946209181e-02
3.127108161424985155e-02
3.699966484873584704e-02
4.331145826108695474e-02
5.023123196860979078e-02
5.382969146739924327e-02
4.640163830845267512e-02
3.964767283105175011e-02
3.351680145715363324e-02
2.797529747840599157e-02
2.299903832317795604e-02
1.856750551451114006e-02
1.466060956227011047e-02
1.125822777248686180e-02
8.341467222635401413e-03
5.894357502256752923e-03
3.904923727532150224e-03
2.365160660701803863e-03
1.270059325179317966e-03
6.162810714158695191e-04
4.011694181826896966e-04
6.225723591342102736e-04
1.279522213735617697e-03
2.373412069573532790e-03
3.909073122486006469e-03
5.895214148040395230e-03
8.343987721673329361e-03
1.126988380383409094e-02
1.468852025573141873e-02
1.861603395809652284e-02
2.306956820575578604e-02
2.806885812060500029e-02
3.363823737345228437e-02
3.980780215078993933e-02
4.661215702981280629e-02
5.408533830268424936e-02
5.825102493690792471e-02
5.026171870122198015e-02
4.298679353087209165e-02
3.638113573106238618e-02
3.041268624656368047e-02
2.505572068912442774e-02
2.028628946209209971e-02
1.608054294047178701e-02
1.241543027208535932e-02
9.270526385080302134e-03
6.629665414948249236e-03
4.481490821490297094e-03
2.818739605572773144e-03
1.636717966903233901e-03
9.317583608208224177e-04
7.003985338087659329e-04
9.396218119945842773e-04
1.647990575293079019e-03
2.827084339514840394e-03
4.482519674638751894e-03
6.624032612307928503e-03
9.264558562790625729e-03
1.241875491359678563e-02
1.610176352733105887e-02
2.032902567225391977e-02
2.511758685614040587e-02
3.048864911943383049e-02
3.647036052643670700e-02
4.309922710945102153e-02
5.041833848372334614e-02
5.847095684293890372e-02
6.323610503386589698e-02
5.467139992470038123e-02
4.685488198447274044e-02
3.975080414238618687e-02
3.333157964880228974e-02
2.757182299319538288e-02
2.244523462286451831e-02
1.792457112969714217e-02
1.398371720279101282e-02
1.060030562075553462e-02
7.757479270367184654e-03
5.444054946565302089e-03
3.653195937658892944e-03
2.380364654527511448e-03
1.621567156689707190e-03
1.372670943965204060e-03
1.630024929909268394e-03
2.391986323345918208e-03
3.660548183688661084e-03
5.442232944915303960e-03
7.747774430754361674e-03
1.059071015879453626e-02
1.398559144581668079e-02
1.794682426771032624e-02
2.248903425970638636e-02
2.762926948707900010e-02
3.339050467366178054e-02
3.980504314313293435e-02
4.691584480224264553e-02
5.477377583520137705e-02
6.342937147201155312e-02
6.879170096726738848e-02
5.964454641798511147e-02
5.127118811287800781e-02
4.364823801006423309e-02
3.675554562869365327e-02
3.057056707621086389e-02
2.506643246306339279e-02
2.021348776179365814e-02
1.598282729537459090e-02
1.234990093507803977e-02
9.296639978856546804e-03
6.811454673879779875e-03
4.887460556346923113e-03
3.519999565469333902e-03
2.704687904042657465e-03
2.436839233268983662e-03
2.712392557441489771e-03
3.529755918862065300e-03
4.891560445685172454e-03
6.805391883972333744e-03
9.283070419769501314e-03
1.233879070787224919e-02
1.598707133962307125e-02
2.024172584788175300e-02
2.511678369046421722e-02
3.062952278014563490e-02
3.680474647262599319e-02
4.367850079870549962e-02
5.129892649165412877e-02
5.972210627533058869e-02
6.900163988120766589e-02
7.494037798824138008e-02
6.520270584951504134e-02
5.625837366824271157e-02
4.809768982886453159e-02
4.070995177244185470e-02
3.407760285699623637e-02
2.817504355334676802e-02
2.297146841738140211e-02
1.843577928229933605e-02
1.454126141834422015e-02
1.126826757172239013e-02
8.604275430116103962e-03
6.541863123857183382e-03
5.075922406831523404e-03
4.201546205877093598e-03
3.913521319191204384e-03
4.207492471323348582e-03
5.082051207864424214e-03
6.540578840940725058e-03
8.591825961048016325e-03
1.124884290038608015e-02
1.452673908715951256e-02
1.844042301490844693e-02
2.300369057957141194e-02
2.823059145885054022e-02
3.413906000969291199e-02
4.075561335048405454e-02
4.811894941121863667e-02
5.627986462059197947e-02
6.529531144042266533e-02
7.521557059862971073e-02
8.172896110772853717e-02
7.137971950214705430e-02
6.184394815500127152e-02
5.312430615958874114e-02
4.521948898036498576e-02
3.811770888205501251e-02
3.179574346359004267e-02
2.622264714955235831e-02
2.136578183490200900e-02
1.719648397192941047e-02
1.369338008225895464e-02
1.084266628095065244e-02
8.636004757136106491e-03
7.067551123327575624e-03
6.131725334853399545e-03
5.822742434247629717e-03
6.135943698609480634e-03
7.070068433677079156e-03
8.629173484223429114e-03
1.082311167010630015e-02
1.366622068962897174e-02
1.717481380364915822e-02
2.136477910426037852e-02
2.625073966919444501e-02
3.184766946833406109e-02
3.817475916002877057e-02
4.526003905630204827e-02
5.314329446355259279e-02
6.187452774247503839e-02
7.150585865383618511e-02
8.207620334087550873e-02
8.922667288788943551e-02
7.822036858851788566e-02
6.805866660943138413e-02
5.875194093096069992e-02
5.030538891878677532e-02
4.271160169810173102e-02
3.594940362381748855e-02
2.998793587539694272e-02
2.479338331977487542e-02
2.033537117313244380e-02
1.659082552214385942e-02
1.354452217492507771e-02
1.118701597442850471e-02
9.511579017271287739e-03
8.511891894158907235e-03
8.181578527000965551e-03
8.515628032910171896e-03
9.512780723525793292e-03
1.117751282799872570e-02
1.352048658372950740e-02
1.655713827494764701e-02
2.030506485789373983e-02
2.478158889061887749e-02
3.000296138998237438e-02
3.598600861914746929e-02
4.275180587683280464e-02
5.032964223937597126e-02
5.875859995012433501e-02
6.808397920576680917e-02
7.834667580755194649e-02
8.956534942990401760e-02
9.751150751981185749e-02
8.577287560729018878e-02
7.493285483724321239e-02
6.500160695577505976e-02
5.598487850147648714e-02
4.787575581940473057e-02
4.065299291323754005e-02
3.428495181651669554e-02
2.873647607702878304e-02
2.397558053417014889e-02
1.997760215454036370e-02
1.672593887633411214e-02
1.421004684016224928e-02
1.242235784229706042e-02
1.135591715501504950e-02
1.100388252052653115e-02
1.136094010871602222e-02
1.242570786234864499e-02
1.420274119845998939e-02
1.670301084050151985e-02
1.994254164856101852e-02
2.393989630581927486e-02
2.871386945480480790e-02
3.428276802696927916e-02
4.066591098853677977e-02
4.788670803191052983e-02
5.597536183267948218e-02
6.496843145669117803e-02
7.490260049689823063e-02
8.580115440963709261e-02
9.765363912583779893e-02
1.066468543867813423e-01
9.407672057750460226e-02
8.249191328468441498e-02
7.189180847308307420e-02
6.227418629350722767e-02
5.362659906131739262e-02
4.592405816401878837e-02
3.913232482227613218e-02
3.321428310664487071e-02
2.813632826655521058e-02
2.387239588642842136e-02
2.040469669373123907e-02
1.772175641599460505e-02
1.581536657249671407e-02
1.467820976176881231e-02
1.430328958485915791e-02
1.468523295443446841e-02
1.582257355403271504e-02
1.771968202956486493e-02
2.038727447143173777e-02
2.384122613693762105e-02
2.810036194023268763e-02
3.318449205471551977e-02
3.911387838434166042e-02
4.591050003637064947e-02
5.360020449825242395e-02
6.221360716153867543e-02
7.178297883183404338e-02
8.233275025577313500e-02
9.386270137792962487e-02
1.063251060040784068e-01
1.166526249980961438e-01
1.031475969593884656e-01
9.075116468375199474e-02
7.943988860643003136e-02
6.919367009868437890e-02
5.998741397525009234e-02
5.178805917967110872e-02
4.455670679271861445e-02
3.825373563267930876e-02
3.284414575864502694e-02
2.830091319628991187e-02
2.460543408778903540e-02
2.174555632882402278e-02
1.971264682288165204e-02
1.849930575735925231e-02
1.809875493381696288e-02
1.850595189171144739e-02
1.971960502669389825e-02
2.174388397543225437e-02
2.458889183435530867e-02
2.826970971000264399e-02
3.280466236537904479e-02
3.821390404937119456e-02
4.451921831696381560e-02
5.174503175203426508e-02
5.991939932482637232e-02
6.907264571964333300e-02
7.923100254356540972e-02
9.040329452272999333e-02
1.025604909868889081e-01
1.156103366861316317e-01
1.274758069012023043e-01
1.129606875711033354e-01
9.970851773323374800e-02
8.766107380688481499e-02
7.677072828118980397e-02
6.699317164202511776e-02
5.828377038596954662e-02
5.059792611245939042e-02
4.389402545348275453e-02
3.813682707550469786e-02
3.329945307086745743e-02
2.936318339925492182e-02
2.631544092946569435e-02
2.414714895894576330e-02
2.285077310989436228e-02
2.241984591273649130e-02
2.284993929242773447e-02
2.414033204513543751e-02
2.629535511914582457e-02
2.932469988536468009e-02
3.324265215815103147e-02
3.806688457643758738e-02
4.381770587042410625e-02
5.051827913393935887e-02
5.819535485716187395e-02
6.687888586020562798e-02
7.659803608930815244e-02
8.737109442199653131e-02
9.918790745541627984e-02
1.119855443243977788e-01
1.256204902683748514e-01
1.389648819204012398e-01
1.234326893545585335e-01
1.093323923596472014e-01
9.656065160379512236e-02
8.503476823898381554e-02
7.468710545435897075e-02
6.546058971980528440e-02
5.730648413737071678e-02
5.018403908979962580e-02
4.406080012995516881e-02
3.891239185031736270e-02
3.472124543441168498e-02
3.147454272584582213e-02
2.916219028884370346e-02
2.777565798896830529e-02
2.730808111846272368e-02
2.775538801142829470e-02
2.911772509924048791e-02
3.140038139099488035e-02
3.461378730753494892e-02
3.877277095853060018e-02
4.389574137894669548e-02
5.000448708597104996e-02
5.712468763158540241e-02
6.528617717776796781e-02
7.452090757897167350e-02
8.485596517766680336e-02
9.629939367187034804e-02
1.088181024074401648e-01
1.223095970499343821e-01
1.365719970394820848e-01
1.508517076572388760e-01
1.344030947266219300e-01
1.195430538891741890e-01
1.061158014326792909e-01
9.399980638954730239e-02
8.310422366321290610e-02
7.336301836585334968e-02
6.472900922199187335e-02
5.716877734630543273e-02
5.065851297877088655e-02
4.518057129462249577e-02
4.072064623869664501e-02
3.726575023210898507e-02
3.480332957133214222e-02
3.332168107135657920e-02
3.281145586697675753e-02
3.326761841526604258e-02
3.469105566819052910e-02
3.708922524583613267e-02
4.047573847765306709e-02
4.486935086879384471e-02
5.029313032537174877e-02
5.677433453820412979e-02
6.434470683552717674e-02
7.303974967271642527e-02
8.289452853023249190e-02
9.393326022336623282e-02
1.061507527588219091e-01
1.194857344498814200e-01
1.337888955965809146e-01
1.487913130438300868e-01
1.627438823497868725e-01
1.456165509271158953e-01
1.301881793760912842e-01
1.162471565603482304e-01
1.036343066261906642e-01
9.224115790311770979e-02
8.200171691078139702e-02
7.288122900354210287e-02
6.486454867626889609e-02
5.794585698549781227e-02
5.212077497708378360e-02
4.738142307814996457e-02
4.371458151217666455e-02
4.110269440752745140e-02
3.952700989248114638e-02
3.897176056398166111e-02
3.942811970136972377e-02
4.089685349754290655e-02
4.338913514402520377e-02
4.692571436316939071e-02
5.153523970966489287e-02
5.725268958258311613e-02
6.411839178645095672e-02
7.217707036215870176e-02
8.147511483684866107e-02
9.205335578417361830e-02
1.039326175100541150e-01
1.170905280309852969e-01
1.314304545949198655e-01
1.467464879647195630e-01
1.626912917340632703e-01
4.527597561627771938e-02
4.470095658871287014e-02
4.392762718907761155e-02
4.306467028891347582e-02
4.218311485783488024e-02
4.132832738105207682e-02
4.053215811791233136e-02
3.982156392430624692e-02
3.922182560518194805e-02
3.875454607441497501e-02
3.843236167404029402e-02
3.825326362539271940e-02
3.819742991072416771e-02
3.822856894021242624e-02
3.830031227516883519e-02
3.836655604345651227e-02
3.839332422694496927e-02
3.836897747214607080e-02
3.830968828174263763e-02
3.825796243245349615e-02
3.827354024906526320e-02
3.841789957027685887e-02
3.873547193802551192e-02
3.923613342294629547e-02
3.988414147977437096e-02
4.059817738857418590e-02
4.126541923244531063e-02
4.176977120584979275e-02
4.203098019718254363e-02
4.204805512472375995e-02
4.193799014774413081e-02
4.024974205822218210e-02
4.006105114967795089e-02
3.961875982713536359e-02
3.903590027857717359e-02
3.838628473658900475e-02
3.771502354175026994e-02
3.705059812909894390e-02
3.641486483866174240e-02
3.582879877194500295e-02
3.531353141352155944e-02
3.488777136044518556e-02
3.456365544843720272e-02
3.434326926526409807e-02
3.421759286902670283e-02
3.416867302121318062e-02
3.417472957971767755e-02
3.421694238886630046e-02
3.428607086061674636e-02
3.438692991949210409e-02
3.453911743008575286e-02
3.477318202135393221e-02
3.512253517624230881e-02
3.561264746826964256e-02
3.625019193509615434e-02
3.701551512040168745e-02
3.786185355647830875e-02
3.872386825162266177e-02
3.953632004549945123e-02
4.026126969449705939e-02
4.091952811461396777e-02
4.161984239863159019e-02
3.781933486152411206e-02
3.750206034055736382e-02
3.693238846790336538e-02
3.622821762473904528e-02
3.546756765172176529e-02
3.469741662865999388e-02
3.394489628681185422e-02
3.322749383187328931e-02
3.256006520859955344e-02
3.195792640417494113e-02
3.143657275359146297e-02
3.100940435524535133e-02
3.068507808802678483e-02
3.046583673949498916e-02
3.034758204921672586e-02
3.032178325247514294e-02
3.037872149070608430e-02
3.051118385019435664e-02
3.071755363953343476e-02
3.100331586119864369e-02
3.138028185867369757e-02
3.186333678559094551e-02
3.246520134666752710e-02
3.319046844285367115e-02
3.403087775950552896e-02
3.496415672816510778e-02
3.595856012998410733e-02
3.698431211591923784e-02
3.803152161526668351e-02
3.913209423376429186e-02
4.038116950653147796e-02
3.683019244454044383e-02
3.608327432993974071e-02
3.513574519365647575e-02
3.410307742524310015e-02
3.306193925709521864e-02
3.205768685984367039e-02
3.111437101142655592e-02
3.024430570258118678e-02
2.945525091490708292e-02
2.875447104088380001e-02
2.814996854067430831e-02
2.764983581801061518e-02
2.726082636127102887e-02
2.698706324281374691e-02
2.682942674891819479e-02
2.678579648363665910e-02
2.685204338558833115e-02
2.702351235802780138e-02
2.729663715308561223e-02
2.767027500658514327e-02
2.814631405817635823e-02
2.872918147750169737e-02
2.942411963340418879e-02
3.023454827552995994e-02
3.115941460873727920e-02
3.219196755526354536e-02
3.332161720368276292e-02
3.454020751678399392e-02
3.585305223941759323e-02
3.729356873691358487e-02
3.893863959206100844e-02
3.649275532188767102e-02
3.517936658590770094e-02
3.375472988500405336e-02
3.232140861291554756e-02
3.094636054265720304e-02
2.966762548385304399e-02
2.850310142457601614e-02
2.745893874998728279e-02
2.653600452504178975e-02
2.573388718883506954e-02
2.505273256429063622e-02
2.449361997241794597e-02
2.405821567845123354e-02
2.374822905676410301e-02
2.356491445607389323e-02
2.350868992834875826e-02
2.357890159692033194e-02
2.377381688802415738e-02
2.409095162147423252e-02
2.452777231337677222e-02
2.508261468028649688e-02
2.575546963180386228e-02
2.654820319412465324e-02
2.746395534586554277e-02
2.850589493391453288e-02
2.967607876325928373e-02
3.097562153857325029e-02
3.240746251526616106e-02
3.398251667772456130e-02
3.572893307682534214e-02
3.770278875617805170e-02
3.636959956747887190e-02
3.446194009848113637e-02
3.255350527797418181e-02
3.072435839021636639e-02
2.902418168923759367e-02
2.747860826639225706e-02
2.609681144895148464e-02
2.487840339381364174e-02
2.381855837120383512e-02
2.291118135326541960e-02
2.215052938481676392e-02
2.153193918820761610e-02
2.105216037853097077e-02
2.070951460882497486e-02
2.050383798450639006e-02
2.043609130760160042e-02
2.050763615807227325e-02
2.071939636516617611e-02
2.107127114231843734e-02
2.156214086880936520e-02
2.219056980902678333e-02
2.295596235853736289e-02
2.385965527128064423e-02
2.490539415703096893e-02
2.609892260716151213e-02
2.744694827924831770e-02
2.895629944259781041e-02
3.063441264794164454e-02
3.249212641503618215e-02
3.454904868999619794e-02
3.684066890127724037e-02
3.629890967749815900e-02
3.382851260721508879e-02
3.147254847863223404e-02
2.928267277820850722e-02
2.728689590003341436e-02
2.549573231408430729e-02
2.390860948253248353e-02
2.251910413360747043e-02
2.131841530353995040e-02
2.029724062231252901e-02
1.944666556482843589e-02
1.875870696494530421e-02
1.822689838991209399e-02
1.784691024295170791e-02
1.761694468586938456e-02
1.753760076280741487e-02
1.761112150870758342e-02
1.784024396965833148e-02
1.822712368175416486e-02
1.877284111378685338e-02
1.947776229826558847e-02
2.034263483437825926e-02
2.136992357372946572e-02
2.256472507860962651e-02
2.393476082943379879e-02
2.548939618873191648e-02
2.723820858591352589e-02
2.919004645764289307e-02
3.135357258088333765e-02
3.373984446534450399e-02
3.636663800625683507e-02
3.629113672468520235e-02
3.331138937028299551e-02
3.055257097730645910e-02
2.803685955223045312e-02
2.577027318329783157e-02
2.374848436193133239e-02
2.196195642682141624e-02
2.039948294441273902e-02
1.904997908604855184e-02
1.790299228559888434e-02
1.694869351013039704e-02
1.617799053201451898e-02
1.558306274637288880e-02
1.515817421750398353e-02
1.490036198447342031e-02
1.480957458625198342e-02
1.488808538670127746e-02
1.513936748415289912e-02
1.556690397865168052e-02
1.617348434956511483e-02
1.696133826408185996e-02
1.793306427953211823e-02
1.909291927677259082e-02
2.044780686719605001e-02
2.200738088868092746e-02
2.378305924366941326e-02
2.578625605565321166e-02
2.802659266080809175e-02
3.051098641390126431e-02
3.324425771234018612e-02
3.623126065849646693e-02
3.643255373935971875e-02
3.299532693017681595e-02
2.986803735620924272e-02
2.704676211942569353e-02
2.451884875335963443e-02
2.226798409174080007e-02
2.027789186831796542e-02
1.853423294596723281e-02
1.702491733885835856e-02
1.573949259545770474e-02
1.466840625653276220e-02
1.380273211907478981e-02
1.313455083436565474e-02
1.265776184300193563e-02
1.236885385333152954e-02
1.226718046564201359e-02
1.235454417837900110e-02
1.263423861928458791e-02
1.310999110137345269e-02
1.378531896534695989e-02
1.466363197141618002e-02
1.574906145106069744e-02
1.704762673762161285e-02
1.856812571259069955e-02
2.032218824933806900e-02
2.232324279566455516e-02
2.458458771070581861e-02
2.711716645671913284e-02
2.992780113254411845e-02
3.301846606154867914e-02
3.638671733915543882e-02
3.681762667474686168e-02
3.296203781610529404e-02
2.948437970189843327e-02
2.636095979687524959e-02
2.356605896420660429e-02
2.107573916873661801e-02
1.886992882646154612e-02
1.693281249754363671e-02
1.525201450203894638e-02
1.381729721106239595e-02
1.261948734827456065e-02
1.165006239170907065e-02
1.090145207490422763e-02
1.036775497777853161e-02
1.004540953181276564e-02
9.933417421052581631e-03
1.003297800343716517e-02
1.034669736691284925e-02
1.087777252723753918e-02
1.162957971064315643e-02
1.260592161634122021e-02
1.381186791149957571e-02
1.525481640419457108e-02
1.694522996513114776e-02
1.889656616003776435e-02
2.112419030800083419e-02
2.364342794589902041e-02
2.646723237057813094e-02
2.960404959321749629e-02
3.305631650437135249e-02
3.681965350006066728e-02
3.751691181241767481e-02
3.326616205595200881e-02
2.944159227990894578e-02
2.600706586235901341e-02
2.292995552852516994e-02
2.018325531389564276e-02
1.774594792732386850e-02
1.560208344744751230e-02
1.373922405036864802e-02
1.214693605652428232e-02
1.081582412734860554e-02
9.737306405440904200e-03
8.903990634280489758e-03
8.310294080729363486e-03
7.952895317430375144e-03
7.830737646145280451e-03
7.944567418235237710e-03
8.296230707856011577e-03
8.888101350748911500e-03
9.722973825773806311e-03
1.080454802104213741e-02
1.213835840735555394e-02
1.373275804962759139e-02
1.559948324484139448e-02
1.775343397184769856e-02
2.021154972680960782e-02
2.299097368540969910e-02
2.610689040284341900e-02
2.957045008133718511e-02
3.338699540745437844e-02
3.755449586105896742e-02
3.857404737209435552e-02
3.393612535364809446e-02
2.975774446167633869e-02
2.599684898814302869e-02
2.261907163483556360e-02
1.959793875721516088e-02
1.691357324671116658e-02
1.455070365773281083e-02
1.249673918209737167e-02
1.074044528650119901e-02
9.271440649172291160e-03
8.080417421297170222e-03
7.159740613133180887e-03
6.504003908048616722e-03
6.110212030762340873e-03
5.977470951620489359e-03
6.106327116867760196e-03
6.498071943497052416e-03
7.154372397053521127e-03
8.077457747276639566e-03
9.270852106055826880e-03
1.074039713057572953e-02
1.249515309064008761e-02
1.454776711216254625e-02
1.691408406804839615e-02
1.961201395897660404e-02
2.265991916829079855e-02
2.607486049782892223e-02
2.987093900628678966e-02
3.405770983181355405e-02
3.863831752960322774e-02
4.001815181254642084e-02
3.498748746642377228e-02
3.044162039805087261e-02
2.633715089905308560e-02
2.264117358208750375e-02
1.932968907203758135e-02
1.638488191383657977e-02
1.379236070351907983e-02
1.153914489623275585e-02
9.612755755370017141e-03
8.001338443136774004e-03
6.694426101603312418e-03
5.683810613845707849e-03
4.964058913174085319e-03
4.532430182734970003e-03
4.388248533359728754e-03
4.532030441623646766e-03
4.964771023878711276e-03
5.687741717338212766e-03
6.702923634293256328e-03
8.013932872927398421e-03
9.627082619772409089e-03
1.155214114623959176e-02
1.380246372173132841e-02
1.639440985127293970e-02
1.934622744192893151e-02
2.267674970971711446e-02
2.640422596778080333e-02
3.054535937644686783e-02
3.511426346904045204e-02
4.012069563805198413e-02
4.187764508242253214e-02
3.643664812989300117e-02
3.150452923728153110e-02
2.703885632945457473e-02
2.300920542256790213e-02
1.939419462360092439e-02
1.617777183128055185e-02
1.334602895076386631e-02
1.088530369088402949e-02
8.781745225860504434e-03
7.022011450317222625e-03
5.594485050096409395e-03
4.490340830670902506e-03
3.703995695104822516e-03
3.232798000681214035e-03
3.076156310271471739e-03
3.234530344343511388e-03
3.708754173203487881e-03
4.499996099184500054e-03
5.610388523564324714e-03
7.044061718261218630e-03
8.808145330476691015e-03
1.091330495182774030e-02
1.337358176533598453e-02
1.620560356241185218e-02
1.942750459420494735e-02
2.305799973328248598e-02
2.711590231047011912e-02
3.162001690179749858e-02
3.658885203003592324e-02
4.203920922054749099e-02
4.418657655332935974e-02
3.830750040651764721e-02
3.296566575954784639e-02
2.812012190042878501e-02
2.374223438164335676e-02
1.981197575878468342e-02
1.631379267564625479e-02
1.323338170186616480e-02
1.055605563669814728e-02
8.266715107311028987e-03
6.350921285047661513e-03
4.796319924935232848e-03
3.593720179196679965e-03
2.737399885518243536e-03
2.224607309472048655e-03
2.054561577097047120e-03
2.227455857791937888e-03
2.743916222243569791e-03
3.605163277825340629e-03
4.813793924768106081e-03
6.374832308210898191e-03
8.296565847558667883e-03
1.059077856734802481e-02
1.327226678586157504e-02
1.635785656253574416e-02
1.986540254438295960e-02
2.381327938564936630e-02
2.822062827181071043e-02
3.310812650033767568e-02
3.849848732443206245e-02
4.441547112401167396e-02
4.698169365656212904e-02
4.062981411334476434e-02
3.485063612242811359e-02
2.960435490604140796e-02
2.486264637627755292e-02
2.060491741940495558e-02
1.681437387014739215e-02
1.347516308305785060e-02
1.057114354625809938e-02
8.086158704827539623e-03
6.005219849612331018e-03
4.315839600167237222e-03
3.008876959938788787e-03
2.078589644952444360e-03
1.521969894383801147e-03
1.337748784862924367e-03
1.525560364825651050e-03
2.085664902551798150e-03
3.019353644049260765e-03
4.329851119109662250e-03
6.023290914527024142e-03
8.109296662951237522e-03
1.060086422330641653e-02
1.351356190389196854e-02
1.686441901892976603e-02
2.067108075698342873e-02
2.495176793854625430e-02
2.972622315883199917e-02
3.501725706701108720e-02
4.085188168846798362e-02
4.726058638789254474e-02
5.029433857271214947e-02
4.343292060002568178e-02
3.718643751199124381e-02
3.151608497137203813e-02
2.639261658259783871e-02
2.179316564797773026e-02
1.769807395248790272e-02
1.408879497103043832e-02
1.094722681227722205e-02
8.256224693468539044e-03
6.000680354190990329e-03
4.168495135672856122e-03
2.750971849309280515e-03
1.742498854582663625e-03
1.139729407441336662e-03
9.406845892954152077e-04
1.144210276834201068e-03
1.750057534081861377e-03
2.759560364211210981e-03
4.176612897936138324e-03
6.008491885950206779e-03
8.266115211881697178e-03
1.096356210109661333e-02
1.411702539735415485e-02
1.774369248141738353e-02
2.186117967539757956e-02
2.648801440864190226e-02
3.164522055612906115e-02
3.735843583035602933e-02
4.365936282101756660e-02
5.058496055698924465e-02
5.414363240197417326e-02
4.673995714620104991e-02
3.999710347488871776e-02
3.387806369573809206e-02
2.835249436611775309e-02
2.339448257771437056e-02
1.898054456978570670e-02
1.508861962429364212e-02
1.169815363391535357e-02
8.790881864115362987e-03
6.351709482260048389e-03
4.369169604615308344e-03
2.835220624547218904e-03
1.744478224281920120e-03
1.093237573513761163e-03
8.787277547526173294e-04
1.098934284527786076e-03
1.753079934132983908e-03
2.842565452738199383e-03
4.371962419099872932e-03
6.349610017423401587e-03
8.787506174485315569e-03
1.170049292522890028e-02
1.510507015700568445e-02
1.901842715597013012e-02
2.345830841841234360e-02
2.844408162854961120e-02
3.399886913121008547e-02
4.015196405998722184e-02
4.694017472320410889e-02
5.440644629015878309e-02
5.853599631518591195e-02
5.056652410712558776e-02
4.330266870238119736e-02
3.671117869453155436e-02
3.076182844233699143e-02
2.542619750238372944e-02
2.067701911073527299e-02
1.648848384502343833e-02
1.283727027475833893e-02
9.703721159894485027e-03
7.072574037010781467e-03
4.932896816171705723e-03
3.277257164882030338e-03
2.100477551721269265e-03
1.398496569890994579e-03
1.167791095213033259e-03
1.405576822435250506e-03
2.110678549797739834e-03
3.284688355051912367e-03
4.932907788315787911e-03
7.064648099913029000e-03
9.692732819530647248e-03
1.283239238910027780e-02
1.650005752708239015e-02
2.071270265969360480e-02
2.548828220733412309e-02
3.084742520150030032e-02
3.681599130777613027e-02
4.342747117698309012e-02
5.072375438885501353e-02
5.875264115275058430e-02
6.347224059936706908e-02
5.492447847063886002e-02
4.712146753081469797e-02
4.003645550255896524e-02
3.364170059649040923e-02
2.790802636809530668e-02
2.280545546454959549e-02
1.830489563144510612e-02
1.438026909090694971e-02
1.101026538162841462e-02
8.179083197319414467e-03
5.875964849110459909e-03
4.093808878678828478e-03
2.827485888701630756e-03
2.072545481496490538e-03
1.824796432629227638e-03
2.080856385873630643e-03
2.839367894921451807e-03
4.102314171177567914e-03
5.875842651221319102e-03
8.170225502908579074e-03
1.099896032610558905e-02
1.437742068264924455e-02
1.832172041213198099e-02
2.284848147883167258e-02
2.797591570470103761e-02
3.372612577186373528e-02
4.012791254444891820e-02
4.721882471312710550e-02
5.504488065889745485e-02
6.365646464428209583e-02
6.895937575973221101e-02
5.982862237215158530e-02
5.147369896803866141e-02
4.387702096573775634e-02
3.701609447307419032e-02
3.086339479705202393e-02
2.538800412366981618e-02
2.055859000756754540e-02
1.634670166822616011e-02
1.272926930323592387e-02
9.689569498732453212e-03
7.216550995508441702e-03
5.303037687554024160e-03
3.943683765101013705e-03
3.133550500933779404e-03
2.867823193810181692e-03
3.142665911582298577e-03
3.956727645345381461e-03
5.312566014254116453e-03
7.217316773676429875e-03
9.682294836238725111e-03
1.272170747142808978e-02
1.635108979826327413e-02
2.058628330087231006e-02
2.544365166068018880e-02
3.094177595630753785e-02
3.710423423581232782e-02
4.396241349149931921e-02
5.155684719011333073e-02
5.993545799901767168e-02
6.914742710841892404e-02
7.502186410420108587e-02
6.530267355992691591e-02
5.638373258261708543e-02
4.825813631396158598e-02
4.091075086034834385e-02
3.431788228408549912e-02
2.844950707731186412e-02
2.327330573825747706e-02
1.875907616704353131e-02
1.488207614966086112e-02
1.162439376275870018e-02
8.974267613666597754e-03
6.924043969775084406e-03
5.467872022563824430e-03
4.600179450790164992e-03
4.315502916142577305e-03
4.609598683600779623e-03
5.481193637024261989e-03
6.933490907613304444e-03
8.974690907052718103e-03
1.161726599275425542e-02
1.487632057796872687e-02
1.876784263367881067e-02
2.330778476334671723e-02
2.851265205663366942e-02
3.440164930361788720e-02
4.099968147602339741e-02
4.833982587842911016e-02
5.646355347380449530e-02
6.541710653436894063e-02
7.524304878097609617e-02
8.170707706449320540e-02
7.138151061008102261e-02
6.187977548688650131e-02
5.320501600363058969e-02
4.534986129874596372e-02
3.829543419851688668e-02
3.201373276897356845e-02
2.647238655845285393e-02
2.164000655830022879e-02
1.749034954264061525e-02
1.400418749108212069e-02
1.116877029562601820e-02
8.975677250418812037e-03
7.418341610900824890e-03
6.490446277894079685e-03
6.185835849464638159e-03
6.499827313746209256e-03
7.431163936416851357e-03
8.983601062936941162e-03
1.116632505545567255e-02
1.399298196338349953e-02
1.747977131344669033e-02
2.164355536297080107e-02
2.650100581558945123e-02
3.206941090775217162e-02
3.836899977432040032e-02
4.542577518077450804e-02
5.327319102434557863e-02
6.195080483939818805e-02
7.149842559192620683e-02
8.194517161700787256e-02
8.908184445317601785e-02
7.810857648109958973e-02
6.799135681649204344e-02
5.873999879622715525e-02
5.035284158657304943e-02
4.281486185936955735e-02
3.609984011563938111e-02
3.017546102637425065e-02
2.500931003305595368e-02
2.057370071997866035e-02
1.684801754890941083e-02
1.381837909502792172e-02
1.147547294385731220e-02
9.811966443521669134e-03
8.820824985377839766e-03
8.495251555359573103e-03
8.830119899357669055e-03
9.824071692491997965e-03
1.148117887896660250e-02
1.381133001814305317e-02
1.682913877630198840e-02
2.055190994542499539e-02
2.499769704172649654e-02
3.018449167484504869e-02
3.613107063029019628e-02
4.285914882439101348e-02
5.039556045812787488e-02
5.877258471900859149e-02
6.802451559951805393e-02
7.817921594551080489e-02
8.924458878391305916e-02
9.721994351093599107e-02
8.552925322146620601e-02
7.474632155208382756e-02
6.488146436277020257e-02
5.593402794329449534e-02
4.788966045089182444e-02
4.072203143914521206e-02
3.439789972981088795e-02
2.888337357580894604e-02
2.414911430605570786e-02
2.017299671206274070e-02
1.693994094785011839e-02
1.443975922666140832e-02
1.266448423848487437e-02
1.160659121887874790e-02
1.125888662681973074e-02
1.161594888617401011e-02
1.267626699154789094e-02
1.444394567806739360e-02
1.692911983263911679e-02
2.014689103634736966e-02
2.411535997634928208e-02
2.885378509927249979e-02
3.438184809783706442e-02
4.072038805225020042e-02
4.789301807159063173e-02
5.592711397002858575e-02
6.485216835199025809e-02
7.469369638647549436e-02
8.546181653991880012e-02
9.713508059030573349e-02
1.061828066976886475e-01
9.368190632994810585e-02
8.216881016596744303e-02
7.164595660105987918e-02
6.210683216340839863e-02
5.353274258777673822e-02
4.589399250289716292e-02
3.915455319292959757e-02
3.327811990129703190e-02
2.823327880832948722e-02
2.399621662880235817e-02
2.055060692873666994e-02
1.788546454918105155e-02
1.599241761141456664e-02
1.486382239454542287e-02
1.449251784652005881e-02
1.487313143115898129e-02
1.600411393883405253e-02
1.788939917241805233e-02
2.053887061356363120e-02
2.396747301281720866e-02
2.819352926417195704e-02
3.323721355263842270e-02
3.911999223510065349e-02
4.586514368020289112e-02
5.349849897629610496e-02
6.204768979296204634e-02
7.153786973140086047e-02
8.198234209385191207e-02
9.336776085820019944e-02
1.056352803570916876e-01
1.159968190640938701e-01
1.025878100354020717e-01
9.027803770550235640e-02
7.905255317382398061e-02
6.889107502865954302e-02
5.976478838965704199e-02
5.163696574345522095e-02
4.446682816887914669e-02
3.821482589773950167e-02
3.284722493845038116e-02
2.833848626505641732e-02
2.467103608432807960e-02
2.183312193119490985e-02
1.981610081384133082e-02
1.861249906141893007e-02
1.821560161624802276e-02
1.862050793170055840e-02
1.982590073748724535e-02
2.183553756822220748e-02
2.465874404879286885e-02
2.830980618182366015e-02
3.280677524071506923e-02
3.817047856591671007e-02
4.442425963679852430e-02
5.159421509597450495e-02
5.970874488093613763e-02
6.879551888505375246e-02
7.887390444238917553e-02
8.994169358129511238e-02
1.019565270539715129e-01
1.148143459847688064e-01
1.266303453066939255e-01
1.122398428597080056e-01
9.908551923217601143e-02
8.712577697951928712e-02
7.631917890103068203e-02
6.662183724256465212e-02
5.798739809142716695e-02
5.036956203912268393e-02
4.372584221709985286e-02
3.802086098949075677e-02
3.322790053425705992e-02
2.932833919294353109e-02
2.630954325650236569e-02
2.416234955308027565e-02
2.287926733697531745e-02
2.245402470180124510e-02
2.288237514585489407e-02
2.416351406827743631e-02
2.630128925557073671e-02
2.930466149337007664e-02
3.318741260227398016e-02
3.796756065185036277e-02
4.366704368112550583e-02
5.031181787626337609e-02
5.793169195430891705e-02
6.655834018692985410e-02
7.621944376751343952e-02
8.692718096835960750e-02
9.866047502964647720e-02
1.113423069205055072e-01
1.248155332725673361e-01
1.379727896646727459e-01
1.225887782693462214e-01
1.085870814013105701e-01
9.589183352727559395e-02
8.443526526752975769e-02
7.415608095652714837e-02
6.499851715125259943e-02
5.691273545744479634e-02
4.985605674119142350e-02
4.379403435450512916e-02
3.870052820457203779e-02
3.455654213939851616e-02
3.134825045344769023e-02
2.906502005225775065e-02
2.769819376408122480e-02
2.724098183807655005e-02
2.768927460328995949e-02
2.904280885832122294e-02
3.130608653736999258e-02
3.448874729292583652e-02
3.860553431150037795e-02
4.367627597093814984e-02
4.972617483235808322e-02
5.678610772383763106e-02
6.489175288652404561e-02
7.407959411420961260e-02
8.437763507254203432e-02
9.578933595184935257e-02
1.082709014488045796e-01
1.217043023400492530e-01
1.358706973069274682e-01
1.498174216731058550e-01
1.335261917165553314e-01
1.187466503479299718e-01
1.053638313087503775e-01
9.328212149830505950e-02
8.242468670778180240e-02
7.273095123946404783e-02
6.415371280309045687e-02
5.665651043273101095e-02
5.021125957591721090e-02
4.479601211278350092e-02
4.039286720399104524e-02
3.698630513281386811e-02
3.456230846495600417e-02
3.310848537785204826e-02
3.261507905608596047e-02
3.307642383970232913e-02
3.449228557201422518e-02
3.686868488421168877e-02
4.021817595003085444e-02
4.455991074064513668e-02
4.991989687505338225e-02
5.633148779315888532e-02
6.383535577288057539e-02
7.247727021422178950e-02
8.230136945212507271e-02
9.333673195669689449e-02
1.055761677469035931e-01
1.189482288339149818e-01
1.332860121426620026e-01
1.482987197678085067e-01
1.618499391870500403e-01
1.448648076584504452e-01
1.294716536631312920e-01
1.155150539743772242e-01
1.028745981939209742e-01
9.146495907862117747e-02
8.123068814438738627e-02
7.213847371713200118e-02
6.416891911430866458e-02
5.730921201120509068e-02
5.154751960617431905e-02
4.686956085060955957e-02
4.325748859628220089e-02
4.069089315271412488e-02
3.914938896741659846e-02
3.861596925980848027e-02
3.908022301493474515e-02
4.054069617905042833e-02
4.300610559948836453e-02
4.649562270924434415e-02
5.103876393832251779e-02
5.667533276255198871e-02
6.345525830192855210e-02
7.143721039710726473e-02
8.068391523920581676e-02
9.125162520217600104e-02
1.031716580100692227e-01
1.164234909806509677e-01
1.309013941176999651e-01
1.463794438859622460e-01
1.624821624252490437e-01
4.612361629551742226e-02
4.514142042171442881e-02
4.411984280568503891e-02
4.312597623265901348e-02
4.219133305014111102e-02
4.132886089155363152e-02
4.054790867803603760e-02
3.986323537355929147e-02
3.929644044137603487e-02
3.887068112089764327e-02
3.860156417522375705e-02
3.848811255693362909e-02
3.850753588176303310e-02
3.861625197350804228e-02
3.875765709790357505e-02
3.887503105556788796e-02
3.892629799202040886e-02
3.889653642954726820e-02
3.880440635157356155e-02
3.869996497996908147e-02
3.865344305779672140e-02
3.873696714981633704e-02
3.900341653672967368e-02
3.946804558847816224e-02
4.009874999326257239e-02
4.081969694539111515e-02
4.153054161895397556e-02
4.213998657678530435e-02
4.260868084844560144e-02
4.299321902209385371e-02
4.348112613200783017e-02
4.150343202263684361e-02
4.087757779689127347e-02
4.014998061757069081e-02
3.939359257947216975e-02
3.864578115644690115e-02
3.792274158786312910e-02
3.723331802302709548e-02
3.658865939996758243e-02
3.600594408453616779e-02
3.550643395738006802e-02
3.510976567304169293e-02
3.482729639245008002e-02
3.465730047491888399e-02
3.458399011242363486e-02
3.458101310479833046e-02
3.461863797110709129e-02
3.467268534677714342e-02
3.473264339663728606e-02
3.480648251706952578e-02
3.492040210721825133e-02
3.511298734201773186e-02
3.542475253061638796e-02
3.588550458914596675e-02
3.650304506481916178e-02
3.725712585230667173e-02
3.810206948492123047e-02
3.897999018136033555e-02
3.984425904019417430e-02
4.069012153655648945e-02
4.158678848267527428e-02
4.270354204771820150e-02
3.915880305248720106e-02
3.842094205901958048e-02
3.757413408129650634e-02
3.669749124856025446e-02
3.583494620306737488e-02
3.500707254261214985e-02
3.422322961887402926e-02
3.349093566521332832e-02
3.282082206715131178e-02
3.222710896534408676e-02
3.172483858907071408e-02
3.132578873737656977e-02
3.103501124405738665e-02
3.084940031021687901e-02
3.075884490544922301e-02
3.074964039251426584e-02
3.080914848442262155e-02
3.093033473032846814e-02
3.111482064309711859e-02
3.137341799310888746e-02
3.172371044320243527e-02
3.218501143169305578e-02
3.277184953537926049e-02
3.348786201286202413e-02
3.432243136626311752e-02
3.525236098028017295e-02
3.625022441030978371e-02
3.729967471269901580e-02
3.841614911107171793e-02
3.966939311584383177e-02
4.120258011209898541e-02
3.809982048551319167e-02
3.697473920328775421e-02
3.578110184844263131e-02
3.459773132908594562e-02
3.346983145274862181e-02
3.241874422928958666e-02
3.145234300973243080e-02
3.057351952247699955e-02
2.978541350239538588e-02
2.909327632551139686e-02
2.850380728159507271e-02
2.802325392804050352e-02
2.765551658467302332e-02
2.740110801187256584e-02
2.725728430141316494e-02
2.721920968269841978e-02
2.728172076058399398e-02
2.744116046415001620e-02
2.769677599144415581e-02
2.805128192085248884e-02
2.851033903425559402e-02
2.908091206654717098e-02
2.976878932827276003e-02
3.057596894109337882e-02
3.149904344058995775e-02
3.253000068184519478e-02
3.366077566818148625e-02
3.489228207808992011e-02
3.624749594837339828e-02
3.778665687798365980e-02
3.962115232684482180e-02
3.764372028581419727e-02
3.600584326159150805e-02
3.437376904548727907e-02
3.281698503997176886e-02
3.137443395735317608e-02
3.006292652298725443e-02
2.888595857803011313e-02
2.784095964216248831e-02
2.692402222146483837e-02
2.613215391193079995e-02
2.546373756831599167e-02
2.491810545416228706e-02
2.449495748896879377e-02
2.419400430062523810e-02
2.401487197857932188e-02
2.395713020996481646e-02
2.402031467136112042e-02
2.420393154898192734e-02
2.450753503399027977e-02
2.493095680847545736e-02
2.547464147028222214e-02
2.613988735629391158e-02
2.692874342915274610e-02
2.784348042268902645e-02
2.888593857232990558e-02
3.005751376940679620e-02
3.136086010204053309e-02
3.280430029747094522e-02
3.440931367924804363e-02
3.622036096544434258e-02
3.831497332373601239e-02
3.740676367760897847e-02
3.523094691172445891e-02
3.315310657126246952e-02
3.122535219154087827e-02
2.947375606345303822e-02
2.790605123118439224e-02
2.651912451983662322e-02
2.530485802708426490e-02
2.425382053843350150e-02
2.335710637817101087e-02
2.260703113097406458e-02
2.199739987372595351e-02
2.152375651348847896e-02
2.118364776561065810e-02
2.097668160968169104e-02
2.090415141356061213e-02
2.096820520455366932e-02
2.117081692631472833e-02
2.151300316972992732e-02
2.199467037735303165e-02
2.261522198796228622e-02
2.337466612607386196e-02
2.427469637427748239e-02
2.531919987154651608e-02
2.651397117415399407e-02
2.786595813540770905e-02
2.938290696329204366e-02
3.107453404777515971e-02
3.295608580924636044e-02
3.505435056058558985e-02
3.741501851493467257e-02
3.724219170908327214e-02
3.455863261297054123e-02
3.206769542339316104e-02
2.979946710365766194e-02
2.776348396582761779e-02
2.595608875162724871e-02
2.436679448328504805e-02
2.298269495986460242e-02
2.179085002899228130e-02
2.077922066746396013e-02
1.993698107435193378e-02
1.925485207539168186e-02
1.872569173792726360e-02
1.834515130758518353e-02
1.811198547420644900e-02
1.802767818935535615e-02
1.809536709697567858e-02
1.831841602688655257e-02
1.869923444792220835e-02
1.923889081945162616e-02
1.993774206084708567e-02
2.079682663361381856e-02
2.181936911529192002e-02
2.301163059632926888e-02
2.438260743178943812e-02
2.594264314598149213e-02
2.770168076040135929e-02
2.966830218474569847e-02
3.185067854815315513e-02
3.425996021928767732e-02
3.691562835797412845e-02
3.715488807029032614e-02
3.401427051903738175e-02
3.115140353656897787e-02
2.857400618995598052e-02
2.627505404416297097e-02
2.423984612505591940e-02
2.245133826727396809e-02
2.089319766855624039e-02
1.955087201713467948e-02
1.841148875610087998e-02
1.746351237125054467e-02
1.669679346377961338e-02
1.610315052312216721e-02
1.567717123361944687e-02
1.541671241466247011e-02
1.532268352639221121e-02
1.539805761422030628e-02
1.564646606584574329e-02
1.607099527154787211e-02
1.667376976547529921e-02
1.745656866341960267e-02
1.842223244784690905e-02
1.957618277765504899e-02
2.092722807356039993e-02
2.248706240561659797e-02
2.426840652515238617e-02
2.628242241030420701e-02
2.853650655492856458e-02
3.103365164474780613e-02
3.377410685288850800e-02
3.675919122042614617e-02
3.722072107484564185e-02
3.367162214999552816e-02
3.046868645105860196e-02
2.760074547950353008e-02
2.504733458954433445e-02
2.278526542795589194e-02
2.079292771122709382e-02
1.905213780810299795e-02
1.754809408885193989e-02
1.626840850440203212e-02
1.520217516917909961e-02
1.433967651792045217e-02
1.367280838712758850e-02
1.319585136843670625e-02
1.290603562665637583e-02
1.280346350358740892e-02
1.289031561009323923e-02
1.316966830927412957e-02
1.364449386073829373e-02
1.431738207520538708e-02
1.519119541990221478e-02
1.627040686162217753e-02
1.756246525064852904e-02
1.907839973000591272e-02
2.083208549311166280e-02
2.283811981260441826e-02
2.510887301900766033e-02
2.765174443061368947e-02
3.046773577102612762e-02
3.355206484320660820e-02
3.689677796000978560e-02
3.752874207748391200e-02
3.360599867482960690e-02
3.007900230295490474e-02
2.692356590887357015e-02
2.411076328098715749e-02
2.161267602969019208e-02
1.940562087838770822e-02
1.747098474879749119e-02
1.579439847955654841e-02
1.436426012151059695e-02
1.317050497709715273e-02
1.220413676128373481e-02
1.145752042248204816e-02
1.092504778534930665e-02
1.060364518889400642e-02
1.049272875025053509e-02
1.059356149016821291e-02
1.090831955661997199e-02
1.143937287997687235e-02
1.218923229953361442e-02
1.316129577298852382e-02
1.436112080591556150e-02
1.579760085223824717e-02
1.748334170770249330e-02
1.943375858081708429e-02
2.166489627416012809e-02
2.419051716060494073e-02
2.701938015252380865e-02
3.015366007798547798e-02
3.358907368988184317e-02
3.731658966739814787e-02
3.815193934860872105e-02
3.387280098468181677e-02
3.002247494805487804e-02
2.657019421894801781e-02
2.348383434582501650e-02
2.073453093908028677e-02
1.829881605226546526e-02
1.615865682470030151e-02
1.430021216947352514e-02
1.271225701566436328e-02
1.138502373578376137e-02
1.030981539770436939e-02
9.479293326876359060e-03
8.888040500096394680e-03
8.532925719919148833e-03
8.412973389567923732e-03
8.528759932232787833e-03
8.881654081051237881e-03
9.473349580730427988e-03
1.030604221978137502e-02
1.138328606248251162e-02
1.271121570789546240e-02
1.429954519699094817e-02
1.616174779974244302e-02
1.831406799601609237e-02
2.077346638179733418e-02
2.355504995693991077e-02
2.666979865989560494e-02
3.012332764910752303e-02
3.391599669248535065e-02
3.804403870822170575e-02
3.914157770122983493e-02
3.450618902934365906e-02
3.032156304834643379e-02
2.655573973243008368e-02
2.317756502088741399e-02
2.016004311008146033e-02
1.748145297096925788e-02
1.512481498866691254e-02
1.307654858828755096e-02
1.132513222910347395e-02
9.860314872639719397e-03
8.673035583342425525e-03
7.755837246804730967e-03
7.103364570866688155e-03
6.712550455631571822e-03
6.582317628271994181e-03
6.712913491355720907e-03
7.105230984961963259e-03
7.760522719763685018e-03
8.680759103299351409e-03
9.869575545053521637e-03
1.133343792844243580e-02
1.308247434917575447e-02
1.513048436981989653e-02
1.749392479541711509e-02
2.019009390869541676e-02
2.323509712823579321e-02
2.664230276286616572e-02
3.042180611646472244e-02
3.458091390893969219e-02
3.912503263450162194e-02
4.053439030030858703e-02
3.552803945058258250e-02
3.099012262100586668e-02
2.689081111748237163e-02
2.320216233783867210e-02
1.990031273817294277e-02
1.696576798713067546e-02
1.438252947264118120e-02
1.213686871051322669e-02
1.021640780163579620e-02
8.609839798737084493e-03
7.307247724384069443e-03
6.300703447777777910e-03
5.584729866313864477e-03
5.156316443390096538e-03
5.014433843825827353e-03
5.159267775525222532e-03
5.591567110968753695e-03
6.312476760285790078e-03
7.324022616558067966e-03
8.630101824564917479e-03
1.023756429731292883e-02
1.215686290925077628e-02
1.440189005006686784e-02
1.698895163372071693e-02
1.993522679322268232e-02
2.325734112764621386e-02
2.697068956013026764e-02
3.108981086325002252e-02
3.562952876200142782e-02
4.060592222595005296e-02
4.236175589903723449e-02
3.695770358172012493e-02
3.204205450674635358e-02
2.758815483321086504e-02
2.357144570487434976e-02
1.997083471360383555e-02
1.676848342685843818e-02
1.394882265594787896e-02
1.149756458471529186e-02
9.401219955179840326e-03
7.647276182979112491e-03
6.224852528248447925e-03
5.125437186507042497e-03
4.343308868556050584e-03
3.875407048326451331e-03
3.720705288287717849e-03
3.879381509250379167e-03
4.352203064627246931e-03
5.140458224559552036e-03
6.246525634196586907e-03
7.674860474253364373e-03
9.432945989829022437e-03
1.153173377224447904e-02
1.398528476056526415e-02
1.680970869256270817e-02
2.002187013476941502e-02
2.363854469558646088e-02
2.767660340941802133e-02
3.215435131278354675e-02
3.709346282539627282e-02
4.252027316078965669e-02
4.465407232055440545e-02
3.881691479182336479e-02
3.349528967009973712e-02
2.866498998264432885e-02
2.430342688967357390e-02
2.039068893645890057e-02
1.690923093701712787e-02
1.384301727375714108e-02
1.117681852338137105e-02
8.896058185200672597e-03
6.987261618633056059e-03
5.438847485493170097e-03
4.241868762619560584e-03
3.390339046745793894e-03
2.880996355088427663e-03
2.712618232180830091e-03
2.885221492761047557e-03
3.399549059395212680e-03
4.257120857801055536e-03
5.460865992063190788e-03
7.016059566012700088e-03
8.931107100579538383e-03
1.121774060175084742e-02
1.389044811276107794e-02
1.696534926031745272e-02
2.045909191065220512e-02
2.438850170210571378e-02
2.877151413167666760e-02
3.362938077225408051e-02
3.898936946325193276e-02
4.488646770641935291e-02
4.743909278477076441e-02
4.112903933491907082e-02
3.537097103617270477e-02
3.014158680889522657e-02
2.541816362281679176e-02
2.117985068980487995e-02
1.740769179741619155e-02
1.408413190438295715e-02
1.119262251086183824e-02
8.717649678146699443e-03
6.645205412496579811e-03
4.963467170455260202e-03
3.663352454168489203e-03
2.738678034802433103e-03
2.185840254242066294e-03
2.003167537623085082e-03
2.190264525779639371e-03
2.747685937720234506e-03
3.677141192383714952e-03
4.982178419595584273e-03
6.669035716186044738e-03
8.747224353101046290e-03
1.122947265685070306e-02
1.413095085808890872e-02
1.746808460120519157e-02
2.125760554326916463e-02
2.551658425136338337e-02
3.026393327854748350e-02
3.552325803593703313e-02
4.132612908006194630e-02
4.771409926752312458e-02
5.073732739037950523e-02
4.391542606026632711e-02
3.769041561099584214e-02
3.203859781933715567e-02
2.693530996475601569e-02
2.235690900852205232e-02
1.828150124856620096e-02
1.468903813292854466e-02
1.156127158537856303e-02
8.881849826138932258e-03
6.636604244704358280e-03
4.813891646335832775e-03
3.404793627851177007e-03
2.403026752290315926e-03
1.804555460694245994e-03
1.607061705726664513e-03
1.809527057048399001e-03
2.412165769783314317e-03
3.416806031964370050e-03
4.827603323064977303e-03
6.651770743701490574e-03
8.899938336071500089e-03
1.158586054862098536e-02
1.472548666242801119e-02
1.833576672197523294e-02
2.243386298960103886e-02
2.703748409339823411e-02
3.216675474368457799e-02
3.784741418076009722e-02
4.411431847665880923e-02
5.101349504866448115e-02
5.455911805620416999e-02
4.719263155493536033e-02
4.047291100869188085e-02
3.437558908262872137e-02
2.887333878970821388e-02
2.393879597002523951e-02
1.954625080543337390e-02
1.567251351661980152e-02
1.229730451086652465e-02
9.403394265973474830e-03
6.976602959184674546e-03
5.005676473956555128e-03
3.482022530079120770e-03
2.399317359959241003e-03
1.753057385940337554e-03
1.540193963592173532e-03
1.759009141096612439e-03
2.409339516816544347e-03
3.493125970635446720e-03
5.015118573282961734e-03
6.983439163377624936e-03
9.409701372533163521e-03
1.230852028129447717e-02
1.569651209592848318e-02
1.959119596904201899e-02
2.401042785822937731e-02
2.897298844300166820e-02
3.450063172977024806e-02
4.062128953046340030e-02
4.737237086510504014e-02
5.480242618068587035e-02
5.890661691591958515e-02
5.097296486928826198e-02
4.373597904850612395e-02
3.717168077128008008e-02
3.125077942604548298e-02
2.594252600829349831e-02
2.121744064061203972e-02
1.704907188468496315e-02
1.341493320069275796e-02
1.029676292091608047e-02
7.680267801333684474e-03
5.554523504542885348e-03
3.911228348442818969e-03
2.743992481555324048e-03
2.047832207608735189e-03
1.818986576836323366e-03
2.055099997960496694e-03
2.755728570264182054e-03
3.923022666640463285e-03
5.562365333389607258e-03
7.682718973228475079e-03
1.029649153679201845e-02
1.341888979732175358e-02
1.706695009215764003e-02
2.125865762627654476e-02
2.601269018214225071e-02
3.134924594723997870e-02
3.729209666425958858e-02
4.387145298278483097e-02
5.112658415782789234e-02
5.910658132052049041e-02
6.378088342535193078e-02
5.526834209376829676e-02
4.749766349777928554e-02
4.044737942604115233e-02
3.408818158641224727e-02
2.838744714608765207e-02
2.331290139409247786e-02
1.883529925544280559e-02
1.493002615461591631e-02
1.157762693037511781e-02
8.763428959355223924e-03
6.476571303210221231e-03
4.708832952019292861e-03
3.453635577898239717e-03
2.705486916966037825e-03
2.459972745782579295e-03
2.714229769480880350e-03
3.467701524641597643e-03
4.722905634480412118e-03
6.485952717412146740e-03
8.766629604906484019e-03
1.157800032342493068e-02
1.493563941130560124e-02
1.885677606605895562e-02
2.335973292065318674e-02
2.846405226409842726e-02
3.419154055836770567e-02
4.056815491912857397e-02
4.762619204757356783e-02
5.540575423492555274e-02
6.395409088963788236e-02
6.919141132129880134e-02
6.009537991849356331e-02
5.177899878253811039e-02
4.422576621800544672e-02
3.740889459004392847e-02
3.129607618393492885e-02
2.585382983306772076e-02
2.105104001384461299e-02
1.686130417874665000e-02
1.326389969108277000e-02
1.024348009377717972e-02
7.788896335114259273e-03
5.891715129109797999e-03
4.544985975371673703e-03
3.742644830708741210e-03
3.479662436802755110e-03
3.752774629901978187e-03
4.561450963592506014e-03
5.908711138545186259e-03
7.801489266057615168e-03
1.025043409754289314e-02
1.326924162549403263e-02
1.687379146551393205e-02
2.108144925477972720e-02
2.591087238761247136e-02
3.138252379631012445e-02
3.751985923827305669e-02
4.435084709984948859e-02
5.190914357035580906e-02
6.023396170166961383e-02
6.936752325509587536e-02
7.516399505766457878e-02
6.547903862701787148e-02
5.660484258260112256e-02
4.853170177739229985e-02
4.123754860484041274e-02
3.469247399698360823e-02
2.886342598139890470e-02
2.371845650122850202e-02
1.922983638723962940e-02
1.537559530697762966e-02
1.213947715950780548e-02
9.509730196441523731e-03
7.477435472537763417e-03
6.035100906956358813e-03
5.176024860702455044e-03
4.894570203759940341e-03
5.187110573388054036e-03
6.053182232790277340e-03
7.496332853406784125e-03
9.524340086500160396e-03
1.214874461402359884e-02
1.538393830924178474e-02
1.924622527621977497e-02
2.375328701964463107e-02
2.892432637145248009e-02
3.478088505971754785e-02
4.134800475321753765e-02
4.865511548496215255e-02
5.673584110809315462e-02
6.562586474547060789e-02
7.535811133720926591e-02
8.174337560740241315e-02
7.145301878881582525e-02
6.200251921472954564e-02
5.338926824697409756e-02
4.559684047853806987e-02
3.859886234204168431e-02
3.236372730680159293e-02
2.685935001500183716e-02
2.205699065234512091e-02
1.793343330427887850e-02
1.447133019246393815e-02
1.165809894519043155e-02
9.484165380854392424e-03
7.941422962176147848e-03
7.022542222330230288e-03
6.721315954564488493e-03
7.033765941741876304e-03
7.959440292324870825e-03
9.502303370027220808e-03
1.167084721782885026e-02
1.447742743948765565e-02
1.793717446071241284e-02
2.206702079183742171e-02
2.688531478997902013e-02
3.241221323878562544e-02
3.867061891105549876e-02
4.568704019857250387e-02
5.349148874392994912e-02
6.211551517480984330e-02
7.158768634735679370e-02
8.192621580974446260e-02
8.898901723841845524e-02
7.805678237491520122e-02
6.799929557928408030e-02
5.881923637389263604e-02
5.050480935278756078e-02
4.303273268305929378e-02
3.637270533909031656e-02
3.049244482645008247e-02
2.536209158824931365e-02
2.095699655546923168e-02
1.725850294860720169e-02
1.425303295945923310e-02
1.193030759168323129e-02
1.028168781886051875e-02
9.299385339545551687e-03
8.976795079433941282e-03
9.309670318543794565e-03
1.029750601082923822e-02
1.194446603494725423e-02
1.425945443406817503e-02
1.725536665617255494e-02
2.094795239281665999e-02
2.535489587535266764e-02
3.049558443217392778e-02
3.639162716672217357e-02
4.306765811725199455e-02
5.055151015676528914e-02
5.887266467698282213e-02
6.805804640862334054e-02
7.812472888008414884e-02
8.906981240124878241e-02
9.696453414653660730e-02
8.533037625056749675e-02
7.462048486377170775e-02
6.483883457258343697e-02
5.597515998852031771e-02
4.800706697096757125e-02
4.090408953925361857e-02
3.463278457638807595e-02
2.916151258250465617e-02
2.446370945654052775e-02
2.051906972883443814e-02
1.731284331799542997e-02
1.483406865008873865e-02
1.307379308855161071e-02
1.202412383281625807e-02
1.167843223993259016e-02
1.203245852957479656e-02
1.308567394880810753e-02
1.484220885504328180e-02
1.731094503793428885e-02
2.050482844151702011e-02
2.443986808793852106e-02
2.913442627414042363e-02
3.460919102280968218e-02
4.088771053375239717e-02
4.799675961658067536e-02
5.596536803795970627e-02
6.482126107584917918e-02
7.458387036422209349e-02
8.525385997018020134e-02
9.680010641545777617e-02
1.057226869088481180e-01
9.330840689108299557e-02
8.188930887445167173e-02
7.146495244160178117e-02
6.202187037524709012e-02
5.353501240279001649e-02
4.597131236005225219e-02
3.929459038772620261e-02
3.347042161112767644e-02
2.846966354809410404e-02
2.426991994252603035e-02
2.085502840600383934e-02
1.821333514453726821e-02
1.633581180794863030e-02
1.521489922015462071e-02
1.484446180620579980e-02
1.522065459266741527e-02
1.634310574809205718e-02
1.821576444672245998e-02
2.084704684511962114e-02
2.424936391525989166e-02
2.843848061365861213e-02
3.343322967748463270e-02
3.925579034512338694e-02
4.593214692476976779e-02
5.349170186400442617e-02
6.196463079459135770e-02
7.137567869494887418e-02
8.173376824856859457e-02
9.301791605321341194e-02
1.051612079832011659e-01
1.152880741619810578e-01
1.020134800564846955e-01
8.982774171272467356e-02
7.871949305445014033e-02
6.866671549869352020e-02
5.963783747392881196e-02
5.159473621097276919e-02
4.449711669622047339e-02
3.830705035943537951e-02
3.299240194974117912e-02
2.852836688907700591e-02
2.489710239933629055e-02
2.208610355955897830e-02
2.008629969350295141e-02
1.889072024459892418e-02
1.849413702620950062e-02
1.889354896684380947e-02
2.008901930184947560e-02
2.208432872794219293e-02
2.488717696451203665e-02
2.850905540799431037e-02
3.296518889874278102e-02
3.827489590412369580e-02
4.446228539018193260e-02
5.155654628879347001e-02
5.959045396730289212e-02
6.859547766543983016e-02
7.859222928141207376e-02
8.957601166071071930e-02
1.014986847621912602e-01
1.142495842882453871e-01
1.256389852369466098e-01
1.114479148509417428e-01
9.845541458162188064e-02
8.663304017500195187e-02
7.594562819758721162e-02
6.635234260647848714e-02
5.780891838912793901e-02
5.027100500774395186e-02
4.369775693521660287e-02
3.805462841592088807e-02
3.331466820600326173e-02
2.945822141919052228e-02
2.647152927420393098e-02
2.434501467359950766e-02
2.307196014044166077e-02
2.264792821097216802e-02
2.307084589938313002e-02
2.434140416789887240e-02
2.646342773732612841e-02
2.944411214230058249e-02
3.329432361897488590e-02
3.802927716014892212e-02
4.366968813474159106e-02
5.024291848303619190e-02
5.778291481328778900e-02
6.632717885440797545e-02
7.590897843988386740e-02
8.654370754857154679e-02
9.820971080057461222e-02
1.108257124517422199e-01
1.242287222153208859e-01
1.366891750476497691e-01
1.215816665999227553e-01
1.077825782640502439e-01
9.524173322915885365e-02
8.390841382788494229e-02
7.373245244252757402e-02
6.466526814892858965e-02
5.666136958734568907e-02
4.968008958621794591e-02
4.368697953668743139e-02
3.865439091896405444e-02
3.456113978700159350e-02
3.139153088613966247e-02
2.913422450637881411e-02
2.778136220422311453e-02
2.732813063812500332e-02
2.777267535930150189e-02
2.911616427627450321e-02
3.136289305575701292e-02
3.452055419575117412e-02
3.860097082133506774e-02
4.362151848226858419e-02
4.960701820391477668e-02
5.659114553373001399e-02
6.461563212928922439e-02
7.372510070740645460e-02
8.395562979148962768e-02
9.531625589170289459e-02
1.077644696474635566e-01
1.211789515070904599e-01
1.353346952961373972e-01
1.482703616775324917e-01
1.323350343100173632e-01
1.177940577254048549e-01
1.045732393458820297e-01
9.260722348972194595e-02
8.184039550269517349e-02
7.222588850800093496e-02
6.372405609818088124e-02
5.630108139121148270e-02
4.992790103824518155e-02
4.457940929751202930e-02
4.023390908423607470e-02
3.687284247189381858e-02
3.448084382671368076e-02
3.304607185691565974e-02
3.256065784808015451e-02
3.302105559214396635e-02
3.442818413623172091e-02
3.678748796573927393e-02
4.010929256355666439e-02
4.440988551323243883e-02
4.971345961939732661e-02
5.605437567510307417e-02
6.347828745128936134e-02
7.203988077412759594e-02
8.179471337280119769e-02
9.278324110914581979e-02
1.050066912000602315e-01
1.183967583958747127e-01
1.327836264932784616e-01
1.478688281561062468e-01
1.601173185586048930e-01
1.435570260719032376e-01
1.284241608091178932e-01
1.146210221559158526e-01
1.020724232157590450e-01
9.072576618746097665e-02
8.054677064137649722e-02
7.151330513897846686e-02
6.360921337272884557e-02
5.681937308236229001e-02
5.112663185627752682e-02
4.651077658763824729e-02
4.294931113599886885e-02
4.041951931412768317e-02
3.890111288546904689e-02
3.837874677992658690e-02
3.884387052403326379e-02
4.029576579296190175e-02
4.274205576393796946e-02
4.619928964075370459e-02
5.069417357708516647e-02
5.626551955538161565e-02
6.296607717172264529e-02
7.086234717507977621e-02
8.002968753748973540e-02
9.053996706711586739e-02
1.024400029821208591e-01
1.157210725338018165e-01
1.302825509320655328e-01
1.458955394995200550e-01
1.621743730378284454e-01
4.797923907790391240e-02
4.635395355307991849e-02
4.489951520235990756e-02
4.363975879005010938e-02
4.256190503110701684e-02
4.163899617424249300e-02
4.084833581100610900e-02
4.018182646268542157e-02
3.964680121180208516e-02
3.925878104382718448e-02
3.902979188433164381e-02
3.895690367517090635e-02
3.901529964650762849e-02
3.915861957625565992e-02
3.932700797577126650e-02
3.946091228772274917e-02
3.951682816250468022e-02
3.948039311353568337e-02
3.937268190799159129e-02
3.924718954465333809e-02
3.917740066373198715e-02
3.923751207602776958e-02
3.948111985287994230e-02
3.992394998783765914e-02
4.053657983531877562e-02
4.125145598065671493e-02
4.198556308807610549e-02
4.267636443979938576e-02
4.332489194098343432e-02
4.403697075404977568e-02
4.505230052822639664e-02
4.353051443649746943e-02
4.228348194692443940e-02
4.112659211341451737e-02
4.009304322471507476e-02
3.918072086662505171e-02
3.837105890897873905e-02
3.764543017223331844e-02
3.699546895404637326e-02
3.642589594164746813e-02
3.595067225387538201e-02
3.558507789011855493e-02
3.533714307195623405e-02
3.520166403222901863e-02
3.515893591247731820e-02
3.517872393103971262e-02
3.522833803913272277e-02
3.528240888454092783e-02
3.533139465571366600e-02
3.538610681175669015e-02
3.547653597740918485e-02
3.564477846225599933e-02
3.593355791628027873e-02
3.637331916465313952e-02
3.697180379072051437e-02
3.771007496806078052e-02
3.854805255897986171e-02
3.944075353524567618e-02
4.036391072881428954e-02
4.134492228132558012e-02
4.249277842072274325e-02
4.401935206547591406e-02
4.107231043326464714e-02
3.978432232634077081e-02
3.855710753032326465e-02
3.743365128229925176e-02
3.642288925948378164e-02
3.551515344952349551e-02
3.469620446321641793e-02
3.395685580562712857e-02
3.329692687748320168e-02
3.272400802370611927e-02
3.224884724568255479e-02
3.187976609115139581e-02
3.161834604316027253e-02
3.145786238928849343e-02
3.138487343494489323e-02
3.138334239542928117e-02
3.143991780370924971e-02
3.154870376715734892e-02
3.171400006283420225e-02
3.195004263670853106e-02
3.227757212033566248e-02
3.271796488900236000e-02
3.328649182122944694e-02
3.398688106852887358e-02
3.480955251666273398e-02
3.573554751213237068e-02
3.674720998147051887e-02
3.784516148898831034e-02
3.906926081795347727e-02
4.051945134079915078e-02
4.237114756514870351e-02
3.977614660107064992e-02
3.819710585048596840e-02
3.669309684210020350e-02
3.531141879830101971e-02
3.406721634473797167e-02
3.295616292143677128e-02
3.196624583506491035e-02
3.108629250800731825e-02
3.031026627013488906e-02
2.963770362111972645e-02
2.907158841480850242e-02
2.861530483005481074e-02
2.827009801558233448e-02
2.803391048610137659e-02
2.790178436180212884e-02
2.786746633591974387e-02
2.792554477446174133e-02
2.807339143805620552e-02
2.831231707978076884e-02
2.864759457486343308e-02
2.908727464256344319e-02
2.964002446765334753e-02
3.031254089512458449e-02
3.110741967878993819e-02
3.202263364968871429e-02
3.305384217162554705e-02
3.420048135855324745e-02
3.547585412616172107e-02
3.692029466205326571e-02
3.861511323874822210e-02
4.069380758028273704e-02
3.906353938873508014e-02
3.707485933227872010e-02
3.520640085207560332e-02
3.350206335016991943e-02
3.197645180352992611e-02
3.062563265848439187e-02
2.943701933781994740e-02
2.839660933022969402e-02
2.749297590798960300e-02
2.671844113865518011e-02
2.606846355593006592e-02
2.554036977744544856e-02
2.513227344934421126e-02
2.484254414594033733e-02
2.466977483754817513e-02
2.461297508807547274e-02
2.467173544846446021e-02
2.484625604211032623e-02
2.513729710062762024e-02
2.554616076520233037e-02
2.607474626006478502e-02
2.672559810378061229e-02
2.750182329606332132e-02
2.840687538508746002e-02
2.944450311048285585e-02
3.061952431863801394e-02
3.194029568828682386e-02
3.342359902293878804e-02
3.510204027742247490e-02
3.703302393688545635e-02
3.930718016181344865e-02
3.860353719846898457e-02
3.617515023506712168e-02
3.392865166006231448e-02
3.189770867629704298e-02
3.009045972430612892e-02
2.849911650537251262e-02
2.710835617290285882e-02
2.590124029302387498e-02
2.486244745978183346e-02
2.397940693026612280e-02
2.324228955603757640e-02
2.264370195644005435e-02
2.217854593345691683e-02
2.184405405478173634e-02
2.163972628568444634e-02
2.156689502089648158e-02
2.162785906830322347e-02
2.182483632759613101e-02
2.215917253306542989e-02
2.263120984684974246e-02
2.324093729782816808e-02
2.398917856498883339e-02
2.487878338666860145e-02
2.591528264713360841e-02
2.710677129709893052e-02
2.846332705274789987e-02
2.999678695019269981e-02
3.172193870059913934e-02
3.365990998196366490e-02
3.584374968573911246e-02
3.832506032972560206e-02
3.826484224646264920e-02
3.541542480161297135e-02
3.281276623420126271e-02
3.047637861527618952e-02
2.840453802855336107e-02
2.658327102653856855e-02
2.499361460468207952e-02
2.361630214545584749e-02
2.243401175110193435e-02
2.143196121687651612e-02
2.059783145341498312e-02
1.992174655424605589e-02
1.939656322156224633e-02
1.901826307130249916e-02
1.878602612214308465e-02
1.870165430318593280e-02
1.876835868733905954e-02
1.898930365041451296e-02
1.936652352378587238e-02
1.990074678678865894e-02
2.059229157521258458e-02
2.144270331791631179e-02
2.245640009914495749e-02
2.364151019196469861e-02
2.500939984025762897e-02
2.657300934140494064e-02
2.834479963092917387e-02
3.033554928077819568e-02
3.255518049124361823e-02
3.501615996651707974e-02
3.773895080183820028e-02
3.804723939720133785e-02
3.481312875192088541e-02
3.188389470415131655e-02
2.926459644550050143e-02
2.694332288228906691e-02
2.489981609141977970e-02
2.311185391226899810e-02
2.155887159096891992e-02
2.022323063101794105e-02
1.909009155315288808e-02
1.814692623702285346e-02
1.738336690868891310e-02
1.679155068450199906e-02
1.636665512978652259e-02
1.610711621651716996e-02
1.601416047287784750e-02
1.609065667707909597e-02
1.633970336661150213e-02
1.676359236626012716e-02
1.736370173443901876e-02
1.814147512391173223e-02
1.910012111136438762e-02
2.024623381748824613e-02
2.159044425775391574e-02
2.314651700800141043e-02
2.492895261912053684e-02
2.694988726551628133e-02
2.921658687864692183e-02
3.173086388778756373e-02
3.449119752622209489e-02
3.749734005248228641e-02
3.801516440580599010e-02
3.442996603007486556e-02
3.119545720255700871e-02
2.830508861916314345e-02
2.573903418669942766e-02
2.347245638884487562e-02
2.148116015086998232e-02
1.974436846103344578e-02
1.824520283844321966e-02
1.696992914367001504e-02
1.590703274632687680e-02
1.504679916433815379e-02
1.438153278650133871e-02
1.390607774010277353e-02
1.361812247159832623e-02
1.351790470835112501e-02
1.360730308806523681e-02
1.388869001584680518e-02
1.436413389410517993e-02
1.503544175602655741e-02
1.590515797533953446e-02
1.697814080057469255e-02
1.826293836359127454e-02
1.977212082135793025e-02
2.152102770457986480e-02
2.352502135232725777e-02
2.579602057744523336e-02
2.833958147175508202e-02
3.115380459951211378e-02
3.423084019601674299e-02
3.756082873690047563e-02
3.824855403217952698e-02
3.433256537573470268e-02
3.079967802659666631e-02
2.763642479294503573e-02
2.481880143204762135e-02
2.232003025164885912e-02
2.011556985962670296e-02
1.818527443174389191e-02
1.651338731426221784e-02
1.508743821432290133e-02
1.389707197631651070e-02
1.293344861733203288e-02
1.218932111441972665e-02
1.165947322078864090e-02
1.134103131334995851e-02
1.123329458732769126e-02
1.133706695782166207e-02
1.165381490409345133e-02
1.218515231948913424e-02
1.293305174021952553e-02
1.390083392152519082e-02
1.509455502286982664e-02
1.652407870801653189e-02
1.820310348443854309e-02
2.014772613779314270e-02
2.237370000750615873e-02
2.489316155907772554e-02
2.771197949260795212e-02
3.082883520892210072e-02
3.423661632189123338e-02
3.792583140557326260e-02
3.881619607091124635e-02
3.457308297220151871e-02
3.073466961541271303e-02
2.728551328254980035e-02
2.420128103585739154e-02
2.145585702965036035e-02
1.902576258180488367e-02
1.689192650337645318e-02
1.503950371625251137e-02
1.345675251286593266e-02
1.213390224256727379e-02
1.106256128878158052e-02
1.023574580722197425e-02
9.648233459301991388e-03
9.296817748690955341e-03
9.180172988635604270e-03
9.298334714003431145e-03
9.652084870140242856e-03
1.024266728381917346e-02
1.107212861734296894e-02
1.214427665217954200e-02
1.346586750651113107e-02
1.504739607480587438e-02
1.690289642772313528e-02
1.904848380172552424e-02
2.149989858003209520e-02
2.426981575331410568e-02
2.736593603162873478e-02
3.079072473087762774e-02
3.454308340235456853e-02
3.862140722571894003e-02
3.976825771678704768e-02
3.518603536394948605e-02
3.102427648809680250e-02
2.726936472936358768e-02
2.389945061622711364e-02
2.089084000181173906e-02
1.822191083556390367e-02
1.587468083380372263e-02
1.383470179644064046e-02
1.209018231202207971e-02
1.063112917472608387e-02
9.448947688724729232e-03
8.536530756828142330e-03
7.888562420703237876e-03
7.501683687223703600e-03
7.374309674560208805e-03
7.506148398533696309e-03
7.897707783740770537e-03
8.550143757020123303e-03
9.465673978866107063e-03
1.064847753332287539e-02
1.210569549061801808e-02
1.384798488311389519e-02
1.588916808009344095e-02
1.824486814257397782e-02
2.093049238385447097e-02
2.395933095931468415e-02
2.734165000231314480e-02
3.108538213757583435e-02
3.519836555210531515e-02
3.969126617391793843e-02
4.113996772866812535e-02
3.619393888402555604e-02
3.168417362030595541e-02
2.760071159718791023e-02
2.392529389908304438e-02
2.063713064490002580e-02
1.771644877590006217e-02
1.514600362861528993e-02
1.291118650260614231e-02
1.099951535616128240e-02
9.400154867762466893e-03
8.103796926661743782e-03
7.102872870746068656e-03
6.391841527147335000e-03
5.967266926745651290e-03
5.827548726301756687e-03
5.972412961455120239e-03
6.402453709597466514e-03
7.119039125427661929e-03
8.124741063056717394e-03
9.424159727132064290e-03
1.102475472634978360e-02
1.293720344528992428e-02
1.517494629615612212e-02
1.775294919013958861e-02
2.068615276812124648e-02
2.398838358362809231e-02
2.767250123565645481e-02
3.175214783550472930e-02
3.624473550382845133e-02
4.117447523287864897e-02
4.295813911085133441e-02
3.761448229852248915e-02
3.272825002932222560e-02
2.829287765416665934e-02
2.429303149619954638e-02
2.071001496733515523e-02
1.752513909013941884e-02
1.472128249588422477e-02
1.228323393297614530e-02
1.019751506828470156e-02
8.452228732494404539e-03
7.037174282231717370e-03
5.944172989984508604e-03
5.167352928765467368e-03
4.703160366261727177e-03
4.550020697934087366e-03
4.707794195383030456e-03
5.177323854695714545e-03
5.960363731901452411e-03
7.059994921291945502e-03
8.481369214678124990e-03
1.023239290316269035e-02
1.232391530129461898e-02
1.476918503544766281e-02
1.758271252629128867e-02
2.077909937713684485e-02
2.437264094737656706e-02
2.837840079894249357e-02
3.281495350825025525e-02
3.770817193048969784e-02
4.309456837677316798e-02
4.524519001643056981e-02
3.946479953083326109e-02
3.417197483577183448e-02
2.936171607143478468e-02
2.501964641487575136e-02
2.112741777455084957e-02
1.766613612562650815e-02
1.461804342761752196e-02
1.196703162713674828e-02
9.698647754703415558e-03
7.800090228556655347e-03
6.260416006625746377e-03
5.070890005299588665e-03
4.225255412166006863e-03
3.719715707120485604e-03
3.552581234544049948e-03
3.723737758264178410e-03
4.234226774315175135e-03
5.086195069452514872e-03
6.283295321736659389e-03
7.831353753772418713e-03
9.738925204146653414e-03
1.201733881862310227e-02
1.468006427899126720e-02
1.774161621369785280e-02
2.121662876447771851e-02
2.511993387349775730e-02
2.946831700751317840e-02
3.428403937209623109e-02
3.959933273915794416e-02
4.546015769278710650e-02
4.801941818368504755e-02
4.176201987866079435e-02
3.603250205560470931e-02
3.082495118360384367e-02
2.612347980175400153e-02
2.190801150209154002e-02
1.815798943425761536e-02
1.485424054408213124e-02
1.197956757823703811e-02
9.518740196654107422e-03
7.458413074346026406e-03
5.787227208202239126e-03
4.496067143918480724e-03
3.578281757654622197e-03
3.029675663128728047e-03
2.848216134225367568e-03
3.033590550330700353e-03
3.586865895158553030e-03
4.510483858211955521e-03
5.808646250443416648e-03
7.487913570457749302e-03
9.557650021633889992e-03
1.202995612766244449e-02
1.491895540971199807e-02
1.823969860129182052e-02
2.200735105725470930e-02
2.623751509645444457e-02
3.094835899810277624e-02
3.616460223270223651e-02
4.192248730646497279e-02
4.827390478942561458e-02
5.129344268243585248e-02
4.452186550770420581e-02
3.832726553446264006e-02
3.270068498022737913e-02
2.762263933254871517e-02
2.306957122345920652e-02
1.901803171131177805e-02
1.544677875062916428e-02
1.233737654547439888e-02
9.674011627794243395e-03
7.443136761139612645e-03
5.633293061691801995e-03
4.235162075929110870e-03
3.241704029278480448e-03
2.648191477419459261e-03
2.452045931931934319e-03
2.652552395375096239e-03
3.250646449487248901e-03
4.248963678946893197e-03
5.652205601109017152e-03
7.467659774647472659e-03
9.705550460239464883e-03
1.237889299318339908e-02
1.550274255669137347e-02
1.909310160772292875e-02
2.316613919515475573e-02
2.773856743579017348e-02
3.282983832218633324e-02
3.846622278615541290e-02
4.468590746535028302e-02
5.154327033255867718e-02
5.507377238245680928e-02
4.775776796668651514e-02
4.107309751634602435e-02
3.500674333190545440e-02
2.953460472781443968e-02
2.462875037599587813e-02
2.026217429738608189e-02
1.641118169209221378e-02
1.305597983082407154e-02
1.018024804216111079e-02
7.770406271447427571e-03
5.815056256324169226e-03
4.304762067476985976e-03
3.232085511626792140e-03
2.591683782156906091e-03
2.380324607656802982e-03
2.596803349661058746e-03
3.241875774619984441e-03
4.318355145187524613e-03
5.831425504766230006e-03
7.789060603499819990e-03
1.020228062043315731e-02
1.308497201353020500e-02
1.645316594976975466e-02
2.032400684015556180e-02
2.471499861599113501e-02
2.964431281793622475e-02
3.513279550929837569e-02
4.120776086529076565e-02
4.790778308370136074e-02
5.528674916263298655e-02
5.936343030589341652e-02
5.148197469861770514e-02
4.428683942023781128e-02
3.776137172826565802e-02
3.187721310314373113e-02
2.660228249078500085e-02
2.190610607794951648e-02
1.776253043499309570e-02
1.415035720128798857e-02
1.105270496918819845e-02
8.455916969978716224e-03
6.348617962430580519e-03
4.721213121229084209e-03
3.565820152289234102e-03
2.876445421861717477e-03
2.649196070706238970e-03
2.882414759369567037e-03
3.576753812922106590e-03
4.735287031508050859e-03
6.363726143717940431e-03
8.470694769130204804e-03
1.106788334436714649e-02
1.416987239826994482e-02
1.779352407675105496e-02
2.195710431851694011e-02
2.667961013503372669e-02
3.198095828793157125e-02
3.788360051930794725e-02
4.441567456615302945e-02
5.161502337568890653e-02
5.953254118742279388e-02
6.416746677496121265e-02
5.570840911059349310e-02
4.798695596400648355e-02
4.098450214587501250e-02
3.467002420438802801e-02
2.900854473773506470e-02
2.396693162154406309e-02
1.951696111427736469e-02
1.563609737786464393e-02
1.230677781131817028e-02
9.515074130831635557e-03
7.249446627611177973e-03
5.500004268469638191e-03
4.258346101778442971e-03
3.517817563988501206e-03
3.273916887337691151e-03
3.524636515066958964e-03
4.270660353540733922e-03
5.515453814041393343e-03
7.265338716024416499e-03
9.529578403089544736e-03
1.232041624552948633e-02
1.565292820032482268e-02
1.954460127626589383e-02
2.401470915742720535e-02
2.908378957090462791e-02
3.477369916731731792e-02
4.110867954250352341e-02
4.811753617332215072e-02
5.583641355497093173e-02
6.431090735588895768e-02
6.949932109819201287e-02
6.045576820361020509e-02
5.219482275788323022e-02
4.469826719650882296e-02
3.793469957236084156e-02
3.186810919214622118e-02
2.646396772252046503e-02
2.169263796167797409e-02
1.753042336713406257e-02
1.395895646055578254e-02
1.096379100999911316e-02
8.532984407793264836e-03
6.656185223619104363e-03
5.324404402927029878e-03
4.530334748778841458e-03
4.268926271834061481e-03
4.537912971500190906e-03
5.338110951015551109e-03
6.673470017631188966e-03
8.550977951927052345e-03
1.098053842179069761e-02
1.397487894655569107e-02
1.754945234961269307e-02
2.172224917876519612e-02
2.651349013103754260e-02
3.194530070777545916e-02
3.804160132563083607e-02
4.482846798987338843e-02
5.233502991472960275e-02
6.059454867909153108e-02
6.964477984126915544e-02
7.538529420708073303e-02
6.574915868623065762e-02
5.693460306611086708e-02
4.892597689467947930e-02
4.169370587078446988e-02
3.520258717435353901e-02
2.941796126106055453e-02
2.430944147818081547e-02
1.985234670610225294e-02
1.602737982648250181e-02
1.281934094913594890e-02
1.021567471252637915e-02
8.205457759686396457e-03
6.779099086998030543e-03
5.928689448410295881e-03
5.648696931530139409e-03
5.936643107816053089e-03
6.793487526920216624e-03
8.223642063057923224e-03
1.023471981261536712e-02
1.283721814070304390e-02
1.604431376517823082e-02
1.987182842367474223e-02
2.433829656547459308e-02
2.946498750543469214e-02
3.527575323323617340e-02
4.179666376171553566e-02
4.905546516670256096e-02
5.708087298830832879e-02
6.590153274692056584e-02
7.554416653510998003e-02
8.186501127784140408e-02
7.161941656340786722e-02
6.223170122939336579e-02
5.369001419421692844e-02
4.596797071098990273e-02
3.903233985874976497e-02
3.284910423462861218e-02
2.738746902105049230e-02
2.262175941177702043e-02
1.853154309901583474e-02
1.510062507986731362e-02
1.231568119874282274e-02
1.016519433505891357e-02
8.639067789772525430e-03
7.728938577201915905e-03
7.428917062497930601e-03
7.736353136351681314e-03
8.652285077914712019e-03
1.018143489636713639e-02
1.233184980628720950e-02
1.511445548749179579e-02
1.854279649478485226e-02
2.263310903526871698e-02
2.740465292572480394e-02
3.288002099179720972e-02
3.908505964045616565e-02
4.604806057409405184e-02
5.379803704317964730e-02
6.236205022605645354e-02
7.176163942949642660e-02
8.200837061258425820e-02
8.898716001749562565e-02
7.810043043355108239e-02
6.811087045753083657e-02
5.901019962948339526e-02
5.077522260216937866e-02
4.337471523467684165e-02
3.677523060105158947e-02
3.094533101284469012e-02
2.585798370455449913e-02
2.149122274749970529e-02
1.782754063606262207e-02
1.485269724071258679e-02
1.255463653615151998e-02
1.092297753530147020e-02
9.949201348717906512e-03
9.627323432141565718e-03
9.954650236977613531e-03
1.093223963198397541e-02
1.256488668514066376e-02
1.486072857642284362e-02
1.783077594518545084e-02
2.148872008956459467e-02
2.585120198773438460e-02
3.093843131432549853e-02
3.677471663036158134e-02
4.338827401988964994e-02
5.080968403717633919e-02
5.906859933315899980e-02
6.818867004039930180e-02
7.818103005467946787e-02
8.903694068953882379e-02
9.680109000692027621e-02
8.522543732397025451e-02
7.459533365545212291e-02
6.490428555298421998e-02
5.613084252945554908e-02
4.824464029661612585e-02
4.121186157681222539e-02
3.499960763656417839e-02
2.957875670472276397e-02
2.492518720464431681e-02
2.101962841334170662e-02
1.784671235327550676e-02
1.539390216748870444e-02
1.365082894335500896e-02
1.260925690075964667e-02
1.226354472510138294e-02
1.261124738084618002e-02
1.365348387844278477e-02
1.539488792786869453e-02
1.784324157961236779e-02
2.100913058984588133e-02
2.490599473821930587e-02
2.955074781311850529e-02
3.496474633743673621e-02
4.117446505074440211e-02
4.821095179545409337e-02
5.610715358625384397e-02
6.489255689825768059e-02
7.458519111924033496e-02
8.518173493439462618e-02
9.664702152178961114e-02
1.053454204720765119e-01
9.302291135827545077e-02
8.170734795567113906e-02
7.139104668385698460e-02
6.205183913334622048e-02
5.365834270014602225e-02
4.617499341838993132e-02
3.956640445176162757e-02
3.380054939225374255e-02
2.885047486233816016e-02
2.469461890177626628e-02
2.131616571932681836e-02
1.870204747319803573e-02
1.684214156284724595e-02
1.572894684522907482e-02
1.535769489601079840e-02
1.572662085436604684e-02
1.683708507334813476e-02
1.869341442261429620e-02
2.130260984085907694e-02
2.467427812507594354e-02
2.882114733984053601e-02
3.376024158728796465e-02
3.951430661595622951e-02
4.611254945416476403e-02
5.358944990280178899e-02
6.198046771919507592e-02
7.131400626553840993e-02
8.159988930344752589e-02
9.281563010142690473e-02
1.048926257693665320e-01
1.146345205497709685e-01
1.015114873034690390e-01
8.946887195088493172e-02
7.849435788375558332e-02
6.856244827758928295e-02
5.963905809585412499e-02
5.168595967734290753e-02
4.466483617579797283e-02
3.854049269102688413e-02
3.328285890347615350e-02
2.886771605335525237e-02
2.527641880897135707e-02
2.249509721968934173e-02
2.051382238460064400e-02
1.932602194847277133e-02
1.892816763574955985e-02
1.931956386943056714e-02
2.050205991463371902e-02
2.247967940911621554e-02
2.525841362330538686e-02
2.884657086451625219e-02
3.325597677985570044e-02
3.850392254912549106e-02
4.461514339982386446e-02
5.162252037462167209e-02
5.956489073469128925e-02
6.848055636748995312e-02
7.839587041644335841e-02
8.930951648494556139e-02
1.011744818705437865e-01
1.138808484815854172e-01
1.246431087047312758e-01
1.106921344835427590e-01
9.789931963132403325e-02
8.624470859831490088e-02
7.569784217957931105e-02
6.622166481156455120e-02
5.777603864225966390e-02
5.032096570630528731e-02
4.381929884857527213e-02
3.823865193226083647e-02
3.355237704909086460e-02
2.973971914252615534e-02
2.678543190359050641e-02
2.467916879049880663e-02
2.341483750842598965e-02
2.298994775173923699e-02
2.340488690424535889e-02
2.466212854824334499e-02
2.676557017048253329e-02
2.972040887698312872e-02
3.353400557944041793e-02
3.821793455449551402e-02
4.379084482116013533e-02
5.028100688014092157e-02
5.772676730634884734e-02
6.617289211669685756e-02
7.566119552109284996e-02
8.621497210799589084e-02
9.781838876494930446e-02
1.103937495799982571e-01
1.237809144691368601e-01
1.352890103753452422e-01
1.205354842859378550e-01
1.070068962153527536e-01
9.467393197064666310e-02
8.350160971076547867e-02
7.345227614950999850e-02
6.448755087694735266e-02
5.656986591293389210e-02
4.966383714690891793e-02
4.373745226985192858e-02
3.876299720559472917e-02
3.471768342660652706e-02
3.158398875530110672e-02
2.934972014918457717e-02
2.800775748528394615e-02
2.755540877342355088e-02
2.799338104523485526e-02
2.932456833650576300e-02
3.155311709679153864e-02
3.468439532935008174e-02
3.872640221561596263e-02
4.369269526569041773e-02
4.960612304239475634e-02
5.650174473726110591e-02
6.442662152642242290e-02
7.343404789560281642e-02
8.357049429275775765e-02
9.485506095688833739e-02
1.072533325228732792e-01
1.206496511327372900e-01
1.348233893803580941e-01
1.464148801624105545e-01
1.309634250819726731e-01
1.167713849408755777e-01
1.038002278392013977e-01
9.201373760788555956e-02
8.137956031168869231e-02
7.186857520900957752e-02
6.345351103391294600e-02
5.610777236688591074e-02
4.980497715678211534e-02
4.451933635300520109e-02
4.022673579675029032e-02
3.690619319695542799e-02
3.454125360894977348e-02
3.312087913218419999e-02
3.263951711733170669e-02
3.309632191803757451e-02
3.449389548768522218e-02
3.683727979523609974e-02
4.013407920660938544e-02
4.439635547714715358e-02
4.964424466015771031e-02
5.591021987015665218e-02
6.324184716709169152e-02
7.170017528255812067e-02
8.135095792408719717e-02
9.224696167234469613e-02
1.044016095784741083e-01
1.177567697892527576e-01
1.321499824668990186e-01
1.472881008438662320e-01
1.577714027184811130e-01
1.418267006192763802e-01
1.271193281722844404e-01
1.136036904822503857e-01
1.012486840654673870e-01
9.003691515590617200e-02
7.996011496197752422e-02
7.101320504807517864e-02
6.318900242467861972e-02
5.647486275938717881e-02
5.085179626075841952e-02
4.629589022397340159e-02
4.278132625768193975e-02
4.028397019555995939e-02
3.878449081321377889e-02
3.827025413647788810e-02
3.873577151580320788e-02
4.018212913842944545e-02
4.261634727595264849e-02
4.605178639712903532e-02
5.051035138626502885e-02
5.602633001512913324e-02
6.265044072006276110e-02
7.045144283722493128e-02
7.951197743341253954e-02
8.991558383752362715e-02
1.017232909516110340e-01
1.149406672615782554e-01
1.294792317675614868e-01
1.451189125492078347e-01
1.614799487921345644e-01
4.992424404053963372e-02
4.772713635429681744e-02
4.588504741286669741e-02
4.438644929496149416e-02
4.318102344677754445e-02
4.220650041179396794e-02
4.141013272601412609e-02
4.076056480698753148e-02
4.024885892522434006e-02
3.988047879556688713e-02
3.966232842003591941e-02
3.958994313734365278e-02
3.963943469079822535e-02
3.976704022397825611e-02
3.991663249814791925e-02
4.003304012621811125e-02
4.007717712386238418e-02
4.003828153321364880e-02
3.993919958961100747e-02
3.983247105975351587e-02
3.978751761133025866e-02
3.987189389005152407e-02
4.013164314824280154e-02
4.057675564729379403e-02
4.117722536409473832e-02
4.187322329596554482e-02
4.259977711626561359e-02
4.332267833933656220e-02
4.407892316646666586e-02
4.501264639733904005e-02
4.639689299852989279e-02
4.557670864005558542e-02
4.378988960934293573e-02
4.225668744174981839e-02
4.097927818247626419e-02
3.992333051064633764e-02
3.904056588680759887e-02
3.828749807144049555e-02
3.763671940487256506e-02
3.707952758122701198e-02
3.662112605206857552e-02
3.627144829442841001e-02
3.603544319253160211e-02
3.590630513690484804e-02
3.586384175719103951e-02
3.587838212285987538e-02
3.591885199898570136e-02
3.596236960640908364e-02
3.600224208682334393e-02
3.605167122526609091e-02
3.614167283308233891e-02
3.631336960620501486e-02
3.660653843826366938e-02
3.704766492433009262e-02
3.764141795454634121e-02
3.836920636319973710e-02
3.919724726995355013e-02
4.009453777803173580e-02
4.105861248876863101e-02
4.214450938604841213e-02
4.349051012488303058e-02
4.533351607716440412e-02
4.295531433490396012e-02
4.120893761182742310e-02
3.966118909193028230e-02
3.832855571727122879e-02
3.719286078376171645e-02
3.621980814750713762e-02
3.537487227504243492e-02
3.463355503618004150e-02
3.398497683429013705e-02
3.342966894570054137e-02
3.297379157402247074e-02
3.262254445235157618e-02
3.237523163124933490e-02
3.222350563282816438e-02
3.215308070889477676e-02
3.214807232916427893e-02
3.219634787581071578e-02
3.229405714381528014e-02
3.244780363780819243e-02
3.267364009423090465e-02
3.299300625815249077e-02
3.342666994171850092e-02
3.398849482937293942e-02
3.468126498250967416e-02
3.549672440010454011e-02
3.642138826887730829e-02
3.744854393096375134e-02
3.859534558415589345e-02
3.992224582378867126e-02
4.155057647898274809e-02
4.367329293359034637e-02
4.138598400004411815e-02
3.945468188248923980e-02
3.770651317154261051e-02
3.616769557993393391e-02
3.483179052000195952e-02
3.367495038401102647e-02
3.266922526836424368e-02
3.179158200418896740e-02
3.102786770296006580e-02
3.037240334970192635e-02
2.982484953508901526e-02
2.938628428000811255e-02
2.905611631740612211e-02
2.883074835290244664e-02
2.870410561240532843e-02
2.866949398207907507e-02
2.872191571918847330e-02
2.885996886590191934e-02
2.908669190313162289e-02
2.940909306886396735e-02
2.983648940255534399e-02
3.037813206367445673e-02
3.104087169822378200e-02
3.182781424982294993e-02
3.273899058990537014e-02
3.377493348921234428e-02
3.494364577124997595e-02
3.627070268828447297e-02
3.781121696437139690e-02
3.966130122012145875e-02
4.196578147607965548e-02
4.039152875702711754e-02
3.816191439636895666e-02
3.612854208768112585e-02
3.432076415720075602e-02
3.273776052992616314e-02
3.136139274465676863e-02
3.016739658141887048e-02
2.913312751752528129e-02
2.824139435415418120e-02
2.748103607245866442e-02
2.684552832624831353e-02
2.633099134209260228e-02
2.593459933905251091e-02
2.565382814827898983e-02
2.548645632236912206e-02
2.543094537372780906e-02
2.548680077359222196e-02
2.565468793966374506e-02
2.593629702170119344e-02
2.633409290706367756e-02
2.685110513220934081e-02
2.749083206470004370e-02
2.825727722904503025e-02
2.915517777569220925e-02
3.019065436012624559e-02
3.137273481502234063e-02
3.271631528468788019e-02
3.424695286264523020e-02
3.600734811504935351e-02
3.806452696471751551e-02
4.051579152138629070e-02
3.969416692143568071e-02
3.712771611299103824e-02
3.478716101653844817e-02
3.269904037188098300e-02
3.086266163245454663e-02
2.926141923308023252e-02
2.787239683766529197e-02
2.667292448313673958e-02
2.564392612748633837e-02
2.477077478579303715e-02
2.404277513051056303e-02
2.345230178161727963e-02
2.299419527935242513e-02
2.266551522097870475e-02
2.246540073792857584e-02
2.239472328437841497e-02
2.245539185594225273e-02
2.264946756406516215e-02
2.297845759500205531e-02
2.344316646366451096e-02
2.404427179908452672e-02
2.478345102417733870e-02
2.566461791070651088e-02
2.669477698282207712e-02
2.788424246705289988e-02
2.924642280254374782e-02
3.079781140343129664e-02
3.255905059086217079e-02
3.455769443303324806e-02
3.683262991978608625e-02
3.943913104296825622e-02
3.918010657980630640e-02
3.627890989992010873e-02
3.363903564331849338e-02
3.128060709877900081e-02
2.919962072610360337e-02
2.737839233759586932e-02
2.579404221341974335e-02
2.442403692202788079e-02
2.324887637041683774e-02
2.225274634020024678e-02
2.142321132851066068e-02
2.075080983559018932e-02
2.022893555113114417e-02
1.985391292919302941e-02
1.962490770756630809e-02
1.954335886625813146e-02
1.961190497354436957e-02
1.983313032599198777e-02
2.020867184216967871e-02
2.073916600500069762e-02
2.142518820892291842e-02
2.226887573124258779e-02
2.327555275883241848e-02
2.445459172895425581e-02
2.581902815882131108e-02
2.738401756505481899e-02
2.916486335641366168e-02
3.117575009878237324e-02
3.343027255709785095e-02
3.594426416293572402e-02
3.874044514344632262e-02
3.884566031865688274e-02
3.562583351504144957e-02
3.270073061321454588e-02
3.008336699531355407e-02
2.776546939821855631e-02
2.572745944780763239e-02
2.394619410733866971e-02
2.239972171082627028e-02
2.106932152219087584e-02
1.993974234756024089e-02
1.899872489320841851e-02
1.823660831269080518e-02
1.764632647882535821e-02
1.722361781321524177e-02
1.696704412461258471e-02
1.687749430448093335e-02
1.695716178642214800e-02
1.720835717276258947e-02
1.763271088168494316e-02
1.823124436964462802e-02
1.900542762655277329e-02
1.995884708981066069e-02
2.109872992423333926e-02
2.243648642502193979e-02
2.398674435175962572e-02
2.576496337474054599e-02
2.778441188661417982e-02
3.005376532360060082e-02
3.257658741222257959e-02
3.535342104044048028e-02
3.838623796366391616e-02
3.874332298619265202e-02
3.521785868724691682e-02
3.201441113560576923e-02
2.914065995537384879e-02
2.658516444171254989e-02
2.432706412400875706e-02
2.234333779233566020e-02
2.061302759466343559e-02
1.911879668659821618e-02
1.784678650437854230e-02
1.678586559046379989e-02
1.592706158589862753e-02
1.526347051640186692e-02
1.479046666190697579e-02
1.450581512290227693e-02
1.440935887694649864e-02
1.450225522057735361e-02
1.478607164835921139e-02
1.526223318046504573e-02
1.593223198585747014e-02
1.679866086999481922e-02
1.786668643831035297e-02
1.914523609252682945e-02
2.064712292781223368e-02
2.238766250957269222e-02
2.438193268108079792e-02
2.664148845087765949e-02
2.917178091172445420e-02
3.197150265134496294e-02
3.503454323686128191e-02
3.835429076889340649e-02
3.894049715017899871e-02
3.511082678596721962e-02
3.162384864299383480e-02
2.848503208770125639e-02
2.568198672088328749e-02
2.319390753655170556e-02
2.099852476567320991e-02
1.907604028019704856e-02
1.741045188646239694e-02
1.598921980621526018e-02
1.480234629707410932e-02
1.384164900355244754e-02
1.310053838733438170e-02
1.257416296812152723e-02
1.225956690086604794e-02
1.215555230419340660e-02
1.226220077614925685e-02
1.258029233372326416e-02
1.311101800774849835e-02
1.385629953972511430e-02
1.481972388648955530e-02
1.600772417418738769e-02
1.743036471930281550e-02
1.910109783398183936e-02
2.103518386502400972e-02
2.324702675309708866e-02
2.574724052851706801e-02
2.854059611172488076e-02
3.162588517920994491e-02
3.499816113753695390e-02
3.865290259915354909e-02
3.949582984387234319e-02
3.534985212900210172e-02
3.156289276921597775e-02
2.814136102097108960e-02
2.507415610125462990e-02
2.234183364271302707e-02
1.992335365139297210e-02
1.779993445416039322e-02
1.595638703838631045e-02
1.438082926688366570e-02
1.306378974004474003e-02
1.199744837776961504e-02
1.117533724664099282e-02
1.059241522580123274e-02
1.024521939507394563e-02
1.013183208760892740e-02
1.025160350218357053e-02
1.060482074285573617e-02
1.119261605128940573e-02
1.201734127289455500e-02
1.308336680938282370e-02
1.439795717919878371e-02
1.597169811566345743e-02
1.781799366244740668e-02
1.995150001062029332e-02
2.238584534370602341e-02
2.513145028046892548e-02
2.819445000682208047e-02
3.157749508613960643e-02
3.528256740332835761e-02
3.931505470967522342e-02
4.045130249687645119e-02
3.596522041152638849e-02
3.185402111012081150e-02
2.812710254329431336e-02
2.477601493046677206e-02
2.178335410644649528e-02
1.912938609893899411e-02
1.679595123096078169e-02
1.476797551731579006e-02
1.303341354287113063e-02
1.158254258734814357e-02
1.040730828935920727e-02
9.501037207883200608e-03
8.858467092068167403e-03
8.475862305203918368e-03
8.350998669811815489e-03
8.482978140364139108e-03
8.872022504874621518e-03
9.519480679955449887e-03
1.042819559177132760e-02
1.160315582978910243e-02
1.305211277781381796e-02
1.478572870746575063e-02
1.681693420141527895e-02
1.915951020964712370e-02
2.182634924952253641e-02
2.482820191676182731e-02
2.817376412826888554e-02
3.187161554535578034e-02
3.593379082258252311e-02
4.037988914126344753e-02
4.183424933034984861e-02
3.697599675251694862e-02
3.251230399837368168e-02
2.845587800220528152e-02
2.480091871620970778e-02
2.153182347501569893e-02
1.862975712356274016e-02
1.607665416668169200e-02
1.385695481440052390e-02
1.195782679860712960e-02
1.036871597352728713e-02
9.080870084289927036e-03
8.087127171165775508e-03
7.381942591564438771e-03
6.961461847822647542e-03
6.823471391726343427e-03
6.967211234950809740e-03
7.393189759568485897e-03
8.103199992319787270e-03
9.100637956180435140e-03
1.039102355434806668e-02
1.198242323357590067e-02
1.388541415644795052e-02
1.611238677173787437e-02
1.867632115045125829e-02
2.158958705967961578e-02
2.486357364227842481e-02
2.850990083356919058e-02
3.254349146618551458e-02
3.698698213850093452e-02
4.187503957518856623e-02
4.366288528945005964e-02
3.839578185034042690e-02
3.355029764679784421e-02
2.914102383147110231e-02
2.516345293224730995e-02
2.160266418104583863e-02
1.843990161614783574e-02
1.565664918962283991e-02
1.323651072198117618e-02
1.116562080824223813e-02
9.432388960703974590e-03
8.027179979762877338e-03
6.942196665477240458e-03
6.171537598675058689e-03
5.711250665626721457e-03
5.559244522373774089e-03
5.715056968256249093e-03
6.179631610848446144e-03
6.955291183885492501e-03
8.045991711242095334e-03
9.457746983912329597e-03
1.119893093834889441e-02
1.328014472551330982e-02
1.571350773565427517e-02
1.851160051342048973e-02
2.168667444789207366e-02
2.525095968962887127e-02
2.921876895629793580e-02
3.361053507080669078e-02
3.845803185049589956e-02
4.380907256756927382e-02
4.595088431415206287e-02
4.023696861986536533e-02
3.498118125753535423e-02
3.019734600820811465e-02
2.587996598595054820e-02
2.201310921009280719e-02
1.857705140173493419e-02
1.555234249281056691e-02
1.292166108942183200e-02
1.067021854942140635e-02
8.785532814727048390e-03
7.257163511894759722e-03
6.076662426494294778e-03
5.237685325482743792e-03
4.736075898108538240e-03
4.569771902424690779e-03
4.738541585993516492e-03
5.243709777460026089e-03
6.088069446832378162e-03
7.276076783909957157e-03
8.814217417466352344e-03
1.071126259762422706e-02
1.297810586515879550e-02
1.562706921527023951e-02
1.867094061572061037e-02
2.212240297421885771e-02
2.599472127894841833e-02
3.030439497274528549e-02
3.507586056389300211e-02
4.034738135464976949e-02
4.617623454510066949e-02
4.870947884228371549e-02
4.251244285478605889e-02
3.681964291718031745e-02
3.164109672252379823e-02
2.696779403049731627e-02
2.278099050636228640e-02
1.905895619165676180e-02
1.578093012358294800e-02
1.292874790306086652e-02
1.048700747560360469e-02
8.442665095572010614e-03
6.784691553548327647e-03
5.504037182618048973e-03
4.593817518980358727e-03
4.049485463838209398e-03
3.868797141876711976e-03
4.051559051276854007e-03
4.599316782332607545e-03
5.515207066764560295e-03
6.804096364021461341e-03
8.472920453073129465e-03
1.053094752114702715e-02
1.298964627244458825e-02
1.586202871135355963e-02
1.916171712036884855e-02
2.290240668094156717e-02
2.709862695223819173e-02
3.176855519427590480e-02
3.693901041162916954e-02
4.265175940543031174e-02
4.896917390681210236e-02
5.194790725909115281e-02
4.523560715279018041e-02
3.908149259405035991e-02
3.348923629346245434e-02
2.844426357296470087e-02
2.392359021177981049e-02
1.990269301131775137e-02
1.635925786104053259e-02
1.327441269131668378e-02
1.063245794284739532e-02
8.420108249993063509e-03
6.625950021771132015e-03
5.240371663603582419e-03
4.255842014572408516e-03
3.667228009362588637e-03
3.471888990134175401e-03
3.669483265184680931e-03
4.261640759978035931e-03
5.251748250202581403e-03
6.645022413067636080e-03
8.448827582924423041e-03
1.067297905319719575e-02
1.332969303837217012e-02
1.643300306614037254e-02
1.999783572705382539e-02
2.403938245129211282e-02
2.857368620220768207e-02
3.362026114029958990e-02
3.920697730234223854e-02
4.537643932405899250e-02
5.219193766822627367e-02
5.567393961428024340e-02
4.842022688899305649e-02
4.178327719637309201e-02
3.575905336401774548e-02
3.032637834257911891e-02
2.545734119667031337e-02
2.112426990970561747e-02
1.730321605282370001e-02
1.397470339179562870e-02
1.112291998106229585e-02
8.734510478461743332e-03
6.797767056923476048e-03
5.302501469486742280e-03
4.240431392645405140e-03
3.605692323617404327e-03
3.395110620658670086e-03
3.608109273045556620e-03
4.246371259341685800e-03
5.313539946200762643e-03
6.815192595240660012e-03
8.759113714631894254e-03
1.115564567589899525e-02
1.401776165209867031e-02
1.736061304541181016e-02
2.120064870950955083e-02
2.555485882703578682e-02
3.044103376510065573e-02
3.587990910136795719e-02
4.189955946549162036e-02
4.854143582099368359e-02
5.586628373225721589e-02
5.989568374570808373e-02
5.208105304700438865e-02
4.494253875964204781e-02
3.846849370529525913e-02
3.263134348890162073e-02
2.739845333235280123e-02
2.273915578189189546e-02
1.862796081150008831e-02
1.504483412281842902e-02
1.197386306193948258e-02
9.401607205290929414e-03
7.316021858059684746e-03
5.706273630494251847e-03
4.563249048260331620e-03
3.880280777593725361e-03
3.653630007647734601e-03
3.882508600327128079e-03
4.568729930269910255e-03
5.716294799867682741e-03
7.331219139587119571e-03
9.421719823080820788e-03
1.199859700579963828e-02
1.507545906054019724e-02
1.866846954578704754e-02
2.279558940085735230e-02
2.747573187104990211e-02
3.272863729773689556e-02
3.857634789801522857e-02
4.504676531337281631e-02
5.217890384551537863e-02
6.002831600801528111e-02
6.462461710725619923e-02
5.623514608669211157e-02
4.857846626146056224e-02
4.163674990559229627e-02
3.537733896700956393e-02
2.976386609407200012e-02
2.476326251053251326e-02
2.034873904813139234e-02
1.649969925711047836e-02
1.320000276609789580e-02
1.043596902309218422e-02
8.195091122615849599e-03
6.465812832175288349e-03
5.238155886218009982e-03
4.504655297751014587e-03
4.261050032255297992e-03
4.506421799760573776e-03
5.242830410679744091e-03
6.474759800539686694e-03
8.208761444848278188e-03
1.045350702986524993e-02
1.322017704580957798e-02
1.652285121463137330e-02
2.037851830300496658e-02
2.480653437748969736e-02
2.982776943213139020e-02
3.546410177045800083e-02
4.173908841039519757e-02
4.868038558686293982e-02
5.632376059702437487e-02
6.471749639149493305e-02
6.987868244868877809e-02
6.090308951570477802e-02
5.271223091949650552e-02
4.528436745567887556e-02
3.858375038544181734e-02
3.257172745543357451e-02
2.721365992329083383e-02
2.248175762724713422e-02
1.835480581939918920e-02
1.481622189930931199e-02
1.185186972543306183e-02
9.448648079342092387e-03
7.594246982989716344e-03
6.277864536968991160e-03
5.491311860168934800e-03
5.229880460319691338e-03
5.492589755249355221e-03
6.281807145114726154e-03
7.602557735253867577e-03
9.461969077619869495e-03
1.186916928668324545e-02
1.483566038541539456e-02
1.837587956089237196e-02
2.250751435622078134e-02
2.725125091978952696e-02
3.262998373384107254e-02
3.866793764211706730e-02
4.539042118062752706e-02
5.282482783275099791e-02
6.100295887927131844e-02
6.996385745873112683e-02
7.568392529356060550e-02
6.610924590313516092e-02
5.736651418010296766e-02
4.943252366501837969e-02
4.227051501584355719e-02
3.584100445732474327e-02
3.010855270622414537e-02
2.504456840142665897e-02
2.062706322249141522e-02
1.683873059482721146e-02
1.366474907263182104e-02
1.109133568752440624e-02
9.105481754886568524e-03
7.695702181081287563e-03
6.853230950582656078e-03
6.573006914550205693e-03
6.854005982404487440e-03
7.698857997638697270e-03
9.113050234418551554e-03
1.110420326108396694e-02
1.368183115334886679e-02
1.685770648509787861e-02
2.064660140990781656e-02
2.506692742616678515e-02
3.014080545574415737e-02
3.589335498213586106e-02
4.235140577316087729e-02
4.954218443208446843e-02
5.749260306038195267e-02
6.622946003199103870e-02
7.578018020703325419e-02
8.207356458296999335e-02
7.188074064288230147e-02
6.256441747609642334e-02
5.410190597831388004e-02
4.645704847098386381e-02
3.959056202984356787e-02
3.346663026241003536e-02
2.805580028689291794e-02
2.333497673316742294e-02
1.928574967678287067e-02
1.589235773826658260e-02
1.314028666274680290e-02
1.101596959597372916e-02
9.507484910500352271e-03
8.605732929936493747e-03
8.305447227940021548e-03
8.605564527442766121e-03
9.508844423635309795e-03
1.102101382230102899e-02
1.314994410358849564e-02
1.590533833234530903e-02
1.929914320157877228e-02
2.334649959487933302e-02
2.806672034165558216e-02
3.348366403793079371e-02
3.962504412004363985e-02
4.652059849581746676e-02
5.419948108442440571e-02
6.268749875152934692e-02
7.200475759600521997e-02
8.216385314992180611e-02
8.908414670258935075e-02
7.824544023060298059e-02
6.832846453835372813e-02
5.931215986311144661e-02
5.116178075695643201e-02
4.383862441682140343e-02
3.730643915332620963e-02
3.153451888101699296e-02
2.649811276933178306e-02
2.217719233885873109e-02
1.855472676106728613e-02
1.561540006059658481e-02
1.334526196933438769e-02
1.173228379229840357e-02
1.076738884785299888e-02
1.044536294648423791e-02
1.076517585806868738e-02
1.172957948665498407e-02
1.334423303069343092e-02
1.561686868490141933e-02
1.855702294778893702e-02
2.217660302983404108e-02
2.649112814003729000e-02
3.152106816571631498e-02
3.729247096157450869e-02
4.383614956464043644e-02
5.118506739671602190e-02
5.937009357592160086e-02
6.841477417970054375e-02
7.832998505728028249e-02
8.910918893909069993e-02
9.674897882632649271e-02
8.522928059392143041e-02
7.468026191418175586e-02
6.508265840420790482e-02
5.640316348035412375e-02
4.860347772955719847e-02
4.164651463179325219e-02
3.549973508779658005e-02
3.013607218963443302e-02
2.553327008172345813e-02
2.167259938960341970e-02
1.853777817541413242e-02
1.611458932711684611e-02
1.439123532509256620e-02
1.335910029592923820e-02
1.301341278031031834e-02
1.335338718126877211e-02
1.438172254211167456e-02
1.610370994922050158e-02
1.852647167493159941e-02
2.165888164597618015e-02
2.551245437041416153e-02
3.010301588909669590e-02
3.545245942916608328e-02
4.158956056775764409e-02
4.854882827135043044e-02
5.636675033946403346e-02
6.507544861764813504e-02
7.469447716005106486e-02
8.522202550574320412e-02
9.662694128070370425e-02
1.050890639980934793e-01
9.285270738382678246e-02
8.164043349734129151e-02
7.143427271239488618e-02
6.220200675943488022e-02
5.390548531431704760e-02
4.650653536737081595e-02
3.997045437063206919e-02
3.426742548526817700e-02
2.937247395493614022e-02
2.526472152931091841e-02
2.192662924790056422e-02
1.934366408750065602e-02
1.750446730784460669e-02
1.640127919927181210e-02
1.603021711571273045e-02
1.639107416758633917e-02
1.748658799078839365e-02
1.932147980869558523e-02
2.190182304411791847e-02
2.523530745588686841e-02
2.933265933768325340e-02
3.420992944893441745e-02
3.989075768691918711e-02
4.640729726637005115e-02
5.379845339953703842e-02
6.210452520937792542e-02
7.135817867256832869e-02
8.157267625236386266e-02
9.272915623284916364e-02
1.047652024452148112e-01
1.141014084205380641e-01
1.011250406927501899e-01
8.922711766172142234e-02
7.839034084827289917e-02
6.858356792963604676e-02
5.976926972743967781e-02
5.190888793276826618e-02
4.496620869304024382e-02
3.890905676507827593e-02
3.370978749535424868e-02
2.934513754553336184e-02
2.579594424423703458e-02
2.304704728157958016e-02
2.108740842095357948e-02
1.991023983237028006e-02
1.951282868049020180e-02
1.989585158662521280e-02
2.106226100659114309e-02
2.301616453360111336e-02
2.576234407285937777e-02
2.930700050922041555e-02
3.365991660012923603e-02
3.883756251138947846e-02
4.486595626929101854e-02
5.178158710162961142e-02
5.962869030065576226e-02
6.845172201630589370e-02
7.828296237104837019e-02
8.912651596941145726e-02
1.009411998638398700e-01
1.136255396969403364e-01
1.237443576774239773e-01
1.100349721937163849e-01
9.745041627684258856e-02
8.597395837841759203e-02
7.557670384721859591e-02
6.622389543917961419e-02
5.787921719183941605e-02
5.050748822304740315e-02
4.407617121887597023e-02
3.855613738051033579e-02
3.392209309186000610e-02
3.015296160992875230e-02
2.723232090693272767e-02
2.514878155307087582e-02
2.389603622623326373e-02
2.347231346266198670e-02
2.387916828479319520e-02
2.511988222954641969e-02
2.719809780478499306e-02
3.011748062215247046e-02
3.388304072018399893e-02
3.850419576451713510e-02
4.399883474013677187e-02
5.039678303927530578e-02
5.774052108051819232e-02
6.608103873402626505e-02
7.546747201111259074e-02
8.593057349560240255e-02
9.746179905867791149e-02
1.099913897721833678e-01
1.233698135938681162e-01
1.339201045866502682e-01
1.195358382456106483e-01
1.063004846928379266e-01
9.419883987175126094e-02
8.320734767858084524e-02
7.329870016565109836e-02
6.444426384769030847e-02
5.661518875967885833e-02
4.978295028740831185e-02
4.391988801671686815e-02
3.900006153162394185e-02
3.500047994566557463e-02
3.190249043382209493e-02
2.969291696581422002e-02
2.836448849666339811e-02
2.791524615031448775e-02
2.834697440607669705e-02
2.966315820754061860e-02
3.186735633812531887e-02
3.496300016001896438e-02
3.895531801981633180e-02
4.385533735995750249e-02
4.968488181853558672e-02
5.648047214728535437e-02
6.429344988521279447e-02
7.318379374433447992e-02
8.320613608049143295e-02
9.438829308534479878e-02
1.067047946490902177e-01
1.200498754920573674e-01
1.342155777516964577e-01
1.444559335322992411e-01
1.295260616611813020e-01
1.157287616506437189e-01
1.030526563504281512e-01
9.148492483609516057e-02
8.101337276912090601e-02
7.162580800468276720e-02
6.330828871250560042e-02
5.604356901858409401e-02
4.981063156310483464e-02
4.458565466075015138e-02
4.034422911399815348e-02
3.706419893160273205e-02
3.472826650568094919e-02
3.332553901736901025e-02
3.285153046067534888e-02
3.330670193804508017e-02
3.469425813750603993e-02
3.701839043276322627e-02
4.028423161423688725e-02
4.450031815207466934e-02
4.968337160659075380e-02
5.586393719860893725e-02
6.309024996673429087e-02
7.142709532698177100e-02
8.094675100770132303e-02
9.171048547058546774e-02
1.037413452432929262e-01
1.169916102639732003e-01
1.313106296859913869e-01
1.464200786040876778e-01
1.550877899712759245e-01
1.398278243127606402e-01
1.256247618721317849e-01
1.124745889510450070e-01
1.003827854442533862e-01
8.936276951180843753e-02
7.943073645083131851e-02
7.059943125523204799e-02
6.287303983117453754e-02
5.624465098071596003e-02
5.069681443137596943e-02
4.620479698542112601e-02
4.274142316944562481e-02
4.028202923223034304e-02
3.880815708930640540e-02
3.830914729223877657e-02
3.878161962984449929e-02
4.022770116796436923e-02
4.265346521617630060e-02
4.606910650875306601e-02
5.049175782147585778e-02
5.595062733561917412e-02
6.249262389243881444e-02
7.018532241660579984e-02
7.911353495390471835e-02
8.936629554922603802e-02
1.010128422113751867e-01
1.140689305295694567e-01
1.284579156573926184e-01
1.439736902084192138e-01
1.602539424186630868e-01
5.128463734195065626e-02
4.879551686508420971e-02
4.676648537747496448e-02
4.516505569699802436e-02
4.391847624515321513e-02
4.294284697152761510e-02
4.216622939043190854e-02
4.154152711203096260e-02
4.104801424136894639e-02
4.068347859902132768e-02
4.045121950127850141e-02
4.034706490790540556e-02
4.035099081698945156e-02
4.042608924669366388e-02
4.052512591003676334e-02
4.060246980378678927e-02
4.062745674667667117e-02
4.059472191511304118e-02
4.052783390557124221e-02
4.047446639492591203e-02
4.049384531731448078e-02
4.063967303591198288e-02
4.094347521868257900e-02
4.140388996540877997e-02
4.198655432594478043e-02
4.263707606423849938e-02
4.330649281791920657e-02
4.398527578985067521e-02
4.473907542774213653e-02
4.573774002113850656e-02
4.726916147461679429e-02
4.711540321613938431e-02
4.504258780025338638e-02
4.331345455693735857e-02
4.191315409934759373e-02
4.078943500235254760e-02
3.987714076583870337e-02
3.911818689721258124e-02
3.847342042331547418e-02
3.792530700570750923e-02
3.747289903913042508e-02
3.712234844215345220e-02
3.687694466077573452e-02
3.673019699454016518e-02
3.666407949606309558e-02
3.665269192666187337e-02
3.666980976771583300e-02
3.669759857621102128e-02
3.673343626360292546e-02
3.679238162521869526e-02
3.690415249161560496e-02
3.710516620662929199e-02
3.742782055610405223e-02
3.789032643658174493e-02
3.849075224798070849e-02
3.920835663916477642e-02
4.001384162984322757e-02
4.088807953689865826e-02
4.184657620055531879e-02
4.296489328578445566e-02
4.439896906058038439e-02
4.639413136771963764e-02
4.441433425017748959e-02
4.243601737152857822e-02
4.072674259396080743e-02
3.928991106840840075e-02
3.809358740500101703e-02
3.709071863886492793e-02
3.623604335734853521e-02
3.549672082863253308e-02
3.485578468325911672e-02
3.430950336291971325e-02
3.386110881319837063e-02
3.351384846519067651e-02
3.326591413190271851e-02
3.310874238923133817e-02
3.302885130781874068e-02
3.301218542605965922e-02
3.304920505104291806e-02
3.313882809902679583e-02
3.328978435752105725e-02
3.351880089485348435e-02
3.384605917381122708e-02
3.428928518906104728e-02
3.485844619649469678e-02
3.555318912276561605e-02
3.636480593331725686e-02
3.728368056135877850e-02
3.831195843372370291e-02
3.947978152541509189e-02
4.086208882949904364e-02
4.259201375236898457e-02
4.486659409474214044e-02
4.265155344455706654e-02
4.056727369925283710e-02
3.871327280148761929e-02
3.710727401585245389e-02
3.573348144709598273e-02
3.455927320919727208e-02
3.354943252543307608e-02
3.267552759689351660e-02
3.191974944184039487e-02
3.127406175826763501e-02
3.073652330931508914e-02
3.030692293441461516e-02
2.998348775258818932e-02
2.976161066652593945e-02
2.963462814886952401e-02
2.959595470781550830e-02
2.964152031518096919e-02
2.977151275786127371e-02
2.999077877234412881e-02
3.030775132151575235e-02
3.073227241952736222e-02
3.127305325642737444e-02
3.193571936526495847e-02
3.272240689648242551e-02
3.363371408522652928e-02
3.467347639343643095e-02
3.585630924044380663e-02
3.721717709640870453e-02
3.882145815839521674e-02
4.077323797025655949e-02
4.321909751104158204e-02
4.144708572584931972e-02
3.914938356865604874e-02
3.707010447851644130e-02
3.523554363619041396e-02
3.364036395760194864e-02
3.226168076344038127e-02
3.107116991213842994e-02
3.004330046996983583e-02
2.915921731982962228e-02
2.840702101684655645e-02
2.777989920650725253e-02
2.727367088800747297e-02
2.688491531785075495e-02
2.661020257869495254e-02
2.644632692908999161e-02
2.639104801443181714e-02
2.644377434535272187e-02
2.660580396059231134e-02
2.688003719345033460e-02
2.727034546660433989e-02
2.778090338119909575e-02
2.841579355708745425e-02
2.917909845700705773e-02
3.007562364291516133e-02
3.111238365363533376e-02
3.230100959171977593e-02
3.366123123691977526e-02
3.522541193137840310e-02
3.704373335222044261e-02
3.918905063437705394e-02
4.175983756124423962e-02
4.057673832357977517e-02
3.801929839573858771e-02
3.568563709086447489e-02
3.360529347537521971e-02
3.177817028154095169e-02
3.018689530563278822e-02
2.880739255942899035e-02
2.761614484279562021e-02
2.659387165249427198e-02
2.572634246052984963e-02
2.500354868743670522e-02
2.441842821372119943e-02
2.396593234561805730e-02
2.364266470169695822e-02
2.344688854270771117e-02
2.337852069251766807e-02
2.343883094044940663e-02
2.362983918874306255e-02
2.395365476718325226e-02
2.441212294797878712e-02
2.500703299210726982e-02
2.574090059852096601e-02
2.661808149150601821e-02
2.764584621809262899e-02
2.883515170333339483e-02
3.020111857790652721e-02
3.176355014215914707e-02
3.354799945645936532e-02
3.558775705528205435e-02
3.792665592550292786e-02
4.062188391344534466e-02
3.994676138518116204e-02
3.711551990818406921e-02
3.452217980157001875e-02
3.219601117052661721e-02
3.013856761208444368e-02
2.833504247519158525e-02
2.676383443758822978e-02
2.540306268383574206e-02
2.423391575848654611e-02
2.324156630766083254e-02
2.241476710014467244e-02
2.174513027466673520e-02
2.122667040953274409e-02
2.085568911536483938e-02
2.063073557695815907e-02
2.055231806775736914e-02
2.062222389372436737e-02
2.084261334766779328e-02
2.121528399220551364e-02
2.174152415182106779e-02
2.242275173966845614e-02
2.326178122120836633e-02
2.426422470671241172e-02
2.543941376870861859e-02
2.680040105497027980e-02
2.836302618561603595e-02
3.014453260652771860e-02
3.216257129565747164e-02
3.443541971023478254e-02
3.698380473247198097e-02
3.983394897227299225e-02
3.955231504005496390e-02
3.644359562258614460e-02
3.358974073762510670e-02
3.101848664482531603e-02
2.873140039173449622e-02
2.671473450482153567e-02
2.494841132829606067e-02
2.341204314689093735e-02
2.208795933074725326e-02
2.096200312462315196e-02
2.002316568177775480e-02
1.926298863600095501e-02
1.867523803548465366e-02
1.825587585813082114e-02
1.800305736014706781e-02
1.791685016263500074e-02
1.799857827109008213e-02
1.824999389168624475e-02
1.867268130990851205e-02
1.926808349617203930e-02
2.003828482247627107e-02
2.098730653642633115e-02
2.212233944874242297e-02
2.345425302746662055e-02
2.499693092568122665e-02
2.676547641203796957e-02
2.877388389242696576e-02
3.103316669034938968e-02
3.355094696621563344e-02
3.633306522806378780e-02
3.938696720058487699e-02
3.943447850269876653e-02
3.604155286666355096e-02
3.292033008347061696e-02
3.009759764699992957e-02
2.757488893712434219e-02
2.533913032675627619e-02
2.337136159621877596e-02
2.165250621237646556e-02
2.016620155973214423e-02
1.889944813410693314e-02
1.784213281007396290e-02
1.698634134072563029e-02
1.632596451327117393e-02
1.585664769299910404e-02
1.557583985129440407e-02
1.548265619180710928e-02
1.557745326340409520e-02
1.586127524615221773e-02
1.633550508358894149e-02
1.700202948586593266e-02
1.786398910417119623e-02
1.892684626636764733e-02
2.019922536419471726e-02
2.169294277246081037e-02
2.342188383363463799e-02
2.539986990723264171e-02
2.763818307266774355e-02
3.014375184102391358e-02
3.291896290011209203e-02
3.596358014578981965e-02
3.927843415249299142e-02
3.964640060075907968e-02
3.595365952423890121e-02
3.254904748791886959e-02
2.945992261084029451e-02
2.668856301534106024e-02
2.422275233493564883e-02
2.204444686503848061e-02
2.013551376421673922e-02
1.848053888352296781e-02
1.706743256545451004e-02
1.588686671220784774e-02
1.493146209941187408e-02
1.419526586278152536e-02
1.367362280961970100e-02
1.336325403781302157e-02
1.326228069956414402e-02
1.337007156439540267e-02
1.368700009334133938e-02
1.421434571102508926e-02
1.495454824816988548e-02
1.591183050823019585e-02
1.709293265594169497e-02
1.850750640642218059e-02
2.016773117156844819e-02
2.208697109290369553e-02
2.427774012267036596e-02
2.674967018856477807e-02
2.950841395204406581e-02
3.255625977453746600e-02
3.589469320672833419e-02
3.952832358186242345e-02
4.023327086179051548e-02
3.621586281951749697e-02
3.250421482334786560e-02
2.912765450673759915e-02
2.608996493108861614e-02
2.337997737413388677e-02
2.098030705928977113e-02
1.887321232879912714e-02
1.704353790955792647e-02
1.547941703302058158e-02
1.417173124900727998e-02
1.311324118978518527e-02
1.229796318011722178e-02
1.172095660035665787e-02
1.137839516343319701e-02
1.126769767438418057e-02
1.138757760918451822e-02
1.173804224526975304e-02
1.232047367648192449e-02
1.313791500024308334e-02
1.419552922925504390e-02
1.550100297663448146e-02
1.706454996337924968e-02
1.889824019099251018e-02
2.101464999213931151e-02
2.342521334048797144e-02
2.613899486095760949e-02
2.916268380113251624e-02
3.250234315237321425e-02
3.616681477501515474e-02
4.017186239570946782e-02
4.122532218752894551e-02
3.685176109320309479e-02
3.280533499309967738e-02
2.911776935252419207e-02
2.579444051661994308e-02
2.282502444359124638e-02
2.019235139596275985e-02
1.787844840146135539e-02
1.586768971992569277e-02
1.414768656741216546e-02
1.270886601741949562e-02
1.154363945715886075e-02
1.064574539486784488e-02
1.000997877190457075e-02
9.632227147108096688e-03
9.509628249020352087e-03
9.640713322369265370e-03
1.002552341196860652e-02
1.066577431674886611e-02
1.156512438910795026e-02
1.272948070163693046e-02
1.416714081733516650e-02
1.588851923452239134e-02
1.790532437235015095e-02
2.022933519947400782e-02
2.287126904320757603e-02
2.584046938045503339e-02
2.914610242441995069e-02
3.280014541587661370e-02
3.682173292895640770e-02
4.124157979731535306e-02
4.263964033270895015e-02
3.787529172404902056e-02
3.346571577458234970e-02
2.944407612994837109e-02
2.581645449936331715e-02
2.257261668637511320e-02
1.969498146354453638e-02
1.716479918286495376e-02
1.496546305861556903e-02
1.308356657500553411e-02
1.150862591748591512e-02
1.023234145759488456e-02
9.247975240214145742e-03
8.550066427687852411e-03
8.134429433994228020e-03
7.998279021194321103e-03
8.140360663674073294e-03
8.561069040752045112e-03
9.262606575248355512e-03
1.024920258896599989e-02
1.152731069623769145e-02
1.310559339071915019e-02
1.499450077608344145e-02
1.720540441601769999e-02
1.974954691513630678e-02
2.263739084355620435e-02
2.587912216358745354e-02
2.948692383415618679e-02
3.347911995615504566e-02
3.788546983309970528e-02
4.275200187157679466e-02
4.448568299994803965e-02
3.929583059107244480e-02
3.449641766019340139e-02
3.011978141148574650e-02
2.617092238324403297e-02
2.263847082394931931e-02
1.950371559723862447e-02
1.674677414666803088e-02
1.434989846165990457e-02
1.229855871952167945e-02
1.058123652182985097e-02
9.188777125018532388e-03
8.113846874948649202e-03
7.350690726525499485e-03
6.895123884760323563e-03
6.744604776713458705e-03
6.898287771718969452e-03
7.357062020219018450e-03
8.123637836888519814e-03
9.202708722114039119e-03
1.060109992704383330e-02
1.232770920978509821e-02
1.439305948679248104e-02
1.680846169529104372e-02
1.958510873237173655e-02
2.273375243294140091e-02
2.626576487273268867e-02
3.019619559790953645e-02
3.454883345284542884e-02
3.936237099628669966e-02
4.469579772603538004e-02
4.677058330526051577e-02
4.112257217821024824e-02
3.590927262666809838e-02
3.115912514840601943e-02
2.687374922606977634e-02
2.303919398582365829e-02
1.963493519178882707e-02
1.663982914760708809e-02
1.403515520905784797e-02
1.180550357457832433e-02
9.938488587977190036e-03
8.424136684880068060e-03
7.254448794810741674e-03
6.423264662771543954e-03
5.926308469724972383e-03
5.761237429169341340e-03
5.927600464133320202e-03
6.426750382161117159e-03
7.261821279826108366e-03
8.437832880190399010e-03
9.961845564248505980e-03
1.184295669827406527e-02
1.409193002473330125e-02
1.672043253802257823e-02
1.974020561283396091e-02
2.316286216591834091e-02
2.700117320591743919e-02
3.127252069543828839e-02
3.600453933449898614e-02
4.124198447311755444e-02
4.705278832898329711e-02
4.950240895777824335e-02
4.336688737930671778e-02
3.771821614100190345e-02
3.257779168961860705e-02
2.794157774769701064e-02
2.379170002313912846e-02
2.010529518156545237e-02
1.686001790403679479e-02
1.403654451314650942e-02
1.161901089835737366e-02
9.594471584932762198e-03
7.952246606691915076e-03
6.683601337499567308e-03
5.781786172519787215e-03
5.242220388481655391e-03
5.062574420207965886e-03
5.242652521701529622e-03
5.784163297676059301e-03
6.690557971978705609e-03
7.967070479026006069e-03
9.620910730973264435e-03
1.166138835469610058e-02
1.409969567976077087e-02
1.694825584763748338e-02
2.021991028141201241e-02
2.392764075739250984e-02
2.808576060488121584e-02
3.271335962017474230e-02
3.784014186294371029e-02
4.351374522457263083e-02
4.980645915179593430e-02
5.269142119141179137e-02
4.604288196060224436e-02
3.993931459262967110e-02
3.439257354693836533e-02
2.939124281874683220e-02
2.491257800284074619e-02
2.093109045745222829e-02
1.742340361670358106e-02
1.436998760618735105e-02
1.175493715163611341e-02
9.565027719872887246e-03
7.788956474541919306e-03
6.417149832486757077e-03
5.442048184249870246e-03
4.858511241309315665e-03
4.664007008841508650e-03
4.858451931568197324e-03
5.443832685386951198e-03
6.423877495308261132e-03
7.804002110788132995e-03
9.591540393103059614e-03
1.179602798856649315e-02
1.442919517648988403e-02
1.750446692767582135e-02
2.103614715770163457e-02
2.503894216715707444e-02
2.952880890916276257e-02
3.452604484755283920e-02
4.006093526777476654e-02
4.618120418922444514e-02
5.295924323013423418e-02
5.635032427562691737e-02
4.916706637959578075e-02
4.259027029183926061e-02
3.662092918239068240e-02
3.123943410355423111e-02
2.641780499288870487e-02
2.212790669364039786e-02
1.834552915352105629e-02
1.505121922855323646e-02
1.222928402239631396e-02
9.866364634035562631e-03
7.950535931740887463e-03
6.471259600402845535e-03
5.419963127678784076e-03
4.790738249312198604e-03
4.580695638878751197e-03
4.789798384308596724e-03
5.420329597882300732e-03
6.476361037130118348e-03
7.963557374750962481e-03
9.889406745514861541e-03
1.226366190849148552e-02
1.509857644532530685e-02
1.840860979973513167e-02
2.220964226307842182e-02
2.651826981491467450e-02
3.135217266571999062e-02
3.673259380366289406e-02
4.268944716386613436e-02
4.926852111429980141e-02
5.653891609085803793e-02
6.049445895769167691e-02
5.275793443615839351e-02
4.568997247770312242e-02
3.928077183263667393e-02
3.350274196782265790e-02
2.832291008417087141e-02
2.371070564549881965e-02
1.964123769539583009e-02
1.609522284525155555e-02
1.305721831886330619e-02
1.051371472385653760e-02
8.452099719761463348e-03
6.860763969598338008e-03
5.729997841626754962e-03
5.053015630437585060e-03
4.826515653576279874e-03
5.050528722676972393e-03
5.727733571120552369e-03
6.862689503122965107e-03
8.461444224849401508e-03
1.053171007015407667e-02
1.308343016671642545e-02
1.612927118230800261e-02
1.968459134104705299e-02
2.376676382436926360e-02
2.839429466030196636e-02
3.358667984775820514e-02
3.936611310564330779e-02
4.576175166221219115e-02
5.281626199530364829e-02
6.059302897324414516e-02
6.514226767831132747e-02
5.683573839996824972e-02
4.925822080804209691e-02
4.239043982306611724e-02
3.619791728488053195e-02
3.064341299977968447e-02
2.569426698573806789e-02
2.132496066406019963e-02
1.751626846817089245e-02
1.425283833032153780e-02
1.152088131311757024e-02
9.307024497502425220e-03
7.598560223414096981e-03
6.384637919381930260e-03
5.657601424218228203e-03
5.413758395093282161e-03
5.653263388580853643e-03
6.379290020504413405e-03
7.597019690820161486e-03
9.313015120824275073e-03
1.153529064367830870e-02
1.427395945211173967e-02
1.754197904620014015e-02
2.135543026088271290e-02
2.573304184443259146e-02
3.069522441001026891e-02
3.626345025350019569e-02
4.246109683890608721e-02
4.931660722741071368e-02
5.686894951463727921e-02
6.517407184628609684e-02
7.031571269908454269e-02
6.142231597550562583e-02
5.331548168760491535e-02
4.596864493942121044e-02
3.934208522696280852e-02
3.339526354648114648e-02
2.809377588346251287e-02
2.341138102565309964e-02
1.932861009845510125e-02
1.582989963117142906e-02
1.290100388268911047e-02
1.052776775304664625e-02
8.696478442743682535e-03
7.395277738851291360e-03
6.615748117610564805e-03
6.353863322146935388e-03
6.609915832200385921e-03
7.387580794329551281e-03
8.692686341873923084e-03
1.053235802373819752e-02
1.291495687746646581e-02
1.585077574372917297e-02
1.935302092806523433e-02
2.343842994878286845e-02
2.812706774011530797e-02
3.344136191253710422e-02
3.940504406136824400e-02
4.604305103021033574e-02
5.338332980909399339e-02
6.146077888820400403e-02
7.032238455485639861e-02
7.604000962601276115e-02
6.654069970318232663e-02
5.788258862048678566e-02
5.003436122751736548e-02
4.295285173247975763e-02
3.659517143933044281e-02
3.092538026612601243e-02
2.591623573971446604e-02
2.154755765604932094e-02
1.780316898748424137e-02
1.466817851542145945e-02
1.212769963603932410e-02
1.016722953590942780e-02
8.774161407473002328e-03
7.939507647506616195e-03
7.658970321585911734e-03
7.932915578180654848e-03
8.765379851865873206e-03
1.016269070328235102e-02
1.213243621441506548e-02
1.468329369981802301e-02
1.782577012727415422e-02
2.157340878875402268e-02
2.594374807040367159e-02
3.095841422600642545e-02
3.664218630456161918e-02
4.302148305350783630e-02
5.012320242485657218e-02
5.797489887822848686e-02
6.660677207992193871e-02
7.605493398864382470e-02
8.234207303939911071e-02
7.221433741869986989e-02
6.298047780001070350e-02
5.460686751939647365e-02
4.704851948918076232e-02
4.026093997345014941e-02
3.420665996873140102e-02
2.885697932106268127e-02
2.419040436871000566e-02
2.018966146442835452e-02
1.683900526495563099e-02
1.412290267126081744e-02
1.202635178015043493e-02
1.053634505205991445e-02
9.643585540288768243e-03
9.343584226030543505e-03
9.636664345066492388e-03
1.052696068097702664e-02
1.202098584280975047e-02
1.412652082581189461e-02
1.685241284349103807e-02
2.020940153261108208e-02
2.421156102582244785e-02
2.887758858287270414e-02
3.423116811563886586e-02
4.030000569173353142e-02
4.711374852900007681e-02
5.470155198577231204e-02
6.309030106649515801e-02
7.230420319956465391e-02
8.236569324344600318e-02
8.924721866424079053e-02
7.846576488282153150e-02
6.863003864509664709e-02
5.970616777995019220e-02
5.164866776249255054e-02
4.441198231324960943e-02
3.795700144746660953e-02
3.225304430270625744e-02
2.727665039219573373e-02
2.300891509366920218e-02
1.943297447451186599e-02
1.653269346752495039e-02
1.429285021686155233e-02
1.270041323095938424e-02
1.174609514555413625e-02
1.142535802569000225e-02
1.173839442810731271e-02
1.268914492686690210e-02
1.428389429770504648e-02
1.653020588946674252e-02
1.943681074612868542e-02
2.301461732076859334e-02
2.727844306218685233e-02
3.224863195964644547e-02
3.795161690550230560e-02
4.441878244028885092e-02
5.168357712750548671e-02
5.977747983388326247e-02
6.872585079145210329e-02
7.854467589913838310e-02
8.923868824319924897e-02
9.677367428321304033e-02
8.531427637808519648e-02
7.485171257667389000e-02
6.535354399966308847e-02
5.677495381769404048e-02
4.906991371535696089e-02
4.219773978002194781e-02
3.612545463965943782e-02
3.082712944797094679e-02
2.628173900211550063e-02
2.247098048792395275e-02
1.937804331646475475e-02
1.698765160517723416e-02
1.528706887756925425e-02
1.426735991822170035e-02
1.392417057365946675e-02
1.425758948437305662e-02
1.527115263479572604e-02
1.697051426458529022e-02
1.936253689655131893e-02
2.245542213972839818e-02
2.626005787192298158e-02
3.079214855779355275e-02
3.607418739920831285e-02
4.213612950161405024e-02
4.901385597713669995e-02
5.674512487394167692e-02
6.536347578662571323e-02
7.489120422337691707e-02
8.533278488118867244e-02
9.666987856587638817e-02
1.049242853550822474e-01
9.277157174801686779e-02
8.166369261107320199e-02
7.157116264625074109e-02
6.245123820099252043e-02
5.425855959038017318e-02
4.695163857832085341e-02
4.049556869267689763e-02
3.486196851554268505e-02
3.002747777372860583e-02
2.597206712152910768e-02
2.267803683753299993e-02
2.013001423574678483e-02
1.831570356443990022e-02
1.722679527347281692e-02
1.685940180516354303e-02
1.721366996213191669e-02
1.829267613197771425e-02
2.010115438554294087e-02
2.264481503607385093e-02
2.593087379091230105e-02
2.996992492899153149e-02
3.477863408124903799e-02
4.038212595719414821e-02
4.681466948636625602e-02
5.411745677611179417e-02
6.233292990441441361e-02
7.149604537403320137e-02
8.162377675057541637e-02
9.270473592880534852e-02
1.046908246248676733e-01
1.136747175023629097e-01
1.008339087265994749e-01
8.907689523857698077e-02
7.837888912854396040e-02
6.870142923980893102e-02
6.000218169629079057e-02
5.224101713702111738e-02
4.538278858763078460e-02
3.939772410922159906e-02
3.426056737635008176e-02
2.994952129347439040e-02
2.644570196753193159e-02
2.373332245542769670e-02
2.180035706464877876e-02
2.063915389521753241e-02
2.024647548773828021e-02
2.062273142985304730e-02
2.177062886607927794e-02
2.369387657790866797e-02
2.639675735474611429e-02
2.988518522397498600e-02
3.416930391745154338e-02
3.926692277809706866e-02
4.520639487441258098e-02
5.202719658200294361e-02
5.977667452475543541e-02
6.850219561579251604e-02
7.823909727119371382e-02
8.899606527643300069e-02
1.007404817860333424e-01
1.133865898267458761e-01
1.229578713519003941e-01
1.094694828925639740e-01
9.708488803789805388e-02
8.578635674075485440e-02
7.554328788864950184e-02
6.632061733489535982e-02
5.808383992462040624e-02
5.080126378197746817e-02
4.444443734564629267e-02
3.898777507902195794e-02
3.440823052187624853e-02
3.068549625459127128e-02
2.780275236273155315e-02
2.574759249978342268e-02
2.451257323582467507e-02
2.409493244545046764e-02
2.449538760069458476e-02
2.571641531466184460e-02
2.776082601116058868e-02
3.063156756729767949e-02
3.433339462583262502e-02
3.887634693592190160e-02
4.428007249725851580e-02
5.057722201445358223e-02
5.781374461321320268e-02
6.604417983157873095e-02
7.532099600427955011e-02
8.567849312919406657e-02
9.711338846977923822e-02
1.095654788732645102e-01
1.229023210998434479e-01
1.326454239515442168e-01
1.186009690845821751e-01
1.056480748611647869e-01
9.377929539596152608e-02
8.297721056806039996e-02
7.322061988543282496e-02
6.448752952383074444e-02
5.675594096874192473e-02
5.000359788709829445e-02
4.420772318962917780e-02
3.934542537081142655e-02
3.539496272742326255e-02
3.233756302643087110e-02
3.015915650917122548e-02
2.885130951869996352e-02
2.841090009849267517e-02
2.883857833646175095e-02
3.013664719374276046e-02
3.230743190744078674e-02
3.535326689234352671e-02
3.927879042851145641e-02
4.409535372928985453e-02
4.982625020193154342e-02
5.651051707206988794e-02
6.420263646350576892e-02
7.296583419815760863e-02
8.285789733224646625e-02
9.391027664025841659e-02
1.061032645891373249e-01
1.193416842253895993e-01
1.334362733950342772e-01
1.425292945787077770e-01
1.280853013681735320e-01
1.146736038672315772e-01
1.023011188081000000e-01
9.097068404025776545e-02
8.068395868804145721e-02
7.144107348995021312e-02
6.323867349146894412e-02
5.606795410085396725e-02
4.991389485439867713e-02
4.475626083126371668e-02
4.057222605888455291e-02
3.733986240490594355e-02
3.504140764721341839e-02
3.366527757839321566e-02
3.320623805745981372e-02
3.366386588729142204e-02
3.504018182157153660e-02
3.733783540695867487e-02
4.056022776177314881e-02
4.471435105722321168e-02
4.981600865448854165e-02
5.589574538248598401e-02
6.300271008581148635e-02
7.120323338574507943e-02
8.057143990515669429e-02
9.117076480094965518e-02
1.030275349477278723e-01
1.161002569936613327e-01
1.302502532819289627e-01
1.452201868457336786e-01
1.523078217664988188e-01
1.376952133755366958e-01
1.239950536341893894e-01
1.112332182524369273e-01
9.944118546536628855e-02
8.865436997439246625e-02
7.890688884617702570e-02
7.022530268068294390e-02
6.262363562609607470e-02
5.610124975646613166e-02
5.064413179138682608e-02
4.622909507770600612e-02
4.282957472742054961e-02
4.042130771051688498e-02
3.898635690893570427e-02
3.851461152606816540e-02
3.900288146749630869e-02
4.045267707280686409e-02
4.286837792415099102e-02
4.625746189611845693e-02
5.063369233522507784e-02
5.602279361301043537e-02
6.246856677887535625e-02
7.003613643132666766e-02
7.880859207693902135e-02
8.887403164874285721e-02
1.003019483968046188e-01
1.131106662772367599e-01
1.272304754265292104e-01
1.424694363612957204e-01
1.584897947393528739e-01
5.187422478229564149e-02
4.942699184539378621e-02
4.744830452636961127e-02
4.590247505029765307e-02
4.471349505911348388e-02
4.379375271332719421e-02
4.306690510043154063e-02
4.248087367102471035e-02
4.200993257859408914e-02
4.164780741888307602e-02
4.139583749075370633e-02
4.125106280163493011e-02
4.119847178895952311e-02
4.120985203792315588e-02
4.124931228943751194e-02
4.128329804586883256e-02
4.129144883313529135e-02
4.127433664871205110e-02
4.125505738943502365e-02
4.127353432522795629e-02
4.137471228477807017e-02
4.159393058580462821e-02
4.194407722434334573e-02
4.240925622320901311e-02
4.294853882629467989e-02
4.351113055781752337e-02
4.406142929656198248e-02
4.460961863674128836e-02
4.524128645380187663e-02
4.613863236454562866e-02
4.758644502493325490e-02
4.803709352950136235e-02
4.596607810867681110e-02
4.424332361713823047e-02
4.285302884045449900e-02
4.174213858641451225e-02
4.084453174777991080e-02
4.010069390756143548e-02
3.946941976528250962e-02
3.893060270513615251e-02
3.848059912820644968e-02
3.812338148918570369e-02
3.786132081800985816e-02
3.768891283078801280e-02
3.759133868072694895e-02
3.754792283325514290e-02
3.753887466450578358e-02
3.755265830636744795e-02
3.759117968706959800e-02
3.767072556206585432e-02
3.781797940177966666e-02
3.806207172738140798e-02
3.842504950216607540e-02
3.891397439792854129e-02
3.951785043955169385e-02
4.021170613964386575e-02
4.096856612886767834e-02
4.177806936422712170e-02
4.266854030038302881e-02
4.372782623386228806e-02
4.511755481451018568e-02
4.707586253266526910e-02
4.540937150341051165e-02
4.343874804703773407e-02
4.173440276554174488e-02
4.030074068305111723e-02
3.910686880703906354e-02
3.810666689651043271e-02
3.725549006730943802e-02
3.652060272202106717e-02
3.588452272367703699e-02
3.534242387752328796e-02
3.489609008167349202e-02
3.454736568426142185e-02
3.429357875165806036e-02
3.412630493335200299e-02
3.403347139806101040e-02
3.400362583329297195e-02
3.403053382703546959e-02
3.411626066122153134e-02
3.427149100298265694e-02
3.451281586558252457e-02
3.485777103924192488e-02
3.531925878860420198e-02
3.590139615789667005e-02
3.659871718036811217e-02
3.740003442499073572e-02
3.829723827584530227e-02
3.929810005251965777e-02
4.044094212304116809e-02
4.180811122205341235e-02
4.353473091975956777e-02
4.580939249706261762e-02
4.359234432149605709e-02
4.154726314800427645e-02
3.971955816223271540e-02
3.813027293335835566e-02
3.676652222839038586e-02
3.559819854899615166e-02
3.459219268893320987e-02
3.372171338742191438e-02
3.297002038925711531e-02
3.232946898958743986e-02
3.179779525908088544e-02
3.137385511649881664e-02
3.105461176244261878e-02
3.083428671607180149e-02
3.070559977504672133e-02
3.066224663939465245e-02
3.070140701402124250e-02
3.082519870577016263e-02
3.104047026317857672e-02
3.135697726747821434e-02
3.178458699630937190e-02
3.233054457223261124e-02
3.299792993766459404e-02
3.378624737706559245e-02
3.469467474542398122e-02
3.572795227728420286e-02
3.690427534002083121e-02
3.826397202192310942e-02
3.987724441026330169e-02
4.184894115905990475e-02
4.431830531427749520e-02
4.229732557632814860e-02
4.007893826883446309e-02
3.805454319262935314e-02
3.625668413451421657e-02
3.468510686116133002e-02
3.332098360306190443e-02
3.213924865258377395e-02
3.111701825946511235e-02
3.023753878369461745e-02
2.949039525526586658e-02
2.886950224444717605e-02
2.837055652165076935e-02
2.798923453963197971e-02
2.772071460753977590e-02
2.756038355914824933e-02
2.750510226724145468e-02
2.755427848524050205e-02
2.771019425881604548e-02
2.797743543897013296e-02
2.836167570058023557e-02
2.886833961201773491e-02
2.950173118824750418e-02
3.026509489609452430e-02
3.116184852342485101e-02
3.219799475346007966e-02
3.338551788283439237e-02
3.474642513674552902e-02
3.631693750253361941e-02
3.815114783219542005e-02
4.032323310775609571e-02
4.292710537606581056e-02
4.135298101346052135e-02
3.891119301306389389e-02
3.665759594832707080e-02
3.463138269989940454e-02
3.283996668824329390e-02
3.127156699611077784e-02
2.990624934136576485e-02
2.872368104362976737e-02
2.770714511825644877e-02
2.684444945452924003e-02
2.612698929522139224e-02
2.554829029693905795e-02
2.510298597394466924e-02
2.478659116241033189e-02
2.459589621616942168e-02
2.452950756696736789e-02
2.458807123002770822e-02
2.477396457743452629e-02
2.509056687858901569e-02
2.554146779948496260e-02
2.613002677435360965e-02
2.685956011373491492e-02
2.773418894366841414e-02
2.876015708034174168e-02
2.994732407432820764e-02
3.131059741508579464e-02
3.287121145967830671e-02
3.465789475285419030e-02
3.670796202482051740e-02
3.906816256812817301e-02
4.179477671345921408e-02
4.068760249265324092e-02
3.799709952681951108e-02
3.549984054279775592e-02
3.323821507501634187e-02
3.122367684954951983e-02
2.944838588382481248e-02
2.789547040538309375e-02
2.654634809687195229e-02
2.538471888624371786e-02
2.439781104021676583e-02
2.357598488288203953e-02
2.291182746591857722e-02
2.239951146589191922e-02
2.203467641106726660e-02
2.181465577541530365e-02
2.173867124474782031e-02
2.180769149890693370e-02
2.202390668026055209e-02
2.239003959584806580e-02
2.290886657920054859e-02
2.358325609111489030e-02
2.441680778247246053e-02
2.541488827500870684e-02
2.658566505215276266e-02
2.794073843233491061e-02
2.949517701836157357e-02
3.126707230694591999e-02
3.327699844840026344e-02
3.554782862693173229e-02
3.810514903739203874e-02
4.097805415221955627e-02
4.029772996909741778e-02
3.734058932968764566e-02
3.458800730186339933e-02
3.208381836066109827e-02
2.984143480080092559e-02
2.785505253496012301e-02
2.610954203191795386e-02
2.458755425232084235e-02
2.327348435755993705e-02
2.215483398504147772e-02
2.122200116309613804e-02
2.046754293286312532e-02
1.988561963787560671e-02
1.947186570782832860e-02
1.922353523832498468e-02
1.913961102354733157e-02
1.922064226437214529e-02
1.946830369161034469e-02
1.988489539326110389e-02
2.047310117814049590e-02
2.123621879127313150e-02
2.217883853063540300e-02
2.330768010142492130e-02
2.463215782336192206e-02
2.616430940997815924e-02
2.791799437454756116e-02
2.990763907291693613e-02
3.214708587393033667e-02
3.464916327538958285e-02
3.742632594799033541e-02
4.049219160697248299e-02
4.021473786633578129e-02
3.697054206986649660e-02
3.394623412987129996e-02
3.118668500883359229e-02
2.870639367665717145e-02
2.650058695417101262e-02
2.455503314013185445e-02
2.285312863796207239e-02
2.137988876756935497e-02
2.012335016297583934e-02
1.907437244540233223e-02
1.822586001929948907e-02
1.757212343522951414e-02
1.710865928112070833e-02
1.683225723354553338e-02
1.674116370577394264e-02
1.683508697715296876e-02
1.711500372312002582e-02
1.758291865280625643e-02
1.824179917457513511e-02
1.909581547442940064e-02
2.015081948775332421e-02
2.141478909197758185e-02
2.289788915186363738e-02
2.461190959184023086e-02
2.656912914608255960e-02
2.878098363999015419e-02
3.125714834231985151e-02
3.400561150783687481e-02
3.703398124525847379e-02
4.035169236453839403e-02
4.047810126849071821e-02
3.692053206668788334e-02
3.360191203137219418e-02
3.056834272592823254e-02
2.783513098347611958e-02
2.539797571989765856e-02
2.324289369516918669e-02
2.135343535974243423e-02
1.971478984978602966e-02
1.831524741919565713e-02
1.714597845762000361e-02
1.620015291109666578e-02
1.547215779612542974e-02
1.495725448967277771e-02
1.465164914816341479e-02
1.455274904492398491e-02
1.465938281489798101e-02
1.497188795838155784e-02
1.549212271675060038e-02
1.622351971855096053e-02
1.717124343122122809e-02
1.834237208458944224e-02
1.974590761528816074e-02
2.139239993539376883e-02
2.329311810990475351e-02
2.545896575884398771e-02
2.789959245046702563e-02
3.062327392854058417e-02
3.363797818747116253e-02
3.695360619076382136e-02
4.058478177330471226e-02
4.111954821564722806e-02
3.721733284601214109e-02
3.357780229271156713e-02
3.024828550587699283e-02
2.724458143347874284e-02
2.456233830889686942e-02
2.218718521726259496e-02
2.010215396239800612e-02
1.829196009020961355e-02
1.674457176295618410e-02
1.545100385487785388e-02
1.440436295422387047e-02
1.359893766277764371e-02
1.302973466295043181e-02
1.269249644929004717e-02
1.258401540144404862e-02
1.270251475580153055e-02
1.304795652868051548e-02
1.362224170770787168e-02
1.442933394264400704e-02
1.547530687457765453e-02
1.676824614514771383e-02
1.831788636354758637e-02
2.013492053629306611e-02
2.223008909459167626e-02
2.461338736429752316e-02
2.729390314379998017e-02
3.028078486613594578e-02
3.358554836904659169e-02
3.722539387172218994e-02
4.122654775574119412e-02
4.215791019942116691e-02
3.787776876924908720e-02
3.389006127963511972e-02
3.024255359559901990e-02
2.695074751864012796e-02
2.400950936771550914e-02
2.140341279846325051e-02
1.911434819794521900e-02
1.712596182187553495e-02
1.542534047075605486e-02
1.400285741055995459e-02
1.285120221166380361e-02
1.196439946102145768e-02
1.133725412046260317e-02
1.096530023050945601e-02
1.084510356849932577e-02
1.097470529384736437e-02
1.135403396529000020e-02
1.198520878642739262e-02
1.287269538806867786e-02
1.402327252526447410e-02
1.544573843420948833e-02
1.715029911974852439e-02
1.914769661198079120e-02
2.144832871181279188e-02
2.406183058792521479e-02
2.699769320133782458e-02
3.026735465664387448e-02
3.388778933549474459e-02
3.788595128753513563e-02
4.230271585493028397e-02
4.360151356195274275e-02
3.891121503238537116e-02
3.455015295367047656e-02
3.056473072228982346e-02
2.696874761750223115e-02
2.375530469907971565e-02
2.090728401799424319e-02
1.840501751394185703e-02
1.623076074838536442e-02
1.437041639246672275e-02
1.281342308584498824e-02
1.155181433011875924e-02
1.057923679297800845e-02
9.890356677715317346e-03
9.480744053234957391e-03
9.347107912617502734e-03
9.487692422226245981e-03
9.902678872094838880e-03
1.059450239245052217e-02
1.156801996512513142e-02
1.283045678246708121e-02
1.439103913526196266e-02
1.626028210830554599e-02
1.844904720201157033e-02
2.096773082575964509e-02
2.382616299109940883e-02
2.703486194150173105e-02
3.060808385544078192e-02
3.456856170032551745e-02
3.895305127707615611e-02
4.381699031910102349e-02
4.545393203625280876e-02
4.032435983026516624e-02
3.556818631750502391e-02
3.122781411002506502e-02
2.731346033215231728e-02
2.381534475080115953e-02
2.071415985665225890e-02
1.798857174162549200e-02
1.561950131872436032e-02
1.359171757712829276e-02
1.189369470375822857e-02
1.051671568200163165e-02
9.453959705183478945e-03
8.699946739852748578e-03
8.250394575952668674e-03
8.102364423393737525e-03
8.254533299805189017e-03
8.707487248102552257e-03
9.463977611630980391e-03
1.052909244663169375e-02
1.191024832587572746e-02
1.361688070119271288e-02
1.565976601250440581e-02
1.805009638337651268e-02
2.079871234036545502e-02
2.391615957913018065e-02
2.741431566573737655e-02
3.131008385298628127e-02
3.563103087026320281e-02
4.042194052135528182e-02
4.575032982438642648e-02
4.771958492437988752e-02
4.212549271051102551e-02
3.695575600067968480e-02
3.224576313095894875e-02
2.800013088017294649e-02
2.420515100493503269e-02
2.083905232302640798e-02
1.787904370030446444e-02
1.530510360771586420e-02
1.310121313872514293e-02
1.125505786922076368e-02
9.757165041719417786e-03
8.600127868817253329e-03
7.778185013194161002e-03
7.287127541530935559e-03
7.124374862542026676e-03
7.289089403457182925e-03
7.782290049362927675e-03
8.606989094005257357e-03
9.768351577804423869e-03
1.127378648288868135e-02
1.313279895020968979e-02
1.535646129195811227e-02
1.795656579724891344e-02
2.094485120142053347e-02
2.433302548888605088e-02
2.813444899584283121e-02
3.236809941608953523e-02
3.706478145522851264e-02
4.227452824216015870e-02
4.807307081955514150e-02
5.040723195270402357e-02
4.432689910572662484e-02
3.872735506229219027e-02
3.363417622040287824e-02
2.904461869457009016e-02
2.494026269232563209e-02
2.129684850388002815e-02
1.809055747162346961e-02
1.530100350646534935e-02
1.291186247635778273e-02
1.091028451332931581e-02
9.286041461791683105e-03
8.030956272932598949e-03
7.138727452911552973e-03
6.604987353512115078e-03
6.427367284231877420e-03
6.605453590054821689e-03
7.140678068026318215e-03
8.036278584768297151e-03
9.297415268520126119e-03
1.093138015312433708e-02
1.294767390572815202e-02
1.535771115504758200e-02
1.817409895829769084e-02
2.140981862430635374e-02
2.507805400637153070e-02
2.919364346507791197e-02
3.377695771996513940e-02
3.886033171875169501e-02
4.449608686309147743e-02
5.076395386140575283e-02
5.353101802575110923e-02
4.694522420868452173e-02
4.090035205535968998e-02
3.541012440291524399e-02
3.046326177809532965e-02
2.603623272170807468e-02
2.210246449612895958e-02
1.863760727610497270e-02
1.562147620279574767e-02
1.303788217910550884e-02
1.087364295221959765e-02
9.117727348098014772e-03
7.760949819726192800e-03
6.796147206841851585e-03
6.218495163011539262e-03
6.025637641869252548e-03
6.217506411303475033e-03
6.795960847739479505e-03
7.764515028611640446e-03
9.128357298322953284e-03
1.089465148288581986e-02
1.307285886832687538e-02
1.567472614260623232e-02
1.871373989888525102e-02
2.220426614712778246e-02
2.616109789596521296e-02
3.060048208863008767e-02
3.554361831811547745e-02
4.102298454608899192e-02
4.709069414911937201e-02
5.382673110170799191e-02
5.710976348109397804e-02
5.000045902761485195e-02
4.349405462198774330e-02
3.759148132394329878e-02
3.227250572490447666e-02
2.750848151299578603e-02
2.327079402675735764e-02
1.953495785619452363e-02
1.628137100396997994e-02
1.349424184536474058e-02
1.116014174385782098e-02
9.267141326631644915e-03
7.804817128885588318e-03
6.764855884512144257e-03
6.141718731214496074e-03
5.932902679887774866e-03
6.138656422990607098e-03
6.761354412446962669e-03
7.804937169566983357e-03
9.274763552639342379e-03
1.117794290257734247e-02
1.352387902534246678e-02
1.632455971957824659e-02
1.959424071083049057e-02
2.334859594338922761e-02
2.760399115959444316e-02
3.237800422448344762e-02
3.769235550407756818e-02
4.357883701050013769e-02
5.008767259778323933e-02
5.729627140681259334e-02
6.116550278693466680e-02
5.351441870516282506e-02
4.652850306865730090e-02
4.019614947810623562e-02
3.448849698725098278e-02
2.937208836010540836e-02
2.481650445133709582e-02
2.079728528497071238e-02
1.729550375148392050e-02
1.429579549039772246e-02
1.178445624850610329e-02
9.748570181727700401e-03
8.176338133807803388e-03
7.058136761315836338e-03
6.387569635990075767e-03
6.161911118397256359e-03
6.381749787578883115e-03
7.050102180073736235e-03
8.171531237167073414e-03
9.751763894200848881e-03
1.179798118118924322e-02
1.431952809616632294e-02
1.732850078951742034e-02
2.083970925286848797e-02
2.486992633475892944e-02
2.943697016235091724e-02
3.455973735162842786e-02
4.026046431044960627e-02
4.657001819396100473e-02
5.353588896559813293e-02
6.123103518712014193e-02
6.572203205450932728e-02
5.750939660720177926e-02
5.002350833365198923e-02
4.324152042863715906e-02
3.712684930815157713e-02
3.164168704370240448e-02
2.675389440992148593e-02
2.243888907833024859e-02
1.867819336848697276e-02
1.545668369226405048e-02
1.276028415827568097e-02
1.057507933523993415e-02
8.887920616643896210e-03
7.687895515800846624e-03
6.967749586692661978e-03
6.724523439515905920e-03
6.959163694773451425e-03
7.675406520320393611e-03
8.878578460098651703e-03
1.057494504311762284e-02
1.277189549546164926e-02
1.547875564392597880e-02
1.870764588056772482e-02
2.247375734441448003e-02
2.679479175549204228e-02
3.168996587737638038e-02
3.717962824339338113e-02
4.328680752223590389e-02
5.004164871115790447e-02
5.748864258566754870e-02
6.569504262415648554e-02
7.080374760698759928e-02
6.200733847526862519e-02
5.399824935739161447e-02
4.674442531722888816e-02
4.020280621716665337e-02
3.433169519394141389e-02
2.909709375308011658e-02
2.447383419348625466e-02
2.044338082032481907e-02
1.699050038951099850e-02
1.410063544108197675e-02
1.175897323855679133e-02
9.951228166471537406e-03
8.665403648137726123e-03
7.893501910984923597e-03
7.632336250935622957e-03
7.883146309723088052e-03
8.650319769913039636e-03
9.939933345776807982e-03
1.175885227439721348e-02
1.411478290901868604e-02
1.701714008595445193e-02
2.047813694116484839e-02
2.451337939510267461e-02
2.914155650341854198e-02
3.438345758786454098e-02
4.026123002677195473e-02
4.679916670238526422e-02
5.402706865379514056e-02
6.198629953132694936e-02
7.073721034043956024e-02
7.643458974234818015e-02
6.702953662716026884e-02
5.847153063041332643e-02
5.072173525968537433e-02
4.373198681514622876e-02
3.745707838970702142e-02
3.186080201157892589e-02
2.691669488649495179e-02
2.260545232320509967e-02
1.891127310364026926e-02
1.581901448571443325e-02
1.331316783875990950e-02
1.137866825848732333e-02
1.000277448770248157e-02
9.176929673685663147e-03
8.897698518921970390e-03
9.166423224996833596e-03
9.987880859625875019e-03
1.136867637796967756e-02
1.331617413325147936e-02
1.583844829292502254e-02
1.894518700282787904e-02
2.264897621353156865e-02
2.696618545814999379e-02
3.191691164738585940e-02
3.752402212467131903e-02
4.381203998264027177e-02
5.080705929867690429e-02
5.853877508934601792e-02
6.704493430606817128e-02
7.637721665719254815e-02
8.263652745881699957e-02
7.259648607578128576e-02
6.346250761362171033e-02
5.519153324439685093e-02
4.773170277530880412e-02
4.103464153467939468e-02
3.506150292378151789e-02
2.978372527286410332e-02
2.518043915324597037e-02
2.123476228052822989e-02
1.793084770770292380e-02
1.525271746595535660e-02
1.318493838482481806e-02
1.171441692076768959e-02
1.083224670196614170e-02
1.053469084399694111e-02
1.082290305430433364e-02
1.170162681319197873e-02
1.317758353616227396e-02
1.525836912696831860e-02
1.795239005150506273e-02
2.126983376547286753e-02
2.522412674625229556e-02
2.983306458099832525e-02
3.511894424627826083e-02
4.110754830117002712e-02
4.782652350240823580e-02
5.530420556351600681e-02
6.356998114824818913e-02
7.265669281650843914e-02
8.260447621637467819e-02
8.942669863245100714e-02
7.872711081836314406e-02
6.899121423157339450e-02
6.017431750660762191e-02
5.222239025897579268e-02
4.508441459074674640e-02
3.871867450925492449e-02
3.309386906130384887e-02
2.818686249247548403e-02
2.397919307531992672e-02
2.045414416420499037e-02
1.759542138722736127e-02
1.538756736971436112e-02
1.381749394147391286e-02
1.287615099272443331e-02
1.255945560342297540e-02
1.286807150336244376e-02
1.380623082968668314e-02
1.538025668833142845e-02
1.759757978652487509e-02
2.046679439081344754e-02
2.399877722837118199e-02
2.820834063913935097e-02
3.311556038624985376e-02
3.874597977710436680e-02
4.512934950889757602e-02
5.229723045113132684e-02
6.028037389114615507e-02
6.910698884985322366e-02
7.880263706942969293e-02
8.939160650038502354e-02
9.681205948345450452e-02
8.543607923274976201e-02
7.507761811939417385e-02
6.569304708591516828e-02
5.722808131486090133e-02
4.963015867997455643e-02
4.285508700650098035e-02
3.686872596608736785e-02
3.164533355675303028e-02
2.716451798823982244e-02
2.340848849235044327e-02
2.036063531875242916e-02
1.800564793427383847e-02
1.633068321598329931e-02
1.532672843609361735e-02
1.498937119094989612e-02
1.531858634507443639e-02
1.631770136327759246e-02
1.799214422999284579e-02
2.034872233753048931e-02
2.339595404737337958e-02
2.714547255664001568e-02
3.161394859262145474e-02
3.682459459469100693e-02
4.280730532036614022e-02
4.959688170538356644e-02
5.722946640207737801e-02
6.573799162424620590e-02
7.514782348880544305e-02
8.547366888114993344e-02
9.671815370847980375e-02
1.047803360925172456e-01
9.272760005205782363e-02
8.173743653696874389e-02
7.177028657133632805e-02
6.277431593525761855e-02
5.469760500045595109e-02
4.749504154824535362e-02
4.113057097902128589e-02
3.557623823735411861e-02
3.080974939825864567e-02
2.681209064553513599e-02
2.356617500186075631e-02
2.105676965982183901e-02
1.927132289995370229e-02
1.820097692893796193e-02
1.784108479000678926e-02
1.819090937578948797e-02
1.925267447450096370e-02
2.103055014049459714e-02
2.353028620473196497e-02
2.675997419464692939e-02
3.073190976647310890e-02
3.546491552742736530e-02
4.098604782348047593e-02
4.733053485006166738e-02
5.453916568012573407e-02
6.265306602381315315e-02
7.170661192549232510e-02
8.171984312502900138e-02
9.269188954294804716e-02
1.045965229166085919e-01
1.132864793094086053e-01
1.005842784065862361e-01
8.897298055626379210e-02
7.842066083458121284e-02
6.888185099523980170e-02
6.030907856165867997e-02
5.265959546795784263e-02
4.589791635271467385e-02
3.999544661496656772e-02
3.492872308402183990e-02
3.067761005922875484e-02
2.722429431037198810e-02
2.455329045275789213e-02
2.265212086024348537e-02
2.151204931419670174e-02
2.112830443547863979e-02
2.149957141796221549e-02
2.262700059736744151e-02
2.451335742125593242e-02
2.716303257648178260e-02
3.058336172944109421e-02
3.478713103868358303e-02
3.979547107246617088e-02
4.563982563422541716e-02
5.236156149248927250e-02
6.000816935829789145e-02
6.862582156145435874e-02
7.824907376584633312e-02
8.888938620248154621e-02
1.005245956632734305e-01
1.130913053632411902e-01
1.222349332897465501e-01
1.089506356115634844e-01
9.675820780603316962e-02
8.563764235532289604e-02
7.555526427859149408e-02
6.647387063094356563e-02
5.835854665974693489e-02
5.117888504173606634e-02
4.490884037181785970e-02
3.952558021865115734e-02
3.500845789574213995e-02
3.133873446824964049e-02
2.850010152042159461e-02
2.647959072641015155e-02
2.526826035148133087e-02
2.486117940043186536e-02
2.525662328025646275e-02
2.645488062307777000e-02
2.845743046054849401e-02
3.126728604183881544e-02
3.489094517181001720e-02
3.934169941658183234e-02
4.464325993467355147e-02
5.083204634456706117e-02
5.795632911258508102e-02
6.607085894825104333e-02
7.522660840663775161e-02
8.545654964973437018e-02
9.675962335404619807e-02
1.090858337213376217e-01
1.223254634298882593e-01
1.314598355056659784e-01
1.177127873361314414e-01
1.050190248738545051e-01
9.337543426499905763e-02
8.276711574126238702e-02
7.317508942742279032e-02
6.458011262111540418e-02
5.696363697757078626e-02
5.030725350684406294e-02
4.459191141290830274e-02
3.979780901067897503e-02
3.590527776361795986e-02
3.289640105708713236e-02
3.075671517638056685e-02
2.947626459956609324e-02
2.904955378198792459e-02
2.947445391282599303e-02
3.075068794078106293e-02
3.287888330578425666e-02
3.586115559210156789e-02
3.970369257262973406e-02
4.442094782234562445e-02
5.004008199989584682e-02
5.660355625559532200e-02
6.416760187357795076e-02
7.279484587570550502e-02
8.254061373281729175e-02
9.343408672611985821e-02
1.054571212690689208e-01
1.185246584464039188e-01
1.324709031722477448e-01
1.407073697248506505e-01
1.266781336571511929e-01
1.136122827056169626e-01
1.015289877639133920e-01
9.044034241605913849e-02
8.035537174828277784e-02
7.128047685864657979e-02
6.321788834361541376e-02
5.616379712341768027e-02
5.010749751158982690e-02
4.503223234371489525e-02
4.091767046242011929e-02
3.774328876146171297e-02
3.549158584468159461e-02
3.415011919832977583e-02
3.371183060858129465e-02
3.417384206727547280e-02
3.553561364219604002e-02
3.779776840838167118e-02
4.096279711143324676e-02
4.503819074921011634e-02
5.004146085570937430e-02
5.600531598156521795e-02
6.298037814462986717e-02
7.103263894873634854e-02
8.023356472085652058e-02
9.064232503214952885e-02
1.022816995537141338e-01
1.151112874715636281e-01
1.290031120448702495e-01
1.437251036347788613e-01
1.496261481568126328e-01
1.355609333854772558e-01
1.223090562955349014e-01
1.099172446674856474e-01
9.843333134358545067e-02
8.790517572083444975e-02
7.837618222697528836e-02
6.987979495193030743e-02
6.243518974451944814e-02
5.604570207071901677e-02
5.070052118855983281e-02
4.637912606858662912e-02
4.305712635876091099e-02
4.071182374261184123e-02
3.932603059774919529e-02
3.888940152296527231e-02
3.939752089445391903e-02
4.084990893284157210e-02
4.324861755389974860e-02
4.659893481971266738e-02
5.091287199638827587e-02
5.621475729276426136e-02
6.254681522636929003e-02
6.997157290084032866e-02
7.856775337199906062e-02
8.841722976353594277e-02
9.958254635557750589e-02
1.120770660489824877e-01
1.258323284132529807e-01
1.406689944905110679e-01
1.562782300428580129e-01
5.195603676941118465e-02
4.980526218366776448e-02
4.804907431218907732e-02
4.666635983949163347e-02
4.559659822211870051e-02
4.476558593046320311e-02
4.410627064268624054e-02
4.357102328130224578e-02
4.313437345950887902e-02
4.278786772999865207e-02
4.253058940844312019e-02
4.235954875878178427e-02
4.226353630360790703e-02
4.222239540467853658e-02
4.221158067457508878e-02
4.220996971025670064e-02
4.220775370981755259e-02
4.221117762699577725e-02
4.224191400339805114e-02
4.233063225865407730e-02
4.250633482251942041e-02
4.278468395136769686e-02
4.315935126442127512e-02
4.360012175720839878e-02
4.406009382478259795e-02
4.449213652492289839e-02
4.487229603864761884e-02
4.522565828438018798e-02
4.564881196154146892e-02
4.632287216179520328e-02
4.751214136479120498e-02
4.859277665718764183e-02
4.673183938791680703e-02
4.515441288947386056e-02
4.385873434910081414e-02
4.280669373338241712e-02
4.194556937494553495e-02
4.122592575203043452e-02
4.061249016852741534e-02
4.008712912667533601e-02
3.964526808232449184e-02
3.928865151544869150e-02
3.901786393157635757e-02
3.882748936302959919e-02
3.870543390530656325e-02
3.863626039924383804e-02
3.860691517184022814e-02
3.861240734613602399e-02
3.865904356189275859e-02
3.876368091596305021e-02
3.894884546161847538e-02
3.923505200100407819e-02
3.963280442258110270e-02
4.013722370700634201e-02
4.072788860275977640e-02
4.137535064455732936e-02
4.205414959756126336e-02
4.276038650482405501e-02
4.353040930868701253e-02
4.445628827897962765e-02
4.569372875232602382e-02
4.745895073483552551e-02
4.618282427827580250e-02
4.437930700942160911e-02
4.278451107506953122e-02
4.141576833274029923e-02
4.025575637751899194e-02
3.927071496934786410e-02
3.842578421182452075e-02
3.769471924151446274e-02
3.706319325135609688e-02
3.652674883585405041e-02
3.608572414816535456e-02
3.573986734431855439e-02
3.548487487114471151e-02
3.531198390169265622e-02
3.521044080571300583e-02
3.517157510486867977e-02
3.519266802277343231e-02
3.527893686896277359e-02
3.544267605275308597e-02
3.569964028611138929e-02
3.606379075426957570e-02
3.654223812736745458e-02
3.713239550643265829e-02
3.782295741029884084e-02
3.859944590885788784e-02
3.945391378783824621e-02
4.039724152335111285e-02
4.147154996394419868e-02
4.275978142231906531e-02
4.438957595425563341e-02
4.652922150501126453e-02
4.444330175556387985e-02
4.254857654859733884e-02
4.081879058026061102e-02
3.928694551905209664e-02
3.795224079192394129e-02
3.679549378387036995e-02
3.579246763450782964e-02
3.492272523820361130e-02
3.417329167666594003e-02
3.353795217742572277e-02
3.301403607565589482e-02
3.259882049087536871e-02
3.228726206702958734e-02
3.207186914733028971e-02
3.194451688250410371e-02
3.189922424962787773e-02
3.193459242174867541e-02
3.205480044789510430e-02
3.226865246597299119e-02
3.258693616453456343e-02
3.301902089560826425e-02
3.356999373818325694e-02
3.423959413021293585e-02
3.502380552799877478e-02
3.591929735921439715e-02
3.693017777686691261e-02
3.807585722279327456e-02
3.939838650330784731e-02
4.096746733353029413e-02
4.288147552597365575e-02
4.526326031441385567e-02
4.316854974399575440e-02
4.109573852883841028e-02
3.916807175119174644e-02
3.742958244060901052e-02
3.589091751427986310e-02
3.454275583567323338e-02
3.336771330987176043e-02
3.234862890792555845e-02
3.147256158740674437e-02
3.073114413757593866e-02
3.011878090910613537e-02
2.963038607185808360e-02
2.925998273258301197e-02
2.900075097704757354e-02
2.884632969107769895e-02
2.879262061878762324e-02
2.883918186398659600e-02
2.898952442865265766e-02
2.925012700234219665e-02
2.962852294513140805e-02
3.013122021275194129e-02
3.076232822331803618e-02
3.152359841169527499e-02
3.241618741776619572e-02
3.344398160788841778e-02
3.461789915218105307e-02
3.596030952758155763e-02
3.750860858735904912e-02
3.931703469652347849e-02
4.145596771513737622e-02
4.400817924442890217e-02
4.223723216000507819e-02
3.993804198262296268e-02
3.778112559120927472e-02
3.581719963381146954e-02
3.406380387491481088e-02
3.251744667022649082e-02
3.116462026389399398e-02
2.998976402835751287e-02
2.897953535676833781e-02
2.812389629445988248e-02
2.741525065175665077e-02
2.684703219529183116e-02
2.641281282103591366e-02
2.610639141857973300e-02
2.592269273418423836e-02
2.585890435329929460e-02
2.591520330406638095e-02
2.609465953810286010e-02
2.640231195982778445e-02
2.684379985566920368e-02
2.742415146713028662e-02
2.814730108002549969e-02
2.901666056186513742e-02
3.003672109753097175e-02
3.121533509147411678e-02
3.256613457051571459e-02
3.411051897728611948e-02
3.587875169478138559e-02
3.790986674493979081e-02
4.025021526354066737e-02
4.295054387262098317e-02
4.160013206001167418e-02
3.904521679532990674e-02
3.664082307432181551e-02
3.444113486125388590e-02
3.246722889002739976e-02
3.071853529991130927e-02
2.918338991503333091e-02
2.784686811517644855e-02
2.669526206767613985e-02
2.571761560398044821e-02
2.490538801635011623e-02
2.425147102303526481e-02
2.374949819432004006e-02
2.339385754703471321e-02
2.318028940044314368e-02
2.310662756826786790e-02
2.317319762732950039e-02
2.338260747364984127e-02
2.373898912810545880e-02
2.424704071563610341e-02
2.491132952491170727e-02
2.573622047930257395e-02
2.672654127491114195e-02
2.788880137450178154e-02
2.923257334259687923e-02
3.077159751956060063e-02
3.252428208497804007e-02
3.451347436475771246e-02
3.676555950914917048e-02
3.930901916828588583e-02
4.217250497913482832e-02
4.125711377264451585e-02
3.842253277935014921e-02
3.575398193970613647e-02
3.330719611676613567e-02
3.110470545266252884e-02
2.914703356054815231e-02
2.742309867903713894e-02
2.591805988885198531e-02
2.461795731653637631e-02
2.351149152832476830e-02
2.258991680309918593e-02
2.184618762112222612e-02
2.127425133085125708e-02
2.086891197177465074e-02
2.062621465574920876e-02
2.054400156339397654e-02
2.062224596011219546e-02
2.086294063610694138e-02
2.126958763165021082e-02
2.184655337532603880e-02
2.259863033032161184e-02
2.353103767927677836e-02
2.464988697374792537e-02
2.596290841211157385e-02
2.748011770017910749e-02
2.921412827527092304e-02
3.117997349818324437e-02
3.339450104931529495e-02
3.587554051682673162e-02
3.864102476973130251e-02
4.170807577611412853e-02
4.123218531185557367e-02
3.809239234442429733e-02
3.513954067011582083e-02
3.242995503114798339e-02
2.998646020978412707e-02
2.780958946914324770e-02
2.588803967205421941e-02
2.420662798334660692e-02
2.275107991590630263e-02
2.150993938812462147e-02
2.047452414353756467e-02
1.963803284525056370e-02
1.899470406942782574e-02
1.853950043005170301e-02
1.826834191342641134e-02
1.817861170093237888e-02
1.826957935008977074e-02
1.854251045278942911e-02
1.900043774821824627e-02
1.964775824762909906e-02
2.048988677415763959e-02
2.153313036524195923e-02
2.278479999858973315e-02
2.425343371942290105e-02
2.594894744743214687e-02
2.788258836972090648e-02
3.006670513423159719e-02
3.251447661568818148e-02
3.523977803342859261e-02
3.825723687532445183e-02
4.158227286825422198e-02
4.155356555747857783e-02
3.807971504056695267e-02
3.481880485014698934e-02
3.182714720742296777e-02
2.912710361579229357e-02
2.671846704674862849e-02
2.458908117296232376e-02
2.272296037614296438e-02
2.110521881172644498e-02
1.972406522122582828e-02
1.857075635371074895e-02
1.763860529626981588e-02
1.692197268948802957e-02
1.641577193004195578e-02
1.611558415334002348e-02
1.601816244055953575e-02
1.612199586179485777e-02
1.642766115401173010e-02
1.693786304349487182e-02
1.765721624906291254e-02
1.859191054973052815e-02
1.974938016792293638e-02
2.113803280644788174e-02
2.276702897142968141e-02
2.464610007791634416e-02
2.678545651633612579e-02
2.919592101534362882e-02
3.188944731846277136e-02
3.488008345993875992e-02
3.818518885236699134e-02
4.182637444091596990e-02
4.224224392646647175e-02
3.840374709625393734e-02
3.480978417746882769e-02
3.151582519285511808e-02
2.854294478675001301e-02
2.588946293326443993e-02
2.354175770960864611e-02
2.148253813174960669e-02
1.969588556386270284e-02
1.816930945688000065e-02
1.689368975894467440e-02
1.586219794944554451e-02
1.506914387027791236e-02
1.450932330772047862e-02
1.417801961270015454e-02
1.407149351507541724e-02
1.418764532809291268e-02
1.452655865068663843e-02
1.509075393369130325e-02
1.588511758745880798e-02
1.691656430193688720e-02
1.819352533129858784e-02
1.972535625282034744e-02
2.152177470452443231e-02
2.359248542688874295e-02
2.594721673813182861e-02
2.859641769737208961e-02
3.155277506630227435e-02
3.483346063148928806e-02
3.846263070590794086e-02
4.247326958284247667e-02
4.330903079244308174e-02
3.907624800376652274e-02
3.512577798892380088e-02
3.151082578233399545e-02
2.825002775034590741e-02
2.533938243459488149e-02
2.276320833993850101e-02
2.050247802549165499e-02
1.853988629898140061e-02
1.686191712019535771e-02
1.545877543912865804e-02
1.432326215672219405e-02
1.344953251100378111e-02
1.283232425066671567e-02
1.246684585476032225e-02
1.234919700618775096e-02
1.247704228990187403e-02
1.285024686148972251e-02
1.347126846485480200e-02
1.434520791917748284e-02
1.547950809981557541e-02
1.688335157450637780e-02
1.856686693099618424e-02
2.054033691820222884e-02
2.281371193384984508e-02
2.539681170492258389e-02
2.830058863582962658e-02
3.153963255408598343e-02
3.513571075200161431e-02
3.912159477249588235e-02
4.354388062074576737e-02
4.475761429603153374e-02
4.010410278442577692e-02
3.577700117057247553e-02
3.182517738650858519e-02
2.826334080873493804e-02
2.508425232144873007e-02
2.226969783782806189e-02
1.979870467653199739e-02
1.765247036189521168e-02
1.581633470823362586e-02
1.427967783956773928e-02
1.303479211401281646e-02
1.207562554645846831e-02
1.139695269648655085e-02
1.099415871340170270e-02
1.086354092512920033e-02
1.100289238274854142e-02
1.141211630238103680e-02
1.209367488445423078e-02
1.305274879450735170e-02
1.429703590838471428e-02
1.583618322547408752e-02
1.768093043028784450e-02
1.984219471341930330e-02
2.233049364076578058e-02
2.515623703493474750e-02
2.833140196707972791e-02
3.187284864907269366e-02
3.580702192266471684e-02
4.017508590959550929e-02
4.503685293411763269e-02
4.659015756897133542e-02
4.149367834725126158e-02
3.677345710821100511e-02
3.247153679967595963e-02
2.859706991512211971e-02
2.513875051181457820e-02
2.207560607052982959e-02
1.938483504136456759e-02
1.704635140390564629e-02
1.504449895355719491e-02
1.336785392641104409e-02
1.200812877686985303e-02
1.095898927360394737e-02
1.021525485703023151e-02
9.772622692253207788e-03
9.627826171708875336e-03
9.779046966286841780e-03
1.022640449264144991e-02
1.097238408328848891e-02
1.202208759059431031e-02
1.338319702517765108e-02
1.506556099229783285e-02
1.708041333949950058e-02
1.943941529316361994e-02
2.215397100553673226e-02
2.523546709744550753e-02
2.869711541461583693e-02
3.255779796927527059e-02
3.684770481959276367e-02
4.161470215331064537e-02
4.692950886283142609e-02
4.881238918642338831e-02
4.325458746461663395e-02
3.812743923754169373e-02
3.346367093899971223e-02
2.926539655163651332e-02
2.551667161333170952e-02
2.219385546436569712e-02
1.927275744935741386e-02
1.673250880975274413e-02
1.455681387392360193e-02
1.273357471063718549e-02
1.125385354953323258e-02
1.011086103426350746e-02
9.299303970692562871e-03
8.815130729999509640e-03
8.655563764477847144e-03
8.819294020213419572e-03
9.306761792686302215e-03
1.012048640950524714e-02
1.126537852906039916e-02
1.274890415879781358e-02
1.458091985659848433e-02
1.677307162754004821e-02
1.933786414520000108e-02
2.228783819737145677e-02
2.563560765793226892e-02
2.939560685717879096e-02
3.358815388310176786e-02
3.824575138332875213e-02
4.342055801680544391e-02
4.919090352450439241e-02
5.143640330243215431e-02
4.540152445770218037e-02
3.985469060353352688e-02
3.481725970323168440e-02
3.028323949047262431e-02
2.623182969318804680e-02
2.263709442490835499e-02
1.947410684215356014e-02
1.672186086221927326e-02
1.436385953547869576e-02
1.238747446677734843e-02
1.078299198707100004e-02
9.542878256070252974e-03
8.661406477585842367e-03
8.134535451063129585e-03
7.959871669299900532e-03
8.136634338370640762e-03
8.665665893204277381e-03
9.549584290653001517e-03
1.079310192289995030e-02
1.240338249954220373e-02
1.439017002121545374e-02
1.676544173824368045e-02
1.954255935015680734e-02
2.273530374077381566e-02
2.635760015527921496e-02
3.042496235957514727e-02
3.495849488353997003e-02
3.999158126771362731e-02
4.557827185999485664e-02
5.180112700691097416e-02
5.448081959275441477e-02
4.795396015288133640e-02
4.197402526187943295e-02
3.654973180982779013e-02
3.166647643274700386e-02
2.729872202644401114e-02
2.341875893876022019e-02
2.000159824683578336e-02
1.702670096409519829e-02
1.447774658754497068e-02
1.234166212816489860e-02
1.060777683233027346e-02
9.267458644899306819e-03
8.314147539749683347e-03
7.743486045001191087e-03
7.553287727205315605e-03
7.743287851553759538e-03
8.314841614264878444e-03
9.270822203689021990e-03
1.061586537252878770e-02
1.235686499239818659e-02
1.450338954236940481e-02
1.706762441244791262e-02
2.006366157729644328e-02
2.350642514284118079e-02
2.741105988570780028e-02
3.179396130326495040e-02
3.667651781870517880e-02
4.209193716269510332e-02
4.809431096873595379e-02
5.476763688557184651e-02
5.796902078145649284e-02
5.093433776710298844e-02
4.450584578898997279e-02
3.867928461295377929e-02
3.343149418788016192e-02
2.873252968720407807e-02
2.455337903870713490e-02
2.086947668215088925e-02
1.766113965169324729e-02
1.491243914438200591e-02
1.260986724082613364e-02
1.074161669293971499e-02
9.297647829953348264e-03
8.270219237601850182e-03
7.654365818780206610e-03
7.447948102708323859e-03
7.651222966160275973e-03
8.266211476438911632e-03
9.296275291490019299e-03
1.074619525206799153e-02
1.262272005624254234e-02
1.493521794873231556e-02
1.769591139418480452e-02
2.091935923090204597e-02
2.462135298264911398e-02
2.881803193031373667e-02
3.352649539010599256e-02
3.876818410026316997e-02
4.457563422056409763e-02
5.100193127509555779e-02
5.813061530261620646e-02
6.192663934598385822e-02
5.436580288096592994e-02
4.747034255524340551e-02
4.122358468521269970e-02
3.559429659480883856e-02
3.054847778230396216e-02
2.605603710617288016e-02
2.209295682507672609e-02
1.864046825363629978e-02
1.568304615375382127e-02
1.320671190160283004e-02
1.119843106152984546e-02
9.646612297729006968e-03
8.542155223040026613e-03
7.879321377913584001e-03
7.655921988771297038e-03
7.872754064010223374e-03
8.532648877007886767e-03
9.639694239012897015e-03
1.119906807980441954e-02
1.321754623495507985e-02
1.570431122672744095e-02
1.867145434880512767e-02
2.213369550008792430e-02
2.610735558664600831e-02
3.060932257812964963e-02
3.565732947754440829e-02
4.127294790760061005e-02
4.748809433658607304e-02
5.435454664939243230e-02
6.195430243997179787e-02
6.637934464197314810e-02
5.827045131445629522e-02
5.088621257436898304e-02
4.419882900265292847e-02
3.816972048025490949e-02
3.276103598045665422e-02
2.794144441031676251e-02
2.368715124134723737e-02
1.997999449895360158e-02
1.680467077721914393e-02
1.414669903033427545e-02
1.199188865302858176e-02
1.032719210343202576e-02
9.142204237832629588e-03
8.430403843703970779e-03
8.189504917027079500e-03
8.420815644058166072e-03
9.128022153163328767e-03
1.031607324694050476e-02
1.199073867428523954e-02
1.415900071697251406e-02
1.682993820213596337e-02
2.001545015264127869e-02
2.373023537347762613e-02
2.799093619159975788e-02
3.281509458702203119e-02
3.822120457243727287e-02
4.423132588726730319e-02
5.087717452988727018e-02
5.820934029088675743e-02
6.630757935863584862e-02
7.135146109067136422e-02
6.266868555030669086e-02
5.477050862964460975e-02
4.761979355635048705e-02
4.117142559289277415e-02
3.538367888950233464e-02
3.022341828955177334e-02
2.566632117384415324e-02
2.169419744657830051e-02
1.829163107481690531e-02
1.544363911989421467e-02
1.313512011984130368e-02
1.135190316927037202e-02
1.008254592397861416e-02
9.319853937086008955e-03
9.061389061571389902e-03
9.308818948738917243e-03
1.006653617332631256e-02
1.134029166132677346e-02
1.313651092095824424e-02
1.546254213462816551e-02
1.832755258146789856e-02
2.174341381305566756e-02
2.572492668150516693e-02
3.028918550899106776e-02
3.545461307203368051e-02
4.124086135743709747e-02
4.767101926427130820e-02
5.477709577462519519e-02
6.260854506990654045e-02
7.124194045900367200e-02
7.686524693326646229e-02
6.757965779297592235e-02
5.913974784743913915e-02
5.150115744163485942e-02
4.461309639464161592e-02
3.842977800240987563e-02
3.291542481997566938e-02
2.804414589991210960e-02
2.379686772451350407e-02
2.015762141809318564e-02
1.711094086431330652e-02
1.464117121940944344e-02
1.273350225346803199e-02
1.137584781008627033e-02
1.056049587077723118e-02
1.028473907354054973e-02
1.055028655900969170e-02
1.136185795712663094e-02
1.272571494155272376e-02
1.464883892276702682e-02
1.713907222347188508e-02
2.020599784646037733e-02
2.386192504582140828e-02
2.812230450217612088e-02
3.300528787349321647e-02
3.853083332523965510e-02
4.472042624820460333e-02
5.159876610287028598e-02
5.919838461613835534e-02
6.756706123996991664e-02
7.677633892672020011e-02
8.293994460154863191e-02
7.302203879135049647e-02
6.401169965010922169e-02
5.585972823109841556e-02
4.851068497373489663e-02
4.191461518757932936e-02
3.603227060739300214e-02
3.083511783358972025e-02
2.630228986387805890e-02
2.241677461029212282e-02
1.916261024052801076e-02
1.652394006532631465e-02
1.448580884289185633e-02
1.303588613973261090e-02
1.216607357946486445e-02
1.187320044209627667e-02
1.215856148337479681e-02
1.302663956357719144e-02
1.448371965670958161e-02
1.653708992853353266e-02
1.919517152327898657e-02
2.246840042334952159e-02
2.637026704360323492e-02
3.091783666241099127e-02
3.613139594745007344e-02
4.203350129500904586e-02
4.864834775071358308e-02
5.600268617718029418e-02
6.412922607205473469e-02
7.307249856603448279e-02
8.289573259844473796e-02
8.958912952039099764e-02
7.901361934955275501e-02
6.940645856457194895e-02
6.071633894771366613e-02
5.288464450632091030e-02
4.585762390070158290e-02
3.959216336261306424e-02
3.405633560760179535e-02
2.922674857879314914e-02
2.508488990451951395e-02
2.161421383016204345e-02
1.879888074472546577e-02
1.662414829252156778e-02
1.507773696721415035e-02
1.415123264087014832e-02
1.384077330840227660e-02
1.414674875104537932e-02
1.507277963264641585e-02
1.662459466024301946e-02
1.880943719152128324e-02
2.163632453812169842e-02
2.511700212380674202e-02
2.926702752756682457e-02
3.410630250891699689e-02
3.965863859139062697e-02
4.595050339958106633e-02
5.300971336782822618e-02
6.086518172787691583e-02
6.954864779618219472e-02
7.909851886324759107e-02
8.956471155261169770e-02
9.681460650654116762e-02
8.556775124316118308e-02
7.534473801524654846e-02
6.609540449471751344e-02
5.776026547891888185e-02
5.028312565946180257e-02
4.361756004118433339e-02
3.772825909197763394e-02
3.258905469900241769e-02
2.817965786186960031e-02
2.448278459769426263e-02
2.148261981938048848e-02
1.916475304005871294e-02
1.751707881430775160e-02
1.653087900012906175e-02
1.620142201863927767e-02
1.652781062421126990e-02
1.751227947625011439e-02
1.915946054577943869e-02
2.147615743160713464e-02
2.447189560280094156e-02
2.816006917691993294e-02
3.255911205178563250e-02
3.769297743110655574e-02
4.359042715896066511e-02
5.028314643777775927e-02
5.780330616607898264e-02
6.618159993467997992e-02
7.544673851998595637e-02
8.562677944883034797e-02
9.675163170936684764e-02
1.045953653051583387e-01
9.268466035200617625e-02
8.184116135180374840e-02
7.201983314689641702e-02
6.316386152343511640e-02
5.521745269265920797e-02
4.813290798460911901e-02
4.187278551478357258e-02
3.640873422767754164e-02
3.171881999992365309e-02
2.778490106220488087e-02
2.459099631187200430e-02
2.212287826478132047e-02
2.036854469497484388e-02
1.931894902327258023e-02
1.896843907570655574e-02
1.931468144630343886e-02
2.035824293761834269e-02
2.210227612340531778e-02
2.455276436103304150e-02
2.771951669001282426e-02
3.161766880475624930e-02
3.626904865996039007e-02
4.170259345573867904e-02
4.795318328979192302e-02
5.505875331027709763e-02
6.305618232727283612e-02
7.197697087804044713e-02
8.184385430558904773e-02
9.266912095677071193e-02
1.044545677927999350e-01
1.128710951893481251e-01
1.003365178185049444e-01
8.889103536648690351e-02
7.849957147141140013e-02
6.911304764162196079e-02
6.068081241937761661e-02
5.315786208689132764e-02
4.650754768499609781e-02
4.070114920195067043e-02
3.571591695731513028e-02
3.153296134269112372e-02
2.813585214835256920e-02
2.551017165342273074e-02
2.364376569084924995e-02
2.252720147544096108e-02
2.215400342583961901e-02
2.252053184929536656e-02
2.362571548201231053e-02
2.547107900772971334e-02
2.806147924911783775e-02
3.140666723447793629e-02
3.552332778008349123e-02
4.043680482891431893e-02
4.618151002478043665e-02
5.279916280596808065e-02
6.033452840847530751e-02
6.882904903295639087e-02
7.831345366457753698e-02
8.880080296808046114e-02
1.002813037223404535e-01
1.127195899387061218e-01
1.215215164713754348e-01
1.084469189340779849e-01
9.645079909842024790e-02
8.551367480890803563e-02
7.560086207172389550e-02
6.667365408929981641e-02
5.869588512541668024e-02
5.163658946923987969e-02
4.547001978313858217e-02
4.017442434320628308e-02
3.573074106748208578e-02
3.212187909275598940e-02
2.933271273263926560e-02
2.735050114097248297e-02
2.616528523913075333e-02
2.576993872844468569e-02
2.615986437785977614e-02
2.733267371468173224e-02
2.928838390062082908e-02
3.203058113012957620e-02
3.556862372897739988e-02
3.992039611057407456e-02
4.511458860270067817e-02
5.119119599521582131e-02
5.819906543592878734e-02
6.618990916967959492e-02
7.520909588356516906e-02
8.528447823391616112e-02
9.641519038791557250e-02
1.085625105092731246e-01
1.216444325923475844e-01
1.303450238408458972e-01
1.168678375752278953e-01
1.044148038845378323e-01
9.298820076401170809e-02
8.257574887647933792e-02
7.315937526823290682e-02
6.471998904601150571e-02
5.723918844137187989e-02
5.069918516667826225e-02
4.508220037479304665e-02
4.037022713873739121e-02
3.654551927206739492e-02
3.359164746984788508e-02
3.149463676140840107e-02
3.024366208364881459e-02
2.983103095084516099e-02
3.025160171227980754e-02
3.150219399958587019e-02
3.358173073820580612e-02
3.649269873085358995e-02
4.024400188427534886e-02
4.485455915300917695e-02
5.035630515976663446e-02
5.679486900453412090e-02
6.422633504780606017e-02
7.270919683833199088e-02
8.229175534370369860e-02
9.299649756053440797e-02
1.048040378007044637e-01
1.176396744785961346e-01
1.313653252370841074e-01
1.390422368995132274e-01
1.253595326911636221e-01
1.125936262026243639e-01
1.007747425114757789e-01
8.992178235837400280e-02
8.004730526715775341e-02
7.115913796417316917e-02
6.325996812262246749e-02
5.634641170986753878e-02
5.040874901402503383e-02
4.543194012148887850e-02
4.139785136908358254e-02
3.828807183549542970e-02
3.608644628980073321e-02
3.478057427400926827e-02
3.436197892779091490e-02
3.482526041443634313e-02
3.616707880928515806e-02
3.838602849009475904e-02
4.148422624757586163e-02
4.547074805304873735e-02
5.036610202796509839e-02
5.620601404916669708e-02
6.304228716680881917e-02
7.093862587385046936e-02
7.996018616654509970e-02
9.015707091475633206e-02
1.015436910736298159e-01
1.140773803383581253e-01
1.276404484509612303e-01
1.420296945866539318e-01
1.472111800753737043e-01
1.335803791882881342e-01
1.207007997493292351e-01
1.086361277288006022e-01
9.744508739493085159e-02
8.718120934747730644e-02
7.788976959699311919e-02
6.960394902782240933e-02
6.234210644798565681e-02
5.610741417351050586e-02
5.089018743268525213e-02
4.667231545158756489e-02
4.343254378477467981e-02
4.115115713739214698e-02
3.981292177377326880e-02
3.940786219504843757e-02
3.993032525613671169e-02
4.137751083749208192e-02
4.374893268573032401e-02
4.704795385373472527e-02
5.128565068480384070e-02
5.648603734016433009e-02
6.269051473577746947e-02
6.995873482151182543e-02
7.836320915134820098e-02
8.797606408506908338e-02
9.884817666556955373e-02
1.109830918646821374e-01
1.243100481402734658e-01
1.386615549619136800e-01
1.537608866145774300e-01
5.198931634868131368e-02
5.024917529379990810e-02
4.877911315543315141e-02
4.758711333361986817e-02
4.664270223668154358e-02
4.589766636019021462e-02
4.530352354169053797e-02
4.482256114886240539e-02
4.443146960136346024e-02
4.411877493475913070e-02
4.387880961667178781e-02
4.370548259794304613e-02
4.358856021462997887e-02
4.351380686239281204e-02
4.346665174989539082e-02
4.343760678784747142e-02
4.342691581769031473e-02
4.344610630323586520e-02
4.351515310645481804e-02
4.365553400612043333e-02
4.388104781128276954e-02
4.418938839899055893e-02
4.455774389316502493e-02
4.494500226792297326e-02
4.530161820184730459e-02
4.558621395267437038e-02
4.578602269725706719e-02
4.593684651649709849e-02
4.613764922646623745e-02
4.655541396493845241e-02
4.741739419023360824e-02
4.915985977328318768e-02
4.759355680226917684e-02
4.620725212510023994e-02
4.502429595493140368e-02
4.403267782559794341e-02
4.320270064044962055e-02
4.250206180711302295e-02
4.190552532713809342e-02
4.139832083410510677e-02
4.097429884268422029e-02
4.063118354679318145e-02
4.036567984007888299e-02
4.017068262101020082e-02
4.003565251377949608e-02
3.994980484367260942e-02
3.990658740804065019e-02
3.990737612684824853e-02
3.996255516722158063e-02
4.008906858962291153e-02
4.030483074939184007e-02
4.062163143225916428e-02
4.103896886817892664e-02
4.154133207202903577e-02
4.210076489789571497e-02
4.268525274892454036e-02
4.327190106687339721e-02
4.386241797578804835e-02
4.449744642329278577e-02
4.526605172759445850e-02
4.630724201388147776e-02
4.780167090518716577e-02
4.704422046722811501e-02
4.545908160685030452e-02
4.399930811473495851e-02
4.270264411772473068e-02
4.157301134682711563e-02
4.059564745074339953e-02
3.975028518539147626e-02
3.901986353412212338e-02
3.839397413594269892e-02
3.786788806905860838e-02
3.743912792833725689e-02
3.710388214994964073e-02
3.685510075638376293e-02
3.668309858903739951e-02
3.657831663622346241e-02
3.653496332390204770e-02
3.655387539720322820e-02
3.664320564803347224e-02
3.681634804888744839e-02
3.708755929073959123e-02
3.746667736004383187e-02
3.795486111494028592e-02
3.854320146001555258e-02
3.921539352268155199e-02
3.995458957479058881e-02
4.075335923698730767e-02
4.162467647120138281e-02
4.261129541828267975e-02
4.379089308417860593e-02
4.527495650290802587e-02
4.720043830980102939e-02
4.545840020466584974e-02
4.373132059276940709e-02
4.210428668807253416e-02
4.062609907572323209e-02
3.931226439559054597e-02
3.815825372851122665e-02
3.715134672597741883e-02
3.627878627571590187e-02
3.553147465117945103e-02
3.490388031605107244e-02
3.439178908820395009e-02
3.398981262580491602e-02
3.369016483111408888e-02
3.348336036469845567e-02
3.336051916949145379e-02
3.331623240592307411e-02
3.335068491014681058e-02
3.347001088786782930e-02
3.368454203609871911e-02
3.400543983570969431e-02
3.444089096137759043e-02
3.499334303614887176e-02
3.565907603115192614e-02
3.643078334425808862e-02
3.730297229958523531e-02
3.827912488850415684e-02
3.937892639851270360e-02
4.064363521138147917e-02
4.213787445496564033e-02
4.394671773957270489e-02
4.616777502474178618e-02
4.426890080446810316e-02
4.232722413144074380e-02
4.048221038868859978e-02
3.878963990666761674e-02
3.727199147513715616e-02
3.593047381571068399e-02
3.475606048164081585e-02
3.373741340055858018e-02
3.286492802612883679e-02
3.213140922207458061e-02
3.153074730425942107e-02
3.105621045688167214e-02
3.069963019970600726e-02
3.045203025158116361e-02
3.030544601824658457e-02
3.025509744566079462e-02
3.030090317588474136e-02
3.044759041586075909e-02
3.070322907842637505e-02
3.107667341737396782e-02
3.157488227498106426e-02
3.220123077426251257e-02
3.295567912937258370e-02
3.383710209800483426e-02
3.484739603800335317e-02
3.599637152274226537e-02
3.730608994692374836e-02
3.881329793739496381e-02
4.056893598635724629e-02
4.263425351496152871e-02
4.507369928001025983e-02
4.339859345589047734e-02
4.120070998374103510e-02
3.911097454465561896e-02
3.718850366394121920e-02
3.545890302248722037e-02
3.392562128067311278e-02
3.258058740925662278e-02
3.141212071113841375e-02
3.040932738986157347e-02
2.956336672195902793e-02
2.886675532727167592e-02
2.831212261753535131e-02
2.789154648326075403e-02
2.759698105273855617e-02
2.742160418983985437e-02
2.736142578123690328e-02
2.741636479913722724e-02
2.759023443741170922e-02
2.788955615324084647e-02
2.832163372113427613e-02
2.889267144655605080e-02
2.960676962902653031e-02
3.046635992905066814e-02
3.147415907915274147e-02
3.263617612719826866e-02
3.396489647548150970e-02
3.548160583977733040e-02
3.721694429714261787e-02
3.920915169783256715e-02
4.149994886756758206e-02
4.412847186495127971e-02
4.281862668403846328e-02
4.033806137135798053e-02
3.798637538602633867e-02
3.582338976934806851e-02
3.387519004581918125e-02
3.214520195854220219e-02
3.062470784584547800e-02
2.930085403772864083e-02
2.816134196109487675e-02
2.719608754523505922e-02
2.639688297222164692e-02
2.575634564800566295e-02
2.526721067806647625e-02
2.492248606995417504e-02
2.471638970746425912e-02
2.464555265123635763e-02
2.470984685260191327e-02
2.491238356924441177e-02
2.525861912090476835e-02
2.575492022788239410e-02
2.640720537510787835e-02
2.722028976495494135e-02
2.819831695887842216e-02
2.934625047055305913e-02
3.067198424196249107e-02
3.218834467588749249e-02
3.391420271509559825e-02
3.587409289957577130e-02
3.809607879520626739e-02
4.060800039496825775e-02
4.343256138326978544e-02
4.253246394978305034e-02
3.974733718996503740e-02
3.711744397310212662e-02
3.470171357935214473e-02
3.252517586003023098e-02
3.059001264023208932e-02
2.888610595300633577e-02
2.739917495455301832e-02
2.611567733902120381e-02
2.502469270257279277e-02
2.411773741914657876e-02
2.338772373695974238e-02
2.282809703501698095e-02
2.243270817234588321e-02
2.219642683940037386e-02
2.211609519781632116e-02
2.219127467651560437e-02
2.242437342829362024e-02
2.282006013774662279e-02
2.338421135755197611e-02
2.412286650724126957e-02
2.504167546157987090e-02
2.614613172772806138e-02
2.744256428923108615e-02
2.893954320825287141e-02
3.064914902370219352e-02
3.258753972932026954e-02
3.477440235747053521e-02
3.723114407102912082e-02
3.997795488430710975e-02
4.303007278303994099e-02
4.255859595855326916e-02
3.944649979302994325e-02
3.651994039705641626e-02
3.383603666469525706e-02
3.141793698338801732e-02
2.926598432020455220e-02
2.736835565769979439e-02
2.570930891624811920e-02
2.427420753929254715e-02
2.305150636857433710e-02
2.203259373163746204e-02
2.121066775634972146e-02
2.057968132976384368e-02
2.013395850462984527e-02
1.986857016891008243e-02
1.978015374152164441e-02
1.986768965980445500e-02
2.013282635016366839e-02
2.057960054480645340e-02
2.121368933148914948e-02
2.204154187529638875e-02
2.306977922125952318e-02
2.430512560022179969e-02
2.575490950039238669e-02
2.742793274865107378e-02
2.933535437932732748e-02
3.149120452053466579e-02
3.391222997197473887e-02
3.661691961860924494e-02
3.962369895498341066e-02
4.294836644930910552e-02
4.291702616569637030e-02
3.945403955026449694e-02
3.621060496789141325e-02
3.324129114224660952e-02
3.056676821282167111e-02
2.818514853424858302e-02
2.608271248527671560e-02
2.424220683224120876e-02
2.264791270636123954e-02
2.128765143606869970e-02
2.015259630843502237e-02
1.923604503099340945e-02
1.853218705582548864e-02
1.803550976364931557e-02
1.774099499016301706e-02
1.764486009233223740e-02
1.774540029691706877e-02
1.804351904320355970e-02
1.854272843047510833e-02
1.924865436740219593e-02
2.016828220439492725e-02
2.130925398705585394e-02
2.267948439475730993e-02
2.428721854812465608e-02
2.614150024055561516e-02
2.825289684460585704e-02
3.063426575317862444e-02
3.330133795498113614e-02
3.627289631276653381e-02
3.957031236541297403e-02
4.321616745528444881e-02
4.362207820804542280e-02
3.978406832879954891e-02
3.620379467338352697e-02
3.293229750886439433e-02
2.998704044395594792e-02
2.736344349068531301e-02
2.504563981074170442e-02
2.301473533543685335e-02
2.125382776830520015e-02
1.974997102934139548e-02
1.849394046348606935e-02
1.747892285402485868e-02
1.669915451202541590e-02
1.614916335165617056e-02
1.582381392472598236e-02
1.571896611676493194e-02
1.583235087855427992e-02
1.616425529937259853e-02
1.671775606337178033e-02
1.749844866571947932e-02
1.851380492189491633e-02
1.977240125597745646e-02
2.128327361788251437e-02
2.305561000139277894e-02
2.509890875444398262e-02
2.742364941150299273e-02
3.004243499799486017e-02
3.297145321448624600e-02
3.623195604814100079e-02
3.985126775660319254e-02
4.386265764469499118e-02
4.468141724055385566e-02
4.044589555246602686e-02
3.651089378467986535e-02
3.292251420197089828e-02
2.969402028355716538e-02
2.681754444233774848e-02
2.427477462333627045e-02
2.204503950315483962e-02
2.011015780590241775e-02
1.845629373201518320e-02
1.707366839491442079e-02
1.595521238141373033e-02
1.509513839300780091e-02
1.448806879852782004e-02
1.412893675842497032e-02
1.401352084030804690e-02
1.413927445355511736e-02
1.450607869446685072e-02
1.511664548525004648e-02
1.597645661240676418e-02
1.709327931166626513e-02
1.847641261520038825e-02
2.013588792942755390e-02
2.208188237455033232e-02
2.432461183343548328e-02
2.687494455039995955e-02
2.974588464257976739e-02
3.295487893592508044e-02
3.652660305942845298e-02
4.049550830313819461e-02
4.490707048307740479e-02
4.609925834620298701e-02
4.144663848001073347e-02
3.714182814974265057e-02
3.322422123324031418e-02
2.970171436919599728e-02
2.656253796180862992e-02
2.378572001634893240e-02
2.134880733046884416e-02
1.923238168546959059e-02
1.742171005571435671e-02
1.590638876587036066e-02
1.467900920033571310e-02
1.373374334616528358e-02
1.306541863232268952e-02
1.266928622862906195e-02
1.254138272452109959e-02
1.267921900398505386e-02
1.308249791145499330e-02
1.375361461396096274e-02
1.469779908438795246e-02
1.592285112383251544e-02
1.743852064100792632e-02
1.925567649050208274e-02
2.138552434735174756e-02
2.383923976412916090e-02
2.662844275982934050e-02
2.976687492082419340e-02
3.327339532279438572e-02
3.717597213289991487e-02
4.151578387973131612e-02
4.635000172174841282e-02
4.788098875906143803e-02
4.279479799265573092e-02
3.810742595646843256e-02
3.384969672674742469e-02
3.002303617785173628e-02
2.661133230412815465e-02
2.359097415410360554e-02
2.093796832832595101e-02
1.863191474512859713e-02
1.665732555647991830e-02
1.500317344653012697e-02
1.366162520207581110e-02
1.262673414203163702e-02
1.189354886810178868e-02
1.145778600948688108e-02
1.131599225118407048e-02
1.146601118853141088e-02
1.190756506002799142e-02
1.264277752670750488e-02
1.367649973326479085e-02
1.501632069084735122e-02
1.667218457623675931e-02
1.865564452782564331e-02
2.097895749102463014e-02
2.365444194765586872e-02
2.669469567445048597e-02
3.011426666125771590e-02
3.393311565741896629e-02
3.818164718722982798e-02
4.290632996071508387e-02
4.817415919842460426e-02
5.003680660229292698e-02
4.450296046388757532e-02
3.942133792952517979e-02
3.481258861347669153e-02
3.067087940442547733e-02
2.697564951313324855e-02
2.370098590563429752e-02
2.082186669576913118e-02
1.831736484291468514e-02
1.617149308003718033e-02
1.437262020317575661e-02
1.291232979929191060e-02
1.178433098175446503e-02
1.098371597618097439e-02
1.050661371846217662e-02
1.035016151399759110e-02
1.051270138486870565e-02
1.099413873998855706e-02
1.179640632108203135e-02
1.292393382027512416e-02
1.438394933757081162e-02
1.618640546439564787e-02
1.834340498680830933e-02
2.086823367062606849e-02
2.377443431032588705e-02
2.707566148455953225e-02
3.078716206709941616e-02
3.492947736231144518e-02
3.953431978425214766e-02
4.465162764063279610e-02
5.035579033756221179e-02
5.258307040912768571e-02
4.658859008509352861e-02
4.110065301892973366e-02
3.612868279924441595e-02
3.165927448833372182e-02
2.766768509809480747e-02
2.412630695698680938e-02
2.100978079806736787e-02
1.829721081412571948e-02
1.597240025967039401e-02
1.402310315188515233e-02
1.244006603883462958e-02
1.121627643806277774e-02
1.034650315887120087e-02
9.827037838476826437e-03
9.655526180722517893e-03
9.830879022047156468e-03
1.035334212429006584e-02
1.122481481797876768e-02
1.244939168827841058e-02
1.403392365318723023e-02
1.598826922781881876e-02
1.832494495465653017e-02
2.105815099275787361e-02
2.420257983249030076e-02
2.777286601849482395e-02
3.178475532422453398e-02
3.625887144062289735e-02
4.122725244269531686e-02
4.674170151884027291e-02
5.288174767929376685e-02
5.554131355529534630e-02
4.907285971239616629e-02
4.316500384493338061e-02
3.781559700348680053e-02
3.300382961484160660e-02
2.870130779592727777e-02
2.487943542018911103e-02
2.151320601569750579e-02
1.858226992953859735e-02
1.607046342087414814e-02
1.396487316469574580e-02
1.225511097436537966e-02
1.093300361389992759e-02
9.992543651605956256e-03
9.429835656192153692e-03
9.242862906830850989e-03
9.431128524738596752e-03
9.995395659643691033e-03
1.093777561618480831e-02
1.226224386118701659e-02
1.397538158744282555e-02
1.608691600267775357e-02
1.860960949488799088e-02
2.155833054894173983e-02
2.494866324195754714e-02
2.879599070001859218e-02
3.311633367047761567e-02
3.793009030687244376e-02
4.326907358517928515e-02
4.918596793504548259e-02
5.576385707900044508e-02
5.893582900989713380e-02
5.197828141194804630e-02
4.563461759357778647e-02
3.989145687569362053e-02
3.472108937927487204e-02
3.009204463410242170e-02
2.597529811328058713e-02
2.234666699632725795e-02
1.918667182962963125e-02
1.647931953812076245e-02
1.421096897229290335e-02
1.236986246840388048e-02
1.094631426894920878e-02
9.933159268257440999e-03
9.325997174528311007e-03
9.122976556682260707e-03
9.324207519966876134e-03
9.931158163453801535e-03
1.094644581098691560e-02
1.237422159647394437e-02
1.422098446710151620e-02
1.649633040688058827e-02
1.921306215808726847e-02
2.238635760477336589e-02
2.603228512271016371e-02
3.016664049209794030e-02
3.480553767167293699e-02
3.996911455396912061e-02
4.568894455860572634e-02
5.201835830303025432e-02
5.904322756805413519e-02
6.279111490130162565e-02
5.532630838047225552e-02
4.852823269948203233e-02
4.237315665920959873e-02
3.682709059893340964e-02
3.185585343635466415e-02
2.743016625800009933e-02
2.352673537507143919e-02
2.012697323243628489e-02
1.721506543890427565e-02
1.477663099103665445e-02
1.279848523881810252e-02
1.126931046383106150e-02
1.018061131617287174e-02
9.527302558126393706e-03
9.307576125138439238e-03
9.522144813672639430e-03
1.017332283299765550e-02
1.126449004368623719e-02
1.280026361200725660e-02
1.478727108224120457e-02
1.723500997104565613e-02
2.015613348157785367e-02
2.356575673366023693e-02
2.748000190149468835e-02
3.191475678613642231e-02
3.688616511863074265e-02
4.241434840969304787e-02
4.853108309180242941e-02
5.529069962085486623e-02
6.278168669359729392e-02
6.713025956423734897e-02
5.913600814255914884e-02
5.186192355927232711e-02
4.527515671657056373e-02
3.933597672484268060e-02
3.400746746854110825e-02
2.925973856213204272e-02
2.506994512305027456e-02
2.142006229860271560e-02
1.829433242073719157e-02
1.567770960718917195e-02
1.355576777314126957e-02
1.191574225413205568e-02
1.074790697384742089e-02
1.004648137313779444e-02
9.809617879000143148e-03
1.003855619092064444e-02
1.073646069562528282e-02
1.190758995835494716e-02
1.355722487096500117e-02
1.569231761459377594e-02
1.832236435075174086e-02
2.145980477325792890e-02
2.511948225583182648e-02
2.931732094293693081e-02
3.406916795574943535e-02
3.939133648327697301e-02
4.530439638801908586e-02
5.184099696361954557e-02
5.905701091796800029e-02
6.704344382978888461e-02
7.197466757543224958e-02
6.342438883098111546e-02
5.564958160857713665e-02
4.860972777260030853e-02
4.225973560525631001e-02
3.655951513599120517e-02
3.147768856206312194e-02
2.699093991532208747e-02
2.308115028472457197e-02
1.973237434231123189e-02
1.692905348500062246e-02
1.465592452223063447e-02
1.289923173499119002e-02
1.164835001873143483e-02
1.089691520428459626e-02
1.064294140996935312e-02
1.088797634474758524e-02
1.163582161825615913e-02
1.289151150558609515e-02
1.466103861821466126e-02
1.695185133758059237e-02
1.977366442042693961e-02
2.313890115874528419e-02
2.706228129864030052e-02
3.155967517886892892e-02
3.664712334466457833e-02
4.234151547461806331e-02
4.866444553499604808e-02
5.565000705337297404e-02
6.335581091661879327e-02
7.187465754532240680e-02
7.734461085829025251e-02
6.820810996850923402e-02
5.990508560034868424e-02
5.238900708582150401e-02
4.560975157211544229e-02
3.952338554643120005e-02
3.409584841597279592e-02
2.930212188584846444e-02
2.512310407519180444e-02
2.154230681844637729e-02
1.854382267538312590e-02
1.611205832523410209e-02
1.423285991859302158e-02
1.289514349809905980e-02
1.209210157503548544e-02
1.182143136247759685e-02
1.208458944711310323e-02
1.288556036161025986e-02
1.422981362520658877e-02
1.612394489711732604e-02
1.857605683653673623e-02
2.159647493681404740e-02
2.519815837331407238e-02
2.939634509311872534e-02
3.420753852697089314e-02
3.964867968170437962e-02
4.573791712755337358e-02
5.249840034321096027e-02
5.996578914255223935e-02
6.819873532776909997e-02
7.728980134061202989e-02
8.325917883530564723e-02
7.350531435372431588e-02
6.464518134839636332e-02
5.662823908789960115e-02
4.939991314552116819e-02
4.291190812784861919e-02
3.712634713497209304e-02
3.201526608199856128e-02
2.755762971582953469e-02
2.373596820780221606e-02
2.053410752068884904e-02
1.793656417976308148e-02
1.592933071424340596e-02
1.450125869268958922e-02
1.364517441288626287e-02
1.335817863036936615e-02
1.364108956477139145e-02
1.449743867487995885e-02
1.593261135349166580e-02
1.795357461014646105e-02
2.056924278258520644e-02
2.379110975925868843e-02
2.763356963623664342e-02
3.211351166373788146e-02
3.724929980216984404e-02
4.305993267826124793e-02
4.956569150454015471e-02
5.679158555085450644e-02
6.477420316696225200e-02
7.357121321729209740e-02
8.327108060393584310e-02
8.973356757883266255e-02
7.933545427454191667e-02
6.989105188472422014e-02
6.134840685342624056e-02
5.364976085574824083e-02
4.674261750790265069e-02
4.058472236283705570e-02
3.514431536223128205e-02
3.039766110214259243e-02
2.632585817900690017e-02
2.291239612895878963e-02
2.014212139420124004e-02
1.800149732389400015e-02
1.647953583960770629e-02
1.556866915325372247e-02
1.526506761911150534e-02
1.556832904498151038e-02
1.648085083070327528e-02
1.800735029974021018e-02
2.015487075550481677e-02
2.293327400548150763e-02
2.635585385542071890e-02
3.043953967244306114e-02
3.520432040568266530e-02
4.067200914232671494e-02
4.686509130169724813e-02
5.380686855551175540e-02
6.152410058075474808e-02
7.005270022000331664e-02
7.944577970283717150e-02
8.978180325902940240e-02
9.677155325493913551e-02
8.571459007066550839e-02
7.566589538885182264e-02
6.657557006025172086e-02
5.838510244259964566e-02
5.103920751741952699e-02
4.449182735766044061e-02
3.870741326682036743e-02
3.365925857997353887e-02
2.932671723328894586e-02
2.569272977871150943e-02
2.274239904727437533e-02
2.046267428158898838e-02
1.884273308132833336e-02
1.787450722076755483e-02
1.755295509974530432e-02
1.787600104853481753e-02
1.884435728334210580e-02
2.046155842162988847e-02
2.273441333818482235e-02
2.567378459480096353e-02
2.929529755601834040e-02
3.361945340293459594e-02
3.867078928760747658e-02
4.447618899666849757e-02
5.106303167667647358e-02
5.845830819453112781e-02
6.668985337137200986e-02
7.579027390966075473e-02
8.580303692542656790e-02
9.678879434886766830e-02
1.043516775748685177e-01
9.264405797057406744e-02
8.198598105275323178e-02
7.233413328651749907e-02
6.363322972673302047e-02
5.582835384063855599e-02
4.887186556152300909e-02
4.272575051504645671e-02
3.736090812981274212e-02
3.275500177142021130e-02
2.889018974565260578e-02
2.575151138717046706e-02
2.332612751524720807e-02
2.160320178882102482e-02
2.057405805953749223e-02
2.023234058287926018e-02
2.057413167767663253e-02
2.159819045573385665e-02
2.330653154513129266e-02
2.570542463672609301e-02
2.880661413655616343e-02
3.262828260449168738e-02
3.719517253284720937e-02
4.253745212008652743e-02
4.868835784145630896e-02
5.568122101703920634e-02
6.354695057234494016e-02
7.231314033288072096e-02
8.200553410006250488e-02
9.265163670124820783e-02
1.042850276103308715e-01
1.124072190227707324e-01
1.000918323627502105e-01
8.884391334038355126e-02
7.863234229955651244e-02
6.941076505576404543e-02
6.112982515833209618e-02
5.374452187209044496e-02
4.721737741556353285e-02
4.151866078859711706e-02
3.662504955855183653e-02
3.251788537500033271e-02
2.918173869056772674e-02
2.660353346527699614e-02
2.477214549344353145e-02
2.367826395311567467e-02
2.331437922111945227e-02
2.367493634119455237e-02
2.475683550710527925e-02
2.656046257015987067e-02
2.909125008773116861e-02
3.236146390372596215e-02
3.639161344108288176e-02
4.121075733382895123e-02
4.685513334425195353e-02
5.336498376209419803e-02
6.078006038569583325e-02
6.913484487586174509e-02
7.845476810371110332e-02
8.875447418631665641e-02
1.000384332940029708e-01
1.123031287527282984e-01
1.208022782765283409e-01
1.079682492148776873e-01
9.618516200237081648e-02
8.544054377989596105e-02
7.570427267232560098e-02
6.693976043374050278e-02
5.911095299666158098e-02
5.218576591369128437e-02
4.613702163396737888e-02
4.094203051636213786e-02
3.658173624762639520e-02
3.303996460317648598e-02
3.030293592610178166e-02
2.835895803355015232e-02
2.719816950138920220e-02
2.681232135364552960e-02
2.719477317077689804e-02
2.834100316886178916e-02
3.024988590095745167e-02
3.292574019360472448e-02
3.638076850074867252e-02
4.063712166225741385e-02
4.572762611132930033e-02
5.169431906460886239e-02
5.858439090798128746e-02
6.644382969534490258e-02
7.530978405293353717e-02
8.520314560792030534e-02
9.612288453217843198e-02
1.080431705595401581e-01
1.209133752922753047e-01
1.293087770039846873e-01
1.161005177813194678e-01
1.038818258984406384e-01
9.266568371549510630e-02
8.244663239172922431e-02
7.320969085117212671e-02
6.493588607327183126e-02
5.760512731251310470e-02
5.119742688907535921e-02
4.569339731347099587e-02
4.107464490607526386e-02
3.732428285638889065e-02
3.442745857000772958e-02
3.237165233394989627e-02
3.114658359663735610e-02
3.074380617863425869e-02
3.115635391941395937e-02
3.237896122845995706e-02
3.440931120667301002e-02
3.725042917676546494e-02
4.091381104126412538e-02
4.542233676784235286e-02
5.081167539947273326e-02
5.712891412076714914e-02
6.442761461676127510e-02
7.275932951824870543e-02
8.216258449192537228e-02
9.265114527192963578e-02
1.042037685454033635e-01
1.167574062938001589e-01
1.302050213098482345e-01
1.375910974148837340e-01
1.242127961539836178e-01
1.117102123395739000e-01
1.001282482596650425e-01
8.949488590732102011e-02
7.982646235947754576e-02
7.113040733878506217e-02
6.340650895822363964e-02
5.664779654739504622e-02
5.084181287725186849e-02
4.597254467375933018e-02
4.202277768786188972e-02
3.897632086318481015e-02
3.681950919872178929e-02
3.554165461355296429e-02
3.513456257906000246e-02
3.559169448044485762e-02
3.690782449257312692e-02
3.907997513215377694e-02
4.210997356040024897e-02
4.600825311672451789e-02
5.079775207559578121e-02
5.651620632397680311e-02
6.321503871595268720e-02
7.095353822569450131e-02
7.978803176001747488e-02
8.975705063426175911e-02
1.008647248495435633e-01
1.130654238786519272e-01
1.262527400663202570e-01
1.402551949777262053e-01
1.452056239019157147e-01
1.319195833630715242e-01
1.193401073664972500e-01
1.075493288945494896e-01
9.661678424524211550e-02
8.659964385819307608e-02
7.754125814301460196e-02
6.946964552059853304e-02
6.239727026650143671e-02
5.632280256349986303e-02
5.123475128311838489e-02
4.711616195595524914e-02
4.394919822925658082e-02
4.171848707619574270e-02
4.041258463485064567e-02
4.002364261032198556e-02
4.054607869738902082e-02
4.197549704440461937e-02
4.430908091035234975e-02
4.754812526971363695e-02
5.170243063867019373e-02
5.679521311503776815e-02
6.286636814684243291e-02
6.997167740155418869e-02
7.817605769946567307e-02
8.754018242962047225e-02
9.810149086342789815e-02
1.098523081407165591e-01
1.227190448439614556e-01
1.365468342129361190e-01
1.510933227558552971e-01
5.233891833405834859e-02
5.100151274351105712e-02
4.979223949885636102e-02
4.875693298146188681e-02
4.790338111934033805e-02
4.721584378444276808e-02
4.666844493704047636e-02
4.623480438408478221e-02
4.589289054956680047e-02
4.562568864207605657e-02
4.541942160562939534e-02
4.526143379735003691e-02
4.513942377616331214e-02
4.504270860161341261e-02
4.496502319761930266e-02
4.490744124950651894e-02
4.487968826606447692e-02
4.489851970174640883e-02
4.498284631608839845e-02
4.514655235652753618e-02
4.539105752564864815e-02
4.570022126472395030e-02
4.603994980834613671e-02
4.636385516505470150e-02
4.662476976818652474e-02
4.679024299252887431e-02
4.685879621797539585e-02
4.687305654670126387e-02
4.692613222164254694e-02
4.715870112420361693e-02
4.774602216286893963e-02
4.999435370150706603e-02
4.871041499600892166e-02
4.749383090563696896e-02
4.639834653778507345e-02
4.544306665957265068e-02
4.462518199534315499e-02
4.393171167976106517e-02
4.334787384459559689e-02
4.286119441485425341e-02
4.246194079178167158e-02
4.214149262406863272e-02
4.189057074881930021e-02
4.169882174710437539e-02
4.155631960975370021e-02
4.145647230689064600e-02
4.139901234202625346e-02
4.139150457467621891e-02
4.144820985629849019e-02
4.158607019508053781e-02
4.181870469710702309e-02
4.215024330051164725e-02
4.257123185971067869e-02
4.305854815993370721e-02
4.358031323499744758e-02
4.410541658307920443e-02
4.461586860952593270e-02
4.511915128068721970e-02
4.565734836478441139e-02
4.631023309093507123e-02
4.719059011108583945e-02
4.843159748679681798e-02
4.816139849688738650e-02
4.677223216486936508e-02
4.542487703321285153e-02
4.417936467689287383e-02
4.306280637490544905e-02
4.208084134006639943e-02
4.122828326421767997e-02
4.049675543660669064e-02
3.987848880296951393e-02
3.936681939239861094e-02
3.895485369412199361e-02
3.863404304729556316e-02
3.839401190180069534e-02
3.822412681756759412e-02
3.811632814631593646e-02
3.806803481893439312e-02
3.808373720676172525e-02
3.817427914145810064e-02
3.835366206021717517e-02
3.863418370929139201e-02
3.902149759869644186e-02
3.951146835424879100e-02
4.009036247452968382e-02
4.073903357993913232e-02
4.144057319263083627e-02
4.218975714002226596e-02
4.300184879730295506e-02
4.391816752922750311e-02
4.500634417604487680e-02
4.635425309857055254e-02
4.805796702430598089e-02
4.673691715700556415e-02
4.514163397163883928e-02
4.359024502400643541e-02
4.214595723192360310e-02
4.083966578696163197e-02
3.968067405685360427e-02
3.866678100030185306e-02
3.779163997023715638e-02
3.704857945513140294e-02
3.643134331014152849e-02
3.593307567280135117e-02
3.554514014194865013e-02
3.525700491718453122e-02
3.505765937461546855e-02
3.493815970432478935e-02
3.489427044132753508e-02
3.492800362164416583e-02
3.504720318596810102e-02
3.526305622654035687e-02
3.558624568267987343e-02
3.602309664074709872e-02
3.657325662879884476e-02
3.723010023986716988e-02
3.798424895740026841e-02
3.882958409849379677e-02
3.977021535547464737e-02
4.082633789676037850e-02
4.203693454155654763e-02
4.345787407601164887e-02
4.515496863859880250e-02
4.719272514421390952e-02
4.564603019611013224e-02
4.378569763002815307e-02
4.199055286971997702e-02
4.032369185756579100e-02
3.881593424171114748e-02
3.747627922166429926e-02
3.630184874600672629e-02
3.528528788956464268e-02
3.441880013451736886e-02
3.369518740009880275e-02
3.310709464130923152e-02
3.264592787036235677e-02
3.230161182364099659e-02
3.206367030179535504e-02
3.192333174774830695e-02
3.187579069071944105e-02
3.192160019898437895e-02
3.206646521994116483e-02
3.231933579627366271e-02
3.268940893667604541e-02
3.318316838522150647e-02
3.380271206697216257e-02
3.454627666815213161e-02
3.541115628104307689e-02
3.639835507965472061e-02
3.751759254600983695e-02
3.879092241595571977e-02
4.025337854454846820e-02
4.194968082401828724e-02
4.392697186585792224e-02
4.622455742901365738e-02
4.484658811176700510e-02
4.268849387665341055e-02
4.062836471985065145e-02
3.872658030877573765e-02
3.701113051579341118e-02
3.548812082226504572e-02
3.415181648415455129e-02
3.299223760768654756e-02
3.199946105951312347e-02
3.116492224853573134e-02
3.048081567794724833e-02
2.993897617216134677e-02
2.953037924817181192e-02
2.924578615602513310e-02
2.907735212738771224e-02
2.902048463420214830e-02
2.907507102099771146e-02
2.924543422523129266e-02
2.953890674143622164e-02
2.996351456476986641e-02
3.052569917144865030e-02
3.122909169087506598e-02
3.207503927569632651e-02
3.306496886489185272e-02
3.420395121429464780e-02
3.550425161665771157e-02
3.698742226606555050e-02
3.868369618203360005e-02
4.062804977957057417e-02
4.285314132539497223e-02
4.538017561935703270e-02
4.432462012260884876e-02
4.184955142471835643e-02
3.951074298413459474e-02
3.736425625697847863e-02
3.543378044309974939e-02
3.372133978791680420e-02
3.221751929686433868e-02
3.090926235563529190e-02
2.978438567060948117e-02
2.883304930219310336e-02
2.804720614494726760e-02
2.741935669291706290e-02
2.694173757845419459e-02
2.660652554459375096e-02
2.640698503273597453e-02
2.633897758278180845e-02
2.640206979413051158e-02
2.659964891427080147e-02
2.693790415833063889e-02
2.742404525088204537e-02
2.806451095602824353e-02
2.886399448107113130e-02
2.982585334029863589e-02
3.095394721276534256e-02
3.225534423836506903e-02
3.374287038423062768e-02
3.543630478543491336e-02
3.736123925318679539e-02
3.954515991063090041e-02
4.201103358082036721e-02
4.476938105881345109e-02
4.408480968587014104e-02
4.127863699920908402e-02
3.864881883214366098e-02
3.624636917265888769e-02
3.409022598361843848e-02
3.217818323128085467e-02
3.049725469918485032e-02
2.903158266508398810e-02
2.776705208816565573e-02
2.669281907583354041e-02
2.580072965247381944e-02
2.508391240826313151e-02
2.453567390512034763e-02
2.414932494502863847e-02
2.391895901746465825e-02
2.384071021879208274e-02
2.391380820336053148e-02
2.414087103170459159e-02
2.452724133036099374e-02
2.507962360687088221e-02
2.580461930483579636e-02
2.670784890688082669e-02
2.779414840733807068e-02
2.906890269059658749e-02
3.054007916762202512e-02
3.222013251252064947e-02
3.412680815745261498e-02
3.628204225151421269e-02
3.870859655398817267e-02
4.142465053973864997e-02
4.443714063427250949e-02
4.414032128798339727e-02
4.098970072163865552e-02
3.805575308501829568e-02
3.538419038341089617e-02
3.298928152617008891e-02
3.086495328125238302e-02
2.899517795958672650e-02
2.736185240974009503e-02
2.594937773574201856e-02
2.474615002211066894e-02
2.374390414570370922e-02
2.293616064162051771e-02
2.231689166728756391e-02
2.188006563483213540e-02
2.162016075089923106e-02
2.153325783910986502e-02
2.161809731660468969e-02
2.187655412490130402e-02
2.231328677044075448e-02
2.293471031407534610e-02
2.374775461976241786e-02
2.475898832017264795e-02
2.597455019349581562e-02
2.740100637311115861e-02
2.904684462009754498e-02
3.092398615808633622e-02
3.304855034821230220e-02
3.544020371646183776e-02
3.811973741085239453e-02
4.110494134647524334e-02
4.440527038150321459e-02
4.450524935569433183e-02
4.099630348366645194e-02
3.774458048519591102e-02
3.479027014168423193e-02
3.214310639395989710e-02
2.979355222350932308e-02
2.772307153190922691e-02
2.591182567448413465e-02
2.434309195359674050e-02
2.300464168820326449e-02
2.188800097610510420e-02
2.098679828668537084e-02
2.029528547609515954e-02
1.980769401052384637e-02
1.951856243431393523e-02
1.942371051700320095e-02
1.952130733297963161e-02
1.981250624339736532e-02
2.030136429675621912e-02
2.099410039591020904e-02
2.189803640976606403e-02
2.302069795223360416e-02
2.436948574541020207e-02
2.595209696846723091e-02
2.777756979048717767e-02
2.985754406472551636e-02
3.220718461216165451e-02
3.484521874361234950e-02
3.779270470022311201e-02
4.107039359496411635e-02
4.469481759906557272e-02
4.519116346196483391e-02
4.130969543439277913e-02
3.772703189974890847e-02
3.447735207237201394e-02
3.156573994647260406e-02
2.897936787758226274e-02
2.669751331995939836e-02
2.469892485896707512e-02
2.296596404812589753e-02
2.148581808069138788e-02
2.024968747173261363e-02
1.925109824878745712e-02
1.848436004547693301e-02
1.794380824685504194e-02
1.762398197570291813e-02
1.752047577792836819e-02
1.763097754701448139e-02
1.795600705736433156e-02
1.849905867311463226e-02
1.926612526040116791e-02
2.026483517693122849e-02
2.150357268874358851e-02
2.299094437330495566e-02
2.473582154379982967e-02
2.674797924555605277e-02
2.903915168644743972e-02
3.162416794839373324e-02
3.452176310656795977e-02
3.775465905619057594e-02
4.134856440214207396e-02
4.532982503451421508e-02
4.620739565430653784e-02
4.193944568987717503e-02
3.801373530245655274e-02
3.445760803333541844e-02
3.127108279068124830e-02
2.843795816443162039e-02
2.593543769307871116e-02
2.374101979694387410e-02
2.183625417092116550e-02
2.020774197626451496e-02
1.884627168146835174e-02
1.774515869146853220e-02
1.689872013412241358e-02
1.630145431226992514e-02
1.594807745459547732e-02
1.583420751921948977e-02
1.595729403743462171e-02
1.631737941897881683e-02
1.691741204194840975e-02
1.776303519363864325e-02
1.886197273233847227e-02
2.022325637517496943e-02
2.185657942573016044e-02
2.377202108800702263e-02
2.598029429827874992e-02
2.849355827129329555e-02
3.132670948707527714e-02
3.449892490880301921e-02
3.803507591601373861e-02
4.196646730633801781e-02
4.633022845655432320e-02
4.756347446348740959e-02
4.289557086224249360e-02
3.861549499106331496e-02
3.474274618747585919e-02
3.127172584208892658e-02
2.818268093778897310e-02
2.545079427363816649e-02
2.305244533454242628e-02
2.096846615404501790e-02
1.918487908187671565e-02
1.769199941736587789e-02
1.648286934687348548e-02
1.555182388801767956e-02
1.489366035275452305e-02
1.450353051768615842e-02
1.437740195251535624e-02
1.451278865351923741e-02
1.490944317083631177e-02
1.556978300504852086e-02
1.649894830188713968e-02
1.770449952709896024e-02
1.919585645373445004e-02
2.098364189805579372e-02
2.307914855373383034e-02
2.549418517810408957e-02
2.824156202768790536e-02
3.133640793566883076e-02
3.479832385619374691e-02
3.865407466037140694e-02
4.294012594255036674e-02
4.770396261028508889e-02
4.927174443517401414e-02
4.419073983876842249e-02
3.954487993723887485e-02
3.534490932361222804e-02
3.157918618035182590e-02
2.822436431051755790e-02
2.525378734844707651e-02
2.264295410896011163e-02
2.037214647134533152e-02
1.842684824805473909e-02
1.679682807480276097e-02
1.547473768914642278e-02
1.445485652038769331e-02
1.373231497746019159e-02
1.330286204392905347e-02
1.316306564513070043e-02
1.331076584210677538e-02
1.374560966723947786e-02
1.446952947117097210e-02
1.548705784443882294e-02
1.680538527762109879e-02
1.843409791399608366e-02
2.038460240146378055e-02
2.266938850698352326e-02
2.530145678429107647e-02
2.829438473600021098e-02
3.166352218067913782e-02
3.542860276775172679e-02
3.961761643495265162e-02
4.427115797534497688e-02
4.944582467305735918e-02
5.134867098431072918e-02
4.584136611890698987e-02
4.081724973320888239e-02
3.627777852489089128e-02
3.220519728301951545e-02
2.857283203047700226e-02
2.535261544289824087e-02
2.251958153647137806e-02
2.005373538304411341e-02
1.794009000332152937e-02
1.616774507601803634e-02
1.472872167869354598e-02
1.361698657092347275e-02
1.282782282578409649e-02
1.235752592401695438e-02
1.220334397294209339e-02
1.236360629991395399e-02
1.283802747639128938e-02
1.362816836808633525e-02
1.473796974278229754e-02
1.617417687339184340e-02
1.794641939522989560e-02
2.006677846475213300e-02
2.254889047981123440e-02
2.540695585958019365e-02
2.865532599753350951e-02
3.230946519215649460e-02
3.638888823024899466e-02
4.092210560975217959e-02
4.595274851180874975e-02
5.154511782529880293e-02
5.381427220760315322e-02
4.786705226513277012e-02
4.245061042092856951e-02
3.755712552583645447e-02
3.316310042600889574e-02
2.923912884489254793e-02
2.575638691450876649e-02
2.269000280466570985e-02
2.002005113718041684e-02
1.773115379546652548e-02
1.581156796419236343e-02
1.425232878136739600e-02
1.304666111172991805e-02
1.218960959522519261e-02
1.167775178873853292e-02
1.150892063378705643e-02
1.168200048414291814e-02
1.219694754036027007e-02
1.305515863714390434e-02
1.426015214019571431e-02
1.581831061230332125e-02
1.773929211231006775e-02
2.003576235074433498e-02
2.272237913348362781e-02
2.581441837719467003e-02
2.932688946020789444e-02
3.327523149710032158e-02
3.767850533677119529e-02
4.256531754072057083e-02
4.798163600480620516e-02
5.399844301336997887e-02
5.669011532813783560e-02
5.028863995539722964e-02
4.446421275792999950e-02
3.920028395077679306e-02
3.446833492489531636e-02
3.023700367612036644e-02
2.647743039324268466e-02
2.316540212723339209e-02
2.028140070797235239e-02
1.780973263157648034e-02
1.573763609667366836e-02
1.405478665765258484e-02
1.275318543048342690e-02
1.182715712457138579e-02
1.127318290855328087e-02
1.108948078581306618e-02
1.127549548436945770e-02
1.183160982691333629e-02
1.275934879413398448e-02
1.406210761888360139e-02
1.574611664000258315e-02
1.782111843749589752e-02
2.030024964733456727e-02
2.319894686297629960e-02
2.653327010375505779e-02
3.031863941578194499e-02
3.457033311860868707e-02
3.930694253267574823e-02
4.455720843361632433e-02
5.036938680950697744e-02
5.682081930990534602e-02
5.999697442544515980e-02
5.312575867299074162e-02
4.687640176416607574e-02
4.122456010736641474e-02
3.613752946603199234e-02
3.158268490460613975e-02
2.753166630645864643e-02
2.396129849239514442e-02
2.085269273266021628e-02
1.818990310493973084e-02
1.595905038630007766e-02
1.414820443096687086e-02
1.274778847073321231e-02
1.175101294757041615e-02
1.115391663370246533e-02
1.095489038198138587e-02
1.115391918756358791e-02
1.175198972669022623e-02
1.275107467881753109e-02
1.415480322611983865e-02
1.596952180261723697e-02
1.820513318125449587e-02
2.087508320801134687e-02
2.399522803352738265e-02
2.758197542971174698e-02
3.165080897633743007e-02
3.621674594614887610e-02
4.129813725012354553e-02
4.692437156063533621e-02
5.314659604937332915e-02
6.004888151255727280e-02
6.375337014245019418e-02
5.639504382190807519e-02
4.970268281181233760e-02
4.364524977563633001e-02
3.818653414373329724e-02
3.329297532127384329e-02
2.893681464229302946e-02
2.509592291789886076e-02
2.175204860213852953e-02
1.888903346116421744e-02
1.649193237426516134e-02
1.454722258858964778e-02
1.304368182718462776e-02
1.197325398788962048e-02
1.133133962684951257e-02
1.111634136759676039e-02
1.132873638744058553e-02
1.197022750238829758e-02
1.304349023303075228e-02
1.455270378392015118e-02
1.650458400763454847e-02
1.890926328269415535e-02
2.178031960465887096e-02
2.513363704929361120e-02
2.898549886231194250e-02
3.335110534499108326e-02
3.824519561021588743e-02
4.368631268152967095e-02
4.970533171763236169e-02
5.635728784181992523e-02
6.373369844732224010e-02
6.797577886413819215e-02
6.011000598107330006e-02
5.295508781910029938e-02
4.647438022448113770e-02
4.062849967431247933e-02
3.538273372942057904e-02
3.070944245246209903e-02
2.658706808324495796e-02
2.299772129117627628e-02
1.992502710527332965e-02
1.735319443105254322e-02
1.526742941678094212e-02
1.365514890676422510e-02
1.250718010669515934e-02
1.181827956497727428e-02
1.158675130318442825e-02
1.181344808719586581e-02
1.250075591087806970e-02
1.365214650286361575e-02
1.527253890708379913e-02
1.736921281917602755e-02
1.995261970841966104e-02
2.303637969635019545e-02
2.663614624179899693e-02
3.076776391026214696e-02
3.544596366737096105e-02
4.068533747249603039e-02
4.650516766378132161e-02
5.293870180685189553e-02
6.004578739612043137e-02
6.792584590311889770e-02
7.268045186632576815e-02
6.428289105576823204e-02
5.664356448960461421e-02
4.972125556923856493e-02
4.347339208288758527e-02
3.786336853272587177e-02
3.286261911671317648e-02
2.844920877032564022e-02
2.460503777911071666e-02
2.131342480606690515e-02
1.855806131243298296e-02
1.632344360950810369e-02
1.459619840716186445e-02
1.336643113245372660e-02
1.262838478942285292e-02
1.238015442140749656e-02
1.262272322128410451e-02
1.335891841335978825e-02
1.459287762554595247e-02
1.633028120704693720e-02
1.857911278966639657e-02
2.135032125625002664e-02
2.465770981689274777e-02
2.851677921535156202e-02
3.294299837034486700e-02
3.795078073380864225e-02
4.355490909529180499e-02
4.977594181855238276e-02
5.665008225423662225e-02
6.424227089337364305e-02
7.265928812830679817e-02
7.788576292180238170e-02
6.892788863183341164e-02
6.077925981639964448e-02
5.339521647510991897e-02
4.672986022296754527e-02
4.074368308420162066e-02
3.540581474499049364e-02
3.069267416140064597e-02
2.658513500682602171e-02
2.306598640279844403e-02
2.011871097965922672e-02
1.772772513140807860e-02
1.587954287242610008e-02
1.456403380871051922e-02
1.377508502628188580e-02
1.351040537156222854e-02
1.377070494345389307e-02
1.455879128843662329e-02
1.587911597380298190e-02
1.773799071270332206e-02
2.014422743559407536e-02
2.310961564216995612e-02
2.664863249083282426e-02
3.077719603970763274e-02
3.551100388358463533e-02
4.086475966141733807e-02
4.685399531172151910e-02
5.350091737454931717e-02
6.084461068167001940e-02
6.895418910153239267e-02
7.794153947861559573e-02
8.361309169255548568e-02
7.406396138281934327e-02
6.537839129441636032e-02
5.750981268170107796e-02
5.040917594078564434e-02
4.403326084457148681e-02
3.834759657365793828e-02
3.332566255994606763e-02
2.894638119687442668e-02
2.519163282977388008e-02
2.204483244349830784e-02
1.949079546284337994e-02
1.751648217941692565e-02
1.611192111522541381e-02
1.527071898453868926e-02
1.498992702181567438e-02
1.526945387922751252e-02
1.611147620860720053e-02
1.752026173744525295e-02
1.950253050563333090e-02
2.206807016773382202e-02
2.523004355680313893e-02
2.900446471176110208e-02
3.340875562389555853e-02
3.846000804696814157e-02
4.417427436965226661e-02
5.056854360191209707e-02
5.766670981120114448e-02
6.550971283104445320e-02
7.416830484862657613e-02
8.375502159015013603e-02
8.988375515890112410e-02
7.971471966749277271e-02
7.046425214605278597e-02
6.208620595725733438e-02
5.452941276189449127e-02
4.774692641831279616e-02
4.170000264639384113e-02
3.635826705885847332e-02
3.169788264131057076e-02
2.769932945284381276e-02
2.434582893511105794e-02
2.162274654438078869e-02
1.951774170083808713e-02
1.802117106490186416e-02
1.712630747897492256e-02
1.682922035979572684e-02
1.712847737326228525e-02
1.802500271696771961e-02
1.952235689350345638e-02
2.162742171276477166e-02
2.435112841703812592e-02
2.770866142236627638e-02
3.171867909259162843e-02
3.640155417542700889e-02
4.177733383494341979e-02
4.786476560093433363e-02
5.468299537733400939e-02
6.225714928496017819e-02
7.062787412996840430e-02
7.986323519889992895e-02
9.006959383896173676e-02
9.670970018641611432e-02
8.590254554525245112e-02
7.606427618577527028e-02
6.715263965952544822e-02
5.911676236883067759e-02
5.190734927555240574e-02
4.548190068499025074e-02
3.980611198994665756e-02
3.485299942440178711e-02
3.060118273060652427e-02
2.703331206248549279e-02
2.413506418361066608e-02
2.189467411699297372e-02
2.030273821037553716e-02
1.935205384688742924e-02
1.903744947412633337e-02
1.935576411779038608e-02
2.030620764344348572e-02
2.189121086848899722e-02
2.411758582638867665e-02
2.699752315129444469e-02
3.054881053776625777e-02
3.479383028206939343e-02
3.975738824556174222e-02
4.546411520095716696e-02
5.193679635976877762e-02
5.919721102054609219e-02
6.727065245559060713e-02
7.619420485752925742e-02
8.602725199943961343e-02
9.686103227568310103e-02
1.040767544066483197e-01
9.263491454441918904e-02
8.219946468625494163e-02
7.273683249695750419e-02
6.420058698518005258e-02
5.654230954996819491e-02
4.971793352979148040e-02
4.369042308599091484e-02
3.843003090969432378e-02
3.391333614672475960e-02
3.012194418079161551e-02
2.704131257814879064e-02
2.465982312696723966e-02
2.296805200330709340e-02
2.195820800716319354e-02
2.162383328141004313e-02
2.195996550017298432e-02
2.296394122549827443e-02
2.463682102643360849e-02
2.698511706057615811e-02
3.002221110000391491e-02
3.376875601861684117e-02
3.825156017046538182e-02
4.350097541919240030e-02
4.954750729848456103e-02
5.641898369231057586e-02
6.413986391271464527e-02
7.273391113585603307e-02
8.223044613168895012e-02
9.267291955302425777e-02
1.041269892289165000e-01
1.119211894134437557e-01
9.988269664643212309e-02
8.886510642946632288e-02
7.884953153347851185e-02
6.979993263962569472e-02
6.167403567110341100e-02
5.443034781364985975e-02
4.803190077291219495e-02
4.244767035743279848e-02
3.765260596446751151e-02
3.362697413285786752e-02
3.035542156067094766e-02
2.782593706888292218e-02
2.602880598624324193e-02
2.495570247265277430e-02
2.459916893258196069e-02
2.495278182959737023e-02
2.601220787255442701e-02
2.777709128804417560e-02
3.025335409438412171e-02
3.345517226080119144e-02
3.740577337612194242e-02
4.213640714169741841e-02
4.768336367214942584e-02
5.408363725473464001e-02
6.137050099005136872e-02
6.957059940987164737e-02
7.870393737903214060e-02
8.878730542483026511e-02
9.984035330990082002e-02
1.118920815245019185e-01
1.201028854258545664e-01
1.075529061416489185e-01
9.600444172360766970e-02
8.546011511225515278e-02
7.590174463780385850e-02
6.730036220733381924e-02
5.962313222971715732e-02
5.283767482751500211e-02
4.691450397103835712e-02
4.182823284554615384e-02
3.755798618340122630e-02
3.408723809661751147e-02
3.140316836470447015e-02
2.949565289054589812e-02
2.835613960633054376e-02
2.797681452739197994e-02
2.835052368936885614e-02
2.947178740396338981e-02
3.133892360528989229e-02
3.395685106897872174e-02
3.733973410180624342e-02
4.151242868283588905e-02
4.650982188013585983e-02
5.237366135861520888e-02
5.914722339866784750e-02
6.686894492258943501e-02
7.556666159007363603e-02
8.525410046331671765e-02
9.593067577816327685e-02
1.075845108132398309e-01
1.201972571973328741e-01
1.283808919023314843e-01
1.154612892410966651e-01
1.034801039030526226e-01
9.246844543110910308e-02
8.243434145003902813e-02
7.337066433615291317e-02
6.526090995976119302e-02
5.808336898144261795e-02
5.181425955697704921e-02
4.643019493778410833e-02
4.191008079578750767e-02
3.823632262810860993e-02
3.539517600620456506e-02
3.337621947048319271e-02
3.217121052875882015e-02
3.177286962272773962e-02
3.217428597872640239e-02
3.336953951020404929e-02
3.535576545255025849e-02
3.813633453501097392e-02
4.172425500382814789e-02
4.614453149497421691e-02
5.143421366574330023e-02
5.763930180864917929e-02
6.480847154398361454e-02
7.298451785845827544e-02
8.219519823478549370e-02
9.244549692630243953e-02
1.037130552185772103e-01
1.159476277309750003e-01
1.290741550758411904e-01
1.363988353567577860e-01
1.233123556447139890e-01
1.110508121830093842e-01
9.968008630289659777e-02
8.924274488697392371e-02
7.976255709741053579e-02
7.124791733849633601e-02
6.369494637215211696e-02
5.709082185740044224e-02
5.141746252547818585e-02
4.665524474603444105e-02
4.278614724216822651e-02
3.979571241779922275e-02
3.767349656573060201e-02
3.641216197047469905e-02
3.600586427091911901e-02
3.644890910527465167e-02
3.773564516768601607e-02
3.986217102419686853e-02
4.282974447323795175e-02
4.664900337547805975e-02
5.134348412593681132e-02
5.695071633681436651e-02
6.351949562213121681e-02
7.110277702076928108e-02
7.974677630227233749e-02
8.947799668567313347e-02
1.002906632829763112e-01
1.121371707636171777e-01
1.249235459490591893e-01
1.385107190617418382e-01
1.436876341191677398e-01
1.306950289691712896e-01
1.183618217975208609e-01
1.067933791924815523e-01
9.607405883150477166e-02
8.626701930757008085e-02
7.741402798660601547e-02
6.953647501177329104e-02
6.263826785607307102e-02
5.671053393211877847e-02
5.173734992922618403e-02
4.770128460131672909e-02
4.458753185599562130e-02
4.238583482811009162e-02
4.109012551180057926e-02
4.069659157721616793e-02
4.120145646766104619e-02
4.259990154696424725e-02
4.488717428557720268e-02
4.806209326625321410e-02
5.213211299678732757e-02
5.711818026475157239e-02
6.305713269057378056e-02
6.999957103971610195e-02
7.800202089993035770e-02
8.711359030348830856e-02
9.735887689157607383e-02
1.087201347952486685e-01
1.211222988099507347e-01
1.344241606313971715e-01
1.484178325865741499e-01
5.311723530434164786e-02
5.211872184315780032e-02
5.111135218191975582e-02
5.018082122160194558e-02
4.937492537237631041e-02
4.871148527422519692e-02
4.818742533620934410e-02
4.778696348716948705e-02
4.748782380556804128e-02
4.726539677812979789e-02
4.709549743074603612e-02
4.695660765491993516e-02
4.683222198764269706e-02
4.671331892950547626e-02
4.660034302605708945e-02
4.650371410571096931e-02
4.644197472998712328e-02
4.643727284837950720e-02
4.650878293341520475e-02
4.666558245617125067e-02
4.690108023442007834e-02
4.719107477012585150e-02
4.749682109786590445e-02
4.777324064525600988e-02
4.798094250691065099e-02
4.809944636235741200e-02
4.813830205603153445e-02
4.814291785942259594e-02
4.819286626002394769e-02
4.839202191578806378e-02
4.885172144179250608e-02
5.111912727772960352e-02
5.007269427119354077e-02
4.899004411595342390e-02
4.795452874350303318e-02
4.701568711925574462e-02
4.619679305369572830e-02
4.550311786329075403e-02
4.492898869784767157e-02
4.446271804863499710e-02
4.408950042034120997e-02
4.379308632724132622e-02
4.355724929428106407e-02
4.336775663932712632e-02
4.321490738038846757e-02
4.309601930981443729e-02
4.301682684899788001e-02
4.299080291730206227e-02
4.303596006411680719e-02
4.316955659805898904e-02
4.340202403591320035e-02
4.373200832469592569e-02
4.414442178585886722e-02
4.461276274059855496e-02
4.510580836677036132e-02
4.559743985873865313e-02
4.607721637012218707e-02
4.655873712545144372e-02
4.708303530674129433e-02
4.771522294822716503e-02
4.853413695218478097e-02
4.961643464389453584e-02
4.948840626366290962e-02
4.826084129319951899e-02
4.700479443317817640e-02
4.579926299970793480e-02
4.469174799646680185e-02
4.370591241240617819e-02
4.284959872347826604e-02
4.212134885210616631e-02
4.151459004151547560e-02
4.101968623126595048e-02
4.062477508568917983e-02
4.031651710010919487e-02
4.008156944382790243e-02
3.990893414356833091e-02
3.979262068060052115e-02
3.973359952760802116e-02
3.974002084396488499e-02
3.982515157349553192e-02
4.000329325208440423e-02
4.028478854797867825e-02
4.067178043806052301e-02
4.115641341195441782e-02
4.172259167080483167e-02
4.235135641692977515e-02
4.302873452070343774e-02
4.375389944380003726e-02
4.454502716816932661e-02
4.544050273034372367e-02
4.649411458831309574e-02
4.776433214510689140e-02
4.929932104346335109e-02
4.818422404446209839e-02
4.669036280301952502e-02
4.520147101948168711e-02
4.378959797827519651e-02
4.249643637649569428e-02
4.134150027584837517e-02
4.033036230475772754e-02
3.946110707283878583e-02
3.872819855587295024e-02
3.812401172854151810e-02
3.763901973343308782e-02
3.726185352661559591e-02
3.698015399095311295e-02
3.678248456708388403e-02
3.666084581527684350e-02
3.661283984092733590e-02
3.664246733842446702e-02
3.675894446405436611e-02
3.697366013784630923e-02
3.729617643239180325e-02
3.773070673923939466e-02
3.827454777547245612e-02
3.891943435792200034e-02
3.965584310572012328e-02
4.047918725518684369e-02
4.139596502955100732e-02
4.242756329040275887e-02
4.360973830671355245e-02
4.498676057073680568e-02
4.660058503282016318e-02
4.847682600234293204e-02
4.717440539877770789e-02
4.536513059565550066e-02
4.361019401608245971e-02
4.197252904987180955e-02
4.048525779626288568e-02
3.916063298629524070e-02
3.799876502171173343e-02
3.699428809795790585e-02
3.614016905703465454e-02
3.542893071426078677e-02
3.485232155890116701e-02
3.440072088505985448e-02
3.406330392863310408e-02
3.382935905938211363e-02
3.369042842587077757e-02
3.364242020961683011e-02
3.368671497719333274e-02
3.382961742863699328e-02
3.408014939759596018e-02
3.444690036121755838e-02
3.493514869478531182e-02
3.554553271442273399e-02
3.627510908063413808e-02
3.712080248806159943e-02
3.808428945376363117e-02
3.917658972568460740e-02
4.042035475686134305e-02
4.184818067460582824e-02
4.349619575714314124e-02
4.539344885688478826e-02
4.754891069205768872e-02
4.643922647483123001e-02
4.428945967288200336e-02
4.225059844020506716e-02
4.037526966385485139e-02
3.868672770477132872e-02
3.718860630124254385e-02
3.587418924689700361e-02
3.473336115803249413e-02
3.375645060532406205e-02
3.293524748278287007e-02
3.226225141042959876e-02
3.172948920382623328e-02
3.132801282481523231e-02
3.104858516690001125e-02
3.088335433676547837e-02
3.082777036252082326e-02
3.088182603642053436e-02
3.104995112335018348e-02
3.133945295303419698e-02
3.175805203045456437e-02
3.231152793978253612e-02
3.300258154649782227e-02
3.383164540809957543e-02
3.479964912457944592e-02
3.591189394774119137e-02
3.718151830889837584e-02
3.863079669918079162e-02
4.028884273748190026e-02
4.218513937667012215e-02
4.433948359383066418e-02
4.675008812137093628e-02
4.597065014922918635e-02
4.346940327695847373e-02
4.113624451565556228e-02
3.901335648379244958e-02
3.711422345168102765e-02
3.543406654080172302e-02
3.395952630580723053e-02
3.267579888506588759e-02
3.157047217064246070e-02
3.063436032425670419e-02
2.986040655650867848e-02
2.924201941641513258e-02
2.877200766124587972e-02
2.844271156936883926e-02
2.824723653793625999e-02
2.818114434012386482e-02
2.824374118972627912e-02
2.843828400909842458e-02
2.877091542723064777e-02
2.924872835501446389e-02
2.987780710100196302e-02
3.066220395521668252e-02
3.160450848827167647e-02
3.270804033854801673e-02
3.397995019440713804e-02
3.543391443599830382e-02
3.709089402218523901e-02
3.897671808135783067e-02
4.111600844453278114e-02
4.352299569563911064e-02
4.619080396059871418e-02
4.576919194914808031e-02
4.291249834568588994e-02
4.027771101391408592e-02
3.789719469114061212e-02
3.577571352343511535e-02
3.390131007654417772e-02
3.225515054145944305e-02
3.081864127307198942e-02
2.957713530668115709e-02
2.852056271876790561e-02
2.764205892890458927e-02
2.693595557866501622e-02
2.639631430611188989e-02
2.601665035399491899e-02
2.579082597003434785e-02
2.571455211545981001e-02
2.578669427748536691e-02
2.600970732237328775e-02
2.638894611118303146e-02
2.693113189525320195e-02
2.764267812381149270e-02
2.852870878632529639e-02
2.959337665379280224e-02
3.084155279793776572e-02
3.228131653486343566e-02
3.392613599135074764e-02
3.579542611259967089e-02
3.791239593465434154e-02
4.029873660601879237e-02
4.296658759676574846e-02
4.590910407205228694e-02
4.584058618888775527e-02
4.262708972191830981e-02
3.968445132841225131e-02
3.703615269887450268e-02
3.467965205345535651e-02
3.259742946011101594e-02
3.076670428345096298e-02
2.916629036462836666e-02
2.778002523336908780e-02
2.659716213202045765e-02
2.561079681618139148e-02
2.481566014466807246e-02
2.420643142795597669e-02
2.377721857919823378e-02
2.352222891568089835e-02
2.343713112168188673e-02
2.352036487718578428e-02
2.377374068601056933e-02
2.420203849578683730e-02
2.481178816378815100e-02
2.560980741873208899e-02
2.660222598387917969e-02
2.779455092786520254e-02
2.919290117642958649e-02
3.080598366432241164e-02
3.264691808726638556e-02
3.473380761261068983e-02
3.708811114483978599e-02
3.973036995103029767e-02
4.267356063746774453e-02
4.591507733675825875e-02
4.619368764247155923e-02
4.262209257512949989e-02
3.936582346568684443e-02
3.644030331088288222e-02
3.383695457796420669e-02
3.153415494307409972e-02
2.950655939002899686e-02
2.773147223069827305e-02
2.619186592346522957e-02
2.487651050068961922e-02
2.377827243253705092e-02
2.289185100198665168e-02
2.221203216504363809e-02
2.173306597251212224e-02
2.144920060163713060e-02
2.135592845297651365e-02
2.145126658069784753e-02
2.173645964830939192e-02
2.221579961769748479e-02
2.289567228581290692e-02
2.378329229759401642e-02
2.488574103153951000e-02
2.620981105974351522e-02
2.776282498052751180e-02
2.955414790267241187e-02
3.159672069887164980e-02
3.390774089348269626e-02
3.650769867635972332e-02
3.941732438488543266e-02
4.265252823097398505e-02
4.621796668016031617e-02
4.683997578445087129e-02
4.290750505379037349e-02
3.933176443888442009e-02
3.612060091745661339e-02
3.326024845046049450e-02
3.072599634833750315e-02
2.849090539621101925e-02
2.653152365382993594e-02
2.483039908292994369e-02
2.337593917218327988e-02
2.216065631728270091e-02
2.117896719573764130e-02
2.042551344493404031e-02
1.989452800808066968e-02
1.958026876855001319e-02
1.947812466642062645e-02
1.958580477912619244e-02
1.990407120138115715e-02
2.043672869513102341e-02
2.118992708528821822e-02
2.217112543257826474e-02
2.338820468503399752e-02
2.484915486638783477e-02
2.656252030647010542e-02
2.853846160542161670e-02
3.078998831551871262e-02
3.333374590874882415e-02
3.618975039898941759e-02
3.937965492968942272e-02
4.292344291206973139e-02
4.683478267679674900e-02
4.779409145157842431e-02
4.349541527926703566e-02
3.959341461631993297e-02
3.608850810633157380e-02
3.296216099261073396e-02
3.018712880111706909e-02
2.773541845272120554e-02
2.558322873301221989e-02
2.371289747861737851e-02
2.211250389154884033e-02
2.077412771723174956e-02
1.969181039567047264e-02
1.886003043364326004e-02
1.827310674707405269e-02
1.792552186270768289e-02
1.781282770025427453e-02
1.793265539890853688e-02
1.828539663256378844e-02
1.887432279727363493e-02
1.970515783796145115e-02
2.078533705025620293e-02
2.212328954374243040e-02
2.372805257073196117e-02
2.560938982787774876e-02
2.777838889051054139e-02
3.024833386371028610e-02
3.303552261240838561e-02
3.615965601875359425e-02
3.964345749409403652e-02
4.351125201810646104e-02
4.778633054411329795e-02
4.907436641997264815e-02
4.440089093804999720e-02
4.016371964326026500e-02
3.635585405936581083e-02
3.295418811376293888e-02
2.992923087094823131e-02
2.725220906722825021e-02
2.489915332625969313e-02
2.285224745537561830e-02
2.109919484428246506e-02
1.963155745579570066e-02
1.844295820592378732e-02
1.752777698675345164e-02
1.688061525601369794e-02
1.649648032980621792e-02
1.637141833998612128e-02
1.650325122682261281e-02
1.689212860947009176e-02
1.754073831398272887e-02
1.845417240110691637e-02
1.963955456085386686e-02
2.110559105130960234e-02
2.286220103815139737e-02
2.492034762144612614e-02
2.729214694045367651e-02
2.999129742602235638e-02
3.303381711339170579e-02
3.643900326551374746e-02
4.023039360617985949e-02
4.443632960646937136e-02
4.908953554513573181e-02
5.070242345482256496e-02
4.564211425940811750e-02
4.105779139945298084e-02
3.693518883392243879e-02
3.324688636530481745e-02
2.996143245491111884e-02
2.704950662882765755e-02
2.448709387863345910e-02
2.225621823345136363e-02
2.034409853877150454e-02
1.874162667445489205e-02
1.744188517477596179e-02
1.643912450708739925e-02
1.572831709563615732e-02
1.530518701110850088e-02
1.516651545534841716e-02
1.531053129292558879e-02
1.573726509013795294e-02
1.644881667016306892e-02
1.744952196895610541e-02
1.874600100927636959e-02
2.034705180994933471e-02
2.226336361127323471e-02
2.450709196637035348e-02
2.709145932931278367e-02
3.003066585370106623e-02
3.334044874645769596e-02
3.703952589876280399e-02
4.115186915805679746e-02
4.570930948648310732e-02
5.075348401442170143e-02
5.270148784575212630e-02
4.723940727126318961e-02
4.229270596988499165e-02
3.784035481567116221e-02
3.385115414857864380e-02
3.029217498078651261e-02
2.713391169163514860e-02
2.435249804511840921e-02
2.192981264124682639e-02
1.985244904426508583e-02
1.811038711093715392e-02
1.669589591620024294e-02
1.560286076710326597e-02
1.482647613374865614e-02
1.436313987869652919e-02
1.421041844514547847e-02
1.436705396554316394e-02
1.483307386661181226e-02
1.561007440977846272e-02
1.670166971598519012e-02
1.811396485936711542e-02
1.985581724511575885e-02
2.193866352172335610e-02
2.437586021369497757e-02
2.718177230053697713e-02
3.037113930076884571e-02
3.395940938025887590e-02
3.796461922138405498e-02
4.241095388169924263e-02
4.733340756683901418e-02
5.278215936232300010e-02
5.509378222313898732e-02
4.921326335534104146e-02
4.388652219040523050e-02
3.908669179054413689e-02
3.477965395359206013e-02
3.093172300577862188e-02
2.751373439423332456e-02
2.450227295958029572e-02
2.187914720707340166e-02
1.963019435424939729e-02
1.774418897548457608e-02
1.621219251137517858e-02
1.502730206630076282e-02
1.418455143357277848e-02
1.368072968762135133e-02
1.351404199886019342e-02
1.368374011508421972e-02
1.418996647771564312e-02
1.503400906585738994e-02
1.621897758741397411e-02
1.775064902176382020e-02
1.963805976993171498e-02
2.189343436839408241e-02
2.453130603680619970e-02
2.756712686459650286e-02
3.101613280887249857e-02
3.489349131450580899e-02
3.921663764594995882e-02
4.401011557456513401e-02
4.931225870859634597e-02
5.518193605257692980e-02
5.789795241526007885e-02
5.158197562877830933e-02
4.585660720294981729e-02
4.069037552653753664e-02
3.604729281505569816e-02
3.189373464465461439e-02
2.820145285113540012e-02
2.494782505164039321e-02
2.211471402370079886e-02
1.968712679445161484e-02
1.765238448751915712e-02
1.599995431024581194e-02
1.472167329848161899e-02
1.381193095949129201e-02
1.326749321378883906e-02
1.308693499595392495e-02
1.326994410192128271e-02
1.381690502967103384e-02
1.472908410505624488e-02
1.600944597885245457e-02
1.766376872546970844e-02
1.970147419888235163e-02
2.213560866402985994e-02
2.498175507935229689e-02
2.825624525030434597e-02
3.197464801087335218e-02
3.615186481147247832e-02
4.080502211400016677e-02
4.595961025461292593e-02
5.165809914160490735e-02
5.796886071129847551e-02
6.112766150363313500e-02
5.435976845365075860e-02
4.821775606342271203e-02
4.266685522725310875e-02
3.767017723384924466e-02
3.319481222388276365e-02
2.921383517241338268e-02
2.570565184760198463e-02
2.265229606928187422e-02
2.003796307144511957e-02
1.784843303903471678e-02
1.607137231439992320e-02
1.469703837574343197e-02
1.371878547797678038e-02
1.313297141314251348e-02
1.293825705215567723e-02
1.313466540523222648e-02
1.372294308021082543e-02
1.470464486192213371e-02
1.608299836152582429e-02
1.786415298920474015e-02
2.005811996423290111e-02
2.267872761512990110e-02
2.574234264284314122e-02
2.926579989434685558e-02
3.326470899082778487e-02
3.775371289339091163e-02
4.275009504272020422e-02
4.828125014137185644e-02
5.439509164989431156e-02
6.117083160461334046e-02
6.479221265453816159e-02
5.755636259982566116e-02
5.098093537480963278e-02
4.502899841736507369e-02
3.966337204201408895e-02
3.485207846915727714e-02
3.056952114820887800e-02
2.679509541667357553e-02
2.351103096043516416e-02
2.070082249701954424e-02
1.834886037431715522e-02
1.644112132089503575e-02
1.496628313725523185e-02
1.391653413156745955e-02
1.328760352407698520e-02
1.307802002338576131e-02
1.328802896023262292e-02
1.391880177470739000e-02
1.497242278492194600e-02
1.645272427413146943e-02
1.836653787358955014e-02
2.072460259660147130e-02
2.354140971874585375e-02
2.683374600928800646e-02
3.061847654862503987e-02
3.491089485942211468e-02
3.972539406095165759e-02
4.507996841311978642e-02
5.100503586163540604e-02
5.755543721443245886e-02
6.482265348768123658e-02
6.889937623509467812e-02
6.117857291701511713e-02
5.415355392824494629e-02
4.778604603961866815e-02
4.203867525029636454e-02
3.688001805312524084e-02
3.228526335260539781e-02
2.823436146354652010e-02
2.470957961850217544e-02
2.169386623609170783e-02
1.917060444975504652e-02
1.712453715299488977e-02
1.554313802989781834e-02
1.441762029571691528e-02
1.374307957667042501e-02
1.351777765376027673e-02
1.374203338855295442e-02
1.441738436187733896e-02
1.554652466074912809e-02
1.713407805254973937e-02
1.918775237209047191e-02
2.171909255048376508e-02
2.474312913363974076e-02
2.827674878972175065e-02
3.233644437750626821e-02
3.693691023545397911e-02
4.209234326299338136e-02
4.782197822078160243e-02
5.416022788449481595e-02
6.117001653547049500e-02
6.895595622245309642e-02
7.345967277910858684e-02
6.523385569380479865e-02
5.774180842809073511e-02
5.094449242096743546e-02
4.480398611121927388e-02
3.928849779549636878e-02
3.437292937996971887e-02
3.003693075515911914e-02
2.626240045174199622e-02
2.303183960248134099e-02
2.032812309334985912e-02
1.813545252298354171e-02
1.644075249714660458e-02
1.523470418396755122e-02
1.451192651256860700e-02
1.427032233004865702e-02
1.451005547824024688e-02
1.523280090623302385e-02
1.644173292334016878e-02
1.814226743408653419e-02
2.034307468966289889e-02
2.305659414014371578e-02
2.629841046473302413e-02
3.008543228679627646e-02
3.443366708779649343e-02
3.935717543754435610e-02
4.487011510991578689e-02
5.099333854013821110e-02
5.776572459308226826e-02
6.525852647064311896e-02
7.358901954285101965e-02
7.849042246334647643e-02
6.973478303916635923e-02
6.175481624086387455e-02
5.451132936423164210e-02
4.796536705180187710e-02
4.208359560288954526e-02
3.683924662163917674e-02
3.221050472711795010e-02
2.817823639634298161e-02
2.472442198813951109e-02
2.183185338253679220e-02
1.948489400092512369e-02
1.767064032355847303e-02
1.637976125311979558e-02
1.560659958158794325e-02
1.534858297236496583e-02
1.560538769626873545e-02
1.637842868512962013e-02
1.767104062855651136e-02
1.948928029014496133e-02
2.184282135931425728e-02
2.474519625320681371e-02
2.821284222591202706e-02
3.226303573501354549e-02
3.691166064709250350e-02
4.217249890280072577e-02
4.805996036338910926e-02
5.459660523047205061e-02
6.182540802092262311e-02
6.982473946663958486e-02
7.872203871374949813e-02
8.401717342349002138e-02
7.470244292062488967e-02
6.620907739306858275e-02
5.849882412348961225e-02
5.153159170731669292e-02
4.527157851407537237e-02
3.968905517012899509e-02
3.475951867312687682e-02
3.046195911156246439e-02
2.677750838120118715e-02
2.368902342277579010e-02
2.118148507906880695e-02
1.924269240589637775e-02
1.786369622641359456e-02
1.703868498589145020e-02
1.676443294672935735e-02
1.703972319410240743e-02
1.786521563917631283e-02
1.924397943730582483e-02
2.118249039813235868e-02
2.369148986326763406e-02
2.678597706835716963e-02
3.048388960633019451e-02
3.480371119621850085e-02
3.976210368455213029e-02
4.537334698943595868e-02
5.165249585024866974e-02
5.862348403479700210e-02
6.633190563752577873e-02
7.486019399311771849e-02
8.434094360291055636e-02
9.006991000478592468e-02
8.016605986404101714e-02
7.113067966065500514e-02
6.292852144042626605e-02
5.551923787334089866e-02
4.886448733395809541e-02
4.293090272585686762e-02
3.769038032714888686e-02
3.311919340194435790e-02
2.919705034037178848e-02
2.590662258990050759e-02
2.323352217717911117e-02
2.116639688210852910e-02
1.969680548245378304e-02
1.881876855804875959e-02
1.852819789928616956e-02
1.882260308047989383e-02
1.970142580648825970e-02
2.116705992739298381e-02
2.322618753169081174e-02
2.589073019407805987e-02
2.917766716745973099e-02
3.310735437844414264e-02
3.770071073267899919e-02
4.297650181069911923e-02
4.895058928741491400e-02
5.563905296912707854e-02
6.306632403811818222e-02
7.127791091352264630e-02
8.035528212167264428e-02
9.042855555253481725e-02
9.667195140150397492e-02
8.615608421132492367e-02
7.655207778452677303e-02
6.783110092646893463e-02
5.995493625778181013e-02
5.288406024010328110e-02
4.658194210242072586e-02
4.101670458385342499e-02
3.616135472839232534e-02
3.199349880287627457e-02
2.849499997500970494e-02
2.565163603685505223e-02
2.345261462869530078e-02
2.188984544409322552e-02
2.095707552325620782e-02
2.064922186764306389e-02
2.096231025279848836e-02
2.189428329074871726e-02
2.344657280627870932e-02
2.562589803710579872e-02
2.844545565676526166e-02
3.192469743044057395e-02
3.608734560475568287e-02
4.095808458259853069e-02
4.655924625603802269e-02
5.290941858402220532e-02
6.002590501066151774e-02
6.793215497782512102e-02
7.666971855815063464e-02
8.631229214779523318e-02
9.697757821277264156e-02
1.038207975989280385e-01
9.268891914302912483e-02
8.250073837007221300e-02
7.323872825509170070e-02
6.487099173955357401e-02
5.736001352079256321e-02
5.066816304770327406e-02
4.476077491563046351e-02
3.960768912202183856e-02
3.518390771296253661e-02
3.146969778572383802e-02
2.845021155917493161e-02
2.611461956075800117e-02
2.445486536271346267e-02
2.346436240077309776e-02
2.313712214890983887e-02
2.346779111576324794e-02
2.445282346343446989e-02
2.609257460062508471e-02
2.839362936538236681e-02
3.137038485692755785e-02
3.504497386438742978e-02
3.944511301779130008e-02
4.460029159690748202e-02
5.053762463739985833e-02
5.727932686386338901e-02
6.484378289769665571e-02
7.325141690762393409e-02
8.253505316497466993e-02
9.275254429667256773e-02
1.039976649294658273e-01
1.114622965366152130e-01
9.974342973509919830e-02
8.897868540611852950e-02
7.916799836675636470e-02
7.029175174375268398e-02
6.231957589125158847e-02
5.521662753290002001e-02
4.894791155402344884e-02
4.348120674239908112e-02
3.878895395246217959e-02
3.484922198458662024e-02
3.164573412504978478e-02
2.916698585249832831e-02
2.740469710533943726e-02
2.635210119206021773e-02
2.600274044380057603e-02
2.635037662639660994e-02
2.739030162683775416e-02
2.912181184092332842e-02
3.155106951453490183e-02
3.469322878754610429e-02
3.857274845722713508e-02
4.322130281980207656e-02
4.867355902842973592e-02
5.496203936218080344e-02
6.211299381720891688e-02
7.014533252277033171e-02
7.907402126420493005e-02
8.891796686430097907e-02
9.971061754413312883e-02
1.115097838205656444e-01
1.194620459027646575e-01
1.072321358524277457e-01
9.593481865545072651e-02
8.559437459030050377e-02
7.621079007640219061e-02
6.776768917370645795e-02
6.023867355497714016e-02
5.359247127444177750e-02
4.779717828569118865e-02
4.282362107824155828e-02
3.864765079379139934e-02
3.525112448460276937e-02
3.262149859438068233e-02
3.075029223600722617e-02
2.963104916307202075e-02
2.925765590862283716e-02
2.962383435897208983e-02
3.072426804192218697e-02
3.255722648009395925e-02
3.512790623244654853e-02
3.845124957024381729e-02
4.255294128597597592e-02
4.746771042846376076e-02
5.323490407590725226e-02
5.989231081639445620e-02
6.747005189708943362e-02
7.598667763295452460e-02
8.544919251380633796e-02
9.585758026105395402e-02
1.072127560328226537e-01
1.195252005375095905e-01
1.275802872391977871e-01
1.149728660942628267e-01
1.032351337651107315e-01
9.242251552473135234e-02
8.256254648949834518e-02
7.366081669397317455e-02
6.570642482938637841e-02
5.867732635033462429e-02
5.254565365339658456e-02
4.728269876613921952e-02
4.286296831833169563e-02
3.926669270731508732e-02
3.648043715293169953e-02
3.449594801622879459e-02
3.330790349446033360e-02
3.291161684956023237e-02
3.330179450676951092e-02
3.447311212858039653e-02
3.642271196986257564e-02
3.915394220621237764e-02
4.268001790478592739e-02
4.702603917758096941e-02
5.222808600501593901e-02
5.832889856719702948e-02
6.537073136450999300e-02
7.338699759657174582e-02
8.239493477231008001e-02
9.239144630646478618e-02
1.033534319653881539e-01
1.152424870570030180e-01
1.280122089165161015e-01
1.354579106621258688e-01
1.226687163735959984e-01
1.106386100202598755e-01
9.945993520864249149e-02
8.919537530800880631e-02
7.988070829674143170e-02
7.152829249071146478e-02
6.413182022697583307e-02
5.767231422714758082e-02
5.212472812218038598e-02
4.746408516439259984e-02
4.367001888704180601e-02
4.072891917621745961e-02
3.863353932138124947e-02
3.738068215261591831e-02
3.696818937987700338e-02
3.739268590743449749e-02
3.864926772439503111e-02
4.073361194605240598e-02
4.364603876547334949e-02
4.739617031782472623e-02
5.200631652951415163e-02
5.751179316803245456e-02
6.395707301271613687e-02
7.138782143192656804e-02
7.984014229941749363e-02
8.932934855556595721e-02
9.984093707203101076e-02
1.113259980193106458e-01
1.237021084348270961e-01
1.368591404916514875e-01
1.426208381220135379e-01
1.299044936271229744e-01
1.177874722543492680e-01
1.064028755855588315e-01
9.585474148889261414e-02
8.621646344681721530e-02
7.753120649431366473e-02
6.981518393558872049e-02
6.306378190947725670e-02
5.725960100335214520e-02
5.238082522964759846e-02
4.840815158058831003e-02
4.532889122629057965e-02
4.313768330803213757e-02
4.183429325894394424e-02
4.141986849390377756e-02
4.189349618400228792e-02
4.325076966324559180e-02
4.548533049501202186e-02
4.859321807225569501e-02
5.257867549289585440e-02
5.745921413199539529e-02
6.326754046040150570e-02
7.004851547026191838e-02
7.785054373516686610e-02
8.671234490248025395e-02
9.664749974081132677e-02
1.076300398810872139e-01
1.195843666971541097e-01
1.323818858415961586e-01
1.458451403102571931e-01
5.422097562598082732e-02
5.350876907834845042e-02
5.266327212052601681e-02
5.180621983504352102e-02
5.102239424013532698e-02
5.036112531820435834e-02
4.984104771688180335e-02
4.945667903984940494e-02
4.918570704512603697e-02
4.899629340616229456e-02
4.885401894853202975e-02
4.872819676756989793e-02
4.859716807641234482e-02
4.845199166356906062e-02
4.829782383694691816e-02
4.815242576751188608e-02
4.804169954968529055e-02
4.799287406285657198e-02
4.802673276799396263e-02
4.815082812956461567e-02
4.835570532077326789e-02
4.861563465237850323e-02
4.889427901434828527e-02
4.915434399117657449e-02
4.936895198261481710e-02
4.953164739686144458e-02
4.966187987133707793e-02
4.980362825881456956e-02
5.001637423811189365e-02
5.035955071798525751e-02
5.087339270994561957e-02
5.239216657514589315e-02
5.156223833705553261e-02
5.060559444859791256e-02
4.962984579560725251e-02
4.871068276520418294e-02
4.789443460549591691e-02
4.720284385939521599e-02
4.663864693566210917e-02
4.619105280289659277e-02
4.584077478557446739e-02
4.556467014663212467e-02
4.534014282080534031e-02
4.514927106902177911e-02
4.498226776468072785e-02
4.483957837874186225e-02
4.473187821622559568e-02
4.467754672987211961e-02
4.469783990134601481e-02
4.481075773492193548e-02
4.502523586052120663e-02
4.533750552354831598e-02
4.573110213596009999e-02
4.618107937722015777e-02
4.666171901999405236e-02
4.715578118339180946e-02
4.766250966758889263e-02
4.820150802197531448e-02
4.881034759023350489e-02
4.953523489507460908e-02
5.041590253313188441e-02
5.146761738433269784e-02
5.085755480445186549e-02
4.979144550816272385e-02
4.863987175190231937e-02
4.749429872754262760e-02
4.641747163486797945e-02
4.544745995326593402e-02
4.460300082428148016e-02
4.388870044749637600e-02
4.329931185429813922e-02
4.282300778504577465e-02
4.244406148336565821e-02
4.214547307219618233e-02
4.191184258797875373e-02
4.173232434368401300e-02
4.160304545530379983e-02
4.152815542329335585e-02
4.151885099145147251e-02
4.159026360048301285e-02
4.175685050540778320e-02
4.202760772295732750e-02
4.240274425501411315e-02
4.287323410244425759e-02
4.342388202439906308e-02
4.403939371377418865e-02
4.471176749939331785e-02
4.544651661217358196e-02
4.626509961599367671e-02
4.720161834848113358e-02
4.829321983788759098e-02
4.956538763622120314e-02
5.101496012343886832e-02
4.962012047508324031e-02
4.823952879519310954e-02
4.683827938970352989e-02
4.548995465393090853e-02
4.424137673686345806e-02
4.311838807507228921e-02
4.213213166940477095e-02
4.128432774814427830e-02
4.057083788484305842e-02
3.998362926813570084e-02
3.951183527260582196e-02
3.914277442345337477e-02
3.886353824509569677e-02
3.866321900022740010e-02
3.853527798673894722e-02
3.847920240423263749e-02
3.850063780828349991e-02
3.860962834369274788e-02
3.881730169450747781e-02
3.913203064075787552e-02
3.955650220359530067e-02
4.008701834754901938e-02
4.071570665655599441e-02
4.143529137218138203e-02
4.224498232633777661e-02
4.315525921856533387e-02
4.418917373823205708e-02
4.537840367629542015e-02
4.675357955420622602e-02
4.833005684372437827e-02
5.009187523273794795e-02
4.867308913208034937e-02
4.693228873293264769e-02
4.524800090621283744e-02
4.367518371327605564e-02
4.224335681556112831e-02
4.096413333081727615e-02
3.983855223577847937e-02
3.886265650180575904e-02
3.803065584816067712e-02
3.733593182641925523e-02
3.677079497629165417e-02
3.632611654120410094e-02
3.599170071356638800e-02
3.575768738573970040e-02
3.561661936146265361e-02
3.556534892959462013e-02
3.560588269283471163e-02
3.574461072275880724e-02
3.599001459770079236e-02
3.634963561216864036e-02
3.682753896737267496e-02
3.742349456751981052e-02
3.813456887837674003e-02
3.895890817329927813e-02
3.990047970000887290e-02
4.097279252709995490e-02
4.219943854741359246e-02
4.360983807373486343e-02
4.522975793588557281e-02
4.706771874225523788e-02
4.909988967960998707e-02
4.800436708683264442e-02
4.588200574198708637e-02
4.389593487030651886e-02
4.208300868276637630e-02
4.045584883124320186e-02
3.901190446867985884e-02
3.774170106771634892e-02
3.663471216259495122e-02
3.568225309390982147e-02
3.487776666952413507e-02
3.421556957255234011e-02
3.368936473816575017e-02
3.329157943699101452e-02
3.301398812618572265e-02
3.284937816351884976e-02
3.279348277283133939e-02
3.284623959189048037e-02
3.301169904807466082e-02
3.329649248917121440e-02
3.370743852974555921e-02
3.424934729810047429e-02
3.492414355787332170e-02
3.573200423124944791e-02
3.667439448872755747e-02
3.775795936144277221e-02
3.899751013614149997e-02
4.041614759626099840e-02
4.204102821586275240e-02
4.389435710891120834e-02
4.598062249260692624e-02
4.827247364437425858e-02
4.760041751205790206e-02
4.509199478388836724e-02
4.279498343566956464e-02
4.072976257384652854e-02
3.889394483212527120e-02
3.727256028923875419e-02
3.584688826049386989e-02
3.460043244103871984e-02
3.352152966908761300e-02
3.260306528682122007e-02
3.184047202375950292e-02
3.122942775553383399e-02
3.076442489509645384e-02
3.043877892559976317e-02
3.024592458314145915e-02
3.018127540781279095e-02
3.024370054845348932e-02
3.043587426327576395e-02
3.076327799317368772e-02
3.123228053846105468e-02
3.184820398382726125e-02
3.261440550340921618e-02
3.353305767632264178e-02
3.460760488451342098e-02
3.584601614238636103e-02
3.726328544235002482e-02
3.888140560502506560e-02
4.072543261281680316e-02
4.281521329630777473e-02
4.515365121142167482e-02
4.771366455406678142e-02
4.744988345419187681e-02
4.456140485717696720e-02
4.195049936379291466e-02
3.962337094617396360e-02
3.756538957622979069e-02
3.575189954426605254e-02
3.415719638178416062e-02
3.276031055611383636e-02
3.154722680483246222e-02
3.051011591560381930e-02
2.964482143761415500e-02
2.894805492178420536e-02
2.841550255652691703e-02
2.804144915899087209e-02
2.781981396947230678e-02
2.774591922934632748e-02
2.781806561506527942e-02
2.803814619437616784e-02
2.841100629120774101e-02
2.894285907132143620e-02
2.963954383085365407e-02
3.050556497873913031e-02
3.154457659002218861e-02
3.276135830310522579e-02
3.416456203558482230e-02
3.576887703366082860e-02
3.759503128367214231e-02
3.966635350298020057e-02
4.200145153026824119e-02
4.460371238656080095e-02
4.744948316056252224e-02
4.754698308806837304e-02
4.428971319111951743e-02
4.136575852953683352e-02
3.876959675199032063e-02
3.647731337332515977e-02
3.445753630148828961e-02
3.268011007912718924e-02
3.112137661628366914e-02
2.976587400735297706e-02
2.860514263011282310e-02
2.763490588222339284e-02
2.685205307898286264e-02
2.625257757063081954e-02
2.583104578661732376e-02
2.558149601100012660e-02
2.549912379072338808e-02
2.558187205067952164e-02
2.583117834183212835e-02
2.625156007525220048e-02
2.684927251539193094e-02
2.763072144989564549e-02
2.860147384853917174e-02
2.976649472111603245e-02
3.113170682991039939e-02
3.270629268263292033e-02
3.450459185660292860e-02
3.654621124405821320e-02
3.885320381323253969e-02
4.144385980907827616e-02
4.432363616615475621e-02
4.747474837949994253e-02
4.789429969423508737e-02
4.428033347767268424e-02
4.104578587885043817e-02
3.817558560604084050e-02
3.563913572270394070e-02
3.340095002022280823e-02
3.142864890287455637e-02
2.969747559291135985e-02
2.819137097867496777e-02
2.690140676349983551e-02
2.582284072923357598e-02
2.495212948451808188e-02
2.428493927618546877e-02
2.381563851486134809e-02
2.353814468551718164e-02
2.344751485361484811e-02
2.354146962352388073e-02
2.382116583430615719e-02
2.429091651174530853e-02
2.495704670400300529e-02
2.582646894734352827e-02
2.690571497805649415e-02
2.820098517804581206e-02
2.971933627486578189e-02
3.147055655790609308e-02
3.346879075070319232e-02
3.573276255337987095e-02
3.828361290288739838e-02
4.113991626491042553e-02
4.431022324752120767e-02
4.778428856207028730e-02
4.850430927672277903e-02
4.454281999096565414e-02
4.099935441172419814e-02
3.785099932611046825e-02
3.506244036543648690e-02
3.259599252123734914e-02
3.041865496743412223e-02
2.850569330257712863e-02
2.684104232866957318e-02
2.541543408005964011e-02
2.422347872561658733e-02
2.326089466623670887e-02
2.252275679347803816e-02
2.200311699925805442e-02
2.169582004353287630e-02
2.159594730619573966e-02
2.170118065623682924e-02
2.201250476537097711e-02
2.253400561130547430e-02
2.327192436496261507e-02
2.423345210809202399e-02
2.542586677191138733e-02
2.685647413272818085e-02
2.853346417759894393e-02
3.046734677809581626e-02
3.267225184390554205e-02
3.516620697791950079e-02
3.796962052365415730e-02
4.110159299216320505e-02
4.457424195970816072e-02
4.838581220064952504e-02
4.939902011528829462e-02
4.509334896465588827e-02
4.123937711665348615e-02
3.780762898441025754e-02
3.475941174383478938e-02
3.205605154471413698e-02
2.966486344485019799e-02
2.756173125635541510e-02
2.573085101903416216e-02
2.416264046405558474e-02
2.285097457934170961e-02
2.179076414722658228e-02
2.097653710006852634e-02
2.040221913193818182e-02
2.006188236191519536e-02
1.995095656457124278e-02
2.006732671725330874e-02
2.041188399380189367e-02
2.098837036464828998e-02
2.180266506184125319e-02
2.286188494872476440e-02
2.417373378375486936e-02
2.574642355284595396e-02
2.758923562214476988e-02
2.971348855317046400e-02
3.213343468451057561e-02
3.486650154081871733e-02
3.793237258742010454e-02
4.135063200283184415e-02
4.513702192252821987e-02
4.929868000908754766e-02
5.060748403866455192e-02
4.595347446047526319e-02
4.178214087642118102e-02
3.805851020752015756e-02
3.474144554093072657e-02
3.179199351870920509e-02
2.917822391827940010e-02
2.687681861607416067e-02
2.487221998853783589e-02
2.315442311373772100e-02
2.171647515751828905e-02
2.055249254044611007e-02
1.965662029033410363e-02
1.902296045227558352e-02
1.864618993931799196e-02
1.852244122346746735e-02
1.865003803686704487e-02
1.902982825049548410e-02
1.966506378084886819e-02
2.056096686283126473e-02
2.172422439616639167e-02
2.316265435365494341e-02
2.488518544851103798e-02
2.690215086840908043e-02
2.922575271077221259e-02
3.187047302890277933e-02
3.485318813000048976e-02
3.819279122672014637e-02
4.190919593656872166e-02
4.602165160849835956e-02
5.054632070550724166e-02
5.216155340804107254e-02
4.714751643496128963e-02
4.264587299076083582e-02
3.861725757906242507e-02
3.501891009545943234e-02
3.181209728973044548e-02
2.896583981419098563e-02
2.645757314894581214e-02
2.427179580263327807e-02
2.239784826451796107e-02
2.082777045507100411e-02
1.955482079210923985e-02
1.857283530262066051e-02
1.787628052261425182e-02
1.746068351712892763e-02
1.732310876832343638e-02
1.746246426046127453e-02
1.787957534179440700e-02
1.857709907199023291e-02
1.955940761399688199e-02
2.083254248282173648e-02
2.240426425669284072e-02
2.428414002315548714e-02
2.648357946964097209e-02
2.901576612202916294e-02
3.189552459116384853e-02
3.513924737308116164e-02
3.876503056744695641e-02
4.279306423177331453e-02
4.724610058747202856e-02
5.214952012374851620e-02
5.409087237057974562e-02
4.869924702143180184e-02
4.384903983736876398e-02
3.949780683797143865e-02
3.560208753333427012e-02
3.212389325744879898e-02
2.903337128009297885e-02
2.630862668411282357e-02
2.393397277046460658e-02
2.189779383297718596e-02
2.019083665800280869e-02
1.880527828325284645e-02
1.773450112887076102e-02
1.697326494831941091e-02
1.651792572374688461e-02
1.636648368366877548e-02
1.651843806030228734e-02
1.697459271599655040e-02
1.773700605917838402e-02
1.880920202165725641e-02
2.019659808502183296e-02
2.190694885211996734e-02
2.395054211046954151e-02
2.633996918484626804e-02
2.908951182507735211e-02
3.221445492818020284e-02
3.573083111405139789e-02
3.965609356782806572e-02
4.401094031891261693e-02
4.882199445182777708e-02
5.412441584849148057e-02
5.641846218259161105e-02
5.062871370319044217e-02
4.540865279068384552e-02
4.071428205497795716e-02
3.650251203544030432e-02
3.273672781142522581e-02
2.938846191864286084e-02
2.643647446348040830e-02
2.386470555939013138e-02
2.166029900035937317e-02
1.981237955260439776e-02
1.831169644356123172e-02
1.715083167800912634e-02
1.632450592660461552e-02
1.582961092208279297e-02
1.566485890725743957e-02
1.583021878104773350e-02
1.632647443693713285e-02
1.715521000369335525e-02
1.831932380810030736e-02
1.982388147371239029e-02
2.167689581983722746e-02
2.388958317715150770e-02
2.647584707847272512e-02
2.945113744681293610e-02
3.283127074064395856e-02
3.663208200850931462e-02
4.087073262053309008e-02
4.556904218406998552e-02
5.075840042991330847e-02
5.648486774225602858e-02
5.915823920440743677e-02
5.295004163599514868e-02
4.733880188359762542e-02
4.228054064878961071e-02
3.773362290303339250e-02
3.366344780988583807e-02
3.004322811830206774e-02
2.685244215172133408e-02
2.407457662775414065e-02
2.169536501060065348e-02
1.970206435362342745e-02
1.808367190096760169e-02
1.683156650688033551e-02
1.593997517920797691e-02
1.540587604176835157e-02
1.522832976479548961e-02
1.540757682960247621e-02
1.594439803375280462e-02
1.684013667909312062e-02
1.809745626451331191e-02
1.972151523659704253e-02
2.172096715366933495e-02
2.410818678799842019e-02
2.689844047745282296e-02
3.010827663092641160e-02
3.375398886782932095e-02
3.785135629732394591e-02
4.241775851551210508e-02
4.747711238633200992e-02
5.306699079301324673e-02
5.924603488074353663e-02
6.231536398718162673e-02
5.567089409214531770e-02
4.964970081437058980e-02
4.420918426694697700e-02
3.931001184537308291e-02
3.492003301835211460e-02
3.101431601862714160e-02
2.757311025925446302e-02
2.457947140101168770e-02
2.201773655360739212e-02
1.987327051392639987e-02
1.813320006840513088e-02
1.678745206663734280e-02
1.582938788487808779e-02
1.525564404801116325e-02
1.506525191143737175e-02
1.525850831239949912e-02
1.583621797908563167e-02
1.679975682418444194e-02
1.815199968041270040e-02
1.989868138116435148e-02
2.204946201163693331e-02
2.461800968740135431e-02
2.762083663765224628e-02
3.107531503155769315e-02
3.499798299344547559e-02
3.940462446917081252e-02
4.431341258532484062e-02
4.975155892316251993e-02
5.576456119524664246e-02
6.242563976684323279e-02
6.588958033353264909e-02
5.879396770978928544e-02
5.234765590921597322e-02
4.651035317783680512e-02
4.124540259363129735e-02
3.652311097903293557e-02
3.232026512341690250e-02
2.861779455088253599e-02
2.539838011034589726e-02
2.264516819923301227e-02
2.034190407539426815e-02
1.847406744855106808e-02
1.703020656714215875e-02
1.600270581548102200e-02
1.538760554103646427e-02
1.518361814669333398e-02
1.539090313235647045e-02
1.601028816367033869e-02
1.704340077776578255e-02
1.849369901901809499e-02
2.036788023542612791e-02
2.267685221522697248e-02
2.543555609372560866e-02
2.866145426196453627e-02
3.237228776561096311e-02
3.658445122528064530e-02
4.131368789785483386e-02
4.657948902695352444e-02
5.241353780365898274e-02
5.887094873469322920e-02
6.604135583529568976e-02
6.988082789393956773e-02
6.232046783406985924e-02
5.543642431439366192e-02
4.919114290441939374e-02
4.355044427393295337e-02
3.848655000183498487e-02
3.397738861713150982e-02
3.000420695389038883e-02
2.654929371055914089e-02
2.359492406139906961e-02
2.112375872638949659e-02
1.912020200325059704e-02
1.757186553732026368e-02
1.647036971189663745e-02
1.581114180225995369e-02
1.559241377617581747e-02
1.581403002637671307e-02
1.647676498032524250e-02
1.758257516121375374e-02
1.913569981115870178e-02
2.114400895698054228e-02
2.361974435007141437e-02
2.657898156394367106e-02
3.003975987667217851e-02
3.401968713114911225e-02
3.853458636149298400e-02
4.360003841793513857e-02
4.923720829447120195e-02
5.548309727964806370e-02
6.240357305614452343e-02
7.010568668556516059e-02
7.429559576758038020e-02
6.625495203661557753e-02
5.892020578630763339e-02
5.225663583132700296e-02
4.623190213351335842e-02
4.081912777110119350e-02
3.599637574916414451e-02
3.174451888662588317e-02
2.804524677048902959e-02
2.488024498052254785e-02
2.223172524463734590e-02
2.008379082508326974e-02
1.842381153073802125e-02
1.724310537247220054e-02
1.653666156562394463e-02
1.630216803823714145e-02
1.653896557400003076e-02
1.724758680211380124e-02
1.843021364766173065e-02
2.009186117174976971e-02
2.224161042067862581e-02
2.489303047514113132e-02
2.806320519448490813e-02
3.177048901670787018e-02
3.603201955411350355e-02
4.086275534064043313e-02
4.627798479668854270e-02
5.230062334067042684e-02
5.897317686321912333e-02
6.637228682029672200e-02
7.462184994983545039e-02
7.915187157277614460e-02
7.061027003646813682e-02
6.280790665732638445e-02
5.571305195553577505e-02
4.929450406962132547e-02
4.352510652552155079e-02
3.838180995990114752e-02
3.384414846004801802e-02
2.989273948514892254e-02
2.650874167738948017e-02
2.367440755369898397e-02
2.137425266300851945e-02
1.959611448546638712e-02
1.833153178449720144e-02
1.757529938367952127e-02
1.732453095064556692e-02
1.757784422989061568e-02
1.833523821005655918e-02
1.959886249278497417e-02
2.137434644464519806e-02
2.367192646124749444e-02
2.650651843396190088e-02
2.989626733506156597e-02
3.385989668822730891e-02
3.841411535540828481e-02
4.357302854441513773e-02
4.935155660314194392e-02
5.577406434440490557e-02
6.288778451471443987e-02
7.077852939346485073e-02
7.958422200999848428e-02
8.448026084943194292e-02
7.541066407156904461e-02
6.711736865236161975e-02
5.957239727922569728e-02
5.274547620956582250e-02
4.660830977354635252e-02
4.113560740006505512e-02
3.630451363278552890e-02
3.209384743968257681e-02
2.848394312968594022e-02
2.545719443696725648e-02
2.299889391360920854e-02
2.109779772945330478e-02
1.974603571943589486e-02
1.893838812793546822e-02
1.867135043721646070e-02
1.894258711399743333e-02
1.975123538613843266e-02
2.109908994134457316e-02
2.299217422114452347e-02
2.544182940437167417e-02
2.846447034426091705e-02
3.207965119327127468e-02
3.630695978245057631e-02
4.116321296896785498e-02
4.666206312776921550e-02
5.281805782487936085e-02
5.965624154396209633e-02
6.722661398634954821e-02
7.562058504754531896e-02
8.498459250677115051e-02
9.031902135529890074e-02
8.069064211895238259e-02
7.187726028087126906e-02
6.385654927362338640e-02
5.660004288438358344e-02
5.007833968920749612e-02
4.426336300002731150e-02
3.912904213211731985e-02
3.465155238882289268e-02
3.080972403949999716e-02
2.758566420743591152e-02
2.496526281902333722e-02
2.293819232727400959e-02
2.149724607807002030e-02
2.063723765422764700e-02
2.035399774649704341e-02
2.064407387661049142e-02
2.150548705685650930e-02
2.293940614254097454e-02
2.495206252751813736e-02
2.755591416826064233e-02
3.076917644648347050e-02
3.461344222887419164e-02
3.911006466478283983e-02
4.427695709273393732e-02
5.012805886053683935e-02
5.667755549256980885e-02
6.394986718532891246e-02
7.199454228793911170e-02
8.090295940928626806e-02
9.082178841526911128e-02
9.670149097883040668e-02
8.648729999731585849e-02
7.712375529763448867e-02
6.859758271548344055e-02
6.088457576970540686e-02
5.395567249433952384e-02
4.778053177687979769e-02
4.232965578648872906e-02
3.757588180087623186e-02
3.349562076436995994e-02
3.006978722441999707e-02
2.728413481054303702e-02
2.512877168373961467e-02
2.359692533718771301e-02
2.268339631882554386e-02
2.238338504866987932e-02
2.269233758306654636e-02
2.360709694221441168e-02
2.512807393031835090e-02
2.726158893528918270e-02
3.002124881459167227e-02
3.342740375046560075e-02
3.750441537522419821e-02
4.227649285894585773e-02
4.776386751018435461e-02
5.398166337909060530e-02
6.094362046314927284e-02
6.867169046472554328e-02
7.721060642961674603e-02
8.664427373651051312e-02
9.710890397491311887e-02
1.036357551929540932e-01
9.282463563840792631e-02
8.288946042284806026e-02
7.383097096271740156e-02
6.563346636994538130e-02
5.827141393911006162e-02
5.171418672762229107e-02
4.592966163090750342e-02
4.088716529804514721e-02
3.655986122794274706e-02
3.292635195612092502e-02
2.997118196253722999e-02
2.768411288889183197e-02
2.605842719094653148e-02
2.508891042270988692e-02
2.477037406060844660e-02
2.509746382202138193e-02
2.606604289394454099e-02
2.767578307611984201e-02
2.993297558168706018e-02
3.285227481319452636e-02
3.645628930007660529e-02
4.077266735293960664e-02
4.582940651016542688e-02
5.165017960098339245e-02
5.825210043803963345e-02
6.564817877642781241e-02
7.385560693910520058e-02
8.290912597112765070e-02
9.287649333373337868e-02
1.038711673245416023e-01
1.110783376798281097e-01
9.969018505762505811e-02
8.918360067900721333e-02
7.957955017900530947e-02
7.087674523245368619e-02
6.305816152598708868e-02
5.609652139992249431e-02
4.995921425779670244e-02
4.461280885698215570e-02
4.002691917230549734e-02
3.617693922296894016e-02
3.304518883305718191e-02
3.062033409696596209e-02
2.889544361460139044e-02
2.786551253666402772e-02
2.752551945013692603e-02
2.786993486915889662e-02
2.889407608199690003e-02
3.059695502452086657e-02
3.298455882759299129e-02
3.607212559381878236e-02
3.988413950810354436e-02
4.445149479488463840e-02
4.980638780671142740e-02
5.597663478420145111e-02
6.298183504986809567e-02
7.083375481852272060e-02
7.954232093516111490e-02
8.912683484550143476e-02
9.962986232312687207e-02
1.111293571693749982e-01
1.189059236598950520e-01
1.070068045160041947e-01
9.596509730272373417e-02
8.582877697790536331e-02
7.661803452720050700e-02
6.833083181390975369e-02
6.094846995483749197e-02
5.444147872549365275e-02
4.877567774656199617e-02
4.391780392143118661e-02
3.983986070670653135e-02
3.652145339128765045e-02
3.394982231111498550e-02
3.211793230639159447e-02
3.102157895409618504e-02
3.065680008512572385e-02
3.101876816072035581e-02
3.210278591177484486e-02
3.390716992907982785e-02
3.643697199640882900e-02
3.970697123349964386e-02
4.374240735523926560e-02
4.857657861248299014e-02
5.424553865032066824e-02
6.078134412200597581e-02
6.820619672089378582e-02
7.652999274250760209e-02
8.575305084696083213e-02
9.587420984871641849e-02
1.069024599860313174e-01
1.188683664731797762e-01
1.268911219385699951e-01
1.146050518125321105e-01
1.031132794075801939e-01
9.249723359062045347e-02
8.280600499119827873e-02
7.405990967390607693e-02
6.625529638768057339e-02
5.937086362246191129e-02
5.337509408218465978e-02
4.823381087771849707e-02
4.391655842118780129e-02
4.040064983928459696e-02
3.767228815559064969e-02
3.572498631547205150e-02
3.455631169344997033e-02
3.416447609743045177e-02
3.454628725739894435e-02
3.569743870684760623e-02
3.761519566069182474e-02
4.030253299970354419e-02
4.377205484706792049e-02
4.804785547730716644e-02
5.316399088133039186e-02
5.915930266201030463e-02
6.606964994944064529e-02
7.391972181449091295e-02
8.271709120936066029e-02
9.245077769310228177e-02
1.030953076365221932e-01
1.146194025520799187e-01
1.269965064068401261e-01
1.346893571729879113e-01
1.222035319383394381e-01
1.104035731893873162e-01
9.940946714641540893e-02
8.930599321411136771e-02
8.014322998360512429e-02
7.193965095075327554e-02
6.468817967424911330e-02
5.836464911362782004e-02
5.293728129754526890e-02
4.837536442801138037e-02
4.465541896661306964e-02
4.176380693115788745e-02
3.969575189785246039e-02
3.845178643950930564e-02
3.803338155466917669e-02
3.843968374530959409e-02
3.966680811663536588e-02
4.171014160783670377e-02
4.456891321206057910e-02
4.825128348966245539e-02
5.277775496324466076e-02
5.818099884481853223e-02
6.450119207875104621e-02
7.177737761276148376e-02
8.003675614554595086e-02
8.928471488297873293e-02
9.949845469418505672e-02
1.106261841175637528e-01
1.225922088272000110e-01
1.353063015121733770e-01
1.418435278901597485e-01
1.294049074610938987e-01
1.174965600062023441e-01
1.062798891134661972e-01
9.588051947616804682e-02
8.638476838018505077e-02
7.784007987129371031e-02
7.026003925921031623e-02
6.363334669049436343e-02
5.793500780919202953e-02
5.313735341860592598e-02
4.921853802898112917e-02
4.616690129842027090e-02
4.398079401835275348e-02
4.266480739488542895e-02
4.222438135957418126e-02
4.266117230690724682e-02
4.397118498764029937e-02
4.614661594905555830e-02
4.918093830883663031e-02
5.307542785249097506e-02
5.784453218348062364e-02
6.351751105557923438e-02
7.013466645912558306e-02
7.773801133316737833e-02
8.635794009796882165e-02
9.599884303793260187e-02
1.066271896947910136e-01
1.181651709489415225e-01
1.304916035830956389e-01
1.434498324878177300e-01
5.549471184417598124e-02
5.506050936946849106e-02
5.437729541972657898e-02
5.359558026157174027e-02
5.283196108030097093e-02
5.216466285173737560e-02
5.163395100817069761e-02
5.124662927300960291e-02
5.098359767180227209e-02
5.080932890814437997e-02
5.068205809357095859e-02
5.056343604519497603e-02
5.042640057172320667e-02
5.026013981432697619e-02
5.007134692732506664e-02
4.988152942360102315e-02
4.972089980992677738e-02
4.962018328888007090e-02
4.960231432505679550e-02
4.967622342110189493e-02
4.983457714615724399e-02
5.005641594561893726e-02
5.031430429562533391e-02
5.058419035322003765e-02
5.085507785452136886e-02
5.113520625081946491e-02
5.145193199928144168e-02
5.184387919985056215e-02
5.234589859787774913e-02
5.296946689463766234e-02
5.368281870039481873e-02
5.367765851065087190e-02
5.308534491632599384e-02
5.228283169276437548e-02
5.139480701404863794e-02
5.051800841329168179e-02
4.971913596546073677e-02
4.903605844083358534e-02
4.848146730000735261e-02
4.804819682431116235e-02
4.771556877221883042e-02
4.745621459005633369e-02
4.724280597110919189e-02
4.705400924922287231e-02
4.687886392366635846e-02
4.671880901787517359e-02
4.658685141112073325e-02
4.650390725419129012e-02
4.649305596922204131e-02
4.657312054132489720e-02
4.675338215929514263e-02
4.703114363246641005e-02
4.739320020553350332e-02
4.782115735133629641e-02
4.829923768238586490e-02
4.882212345955849742e-02
4.939987186617145198e-02
5.005726695981138619e-02
5.082615965193326701e-02
5.173116787250364723e-02
5.277111767009046162e-02
5.390026483519250178e-02
5.215179837705363752e-02
5.128658176204226038e-02
5.028384715933498228e-02
4.924078731346526183e-02
4.823070883594482439e-02
4.730367195679718861e-02
4.648900173879155773e-02
4.579871765372445225e-02
4.523126572985347593e-02
4.477531989141425584e-02
4.441367369236104423e-02
4.412726851387560600e-02
4.389920696030458203e-02
4.371829625870304881e-02
4.358143384979484836e-02
4.349414970874931896e-02
4.346894362970488146e-02
4.352164634019572986e-02
4.366671777370356722e-02
4.391291238243866246e-02
4.426085507657262497e-02
4.470364581447938690e-02
4.523069521292200079e-02
4.583381336851743981e-02
4.651349852611019742e-02
4.728277887261356227e-02
4.816613708771910751e-02
4.919205960004546796e-02
5.037942368630865531e-02
5.171985481706542487e-02
5.315983399600554549e-02
5.094667342859793280e-02
4.972812773485202342e-02
4.846602678799172281e-02
4.722943069828033913e-02
4.606625614405857050e-02
4.500674254131808993e-02
4.406753712373756571e-02
4.325532572784140939e-02
4.256950770104594994e-02
4.200400464105769061e-02
4.154869415015127743e-02
4.119103802804602310e-02
4.091822900136321550e-02
4.071973224017710891e-02
4.058965839612937998e-02
4.052818473883235129e-02
4.054137002276547719e-02
4.063918547581124585e-02
4.083225098020193400e-02
4.112836941931163892e-02
4.153022640548442723e-02
4.203539455556892790e-02
4.263904240633564768e-02
4.333868521371186944e-02
4.413926745746721281e-02
4.505621243652058183e-02
4.611411877704085782e-02
4.733963829357890063e-02
4.874859279016163782e-02
5.032921517454269633e-02
5.202502586507762317e-02
5.006403444895113353e-02
4.844323031011299463e-02
4.688174817192702903e-02
4.542135065003094496e-02
4.408468105611973442e-02
4.288136282139021205e-02
4.181363396492088214e-02
4.088035477434459608e-02
4.007898021882283501e-02
3.940584347492404049e-02
3.885561105744272936e-02
3.842089686440885998e-02
3.809274517516314518e-02
3.786214597221260192e-02
3.772215114440768957e-02
3.766976630686258432e-02
3.770676585736509878e-02
3.783894838306878228e-02
3.807398792105232133e-02
3.841869030475209001e-02
3.887685942572716158e-02
3.944890393267996842e-02
4.013372713052376639e-02
4.093248785557079827e-02
4.185280975616478827e-02
4.291131813715765020e-02
4.413232249089560355e-02
4.554117065345053561e-02
4.715218653927877313e-02
4.895282873349060537e-02
5.088730177726574766e-02
4.948455899193504592e-02
4.743956177208019653e-02
4.555502609127870528e-02
4.384773947185749421e-02
4.231720978077646578e-02
4.095393674742808798e-02
3.974629700860532466e-02
3.868485866951232310e-02
3.776382284195278771e-02
3.698014704878005432e-02
3.633148803055519238e-02
3.581425100674096029e-02
3.542273556377040222e-02
3.514975368489103857e-02
3.498839972598943859e-02
3.493413938304001931e-02
3.498624192252464127e-02
3.514786590130825061e-02
3.542470976572076324e-02
3.582281694798439275e-02
3.634659895578806754e-02
3.699817995766352396e-02
3.777870114572579041e-02
3.869136564844666282e-02
3.974503575227572583e-02
4.095647764370369259e-02
4.234919828013516963e-02
4.394740554471354699e-02
4.576486727319206693e-02
4.779006729359025485e-02
4.997059476045251358e-02
4.917745549028040841e-02
4.670783495976138511e-02
4.449018510240421165e-02
4.251977927924599499e-02
4.077665940349106677e-02
3.923543087876169011e-02
3.787289863066689577e-02
3.667243126164976275e-02
3.562489335308782756e-02
3.472687909015803598e-02
3.397757698803616222e-02
3.337573564749618527e-02
3.291788253045524471e-02
3.259829174021433573e-02
3.241045154027233366e-02
3.234920303475519177e-02
3.241251347390061710e-02
3.260207230596279260e-02
3.292246518503816333e-02
3.337935865783947520e-02
3.397764351211662870e-02
3.472060071180749219e-02
3.561078215898305643e-02
3.665252720838907408e-02
3.785511996284185443e-02
3.923487385418411577e-02
4.081422148192359600e-02
4.261636166120297275e-02
4.465513160494083422e-02
4.692126919599104440e-02
4.936769511641614372e-02
4.911133012137725018e-02
4.623201350113959052e-02
4.368189457454718649e-02
4.143877071237511700e-02
3.946767994784750044e-02
3.773149230437411461e-02
3.619870378952327883e-02
3.484749668677977752e-02
3.366609286604216322e-02
3.265029598696855828e-02
3.179966799871181138e-02
3.111388265278947074e-02
3.059045075497124344e-02
3.022433894693676848e-02
3.000925304695556406e-02
2.993976537982234731e-02
3.001323648459219839e-02
3.023067513095156755e-02
3.059621308239002246e-02
3.111552988957555499e-02
3.179408190408139490e-02
3.263614771458378527e-02
3.364539620270079467e-02
3.482699210871942341e-02
3.619040101420978317e-02
3.775136113927146653e-02
3.953124725012457930e-02
4.155243445802625502e-02
4.382925488789624069e-02
4.635549708382313838e-02
4.909075702425980126e-02
4.926419759704003809e-02
4.599888242501037894e-02
4.312420809492323315e-02
4.060452959492977243e-02
3.839437312308291439e-02
3.644912917843612377e-02
3.473243246662605088e-02
3.321956200306885876e-02
3.189712266248534434e-02
3.076005127149983309e-02
2.980744253000011668e-02
2.903871140370029025e-02
2.845121914833725896e-02
2.803982838304364122e-02
2.779812747394316830e-02
2.772051647116313688e-02
2.780413367145229131e-02
2.804979116626782343e-02
2.846158563079370651e-02
2.904546874560764991e-02
2.980755557837255765e-02
3.075310985332180280e-02
3.188688819318485912e-02
3.321490653434011620e-02
3.474691873452684376e-02
3.649825446063914569e-02
3.848941493288293714e-02
4.074213758212863468e-02
4.327148955599113833e-02
4.607475045486353338e-02
4.911905704329910805e-02
4.963052534003509209e-02
4.600498978015821194e-02
4.281683477529441006e-02
4.002056615991023136e-02
3.756413212795450818e-02
3.539914346038131043e-02
3.348737601845641620e-02
3.180323324886558112e-02
3.033269509614910930e-02
2.906992843054467812e-02
2.801304567401530221e-02
2.716041532767121680e-02
2.650849987730907742e-02
2.605155710079998244e-02
2.578288516451721080e-02
2.569682244211435318e-02
2.579055335081648082e-02
2.606497277884045616e-02
2.652432197282905690e-02
2.717486559959070291e-02
2.802331362909171730e-02
2.907583062369667459e-02
3.033824409249064047e-02
3.181752133241388947e-02
3.352391082262329292e-02
3.547257870377507061e-02
3.768335309268877609e-02
4.017744004795531509e-02
4.297069507356354734e-02
4.606404322566959308e-02
4.943267363660197589e-02
5.022379919864761177e-02
4.625971600580669474e-02
4.276783712157339323e-02
3.969577837142423959e-02
3.698798663754132576e-02
3.459508137530065142e-02
3.247917700537072960e-02
3.061525434713985305e-02
2.898938407088280655e-02
2.759508659983112011e-02
2.642925246618688107e-02
2.548884996940614656e-02
2.476917651074472815e-02
2.426381734039750881e-02
2.396591760771116242e-02
2.387001534589217044e-02
2.397360336908604950e-02
2.427780728612560779e-02
2.478698530649126042e-02
2.550752299066516571e-02
2.644644737483758945e-02
2.761056888084567618e-02
2.900664903427241370e-02
3.064262973930453882e-02
3.252940565653261729e-02
3.468217164845555089e-02
3.712020959119399777e-02
3.986419538614427438e-02
4.293068078550277278e-02
4.632420973666739883e-02
5.002832893023878569e-02
5.107417944236658514e-02
4.678427081034897128e-02
4.299299711146886693e-02
3.964345398617297178e-02
3.667880668399448041e-02
3.405051902882405557e-02
3.172236316277121659e-02
2.967068046018539462e-02
2.788196418077859562e-02
2.634912482790241484e-02
2.506775671099603642e-02
2.403340304590528831e-02
2.324032023170730099e-02
2.268171061223256402e-02
2.235096077129128389e-02
2.224319672313868068e-02
2.235648230634978972e-02
2.269222702307160944e-02
2.325472802476724610e-02
2.405013605675776489e-02
2.508536524146620650e-02
2.636748978329706006e-02
2.790396569253061898e-02
2.970364426982996520e-02
3.177813814909313805e-02
3.414278622585698031e-02
3.681638240414031316e-02
3.981901627594197635e-02
4.316780447152268607e-02
4.687085572095384123e-02
5.092035001143813133e-02
5.222208419672824675e-02
4.760746204465249320e-02
4.351290398608398391e-02
3.987896615944919176e-02
3.664910563384182751e-02
3.377670864210813306e-02
3.122779852128587663e-02
2.898027998344332445e-02
2.702102957664465066e-02
2.534223239854327403e-02
2.393813885282725096e-02
2.280297859761049040e-02
2.193025943051907234e-02
2.131322605055174790e-02
2.094596764072775841e-02
2.082457785218139179e-02
2.094789287366438657e-02
2.131757707684300840e-02
2.193762141178012826e-02
2.281354961814940907e-02
2.395173139666439965e-02
2.535914113104809076e-02
2.704370599531102926e-02
2.901512269090744667e-02
3.128577338975446764e-02
3.387123203719966114e-02
3.678985832084435970e-02
4.006114298590546241e-02
4.370274160737608327e-02
4.772643058277026284e-02
5.213346670279861428e-02
5.370961155949771637e-02
4.875982311750703957e-02
4.434918499464401975e-02
4.041753143974347040e-02
3.690982149237242993e-02
3.378198141945176758e-02
3.100242010805231985e-02
2.855042598821455613e-02
2.641295121429720894e-02
2.458118238064344041e-02
2.304789734262158163e-02
2.180607076297746971e-02
2.084868321617250331e-02
2.016933418781263754e-02
1.976312256738310680e-02
1.962732538959244266e-02
1.976161590573610738e-02
2.016781747806817293e-02
2.084939203268731944e-02
2.181095496052876115e-02
2.305806874210247770e-02
2.459742757491767406e-02
2.643736290337983519e-02
2.858845417904376518e-02
3.106395777467696462e-02
3.387980660409084521e-02
3.705404267202538904e-02
4.060568768909433857e-02
4.455315507402701769e-02
4.891232528370892396e-02
5.369433115083666053e-02
5.557225038683100138e-02
5.026792928765644319e-02
4.552117327330051921e-02
4.127288139352458529e-02
3.747057966211286839e-02
3.407315295589796733e-02
3.105133267308701761e-02
2.838544967562484089e-02
2.606210456542612519e-02
2.407111591310240328e-02
2.240355274989269674e-02
2.105103934081853367e-02
2.000603278429480270e-02
1.926252576959086582e-02
1.881664042593911290e-02
1.866678969599888660e-02
1.881337745362543501e-02
1.925824945283238776e-02
2.000421810225816444e-02
2.105492988630430773e-02
2.241516387948649935e-02
2.409143981640227139e-02
2.609265531282289885e-02
2.843045264853572007e-02
3.111913285829359666e-02
3.417514983448199928e-02
3.761642570680123754e-02
4.146183187003771309e-02
4.573109055945678847e-02
5.044507527691166615e-02
5.562608411491964944e-02
5.783316920042125275e-02
5.215045692057174165e-02
4.704382677027751924e-02
4.245697426449623890e-02
3.834097750586806796e-02
3.465803133804001845e-02
3.138109543215250596e-02
2.849121140934585128e-02
2.597423225415695924e-02
2.381825689735705964e-02
2.201237187910010107e-02
2.054663385206367821e-02
1.941276746583753265e-02
1.860491542174713686e-02
1.811993520095711574e-02
1.795707442943239585e-02
1.811721162812318653e-02
1.860207400386570953e-02
1.941384694146108814e-02
2.055540152286994271e-02
2.203106011438649148e-02
2.384755142702488229e-02
2.601469357250607572e-02
2.854545676564157475e-02
3.145535492149065249e-02
3.476149765083391685e-02
3.848191576616954990e-02
4.263581181658082642e-02
4.724509919833508320e-02
5.233700580447475659e-02
5.794680128019535914e-02
6.050157260051491903e-02
5.441689120561932214e-02
4.892713221488520503e-02
4.398029785988910589e-02
3.953183097291912418e-02
3.554749501199694350e-02
3.200238773752062116e-02
2.887801902215869632e-02
2.615924079327669460e-02
2.383222746357205324e-02
2.188391359231900424e-02
2.030259478124207817e-02
1.907898421268328093e-02
1.820698643496143632e-02
1.768372898732195608e-02
1.750883692875504494e-02
1.768332758365431800e-02
1.820869293442228809e-02
1.908664258371572942e-02
2.031966491995262913e-02
2.191216166465892456e-02
2.387161274964455515e-02
2.620917433159775101e-02
2.893936390137241688e-02
3.207895425111928489e-02
3.564571134666039143e-02
3.965793711358855944e-02
4.413571828627027571e-02
4.910427449067356065e-02
5.459891074133338407e-02
6.067006518151174532e-02
6.357543860940495506e-02
5.706901717985601863e-02
5.117680002331326250e-02
4.585216317900631111e-02
4.105537001305492595e-02
3.675578667935042176e-02
3.293048513842222746e-02
2.956127156539878342e-02
2.663192594081920106e-02
2.412673762592021376e-02
2.203056872167508118e-02
2.032996664274833165e-02
1.901449189972481690e-02
1.807748595456359908e-02
1.751589006744325161e-02
1.732923708186717704e-02
1.751834580136346631e-02
1.808438761509023607e-02
1.902880979105248116e-02
2.035418286322965287e-02
2.206557156750932336e-02
2.417173383946646936e-02
2.668548167639528401e-02
2.962291956282570027e-02
3.300189711080747657e-02
3.684061535568616819e-02
4.115765067217580508e-02
4.597447006381116807e-02
5.132076386871631257e-02
5.724174605984444497e-02
6.380529964189918246e-02
6.704775057369261049e-02
6.010467124633578351e-02
5.379591421387885930e-02
4.808069885257282294e-02
4.292405158594192471e-02
3.829860227233439218e-02
3.418303420585289132e-02
3.055925941953319125e-02
2.741005451571254525e-02
2.471811972645809874e-02
2.246664471749681979e-02
2.064077487739268690e-02
1.922907720654620789e-02
1.822424818237777799e-02
1.762276139925234020e-02
1.742369754356332123e-02
1.762739352125208825e-02
1.823462327956804074e-02
1.924675413829390891e-02
2.066682976146694273e-02
2.250104059203295037e-02
2.475978064467199147e-02
2.745762192898837384e-02
3.061205464473459870e-02
3.424157537483552005e-02
3.836436729943670798e-02
4.299908201392099727e-02
4.816887975721328985e-02
5.390888782949332381e-02
6.027578957946388982e-02
6.735677454253163887e-02
7.091441718603164190e-02
6.352280696046364028e-02
5.678729056216980098e-02
5.067283217249496374e-02
4.514863568692817353e-02
4.018982648449309636e-02
3.577604562633496244e-02
3.188898862936184742e-02
2.851052179357793648e-02
2.562221270454756450e-02
2.320624045387376100e-02
2.124701400680351071e-02
1.973260128579568118e-02
1.865528092457680032e-02
1.801102622994221747e-02
1.779827138307155110e-02
1.801665830862475559e-02
1.866645925474585965e-02
1.974902735310024582e-02
2.126808671528124250e-02
2.323119097673043143e-02
2.565049198710767087e-02
2.854220879817148671e-02
3.192483275051927194e-02
3.581693129854102153e-02
4.023608188254002016e-02
4.520063751442648936e-02
5.073547946267353836e-02
5.688165990522975335e-02
6.370814900219556876e-02
7.132225630721222842e-02
7.518160678955609910e-02
6.732871696112852078e-02
6.015640669829735998e-02
5.363498649876419222e-02
4.773692652815952897e-02
4.243876239524979610e-02
3.772016300172253978e-02
3.356207361684937496e-02
2.994541693078645039e-02
2.685105217096861452e-02
2.426087298226775602e-02
2.215936498032533564e-02
2.053479637106647715e-02
1.937948364502517506e-02
1.868907627795124426e-02
1.846131615093327127e-02
1.869499134409124963e-02
1.938971503841457888e-02
2.054674194005201571e-02
2.217046736041083932e-02
2.426981562166474760e-02
2.685862883663503453e-02
2.995455365817178972e-02
3.357668911485234275e-02
3.774315348709933460e-02
4.247037383356655482e-02
4.777594294682785403e-02
5.368613201335392660e-02
6.024764752510236576e-02
6.754132100013521267e-02
7.569366233474283945e-02
7.987019713436893653e-02
7.153813205150072463e-02
6.391463927047880134e-02
5.697516077270847745e-02
5.069461428774957312e-02
4.504984801496902946e-02
4.001951133432157803e-02
3.558306019112933427e-02
3.172018257282616105e-02
2.841119035110750701e-02
2.563819518582022283e-02
2.338642904214793816e-02
2.164501280458352994e-02
2.040679180026927497e-02
1.966735390669782646e-02
1.942378772218944505e-02
1.967390651043388061e-02
2.041646728321211413e-02
2.165242364389996510e-02
2.338667337971855886e-02
2.562937541733845137e-02
2.839593655880889855e-02
3.170528683585871477e-02
3.557695110248459969e-02
4.002836731524439529e-02
4.507450725031958427e-02
5.073175390589312883e-02
5.702702577673335327e-02
6.401141001697396860e-02
7.177548739855410531e-02
8.046170486250048270e-02
8.501537723486762843e-02
7.617878560085955542e-02
6.808205241577525157e-02
6.070631131387926871e-02
5.402875893651071237e-02
4.802590041799703613e-02
4.267450075167289469e-02
3.795170662124291994e-02
3.383537588706531096e-02
3.030498577390972059e-02
2.734287582097749691e-02
2.493524939382041339e-02
2.307240368645580020e-02
2.174802149420429487e-02
2.095783729964750819e-02
2.069835366637562402e-02
2.096633659130020533e-02
2.175951012213772628e-02
2.307829911478620488e-02
2.492788566269155126e-02
2.731951263376686256e-02
3.027011143603886012e-02
3.379998786658688914e-02
3.792929513110721018e-02
4.267501547292340547e-02
4.805073243915103376e-02
5.407124559951625997e-02
6.076292753277812153e-02
6.817880417656851932e-02
7.641511539077328052e-02
8.562424563388049137e-02
9.066001888868413516e-02
8.128790149294218281e-02
7.268823030426574405e-02
6.484970421570324106e-02
5.775284181436290964e-02
5.137409923281666124e-02
4.568807101713900920e-02
4.066893993513076566e-02
3.629192486187093891e-02
3.253488712653052062e-02
2.937976751672977116e-02
2.681333088185056113e-02
2.482685972972831223e-02
2.341485497709072661e-02
2.257327339066250715e-02
2.229811858524044510e-02
2.258513895503710955e-02
2.343096205549954902e-02
2.483534225393668748e-02
2.680358722136588767e-02
2.934794871725898702e-02
3.248699977302749176e-02
3.624280156145687215e-02
4.063675686848000623e-02
4.568609428042691434e-02
5.140345865675044479e-02
5.780176469124853611e-02
6.490517636848380789e-02
7.276501390697376337e-02
8.147706327781634172e-02
9.119486596591741545e-02
9.684124642853930709e-02
8.690412729129093350e-02
7.776901163560978603e-02
6.943566844893211965e-02
6.189060208271257579e-02
5.511190334254933987e-02
4.907270021340082167e-02
4.374406489478133153e-02
3.909780526737449691e-02
3.510904741779086180e-02
3.175814593305403832e-02
2.903140623493527528e-02
2.692039091198239475e-02
2.542007755801023450e-02
2.452661738971073646e-02
2.423567923142400105e-02
2.454220460458600428e-02
2.544186222075950354e-02
2.693375073795323260e-02
2.902324229762598407e-02
3.172358763913507573e-02
3.505521044280612841e-02
3.904248000253573991e-02
4.370894478142872686e-02
4.907310968428646447e-02
5.514739101181476144e-02
6.194252914519893238e-02
6.947837802272260888e-02
7.779985093475261237e-02
8.699441297312660026e-02
9.720558799426726182e-02
1.035707067153452954e-01
9.305296586899203248e-02
8.335696083941002144e-02
7.449863633792119799e-02
6.647489497026981553e-02
5.926878560239856597e-02
5.285399910007981816e-02
4.719923695301986299e-02
4.227254667966917623e-02
3.804522547943633981e-02
3.449461728450842202e-02
3.160520791607268620e-02
2.936784176199580543e-02
2.777748335938667879e-02
2.683048023754963651e-02
2.652250747814832721e-02
2.684815707834786735e-02
2.780250450814492069e-02
2.938414735399419442e-02
3.159848156610678416e-02
3.445967153675155714e-02
3.799008270289050415e-02
4.221685566153610125e-02
4.716656313121347921e-02
5.286006908499985002e-02
5.931032895841781283e-02
6.652556350491067860e-02
7.451890183801879175e-02
8.332345038206767640e-02
9.300933730492033646e-02
1.036973268078327237e-01
1.108104191948768857e-01
9.972597948762995657e-02
8.946439797318817000e-02
8.006407581206076429e-02
7.153824636043282226e-02
6.387985771834792104e-02
5.706668839957274031e-02
5.106702821649378166e-02
4.584568633163144113e-02
4.136957333594182273e-02
3.761187698455614736e-02
3.455403718726302031e-02
3.218528135039377958e-02
3.050021505077893380e-02
2.949559877015417442e-02
2.916771685158892069e-02
2.951151665365614463e-02
3.052200272941263393e-02
3.219743269073660485e-02
3.454301947840576759e-02
3.757343629786191741e-02
4.131267141019634437e-02
4.579067914073675638e-02
5.103757945016695885e-02
5.707743397306330735e-02
6.392437507474824088e-02
7.158370146862580441e-02
8.005934747234277893e-02
8.936708445207841578e-02
9.955043515537909116e-02
1.106942814431022271e-01
1.184476640125922131e-01
1.068559254144929582e-01
9.605986967198987259e-02
8.612703513654196286e-02
7.709386128817641293e-02
6.896942501862213248e-02
6.174055329029215500e-02
5.537849636857572477e-02
4.984661871276330203e-02
4.510795662281452678e-02
4.113125773073988967e-02
3.789437290379282786e-02
3.538456210208096309e-02
3.359617579371843021e-02
3.252697061179787852e-02
3.217471363586810185e-02
3.253555453011358622e-02
3.360492506089940434e-02
3.538068577017838834e-02
3.786724531983054476e-02
4.107880353149084840e-02
4.503997691426775418e-02
4.978288904567307327e-02
5.534112815530534135e-02
6.174236131482757628e-02
6.900233928490706603e-02
7.712310981378323049e-02
8.609729071122274036e-02
9.591839426366277621e-02
1.065948947598371888e-01
1.181636720289134246e-01
1.262738394732423330e-01
1.142921530938565411e-01
1.030416588596381189e-01
9.262511951510532526e-02
8.310915330639545573e-02
7.452587623447470833e-02
6.687724069934120052e-02
6.014221709119738080e-02
5.428601784842612687e-02
4.926979135325382231e-02
4.505890474047191674e-02
4.162821988575160503e-02
3.896358298425184330e-02
3.705984426142094890e-02
3.591673806022299686e-02
3.553454349457751960e-02
3.591138691899686819e-02
3.704334190842928365e-02
3.892734307737555355e-02
4.156574684293445898e-02
4.497056102081842255e-02
4.916525186945364112e-02
5.418271571033983491e-02
6.005930303490458755e-02
6.682629471742984606e-02
7.450143569076317362e-02
8.308355512963316869e-02
9.255269478808259009e-02
1.028765823593857931e-01
1.140221207322156260e-01
1.259684342771834054e-01
1.339730907689045125e-01
1.217823658266752318e-01
1.102144687681629875e-01
9.941184968874949845e-02
8.947740021267236443e-02
8.047305829131801147e-02
7.242252920786995674e-02
6.531835411533393199e-02
5.913233509500059881e-02
5.382732338057394372e-02
4.936792911666998407e-02
4.572798273329681251e-02
4.289350461203866871e-02
4.086124912737432169e-02
3.963417103295796551e-02
3.921600486955867382e-02
3.960726752939081052e-02
4.080433805847860640e-02
4.280203703910956392e-02
4.559872087338590063e-02
4.920179951204772806e-02
5.363117984143173089e-02
5.891860781321156537e-02
6.510213063666014932e-02
7.221654899376517278e-02
8.028224647159731830e-02
8.929563983838306740e-02
9.922433684414500021e-02
1.100088713483273750e-01
1.215708955871832586e-01
1.338255056393791165e-01
1.411262329136206972e-01
1.289674327099419315e-01
1.172767743455551681e-01
1.062383576625052228e-01
9.599562132939354342e-02
8.664608730487088906e-02
7.824163647637760732e-02
7.079475263026324683e-02
6.428963590542480233e-02
5.869580218086412060e-02
5.398114480794902192e-02
5.012164713571110042e-02
4.710595418737284490e-02
4.493453877103092964e-02
4.361477776956235175e-02
4.315439417268862599e-02
4.355606172157422407e-02
4.481539404150680639e-02
4.692322044638785883e-02
4.987139803597528953e-02
5.365996434193220921e-02
5.830267777400877094e-02
6.382821000443072990e-02
7.027542368723516120e-02
7.768295913683687104e-02
8.607522627744401689e-02
9.544825004786616773e-02
1.057591933838466502e-01
1.169225974222172226e-01
1.288146073577536299e-01
1.412841742127284306e-01
5.688455215909016260e-02
5.675487239386711735e-02
5.626160709107352886e-02
5.557611286963037855e-02
5.484178801316375029e-02
5.416419456469157012e-02
5.360701356812569429e-02
5.319373866632304271e-02
5.291432890362557373e-02
5.273547503293229965e-02
5.261272419284068746e-02
5.250249956043262500e-02
5.237209717370205908e-02
5.220607809314969927e-02
5.200810901760632987e-02
5.179817826228827471e-02
5.160608753158157924e-02
5.146298883619238040e-02
5.139326261360110948e-02
5.140902539051239728e-02
5.150892805113471695e-02
5.168173722995561548e-02
5.191373394336551428e-02
5.219759229748888174e-02
5.253953232522690087e-02
5.296149719288223423e-02
5.349602336946190917e-02
5.417322469406826713e-02
5.500152030094795919e-02
5.594585446488054004e-02
5.690860245363182912e-02
5.498587407237209845e-02
5.467242995200649602e-02
5.406401691061546444e-02
5.329615811888288590e-02
5.248291444468122791e-02
5.171047425164942979e-02
5.103459309702884639e-02
5.048166049618885154e-02
5.005288152869979967e-02
4.973083507638875744e-02
4.948747461821767502e-02
4.929247045038209762e-02
4.912069214424263919e-02
4.895767064408573788e-02
4.880213611249928363e-02
4.866522849079046864e-02
4.856667796957481187e-02
4.852900053629127797e-02
4.857135032034420874e-02
4.870488334108813433e-02
4.893118235213478329e-02
4.924444797143223695e-02
4.963695346941676689e-02
5.010599835532048019e-02
5.065967494010692462e-02
5.131852896238342510e-02
5.211084764687257120e-02
5.306079287856846349e-02
5.417061347748131084e-02
5.540021790761784359e-02
5.664889836680231383e-02
5.342820812484205817e-02
5.281116752985326457e-02
5.200053784756164532e-02
5.109488475090984139e-02
5.017583563903826871e-02
4.930542963575135218e-02
4.852551648036751430e-02
4.785881105544831371e-02
4.731128167168208165e-02
4.687564351479522884e-02
4.653574491294421023e-02
4.627152648936316837e-02
4.606402757872274378e-02
4.589970878623716999e-02
4.577328497543931007e-02
4.568843043125525583e-02
4.565615416504442692e-02
4.569126790192967746e-02
4.580799825907888589e-02
4.601619265304179862e-02
4.631953491934837075e-02
4.671663830231409520e-02
4.720490423187584383e-02
4.778588527142346720e-02
4.846993193677917589e-02
4.927750838669453515e-02
5.023496860849263612e-02
5.136381946431356482e-02
5.266432627240646980e-02
5.409628715756298334e-02
5.556136743962269975e-02
5.225300976599100977e-02
5.124366346126407734e-02
5.016119369656735216e-02
4.906769000945132575e-02
4.801141448979251436e-02
4.702789283510355745e-02
4.614146437961608171e-02
4.536672652648121584e-02
4.470968994428403676e-02
4.416883157136908267e-02
4.373643761664425256e-02
4.340058549041714286e-02
4.314783501104102470e-02
4.296629786404082552e-02
4.284841165008401731e-02
4.279262640739034396e-02
4.280341929097630782e-02
4.288955360516411019e-02
4.306113904476660537e-02
4.332658433577307733e-02
4.369072428016806953e-02
4.415510052422177978e-02
4.472060017906187568e-02
4.539160865442681825e-02
4.617985634195065359e-02
4.710560613921188633e-02
4.819402361499669496e-02
4.946558330584593932e-02
5.092101352374811540e-02
5.252317783492799208e-02
5.417989327634131769e-02
5.145654040461522527e-02
4.999892196838118252e-02
4.859450034109613625e-02
4.727118059645363246e-02
4.604533331166749122e-02
4.492627561103290645e-02
4.391984594712994294e-02
4.303037839144963073e-02
4.226101329277298646e-02
4.161286434737121454e-02
4.108391725912952097e-02
4.066854265329311602e-02
4.035817564272292657e-02
4.014317048859084025e-02
4.001528710796264932e-02
3.996993092368938960e-02
4.000728679329768056e-02
4.013188142835133476e-02
4.035074351941148052e-02
4.067095981008606032e-02
4.109778424117394025e-02
4.163435116061009467e-02
4.228343365139153320e-02
4.305073733758035814e-02
4.394823492202704074e-02
4.499540986125794007e-02
4.621629902158019831e-02
4.763103806908475235e-02
4.924210251738259103e-02
5.101724674614160904e-02
5.287276685226061090e-02
5.100029789218751830e-02
4.906988308039217372e-02
4.731349672783835558e-02
4.572878076942288317e-02
4.430385450541507453e-02
4.302454716162174009e-02
4.187958125294244383e-02
4.086296791138011031e-02
3.997367975716770161e-02
3.921339302905835211e-02
3.858353675059333909e-02
3.808291768473281991e-02
3.770682211325038224e-02
3.744784658556454815e-02
3.729802333691623062e-02
3.725131384635460563e-02
3.730543361598392949e-02
3.746228029558551498e-02
3.772685673175146803e-02
3.810526698362082243e-02
3.860283681024156976e-02
3.922344520196929807e-02
3.997067535692622187e-02
4.085052405662281672e-02
4.187443268074275693e-02
4.306069471931550652e-02
4.443218316828279058e-02
4.600899080242015771e-02
4.779591742271804833e-02
4.976645687793279649e-02
5.184655195444065612e-02
5.082720699374476681e-02
4.842686184838385088e-02
4.630744881251303013e-02
4.444140944269747706e-02
4.279379808849625988e-02
4.133143338003719691e-02
4.002907226731622359e-02
3.887192944785056170e-02
3.785476955818012357e-02
3.697859182466345374e-02
3.624639127156115137e-02
3.565950839401921257e-02
3.521566539893683512e-02
3.490908106687129475e-02
3.473228913753700908e-02
3.467871235807251651e-02
3.474485389415349346e-02
3.493122886720811948e-02
3.524175389065931085e-02
3.568202556016331073e-02
3.625745601493690629e-02
3.697235745494253933e-02
3.783068511347664753e-02
3.883835074157104827e-02
4.000606562112807296e-02
4.135093123841215856e-02
4.289479016551922541e-02
4.465787042863667011e-02
4.664746245953210746e-02
4.884298016440880019e-02
5.118033528924570419e-02
5.087996745078271488e-02
4.803347610231867293e-02
4.555585121215699473e-02
4.339989544314448722e-02
4.151351035307015991e-02
3.984986422074143775e-02
3.837385338374588173e-02
3.706435489038995001e-02
3.591270510332833510e-02
3.491861365364457015e-02
3.408514767397718970e-02
3.341439462201378774e-02
3.290496046793123242e-02
3.255172286480956245e-02
3.234746959606127348e-02
3.228546413447475061e-02
3.236176953032554593e-02
3.257639585899596568e-02
3.293291543923260178e-02
3.343689472421829123e-02
3.409404505691782106e-02
3.490916356895468198e-02
3.588661248613789212e-02
3.703235170542029664e-02
3.835663112295151222e-02
3.987570786011929158e-02
4.161070042027859017e-02
4.358211298313108273e-02
4.579964334789110580e-02
4.824837960177319474e-02
5.087398785235563992e-02
5.111734668844292173e-02
4.786113837235461688e-02
4.504108256514882669e-02
4.259578238907124614e-02
4.046181647390767466e-02
3.858407237567007542e-02
3.692182743361627217e-02
3.545035084061964881e-02
3.415871035394957289e-02
3.304515146555786487e-02
3.211174417447182350e-02
3.135988041321979836e-02
3.078770724459900521e-02
3.038984451268333942e-02
3.015897513432719279e-02
3.008834960201056674e-02
3.017406198341632262e-02
3.041619283430918586e-02
3.081846918212249875e-02
3.138676368871529121e-02
3.212728103790141176e-02
3.304545129867619835e-02
3.414625855293706991e-02
3.543606280982203316e-02
3.692512515772250481e-02
3.862934832795872353e-02
4.056947950448375195e-02
4.276637654766091146e-02
4.523189860992715694e-02
4.795633129197085509e-02
5.089463025205986924e-02
5.152472074132674607e-02
4.789878271913039498e-02
4.475682507836609147e-02
4.202811665254557738e-02
3.964304147666553035e-02
3.754289776225050446e-02
3.568506189549225383e-02
3.404364959897066001e-02
3.260662391949153971e-02
3.137084900481568184e-02
3.033676470658974722e-02
2.950413563667098060e-02
2.886978667993389536e-02
2.842752583637775388e-02
2.816976804751902819e-02
2.808991702113416977e-02
2.818444138392806053e-02
2.845384452484722715e-02
2.890224774637317751e-02
2.953592318954179063e-02
3.036156998132355511e-02
3.138526606016966980e-02
3.261275114709860645e-02
3.405108409060630947e-02
3.571096080850111321e-02
3.760835518914973363e-02
3.976391021478775656e-02
4.219881680364778731e-02
4.492675864003103925e-02
4.794268547084357124e-02
5.121038207016681554e-02
5.211672410587198101e-02
4.815600210076809162e-02
4.471087678848562064e-02
4.170536220408394001e-02
3.906774534698342904e-02
3.673935269944195170e-02
3.467845570230565500e-02
3.285984006652142853e-02
3.127126103390764911e-02
2.990837356992415152e-02
2.876972478406969458e-02
2.785305494217027444e-02
2.715357110355398618e-02
2.666420113018830307e-02
2.637725647218758240e-02
2.628659833862911910e-02
2.638937737719970755e-02
2.668670338243828155e-02
2.718308891962806229e-02
2.788503233387018554e-02
2.879947276960592717e-02
2.993292201608710457e-02
3.129180305222689640e-02
3.288398095537559129e-02
3.472082629195938352e-02
3.681863799283746630e-02
3.919808049522544025e-02
4.188057322699023644e-02
4.488129096807824681e-02
4.819942458743753377e-02
5.180734735358782928e-02
5.293203694236581214e-02
4.865972883089852985e-02
4.492276423297880683e-02
4.164321373536949977e-02
3.875029304435884114e-02
3.618781632758327760e-02
3.391670357814291492e-02
3.191346501989755780e-02
3.016613121690170374e-02
2.866926311617135070e-02
2.741948559560114518e-02
2.641252543980954215e-02
2.564213395453407429e-02
2.510068700576084666e-02
2.478081944718724117e-02
2.467725811220589094e-02
2.478810229513328522e-02
2.511511212287587114e-02
2.566299778118263930e-02
2.643811206871760078e-02
2.744719494512537494e-02
2.869680820367648266e-02
3.019382119055080693e-02
3.194684283880633302e-02
3.396798382163979113e-02
3.627396406773186754e-02
3.888548894065024797e-02
4.182409168606682215e-02
4.510622596717439592e-02
4.873516732095595216e-02
5.269202648742066231e-02
5.402247063830145635e-02
4.944638184588256991e-02
4.541802556741458829e-02
4.186022984140436165e-02
3.870526162427267991e-02
3.590087591510382481e-02
3.341146488310187124e-02
3.121559902319859248e-02
2.930163045311928727e-02
2.766298558708513156e-02
2.629440265809535049e-02
2.518979918386321515e-02
2.434185035963309929e-02
2.374287186830770224e-02
2.338631385646294802e-02
2.326814242769614793e-02
2.338756975950673223e-02
2.374692531520850025e-02
2.435081957810325548e-02
2.520502813422353938e-02
2.631563463364727795e-02
2.768886902958911378e-02
2.933180238687782548e-02
3.125368548171536531e-02
3.346736689127283171e-02
3.599001419024716597e-02
3.884237530110112857e-02
4.204607130486692768e-02
4.561886054034403060e-02
4.956833898631884949e-02
5.388500993467459921e-02
5.543995354310027324e-02
5.055248495409614407e-02
4.622172536073776428e-02
4.237353127609821968e-02
3.894469000078970566e-02
3.588761601895384956e-02
3.317031330880126916e-02
3.077320895135926548e-02
2.868466728614293970e-02
2.689675647343392484e-02
2.540230023441836238e-02
2.419359326449921355e-02
2.326257930326391943e-02
2.260191130335442722e-02
2.220619100990006700e-02
2.207280924994847737e-02
2.220208509606891312e-02
2.259673502703662962e-02
2.326097102923085913e-02
2.419966099841985852e-02
2.541794903663685545e-02
2.692154807118640747e-02
2.871765434792905580e-02
3.081616642703011166e-02
3.323071394152066205e-02
3.597896033897995949e-02
3.908175555443449412e-02
4.256094609718275024e-02
4.643593434593640268e-02
5.071933782164705917e-02
5.541226591321901651e-02
5.722533794323680922e-02
5.200682639042497613e-02
4.735352792886260431e-02
4.319626958385924809e-02
3.947738234091957565e-02
3.615419171728717629e-02
3.319804332750209142e-02
3.059070799463370349e-02
2.832005054369801655e-02
2.637643066555028781e-02
2.475062658777460456e-02
2.343336581907351501e-02
2.241601081914268434e-02
2.169168803084176034e-02
2.125618950594798662e-02
2.110823836483177729e-02
2.124905912933172658e-02
2.168150986108230427e-02
2.240919569521793164e-02
2.343597169237909839e-02
2.476606746495235711e-02
2.640481621347134933e-02
2.835973346009268425e-02
3.064155165884585585e-02
3.326481679323478602e-02
3.624778290395624936e-02
3.961153428099351004e-02
4.337845241752802394e-02
4.757024191258096835e-02
5.220570350684283767e-02
5.729829943720687879e-02
5.940208522406464908e-02
5.382634366742422571e-02
4.882567753884359263e-02
4.433746955510287080e-02
4.031026409575133584e-02
3.670625815175299067e-02
3.349967327085323632e-02
3.067301531154953409e-02
2.821311387742753141e-02
2.610826846648706123e-02
2.434704757251893170e-02
2.291855919975205325e-02
2.181353436753852293e-02
2.102543403088930063e-02
2.055097714401199482e-02
2.038986167463008314e-02
2.054385421433835290e-02
2.101569388469215482e-02
2.180831181976827793e-02
2.292471089094760828e-02
2.436856252461438999e-02
2.614527833793545142e-02
2.826313394143653568e-02
3.073401938490860630e-02
3.357357069762656465e-02
3.680071497547032777e-02
4.043691338665666990e-02
4.450549668399617076e-02
4.903137072687968612e-02
5.404104518856911454e-02
5.956249548125924775e-02
6.197617586622072849e-02
5.601646778541180538e-02
5.064396353918709792e-02
4.580369988980237395e-02
4.145072343271749560e-02
3.755182691202207934e-02
3.408356034560711123e-02
3.102860421131481417e-02
2.837234746039030142e-02
2.610082835963112302e-02
2.420035236718831584e-02
2.265838410676224157e-02
2.146490567974979058e-02
2.061342869637883268e-02
2.010115451048477553e-02
1.992824084663880058e-02
2.009654989888076670e-02
2.060846590029541403e-02
2.146631015057209879e-02
2.267260387088754214e-02
2.423104775880347006e-02
2.614778282804763876e-02
2.843239158210053574e-02
3.109824680177553091e-02
3.416216129153326619e-02
3.764369155032909475e-02
4.156471819260332268e-02
4.594991737394593656e-02
5.082838323778560152e-02
5.623603218828066019e-02
6.221769482726813294e-02
6.494162485705601284e-02
5.857518902848823927e-02
5.281070523597009014e-02
4.760132821684237570e-02
4.290842951559170615e-02
3.870285641460213810e-02
3.496287339658010751e-02
3.167087800466106273e-02
2.881063005042960867e-02
2.636597198943491094e-02
2.432115043120575137e-02
2.266216450152569450e-02
2.137825643512769602e-02
2.046275836255517788e-02
1.991291623198776506e-02
1.972882382324314676e-02
1.991199962867540307e-02
2.046427507593762130e-02
2.138749511141213588e-02
2.268414497302728705e-02
2.435859306206111796e-02
2.641835396934766322e-02
2.887478012416977435e-02
3.174289212256553583e-02
3.504055336998135317e-02
3.878767826790863182e-02
4.300640474684769288e-02
4.772299298383586574e-02
5.297159763176750857e-02
5.879912829550448805e-02
6.526943829157971777e-02
6.828939136448752834e-02
6.149911457214329857e-02
5.532834728910529520e-02
4.973814369441242889e-02
4.469551263173343614e-02
4.017450783430831507e-02
3.615439139321097173e-02
3.261689448299875949e-02
2.954416740794840734e-02
2.691821276312111877e-02
2.472174233480473049e-02
2.293977948284009472e-02
2.156110994110349566e-02
2.057888011040631682e-02
1.999011394218541682e-02
1.979443814707337879e-02
1.999266137499944307e-02
2.058589187072357163e-02
2.157560639898292720e-02
2.296462049707770348e-02
2.475847016467014328e-02
2.696649480094492901e-02
2.960204507326125167e-02
3.268169641523854807e-02
3.622397524486586917e-02
4.024862886581104249e-02
4.477764014518470503e-02
4.983881888529140269e-02
5.547190964534820523e-02
6.173593140738375951e-02
6.871527630482887616e-02
7.201668700872687623e-02
6.478950878590694629e-02
5.820248315285425633e-02
5.222380560735473409e-02
4.682501766183122527e-02
4.198225675281719305e-02
3.767493479062977713e-02
3.388373138113820460e-02
3.058931194573233370e-02
2.777238127055170480e-02
2.541488488714094274e-02
2.350163756273104809e-02
2.202154159022029489e-02
2.096783173692529090e-02
2.033728700553183444e-02
2.012884823125205003e-02
2.034234860548167489e-02
2.097800255069159903e-02
2.203692365583265200e-02
2.352242777851643041e-02
2.544145752654003445e-02
2.780534124212863389e-02
3.062938170842244290e-02
3.393138428873498924e-02
3.772996414045337588e-02
4.204400791968510021e-02
4.689471847450477071e-02
5.231107634972431697e-02
5.833837341833714163e-02
6.504797567777131917e-02
7.254511215342063224e-02
7.613381113787909271e-02
6.845667120887810597e-02
6.144375987969397102e-02
5.506948789297894109e-02
4.930868985320557840e-02
4.413835573177493643e-02
3.953710809582844377e-02
3.548411248993943445e-02
3.195861467247596011e-02
2.894053575801081024e-02
2.641184314597921912e-02
2.435799137310823426e-02
2.276871631693211384e-02
2.163780379123636521e-02
2.096196889760904014e-02
2.073941819617175497e-02
2.096883814738248475e-02
2.164936461122124456e-02
2.278162191578303464e-02
2.436937106540426612e-02
2.642092960923037026e-02
2.894952558926888742e-02
3.197218812965729740e-02
3.550754794196109287e-02
3.957373725461366121e-02
4.418809887829411309e-02
4.937032400630414486e-02
5.514981106807681499e-02
6.157657090170687297e-02
6.873326199365692446e-02
7.674443777796113864e-02
8.066644953396462370e-02
7.252167049318813952e-02
6.506872294630738907e-02
5.828769145318801748e-02
5.215578469324100297e-02
4.664981794303457718e-02
4.174673885972879361e-02
3.742363663150172215e-02
3.365817883241106756e-02
3.042972584080416709e-02
2.772076374822063372e-02
2.551800804030790459e-02
2.381262176822929177e-02
2.259939552823198028e-02
2.187523628163035028e-02
2.163767758975154720e-02
2.188416922945179977e-02
2.261258937141974457e-02
2.382286030842806213e-02
2.551897570629080292e-02
2.771042502354248427e-02
3.041213327196601313e-02
3.364263663934252691e-02
3.742113287444226444e-02
4.176494090643245727e-02
4.668939466318988707e-02
5.221196270304062637e-02
5.836132749664102448e-02
6.519042814306885703e-02
7.279050904980977066e-02
8.130160886594239855e-02
8.565246020225458778e-02
7.701503086173033807e-02
6.909982577144546667e-02
6.189306071155442623e-02
5.537426604132633656e-02
4.951967564193182625e-02
4.430398140175384469e-02
3.970160754033713602e-02
3.568817355517239776e-02
3.224219581534271128e-02
2.934659631137037650e-02
2.698943457471614238e-02
2.516348885910701938e-02
2.386477494110295083e-02
2.309057971797301434e-02
2.283787036321882624e-02
2.310285890416707844e-02
2.388205506576923653e-02
2.517448238540964667e-02
2.698412799327343237e-02
2.932143301768519450e-02
3.220287903423013631e-02
3.564848890346183907e-02
3.967811580514535308e-02
4.430836722167441621e-02
4.955247905309079215e-02
5.542509904626058415e-02
6.195267849034280516e-02
6.918821817544085206e-02
7.722696425571484724e-02
8.621795378803653875e-02
9.113315729064197512e-02
8.197219893645524280e-02
7.356440853254753165e-02
6.590410049193451414e-02
5.897444463516876567e-02
5.275174404232529923e-02
4.720848299257340841e-02
4.231599572085542604e-02
3.804712499550078064e-02
3.437869345543731470e-02
3.129325363443058450e-02
2.877957429518573917e-02
2.683165230519080069e-02
2.544657458020083141e-02
2.462204293806280475e-02
2.435459008302132133e-02
2.463931743295688648e-02
2.547141091963567305e-02
2.684892955221584998e-02
2.877571804310719017e-02
3.126305871046497487e-02
3.432902732674847357e-02
3.799541118678462226e-02
4.228323427378199995e-02
4.720898729647160508e-02
5.278413578162144404e-02
5.902004254403436789e-02
6.593903683005919447e-02
7.359023311619239394e-02
8.206640708294798969e-02
9.151645489373549935e-02
9.713980103833819157e-02
8.742554473701602546e-02
7.849166790492745349e-02
7.034430740532116033e-02
6.297328118489531334e-02
5.635701871415221831e-02
5.046681051680934615e-02
4.527093214528576937e-02
4.073869359308446292e-02
3.684396893731900491e-02
3.356751431965676602e-02
3.089750722210737877e-02
2.882820714694389608e-02
2.735725957063550595e-02
2.648268661869224161e-02
2.620078371364797931e-02
2.650585523406334687e-02
2.739203195960726589e-02
2.885654338388121687e-02
3.090311010600998998e-02
3.354387704894179478e-02
3.679871125677891541e-02
4.069168017304036766e-02
4.524582712383562466e-02
5.047850628943706397e-02
5.640006409703346435e-02
6.301820608314301353e-02
7.034891176954261027e-02
7.843253050486964639e-02
8.735128225680455216e-02
9.724252549449374783e-02
1.036764686105016153e-01
9.339256140629004221e-02
8.390600184793584049e-02
7.524010171346162679e-02
6.739605175516771851e-02
6.035803305985609768e-02
5.409839489584555849e-02
4.858319220056728227e-02
4.377780949107545894e-02
3.965190938652085606e-02
3.618277214809495490e-02
3.335633944334404077e-02
3.116587661861558445e-02
2.960891038674162701e-02
2.868369162206363399e-02
2.838662190515606198e-02
2.871174741267168429e-02
2.965263854093791451e-02
3.120599617432162631e-02
3.337551484946743585e-02
3.617423138530284632e-02
3.962398436851799488e-02
4.375165195415320341e-02
4.858322732616215944e-02
5.413805092030088417e-02
6.042614382477040635e-02
6.745121222775196657e-02
7.522044331335564493e-02
8.375995843698547105e-02
9.313231531496057869e-02
1.034504947074310621e-01
1.107009304500934377e-01
9.986022487282752991e-02
8.981520023689881782e-02
8.061279374487639870e-02
7.227168727786192903e-02
6.478691477695974754e-02
5.813550877883244539e-02
5.228327981330949115e-02
4.719213750468043145e-02
4.282682578923413530e-02
3.915979944304126548e-02
3.617331105124321766e-02
3.385851677194295917e-02
3.221230276722053532e-02
3.123325198430393357e-02
3.091843450420128647e-02
3.126237499418493826e-02
3.225870218193449546e-02
3.390389520245662425e-02
3.620159322963445447e-02
3.916551387374056503e-02
4.281934359187289374e-02
4.719299884527572431e-02
5.231611346152931219e-02
5.821099717468314338e-02
6.488810048631421523e-02
7.234681638237816514e-02
8.058313042965892237e-02
8.960344469142000889e-02
9.944140542484092293e-02
1.101725044418344623e-01
1.181057861540466547e-01
1.067664256297575776e-01
9.619310209836839931e-02
8.646306301261574845e-02
7.761934844938878086e-02
6.967405541490734322e-02
6.261383176843082765e-02
5.640757849869260099e-02
5.101547637059411500e-02
4.639780144407268381e-02
4.252181912397645647e-02
3.936544885982584674e-02
3.691726871147693601e-02
3.517350179390632547e-02
3.413352852385287406e-02
3.379587308609188767e-02
3.415634874545503408e-02
3.520917247806210071e-02
3.695065174724732060e-02
3.938392945292434888e-02
4.252265980085212504e-02
4.639165552089252742e-02
5.102350931974797277e-02
5.645168488445051480e-02
6.270210612092341762e-02
6.978629517425360973e-02
7.769916916049623978e-02
8.642353250797896180e-02
9.594127292075427249e-02
1.062488053871675220e-01
1.173721293696416978e-01
1.257029234807305329e-01
1.139809125656938704e-01
1.029584438297206361e-01
9.274894335658245836e-02
8.342655094793371973e-02
7.502713829671847634e-02
6.755291509125527227e-02
6.098058866518840659e-02
5.527194258502277080e-02
5.038486725607072003e-02
4.628261229026975343e-02
4.293945437075308291e-02
4.034198135286715114e-02
3.848647258109849645e-02
3.737399175861355616e-02
3.700542046863120049e-02
3.737852157337329118e-02
3.848825609475170495e-02
4.033026061279088026e-02
4.290606425820442382e-02
4.622776317864918383e-02
5.031980916555767180e-02
5.521639837206748780e-02
6.095443991489446489e-02
6.756377689043802093e-02
7.505764066218034714e-02
8.342674075402101153e-02
9.263966535263534752e-02
1.026504915325858747e-01
1.134121194427279988e-01
1.248915393823608611e-01
1.332150864070626994e-01
1.212898447863608453e-01
1.099540671953036508e-01
9.936136633268688456e-02
8.962263650209933985e-02
8.080396521927468712e-02
7.292957123490850790e-02
6.598982817968135350e-02
5.995305019587249262e-02
5.477864487511396874e-02
5.042883214809990022e-02
4.687653510245581856e-02
4.410817230018437840e-02
4.212158058089698898e-02
4.092071012655651430e-02
4.050960258155100746e-02
4.088820009292248869e-02
4.205171033572696615e-02
4.399382664087170269e-02
4.671254146705905441e-02
5.021612419204757316e-02
5.452648550044614240e-02
5.967778702142823022e-02
6.570962427304039011e-02
7.265596887555147987e-02
8.053270143318513874e-02
8.932742649176361738e-02
9.899497574883753259e-02
1.094605590596984257e-01
1.206302677319399663e-01
1.324061992083898076e-01
1.402785129052972479e-01
1.283891084669903648e-01
1.169325144098820601e-01
1.061038319753606629e-01
9.605438824110024143e-02
8.688582928016330698e-02
7.865064161069312831e-02
7.135935829091977212e-02
6.499301297981219250e-02
5.951805705808510538e-02
5.490036121682351222e-02
5.111527969256712822e-02
4.815197424750294886e-02
4.601191767096679541e-02
4.470320254677062621e-02
4.423344180213462096e-02
4.460429221171580139e-02
4.580987587814888684e-02
4.783984602045165957e-02
5.068602982873926521e-02
5.435007498317645513e-02
5.884884315628369222e-02
6.421469749375319225e-02
7.048925283834250877e-02
7.771118361824846943e-02
8.590070314039621735e-02
9.504468411932975869e-02
1.050866170544395573e-01
1.159245519527303259e-01
1.274180824157156167e-01
1.394028740705834934e-01
5.847303013251803350e-02
5.867381351868061756e-02
5.839427463956781139e-02
5.782001859597585280e-02
5.711737828232799075e-02
5.641868004840944195e-02
5.581364663703425322e-02
5.534756214365188498e-02
5.502582381495813024e-02
5.482358583140012342e-02
5.469848716302294633e-02
5.460406396059624967e-02
5.450145351505852886e-02
5.436742397023408557e-02
5.419757174922779086e-02
5.400458279200393008e-02
5.381255920929106651e-02
5.364931757594604278e-02
5.353903246032132301e-02
5.349746322735882131e-02
5.353123046234031790e-02
5.364134258388730814e-02
5.382970745313286898e-02
5.410609966156698647e-02
5.449238861865524086e-02
5.502105038362969935e-02
5.572615563937688421e-02
5.662695656883443007e-02
5.770645514485295280e-02
5.888935125551597594e-02
6.002496625421827048e-02
5.648413322205669829e-02
5.647045114369575458e-02
5.607271326698537450e-02
5.543360817136999685e-02
5.468284110111198970e-02
5.392669164257313241e-02
5.324150769001789740e-02
5.267157266735011945e-02
5.223123246742034098e-02
5.191064080554497195e-02
5.168401971241110004e-02
5.151899477641563863e-02
5.138541643918870250e-02
5.126218203531607287e-02
5.114095977751276223e-02
5.102636246374459006e-02
5.093292092624324141e-02
5.087999083480099216e-02
5.088627706845727516e-02
5.096578115444572177e-02
5.112656539176896331e-02
5.137281673069082899e-02
5.170948752765980316e-02
5.214761801380518591e-02
5.270768414902704535e-02
5.341828378413993050e-02
5.430831417515946669e-02
5.539241164615305024e-02
5.665147429522221501e-02
5.801205531861342024e-02
5.932973352150838764e-02
5.490707627927804424e-02
5.455025099126942223e-02
5.393714817955697072e-02
5.316691684902252746e-02
5.232997690063712071e-02
5.150213222304955707e-02
5.074061642017113627e-02
5.008227883627114352e-02
4.954398201789445011e-02
4.912512166356464149e-02
4.881196578298840905e-02
4.858324543147318764e-02
4.841616514841007302e-02
4.829183031688444316e-02
4.819910614423861261e-02
4.813619825108617079e-02
4.810976306634984212e-02
4.813201095294061815e-02
4.821686828927340684e-02
4.837660273824440083e-02
4.862021481676492840e-02
4.895431107706826879e-02
4.938620641405577771e-02
4.992792215216468321e-02
5.059890772326980368e-02
5.142505782168882433e-02
5.243213495714371675e-02
5.363303023295884486e-02
5.501014280889648944e-02
5.649607174495940853e-02
5.795724464474005799e-02
5.378455877280430286e-02
5.298671815262423479e-02
5.207748600287231966e-02
5.111379550362471491e-02
5.014662312760265195e-02
4.921957629539974732e-02
4.836764605897769798e-02
4.761610450532316463e-02
4.697974868213350419e-02
4.646285491890012054e-02
4.606021342169697164e-02
4.575942691189993639e-02
4.554430928419606062e-02
4.539883013603684958e-02
4.531076436887815362e-02
4.527416545442974893e-02
4.529004903724853648e-02
4.536520370857033413e-02
4.550967748946277425e-02
4.573399260061705718e-02
4.604729781112837372e-02
4.645734928817546461e-02
4.697245292663865257e-02
4.760450521553138969e-02
4.837137013919345918e-02
4.929638423163851257e-02
5.040305478678419604e-02
5.170407535797494347e-02
5.318544248621037696e-02
5.478831467189593241e-02
5.639277841078182973e-02
5.309861588557396317e-02
5.179791846194348182e-02
5.053401363556986325e-02
4.932493141041049967e-02
4.818462895764241694e-02
4.712561834639927838e-02
4.616024820097663905e-02
4.530043806153116748e-02
4.455617434632586082e-02
4.393349532710999483e-02
4.343287436040554894e-02
4.304878633229236584e-02
4.277084094246674795e-02
4.258630597905721515e-02
4.248332750921690604e-02
4.245386380898708012e-02
4.249541632998443674e-02
4.261106212561571738e-02
4.280793132693361258e-02
4.309489738989213947e-02
4.348059789936087327e-02
4.397280204011622118e-02
4.457954919598705601e-02
4.531156812936387723e-02
4.618454346655198606e-02
4.721920182964822743e-02
4.843724542024574475e-02
4.985199428710984648e-02
5.145409021815794404e-02
5.319441090023246943e-02
5.496793376823916333e-02
5.278556406574352877e-02
5.095709522083780030e-02
4.930504615276731784e-02
4.781354954957350856e-02
4.646420366225356702e-02
4.524200306423153961e-02
4.413867409766680794e-02
4.315311789650877472e-02
4.228938528194703395e-02
4.155320007703267038e-02
4.094834385978174396e-02
4.047413044463610277e-02
4.012474900628149044e-02
3.989058277875301428e-02
3.976093054188822862e-02
3.972709545632824302e-02
3.978472889866679907e-02
3.993464991071959957e-02
4.018199815254774876e-02
4.053427423605171498e-02
4.099930716347444104e-02
4.158423778972064611e-02
4.229614839005080285e-02
4.314411936229589628e-02
4.414153134075604612e-02
4.530673261979245581e-02
4.666008109870745102e-02
4.821602097990762559e-02
4.997019912889300031e-02
5.188334999320431962e-02
5.386530421674251556e-02
5.275896370312693762e-02
5.041123035516648088e-02
4.836205811898253160e-02
4.656783151403942611e-02
4.498401164710230660e-02
4.357343107858469011e-02
4.231099846856523072e-02
4.118453185401449446e-02
4.019228897050197702e-02
3.933844224411586765e-02
3.862809029851632658e-02
3.806331057603529189e-02
3.764127154499874450e-02
3.735467909427825361e-02
3.719405933043162804e-02
3.715082243070355617e-02
3.721988782854168676e-02
3.740093085798434913e-02
3.769793401625065599e-02
3.811745817074552178e-02
3.866660613130079582e-02
3.935179996551596560e-02
4.017912228482600767e-02
4.115618152445676969e-02
4.229450253296818119e-02
4.361068540947599104e-02
4.512435491506039398e-02
4.685143331334984396e-02
4.879248555243975716e-02
5.091752895350509789e-02
5.315031561349314870e-02
5.293506765156053007e-02
5.010259528353344649e-02
4.766784767343779095e-02
4.556608873735967791e-02
4.373358876455313293e-02
4.211726908397395164e-02
4.068000146435224451e-02
3.940141562634380534e-02
3.827496568919741549e-02
3.730269039624545258e-02
3.648941965002450161e-02
3.583805484413460363e-02
3.534702446268056519e-02
3.501024019351461902e-02
3.481907835157471709e-02
3.476532731656334363e-02
3.484385215051588602e-02
3.505398309243901167e-02
3.539923819698742591e-02
3.588572319131344557e-02
3.652012955353711732e-02
3.730844127858290449e-02
3.825614607194438577e-02
3.937000754467590014e-02
4.066052369216777151e-02
4.214342499926715391e-02
4.383828701702441322e-02
4.576274507780908607e-02
4.792190077387203928e-02
5.029405342202153406e-02
5.281545590196401463e-02
5.325460237418155884e-02
4.998773342049389612e-02
4.719276129708305234e-02
4.479031062055582879e-02
4.270431785698747262e-02
4.087206371696083806e-02
3.924932619520404842e-02
3.781074942708073650e-02
3.654639638807566371e-02
3.545606832449266221e-02
3.454320109631225932e-02
3.380995057705149520e-02
3.325451272030477412e-02
3.287094898041686974e-02
3.265101421311555896e-02
3.258693862335348967e-02
3.267395088005287107e-02
3.291158608953992371e-02
3.330340648426499683e-02
3.385545939090661705e-02
3.457435053314839024e-02
3.546599368928582408e-02
3.653581061735167168e-02
3.779046187628409825e-02
3.924031085080059711e-02
4.090108365744526964e-02
4.279289658916241024e-02
4.493517621085629798e-02
4.733699479220376816e-02
4.998376993717101868e-02
5.282274175897327950e-02
5.369582417733909097e-02
5.004931993244099431e-02
4.692497838641429553e-02
4.423465633044543210e-02
4.189608706292347051e-02
3.984249375753279310e-02
3.802699174229928758e-02
3.642219419089087751e-02
3.501622963267436717e-02
3.380685884803824592e-02
3.279547223974077497e-02
3.198244830673502292e-02
3.136475198152766097e-02
3.093590632670384366e-02
3.068777221596974414e-02
3.061311591955018230e-02
3.070784251940494869e-02
3.097205540689174086e-02
3.140965390775818378e-02
3.202681821858277544e-02
3.283021435345290229e-02
3.382589479042508174e-02
3.501958532979188021e-02
3.641840460295497905e-02
3.803326073830248788e-02
3.988050383213703753e-02
4.198115011695335852e-02
4.435631785236182623e-02
4.701841357109515229e-02
4.995888906432810472e-02
5.313471387580648297e-02
5.427633440558565781e-02
5.029865726010029903e-02
4.687298447515786393e-02
4.390742107170808595e-02
4.131852581849670969e-02
3.903991781226068269e-02
3.702552409413328860e-02
3.524824483247357421e-02
3.369547913644055370e-02
3.236326321894011926e-02
3.125069443376560230e-02
3.035590305080404505e-02
2.967420687855337746e-02
2.919839161768322811e-02
2.892047623026883230e-02
2.883399283018661663e-02
2.893580485033453442e-02
2.922679465154942591e-02
2.971127012642682530e-02
3.039548506239952985e-02
3.128605266647355165e-02
3.238910442996711936e-02
3.371075031463988125e-02
3.525880748020426836e-02
3.704506628855597228e-02
3.908679647065582685e-02
4.140600602477206849e-02
4.402527031834324589e-02
4.695975207687297370e-02
5.020614527074940270e-02
5.373041602342709666e-02
5.504436752380570397e-02
5.076944878146605333e-02
4.706093319691717625e-02
4.382729025564913172e-02
4.098771803364797961e-02
3.847939520892396104e-02
3.625939215453399811e-02
3.430238141663721763e-02
3.259579978112014942e-02
3.113422391652420629e-02
2.991446577289025299e-02
2.893237296666484326e-02
2.818168026715284213e-02
2.765464471303857863e-02
2.734375877480488271e-02
2.724364982350380160e-02
2.735237618617247790e-02
2.767166799822007306e-02
2.820612400319078006e-02
2.896181102914852090e-02
2.994497422332642600e-02
3.116155137649911921e-02
3.261787536030169576e-02
3.432242422240960877e-02
3.628790293441852555e-02
3.853251045075012371e-02
4.107913692678266671e-02
4.395154278245172463e-02
4.716726071819721255e-02
5.072788726192811737e-02
5.460834218001764384e-02
5.606318318314151838e-02
5.150601256264053518e-02
4.751973784732399508e-02
4.401648943348845933e-02
4.092078777284768876e-02
3.817531404638430104e-02
3.574150717395241372e-02
3.359645545424427837e-02
3.172789434211154003e-02
3.012902918271720409e-02
2.879447397936019115e-02
2.771798451067297719e-02
2.689202925103018060e-02
2.630873697853530757e-02
2.596146984797087498e-02
2.584624733208329417e-02
2.596245024687959813e-02
2.631258934343350120e-02
2.690131898998515680e-02
2.773418169454089366e-02
2.881669742237136234e-02
3.015430289087817073e-02
3.175332929640717339e-02
3.362276373991335277e-02
3.577610334286873695e-02
3.823233101320511196e-02
4.101502888079266995e-02
4.414894400360935833e-02
4.765388778287160676e-02
5.153655621597863501e-02
5.578152241196221439e-02
5.739388773417886114e-02
5.255044514797191368e-02
4.827773347278707661e-02
4.449412757821846753e-02
4.113119815883692354e-02
3.813805523350310978e-02
3.548081229564559180e-02
3.313890553545206785e-02
3.110017221479211003e-02
2.935631150103290565e-02
2.789977162683499046e-02
2.672242799962987192e-02
2.581581558843026869e-02
2.517228711440111510e-02
2.478634679209790193e-02
2.465552960711647756e-02
2.478049272394855507e-02
2.516434299832326360e-02
2.581153079881914891e-02
2.672681361946160905e-02
2.791477822756860405e-02
2.938022476519108750e-02
3.112939972197636962e-02
3.317172258175560273e-02
3.552136767211777624e-02
3.819793704496987630e-02
4.122553770866943523e-02
4.462985188638413092e-02
4.843320905092696194e-02
5.264813308622251498e-02
5.727023314921098063e-02
5.908197275311977137e-02
5.393303141681826673e-02
4.935433568789449055e-02
4.527242990116064902e-02
4.162687799544073641e-02
3.837336596552631818e-02
3.548231939021206927e-02
3.293495692923897877e-02
3.071870408894028515e-02
2.882344584577367641e-02
2.723940239957300946e-02
2.595669426227686927e-02
2.496612138202181086e-02
2.426041246144450270e-02
2.383523431490175426e-02
2.368950589152518660e-02
2.382491985190426931e-02
2.424491290366859175e-02
2.495353373524267226e-02
2.595468892468488775e-02
2.725211067081545480e-02
2.885013837840233464e-02
3.075512264695134945e-02
3.297702741292596329e-02
3.553068911423906684e-02
3.843621036867261864e-02
4.171811401283775922e-02
4.540310972515726462e-02
4.951656793309666682e-02
5.407799902150145499e-02
5.909595637604070362e-02
6.115117830904637231e-02
5.566858601923740935e-02
5.075853656126128044e-02
4.635698191850678995e-02
4.241174382696044631e-02
3.888464982810546644e-02
3.574964596373320092e-02
3.298890443693380803e-02
3.058880103708361275e-02
2.853705958841601387e-02
2.682158820607583039e-02
2.543081623662146740e-02
2.435487029288196936e-02
2.358679472672520205e-02
2.312318682743352838e-02
2.296397989630349912e-02
2.311149990782723762e-02
2.356921185855753720e-02
2.434067171998322010e-02
2.542910219199256971e-02
2.683776815683813766e-02
2.857104466966120526e-02
3.063584361916582566e-02
3.304296314854582306e-02
3.580796860478585586e-02
3.895136220671702176e-02
4.249798435375851113e-02
4.647572767316887621e-02
5.091368155353848124e-02
5.583974700493854471e-02
6.127761322022706736e-02
6.360559868608106626e-02
5.775906348026182968e-02
5.249200227990513667e-02
4.775024719856446609e-02
4.348950655003136490e-02
3.967686496798705775e-02
3.628875024696753826e-02
3.330739491866552271e-02
3.071755470591597259e-02
2.850457611202728003e-02
2.665409850305877626e-02
2.515299215519917198e-02
2.399075868379441090e-02
2.316060536031727679e-02
2.265968955907737836e-02
2.248845366921159439e-02
2.264937009385903366e-02
2.314563004983938299e-02
2.398030070253298618e-02
2.515625897285644896e-02
2.667689715963206254e-02
2.854731649495079182e-02
3.077558488621434662e-02
3.337368030042853206e-02
3.635794100955536123e-02
3.974909240059787408e-02
4.357210487069096416e-02
4.785614351385447662e-02
5.263466728501953185e-02
5.794536731627886184e-02
6.382922721422801260e-02
6.643820574299752479e-02
6.020057088971952908e-02
5.455480163254833315e-02
4.945626937296765391e-02
4.486759092105785385e-02
4.075985715098795481e-02
3.711080826178658754e-02
3.390191036123724189e-02
3.111593137509771623e-02
2.873589421142241918e-02
2.674548451977898367e-02
2.513037386233918369e-02
2.387964455192559399e-02
2.298660145243047737e-02
2.244862311999895610e-02
2.226615944164223038e-02
2.244134204738656990e-02
2.297679980620159768e-02
2.387514413931057788e-02
2.513927919426350854e-02
2.677334152758703567e-02
2.878383785537153017e-02
3.118052962236106396e-02
3.397681506794469897e-02
3.718970433874346782e-02
4.083979962342709769e-02
4.495183025028381962e-02
4.955612504727469059e-02
5.469093229112331755e-02
6.040483289962139679e-02
6.675784866365574999e-02
6.964207905821240274e-02
6.299163214771397179e-02
5.695105009181133937e-02
5.148416757219820283e-02
4.655901680416718591e-02
4.214916604178142734e-02
3.823243894476036076e-02
3.478882610033906531e-02
3.179898104826861527e-02
2.924396516755223274e-02
2.710615482283174060e-02
2.537069650861667469e-02
2.402673551841871813e-02
2.306783682433888316e-02
2.249143701556022279e-02
2.229761207490810193e-02
2.248772922757780179e-02
2.306356911503826268e-02
2.402726125728804618e-02
2.538199022455955856e-02
2.713308204511122312e-02
2.928892144700512290e-02
3.186127882509026676e-02
3.486499570863088593e-02
3.831744923263613600e-02
4.223857497891003732e-02
4.665227047735243104e-02
5.158962788846110925e-02
5.709367775398277445e-02
6.322436768004990881e-02
7.006164527319924673e-02
7.322014942019450245e-02
6.613955158718454186e-02
5.969220240694994573e-02
5.384886156934953760e-02
4.858119247001013719e-02
4.386358196279616095e-02
3.967271353212709073e-02
3.598649806190223899e-02
3.278351847438898403e-02
3.004344853980001062e-02
2.774823550498695113e-02
2.588342632589046843e-02
2.443897066768840887e-02
2.340910956627340056e-02
2.279140195241780020e-02
2.258534206703188829e-02
2.279119949162122793e-02
2.340960640140110627e-02
2.444205566644086502e-02
2.589203850402554963e-02
2.776622333840350620e-02
3.007503597655158956e-02
3.283229351109184790e-02
3.605408969269774389e-02
3.975771686418738682e-02
4.396177969829295762e-02
4.868858093595918035e-02
5.396924460092122899e-02
5.985097593566024443e-02
6.640461188817425864e-02
7.372957640654931311e-02
7.719017370709480019e-02
6.966283722795196809e-02
6.279705383894906845e-02
5.656898563574941363e-02
5.095223126591008622e-02
4.592045452045567799e-02
4.144807877310086042e-02
3.751039419876178727e-02
3.408397541534213815e-02
3.114767169790866319e-02
2.868387294802232645e-02
2.667947826921590604e-02
2.512606479649548419e-02
2.401910286425845698e-02
2.335650621898821555e-02
2.313713330659084022e-02
2.335991342260967940e-02
2.402401404106058180e-02
2.513000180078961421e-02
2.668146217729372438e-02
2.868626815870811697e-02
3.115677408095507417e-02
3.410868610080797225e-02
3.755907956838200334e-02
4.152473010253743269e-02
4.602229329975671135e-02
5.107165441768302117e-02
5.670291185379028320e-02
6.296609059609181713e-02
6.994116551595652709e-02
7.774477206976371235e-02
8.158346254731441149e-02
7.358927729092101799e-02
6.628903297587385168e-02
5.966340473423770163e-02
5.368682285916293040e-02
4.833114596658560913e-02
4.356767982062592637e-02
3.936859530040237587e-02
3.570836572180269286e-02
3.256528834936034400e-02
2.992272655865235720e-02
2.776957694004522637e-02
2.609966023919696454e-02
2.491014795305090956e-02
2.419956903031561524e-02
2.396618258535454515e-02
2.420741950299998280e-02
2.492069124673434999e-02
2.610528266450273804e-02
2.776451853969774675e-02
2.990716951717331540e-02
3.254728401225293055e-02
3.570229135584668256e-02
3.939011095462774392e-02
4.362681153179437388e-02
4.842672156519256532e-02
5.380655512090015691e-02
5.979402195862348890e-02
6.643974561666254885e-02
7.382954436525324127e-02
8.209278223012006492e-02
8.643780470447381958e-02
7.795066312883136561e-02
7.019234166637033923e-02
6.314839765127544524e-02
5.679411960409197491e-02
5.109933497988095041e-02
4.603186053282115608e-02
4.156033703293360304e-02
3.765677474802942015e-02
3.429866695296368562e-02
3.147023561541573144e-02
2.916239119076635689e-02
2.737131191315711476e-02
2.609602813936362509e-02
2.533582340583961923e-02
2.508841975941322744e-02
2.534969369116879534e-02
2.611511506256647408e-02
2.738239683822030202e-02
2.915427054176689126e-02
3.144011670337931719e-02
3.425552279804833233e-02
3.761967237915087026e-02
4.155152643943438306e-02
4.606667811094666831e-02
5.117713468825968448e-02
5.689583934417896671e-02
6.324645440963649889e-02
7.027703846324584447e-02
7.807425404826062731e-02
8.677325895996546024e-02
9.178638092907931423e-02
8.277575797364988830e-02
7.452845889383752365e-02
6.703702378854359267e-02
6.027920363794692094e-02
5.422379833180457354e-02
4.883551632701710332e-02
4.407928829823504202e-02
3.992405480857996736e-02
3.634565196261974052e-02
3.332825331199273933e-02
3.086399164749309421e-02
2.895083887779037468e-02
2.758938669649069197e-02
2.677960551409341861e-02
2.651874884395510890e-02
2.680123093159636483e-02
2.762060251370712649e-02
2.897292199668299872e-02
3.086018086287367623e-02
3.329226525602280162e-02
3.628637653855548706e-02
3.986380544120038394e-02
4.404517596049117856e-02
4.884631557251850609e-02
5.427732599491719157e-02
6.034693896890530596e-02
6.707281120998231927e-02
7.449633022588386666e-02
8.269831469579003169e-02
9.181036987001789385e-02
9.764488273731330992e-02
8.808277674052078510e-02
7.931351752449700143e-02
7.134062976274435641e-02
6.414774036420567427e-02
5.770511657374299830e-02
5.197575546208099695e-02
4.692117165541276336e-02
4.250658930504869204e-02
3.870489155997347552e-02
3.549861642022733577e-02
3.287958988585160114e-02
3.084637785104860086e-02
2.940040836074331310e-02
2.854209152610565070e-02
2.826832924438349437e-02
2.857237375246768352e-02
2.944616426793800201e-02
3.088431592732376885e-02
3.288819780391349923e-02
3.546833667860482819e-02
3.864386677923903335e-02
4.243882640457741218e-02
4.687646994625538355e-02
5.197393853813991882e-02
5.774014559210627340e-02
6.417926144877128536e-02
7.130069014783657622e-02
7.913422589763285941e-02
8.774672802064742427e-02
9.725488468984622159e-02
1.039986587675230112e-01
9.387171086927992292e-02
8.455561626578855794e-02
7.607056324377481360e-02
6.841120097396924393e-02
6.155332125945278676e-02
5.546082645196293015e-02
5.009289214194723172e-02
4.541071837411436718e-02
4.138290511582454201e-02
3.798848535006982274e-02
3.521706614446884487e-02
3.306626148514624219e-02
3.153739847766701132e-02
3.063104570537689142e-02
3.034400175783957820e-02
3.066890148875245359e-02
3.159666823376028333e-02
3.312094859757053200e-02
3.524280843339511193e-02
3.797368369305331726e-02
4.133504992933012545e-02
4.535441615098534385e-02
5.005873804293514695e-02
5.546767411306063877e-02
6.158976942515437258e-02
6.842428165418823482e-02
7.596990777528844774e-02
8.423941283308522543e-02
9.327670146149102948e-02
1.031709392350421695e-01
1.107909657453092223e-01
1.001159377096882963e-01
9.025004945124237565e-02
8.123688357409264427e-02
7.308857678981439676e-02
6.579189587864675559e-02
5.931556643554358743e-02
5.361859346976416418e-02
4.865866922864370281e-02
4.439933814046526095e-02
4.081459883582283510e-02
3.789012735251162667e-02
3.562117844376189169e-02
3.400818227601121180e-02
3.305176166941237170e-02
3.274907062404963654e-02
3.309288686432410032e-02
3.407388800223998260e-02
3.568532045483152615e-02
3.792825260552490363e-02
4.081517801205336582e-02
4.437012206017243443e-02
4.862455244256125297e-02
5.360997575917281210e-02
5.934960351805784740e-02
6.585233537498424994e-02
7.311213277125716559e-02
8.111453118453937350e-02
8.984982292122367653e-02
9.932990620563941775e-02
1.096036914225351211e-01
1.179128675321408082e-01
1.067523320029977185e-01
9.637042373378790217e-02
8.684096208116898197e-02
7.820064317547803512e-02
7.045363689394434914e-02
6.357862084951193538e-02
5.753790903781919042e-02
5.228749974321544869e-02
4.778630853706999915e-02
4.400281845755671384e-02
4.091793455609149532e-02
3.852384016045107273e-02
3.681980025976372417e-02
3.580676058663812000e-02
3.548291870538378134e-02
3.584204385242628632e-02
3.687528544105589390e-02
3.857586384128808277e-02
4.094482609798433259e-02
4.399542646751797292e-02
4.775392479496076703e-02
5.225568635978561360e-02
5.753711384113557870e-02
6.362562341928423848e-02
7.053100408847967628e-02
7.824160643258437631e-02
8.672771883675522986e-02
9.595239594273152761e-02
1.058874446905520017e-01
1.165299836834492453e-01
1.251953805137873132e-01
1.136698550380970119e-01
1.028549569959977816e-01
9.286060041586097213e-02
8.375481300845422084e-02
7.556594989409859409e-02
6.828868918000807753e-02
6.189348546558903763e-02
5.633807786580291577e-02
5.157889768088352866e-02
4.758008402586710872e-02
4.431838591335690580e-02
4.178336529912485275e-02
3.997367390638828510e-02
3.889131987307337113e-02
3.853637892370898044e-02
3.890432825846801279e-02
3.998715185571199981e-02
4.177789345703786239e-02
4.427690949796669884e-02
4.749719637675298145e-02
5.146618191247398499e-02
5.622234627753641689e-02
6.180671772699497524e-02
6.825115760329936165e-02
7.556678591708987369e-02
8.373637067734307493e-02
9.271374429226852953e-02
1.024314263474934705e-01
1.128150956221816159e-01
1.238010780291460833e-01
1.324051022411367740e-01
1.206981515110783221e-01
1.095895849184671533e-01
9.922922977466441807e-02
8.972196050217462471e-02
8.112669804859251599e-02
7.346060076861249399e-02
6.670824237835404347e-02
6.083420719687637757e-02
5.579653692984720692e-02
5.155817467675660737e-02
4.809410053258034168e-02
4.539309881147346459e-02
4.345467435541650048e-02
4.228305039760016371e-02
4.188097269161517033e-02
4.224593933031428605e-02
4.337047904027713230e-02
4.524651768497278681e-02
4.787221236711047823e-02
5.125846008195367176e-02
5.543203197066759458e-02
6.043309470624080859e-02
6.630656370953147416e-02
7.308879212087049382e-02
8.079288175940746441e-02
8.939680565799790202e-02
9.883817876584544138e-02
1.090179133120727784e-01
1.198125275730035355e-01
1.310922219590793247e-01
1.392453907008075475e-01
1.275993975391429558e-01
1.163919985133361479e-01
1.058138914168011979e-01
9.601020085528944037e-02
8.707560495759025798e-02
7.905600460799178109e-02
7.195674484273695271e-02
6.575572819656372303e-02
6.041848763106827391e-02
5.591181206455075881e-02
5.221300974562836927e-02
4.931323058008274529e-02
4.721505808947767946e-02
4.592627804595394991e-02
4.545280048341737711e-02
4.579380255427167867e-02
4.694122134105782607e-02
4.888403819859377109e-02
5.161589503904906451e-02
5.514308895908470731e-02
5.948943074736234848e-02
6.469506337316488498e-02
7.080799791037861723e-02
7.786937003038474359e-02
8.589557326808971993e-02
9.486180003932531690e-02
1.046916386076190975e-01
1.152561132303162594e-01
1.263831995875079883e-01
1.378760272745012117e-01
6.037885235741669021e-02
6.090003764234097616e-02
6.082768696114726481e-02
6.035695582500011369e-02
5.967386161137255840e-02
5.893635350093973102e-02
5.826131842331960797e-02
5.771884832120122155e-02
5.733389762281149160e-02
5.709428043019215693e-02
5.696299109195024357e-02
5.689224758043565089e-02
5.683655805705711828e-02
5.676252699549877434e-02
5.665397174198005814e-02
5.651205262347502867e-02
5.635128610947504058e-02
5.619324681720172521e-02
5.606022522079001646e-02
5.597095120765516185e-02
5.593971394000618602e-02
5.597897227880821447e-02
5.610417221487296047e-02
5.633835461003400269e-02
5.671362654811673565e-02
5.726692332154925680e-02
5.802873369316330354e-02
5.900538079731632024e-02
6.015760050900098577e-02
6.137998059739402379e-02
6.248678051247225085e-02
5.837539206049768836e-02
5.863065336916406523e-02
5.841462457419765997e-02
5.787601185147650540e-02
5.715953716298827203e-02
5.639184595975166303e-02
5.567113999677530956e-02
5.506161572020573658e-02
5.459305819886139943e-02
5.426517390606022673e-02
5.405554901608411456e-02
5.392960431890969630e-02
5.385067362567497185e-02
5.378842270329187158e-02
5.372426099347649142e-02
5.365311533023486845e-02
5.358179946142627159e-02
5.352503024369070772e-02
5.350069195219475660e-02
5.352606143969751429e-02
5.361628966102216509e-02
5.378555806191798183e-02
5.405019518548215274e-02
5.443197826616597013e-02
5.495920607063453645e-02
5.566320030038696132e-02
5.656878108493401669e-02
5.767885199384181760e-02
5.895517222643320565e-02
6.029919386332949216e-02
6.153796039416192798e-02
5.683567806340761308e-02
5.668979770234727766e-02
5.622509131899278145e-02
5.554338405681846780e-02
5.474562548442918342e-02
5.392291795806158916e-02
5.314925550146654132e-02
5.247676195358508267e-02
5.193391894135857001e-02
5.152689950136846164e-02
5.124369393433880759e-02
5.106028893806069391e-02
5.094780856143188430e-02
5.087934316088649211e-02
5.083525417921919143e-02
5.080608333446434699e-02
5.079277191907749511e-02
5.080458603788429173e-02
5.085575347675330704e-02
5.096215386311087059e-02
5.113930550669465447e-02
5.140233747306410805e-02
5.176773044968285831e-02
5.225562006444306462e-02
5.289070875460311072e-02
5.369964575265839812e-02
5.470329179433974787e-02
5.590356341053848155e-02
5.726629767468693899e-02
5.870334606470350991e-02
6.005838196165314002e-02
5.579763981904761749e-02
5.514880767532304162e-02
5.434897838767938083e-02
5.345470979500532849e-02
5.252331698920897907e-02
5.160895040808100021e-02
5.075860608303628396e-02
5.000855994057928910e-02
4.938180073713738238e-02
4.888700668925594073e-02
4.851942942241294077e-02
4.826371734634449240e-02
4.809828726229170570e-02
4.800045080901327310e-02
4.795125651708076475e-02
4.793902431720198365e-02
4.796087242721114308e-02
4.802209861009032466e-02
4.813392131381988293e-02
4.831059403750259662e-02
4.856707215822098078e-02
4.891812637742987135e-02
4.937909346244850894e-02
4.996753098794215475e-02
5.070420901620309451e-02
5.161146569571428699e-02
5.270722011982797994e-02
5.399394005416979780e-02
5.544342165740090422e-02
5.697997695165213372e-02
5.846603043823961343e-02
5.522718091469869250e-02
5.401431800783029757e-02
5.281946938339387998e-02
5.165755454709142214e-02
5.054501400991284754e-02
4.950050446677778382e-02
4.854400604199327063e-02
4.769457841121038655e-02
4.696739509290637216e-02
4.637093931341951247e-02
4.590526807805872522e-02
4.556200313709268812e-02
4.532624206331092864e-02
4.518001527867454570e-02
4.510643164758221246e-02
4.509341336142824730e-02
4.513603455325210234e-02
4.523692348720942391e-02
4.540484050176019082e-02
4.565217309027502779e-02
4.599245525150763569e-02
4.643894547734817024e-02
4.700475935078429757e-02
4.770419094620592659e-02
4.855396144284895854e-02
4.957255511635594303e-02
5.077583385082107270e-02
5.216789133601196227e-02
5.372750677497606375e-02
5.539225687402904441e-02
5.704385372223441664e-02
5.503754187066078885e-02
5.324191914678522153e-02
5.162225703588774195e-02
5.015717029891675338e-02
4.882724682374828262e-02
4.761961365875322372e-02
4.652966122830548557e-02
4.555998784508119570e-02
4.471725006806082092e-02
4.400806555986491730e-02
4.343528148274344858e-02
4.299573782373045105e-02
4.268015932575508486e-02
4.247513289919879753e-02
4.236647487414302304e-02
4.234287145845883060e-02
4.239862649956194218e-02
4.253470583171292674e-02
4.275790717201743973e-02
4.307868857540597674e-02
4.350868692381482106e-02
4.405904006671335083e-02
4.474021196710964432e-02
4.556321596828638576e-02
4.654120131999661680e-02
4.768966933170304401e-02
4.902344069159880746e-02
5.054907891735638259e-02
5.225273750329506584e-02
5.408504592560348101e-02
5.594622479929967085e-02
5.511823841789009748e-02
5.275934916699043242e-02
5.071391170076822164e-02
4.893075470681651495e-02
4.736125682484271238e-02
4.596681835391791537e-02
4.472249928858218482e-02
4.361681820591911674e-02
4.264847953709249850e-02
4.182137820680509321e-02
4.113947361111058854e-02
4.060297139039903414e-02
4.020673187551437877e-02
3.994108365986903664e-02
3.979447143319703173e-02
3.975683460703294259e-02
3.982246828491042834e-02
3.999140084306418430e-02
4.026894366870692465e-02
4.066380018230120186e-02
4.118569416459649801e-02
4.184365333549067145e-02
4.264575766137568280e-02
4.360040823939925758e-02
4.471823895892157452e-02
4.601302553510322468e-02
4.749968597934639547e-02
4.918791538057121215e-02
5.107114161182835232e-02
5.311207638487758231e-02
5.522772853646529256e-02
5.536632652547268663e-02
5.249286575508449459e-02
5.004389294663269538e-02
4.794554021918884246e-02
4.612745742724655429e-02
4.453212767475633882e-02
4.311960634913702961e-02
4.186772790671966504e-02
4.076866844843607396e-02
3.982336653280071914e-02
3.903555829310789704e-02
3.840701642548083328e-02
3.793504567875061184e-02
3.761251811920374166e-02
3.742995080028777011e-02
3.737855642430076841e-02
3.745300984155619517e-02
3.765291726995201316e-02
3.798256745358230546e-02
3.844926626334199682e-02
3.906115082463657018e-02
3.982559102769300807e-02
4.074901646890793927e-02
4.183829912471992429e-02
4.310290981175057823e-02
4.455628477353457129e-02
4.621451809725840576e-02
4.809085502802190604e-02
5.018550632257756661e-02
5.247181239701603772e-02
5.488135093764867634e-02
5.571219589637621539e-02
5.238977613407769240e-02
4.957394906614354113e-02
4.717522413648111979e-02
4.510906378345680423e-02
4.330600919274729677e-02
4.171671812946442515e-02
4.031211976871418301e-02
3.907972968772810418e-02
3.801774361090792809e-02
3.712872355026775040e-02
3.641448008420411497e-02
3.587319480175210629e-02
3.549906404987268616e-02
3.528398795788234565e-02
3.522028048610081896e-02
3.530319657875224948e-02
3.553230586658173706e-02
3.591129839696804993e-02
3.644649544548883568e-02
3.714489760750439018e-02
3.801281518644827884e-02
3.905587389999709558e-02
4.028052947433025111e-02
4.169636006918153726e-02
4.331765257393271895e-02
4.516247303581621964e-02
4.724771736346156104e-02
4.957959956300328486e-02
5.214044385684246663e-02
5.487413661285245325e-02
5.613378682937764097e-02
5.243153291394264670e-02
4.928985199785529403e-02
4.661022508935275255e-02
4.430088636763684917e-02
4.228686015630955808e-02
4.051461240305798128e-02
3.895176571677438915e-02
3.758310304328915663e-02
3.640455464847036637e-02
3.541695124113175552e-02
3.462104345999250654e-02
3.401470600329048466e-02
3.359251901565585285e-02
3.334722759791475255e-02
3.327211098985571880e-02
3.336316223794710822e-02
3.362022029250510968e-02
3.404671749194676522e-02
3.464832546342222486e-02
3.543127434932102915e-02
3.640128950246435124e-02
3.756384190273820423e-02
3.892579054809175432e-02
4.049770472283853451e-02
4.229547020713653183e-02
4.433949007034243550e-02
4.665007813673582859e-02
4.923852139108930714e-02
5.209458068793537677e-02
5.517256588746022317e-02
5.665659473015693948e-02
5.263490145171090262e-02
4.920316695279325359e-02
4.625966117782809306e-02
4.371132939013477881e-02
4.148304964837734587e-02
3.952140099318057764e-02
3.779368668620008975e-02
3.628362309791555163e-02
3.498542424495099112e-02
3.389795944713114295e-02
3.302028881080332212e-02
3.234928634265088476e-02
3.187939051713328809e-02
3.160393848520470783e-02
3.151718062144936994e-02
3.161602436921384651e-02
3.190081711909442674e-02
3.237495486791885924e-02
3.304363935058063362e-02
3.391249818560027052e-02
3.498688527179183438e-02
3.627241751382825896e-02
3.777673338663589675e-02
3.951176376358489506e-02
4.149521655563148670e-02
4.374975243445078377e-02
4.629860935619944939e-02
4.915723408339545131e-02
5.232162990341748809e-02
5.575533643741437118e-02
5.734101451980677666e-02
5.304246252217126312e-02
4.934411542490124702e-02
4.614592938014538959e-02
4.335825774069235194e-02
4.090987974814197514e-02
3.875061061262385920e-02
3.684954394884698559e-02
3.519050425347813871e-02
3.376642716830247082e-02
3.257418186694849283e-02
3.161088151318836026e-02
3.087213258913834579e-02
3.035208012806833722e-02
3.004465405319933780e-02
2.994519825369934551e-02
3.005170984033611603e-02
3.036520193018077407e-02
3.088913085412059445e-02
3.162825791514478624e-02
3.258759568234381732e-02
3.377210686630860437e-02
3.518754440483462531e-02
3.684230967883195262e-02
3.874961529072606936e-02
4.092877410948858596e-02
4.340428948398766806e-02
4.620170804173540091e-02
4.933990632798668230e-02
5.282047010405221954e-02
5.661584165227395715e-02
5.826214871649426641e-02
5.370688860875816317e-02
4.974939283056301065e-02
4.629523809853708372e-02
4.326158949515956920e-02
4.058379120760946535e-02
3.821676078587188385e-02
3.613252188733895309e-02
3.431557496696768794e-02
3.275776719601708464e-02
3.145396499894559383e-02
3.039928484213305637e-02
2.958805584785295650e-02
2.901418932742672041e-02
2.867232244898332283e-02
2.855902327792136930e-02
2.867348544896231033e-02
2.901744565679109655e-02
2.959442352039332036e-02
3.040869914548238739e-02
3.146459884010255337e-02
3.276659551738703158e-02
3.432043588509259280e-02
3.613506336841965094e-02
3.822463514916307759e-02
4.060959687376453076e-02
4.331571696820901707e-02
4.637026404634525534e-02
4.979511610144982114e-02
5.359739067716873251e-02
5.775898892079567304e-02
5.948902486306906212e-02
5.467497379140695557e-02
5.045008530760242138e-02
4.672851708892267197e-02
4.343640811566729099e-02
4.051703295226616319e-02
3.793110928563692141e-02
3.565381919906940311e-02
3.367031076231796760e-02
3.197123444260796532e-02
3.054937858905759640e-02
2.939786501519847661e-02
2.850981284063891508e-02
2.787898979659075849e-02
2.750080850455560721e-02
2.737308070209110156e-02
2.749617006338667125e-02
2.787248936510877684e-02
2.850558696081861854e-02
2.939926085491606500e-02
3.055717866118357051e-02
3.198333877480763476e-02
3.368342197063611820e-02
3.566671289081568830e-02
3.794793523593398277e-02
4.054813573020510375e-02
4.349376421032502549e-02
4.681335590521484846e-02
5.053169738584983861e-02
5.466194999644358177e-02
5.919677946121737477e-02
6.106968605581641896e-02
5.597683805353881326e-02
5.146419442826299928e-02
4.745645417824562173e-02
4.388973894310765900e-02
4.071548458523466252e-02
3.789992806923692115e-02
3.542090226801519748e-02
3.326370278773538303e-02
3.141743406013119966e-02
2.987264824696467258e-02
2.862046093287062831e-02
2.765282635300536640e-02
2.696338042733259499e-02
2.654823661578120664e-02
2.640629276720574126e-02
2.653889402063214220e-02
2.694898949994239956e-02
2.764013391060871072e-02
2.861576737632276490e-02
2.987913603283232078e-02
3.143402767818770371e-02
3.328622827211802360e-02
3.544533744752698112e-02
3.792637526566977613e-02
4.075052339248941280e-02
4.394440541000221856e-02
4.753751701446162770e-02
5.155773137448704801e-02
5.602516931412537815e-02
6.094506339104555082e-02
6.302607759516831720e-02
5.762334935025137383e-02
5.279604452152852900e-02
4.848031386245565955e-02
4.462220834102481604e-02
4.118060877044626977e-02
3.812624848615087103e-02
3.543860442368895747e-02
3.310235295066377148e-02
3.110461581673007458e-02
2.943356580726685934e-02
2.807833955012029037e-02
2.702977192529942840e-02
2.628131068922812119e-02
2.582956371043110266e-02
2.567419434490147978e-02
2.581719928639358841e-02
2.626185146436910145e-02
2.701171970329596661e-02
2.807014529753359966e-02
2.944040962756844237e-02
3.112661165869212709e-02
3.313506395716103725e-02
3.547585859996615909e-02
3.816418333008186892e-02
4.122097782237688079e-02
4.467259968805592507e-02
4.854928202257724479e-02
5.288228613335377304e-02
5.769976971077994676e-02
6.302149753719277214e-02
6.535900146900530672e-02
5.961154878605157137e-02
5.444192998220387381e-02
4.979757534420059528e-02
4.563344688176584896e-02
4.191439711212296970e-02
3.861412841615674552e-02
3.571250411732762586e-02
3.319277756600058638e-02
3.103976132479147054e-02
2.923928645759588107e-02
2.777871577927726321e-02
2.664793456278857775e-02
2.584019070491194725e-02
2.535234873721492477e-02
2.518443901863065548e-02
2.533869144463096745e-02
2.581843208827194758e-02
2.662724710171460174e-02
2.776869829540373757e-02
2.924667059596686158e-02
3.106623695566668175e-02
3.323479796199535485e-02
3.576323110428347718e-02
3.866683925662073307e-02
4.196597835471038707e-02
4.568629913046606816e-02
4.985851584206102416e-02
5.451751050168240909e-02
5.970043086199439131e-02
6.544332519024465000e-02
6.805995094237005105e-02
6.193494719082082156e-02
5.639891603641444817e-02
5.140936648604110815e-02
4.692833280205377378e-02
4.292460675605980214e-02
3.937304617829795461e-02
3.625260416083619930e-02
3.354446119556087069e-02
3.123107337523833849e-02
2.929629946447676048e-02
2.772625776196946390e-02
2.651032368885353208e-02
2.564172427082667127e-02
2.511744947332772426e-02
2.493752763621159829e-02
2.510397660807939246e-02
2.561984132989891805e-02
2.648865103401476517e-02
2.771442895391373895e-02
2.930216426284459885e-02
3.125851346339914016e-02
3.359248976630624384e-02
3.631602293353353161e-02
3.944445544402697124e-02
4.299718127367668785e-02
4.699862754932837561e-02
5.147958450379519491e-02
5.647852252150187269e-02
6.204211140811821679e-02
6.822382607515464770e-02
7.112455643800785765e-02
6.459403894041315652e-02
5.867266897985246032e-02
5.332601932968827896e-02
4.852077812756760977e-02
4.422731611884955782e-02
4.041974309075158089e-02
3.707491267232398968e-02
3.417153584086918272e-02
3.169000797061016783e-02
2.961296773355570622e-02
2.792619821775588207e-02
2.661934780189767480e-02
2.568608484580181539e-02
2.512359694082988426e-02
2.493165371924987994e-02
2.511163041708641686e-02
2.566587728870217688e-02
2.659763073825160973e-02
2.791139677356113680e-02
2.961352461898059119e-02
3.171262996693258174e-02
3.421967072245024610e-02
3.714776324341073632e-02
4.051213522325269878e-02
4.433077987778233364e-02
4.862628173941629939e-02
5.342887552251340821e-02
5.878015534017322352e-02
6.473613886646489846e-02
7.136786456248955801e-02
7.456229658691881923e-02
6.760272371047904016e-02
6.128090728816459887e-02
5.556806948879966512e-02
5.043292618029227015e-02
4.584503053774824366e-02
4.177593538224755321e-02
3.819938885681040119e-02
3.509147105069132522e-02
3.243107318485272117e-02
3.020063882649992593e-02
2.838680147760896944e-02
2.698053792846621946e-02
2.597667173176887445e-02
2.537286886217771098e-02
2.516851764448801987e-02
2.536395156130311079e-02
2.596032282235682942e-02
2.696013100285199471e-02
2.836808824940817431e-02
3.019181982926966157e-02
3.244195656770898495e-02
3.513148910496965982e-02
3.827471754266298376e-02
4.188655998586909845e-02
4.598317089948977809e-02
5.058461202406761004e-02
5.571968237472901819e-02
6.143207072818768211e-02
6.778599965582543518e-02
7.486881034265024937e-02
7.839892527681513457e-02
7.098827504341898020e-02
6.425115229558286956e-02
5.816220866290677804e-02
5.268985562543093693e-02
4.780075332928390708e-02
4.346237384197593201e-02
3.964456082212564070e-02
3.632071720858220942e-02
3.346882801452011336e-02
3.107217006254359148e-02
2.911941922502592206e-02
2.760397736528830137e-02
2.652262173432973213e-02
2.587388632673537359e-02
2.565675004370859824e-02
2.587013789707270917e-02
2.651343449178966694e-02
2.758778085626545362e-02
2.909755129439872690e-02
3.105126144328096416e-02
3.346134808634815272e-02
3.634276101001887582e-02
3.971095684937608894e-02
4.358044457330834121e-02
4.796523376171535347e-02
5.288221547743887641e-02
5.835763523191417335e-02
6.443558098635548959e-02
7.118613205057044979e-02
7.870991401705396129e-02
8.267091945253923768e-02
7.478516061382833868e-02
6.761397038644645363e-02
6.113409437966765836e-02
5.531217574025504291e-02
5.011063293750339653e-02
4.549182614209712483e-02
4.142111086730437819e-02
3.786911875431542285e-02
3.481327699591929559e-02
3.223836600955110043e-02
3.013593112882517744e-02
2.850260350351163652e-02
2.733773795625893399e-02
2.664106963857193477e-02
2.641116330414661206e-02
2.664521318001789041e-02
2.734027518090442754e-02
2.849545230492367409e-02
3.011411877560021821e-02
3.220515904649801087e-02
3.478252008062554523e-02
3.786306099755165633e-02
4.146353136093239300e-02
4.559820236499945167e-02
5.027891104509762954e-02
5.551885302065784344e-02
6.134037795072799781e-02
6.778552430478157476e-02
7.492648376182842185e-02
8.287210283515378251e-02
8.741402375471807318e-02
7.902528472641279222e-02
7.139474220184638398e-02
6.450142943504033610e-02
5.831017666969273705e-02
5.277894242135516834e-02
4.786466085897700395e-02
4.352787132484081667e-02
3.973616584153205622e-02
3.646625845067319460e-02
3.370441550032410305e-02
3.144515962048899382e-02
2.968853877791843843e-02
2.843667940942395944e-02
2.769063281448325142e-02
2.744851156057848129e-02
2.770554370908939745e-02
2.845603091191151179e-02
2.969648844373296015e-02
3.142873227079689968e-02
3.366159468896512408e-02
3.641037905435950961e-02
3.969403523478831630e-02
4.353107803763123229e-02
4.793611547484033508e-02
5.291914687404641882e-02
5.848930482534342445e-02
6.466345746321167098e-02
7.147832385999208782e-02
7.900295606441432028e-02
8.734717008474035538e-02
9.264963469649956096e-02
8.372819340002024546e-02
7.560736126561096171e-02
6.827062356114765862e-02
6.168278152563289041e-02
5.579857769043883309e-02
5.057014958219951950e-02
4.595325617447088007e-02
4.191200135392136872e-02
3.842162672481208574e-02
3.546901174195227213e-02
3.305084985186113045e-02
3.116998844416229986e-02
2.983094176124723163e-02
2.903589371453563217e-02
2.878243044688133523e-02
2.906374403028166853e-02
2.987124015089648310e-02
3.119862220046343282e-02
3.304591407686530147e-02
3.542178620955382939e-02
3.834306453245517332e-02
4.183132774051045999e-02
4.590773010022530798e-02
5.058820122485485626e-02
5.588156422800238943e-02
6.179262044133793097e-02
6.833087489303579787e-02
7.552361384887262830e-02
8.343001665161864366e-02
9.215151314674585592e-02
9.837283000797469867e-02
8.889413877477636561e-02
8.025200223710271530e-02
7.243859728987445123e-02
6.542246385561156785e-02
5.915802142135362374e-02
5.359438136474636849e-02
4.868311189056839794e-02
4.438436848613491748e-02
4.067069273696688469e-02
3.752795078435156029e-02
3.495335471961880103e-02
3.295117558445781469e-02
3.152739268807636108e-02
3.068488473218167201e-02
3.042066788111696951e-02
3.072608714319358114e-02
3.158991239070019219e-02
3.300326952739851549e-02
3.496460330279660411e-02
3.748271617223508656e-02
4.057647980607725913e-02
4.427096389099460794e-02
4.859113623388111591e-02
5.355549092382716481e-02
5.917249507183441892e-02
6.544231434418179560e-02
7.236486102692651912e-02
7.995310715932646417e-02
8.824837531892626430e-02
9.733263396219626884e-02
1.045444868432241492e-01
9.450103231165485340e-02
8.531677096652856562e-02
7.699857766419881955e-02
6.952431422632798785e-02
6.285260104141343618e-02
5.693256170434324304e-02
5.171296912794787204e-02
4.714990125376061769e-02
4.321189635811606422e-02
3.988182591456279624e-02
3.715529136206896510e-02
3.503616447233071085e-02
3.353066910494817421e-02
3.264185964872012846e-02
3.236628182094136719e-02
3.269394851486140396e-02
3.361168781157175545e-02
3.510874019229959231e-02
3.718259453034988837e-02
3.984279641190369148e-02
4.311099687947717030e-02
4.701673251565807732e-02
5.158999685681919800e-02
5.685306734903861070e-02
6.281478408709517680e-02
6.947018423079498461e-02
7.680702311017739703e-02
8.481854397041388438e-02
9.351946139122446766e-02
1.029602080216136528e-01
1.110878846498053463e-01
1.005041268185777881e-01
9.078069364841212519e-02
8.194622374230675632e-02
7.399479639843775658e-02
6.689513406854530331e-02
6.060069080376706552e-02
5.505990363235468976e-02
5.022543225913977949e-02
4.606102015441138064e-02
4.254484519333345816e-02
3.966890209176199278e-02
3.743491524801356718e-02
3.584822762331896229e-02
3.491171775567636359e-02
3.462181510894879466e-02
3.496803575308149448e-02
3.593629816714383196e-02
3.751494472271588165e-02
3.970132700214890065e-02
4.250640299051156035e-02
4.595524657634086907e-02
5.008261728016805137e-02
5.492443748516961932e-02
6.050764300653099781e-02
6.684185001176956575e-02
7.391620827229417046e-02
8.170356938398981583e-02
9.017193708677950781e-02
9.930064401305571664e-02
1.090965411960951315e-01
1.178884180440036289e-01
1.068357798899342015e-01
9.661422132012376096e-02
8.728126285677717533e-02
7.885462671129062073e-02
7.131993543225689791e-02
6.464042797324509593e-02
5.876791423906979617e-02
5.365354385867249221e-02
4.925663468293350888e-02
4.554998880939820083e-02
4.252084594827465480e-02
4.016771567603427684e-02
3.849446754520613467e-02
3.750386207957490114e-02
3.719287332205567509e-02
3.755156781699042767e-02
3.856609711783676175e-02
4.022488409373181639e-02
4.252581308355729561e-02
4.548162125411181478e-02
4.912099861576280091e-02
5.348411886370740831e-02
5.861312049728439888e-02
6.453989512601765455e-02
7.127480514918715926e-02
7.880017123170546256e-02
8.707134817177575314e-02
9.602613067636411870e-02
1.056006235771747015e-01
1.157473088383085269e-01
1.247943213736562029e-01
1.134025888231917634e-01
1.027738976495129464e-01
9.300068266747985035e-02
8.413131495399284177e-02
7.617534999417330255e-02
6.911208326073392527e-02
6.290168163377529709e-02
5.749726762496720767e-02
5.285580293093516957e-02
4.894569169300666545e-02
4.574975245122914203e-02
4.326342061813193141e-02
4.148938549678859999e-02
4.043090556206152542e-02
4.008641789278044598e-02
4.044758825602912111e-02
4.150173632842779625e-02
4.323796554308501072e-02
4.565484121212648461e-02
4.876660368518059840e-02
5.260501576231035870e-02
5.721507233783995616e-02
6.264466169977822574e-02
6.893031816889561014e-02
7.608279257374306326e-02
8.407673900956069701e-02
9.284809066139132483e-02
1.023007774545021675e-01
1.123217942608789599e-01
1.228009856113203568e-01
1.316168939943054284e-01
1.200786446572692512e-01
1.091900370856819791e-01
9.908229683605895843e-02
8.984005974161846098e-02
8.150331685055789421e-02
7.407401664340795833e-02
6.752674339850273100e-02
6.182171606587871793e-02
5.691757363911165157e-02
5.278132941657531774e-02
4.939357276907685446e-02
4.674831073589302832e-02
4.484838907137600472e-02
4.369873270661628339e-02
4.330025982199003920e-02
4.364701464874087833e-02
4.472788391922222218e-02
4.653254684490093496e-02
4.905960192400016240e-02
5.232368507404316915e-02
5.635826531533894013e-02
6.121180144327809103e-02
6.693683446565046324e-02
7.357384361648655613e-02
8.113362037420301931e-02
8.958288645453649224e-02
9.883751474785640312e-02
1.087660132652672473e-01
1.192032976960035739e-01
1.299719098660716554e-01
1.381302847316874249e-01
1.266960795123850403e-01
1.157494424910510133e-01
1.054612971536244004e-01
9.595592815958298161e-02
8.730896274983024341e-02
7.955129362790103187e-02
7.267860804267911590e-02
6.666471371727311634e-02
6.147579910475542420e-02
5.708248971359353163e-02
5.346719223598483950e-02
5.062560513306380017e-02
4.856301556355901994e-02
4.728756409213019651e-02
4.680353377398205339e-02
4.710759701492861495e-02
4.818983184077296755e-02
5.003951389062422095e-02
5.265376789793663193e-02
5.604575013012436102e-02
6.024863858965545660e-02
6.531254060291757924e-02
7.129331931355409324e-02
7.823478025875374442e-02
8.614792993421360734e-02
9.499241518597045797e-02
1.046652879094835953e-01
1.150008111851548165e-01
1.257824432948382309e-01
1.367650682138901175e-01
6.259498134340901743e-02
6.337273214717242809e-02
6.346157638267868606e-02
6.306280386115759029e-02
6.237814634368987754e-02
6.158753312820408610e-02
6.083232155469886493e-02
6.020593711946276017e-02
5.975255618341179797e-02
5.947311080899453373e-02
5.933673187519161729e-02
5.929498142586453469e-02
5.929599405635599396e-02
5.929598244892986258e-02
5.926638928212923929e-02
5.919610168757571955e-02
5.908933584487385815e-02
5.896076459794130642e-02
5.882996694390385528e-02
5.871718170783424284e-02
5.864165704633705900e-02
5.862276909556385363e-02
5.868283601694201934e-02
5.884954646148798929e-02
5.915549310338974465e-02
5.963266412845769082e-02
6.030091417005678522e-02
6.115118714456002635e-02
6.212618884103449091e-02
6.310279032709331659e-02
6.388119867892783077e-02
6.072567762612379738e-02
6.116055625739136303e-02
6.105295456177373126e-02
6.055764996153811808e-02
5.983299754552717786e-02
5.902381791429434088e-02
5.824772902315089596e-02
5.758655387762701139e-02
5.708358530364421313e-02
5.674653968890197575e-02
5.655514377440340468e-02
5.647161843444337137e-02
5.645196824298182037e-02
5.645602813183359103e-02
5.645465106499614194e-02
5.643316821533517214e-02
5.639115618032519706e-02
5.633940213738242164e-02
5.629554824736260343e-02
5.628005530525115319e-02
5.631377893632816267e-02
5.641766605094744591e-02
5.661405512319106492e-02
5.692810449500029790e-02
5.738730048688012175e-02
5.801706744591683673e-02
5.883131003179187246e-02
5.981814827418929781e-02
6.092284061173813825e-02
6.203147029441424820e-02
6.295991866124950320e-02
5.931394754384200496e-02
5.927192542912962381e-02
5.886272119550994830e-02
5.819386193661557627e-02
5.737763347178770346e-02
5.651945531508317799e-02
5.570784151359475800e-02
5.500721974203770515e-02
5.445445093027956318e-02
5.405933796191675356e-02
5.380880257234821329e-02
5.367383874363440555e-02
5.361791596897091949e-02
5.360529877998487791e-02
5.360783510695910081e-02
5.360915398341603577e-02
5.360584092250064714e-02
5.360588843541336246e-02
5.362536511711368803e-02
5.368461497027965379e-02
5.380525363489141455e-02
5.400874365886920714e-02
5.431651533399417531e-02
5.475069131489362917e-02
5.533377956180629553e-02
5.608550301667492022e-02
5.701541119424291537e-02
5.811104641725250985e-02
5.932298752031783806e-02
6.054966632768810086e-02
6.162597781928980112e-02
5.839108368991219322e-02
5.777649718038446736e-02
5.698379032446609926e-02
5.607442223345060484e-02
5.511444923149610986e-02
5.416839756890112767e-02
5.329307038664410356e-02
5.253218307188944891e-02
5.191266987640119623e-02
5.144330786242790055e-02
5.111596286678832257e-02
5.090931205995730124e-02
5.079441832367592724e-02
5.074113101181865204e-02
5.072408235537295695e-02
5.072712418586888816e-02
5.074542332476994488e-02
5.078503273125534179e-02
5.086041967570054112e-02
5.099096204048692016e-02
5.119762304912001127e-02
5.150078590486373287e-02
5.191959874309759471e-02
5.247232809961133171e-02
5.317642813815837144e-02
5.404661529792065267e-02
5.508942732376453932e-02
5.629360390548754367e-02
5.761700855305207369e-02
5.897236871578570572e-02
6.021539071502957086e-02
5.791175450212904252e-02
5.667482342960283859e-02
5.544817950021752040e-02
5.425031494723953074e-02
5.310345134239469189e-02
5.203256148615764687e-02
5.106289942978037288e-02
5.021658110490534455e-02
4.950902690052316757e-02
4.894618350772361737e-02
4.852333580311096739e-02
4.822598770806507673e-02
4.803279615953215398e-02
4.792000003089924576e-02
4.786635415530327009e-02
4.785739805174671346e-02
4.788804355666798074e-02
4.796293510207760846e-02
4.809469344218086917e-02
4.830078604209120385e-02
4.860015263602690538e-02
4.901068702838529134e-02
4.954819998783932533e-02
5.022669310983474134e-02
5.105891993116529193e-02
5.205562093351545627e-02
5.322177855305199046e-02
5.454887303221767070e-02
5.600335397048183950e-02
5.751307687387452461e-02
5.895485352903051535e-02
5.777675395074766129e-02
5.591418996345964842e-02
5.423710762988775969e-02
5.272583277110243216e-02
5.136342405876348494e-02
5.013917213364038616e-02
4.904941287350084167e-02
4.809591552293568384e-02
4.728262168737273896e-02
4.661185591976391152e-02
4.608120391094416846e-02
4.568202499376639025e-02
4.540007265313761309e-02
4.521806261072924826e-02
4.511943490251724143e-02
4.509218314160534646e-02
4.513160532133042580e-02
4.524118195513437968e-02
4.543141347403434338e-02
4.571713583936798386e-02
4.611434008438664023e-02
4.663763998632930452e-02
4.729917933855176670e-02
4.810903377619979437e-02
4.907627821557980496e-02
5.020918830223308760e-02
5.151283542363671586e-02
5.298279518410708988e-02
5.459479881028528325e-02
5.629165599793850561e-02
5.797025518654663756e-02
5.786604906234060763e-02
5.541502126379782567e-02
5.330163650342001347e-02
5.147416126874304609e-02
4.988292107645975193e-02
4.848735982159269042e-02
4.725945138306997251e-02
4.618354007470770739e-02
4.525337665654660668e-02
4.446761899453122169e-02
4.382526656991103664e-02
4.332233954846742563e-02
4.295063038989610504e-02
4.269867203765898012e-02
4.255437482606794219e-02
4.250828560725494754e-02
4.255627867132716347e-02
4.270074220403330401e-02
4.294990354355832096e-02
4.331563511641434161e-02
4.381065210691303946e-02
4.444622305891243741e-02
4.523125433115637861e-02
4.617293032151792431e-02
4.727821037340618204e-02
4.855472550116246566e-02
5.000930099731704104e-02
5.164266999872779706e-02
5.343994584154643235e-02
5.535787334702035878e-02
5.731138495866616722e-02
5.807354821081389673e-02
5.510037396106781671e-02
5.258744871935050469e-02
5.045790376243530773e-02
4.863685471991630038e-02
4.706096839163365075e-02
4.568364332772034686e-02
4.447581264321343042e-02
4.342316604197549168e-02
4.252117011128575541e-02
4.176952556554169860e-02
4.116757465453702025e-02
4.071170116549183149e-02
4.039506525623437483e-02
4.020928219324559905e-02
4.014709498915181030e-02
4.020487080560997128e-02
4.038393660630390514e-02
4.069029209495056421e-02
4.113291317662515212e-02
4.172144009498879313e-02
4.246429768954840256e-02
4.336809526466822717e-02
4.443853274278808385e-02
4.568219244720239658e-02
4.710783169412025018e-02
4.872542661905754358e-02
5.054147909140738193e-02
5.255001264640668523e-02
5.472007179378124420e-02
5.698202484609282692e-02
5.833460327175998827e-02
5.492035202496481361e-02
5.205640659551136196e-02
4.964799950266751694e-02
4.760295470896380721e-02
4.584268888174847234e-02
4.430830207274993882e-02
4.296181119389075320e-02
4.178339719328505453e-02
4.076612714197835885e-02
3.990986417011299636e-02
3.921595367864938453e-02
3.868380632593471091e-02
3.830981167993741110e-02
3.808829251283896156e-02
3.801364473110879771e-02
3.808256639240426011e-02
3.829541625054844189e-02
3.865621105433092453e-02
3.917139410987147130e-02
3.984805721120210364e-02
4.069255394460924435e-02
4.171027595566556556e-02
4.290679931455088081e-02
4.428981921228114516e-02
4.587056405034672935e-02
4.766301808467687806e-02
4.967949920046521584e-02
5.192198059648944763e-02
5.436984723655768903e-02
5.696620140315644676e-02
5.863949943977786461e-02
5.486509596266841982e-02
5.169894450227729976e-02
4.903547536559926812e-02
4.677289471692347433e-02
4.482463591193663888e-02
4.312557680532336235e-02
4.163321830856148154e-02
4.032480733985721599e-02
3.919191815293743275e-02
3.823420234766672365e-02
3.745385515685484279e-02
3.685188028430275153e-02
3.642658197168202605e-02
3.617403880343772471e-02
3.608979539785650559e-02
3.617078177376242820e-02
3.641658864216879010e-02
3.682964110339526087e-02
3.741436546442855615e-02
3.817593140774988569e-02
3.911937545854016207e-02
4.024975992069812492e-02
4.157350912646506913e-02
4.310035404341761023e-02
4.484466133362730034e-02
4.682459660307358718e-02
4.905777658041188261e-02
5.155283765907370253e-02
5.429754803117248230e-02
5.724540860046545276e-02
5.903044961814885028e-02
5.496377902909443947e-02
5.153465813964430708e-02
4.863330522493924946e-02
4.615522280437289737e-02
4.401228456663375255e-02
4.213845386766479351e-02
4.049053784910938703e-02
3.904509260246413760e-02
3.779302041402843315e-02
3.673349550626880955e-02
3.586863698001252487e-02
3.519987674008007161e-02
3.472637076811224688e-02
3.444520682933216449e-02
3.435272886781604029e-02
3.444611869963409845e-02
3.472449569744640030e-02
3.518915873428341001e-02
3.584306204902532045e-02
3.669002186325087678e-02
3.773431909030477982e-02
3.898120934900362045e-02
4.043839379846758675e-02
4.211788174961839104e-02
4.403711511076835450e-02
4.621795982620824361e-02
4.868237370737915626e-02
5.144426562583248597e-02
5.449813794075453188e-02
5.780628385400632396e-02
5.958456915686838329e-02
5.527154270839673700e-02
5.160251750112365698e-02
4.846930366147716995e-02
4.577048308055964299e-02
4.342154052392288577e-02
4.135966393005219288e-02
3.954386049917957280e-02
3.795163629365561064e-02
3.657377289891883265e-02
3.540871183940907940e-02
3.445776662192656659e-02
3.372191459311579820e-02
3.320038169658801053e-02
3.289074720305507071e-02
3.278996280823776033e-02
3.289557632888318039e-02
3.320658188931702171e-02
3.372363047674298286e-02
3.444871785359282512e-02
3.538477202710055280e-02
3.653566602406499442e-02
3.790702094011066947e-02
3.950775566772790626e-02
4.135181779383856338e-02
4.345907172682927921e-02
4.585412647520570317e-02
4.856209222725738073e-02
5.160088323827949353e-02
5.497062291169640957e-02
5.864172246720045223e-02
6.038935878768825205e-02
5.585001294184621656e-02
5.194552863395074382e-02
4.857410785734828096e-02
4.564182833746599499e-02
4.307146857172483578e-02
4.080619338856195100e-02
3.880898598799831234e-02
3.705918220293824561e-02
3.554760004044510424e-02
3.427160532555717509e-02
3.323109606571961194e-02
3.242592647802666761e-02
3.185482806293293834e-02
3.151551427436061203e-02
3.140543942572548985e-02
3.152265748030913528e-02
3.186637347425858025e-02
3.243704738997621462e-02
3.323620073206257075e-02
3.426628362649353221e-02
3.553100017779797781e-02
3.703631645475979894e-02
3.879202804819215089e-02
4.081333899193850812e-02
4.312155065144906985e-02
4.574283408419432817e-02
4.870425568333303090e-02
5.202676465432887198e-02
5.571563002285984112e-02
5.974965338418769534e-02
6.151905296883342089e-02
5.674869515587488422e-02
5.259619322896469384e-02
4.896975561678118538e-02
4.578587689502455760e-02
4.297674348526925314e-02
4.049281735569820739e-02
3.830168875902018044e-02
3.638462198614433873e-02
3.473220734122151043e-02
3.334026489210373256e-02
3.220673065152368508e-02
3.132981168164405972e-02
3.070731555999373086e-02
3.033680641601677053e-02
3.021613794044242240e-02
3.034396174552966841e-02
3.071997033475781791e-02
3.134485268128628377e-02
3.222014178390963934e-02
3.334825427737087011e-02
3.473300187397398986e-02
3.638068756481516175e-02
3.830161114092334174e-02
4.051148356484191027e-02
4.303199676996882772e-02
4.588971474822756136e-02
4.911262454606912797e-02
5.272410748420952586e-02
5.673469661360286409e-02
6.113263613133312901e-02
6.301922268812631955e-02
5.799362562083842931e-02
5.356826674142212141e-02
4.966363419953268021e-02
4.620802139288571198e-02
4.314361132855992764e-02
4.042814973399799783e-02
3.803344244806794450e-02
3.594211577365058474e-02
3.414393939783622045e-02
3.263264929046272300e-02
3.140376087685581297e-02
3.045344816200667992e-02
2.977827201902982779e-02
2.937539528647903353e-02
2.924292075113044120e-02
2.938009416538989171e-02
2.978727566005545668e-02
3.046574861946282908e-02
3.141755921205913182e-02
3.264562184813257772e-02
3.415427300751616713e-02
3.595030725227843504e-02
3.804431319258583244e-02
4.045190219403593801e-02
4.319424788991454989e-02
4.629730253873276524e-02
4.978916774143726798e-02
5.369537742262764368e-02
5.803226432362862397e-02
6.279904068151154206e-02
6.490365891386318253e-02
5.958654882488190196e-02
5.485746591693896335e-02
5.065000114700524136e-02
4.690412245690822601e-02
4.357121407156228088e-02
4.061516583715274464e-02
3.801081754318147432e-02
3.574115139599598479e-02
3.379439055061084218e-02
3.216173739565419964e-02
3.083603292543557473e-02
2.981125364749459550e-02
2.908255243892199360e-02
2.864650041738059372e-02
2.850126125122187659e-02
2.864656477322569117e-02
2.908349199424264953e-02
2.981419092066062149e-02
3.084169475550879724e-02
3.217000451331841759e-02
3.380453599129396025e-02
3.575292505774996243e-02
3.802606086537707597e-02
4.063908106763847172e-02
4.361195731871703174e-02
4.696923787832929520e-02
5.073853238991432590e-02
5.494743111830757698e-02
5.961875221782975132e-02
6.476428492123886826e-02
6.716303030862036394e-02
6.151378728281997610e-02
5.645006740451208316e-02
5.191792453479138203e-02
4.786749624327057973e-02
4.425741239356284495e-02
4.105572008847957477e-02
3.823861397177097388e-02
3.578826359080267139e-02
3.369073083558760118e-02
3.193452922641881742e-02
3.050994750446989201e-02
2.940896151267224923e-02
2.862542921138810925e-02
2.815528716746484861e-02
2.799658565345453098e-02
2.814933381159789860e-02
2.861522819512174465e-02
2.939738043278339319e-02
3.050015039298159536e-02
3.192915139516117051e-02
3.369145660690264776e-02
3.579600317971198820e-02
3.825416859217511956e-02
4.108045741122623440e-02
4.429317229732987471e-02
4.791484606630547205e-02
5.197209590460261097e-02
5.649446440929750679e-02
6.151178617437835783e-02
6.704970587725256337e-02
6.978072873880591942e-02
6.376040104169078404e-02
5.833521895510784816e-02
5.346173956240818370e-02
4.909763053001370281e-02
4.520595542999217287e-02
4.175640133689739741e-02
3.872463933294056915e-02
3.609095219508162700e-02
3.383894893522665370e-02
3.195476406835950911e-02
3.042677256235037930e-02
2.924562951739062555e-02
2.840439213832723908e-02
2.789855477385572158e-02
2.772595315400394611e-02
2.788659182260744274e-02
2.838248035004653502e-02
2.921752830297918990e-02
3.039748539049469400e-02
3.192986998146807309e-02
3.382384346332401037e-02
3.609006378792400938e-02
3.874065053787489887e-02
4.178945851163007319e-02
4.525282217218773440e-02
4.915076973429677309e-02
5.350842379721143516e-02
5.835697709244414000e-02
6.373335990701889386e-02
6.967762366821261821e-02
7.274909965144615853e-02
6.632350493237026967e-02
6.051545933405577671e-02
5.528909263375680894e-02
5.060621956181421410e-02
4.643104993010638282e-02
4.273219442438858096e-02
3.948297696115332656e-02
3.666098663052252959e-02
3.424750938393117394e-02
3.222712357455748133e-02
3.058746624810737558e-02
2.931905063815065660e-02
2.841503158197156154e-02
2.787091853315359913e-02
2.768432976517942734e-02
2.785490711721649859e-02
2.838444205553969368e-02
2.927713451754243579e-02
3.053979370997694787e-02
3.218175812799017876e-02
3.421441246791800950e-02
3.665038737563008908e-02
3.950277244075550698e-02
4.278484620226663537e-02
4.651081418523972388e-02
5.069779743098479230e-02
5.536884063349134522e-02
6.055612552972888807e-02
6.630304615919158095e-02
7.266352743954485049e-02
7.607960369023203384e-02
6.921929451800679090e-02
6.301089480621158145e-02
5.742276761884568259e-02
5.241728376313403714e-02
4.795648822619114071e-02
4.400532602267048787e-02
4.053318956357543357e-02
3.751448211551178247e-02
3.492865690168400761e-02
3.275993995885073673e-02
3.099678587750531733e-02
2.963109596385038458e-02
2.865731370366120245e-02
2.807161861164786387e-02
2.787147863455174956e-02
2.805573580189957283e-02
2.862520239978039172e-02
2.958350762673944701e-02
3.093776535752112977e-02
3.269862868364725728e-02
3.487950018461560830e-02
3.749503532162634656e-02
4.055948766836081631e-02
4.408573792898096144e-02
4.808586519993696129e-02
5.257377534962870413e-02
5.756972910148761002e-02
6.310575691622943850e-02
6.923015514303187956e-02
7.600879357050871477e-02
7.980310434504644945e-02
7.248106957376876380e-02
6.585527047991490690e-02
5.989527943529537879e-02
5.456086828780826181e-02
4.980908037214248907e-02
4.559904353845922742e-02
4.189498507912503555e-02
3.866787299739371520e-02
3.589596291749330703e-02
3.356440949937677942e-02
3.166408518882235512e-02
3.018985094968229532e-02
2.913867541064973921e-02
2.850810043491946999e-02
2.829550856949936133e-02
2.849842841533245519e-02
2.911576031874574255e-02
3.014943661037250422e-02
3.160579811265051831e-02
3.349598670683917589e-02
3.583497361978515983e-02
3.863938543145195581e-02
4.192489025081158616e-02
4.570433950902952347e-02
4.998791891284781741e-02
5.478613925970421406e-02
6.011562569437955972e-02
6.600654105477588018e-02
7.250941270604016609e-02
7.969847313916034182e-02
8.396033363169408403e-02
7.614919403931708075e-02
6.908563243541721022e-02
6.273850046363804722e-02
5.706292538161505945e-02
5.200908633923972957e-02
4.752886686947022099e-02
4.358050787959655281e-02
4.013139258677256294e-02
3.715905524950358085e-02
3.465053344007174019e-02
3.260032774596766103e-02
3.100746789641561918e-02
2.987240918810130097e-02
2.919457809184677899e-02
2.897125321760540828e-02
2.919809745071688667e-02
2.987112672235525679e-02
3.098938356015423778e-02
3.255726555107685272e-02
3.458549354036222212e-02
3.709013319166842848e-02
4.008981010520074051e-02
4.360206350429507438e-02
4.764037915811059065e-02
5.221357334357890068e-02
5.732872042881353991e-02
6.299777270942286123e-02
6.924663894460536540e-02
7.612415280709683429e-02
8.370748948573236703e-02
8.858615818189718993e-02
8.025702750001073582e-02
7.272996083702309988e-02
6.597293659797287546e-02
5.993609478446160210e-02
5.456230457093624864e-02
4.979575472316355444e-02
4.558834243471210357e-02
4.190368211493478157e-02
3.871862127198255621e-02
3.602233190940751228e-02
3.381335512131045107e-02
3.209535833593690768e-02
3.087267406590399332e-02
3.014678847830509767e-02
2.991473215479345527e-02
3.016979978565359488e-02
3.090431030250329059e-02
3.211343111252062954e-02
3.379866460818448104e-02
3.596962126903235912e-02
3.864322700974298641e-02
4.184041730513854418e-02
4.558138986249105074e-02
4.988127428077859804e-02
5.474831707488192478e-02
6.018619182577822357e-02
6.620086544990044786e-02
7.281084068563359324e-02
8.005799299553473247e-02
8.801511706860765116e-02
9.369324309500370873e-02
8.481820189990685321e-02
7.679794501564174425e-02
6.960163601979729719e-02
6.317618446246342501e-02
5.745843611384771066e-02
5.238561664191365708e-02
4.790346692061575595e-02
4.397157310995680746e-02
4.056554757880803663e-02
3.767603515007067472e-02
3.530499483713356312e-02
3.346024033635330852e-02
3.214963826576422434e-02
3.137648891242861282e-02
3.113733705868071411e-02
3.142279493113164790e-02
3.222105893837579060e-02
3.352292828822101001e-02
3.532657617688528262e-02
3.764030644924787339e-02
4.048211805820756126e-02
4.387596515880431980e-02
4.784583757373184199e-02
5.240978931669815211e-02
5.757643639481102582e-02
6.334600552690972108e-02
6.971675502609286923e-02
7.669579088997124927e-02
8.431144371934351511e-02
9.262301824719543220e-02
9.926044960457147681e-02
8.981971721641457407e-02
8.127862164019461488e-02
7.361183985267416574e-02
6.676700873049412621e-02
6.067809780961397337e-02
5.527742091271647951e-02
5.050542636490717996e-02
4.631745201550074853e-02
4.268683218106161803e-02
3.960417299458640628e-02
3.707323632988845930e-02
3.510456637923198286e-02
3.370853338128654286e-02
3.288965903084317688e-02
3.264378524727362674e-02
3.295887396416219417e-02
3.381915387035405729e-02
3.521126275700225960e-02
3.713031922598020174e-02
3.958375561614957405e-02
4.259135842221439816e-02
4.618116062010813039e-02
5.038227662771532778e-02
5.521701168618164957e-02
6.069517359810561175e-02
6.681318496612220770e-02
7.355932277960164356e-02
8.092447296394311707e-02
8.891569683646594058e-02
9.756827845467341831e-02
1.052290492984866432e-01
9.522261750771576772e-02
8.614547773322556168e-02
7.798404598815977806e-02
7.069259896434232360e-02
6.420713525312748970e-02
5.845847214004606940e-02
5.338348263740044786e-02
4.893335528868192341e-02
4.507795512199663790e-02
4.180585777612577658e-02
3.912037976260762662e-02
3.703277655586134642e-02
3.555447373582865112e-02
3.469049027626169845e-02
3.443593677184253465e-02
3.477663212834158912e-02
3.569366550163977081e-02
3.717047470217949012e-02
3.920011168156634085e-02
4.179014198052755091e-02
4.496321368696953868e-02
4.875262242330791196e-02
5.319383858932269504e-02
5.831445611056551570e-02
6.412586303395073628e-02
7.061978365027243854e-02
7.777162774891621666e-02
8.555056323984899791e-02
9.393392941274214536e-02
1.029216885817731963e-01
1.115065863300515048e-01
1.009686211054940941e-01
9.136609451343247201e-02
8.270450967665965436e-02
7.495206353814864997e-02
6.805310378513240721e-02
6.194165401029749773e-02
5.655376354025065666e-02
5.183728747124405345e-02
4.775782988144783303e-02
4.430008693270792719e-02
4.146466734891873784e-02
3.926146595858881483e-02
3.770153486493654782e-02
3.678983714235073421e-02
3.652107888137834379e-02
3.687996267763082869e-02
3.784588416601764038e-02
3.940065967799455393e-02
4.153677160775259836e-02
4.426323037569090957e-02
4.760666356742149219e-02
5.160658015302033164e-02
5.630556333562708460e-02
6.173689293245843146e-02
6.791322318758830079e-02
7.482002946335342131e-02
8.241645413227161043e-02
9.064414338990900433e-02
9.944219181238622696e-02
1.087640927892152831e-01
1.179752968791945023e-01
1.069884110665952903e-01
9.691093250512494706e-02
8.777485746122692944e-02
7.957009566234773956e-02
7.225651776116137626e-02
6.577712405305646826e-02
6.007104563923348906e-02
5.508475014175928663e-02
5.077981593876756961e-02
4.713609078589797718e-02
4.414994064427446574e-02
4.182842806585540529e-02
4.018131663724489044e-02
3.921343212095962372e-02
3.891985966583888512e-02
3.928565629121294478e-02
4.029037193504336756e-02
4.191608413930225652e-02
4.415634110591781791e-02
4.702281978643441107e-02
5.054689236021658871e-02
5.477462520229892107e-02
5.975567212954047136e-02
6.552851843343887595e-02
7.210596373124644742e-02
7.946511118325361167e-02
8.754524359119386645e-02
9.625497114984682412e-02
1.054874246656254400e-01
1.151397506625926326e-01
1.245005368314195948e-01
1.132064384419209091e-01
1.027555045748158591e-01
9.321250918947043829e-02
8.459637702208055998e-02
7.688980971579439938e-02
7.005124787201566505e-02
6.402794705900305416e-02
5.876836586048739264e-02
5.423185804284003098e-02
5.039400212808686774e-02
4.724679519677010830e-02
4.479418437313142931e-02
4.304466296161990613e-02
4.200351520739786793e-02
4.166743557561858324e-02
4.202355099096166668e-02
4.305347731406072853e-02
4.474132348786952207e-02
4.708303938969038427e-02
5.009369036361022154e-02
5.380945931301539531e-02
5.828245120028441306e-02
6.356840555190501618e-02
6.970964436959548038e-02
7.671733364759347751e-02
8.455784401212440571e-02
9.314736236001408543e-02
1.023570113966343342e-01
1.120280305474352645e-01
1.219937702401239221e-01
1.309351889349272824e-01
1.195384282034410717e-01
1.088722177332783758e-01
9.903818054908697377e-02
9.009006913811390405e-02
8.204006321511769784e-02
7.486868355272235931e-02
6.853727782663554535e-02
6.300117660293835797e-02
5.822116518447728595e-02
5.417109625977900578e-02
5.084032039758312749e-02
4.823094388302706648e-02
4.635136641991266515e-02
4.520864998357865261e-02
4.480263869845657609e-02
4.512420408264006255e-02
4.615862326318165287e-02
4.789328489368926967e-02
5.032720234248699853e-02
5.347876396308492986e-02
5.738816587609107955e-02
6.211214793574981741e-02
6.771073387244541664e-02
7.422810013713387889e-02
8.167176207803095167e-02
8.999532396478571172e-02
9.908970015521845198e-02
1.087859723520523403e-01
1.188702982133236219e-01
1.291082283362356975e-01
1.371182494187905831e-01
1.258808284883343731e-01
1.152119436746943393e-01
1.052511072468860220e-01
9.609037724158042693e-02
8.777662519787554629e-02
8.031864489066720125e-02
7.369833583516083308e-02
6.788404585722673801e-02
6.284342826256761327e-02
5.855315007056560717e-02
5.500355749154550722e-02
5.219779200706398115e-02
5.014646213021478616e-02
4.886031430578441359e-02
4.834395916441280860e-02
4.859334405864501605e-02
4.959836515990900807e-02
5.135013447807068587e-02
5.385052669817014248e-02
5.712034535918064648e-02
6.120224198593859910e-02
6.615556760289109661e-02
7.204242545367378625e-02
7.890678638273129764e-02
8.675088817039977584e-02
9.551455127348162932e-02
1.050630251977509033e-01
1.151874306710851670e-01
1.256191136707229816e-01
1.360559516397188418e-01
6.487099924083850055e-02
6.578822985488841368e-02
6.595681675116793485e-02
6.558117188569667633e-02
6.487316136986009951e-02
6.402770203885665978e-02
6.320336142152882530e-02
6.251033837952491012e-02
6.200685631574742729e-02
6.170354382629739121e-02
6.157407806358605740e-02
6.156946086957759690e-02
6.163294195221169502e-02
6.171284689389722189e-02
6.177133380424493225e-02
6.178821285629965132e-02
6.176015844084759010e-02
6.169664949538855581e-02
6.161455162282436504e-02
6.153326670846581692e-02
6.147182186987265595e-02
6.144830035486847919e-02
6.148090316492016427e-02
6.158900634272868047e-02
6.179214999542637088e-02
6.210515759289592097e-02
6.252855003117474553e-02
6.303490168068037747e-02
6.355342282313358737e-02
6.395639785637285968e-02
6.405173623716109432e-02
6.334563119594349700e-02
6.382552983473033237e-02
6.372431572572168079e-02
6.320263047882690444e-02
6.242908378862921381e-02
6.156106933622140787e-02
6.072887160189566202e-02
6.002508132314687828e-02
5.950040170318970922e-02
5.916585004024454975e-02
5.900033105990587501e-02
5.896175394309466355e-02
5.899942384940004558e-02
5.906543423589027952e-02
5.912321199321013410e-02
5.915213160869825515e-02
5.914805244310628041e-02
5.912053567999464576e-02
5.908814944177720463e-02
5.907350685038181837e-02
5.909943599453981733e-02
5.918700500706108869e-02
5.935520531011206913e-02
5.962120290223538177e-02
5.999949439114971028e-02
6.049828619279651321e-02
6.111204268199799117e-02
6.181033447091976996e-02
6.252458516019032686e-02
6.313567115637397364e-02
6.346615273605493712e-02
6.218422895835828967e-02
6.210475982993557409e-02
6.163908230882952921e-02
6.090247098882173304e-02
6.001695910481430474e-02
5.909784340792612056e-02
5.824189184295391897e-02
5.751884018536657095e-02
5.696722056973158033e-02
5.659486927152101998e-02
5.638371820896281861e-02
5.629780419712915318e-02
5.629294448681321228e-02
5.632631987100467086e-02
5.636432519713707734e-02
5.638748592627962353e-02
5.639191717818903271e-02
5.638757689348494750e-02
5.639425289518840145e-02
5.643664033095774357e-02
5.653988697258682805e-02
5.672657719242124585e-02
5.701539137544386904e-02
5.742082691358518787e-02
5.795267661960679106e-02
5.861369207059397013e-02
5.939417911349664791e-02
6.026317691748772631e-02
6.115717538045828405e-02
6.196868354891194031e-02
6.253796444445924863e-02
6.141195697955481592e-02
6.069568769271427300e-02
5.980029454940449796e-02
5.879570812703605043e-02
5.775635813051849254e-02
5.675351756508462131e-02
5.584790644388704095e-02
5.508367361926502781e-02
5.448469668317557080e-02
5.405380435604456579e-02
5.377506941476895008e-02
5.361880339478375390e-02
5.354839340088801691e-02
5.352775825849676039e-02
5.352805990423803451e-02
5.353245029527897714e-02
5.353806008497485891e-02
5.355506756222894182e-02
5.360336760895734187e-02
5.370790857523388695e-02
5.389399863452126738e-02
5.418370843472075649e-02
5.459393589808314573e-02
5.513590205691798474e-02
5.581507449733180692e-02
5.663004428788553923e-02
5.756893920715810964e-02
5.860261464795257780e-02
5.967501420718690497e-02
6.069244245600202703e-02
6.151464674394446774e-02
6.098207442482816987e-02
5.960195188845318626e-02
5.824744640085555147e-02
5.694490843688981840e-02
5.572255124707226059e-02
5.460843657510849880e-02
5.362743257501279004e-02
5.279780518412735546e-02
5.212824429690954275e-02
5.161611527910281438e-02
5.124753628024336649e-02
5.099952492764714407e-02
5.084399130828387570e-02
5.075288221814844292e-02
5.070343196348403580e-02
5.068236618990340503e-02
5.068810015200142516e-02
5.073045019253186183e-02
5.082801956177718239e-02
5.100404051972873276e-02
5.128184738077834481e-02
5.168116739878314547e-02
5.221600747836419032e-02
5.289418643496901495e-02
5.371774543027640902e-02
5.468285339111389476e-02
5.577767611293893424e-02
5.697713435984042007e-02
5.823449125819024630e-02
5.947104124470570241e-02
6.056643909050762886e-02
6.080033094212922151e-02
5.877761885085419635e-02
5.697015182386166998e-02
5.536417190251086140e-02
5.394536511903424980e-02
5.270195716093439842e-02
5.162565690534393070e-02
5.071070428311941214e-02
4.995168353343615308e-02
4.934102403512952151e-02
4.886715133670804789e-02
4.851404408782400424e-02
4.826252778275375022e-02
4.809309865413524676e-02
4.798956404920318164e-02
4.794247404879570240e-02
4.795131030914490111e-02
4.802472309529548511e-02
4.817868170903238934e-02
4.843304766927758465e-02
4.880757547743996838e-02
4.931849750028050039e-02
4.997657314925163519e-02
5.078683065858058399e-02
5.174940942333705607e-02
5.286020983203343349e-02
5.410976604434836190e-02
5.547905934372465708e-02
5.693188920486136340e-02
5.840471649275968957e-02
5.979622856966670952e-02
6.075935713897706592e-02
5.815455268248115317e-02
5.592933745447226102e-02
5.403484316229878459e-02
5.241989538080815692e-02
5.103840936044434784e-02
4.985367686003883136e-02
4.883948302085627802e-02
4.797860180133284302e-02
4.725968697766802507e-02
4.667379820875794394e-02
4.621171949838753790e-02
4.586285125878930558e-02
4.561588744945765939e-02
4.546087766539130826e-02
4.539180897518235724e-02
4.540866933984943898e-02
4.551813804209814407e-02
4.573253506896435283e-02
4.606729089118744014e-02
4.653774125199561240e-02
4.715630228383815847e-02
4.793091035116958665e-02
4.886504526075441390e-02
4.995886855704156915e-02
5.121027737004624214e-02
5.261430196878791321e-02
5.415946840230390080e-02
5.582054918158974033e-02
5.754837213589780731e-02
5.925871170734353655e-02
6.077368983324049623e-02
5.767242814636119874e-02
5.508283118888357421e-02
5.292714308961876668e-02
5.112448397721891524e-02
4.960154617856460391e-02
4.829939400588045828e-02
4.717610052375675878e-02
4.620570443694305141e-02
4.537457894184626639e-02
4.467664873300236650e-02
4.410889964856323786e-02
4.366829533137206454e-02
4.335063772850844543e-02
4.315123859123559669e-02
4.306670470032258891e-02
4.309684250256395899e-02
4.324575204191205557e-02
4.352157283756241668e-02
4.393492638155294117e-02
4.449665174979600124e-02
4.521573544570856029e-02
4.609825221268692985e-02
4.714765552216704236e-02
4.836603030162223149e-02
4.975521309825126082e-02
5.131627955324802315e-02
5.304602770411293022e-02
5.492980215240095276e-02
5.693118390854579047e-02
5.898039747853545123e-02
6.080585261952364817e-02
5.730254868922202149e-02
5.440723828996851807e-02
5.202034067770000547e-02
5.003932430918212049e-02
4.837161762225150596e-02
4.694300754272262566e-02
4.570117361436132342e-02
4.461483281920664012e-02
4.366964998371258844e-02
4.286247522213670891e-02
4.219552726317488123e-02
4.167184720790828578e-02
4.129277908032236155e-02
4.105754843294562306e-02
4.096439346176339313e-02
4.101232882385374978e-02
4.120259355659072753e-02
4.153913673508213833e-02
4.202801050632842816e-02
4.267606683606572915e-02
4.348968034264544258e-02
4.447419795542373322e-02
4.563442358357860940e-02
4.697580585343530402e-02
4.850534408524254104e-02
5.023083754349499941e-02
5.215719431043908116e-02
5.427916038343028049e-02
5.657092385217765695e-02
5.897430526965763420e-02
6.087661048422887689e-02
5.705876240972429514e-02
5.390955490020132856e-02
5.131505397002911195e-02
4.915940342834801413e-02
4.733888285954890307e-02
4.577101242284697946e-02
4.439837745849217754e-02
4.318769637211516965e-02
4.212534251382749062e-02
4.121093989306245930e-02
4.045072338703903370e-02
3.985207697587611619e-02
3.942012122570304200e-02
3.915655005221196916e-02
3.906029484824102838e-02
3.912918650530627929e-02
3.936169087319285609e-02
3.975801999331451952e-02
4.032036061653343495e-02
4.105244097809190862e-02
4.195897746467380784e-02
4.304556368060730165e-02
4.431925212702481076e-02
4.578953460622869898e-02
4.746885399345046608e-02
4.937143264851329150e-02
5.150927715567377163e-02
5.388479766679665772e-02
5.648047096337904804e-02
5.924712981232005404e-02
6.105737001053057611e-02
5.699306243332102895e-02
5.362570210854755715e-02
5.083443279545463156e-02
4.849806654237909243e-02
4.650933333869033959e-02
4.478391187512897886e-02
4.326403087543440051e-02
4.191725637247145642e-02
4.073172131757019088e-02
3.970941940497141331e-02
3.885923155394266360e-02
3.819108308198337909e-02
3.771211785715422593e-02
3.742514737859892193e-02
3.732904195567243733e-02
3.742032605987333227e-02
3.769511434256855864e-02
3.815068549556599464e-02
3.878635837827459909e-02
3.960375130918691866e-02
4.060680362454149872e-02
4.180198470385221299e-02
4.319887477686279453e-02
4.481085487805103185e-02
4.665516161730920430e-02
4.875126873866975075e-02
5.111662734543642728e-02
5.375930646778215305e-02
5.666795042725425446e-02
5.980049553136268514e-02
6.144818258235318353e-02
5.717850063956575468e-02
5.360778016529366141e-02
5.061518254933616845e-02
4.808129768753133249e-02
4.590181422827299684e-02
4.399587560692452826e-02
4.230909154102846514e-02
4.081193621641432401e-02
3.949482049210928380e-02
3.836141238934942521e-02
3.742177549247571733e-02
3.668662246673193295e-02
3.616350463198614307e-02
3.585519099942757748e-02
3.575995839491952211e-02
3.587314435571897775e-02
3.618917924359266181e-02
3.670343267731368542e-02
3.741350407108257059e-02
3.831994267966365442e-02
3.942664382157090586e-02
4.074122880047070794e-02
4.227553759665170219e-02
4.404600602356367745e-02
4.607330870931036770e-02
4.838040906906826422e-02
5.098822097443189705e-02
5.390852013169933343e-02
5.713449255199520849e-02
6.063018954364451929e-02
6.214913212534156628e-02
5.768611614439578261e-02
5.390570211784506682e-02
5.069307935809774790e-02
4.793637962393404450e-02
4.553922620834782720e-02
4.342803470899525564e-02
4.155424275268160272e-02
3.989231963169004302e-02
3.843485249672085047e-02
3.718619330720684957e-02
3.615608353175048251e-02
3.535439159168163314e-02
3.478766165972047020e-02
3.445767672201327514e-02
3.436178534684586339e-02
3.449442180681216996e-02
3.484913114152732305e-02
3.542049426323501393e-02
3.620558998773049098e-02
3.720492053435009439e-02
3.842295676622597966e-02
3.986852534217177890e-02
4.155513512887409888e-02
4.350106352740112925e-02
4.572871251002652571e-02
4.826254566978604998e-02
5.112496164019830758e-02
5.432980691875854973e-02
5.787384151199148619e-02
6.172720317954372149e-02
6.323460746807541000e-02
5.856427234357397538e-02
5.455058105417265324e-02
5.108942764672974590e-02
4.808054879322298802e-02
4.543866270796570461e-02
4.309956551696814131e-02
4.102156476255913731e-02
3.918320292541466188e-02
3.757855019284761511e-02
3.621142887277528644e-02
3.508980232072644867e-02
3.422126770965405740e-02
3.361020030570216477e-02
3.325667681019695010e-02
3.315693383956386242e-02
3.330486099184781779e-02
3.369393133652920369e-02
3.431904048738942947e-02
3.517791630474675912e-02
3.627200598020863254e-02
3.760694164520828053e-02
3.919276542546867859e-02
4.104401282165781595e-02
4.317954914495203411e-02
4.562180151515349280e-02
4.839485500451701228e-02
5.152088316299341386e-02
5.501462871779949637e-02
5.887611148000360117e-02
6.308232504034094745e-02
6.473850620204757433e-02
5.982752791624079691e-02
5.554621134979242925e-02
5.180416306029655971e-02
4.851486231382295955e-02
4.560535330892889760e-02
4.302120813736109994e-02
4.072730833649984561e-02
3.870546403231855948e-02
3.695010286537581123e-02
3.546325104434799869e-02
3.424984470984782092e-02
3.331411489489255473e-02
3.265744133750558831e-02
3.227772345417179167e-02
3.217002373821742367e-02
3.232804034996661358e-02
3.274589308603026439e-02
3.341976227238774300e-02
3.434907742484938353e-02
3.553715958514658269e-02
3.699140130447631236e-02
3.872316265733388718e-02
4.074752912310941610e-02
4.308292948917369358e-02
4.575040323379653273e-02
4.877212803421571152e-02
5.216875392488873331e-02
5.595521090253896546e-02
6.013495989782313700e-02
6.469309470094231074e-02
6.665431794499454554e-02
6.145842557543801377e-02
5.687161643254512455e-02
5.281833564731641673e-02
4.922595088100933935e-02
4.603319514899339993e-02
4.319425887115357909e-02
4.067919008230092004e-02
3.847163775026274379e-02
3.656509651773376390e-02
3.495872808889544103e-02
3.365361851138004567e-02
3.265004428794782143e-02
3.194601719224010594e-02
3.153709617799904663e-02
3.141722518921596929e-02
3.158019913280440960e-02
3.202130349927756470e-02
3.273871341298217885e-02
3.373437135996937286e-02
3.501424747992132325e-02
3.658807179090217687e-02
3.846875168164842762e-02
4.067171151291404385e-02
4.321429346055083442e-02
4.611517708690371364e-02
4.939356252543802839e-02
5.306770634797430830e-02
5.715236771538911853e-02
6.165485762994649122e-02
6.656967667777280440e-02
6.894875044054060709e-02
6.342074972963018809e-02
5.849324183873250149e-02
5.410472597031912301e-02
5.019473181164357811e-02
4.671140852042299230e-02
4.361516003154974896e-02
4.087901888124179095e-02
3.848675795779854525e-02
3.642979526739509311e-02
3.470383100830076728e-02
3.330593086866429076e-02
3.223251009148953017e-02
3.147841722966404632e-02
3.103708312664821278e-02
3.090151579635858070e-02
3.106578207189159002e-02
3.152655298799800221e-02
3.228431083152827341e-02
3.334392590841162018e-02
3.471449060089071281e-02
3.640851032469072379e-02
3.844072703395795543e-02
4.082694071985315531e-02
4.358315268655132968e-02
4.672518101961031789e-02
5.026863628154387698e-02
5.422886424366879510e-02
5.862025969327078201e-02
6.345430648252659012e-02
6.873584921186193242e-02
7.158295206227194285e-02
6.567866394198063063e-02
6.038164217443409143e-02
5.564195434271823615e-02
5.140801967718289234e-02
4.763388852188654710e-02
4.428293487399059813e-02
4.132860593199438881e-02
3.875313094431476202e-02
3.654512463799619582e-02
3.469690488964261021e-02
3.320214715131442063e-02
3.205428362343809567e-02
3.124584537908958737e-02
3.076875255101185758e-02
3.061538147630926687e-02
3.078008699594647624e-02
3.126075974250852596e-02
3.205997922668757383e-02
3.318541018052201252e-02
3.464927725690358784e-02
3.646701050274714362e-02
3.865540969309222419e-02
4.123085096944123507e-02
4.420808224494976457e-02
4.759998795634601265e-02
5.141837278188177152e-02
5.567538904779212316e-02
6.038483469910715939e-02
6.556229991565487580e-02
7.122314723892486654e-02
7.453305214676220203e-02
6.821419747302570613e-02
6.252588107963674702e-02
5.742602352620451711e-02
5.286764644915820099e-02
4.880647046229569241e-02
4.520522565508144908e-02
4.203518451868148986e-02
3.927566686797945295e-02
3.691231637458258774e-02
3.493487392734095920e-02
3.333504242618801072e-02
3.210488558761426248e-02
3.123604760003217962e-02
3.071990771240962204e-02
3.054858982613950502e-02
3.071654944142210297e-02
3.122229142718424555e-02
3.206968981430691201e-02
3.326843374998134095e-02
3.483332462383259553e-02
3.678247205971274525e-02
3.913479660332086496e-02
4.190753518741985317e-02
4.511454905514256097e-02
4.876608745416888269e-02
5.287025363304564962e-02
5.743584100309817586e-02
6.247559563507820712e-02
6.800849939008912770e-02
7.405951733426263672e-02
7.780243425531807588e-02
7.103647589156025788e-02
6.493994070115149952e-02
5.947436483438650612e-02
5.459277359841507860e-02
5.024823105304676574e-02
4.639931644851458259e-02
4.301282136657391675e-02
4.006421445592422970e-02
3.753652192608569749e-02
3.541828418019576930e-02
3.370121382067736704e-02
3.237812044790189248e-02
3.144156685812049545e-02
3.088355829822830856e-02
3.069633069026167504e-02
3.087401782249798998e-02
3.141470458467665594e-02
3.232219629535393324e-02
3.360683408027398400e-02
3.528489906602771953e-02
3.737655029544839635e-02
3.990272714327147696e-02
4.288187948259292170e-02
4.632760166259686230e-02
5.024813561976770870e-02
5.464824253704136936e-02
5.953320462504052557e-02
6.491388577796897152e-02
7.081108910733746598e-02
7.725712477122215205e-02
8.142152135587821249e-02
7.417946379609929863e-02
6.765876594454311999e-02
6.182068404086749069e-02
5.661413771667866968e-02
5.198576648399466649e-02
4.788704647216945887e-02
4.427847796796413604e-02
4.113114231222425587e-02
3.842611160689557437e-02
3.615232420088432264e-02
3.430363634834066033e-02
3.287581003496597987e-02
3.186416460994223598e-02
3.126246031024493277e-02
3.106328309877426364e-02
3.125979494507191703e-02
3.184830204008903820e-02
3.283078341883083340e-02
3.421644911213661544e-02
3.602160754599026404e-02
3.826760614902013913e-02
4.097724624625698198e-02
4.417067198482982349e-02
4.786209625763149234e-02
5.205868118446232984e-02
5.676239094373158878e-02
6.197475178669265006e-02
6.770340097227744991e-02
7.396837074929862865e-02
8.080553407944535138e-02
8.543556574477406684e-02
7.768946570740808966e-02
7.072580799194838619e-02
6.450290013526682742e-02
5.896273036250931909e-02
5.404292304046975914e-02
4.968583886693522800e-02
4.584449984031380154e-02
4.248535121769236866e-02
3.958816021258826368e-02
3.714362430036999285e-02
3.514951166471291799e-02
3.360634175805898849e-02
3.251366180847981013e-02
3.186782233206031378e-02
3.166178156425303314e-02
3.188692663752590306e-02
3.253631017287261784e-02
3.360823346338293049e-02
3.510892099802731536e-02
3.705322607856942341e-02
3.946286665996012744e-02
4.236248581855761586e-02
4.577463299665396335e-02
4.971530400416668272e-02
5.419174773123813793e-02
5.920375030291324947e-02
6.474860572598117869e-02
7.082872026876430027e-02
7.745960746206037584e-02
8.467528586606931640e-02
8.988523329571762588e-02
8.160747831334447255e-02
7.417736879142466933e-02
6.754956697750458261e-02
6.165825001062330557e-02
5.643111938934453065e-02
5.180064775231585372e-02
4.771188770610024221e-02
4.412654171756003052e-02
4.102338498705648817e-02
3.839555690137785859e-02
3.624565680911473464e-02
3.457991631876211613e-02
3.340286838101746980e-02
3.271379953912401106e-02
3.250582891450903844e-02
3.276776599341246765e-02
3.348811720206867903e-02
3.465995049009507056e-02
3.628500142804114148e-02
3.837554990786884446e-02
4.095321972636156715e-02
4.404480842822522391e-02
4.767627745604841039e-02
5.186679565667873248e-02
5.662496234344871482e-02
6.194888659774733242e-02
6.783072648067900445e-02
7.426483448989529279e-02
8.125720929911040002e-02
8.883295092482512700e-02
9.478709782979422016e-02
8.595323794088471914e-02
7.803030178729386535e-02
7.097103147862071637e-02
6.470327028273459291e-02
5.914589432541106362e-02
5.422215234830218833e-02
4.986938717411248945e-02
4.604450959232053719e-02
4.272507787572976667e-02
3.990640116717258934e-02
3.759567906854499597e-02
3.580469043117773253e-02
3.454281323320174124e-02
3.381206589801877271e-02
3.360536504442279693e-02
3.390836285871046130e-02
3.470424325678322930e-02
3.597998175428074319e-02
3.773207803351397160e-02
3.996983414890564745e-02
4.271491189319931436e-02
4.599701082133833552e-02
4.984676199819659814e-02
5.428795190346136224e-02
5.933163382178463507e-02
6.497434298717053025e-02
7.120152945981317316e-02
7.799570522365684155e-02
8.534709759123870754e-02
9.326330933618010022e-02
1.001207514186717162e-01
9.071682890544252587e-02
8.227815958252904238e-02
7.475975154466141248e-02
6.808701854333776282e-02
6.217319855022651609e-02
5.693449991849774960e-02
5.230163283886213321e-02
4.822676812727877405e-02
4.468550106685142964e-02
4.167408101420733146e-02
3.920292019574844744e-02
3.728807097104436252e-02
3.594276799412909895e-02
3.517111791552451905e-02
3.496550143790955190e-02
3.530830620366032235e-02
3.617743080030777492e-02
3.755390555488702375e-02
3.942928155174740823e-02
4.181038990373053821e-02
4.471973805357265519e-02
4.819104847138078185e-02
5.226093233613937628e-02
5.695898866815696238e-02
6.229931685447809286e-02
6.827625379855817300e-02
7.486607012106105685e-02
8.203461698349201470e-02
8.974896336712845368e-02
9.798945392253699538e-02
1.058263631321096909e-01
9.586043754643469583e-02
8.689724898113126983e-02
7.890030420821858570e-02
7.179861093845829600e-02
6.550486677497247001e-02
5.993189969285594998e-02
5.500576751273911214e-02
5.067424532626318978e-02
4.690996781482681399e-02
4.370825000023614848e-02
4.108049941351055168e-02
3.904497666826500790e-02
3.761723322168109007e-02
3.680265012644667877e-02
3.659301104835321894e-02
3.696801772821345367e-02
3.790131383175321389e-02
3.936926913320348831e-02
4.135987071185809327e-02
4.387887065422546584e-02
4.695097146850457648e-02
5.061517029662354616e-02
5.491508736213290831e-02
5.988669430098525481e-02
6.554684200000338024e-02
7.188602747100958368e-02
7.886784028141846647e-02
8.643570502272268641e-02
9.452535070249723503e-02
1.030794947064350708e-01
1.118123610258408007e-01
1.013285574649671616e-01
9.185966338918660767e-02
8.338513827993665473e-02
7.584506565672199940e-02
6.915817583831085358e-02
6.323887611324607860e-02
5.801153660831914749e-02
5.342048229340434773e-02
4.943461696529993787e-02
4.604638189812249038e-02
4.326573872549488442e-02
4.111086826196697075e-02
3.959802783629129408e-02
3.873325308177300030e-02
3.850817781221849145e-02
3.890119549032533541e-02
3.988371889408881543e-02
4.142978218078496866e-02
4.352610699061187916e-02
4.617938342289562570e-02
4.941807666182285175e-02
5.328746932445938000e-02
5.783854860237624962e-02
6.311321948760451050e-02
6.912962102387609775e-02
7.587161494939209661e-02
8.328564767634816235e-02
9.128632368151556875e-02
9.976963534404603706e-02
1.086305094568160712e-01
1.179690714479875169e-01
1.070613432143545651e-01
9.714694201102247462e-02
8.822884422170318430e-02
8.026622237775882240e-02
7.319123974639296648e-02
6.692582807500002673e-02
6.139664954389445484e-02
5.654646560833498370e-02
5.234048376041755546e-02
4.876698471616691677e-02
4.583257181548106018e-02
4.355352467882767087e-02
4.194567429476592224e-02
4.101564687971404055e-02
4.075603989258524962e-02
4.114607950850768248e-02
4.215776777891733218e-02
4.376585017689649248e-02
4.595860073641233612e-02
4.874586105415801285e-02
5.216121715602639597e-02
5.625661651720292866e-02
6.108977833355311304e-02
6.670688786289247219e-02
7.312467194515193114e-02
8.031652704266889486e-02
8.820667323948327976e-02
9.667445174773092731e-02
1.055683136498828389e-01
1.147264322235059808e-01
1.241820540863045608e-01
1.130042707027314464e-01
1.027569377765757963e-01
9.347300769195499015e-02
8.513822807071846910e-02
7.770563453141221544e-02
7.111116988289722940e-02
6.528870470037873019e-02
6.018252363446663367e-02
5.575549869718088303e-02
5.199179431292577647e-02
4.889398983232240425e-02
4.647575229682843201e-02
4.475231298420112580e-02
4.373164088065095711e-02
4.340910051450919127e-02
4.376746076104609529e-02
4.478256414768111426e-02
4.643316432793653803e-02
4.871191647680461756e-02
5.163374181938706897e-02
5.523809656415323843e-02
5.958306293177884072e-02
6.473133873487313394e-02
7.073056801573329722e-02
7.759235938419806189e-02
8.527520415987055458e-02
9.367601091798860580e-02
1.026331651023610902e-01
1.119413167400580278e-01
1.213751760319610185e-01
1.303392421716580429e-01
1.191084011297789402e-01
1.086982788924615306e-01
9.917604340171237709e-02
9.055994354685026337e-02
8.283053286822905648e-02
7.594424205763061764e-02
6.984776929584768368e-02
6.449127769747065031e-02
5.983830209652296617e-02
5.587072746948251734e-02
5.258819203936582198e-02
5.000258696099990630e-02
4.812961674815596780e-02
4.698024673507461557e-02
4.655497097655825200e-02
4.684305900718754856e-02
4.782742040242737858e-02
4.949385049303600681e-02
5.184173296311200829e-02
5.489231659430515720e-02
5.869082714980322635e-02
6.329999230320026982e-02
6.878477281406958355e-02
7.519064067059844092e-02
8.251991859765439585e-02
9.071184565050316451e-02
9.963175902430521091e-02
1.090730608866579132e-01
1.187728413074182754e-01
1.284388373748015511e-01
1.363286375981260790e-01
1.253189764106537041e-01
1.149709461180918879e-01
1.053871231181346957e-01
9.662176944766542874e-02
8.868803271934666554e-02
8.156868313108134316e-02
7.522916043262739549e-02
6.963093587637558812e-02
6.474283186980756000e-02
6.054819417977341800e-02
5.704670681461720960e-02
5.425099035846869810e-02
5.217956291107839206e-02
5.084882335086149396e-02
5.026705487580329645e-02
5.043285398051011725e-02
5.133895815288269660e-02
5.298054243348815362e-02
5.536524027684208704e-02
5.852100403353688307e-02
6.249788842160342028e-02
6.736105193340335973e-02
7.317449244374074624e-02
7.997771108512097271e-02
8.775989905370806810e-02
9.643765704140605521e-02
1.058422105786576140e-01
1.157204799402506978e-01
1.257515222174561131e-01
1.355764560120178430e-01
6.671099984077955014e-02
6.760394053230811551e-02
6.773769321853251313e-02
6.731705224979123159e-02
6.655743716555662104e-02
6.565966366474640381e-02
6.478940601277827227e-02
6.406395307158163632e-02
6.354750804439390777e-02
6.325478015378394048e-02
6.316124634986408637e-02
6.321747481160855386e-02
6.336446632485603914e-02
6.354714507051539840e-02
6.372384825544941123e-02
6.387074988833774114e-02
6.398135729705245467e-02
6.406226747867549420e-02
6.412703086971305311e-02
6.419009904675476719e-02
6.426241885651506891e-02
6.434940071653727500e-02
6.445097420805723232e-02
6.456254435397568159e-02
6.467515763847586641e-02
6.477326443337005912e-02
6.482915466722261044e-02
6.479430580020562047e-02
6.458922181684556563e-02
6.409448385511495871e-02
6.314631635893874773e-02
6.579015785564479302e-02
6.615063897106665536e-02
6.593503098474684521e-02
6.530893043463947834e-02
6.444629520365197095e-02
6.350935699720139382e-02
6.263189844185035327e-02
6.190808604833364370e-02
6.138805419186610379e-02
6.108027840946306242e-02
6.095966680004494265e-02
6.097943059648969211e-02
6.108431476104669855e-02
6.122275459847514867e-02
6.135596014200928039e-02
6.146272192063406692e-02
6.153970730974833714e-02
6.159796692008967511e-02
6.165708482376430766e-02
6.173872272165681352e-02
6.186115391847124556e-02
6.203580217561466270e-02
6.226595120233469061e-02
6.254691573303716723e-02
6.286633140030062350e-02
6.320304687778843800e-02
6.352349057306128088e-02
6.377528095322304580e-02
6.387903793256555218e-02
6.372050756635871949e-02
6.314587429631046689e-02
6.503949270995690313e-02
6.476826426501247624e-02
6.412967205938002735e-02
6.324719908161569037e-02
6.224908577542009880e-02
6.125399148504584446e-02
6.035874488179615582e-02
5.962987622297077905e-02
5.909998360357349156e-02
5.876919033380545443e-02
5.861113059472700115e-02
5.858219072024439811e-02
5.863225217353829066e-02
5.871501264937251108e-02
5.879613998695276678e-02
5.885801355907460675e-02
5.890053878783874097e-02
5.893833673098924919e-02
5.899533382898880518e-02
5.909823431693439488e-02
5.927042954681382980e-02
5.952755374710250180e-02
5.987521672113871318e-02
6.030861724366332055e-02
6.081301293306751177e-02
6.136363601149241731e-02
6.192376305352809140e-02
6.244029560161834524e-02
6.283724710601745755e-02
6.300868512130364252e-02
6.281359580827938771e-02
6.447835297444726166e-02
6.352695884879722144e-02
6.242750475985303638e-02
6.125965370483754668e-02
6.010361949438447482e-02
5.903190108847411466e-02
5.810188519535586238e-02
5.735045849814923713e-02
5.679147512637428008e-02
5.641649121389491484e-02
5.619866296365216840e-02
5.609918303343874868e-02
5.607518515444098739e-02
5.608776270310045220e-02
5.610869862266554264e-02
5.612472377288213465e-02
5.613859963887080085e-02
5.616696997094550170e-02
5.623561109905494959e-02
5.637325696625339333e-02
5.660542627583708963e-02
5.694954517002770444e-02
5.741214887075329898e-02
5.798819184792591841e-02
5.866171800698793959e-02
5.940659582483931445e-02
6.018591987617583072e-02
6.094911160403171380e-02
6.162665014585400058e-02
6.212350024384249991e-02
6.231334477195105137e-02
6.407000156195863383e-02
6.244323353757863515e-02
6.088385780867611174e-02
5.942753407725831494e-02
5.810636684373093885e-02
5.694670567027060315e-02
5.596665108259912813e-02
5.517384717586537590e-02
5.456416742254077690e-02
5.412181104566116119e-02
5.382111452672688756e-02
5.363006464358477388e-02
5.351511970184219535e-02
5.344658493231690954e-02
5.340354624240717385e-02
5.337733002397726523e-02
5.337268000312178629e-02
5.340630310001870384e-02
5.350303736850037239e-02
5.369047820840933127e-02
5.399328228850208689e-02
5.442841081048754859e-02
5.500223114768232335e-02
5.570973616841001785e-02
5.653536201680253725e-02
5.745423851976738661e-02
5.843243686922505731e-02
5.942503450023650657e-02
6.037158531739805767e-02
6.118968569603566721e-02
6.176844804986103554e-02
6.374561826623903471e-02
6.149554467947382363e-02
5.951166286058651167e-02
5.778718950296024559e-02
5.630837456010340247e-02
5.505801803064969135e-02
5.401759567212138791e-02
5.316805003621993819e-02
5.248961588858946925e-02
5.196127214458101662e-02
5.156048371463839430e-02
5.126377698798023630e-02
5.104839778778114123e-02
5.089489336478436599e-02
5.079006044525158359e-02
5.072943748109537410e-02
5.071849839259812143e-02
5.077196518686832860e-02
5.091114223159820540e-02
5.115974653199373279e-02
5.153917598090629326e-02
5.206434564206574578e-02
5.274103314604872139e-02
5.356513491278747097e-02
5.452349895995212137e-02
5.559531507287829299e-02
5.675266771368114860e-02
5.795897754887846531e-02
5.916471029581771290e-02
6.030078108096859069e-02
6.127123559713254508e-02
6.343677444056083914e-02
6.064986992396370624e-02
5.830094399607332889e-02
5.634416141310794046e-02
5.472442716200021096e-02
5.338595669491041917e-02
5.227843642478546826e-02
5.136038287673727609e-02
5.059986547348671593e-02
4.997324844953254797e-02
4.946292410568275955e-02
4.905507192142977146e-02
4.873826899802224943e-02
4.850334774801012827e-02
4.834437416502623819e-02
4.826016207425709581e-02
4.825549682573182508e-02
4.834130223298416240e-02
4.853333448591001797e-02
4.884951114581781439e-02
4.930649424022703897e-02
4.991644711390108569e-02
5.068484031562547898e-02
5.160977448758785613e-02
5.268263627613123390e-02
5.388923467853601323e-02
5.521013772658989183e-02
5.661895603043376468e-02
5.807787032836131402e-02
5.953067437644676829e-02
6.089474531927407952e-02
6.310686871574944234e-02
5.988695726227888372e-02
5.724249043214513222e-02
5.509373078075441299e-02
5.335072374055016553e-02
5.192600733516883338e-02
5.074398891338205431e-02
4.974625766408280469e-02
4.889285174613178242e-02
4.816020233374729287e-02
4.753698723652632907e-02
4.701933902651944663e-02
4.660671909732627682e-02
4.629933306569000706e-02
4.609734796576958615e-02
4.600155891421309207e-02
4.601472152626229217e-02
4.614264294741587946e-02
4.639433481861487962e-02
4.678098463773494586e-02
4.731402589186473051e-02
4.800297036490519531e-02
4.885375146295700688e-02
4.986805938642646652e-02
5.104360970744892256e-02
5.237467573260801146e-02
5.385178358892517281e-02
5.545943311835799250e-02
5.717116521827847464e-02
5.894217988725358737e-02
6.070078924471999926e-02
6.277204445677853073e-02
5.922233552064426476e-02
5.634735455623740563e-02
5.404012998224061448e-02
5.218385036005201982e-02
5.066763581817212980e-02
4.939817165541171562e-02
4.830625761223927839e-02
4.734821984857262578e-02
4.650298532033048104e-02
4.576626502057479229e-02
4.514361024303070735e-02
4.464403031124675181e-02
4.427542314442689531e-02
4.404239362702355720e-02
4.394630559727374930e-02
4.398683337240072433e-02
4.416400043919566087e-02
4.447977186646312475e-02
4.493864373398537282e-02
4.554718367489840603e-02
4.631292054546065629e-02
4.724317761065321974e-02
4.834431138169748010e-02
4.962140823863592232e-02
5.107796403990505496e-02
5.271466857766426983e-02
5.452634210359974531e-02
5.649644326649649884e-02
5.858934349998889957e-02
6.074154760494820948e-02
6.250515518240717938e-02
5.871252774431923172e-02
5.565546042362257140e-02
5.320753235082520405e-02
5.123399061722011538e-02
4.960944310278136982e-02
4.823075059175607748e-02
4.702408438788552303e-02
4.594610151434608269e-02
4.498012784642924089e-02
4.412896098074270412e-02
4.340628080535680056e-02
4.282861243154911790e-02
4.240934954759723041e-02
4.215563329853466712e-02
4.206807804075651802e-02
4.214265077825984918e-02
4.237361510058690328e-02
4.275642210632213391e-02
4.328973114206746686e-02
4.397623351724178065e-02
4.482243296843080316e-02
4.583782528789015487e-02
4.703391344264673535e-02
4.842321063642884837e-02
5.001795707721612416e-02
5.182791328707025968e-02
5.385649680647475179e-02
5.609481660394521896e-02
5.851381658476384473e-02
6.105560280548161245e-02
6.242155570362228900e-02
5.844551354675786570e-02
5.523059432562149595e-02
5.263928929980465909e-02
5.052803050148213515e-02
4.876570402393554104e-02
4.724686283407208975e-02
4.589863613728084601e-02
4.468136057948868256e-02
4.358392300491686910e-02
4.261554391268873587e-02
4.179611587278486695e-02
4.114717659649613779e-02
4.068515714970999397e-02
4.041781803425692488e-02
4.034394659538520500e-02
4.045564485022623558e-02
4.074206804762070533e-02
4.119336513576854486e-02
4.180381383594067302e-02
4.257360620067629497e-02
4.350924368554842658e-02
4.462286127454717644e-02
4.593089968784624944e-02
4.745237745737540536e-02
4.920668159229535377e-02
5.121047828743030550e-02
5.347322847910618293e-02
5.599099743085389491e-02
5.873877848216579878e-02
6.166227871244700509e-02
6.265123448338272283e-02
5.851882447950629285e-02
5.514400004813069245e-02
5.238646150155545911e-02
5.010242404296150198e-02
4.816298131117946468e-02
4.646684802901290823e-02
4.494660321688570548e-02
4.356858454957546201e-02
4.232752412644913420e-02
4.123772072307474446e-02
4.032290106079017278e-02
3.960686868958873674e-02
3.910659806388139259e-02
3.882870507368352264e-02
3.876938440589583479e-02
3.891714560813852586e-02
3.925717608035483863e-02
3.977600848338624928e-02
4.046536754685803317e-02
4.132451329496689141e-02
4.236091150596621446e-02
4.358947444598015863e-02
4.503079760343098314e-02
4.670874434032157296e-02
4.864747665669710841e-02
5.086774770825286396e-02
5.338212827155075502e-02
5.618895868610707112e-02
5.926521844412491191e-02
6.255909555375183118e-02
6.330616847480996512e-02
5.901289141002052929e-02
5.545294482544704806e-02
5.249078405904583633e-02
4.998976732349547092e-02
4.782960665215796325e-02
4.591805906238732859e-02
4.419616972700168844e-02
4.263737134533585049e-02
4.124162014704779722e-02
4.002638223028043285e-02
3.901658150425646454e-02
3.823553051552153192e-02
3.769842001020151656e-02
3.740923314035171643e-02
3.736113467857649084e-02
3.753964973839174490e-02
3.792744653401314281e-02
3.850937587230873760e-02
3.927659782857517712e-02
4.022905150304723065e-02
4.137604535026184749e-02
4.273518974696344230e-02
4.433013516973005608e-02
4.618757489242852898e-02
4.833376975784631213e-02
5.079058688988880021e-02
5.357086173717107158e-02
5.667292011776225991e-02
6.007436795061948942e-02
6.372571470319599030e-02
6.445327551773516461e-02
5.996888965273683425e-02
5.618244145898643183e-02
5.296927455128752626e-02
5.020540387340588495e-02
4.778355017515423242e-02
4.562344735313672572e-02
4.367595449730288237e-02
4.192143530235625803e-02
4.036365438332722988e-02
3.902098000253317878e-02
3.791689968784339726e-02
3.707172347276355140e-02
3.649689629855856765e-02
3.619265810993965715e-02
3.614902239678485785e-02
3.634935330410371535e-02
3.677535710994561668e-02
3.741215568697953131e-02
3.825228824644000269e-02
3.929790707115898840e-02
4.056095928535796702e-02
4.206161100228200667e-02
4.382545079897681717e-02
4.588004447850835277e-02
4.825124146191228647e-02
5.095935638019000180e-02
5.401511380114243366e-02
5.741516801890611532e-02
6.113715520768892020e-02
6.513457152777846204e-02
6.610141000692237867e-02
6.137873847637820290e-02
5.731712064334715251e-02
5.380695704479876440e-02
5.074015218633576296e-02
4.802451541218033526e-02
4.559261283793603070e-02
4.340481617873592768e-02
4.144715028087375686e-02
3.972523073025513440e-02
3.825601774042297620e-02
3.705925214853778016e-02
3.615025741783028934e-02
3.553533821104792878e-02
3.521035537414718419e-02
3.516234539893048350e-02
3.537342428717238363e-02
3.582579969406651799e-02
3.650660349376266822e-02
3.741144501145754475e-02
3.854601377133803908e-02
3.992559132530004717e-02
4.157281047992000822e-02
4.351430485075979959e-02
4.577694548333965940e-02
4.838419245606928598e-02
5.135278043508151313e-02
5.468964612282434246e-02
5.838881853787825094e-02
6.242801161761235562e-02
6.676488587754647597e-02
6.820612711453577504e-02
6.319064777289895574e-02
5.880647826961649116e-02
5.496092636713001411e-02
5.156253917812136933e-02
4.853394282872613985e-02
4.581941461583483033e-02
4.338711070340650622e-02
4.122665208342368715e-02
3.934336545535188634e-02
3.775082043466682080e-02
3.646336773454095237e-02
3.549016953365935478e-02
3.483175632027268875e-02
3.447953410250192974e-02
3.441800794280425180e-02
3.462892309289600234e-02
3.509616189148800913e-02
3.581015981399104930e-02
3.677081418027228210e-02
3.798830039704625960e-02
3.948175252844521310e-02
4.127626108493132051e-02
4.339895991688536014e-02
4.587503876336995745e-02
4.872433151194854872e-02
5.195876961079193279e-02
5.558058684891875600e-02
5.958085162092174869e-02
6.393779205745886429e-02
6.861450843825878110e-02
7.069003230117232306e-02
6.532817989409522852e-02
6.058177731392788701e-02
5.637449325513443910e-02
5.262987376772798598e-02
4.928295648642233573e-02
4.628695183964737225e-02
4.361502749634382781e-02
4.125794586616393644e-02
3.921882050963176880e-02
3.750653323004371487e-02
3.612936858189641498e-02
3.509018589284096379e-02
3.438400598497537430e-02
3.399831106980855111e-02
3.391574889246840030e-02
3.411841539309534710e-02
3.459256952919531614e-02
3.533258499555813614e-02
3.634317641262896359e-02
3.763939249438408297e-02
3.924443066898675170e-02
4.118584822754201014e-02
4.349108620863262331e-02
4.618329412005550694e-02
4.927823598791292170e-02
5.278263324453291716e-02
5.669379079790815013e-02
6.099990774555408279e-02
6.568023002546397038e-02
7.070423374261736171e-02
7.347147558812139323e-02
6.771615684465359664e-02
6.257862043821660336e-02
5.799619927529420238e-02
5.390377723961137235e-02
5.024472601144225337e-02
4.697724359721178189e-02
4.407616251955914777e-02
4.153095866968214978e-02
3.934116168602486141e-02
3.751060753347701393e-02
3.604197245840623509e-02
3.493279566646378953e-02
3.417377508412755560e-02
3.374957554660795722e-02
3.364181222423212603e-02
3.383338149615155999e-02
3.431300406919035595e-02
3.507880451797973365e-02
3.613998827495379373e-02
3.751614679640624672e-02
3.923431089424411766e-02
4.132443036360200495e-02
4.381433963862946257e-02
4.672536140424199402e-02
5.006947869969735621e-02
5.384851756934949663e-02
5.805515920746984193e-02
6.267501182492196676e-02
6.768858443865610752e-02
7.307193281940271845e-02
7.649186563594412291e-02
7.030455171843641438e-02
6.475723375206143828e-02
5.979663445577898528e-02
5.536394939554156736e-02
5.140579136605083477e-02
4.788082717095676344e-02
4.476211426299414597e-02
4.203577978660177905e-02
3.969714440790994558e-02
3.774563878323533572e-02
3.617988182304543443e-02
3.499409218602522742e-02
3.417661797175242100e-02
3.371085045910149347e-02
3.357822629550355487e-02
3.376252091948117595e-02
3.425430774041160475e-02
3.505438843785668723e-02
3.617521785599819850e-02
3.763982186319481116e-02
3.947832866106182337e-02
4.172285056665714364e-02
4.440189868000743445e-02
4.753565770442946814e-02
5.113323193836549763e-02
5.519243514117988525e-02
5.970196494035917567e-02
6.464505973781342618e-02
7.000319131793730776e-02
7.575815542986674700e-02
7.973277076416707132e-02
7.308251203630788950e-02
6.711354407980252290e-02
6.177697047678520903e-02
5.701476597550936276e-02
5.277145573927555233e-02
4.900170822475047316e-02
4.567369286996836308e-02
4.276868953456869349e-02
4.027792102169769350e-02
3.819787579595868010e-02
3.652547533602046315e-02
3.525430904483073391e-02
3.437282637605676427e-02
3.386488380238006357e-02
3.371247065661009401e-02
3.389989315837738104e-02
3.441830019801273011e-02
3.526929193867545109e-02
3.646652112365700305e-02
3.803465845339815132e-02
4.000575201825995464e-02
4.241370600175287109e-02
4.528814972036343534e-02
4.864920140244066715e-02
5.250445977708295686e-02
5.684899618881900096e-02
6.166828729237749940e-02
6.694313349862568430e-02
7.265488692428334616e-02
7.878897786576999351e-02
8.321783663450332824e-02
7.607844057019974571e-02
6.967776124838565011e-02
6.396653991942002904e-02
5.888244900233985391e-02
5.436317325074924156e-02
5.035555241738620680e-02
4.682039668296056334e-02
4.373324103653430939e-02
4.108184854703722522e-02
3.886165925723616965e-02
3.707057321116735693e-02
3.570442762429593131e-02
3.475426653312752023e-02
3.420603732229210436e-02
3.404274509557581041e-02
3.424847194582980592e-02
3.481315618410008028e-02
3.573676751329912804e-02
3.703158833013731055e-02
3.872174030402675271e-02
4.083978639027918689e-02
4.342103386989037972e-02
4.649684723608515924e-02
5.008865060426614946e-02
5.420422133738611592e-02
5.883733169685001485e-02
6.397088788844484952e-02
6.958266783567523817e-02
7.565184504346689209e-02
8.216397060596136726e-02
8.699992951460444601e-02
7.934715596638852730e-02
7.250196961740584811e-02
6.641127009788760915e-02
6.100471955051034456e-02
5.620972868200624362e-02
5.196260466254898347e-02
4.821516496485855896e-02
4.493680811356171034e-02
4.211265878439007793e-02
3.973891228997672442e-02
3.781683709894423373e-02
3.634699742360680830e-02
3.532509153410501312e-02
3.474037150408548769e-02
3.457696623081574216e-02
3.481769478094065562e-02
3.544929094277904369e-02
3.646753079920017626e-02
3.788070029258960858e-02
3.971019957316457294e-02
4.198780440947302850e-02
4.475001131322642323e-02
4.803075410745805129e-02
5.185433773567638127e-02
5.623050678968866123e-02
6.115308503922278760e-02
6.660267109418782638e-02
7.255268225389954750e-02
7.897691366815706715e-02
8.585604541667635203e-02
9.113886099339651992e-02
8.294965963068534620e-02
7.564231649212160846e-02
6.915849597407941474e-02
6.341826019524887670e-02
5.833721227645582985e-02
5.383990267455374124e-02
4.986845551047736080e-02
4.638608944696898106e-02
4.337592454430705402e-02
4.083611311034474056e-02
3.877283070687553845e-02
3.719292640744242817e-02
3.609798296747612767e-02
3.548115455305378418e-02
3.532746409837272950e-02
3.561738087773846928e-02
3.633264377640443854e-02
3.746266072448634077e-02
3.900958455687941751e-02
4.099043362475640606e-02
4.343535930820507929e-02
4.638219713888247497e-02
4.986850342174875550e-02
5.392307617148617283e-02
5.855923548915598076e-02
6.377177440799641772e-02
6.953853391541997553e-02
7.582623016196521348e-02
8.259881207050057128e-02
8.982563078643579502e-02
9.567783461488943431e-02
8.693329034986163606e-02
7.914317378435953287e-02
7.224509098432463361e-02
6.615047570085152984e-02
6.076383076197089395e-02
5.599840089053031988e-02
5.178687692659877939e-02
4.808646595483878627e-02
4.487845806579571217e-02
4.216320548948715441e-02
3.995210327957465779e-02
3.825859941025555599e-02
3.709035701467655599e-02
3.644437294497038238e-02
3.630614376015728340e-02
3.665297748557350133e-02
3.746049243818561081e-02
3.871047328993881820e-02
4.039781778192264028e-02
4.253445068388828076e-02
4.514881176783092087e-02
4.828068279311992228e-02
5.197241272981045768e-02
5.625867363414727151e-02
6.115741337907820707e-02
6.666447493807936553e-02
7.275342745833768276e-02
7.938071615080843912e-02
8.649465096277708653e-02
9.404545759980464936e-02
1.006264890365855535e-01
9.131928049009729875e-02
8.302944971273973351e-02
7.569433275966730434e-02
6.922032471084094141e-02
6.350382934215303976e-02
5.844894188976468286e-02
5.398013614831143059e-02
5.004894511785096256e-02
4.663447120583441574e-02
4.373846587714069756e-02
4.137655928843742004e-02
3.956784543515823316e-02
3.832528400562296156e-02
3.764915373540134169e-02
3.752507531316950917e-02
3.792701608836068772e-02
3.882442993744916748e-02
4.019157067887135781e-02
4.201635012304905104e-02
4.430610433973924955e-02
4.708833537370082922e-02
5.040576853571110405e-02
5.430659414651017869e-02
5.883213933748265845e-02
6.400504398379780469e-02
6.982103088967051008e-02
7.624650891739293002e-02
8.322271520182766835e-02
9.067527812044318125e-02
9.852645337105059298e-02
1.059553453465014172e-01
9.610130693181417882e-02
8.730951133975395351e-02
7.952298888858422288e-02
7.264895101343427086e-02
6.658074941151426174e-02
6.121705980058322893e-02
5.647629478517046664e-02
5.230490626854589209e-02
4.867908938012988074e-02
4.560038296040147543e-02
4.308664673953899182e-02
4.116070349118672311e-02
3.983936402710241964e-02
3.912545250659604790e-02
3.900476058879576158e-02
3.944867872451141011e-02
4.042181313980108825e-02
4.189254723951307824e-02
4.384360054609715007e-02
4.627946035088825738e-02
4.922821382479014574e-02
5.273667436449613888e-02
5.685945144705328858e-02
6.164429809541616123e-02
6.711721697502071038e-02
7.327106695038310136e-02
8.006066439384085243e-02
8.740577401385962730e-02
9.520132435136474669e-02
1.033322031698844512e-01
1.116018433890531014e-01
1.012539152116005425e-01
9.198638935231429059e-02
8.375527499083545990e-02
7.647599857091336162e-02
7.004543095399640151e-02
6.436185027996543795e-02
5.934067148973554140e-02
5.492431265702180099e-02
5.108536557418119628e-02
4.782324559801054420e-02
4.515558811363007408e-02
4.310663236537948251e-02
4.169544872456754092e-02
4.092691688765626168e-02
4.078775142534141196e-02
4.124865943140321178e-02
4.227214225556963356e-02
4.382389224338112399e-02
4.588460102331737289e-02
4.845863732771249488e-02
5.157662637884641299e-02
5.529039473412922234e-02
5.966069794158102013e-02
6.474012937087536557e-02
7.055507446011688444e-02
7.709109580446238397e-02
8.428551866791167413e-02
9.202934172253662837e-02
1.001783194446943526e-01
1.085707293827908870e-01
1.174837313965326757e-01
1.067455015095220006e-01
9.707094160694396123e-02
8.843650321159657324e-02
8.077378319876515889e-02
7.399053462040683371e-02
6.799053890335926553e-02
6.269011266113011516e-02
5.802938903252652381e-02
5.397718916447047377e-02
5.052926950156688690e-02
4.770087957422219915e-02
4.551567638191045262e-02
4.399384203225054080e-02
4.314248309219692601e-02
4.295090194227668690e-02
4.339214801257185172e-02
4.443060671474086121e-02
4.603365612729248824e-02
4.818408274195462582e-02
5.088940421182996943e-02
5.418472441670019180e-02
5.812720127005377435e-02
6.278232221166035742e-02
6.820442225443912321e-02
7.441564593000293826e-02
8.138833553243784991e-02
8.903535737408674322e-02
9.721121442998992279e-02
1.057243203185862512e-01
1.143581369234425438e-01
1.235129594347199600e-01
1.125484525578031025e-01
1.025890298615195206e-01
9.363798979575221892e-02
8.565050669039919740e-02
7.855251847831823397e-02
7.225957296623164439e-02
6.669347618844767567e-02
6.179472939174956991e-02
5.752923176214608247e-02
5.388859166941983858e-02
5.088453859752917197e-02
4.853914130899283919e-02
4.687351349457458127e-02
4.589811896812534542e-02
4.560746884180844063e-02
4.598091082152677700e-02
4.698954757941464777e-02
4.860748532655634335e-02
5.082410501381673384e-02
5.365333101781288860e-02
5.713623192468730849e-02
6.133472843112031114e-02
6.631640279147177353e-02
7.213285405077840551e-02
7.879606964183949458e-02
8.625830782216326043e-02
9.440066448723882786e-02
1.030338398602452799e-01
1.119119855927692697e-01
1.207575342961035858e-01
1.296033066330437578e-01
1.186398537320201285e-01
1.085762225779944856e-01
9.944677782505095820e-02
9.123607225683372235e-02
8.389460676562521257e-02
7.735573959871544503e-02
7.155178758057445521e-02
6.642724168932545581e-02
6.194727109505038243e-02
5.810038960498786764e-02
5.489525095526914811e-02
5.235281231034605298e-02
5.049623525292190607e-02
4.934153271733521251e-02
4.889185353795255651e-02
4.913735122181606130e-02
5.006097381419749581e-02
5.164863024901933386e-02
5.390055539373861393e-02
5.683982346226912341e-02
6.051418825109067257e-02
6.498881339575746097e-02
7.032972188449093665e-02
7.658038826957636047e-02
8.373613023013604106e-02
9.172218916478414030e-02
1.003812147296230251e-01
1.094742367337175892e-01
1.186964538786696721e-01
1.277059328706400265e-01
1.356676338496072276e-01
1.249896029332830949e-01
1.150576589429874730e-01
1.059384382888310938e-01
9.764921385885827476e-02
9.016973512075310282e-02
8.345640063635073602e-02
7.745712114092384581e-02
7.212482775457829121e-02
6.742755381810638937e-02
6.335350534936878830e-02
5.991051712908301852e-02
5.712057826394811855e-02
5.501136662587668980e-02
5.360757250264214235e-02
5.292490013744099997e-02
5.296888184238923714e-02
5.373914459278239519e-02
5.523790311917764484e-02
5.747974789301224519e-02
6.049879369129484985e-02
6.434934849721685168e-02
6.909755437300191261e-02
7.480370466373642557e-02
8.149761058871263231e-02
8.915176594223339634e-02
9.765845812444240437e-02
1.068169318166383164e-01
1.163351276430830694e-01
1.258476918159203706e-01
1.349485221488748721e-01
