# 29791
9.375000000000000000e+01
8.972222222222222854e+01
8.597222222222221433e+01
8.250000000000000000e+01
7.930555555555555713e+01
7.638888888888888573e+01
7.375000000000000000e+01
7.138888888888888573e+01
6.930555555555555713e+01
6.750000000000000000e+01
6.597222222222222854e+01
6.472222222222222854e+01
6.375000000000000000e+01
6.305555555555555713e+01
6.263888888888888573e+01
6.250000000000000000e+01
6.263888888888888573e+01
6.305555555555555713e+01
6.375000000000000000e+01
6.472222222222222854e+01
6.597222222222222854e+01
6.750000000000000000e+01
6.930555555555555713e+01
7.138888888888888573e+01
7.375000000000000000e+01
7.638888888888888573e+01
7.930555555555554292e+01
8.250000000000000000e+01
8.597222222222221433e+01
8.972222222222221433e+01
9.375000000000000000e+01
8.972222222222222854e+01
8.569444444444445708e+01
8.194444444444444287e+01
7.847222222222222854e+01
7.527777777777778567e+01
7.236111111111111427e+01
6.972222222222222854e+01
6.736111111111111427e+01
6.527777777777778567e+01
6.347222222222222854e+01
6.194444444444444997e+01
6.069444444444444997e+01
5.972222222222222854e+01
5.902777777777778567e+01
5.861111111111111427e+01
5.847222222222222854e+01
5.861111111111111427e+01
5.902777777777778567e+01
5.972222222222222854e+01
6.069444444444444997e+01
6.194444444444444997e+01
6.347222222222222854e+01
6.527777777777778567e+01
6.736111111111111427e+01
6.972222222222222854e+01
7.236111111111111427e+01
7.527777777777777146e+01
7.847222222222222854e+01
8.194444444444444287e+01
8.569444444444444287e+01
8.972222222222222854e+01
8.597222222222221433e+01
8.194444444444444287e+01
7.819444444444442865e+01
7.472222222222221433e+01
7.152777777777777146e+01
6.861111111111111427e+01
6.597222222222221433e+01
6.361111111111110716e+01
6.152777777777777146e+01
5.972222222222221433e+01
5.819444444444444287e+01
5.694444444444444287e+01
5.597222222222221433e+01
5.527777777777777146e+01
5.486111111111110716e+01
5.472222222222221433e+01
5.486111111111110716e+01
5.527777777777777146e+01
5.597222222222221433e+01
5.694444444444444287e+01
5.819444444444443576e+01
5.972222222222221433e+01
6.152777777777777146e+01
6.361111111111110006e+01
6.597222222222221433e+01
6.861111111111110006e+01
7.152777777777777146e+01
7.472222222222221433e+01
7.819444444444442865e+01
8.194444444444442865e+01
8.597222222222221433e+01
8.250000000000000000e+01
7.847222222222222854e+01
7.472222222222221433e+01
7.125000000000000000e+01
6.805555555555555713e+01
6.513888888888888573e+01
6.250000000000000000e+01
6.013888888888889284e+01
5.805555555555555713e+01
5.625000000000000000e+01
5.472222222222222143e+01
5.347222222222222143e+01
5.250000000000000000e+01
5.180555555555555713e+01
5.138888888888888573e+01
5.125000000000000000e+01
5.138888888888888573e+01
5.180555555555555713e+01
5.250000000000000000e+01
5.347222222222222143e+01
5.472222222222222143e+01
5.625000000000000000e+01
5.805555555555555713e+01
6.013888888888888573e+01
6.250000000000000000e+01
6.513888888888888573e+01
6.805555555555554292e+01
7.125000000000000000e+01
7.472222222222221433e+01
7.847222222222221433e+01
8.250000000000000000e+01
7.930555555555555713e+01
7.527777777777778567e+01
7.152777777777777146e+01
6.805555555555555713e+01
6.486111111111111427e+01
6.194444444444444997e+01
5.930555555555555713e+01
5.694444444444444997e+01
5.486111111111111427e+01
5.305555555555555713e+01
5.152777777777777857e+01
5.027777777777777857e+01
4.930555555555555713e+01
4.861111111111111427e+01
4.819444444444444287e+01
4.805555555555555713e+01
4.819444444444444287e+01
4.861111111111111427e+01
4.930555555555555713e+01
5.027777777777777857e+01
5.152777777777777857e+01
5.305555555555555713e+01
5.486111111111111427e+01
5.694444444444444287e+01
5.930555555555555713e+01
6.194444444444443576e+01
6.486111111111111427e+01
6.805555555555555713e+01
7.152777777777777146e+01
7.527777777777777146e+01
7.930555555555555713e+01
7.638888888888888573e+01
7.236111111111111427e+01
6.861111111111111427e+01
6.513888888888888573e+01
6.194444444444444997e+01
5.902777777777778567e+01
5.638888888888889284e+01
5.402777777777778567e+01
5.194444444444444997e+01
5.013888888888889284e+01
4.861111111111111427e+01
4.736111111111111427e+01
4.638888888888889284e+01
4.569444444444444287e+01
4.527777777777777857e+01
4.513888888888889284e+01
4.527777777777777857e+01
4.569444444444444287e+01
4.638888888888889284e+01
4.736111111111111427e+01
4.861111111111111427e+01
5.013888888888889284e+01
5.194444444444444287e+01
5.402777777777777857e+01
5.638888888888889284e+01
5.902777777777777146e+01
6.194444444444444287e+01
6.513888888888888573e+01
6.861111111111110006e+01
7.236111111111111427e+01
7.638888888888888573e+01
7.375000000000000000e+01
6.972222222222222854e+01
6.597222222222221433e+01
6.250000000000000000e+01
5.930555555555555713e+01
5.638888888888889284e+01
5.375000000000000000e+01
5.138888888888889284e+01
4.930555555555555713e+01
4.750000000000000000e+01
4.597222222222222143e+01
4.472222222222222143e+01
4.375000000000000000e+01
4.305555555555555713e+01
4.263888888888888573e+01
4.250000000000000000e+01
4.263888888888888573e+01
4.305555555555555713e+01
4.375000000000000000e+01
4.472222222222222143e+01
4.597222222222222143e+01
4.750000000000000000e+01
4.930555555555555713e+01
5.138888888888888573e+01
5.375000000000000000e+01
5.638888888888887863e+01
5.930555555555555003e+01
6.250000000000000000e+01
6.597222222222221433e+01
6.972222222222221433e+01
7.375000000000000000e+01
7.138888888888888573e+01
6.736111111111111427e+01
6.361111111111110716e+01
6.013888888888889284e+01
5.694444444444444997e+01
5.402777777777778567e+01
5.138888888888889284e+01
4.902777777777778567e+01
4.694444444444444997e+01
4.513888888888889284e+01
4.361111111111111427e+01
4.236111111111111427e+01
4.138888888888889284e+01
4.069444444444444287e+01
4.027777777777777857e+01
4.013888888888889284e+01
4.027777777777777857e+01
4.069444444444444287e+01
4.138888888888889284e+01
4.236111111111111427e+01
4.361111111111111427e+01
4.513888888888889284e+01
4.694444444444444287e+01
4.902777777777777857e+01
5.138888888888889284e+01
5.402777777777777146e+01
5.694444444444444287e+01
6.013888888888889284e+01
6.361111111111110006e+01
6.736111111111111427e+01
7.138888888888888573e+01
6.930555555555555713e+01
6.527777777777778567e+01
6.152777777777777146e+01
5.805555555555555713e+01
5.486111111111111427e+01
5.194444444444444997e+01
4.930555555555555713e+01
4.694444444444444997e+01
4.486111111111111427e+01
4.305555555555555713e+01
4.152777777777777857e+01
4.027777777777777857e+01
3.930555555555555713e+01
3.861111111111111427e+01
3.819444444444444287e+01
3.805555555555555713e+01
3.819444444444444287e+01
3.861111111111111427e+01
3.930555555555555713e+01
4.027777777777777857e+01
4.152777777777777857e+01
4.305555555555555713e+01
4.486111111111111427e+01
4.694444444444444287e+01
4.930555555555555713e+01
5.194444444444443576e+01
5.486111111111110716e+01
5.805555555555555713e+01
6.152777777777777146e+01
6.527777777777777146e+01
6.930555555555555713e+01
6.750000000000000000e+01
6.347222222222222854e+01
5.972222222222221433e+01
5.625000000000000000e+01
5.305555555555555713e+01
5.013888888888889284e+01
4.750000000000000000e+01
4.513888888888889284e+01
4.305555555555555713e+01
4.125000000000000000e+01
3.972222222222222143e+01
3.847222222222222143e+01
3.750000000000000000e+01
3.680555555555555713e+01
3.638888888888888573e+01
3.625000000000000000e+01
3.638888888888888573e+01
3.680555555555555713e+01
3.750000000000000000e+01
3.847222222222222143e+01
3.972222222222222143e+01
4.125000000000000000e+01
4.305555555555555713e+01
4.513888888888888573e+01
4.750000000000000000e+01
5.013888888888887863e+01
5.305555555555555003e+01
5.625000000000000000e+01
5.972222222222221433e+01
6.347222222222221433e+01
6.750000000000000000e+01
6.597222222222222854e+01
6.194444444444444997e+01
5.819444444444444287e+01
5.472222222222222143e+01
5.152777777777777857e+01
4.861111111111111427e+01
4.597222222222222143e+01
4.361111111111111427e+01
4.152777777777777857e+01
3.972222222222222143e+01
3.819444444444444287e+01
3.694444444444444287e+01
3.597222222222222143e+01
3.527777777777777857e+01
3.486111111111111427e+01
3.472222222222222143e+01
3.486111111111111427e+01
3.527777777777777857e+01
3.597222222222222143e+01
3.694444444444444287e+01
3.819444444444444287e+01
3.972222222222222143e+01
4.152777777777777857e+01
4.361111111111110716e+01
4.597222222222222143e+01
4.861111111111110006e+01
5.152777777777777146e+01
5.472222222222222143e+01
5.819444444444443576e+01
6.194444444444443576e+01
6.597222222222222854e+01
6.472222222222222854e+01
6.069444444444444997e+01
5.694444444444444287e+01
5.347222222222222143e+01
5.027777777777777857e+01
4.736111111111111427e+01
4.472222222222222143e+01
4.236111111111111427e+01
4.027777777777777857e+01
3.847222222222222143e+01
3.694444444444444287e+01
3.569444444444444287e+01
3.472222222222222143e+01
3.402777777777777857e+01
3.361111111111111427e+01
3.347222222222222143e+01
3.361111111111111427e+01
3.402777777777777857e+01
3.472222222222222143e+01
3.569444444444444287e+01
3.694444444444444287e+01
3.847222222222222143e+01
4.027777777777777857e+01
4.236111111111110716e+01
4.472222222222222143e+01
4.736111111111110006e+01
5.027777777777777146e+01
5.347222222222222143e+01
5.694444444444442865e+01
6.069444444444443576e+01
6.472222222222222854e+01
6.375000000000000000e+01
5.972222222222222854e+01
5.597222222222221433e+01
5.250000000000000000e+01
4.930555555555555713e+01
4.638888888888889284e+01
4.375000000000000000e+01
4.138888888888889284e+01
3.930555555555555713e+01
3.750000000000000000e+01
3.597222222222222143e+01
3.472222222222222143e+01
3.375000000000000000e+01
3.305555555555555713e+01
3.263888888888888573e+01
3.250000000000000000e+01
3.263888888888888573e+01
3.305555555555555713e+01
3.375000000000000000e+01
3.472222222222222143e+01
3.597222222222222143e+01
3.750000000000000000e+01
3.930555555555555713e+01
4.138888888888888573e+01
4.375000000000000000e+01
4.638888888888887863e+01
4.930555555555555003e+01
5.250000000000000000e+01
5.597222222222221433e+01
5.972222222222221433e+01
6.375000000000000000e+01
6.305555555555555713e+01
5.902777777777778567e+01
5.527777777777777146e+01
5.180555555555555713e+01
4.861111111111111427e+01
4.569444444444444287e+01
4.305555555555555713e+01
4.069444444444444287e+01
3.861111111111111427e+01
3.680555555555555713e+01
3.527777777777777857e+01
3.402777777777777857e+01
3.305555555555555713e+01
3.236111111111111427e+01
3.194444444444444642e+01
3.180555555555555713e+01
3.194444444444444287e+01
3.236111111111111427e+01
3.305555555555555713e+01
3.402777777777777857e+01
3.527777777777777857e+01
3.680555555555555713e+01
3.861111111111110716e+01
4.069444444444444287e+01
4.305555555555555713e+01
4.569444444444443576e+01
4.861111111111110716e+01
5.180555555555555713e+01
5.527777777777777146e+01
5.902777777777777146e+01
6.305555555555555713e+01
6.263888888888888573e+01
5.861111111111111427e+01
5.486111111111110716e+01
5.138888888888888573e+01
4.819444444444444287e+01
4.527777777777777857e+01
4.263888888888888573e+01
4.027777777777777857e+01
3.819444444444444287e+01
3.638888888888888573e+01
3.486111111111111427e+01
3.361111111111111427e+01
3.263888888888888573e+01
3.194444444444444642e+01
3.152777777777777857e+01
3.138888888888888928e+01
3.152777777777777857e+01
3.194444444444444287e+01
3.263888888888888573e+01
3.361111111111111427e+01
3.486111111111110716e+01
3.638888888888888573e+01
3.819444444444444287e+01
4.027777777777777146e+01
4.263888888888888573e+01
4.527777777777777146e+01
4.819444444444444287e+01
5.138888888888888573e+01
5.486111111111110006e+01
5.861111111111110006e+01
6.263888888888888573e+01
6.250000000000000000e+01
5.847222222222222854e+01
5.472222222222221433e+01
5.125000000000000000e+01
4.805555555555555713e+01
4.513888888888889284e+01
4.250000000000000000e+01
4.013888888888889284e+01
3.805555555555555713e+01
3.625000000000000000e+01
3.472222222222222143e+01
3.347222222222222143e+01
3.250000000000000000e+01
3.180555555555555713e+01
3.138888888888888928e+01
3.125000000000000000e+01
3.138888888888888928e+01
3.180555555555555358e+01
3.250000000000000000e+01
3.347222222222222143e+01
3.472222222222222143e+01
3.625000000000000000e+01
3.805555555555555713e+01
4.013888888888888573e+01
4.250000000000000000e+01
4.513888888888887863e+01
4.805555555555555003e+01
5.125000000000000000e+01
5.472222222222221433e+01
5.847222222222221433e+01
6.250000000000000000e+01
6.263888888888888573e+01
5.861111111111111427e+01
5.486111111111110716e+01
5.138888888888888573e+01
4.819444444444444287e+01
4.527777777777777857e+01
4.263888888888888573e+01
4.027777777777777857e+01
3.819444444444444287e+01
3.638888888888888573e+01
3.486111111111111427e+01
3.361111111111111427e+01
3.263888888888888573e+01
3.194444444444444287e+01
3.152777777777777857e+01
3.138888888888888928e+01
3.152777777777777857e+01
3.194444444444444287e+01
3.263888888888888573e+01
3.361111111111110716e+01
3.486111111111110716e+01
3.638888888888888573e+01
3.819444444444444287e+01
4.027777777777777146e+01
4.263888888888888573e+01
4.527777777777777146e+01
4.819444444444444287e+01
5.138888888888888573e+01
5.486111111111110006e+01
5.861111111111110006e+01
6.263888888888888573e+01
6.305555555555555713e+01
5.902777777777778567e+01
5.527777777777777146e+01
5.180555555555555713e+01
4.861111111111111427e+01
4.569444444444444287e+01
4.305555555555555713e+01
4.069444444444444287e+01
3.861111111111111427e+01
3.680555555555555713e+01
3.527777777777777857e+01
3.402777777777777857e+01
3.305555555555555713e+01
3.236111111111111427e+01
3.194444444444444287e+01
3.180555555555555358e+01
3.194444444444444287e+01
3.236111111111110716e+01
3.305555555555555713e+01
3.402777777777777857e+01
3.527777777777777146e+01
3.680555555555555713e+01
3.861111111111110716e+01
4.069444444444444287e+01
4.305555555555555713e+01
4.569444444444443576e+01
4.861111111111110006e+01
5.180555555555555713e+01
5.527777777777776436e+01
5.902777777777777146e+01
6.305555555555555713e+01
6.375000000000000000e+01
5.972222222222222854e+01
5.597222222222221433e+01
5.250000000000000000e+01
4.930555555555555713e+01
4.638888888888889284e+01
4.375000000000000000e+01
4.138888888888889284e+01
3.930555555555555713e+01
3.750000000000000000e+01
3.597222222222222143e+01
3.472222222222222143e+01
3.375000000000000000e+01
3.305555555555555713e+01
3.263888888888888573e+01
3.250000000000000000e+01
3.263888888888888573e+01
3.305555555555555713e+01
3.375000000000000000e+01
3.472222222222222143e+01
3.597222222222222143e+01
3.750000000000000000e+01
3.930555555555555713e+01
4.138888888888888573e+01
4.375000000000000000e+01
4.638888888888887863e+01
4.930555555555555003e+01
5.250000000000000000e+01
5.597222222222221433e+01
5.972222222222221433e+01
6.375000000000000000e+01
6.472222222222222854e+01
6.069444444444444997e+01
5.694444444444444287e+01
5.347222222222222143e+01
5.027777777777777857e+01
4.736111111111111427e+01
4.472222222222222143e+01
4.236111111111111427e+01
4.027777777777777857e+01
3.847222222222222143e+01
3.694444444444444287e+01
3.569444444444444287e+01
3.472222222222222143e+01
3.402777777777777857e+01
3.361111111111111427e+01
3.347222222222222143e+01
3.361111111111110716e+01
3.402777777777777857e+01
3.472222222222222143e+01
3.569444444444444287e+01
3.694444444444444287e+01
3.847222222222222143e+01
4.027777777777777146e+01
4.236111111111110716e+01
4.472222222222222143e+01
4.736111111111110006e+01
5.027777777777777146e+01
5.347222222222222143e+01
5.694444444444442865e+01
6.069444444444443576e+01
6.472222222222222854e+01
6.597222222222222854e+01
6.194444444444444997e+01
5.819444444444443576e+01
5.472222222222222143e+01
5.152777777777777857e+01
4.861111111111111427e+01
4.597222222222222143e+01
4.361111111111111427e+01
4.152777777777777857e+01
3.972222222222222143e+01
3.819444444444444287e+01
3.694444444444444287e+01
3.597222222222222143e+01
3.527777777777777857e+01
3.486111111111110716e+01
3.472222222222222143e+01
3.486111111111110716e+01
3.527777777777777146e+01
3.597222222222222143e+01
3.694444444444444287e+01
3.819444444444444287e+01
3.972222222222222143e+01
4.152777777777777146e+01
4.361111111111110716e+01
4.597222222222222143e+01
4.861111111111110006e+01
5.152777777777777146e+01
5.472222222222222143e+01
5.819444444444442865e+01
6.194444444444443576e+01
6.597222222222222854e+01
6.750000000000000000e+01
6.347222222222222854e+01
5.972222222222221433e+01
5.625000000000000000e+01
5.305555555555555713e+01
5.013888888888889284e+01
4.750000000000000000e+01
4.513888888888889284e+01
4.305555555555555713e+01
4.125000000000000000e+01
3.972222222222222143e+01
3.847222222222222143e+01
3.750000000000000000e+01
3.680555555555555713e+01
3.638888888888888573e+01
3.625000000000000000e+01
3.638888888888888573e+01
3.680555555555555713e+01
3.750000000000000000e+01
3.847222222222222143e+01
3.972222222222222143e+01
4.125000000000000000e+01
4.305555555555555713e+01
4.513888888888888573e+01
4.750000000000000000e+01
5.013888888888887863e+01
5.305555555555555003e+01
5.625000000000000000e+01
5.972222222222221433e+01
6.347222222222221433e+01
6.750000000000000000e+01
6.930555555555555713e+01
6.527777777777778567e+01
6.152777777777777146e+01
5.805555555555555713e+01
5.486111111111111427e+01
5.194444444444444287e+01
4.930555555555555713e+01
4.694444444444444287e+01
4.486111111111111427e+01
4.305555555555555713e+01
4.152777777777777857e+01
4.027777777777777857e+01
3.930555555555555713e+01
3.861111111111110716e+01
3.819444444444444287e+01
3.805555555555555713e+01
3.819444444444444287e+01
3.861111111111110716e+01
3.930555555555555713e+01
4.027777777777777146e+01
4.152777777777777146e+01
4.305555555555555713e+01
4.486111111111110716e+01
4.694444444444444287e+01
4.930555555555555713e+01
5.194444444444442865e+01
5.486111111111110006e+01
5.805555555555555713e+01
6.152777777777776436e+01
6.527777777777777146e+01
6.930555555555555713e+01
7.138888888888888573e+01
6.736111111111111427e+01
6.361111111111110006e+01
6.013888888888888573e+01
5.694444444444444287e+01
5.402777777777777857e+01
5.138888888888888573e+01
4.902777777777777857e+01
4.694444444444444287e+01
4.513888888888888573e+01
4.361111111111110716e+01
4.236111111111110716e+01
4.138888888888888573e+01
4.069444444444444287e+01
4.027777777777777146e+01
4.013888888888888573e+01
4.027777777777777146e+01
4.069444444444444287e+01
4.138888888888888573e+01
4.236111111111110716e+01
4.361111111111110716e+01
4.513888888888888573e+01
4.694444444444444287e+01
4.902777777777777146e+01
5.138888888888888573e+01
5.402777777777776436e+01
5.694444444444443576e+01
6.013888888888888573e+01
6.361111111111110006e+01
6.736111111111110006e+01
7.138888888888888573e+01
7.375000000000000000e+01
6.972222222222222854e+01
6.597222222222221433e+01
6.250000000000000000e+01
5.930555555555555713e+01
5.638888888888889284e+01
5.375000000000000000e+01
5.138888888888889284e+01
4.930555555555555713e+01
4.750000000000000000e+01
4.597222222222222143e+01
4.472222222222222143e+01
4.375000000000000000e+01
4.305555555555555713e+01
4.263888888888888573e+01
4.250000000000000000e+01
4.263888888888888573e+01
4.305555555555555713e+01
4.375000000000000000e+01
4.472222222222222143e+01
4.597222222222222143e+01
4.750000000000000000e+01
4.930555555555555713e+01
5.138888888888888573e+01
5.375000000000000000e+01
5.638888888888887863e+01
5.930555555555555003e+01
6.250000000000000000e+01
6.597222222222221433e+01
6.972222222222221433e+01
7.375000000000000000e+01
7.638888888888888573e+01
7.236111111111111427e+01
6.861111111111110006e+01
6.513888888888888573e+01
6.194444444444443576e+01
5.902777777777777146e+01
5.638888888888887863e+01
5.402777777777777146e+01
5.194444444444443576e+01
5.013888888888887863e+01
4.861111111111110006e+01
4.736111111111110006e+01
4.638888888888887863e+01
4.569444444444443576e+01
4.527777777777777146e+01
4.513888888888887863e+01
4.527777777777777146e+01
4.569444444444443576e+01
4.638888888888887863e+01
4.736111111111110006e+01
4.861111111111110006e+01
5.013888888888887863e+01
5.194444444444442865e+01
5.402777777777776436e+01
5.638888888888887863e+01
5.902777777777775725e+01
6.194444444444442865e+01
6.513888888888888573e+01
6.861111111111108585e+01
7.236111111111108585e+01
7.638888888888888573e+01
7.930555555555554292e+01
7.527777777777777146e+01
7.152777777777777146e+01
6.805555555555554292e+01
6.486111111111111427e+01
6.194444444444444287e+01
5.930555555555555003e+01
5.694444444444444287e+01
5.486111111111110716e+01
5.305555555555555003e+01
5.152777777777777146e+01
5.027777777777777146e+01
4.930555555555555003e+01
4.861111111111110716e+01
4.819444444444444287e+01
4.805555555555555003e+01
4.819444444444444287e+01
4.861111111111110006e+01
4.930555555555555003e+01
5.027777777777777146e+01
5.152777777777777146e+01
5.305555555555555003e+01
5.486111111111110006e+01
5.694444444444443576e+01
5.930555555555555003e+01
6.194444444444442865e+01
6.486111111111110006e+01
6.805555555555554292e+01
7.152777777777775725e+01
7.527777777777777146e+01
7.930555555555554292e+01
8.250000000000000000e+01
7.847222222222222854e+01
7.472222222222221433e+01
7.125000000000000000e+01
6.805555555555555713e+01
6.513888888888888573e+01
6.250000000000000000e+01
6.013888888888889284e+01
5.805555555555555713e+01
5.625000000000000000e+01
5.472222222222222143e+01
5.347222222222222143e+01
5.250000000000000000e+01
5.180555555555555713e+01
5.138888888888888573e+01
5.125000000000000000e+01
5.138888888888888573e+01
5.180555555555555713e+01
5.250000000000000000e+01
5.347222222222222143e+01
5.472222222222222143e+01
5.625000000000000000e+01
5.805555555555555713e+01
6.013888888888888573e+01
6.250000000000000000e+01
6.513888888888888573e+01
6.805555555555554292e+01
7.125000000000000000e+01
7.472222222222221433e+01
7.847222222222221433e+01
8.250000000000000000e+01
8.597222222222221433e+01
8.194444444444444287e+01
7.819444444444442865e+01
7.472222222222221433e+01
7.152777777777777146e+01
6.861111111111110006e+01
6.597222222222221433e+01
6.361111111111110006e+01
6.152777777777777146e+01
5.972222222222221433e+01
5.819444444444443576e+01
5.694444444444442865e+01
5.597222222222221433e+01
5.527777777777777146e+01
5.486111111111110006e+01
5.472222222222221433e+01
5.486111111111110006e+01
5.527777777777776436e+01
5.597222222222221433e+01
5.694444444444442865e+01
5.819444444444442865e+01
5.972222222222221433e+01
6.152777777777776436e+01
6.361111111111110006e+01
6.597222222222221433e+01
6.861111111111108585e+01
7.152777777777775725e+01
7.472222222222221433e+01
7.819444444444442865e+01
8.194444444444442865e+01
8.597222222222221433e+01
8.972222222222221433e+01
8.569444444444444287e+01
8.194444444444442865e+01
7.847222222222221433e+01
7.527777777777777146e+01
7.236111111111111427e+01
6.972222222222221433e+01
6.736111111111111427e+01
6.527777777777777146e+01
6.347222222222221433e+01
6.194444444444443576e+01
6.069444444444443576e+01
5.972222222222221433e+01
5.902777777777777146e+01
5.861111111111110006e+01
5.847222222222221433e+01
5.861111111111110006e+01
5.902777777777777146e+01
5.972222222222221433e+01
6.069444444444443576e+01
6.194444444444443576e+01
6.347222222222221433e+01
6.527777777777777146e+01
6.736111111111110006e+01
6.972222222222221433e+01
7.236111111111108585e+01
7.527777777777777146e+01
7.847222222222221433e+01
8.194444444444442865e+01
8.569444444444442865e+01
8.972222222222221433e+01
9.375000000000000000e+01
8.972222222222222854e+01
8.597222222222221433e+01
8.250000000000000000e+01
7.930555555555555713e+01
7.638888888888888573e+01
7.375000000000000000e+01
7.138888888888888573e+01
6.930555555555555713e+01
6.750000000000000000e+01
6.597222222222222854e+01
6.472222222222222854e+01
6.375000000000000000e+01
6.305555555555555713e+01
6.263888888888888573e+01
6.250000000000000000e+01
6.263888888888888573e+01
6.305555555555555713e+01
6.375000000000000000e+01
6.472222222222222854e+01
6.597222222222222854e+01
6.750000000000000000e+01
6.930555555555555713e+01
7.138888888888888573e+01
7.375000000000000000e+01
7.638888888888888573e+01
7.930555555555554292e+01
8.250000000000000000e+01
8.597222222222221433e+01
8.972222222222221433e+01
9.375000000000000000e+01
8.972222222222222854e+01
8.569444444444445708e+01
8.194444444444444287e+01
7.847222222222222854e+01
7.527777777777778567e+01
7.236111111111111427e+01
6.972222222222222854e+01
6.736111111111111427e+01
6.527777777777778567e+01
6.347222222222222854e+01
6.194444444444444997e+01
6.069444444444444997e+01
5.972222222222222854e+01
5.902777777777778567e+01
5.861111111111111427e+01
5.847222222222222854e+01
5.861111111111111427e+01
5.902777777777778567e+01
5.972222222222222854e+01
6.069444444444444997e+01
6.194444444444444997e+01
6.347222222222222854e+01
6.527777777777778567e+01
6.736111111111111427e+01
6.972222222222222854e+01
7.236111111111111427e+01
7.527777777777777146e+01
7.847222222222222854e+01
8.194444444444444287e+01
8.569444444444444287e+01
8.972222222222222854e+01
8.569444444444445708e+01
8.166666666666668561e+01
7.791666666666667140e+01
7.444444444444445708e+01
7.125000000000001421e+01
6.833333333333334281e+01
6.569444444444445708e+01
6.333333333333334991e+01
6.125000000000001421e+01
5.944444444444445708e+01
5.791666666666667851e+01
5.666666666666667851e+01
5.569444444444445708e+01
5.500000000000001421e+01
5.458333333333334281e+01
5.444444444444445708e+01
5.458333333333334281e+01
5.500000000000001421e+01
5.569444444444445708e+01
5.666666666666667851e+01
5.791666666666667851e+01
5.944444444444445708e+01
6.125000000000001421e+01
6.333333333333334281e+01
6.569444444444445708e+01
6.833333333333334281e+01
7.125000000000000000e+01
7.444444444444445708e+01
7.791666666666667140e+01
8.166666666666667140e+01
8.569444444444445708e+01
8.194444444444444287e+01
7.791666666666667140e+01
7.416666666666665719e+01
7.069444444444444287e+01
6.750000000000000000e+01
6.458333333333334281e+01
6.194444444444444287e+01
5.958333333333333570e+01
5.750000000000000000e+01
5.569444444444444287e+01
5.416666666666667140e+01
5.291666666666667140e+01
5.194444444444444287e+01
5.125000000000000000e+01
5.083333333333333570e+01
5.069444444444444287e+01
5.083333333333333570e+01
5.125000000000000000e+01
5.194444444444444287e+01
5.291666666666667140e+01
5.416666666666666430e+01
5.569444444444444287e+01
5.750000000000000000e+01
5.958333333333332860e+01
6.194444444444444287e+01
6.458333333333332860e+01
6.750000000000000000e+01
7.069444444444444287e+01
7.416666666666665719e+01
7.791666666666665719e+01
8.194444444444444287e+01
7.847222222222222854e+01
7.444444444444445708e+01
7.069444444444444287e+01
6.722222222222222854e+01
6.402777777777778567e+01
6.111111111111112137e+01
5.847222222222222854e+01
5.611111111111112137e+01
5.402777777777778567e+01
5.222222222222222854e+01
5.069444444444444997e+01
4.944444444444444997e+01
4.847222222222222854e+01
4.777777777777778567e+01
4.736111111111111427e+01
4.722222222222222854e+01
4.736111111111111427e+01
4.777777777777778567e+01
4.847222222222222854e+01
4.944444444444444997e+01
5.069444444444444997e+01
5.222222222222222854e+01
5.402777777777778567e+01
5.611111111111111427e+01
5.847222222222222854e+01
6.111111111111110716e+01
6.402777777777777146e+01
6.722222222222222854e+01
7.069444444444444287e+01
7.444444444444444287e+01
7.847222222222222854e+01
7.527777777777778567e+01
7.125000000000001421e+01
6.750000000000000000e+01
6.402777777777778567e+01
6.083333333333334281e+01
5.791666666666667851e+01
5.527777777777778567e+01
5.291666666666667851e+01
5.083333333333334281e+01
4.902777777777778567e+01
4.750000000000000711e+01
4.625000000000000711e+01
4.527777777777778567e+01
4.458333333333334281e+01
4.416666666666667140e+01
4.402777777777778567e+01
4.416666666666667140e+01
4.458333333333334281e+01
4.527777777777778567e+01
4.625000000000000711e+01
4.750000000000000711e+01
4.902777777777778567e+01
5.083333333333334281e+01
5.291666666666667140e+01
5.527777777777778567e+01
5.791666666666666430e+01
6.083333333333333570e+01
6.402777777777778567e+01
6.750000000000000000e+01
7.125000000000000000e+01
7.527777777777778567e+01
7.236111111111111427e+01
6.833333333333334281e+01
6.458333333333334281e+01
6.111111111111112137e+01
5.791666666666667851e+01
5.500000000000001421e+01
5.236111111111112137e+01
5.000000000000001421e+01
4.791666666666667851e+01
4.611111111111112137e+01
4.458333333333334281e+01
4.333333333333334281e+01
4.236111111111112137e+01
4.166666666666667140e+01
4.125000000000000711e+01
4.111111111111112137e+01
4.125000000000000711e+01
4.166666666666667140e+01
4.236111111111112137e+01
4.333333333333334281e+01
4.458333333333334281e+01
4.611111111111112137e+01
4.791666666666667140e+01
5.000000000000000711e+01
5.236111111111112137e+01
5.500000000000000000e+01
5.791666666666667140e+01
6.111111111111112137e+01
6.458333333333332860e+01
6.833333333333334281e+01
7.236111111111111427e+01
6.972222222222222854e+01
6.569444444444445708e+01
6.194444444444444287e+01
5.847222222222222854e+01
5.527777777777778567e+01
5.236111111111112137e+01
4.972222222222222854e+01
4.736111111111112137e+01
4.527777777777778567e+01
4.347222222222222854e+01
4.194444444444444997e+01
4.069444444444444997e+01
3.972222222222222854e+01
3.902777777777778567e+01
3.861111111111111427e+01
3.847222222222222854e+01
3.861111111111111427e+01
3.902777777777778567e+01
3.972222222222222854e+01
4.069444444444444997e+01
4.194444444444444997e+01
4.347222222222222854e+01
4.527777777777778567e+01
4.736111111111111427e+01
4.972222222222222854e+01
5.236111111111110716e+01
5.527777777777777857e+01
5.847222222222222854e+01
6.194444444444444287e+01
6.569444444444444287e+01
6.972222222222222854e+01
6.736111111111111427e+01
6.333333333333334991e+01
5.958333333333333570e+01
5.611111111111112137e+01
5.291666666666667851e+01
5.000000000000001421e+01
4.736111111111112137e+01
4.500000000000001421e+01
4.291666666666667851e+01
4.111111111111112137e+01
3.958333333333334281e+01
3.833333333333334281e+01
3.736111111111112137e+01
3.666666666666667140e+01
3.625000000000000711e+01
3.611111111111112137e+01
3.625000000000000711e+01
3.666666666666667140e+01
3.736111111111112137e+01
3.833333333333334281e+01
3.958333333333334281e+01
4.111111111111112137e+01
4.291666666666667140e+01
4.500000000000000711e+01
4.736111111111112137e+01
5.000000000000000000e+01
5.291666666666667140e+01
5.611111111111112137e+01
5.958333333333332860e+01
6.333333333333333570e+01
6.736111111111111427e+01
6.527777777777778567e+01
6.125000000000001421e+01
5.750000000000000000e+01
5.402777777777778567e+01
5.083333333333334281e+01
4.791666666666667851e+01
4.527777777777778567e+01
4.291666666666667851e+01
4.083333333333334281e+01
3.902777777777778567e+01
3.750000000000000711e+01
3.625000000000000711e+01
3.527777777777778567e+01
3.458333333333334281e+01
3.416666666666667140e+01
3.402777777777778567e+01
3.416666666666667140e+01
3.458333333333334281e+01
3.527777777777778567e+01
3.625000000000000711e+01
3.750000000000000711e+01
3.902777777777778567e+01
4.083333333333334281e+01
4.291666666666667140e+01
4.527777777777778567e+01
4.791666666666666430e+01
5.083333333333333570e+01
5.402777777777778567e+01
5.750000000000000000e+01
6.125000000000000000e+01
6.527777777777778567e+01
6.347222222222222854e+01
5.944444444444445708e+01
5.569444444444444287e+01
5.222222222222222854e+01
4.902777777777778567e+01
4.611111111111112137e+01
4.347222222222222854e+01
4.111111111111112137e+01
3.902777777777778567e+01
3.722222222222222854e+01
3.569444444444444997e+01
3.444444444444444997e+01
3.347222222222222854e+01
3.277777777777778567e+01
3.236111111111111427e+01
3.222222222222222854e+01
3.236111111111111427e+01
3.277777777777778567e+01
3.347222222222222854e+01
3.444444444444444997e+01
3.569444444444444997e+01
3.722222222222222854e+01
3.902777777777778567e+01
4.111111111111111427e+01
4.347222222222222854e+01
4.611111111111110716e+01
4.902777777777777857e+01
5.222222222222222854e+01
5.569444444444444287e+01
5.944444444444444287e+01
6.347222222222222854e+01
6.194444444444444997e+01
5.791666666666667851e+01
5.416666666666667140e+01
5.069444444444444997e+01
4.750000000000000711e+01
4.458333333333334281e+01
4.194444444444444997e+01
3.958333333333334281e+01
3.750000000000000711e+01
3.569444444444444997e+01
3.416666666666667140e+01
3.291666666666667140e+01
3.194444444444444997e+01
3.125000000000000711e+01
3.083333333333334281e+01
3.069444444444444997e+01
3.083333333333333925e+01
3.125000000000000711e+01
3.194444444444444997e+01
3.291666666666667140e+01
3.416666666666667140e+01
3.569444444444444997e+01
3.750000000000000711e+01
3.958333333333333570e+01
4.194444444444444997e+01
4.458333333333332860e+01
4.750000000000000000e+01
5.069444444444444997e+01
5.416666666666666430e+01
5.791666666666666430e+01
6.194444444444444997e+01
6.069444444444444997e+01
5.666666666666667851e+01
5.291666666666667140e+01
4.944444444444444997e+01
4.625000000000000711e+01
4.333333333333334281e+01
4.069444444444444997e+01
3.833333333333334281e+01
3.625000000000000711e+01
3.444444444444444997e+01
3.291666666666667140e+01
3.166666666666667496e+01
3.069444444444444997e+01
3.000000000000000711e+01
2.958333333333333925e+01
2.944444444444444997e+01
2.958333333333333925e+01
3.000000000000000711e+01
3.069444444444444997e+01
3.166666666666667140e+01
3.291666666666667140e+01
3.444444444444444997e+01
3.625000000000000711e+01
3.833333333333333570e+01
4.069444444444444997e+01
4.333333333333332860e+01
4.625000000000000000e+01
4.944444444444444997e+01
5.291666666666665719e+01
5.666666666666666430e+01
6.069444444444444997e+01
5.972222222222222854e+01
5.569444444444445708e+01
5.194444444444444287e+01
4.847222222222222854e+01
4.527777777777778567e+01
4.236111111111112137e+01
3.972222222222222854e+01
3.736111111111112137e+01
3.527777777777778567e+01
3.347222222222222854e+01
3.194444444444444997e+01
3.069444444444444997e+01
2.972222222222222854e+01
2.902777777777778567e+01
2.861111111111111782e+01
2.847222222222222854e+01
2.861111111111111782e+01
2.902777777777778212e+01
2.972222222222222854e+01
3.069444444444444997e+01
3.194444444444444997e+01
3.347222222222222854e+01
3.527777777777778567e+01
3.736111111111111427e+01
3.972222222222222854e+01
4.236111111111110716e+01
4.527777777777777857e+01
4.847222222222222854e+01
5.194444444444444287e+01
5.569444444444444287e+01
5.972222222222222854e+01
5.902777777777778567e+01
5.500000000000001421e+01
5.125000000000000000e+01
4.777777777777778567e+01
4.458333333333334281e+01
4.166666666666667140e+01
3.902777777777778567e+01
3.666666666666667140e+01
3.458333333333334281e+01
3.277777777777778567e+01
3.125000000000000711e+01
3.000000000000000711e+01
2.902777777777778567e+01
2.833333333333333925e+01
2.791666666666667496e+01
2.777777777777778567e+01
2.791666666666667140e+01
2.833333333333333925e+01
2.902777777777778567e+01
3.000000000000000711e+01
3.125000000000000355e+01
3.277777777777778567e+01
3.458333333333333570e+01
3.666666666666667140e+01
3.902777777777778567e+01
4.166666666666666430e+01
4.458333333333333570e+01
4.777777777777778567e+01
5.125000000000000000e+01
5.500000000000000000e+01
5.902777777777778567e+01
5.861111111111111427e+01
5.458333333333334281e+01
5.083333333333333570e+01
4.736111111111111427e+01
4.416666666666667140e+01
4.125000000000000711e+01
3.861111111111111427e+01
3.625000000000000711e+01
3.416666666666667140e+01
3.236111111111111427e+01
3.083333333333334281e+01
2.958333333333333925e+01
2.861111111111111782e+01
2.791666666666667496e+01
2.750000000000000711e+01
2.736111111111111782e+01
2.750000000000000711e+01
2.791666666666667140e+01
2.861111111111111782e+01
2.958333333333333925e+01
3.083333333333333570e+01
3.236111111111111427e+01
3.416666666666667140e+01
3.625000000000000000e+01
3.861111111111111427e+01
4.125000000000000000e+01
4.416666666666667140e+01
4.736111111111111427e+01
5.083333333333332860e+01
5.458333333333332860e+01
5.861111111111111427e+01
5.847222222222222854e+01
5.444444444444445708e+01
5.069444444444444287e+01
4.722222222222222854e+01
4.402777777777778567e+01
4.111111111111112137e+01
3.847222222222222854e+01
3.611111111111112137e+01
3.402777777777778567e+01
3.222222222222222854e+01
3.069444444444444997e+01
2.944444444444444997e+01
2.847222222222222854e+01
2.777777777777778567e+01
2.736111111111111782e+01
2.722222222222222854e+01
2.736111111111111782e+01
2.777777777777778212e+01
2.847222222222222854e+01
2.944444444444444997e+01
3.069444444444444997e+01
3.222222222222222854e+01
3.402777777777778567e+01
3.611111111111111427e+01
3.847222222222222854e+01
4.111111111111110716e+01
4.402777777777777857e+01
4.722222222222222854e+01
5.069444444444444287e+01
5.444444444444444287e+01
5.847222222222222854e+01
5.861111111111111427e+01
5.458333333333334281e+01
5.083333333333333570e+01
4.736111111111111427e+01
4.416666666666667140e+01
4.125000000000000711e+01
3.861111111111111427e+01
3.625000000000000711e+01
3.416666666666667140e+01
3.236111111111111427e+01
3.083333333333333925e+01
2.958333333333333925e+01
2.861111111111111782e+01
2.791666666666667140e+01
2.750000000000000711e+01
2.736111111111111782e+01
2.750000000000000711e+01
2.791666666666667140e+01
2.861111111111111782e+01
2.958333333333333925e+01
3.083333333333333570e+01
3.236111111111111427e+01
3.416666666666667140e+01
3.625000000000000000e+01
3.861111111111111427e+01
4.125000000000000000e+01
4.416666666666667140e+01
4.736111111111111427e+01
5.083333333333332860e+01
5.458333333333332860e+01
5.861111111111111427e+01
5.902777777777778567e+01
5.500000000000001421e+01
5.125000000000000000e+01
4.777777777777778567e+01
4.458333333333334281e+01
4.166666666666667140e+01
3.902777777777778567e+01
3.666666666666667140e+01
3.458333333333334281e+01
3.277777777777778567e+01
3.125000000000000711e+01
3.000000000000000711e+01
2.902777777777778212e+01
2.833333333333333925e+01
2.791666666666667140e+01
2.777777777777778212e+01
2.791666666666667140e+01
2.833333333333333925e+01
2.902777777777778212e+01
3.000000000000000355e+01
3.125000000000000355e+01
3.277777777777778567e+01
3.458333333333333570e+01
3.666666666666667140e+01
3.902777777777778567e+01
4.166666666666666430e+01
4.458333333333332860e+01
4.777777777777778567e+01
5.124999999999999289e+01
5.500000000000000000e+01
5.902777777777778567e+01
5.972222222222222854e+01
5.569444444444445708e+01
5.194444444444444287e+01
4.847222222222222854e+01
4.527777777777778567e+01
4.236111111111112137e+01
3.972222222222222854e+01
3.736111111111112137e+01
3.527777777777778567e+01
3.347222222222222854e+01
3.194444444444444997e+01
3.069444444444444997e+01
2.972222222222222854e+01
2.902777777777778567e+01
2.861111111111111782e+01
2.847222222222222854e+01
2.861111111111111782e+01
2.902777777777778212e+01
2.972222222222222854e+01
3.069444444444444997e+01
3.194444444444444997e+01
3.347222222222222854e+01
3.527777777777778567e+01
3.736111111111111427e+01
3.972222222222222854e+01
4.236111111111110716e+01
4.527777777777777857e+01
4.847222222222222854e+01
5.194444444444444287e+01
5.569444444444444287e+01
5.972222222222222854e+01
6.069444444444444997e+01
5.666666666666667851e+01
5.291666666666667140e+01
4.944444444444444997e+01
4.625000000000000711e+01
4.333333333333334281e+01
4.069444444444444997e+01
3.833333333333334281e+01
3.625000000000000711e+01
3.444444444444444997e+01
3.291666666666667140e+01
3.166666666666667140e+01
3.069444444444444997e+01
3.000000000000000711e+01
2.958333333333333925e+01
2.944444444444444997e+01
2.958333333333333925e+01
3.000000000000000355e+01
3.069444444444444997e+01
3.166666666666667140e+01
3.291666666666667140e+01
3.444444444444444997e+01
3.625000000000000000e+01
3.833333333333333570e+01
4.069444444444444997e+01
4.333333333333332860e+01
4.625000000000000000e+01
4.944444444444444997e+01
5.291666666666665719e+01
5.666666666666666430e+01
6.069444444444444997e+01
6.194444444444444997e+01
5.791666666666667851e+01
5.416666666666666430e+01
5.069444444444444997e+01
4.750000000000000711e+01
4.458333333333334281e+01
4.194444444444444997e+01
3.958333333333334281e+01
3.750000000000000711e+01
3.569444444444444997e+01
3.416666666666667140e+01
3.291666666666667140e+01
3.194444444444444997e+01
3.125000000000000355e+01
3.083333333333333570e+01
3.069444444444444997e+01
3.083333333333333570e+01
3.125000000000000355e+01
3.194444444444444997e+01
3.291666666666667140e+01
3.416666666666667140e+01
3.569444444444444997e+01
3.750000000000000000e+01
3.958333333333333570e+01
4.194444444444444997e+01
4.458333333333332860e+01
4.750000000000000000e+01
5.069444444444444997e+01
5.416666666666665719e+01
5.791666666666666430e+01
6.194444444444444997e+01
6.347222222222222854e+01
5.944444444444445708e+01
5.569444444444444287e+01
5.222222222222222854e+01
4.902777777777778567e+01
4.611111111111112137e+01
4.347222222222222854e+01
4.111111111111112137e+01
3.902777777777778567e+01
3.722222222222222854e+01
3.569444444444444997e+01
3.444444444444444997e+01
3.347222222222222854e+01
3.277777777777778567e+01
3.236111111111111427e+01
3.222222222222222854e+01
3.236111111111111427e+01
3.277777777777778567e+01
3.347222222222222854e+01
3.444444444444444997e+01
3.569444444444444997e+01
3.722222222222222854e+01
3.902777777777778567e+01
4.111111111111111427e+01
4.347222222222222854e+01
4.611111111111110716e+01
4.902777777777777857e+01
5.222222222222222854e+01
5.569444444444444287e+01
5.944444444444444287e+01
6.347222222222222854e+01
6.527777777777778567e+01
6.125000000000001421e+01
5.750000000000000000e+01
5.402777777777778567e+01
5.083333333333334281e+01
4.791666666666667140e+01
4.527777777777778567e+01
4.291666666666667140e+01
4.083333333333334281e+01
3.902777777777778567e+01
3.750000000000000711e+01
3.625000000000000711e+01
3.527777777777778567e+01
3.458333333333333570e+01
3.416666666666667140e+01
3.402777777777778567e+01
3.416666666666667140e+01
3.458333333333333570e+01
3.527777777777778567e+01
3.625000000000000000e+01
3.750000000000000000e+01
3.902777777777778567e+01
4.083333333333333570e+01
4.291666666666667140e+01
4.527777777777778567e+01
4.791666666666665719e+01
5.083333333333332860e+01
5.402777777777778567e+01
5.749999999999999289e+01
6.125000000000000000e+01
6.527777777777778567e+01
6.736111111111111427e+01
6.333333333333334281e+01
5.958333333333332860e+01
5.611111111111111427e+01
5.291666666666667140e+01
5.000000000000000711e+01
4.736111111111111427e+01
4.500000000000000711e+01
4.291666666666667140e+01
4.111111111111111427e+01
3.958333333333333570e+01
3.833333333333333570e+01
3.736111111111111427e+01
3.666666666666667140e+01
3.625000000000000000e+01
3.611111111111111427e+01
3.625000000000000000e+01
3.666666666666667140e+01
3.736111111111111427e+01
3.833333333333333570e+01
3.958333333333333570e+01
4.111111111111111427e+01
4.291666666666667140e+01
4.500000000000000000e+01
4.736111111111111427e+01
4.999999999999999289e+01
5.291666666666666430e+01
5.611111111111111427e+01
5.958333333333332860e+01
6.333333333333332860e+01
6.736111111111111427e+01
6.972222222222222854e+01
6.569444444444445708e+01
6.194444444444444287e+01
5.847222222222222854e+01
5.527777777777778567e+01
5.236111111111112137e+01
4.972222222222222854e+01
4.736111111111112137e+01
4.527777777777778567e+01
4.347222222222222854e+01
4.194444444444444997e+01
4.069444444444444997e+01
3.972222222222222854e+01
3.902777777777778567e+01
3.861111111111111427e+01
3.847222222222222854e+01
3.861111111111111427e+01
3.902777777777778567e+01
3.972222222222222854e+01
4.069444444444444997e+01
4.194444444444444997e+01
4.347222222222222854e+01
4.527777777777778567e+01
4.736111111111111427e+01
4.972222222222222854e+01
5.236111111111110716e+01
5.527777777777777857e+01
5.847222222222222854e+01
6.194444444444444287e+01
6.569444444444444287e+01
6.972222222222222854e+01
7.236111111111111427e+01
6.833333333333334281e+01
6.458333333333332860e+01
6.111111111111110716e+01
5.791666666666666430e+01
5.500000000000000000e+01
5.236111111111110716e+01
5.000000000000000000e+01
4.791666666666666430e+01
4.611111111111110716e+01
4.458333333333332860e+01
4.333333333333332860e+01
4.236111111111110716e+01
4.166666666666666430e+01
4.125000000000000000e+01
4.111111111111110716e+01
4.125000000000000000e+01
4.166666666666666430e+01
4.236111111111110716e+01
4.333333333333332860e+01
4.458333333333332860e+01
4.611111111111110716e+01
4.791666666666665719e+01
4.999999999999999289e+01
5.236111111111110716e+01
5.499999999999998579e+01
5.791666666666665719e+01
6.111111111111110716e+01
6.458333333333331439e+01
6.833333333333331439e+01
7.236111111111111427e+01
7.527777777777777146e+01
7.125000000000000000e+01
6.750000000000000000e+01
6.402777777777777146e+01
6.083333333333333570e+01
5.791666666666667140e+01
5.527777777777777857e+01
5.291666666666667140e+01
5.083333333333333570e+01
4.902777777777777857e+01
4.750000000000000000e+01
4.625000000000000000e+01
4.527777777777777857e+01
4.458333333333333570e+01
4.416666666666667140e+01
4.402777777777777857e+01
4.416666666666667140e+01
4.458333333333332860e+01
4.527777777777777857e+01
4.625000000000000000e+01
4.750000000000000000e+01
4.902777777777777857e+01
5.083333333333332860e+01
5.291666666666666430e+01
5.527777777777777857e+01
5.791666666666665719e+01
6.083333333333332860e+01
6.402777777777777146e+01
6.749999999999998579e+01
7.125000000000000000e+01
7.527777777777777146e+01
7.847222222222222854e+01
7.444444444444445708e+01
7.069444444444444287e+01
6.722222222222222854e+01
6.402777777777778567e+01
6.111111111111112137e+01
5.847222222222222854e+01
5.611111111111112137e+01
5.402777777777778567e+01
5.222222222222222854e+01
5.069444444444444997e+01
4.944444444444444997e+01
4.847222222222222854e+01
4.777777777777778567e+01
4.736111111111111427e+01
4.722222222222222854e+01
4.736111111111111427e+01
4.777777777777778567e+01
4.847222222222222854e+01
4.944444444444444997e+01
5.069444444444444997e+01
5.222222222222222854e+01
5.402777777777778567e+01
5.611111111111111427e+01
5.847222222222222854e+01
6.111111111111110716e+01
6.402777777777777146e+01
6.722222222222222854e+01
7.069444444444444287e+01
7.444444444444444287e+01
7.847222222222222854e+01
8.194444444444444287e+01
7.791666666666667140e+01
7.416666666666665719e+01
7.069444444444444287e+01
6.750000000000000000e+01
6.458333333333332860e+01
6.194444444444444287e+01
5.958333333333332860e+01
5.750000000000000000e+01
5.569444444444444287e+01
5.416666666666666430e+01
5.291666666666665719e+01
5.194444444444444287e+01
5.125000000000000000e+01
5.083333333333332860e+01
5.069444444444444287e+01
5.083333333333332860e+01
5.124999999999999289e+01
5.194444444444444287e+01
5.291666666666665719e+01
5.416666666666665719e+01
5.569444444444444287e+01
5.749999999999999289e+01
5.958333333333332860e+01
6.194444444444444287e+01
6.458333333333331439e+01
6.749999999999998579e+01
7.069444444444444287e+01
7.416666666666665719e+01
7.791666666666665719e+01
8.194444444444444287e+01
8.569444444444444287e+01
8.166666666666667140e+01
7.791666666666665719e+01
7.444444444444444287e+01
7.125000000000000000e+01
6.833333333333334281e+01
6.569444444444444287e+01
6.333333333333333570e+01
6.125000000000000000e+01
5.944444444444444287e+01
5.791666666666666430e+01
5.666666666666666430e+01
5.569444444444444287e+01
5.500000000000000000e+01
5.458333333333332860e+01
5.444444444444444287e+01
5.458333333333332860e+01
5.500000000000000000e+01
5.569444444444444287e+01
5.666666666666666430e+01
5.791666666666666430e+01
5.944444444444444287e+01
6.125000000000000000e+01
6.333333333333332860e+01
6.569444444444444287e+01
6.833333333333331439e+01
7.125000000000000000e+01
7.444444444444444287e+01
7.791666666666665719e+01
8.166666666666665719e+01
8.569444444444444287e+01
8.972222222222222854e+01
8.569444444444445708e+01
8.194444444444444287e+01
7.847222222222222854e+01
7.527777777777778567e+01
7.236111111111111427e+01
6.972222222222222854e+01
6.736111111111111427e+01
6.527777777777778567e+01
6.347222222222222854e+01
6.194444444444444997e+01
6.069444444444444997e+01
5.972222222222222854e+01
5.902777777777778567e+01
5.861111111111111427e+01
5.847222222222222854e+01
5.861111111111111427e+01
5.902777777777778567e+01
5.972222222222222854e+01
6.069444444444444997e+01
6.194444444444444997e+01
6.347222222222222854e+01
6.527777777777778567e+01
6.736111111111111427e+01
6.972222222222222854e+01
7.236111111111111427e+01
7.527777777777777146e+01
7.847222222222222854e+01
8.194444444444444287e+01
8.569444444444444287e+01
8.972222222222222854e+01
8.597222222222221433e+01
8.194444444444444287e+01
7.819444444444442865e+01
7.472222222222221433e+01
7.152777777777777146e+01
6.861111111111111427e+01
6.597222222222221433e+01
6.361111111111111427e+01
6.152777777777777146e+01
5.972222222222221433e+01
5.819444444444444287e+01
5.694444444444444287e+01
5.597222222222221433e+01
5.527777777777777146e+01
5.486111111111110716e+01
5.472222222222221433e+01
5.486111111111110716e+01
5.527777777777777146e+01
5.597222222222221433e+01
5.694444444444444287e+01
5.819444444444444287e+01
5.972222222222221433e+01
6.152777777777777146e+01
6.361111111111110006e+01
6.597222222222221433e+01
6.861111111111110006e+01
7.152777777777777146e+01
7.472222222222221433e+01
7.819444444444442865e+01
8.194444444444442865e+01
8.597222222222221433e+01
8.194444444444444287e+01
7.791666666666667140e+01
7.416666666666665719e+01
7.069444444444444287e+01
6.750000000000000000e+01
6.458333333333334281e+01
6.194444444444444287e+01
5.958333333333334281e+01
5.750000000000000000e+01
5.569444444444444287e+01
5.416666666666667140e+01
5.291666666666667140e+01
5.194444444444444287e+01
5.125000000000000000e+01
5.083333333333333570e+01
5.069444444444444287e+01
5.083333333333333570e+01
5.125000000000000000e+01
5.194444444444444287e+01
5.291666666666667140e+01
5.416666666666667140e+01
5.569444444444444287e+01
5.750000000000000000e+01
5.958333333333332860e+01
6.194444444444444287e+01
6.458333333333332860e+01
6.750000000000000000e+01
7.069444444444444287e+01
7.416666666666665719e+01
7.791666666666665719e+01
8.194444444444444287e+01
7.819444444444442865e+01
7.416666666666665719e+01
7.041666666666665719e+01
6.694444444444442865e+01
6.374999999999998579e+01
6.083333333333332860e+01
5.819444444444442865e+01
5.583333333333332860e+01
5.374999999999999289e+01
5.194444444444443576e+01
5.041666666666665719e+01
4.916666666666665719e+01
4.819444444444443576e+01
4.749999999999999289e+01
4.708333333333332860e+01
4.694444444444443576e+01
4.708333333333332860e+01
4.749999999999998579e+01
4.819444444444443576e+01
4.916666666666665719e+01
5.041666666666665719e+01
5.194444444444443576e+01
5.374999999999998579e+01
5.583333333333331439e+01
5.819444444444442865e+01
6.083333333333331439e+01
6.374999999999998579e+01
6.694444444444442865e+01
7.041666666666664298e+01
7.416666666666664298e+01
7.819444444444442865e+01
7.472222222222221433e+01
7.069444444444444287e+01
6.694444444444442865e+01
6.347222222222221433e+01
6.027777777777777146e+01
5.736111111111111427e+01
5.472222222222221433e+01
5.236111111111111427e+01
5.027777777777777146e+01
4.847222222222221433e+01
4.694444444444444287e+01
4.569444444444444287e+01
4.472222222222221433e+01
4.402777777777777146e+01
4.361111111111110716e+01
4.347222222222221433e+01
4.361111111111110716e+01
4.402777777777777146e+01
4.472222222222221433e+01
4.569444444444444287e+01
4.694444444444444287e+01
4.847222222222221433e+01
5.027777777777777146e+01
5.236111111111110006e+01
5.472222222222221433e+01
5.736111111111110006e+01
6.027777777777777146e+01
6.347222222222221433e+01
6.694444444444442865e+01
7.069444444444442865e+01
7.472222222222221433e+01
7.152777777777777146e+01
6.750000000000000000e+01
6.374999999999998579e+01
6.027777777777777146e+01
5.708333333333332860e+01
5.416666666666667140e+01
5.152777777777777146e+01
4.916666666666667140e+01
4.708333333333332860e+01
4.527777777777777146e+01
4.375000000000000000e+01
4.250000000000000000e+01
4.152777777777777146e+01
4.083333333333332860e+01
4.041666666666666430e+01
4.027777777777777146e+01
4.041666666666666430e+01
4.083333333333332860e+01
4.152777777777777146e+01
4.250000000000000000e+01
4.375000000000000000e+01
4.527777777777777146e+01
4.708333333333332860e+01
4.916666666666665719e+01
5.152777777777777146e+01
5.416666666666665719e+01
5.708333333333332860e+01
6.027777777777777146e+01
6.374999999999998579e+01
6.749999999999998579e+01
7.152777777777777146e+01
6.861111111111111427e+01
6.458333333333334281e+01
6.083333333333332860e+01
5.736111111111111427e+01
5.416666666666667140e+01
5.125000000000000000e+01
4.861111111111111427e+01
4.625000000000000000e+01
4.416666666666667140e+01
4.236111111111111427e+01
4.083333333333332860e+01
3.958333333333332860e+01
3.861111111111110716e+01
3.791666666666666430e+01
3.750000000000000000e+01
3.736111111111110716e+01
3.750000000000000000e+01
3.791666666666666430e+01
3.861111111111110716e+01
3.958333333333332860e+01
4.083333333333332860e+01
4.236111111111111427e+01
4.416666666666665719e+01
4.625000000000000000e+01
4.861111111111111427e+01
5.124999999999998579e+01
5.416666666666665719e+01
5.736111111111111427e+01
6.083333333333331439e+01
6.458333333333332860e+01
6.861111111111111427e+01
6.597222222222221433e+01
6.194444444444444287e+01
5.819444444444442865e+01
5.472222222222221433e+01
5.152777777777777146e+01
4.861111111111111427e+01
4.597222222222221433e+01
4.361111111111111427e+01
4.152777777777777146e+01
3.972222222222221433e+01
3.819444444444444287e+01
3.694444444444444287e+01
3.597222222222221433e+01
3.527777777777777146e+01
3.486111111111110716e+01
3.472222222222221433e+01
3.486111111111110716e+01
3.527777777777777146e+01
3.597222222222221433e+01
3.694444444444444287e+01
3.819444444444443576e+01
3.972222222222221433e+01
4.152777777777777146e+01
4.361111111111110006e+01
4.597222222222221433e+01
4.861111111111110006e+01
5.152777777777777146e+01
5.472222222222221433e+01
5.819444444444442865e+01
6.194444444444442865e+01
6.597222222222221433e+01
6.361111111111111427e+01
5.958333333333334281e+01
5.583333333333332860e+01
5.236111111111111427e+01
4.916666666666667140e+01
4.625000000000000000e+01
4.361111111111111427e+01
4.125000000000000000e+01
3.916666666666666430e+01
3.736111111111110716e+01
3.583333333333332860e+01
3.458333333333332860e+01
3.361111111111110716e+01
3.291666666666666430e+01
3.250000000000000000e+01
3.236111111111110716e+01
3.250000000000000000e+01
3.291666666666666430e+01
3.361111111111110716e+01
3.458333333333332860e+01
3.583333333333332860e+01
3.736111111111110716e+01
3.916666666666666430e+01
4.125000000000000000e+01
4.361111111111111427e+01
4.624999999999998579e+01
4.916666666666665719e+01
5.236111111111111427e+01
5.583333333333331439e+01
5.958333333333332860e+01
6.361111111111111427e+01
6.152777777777777146e+01
5.750000000000000000e+01
5.374999999999999289e+01
5.027777777777777146e+01
4.708333333333332860e+01
4.416666666666667140e+01
4.152777777777777146e+01
3.916666666666666430e+01
3.708333333333332860e+01
3.527777777777777146e+01
3.375000000000000000e+01
3.250000000000000000e+01
3.152777777777777501e+01
3.083333333333333215e+01
3.041666666666666430e+01
3.027777777777777501e+01
3.041666666666666430e+01
3.083333333333332860e+01
3.152777777777777501e+01
3.250000000000000000e+01
3.374999999999999289e+01
3.527777777777777146e+01
3.708333333333332860e+01
3.916666666666665719e+01
4.152777777777777146e+01
4.416666666666665719e+01
4.708333333333332860e+01
5.027777777777777146e+01
5.374999999999998579e+01
5.749999999999998579e+01
6.152777777777777146e+01
5.972222222222221433e+01
5.569444444444444287e+01
5.194444444444443576e+01
4.847222222222221433e+01
4.527777777777777146e+01
4.236111111111111427e+01
3.972222222222221433e+01
3.736111111111110716e+01
3.527777777777777146e+01
3.347222222222221433e+01
3.194444444444444287e+01
3.069444444444444287e+01
2.972222222222221788e+01
2.902777777777777501e+01
2.861111111111110716e+01
2.847222222222221788e+01
2.861111111111110716e+01
2.902777777777777146e+01
2.972222222222221788e+01
3.069444444444443931e+01
3.194444444444443576e+01
3.347222222222221433e+01
3.527777777777777146e+01
3.736111111111110006e+01
3.972222222222221433e+01
4.236111111111110006e+01
4.527777777777777146e+01
4.847222222222221433e+01
5.194444444444442865e+01
5.569444444444442865e+01
5.972222222222221433e+01
5.819444444444444287e+01
5.416666666666667140e+01
5.041666666666665719e+01
4.694444444444444287e+01
4.375000000000000000e+01
4.083333333333332860e+01
3.819444444444444287e+01
3.583333333333332860e+01
3.375000000000000000e+01
3.194444444444444287e+01
3.041666666666666430e+01
2.916666666666666430e+01
2.819444444444444287e+01
2.749999999999999645e+01
2.708333333333332860e+01
2.694444444444444287e+01
2.708333333333332860e+01
2.749999999999999645e+01
2.819444444444444287e+01
2.916666666666666430e+01
3.041666666666666075e+01
3.194444444444444287e+01
3.374999999999999289e+01
3.583333333333332860e+01
3.819444444444444287e+01
4.083333333333331439e+01
4.374999999999998579e+01
4.694444444444444287e+01
5.041666666666665719e+01
5.416666666666665719e+01
5.819444444444444287e+01
5.694444444444444287e+01
5.291666666666667140e+01
4.916666666666665719e+01
4.569444444444444287e+01
4.250000000000000000e+01
3.958333333333332860e+01
3.694444444444444287e+01
3.458333333333332860e+01
3.250000000000000000e+01
3.069444444444444287e+01
2.916666666666666430e+01
2.791666666666666430e+01
2.694444444444443931e+01
2.624999999999999645e+01
2.583333333333332860e+01
2.569444444444443931e+01
2.583333333333332860e+01
2.624999999999999645e+01
2.694444444444443931e+01
2.791666666666666430e+01
2.916666666666666075e+01
3.069444444444444287e+01
3.249999999999999289e+01
3.458333333333332860e+01
3.694444444444444287e+01
3.958333333333331439e+01
4.249999999999998579e+01
4.569444444444444287e+01
4.916666666666665009e+01
5.291666666666665719e+01
5.694444444444444287e+01
5.597222222222221433e+01
5.194444444444444287e+01
4.819444444444443576e+01
4.472222222222221433e+01
4.152777777777777146e+01
3.861111111111110716e+01
3.597222222222221433e+01
3.361111111111110716e+01
3.152777777777777501e+01
2.972222222222221788e+01
2.819444444444444287e+01
2.694444444444443931e+01
2.597222222222221788e+01
2.527777777777777501e+01
2.486111111111110716e+01
2.472222222222221788e+01
2.486111111111110716e+01
2.527777777777777146e+01
2.597222222222221788e+01
2.694444444444443931e+01
2.819444444444443576e+01
2.972222222222221788e+01
3.152777777777777146e+01
3.361111111111110006e+01
3.597222222222221433e+01
3.861111111111110006e+01
4.152777777777777146e+01
4.472222222222221433e+01
4.819444444444442865e+01
5.194444444444442865e+01
5.597222222222221433e+01
5.527777777777777146e+01
5.125000000000000000e+01
4.749999999999999289e+01
4.402777777777777146e+01
4.083333333333332860e+01
3.791666666666666430e+01
3.527777777777777146e+01
3.291666666666666430e+01
3.083333333333333215e+01
2.902777777777777501e+01
2.749999999999999645e+01
2.624999999999999645e+01
2.527777777777777501e+01
2.458333333333332860e+01
2.416666666666666430e+01
2.402777777777777501e+01
2.416666666666666430e+01
2.458333333333332860e+01
2.527777777777777501e+01
2.624999999999999645e+01
2.749999999999999289e+01
2.902777777777777501e+01
3.083333333333332860e+01
3.291666666666665719e+01
3.527777777777777146e+01
3.791666666666665009e+01
4.083333333333332860e+01
4.402777777777777146e+01
4.749999999999998579e+01
5.124999999999998579e+01
5.527777777777777146e+01
5.486111111111110716e+01
5.083333333333333570e+01
4.708333333333332860e+01
4.361111111111110716e+01
4.041666666666666430e+01
3.750000000000000000e+01
3.486111111111110716e+01
3.250000000000000000e+01
3.041666666666666430e+01
2.861111111111110716e+01
2.708333333333332860e+01
2.583333333333332860e+01
2.486111111111110716e+01
2.416666666666666430e+01
2.374999999999999645e+01
2.361111111111110716e+01
2.374999999999999645e+01
2.416666666666666075e+01
2.486111111111110716e+01
2.583333333333332860e+01
2.708333333333332860e+01
2.861111111111110716e+01
3.041666666666666075e+01
3.249999999999999289e+01
3.486111111111110716e+01
3.749999999999998579e+01
4.041666666666665719e+01
4.361111111111110716e+01
4.708333333333331439e+01
5.083333333333332149e+01
5.486111111111110716e+01
5.472222222222221433e+01
5.069444444444444287e+01
4.694444444444443576e+01
4.347222222222221433e+01
4.027777777777777146e+01
3.736111111111110716e+01
3.472222222222221433e+01
3.236111111111110716e+01
3.027777777777777501e+01
2.847222222222221788e+01
2.694444444444444287e+01
2.569444444444443931e+01
2.472222222222221788e+01
2.402777777777777501e+01
2.361111111111110716e+01
2.347222222222221788e+01
2.361111111111110716e+01
2.402777777777777146e+01
2.472222222222221788e+01
2.569444444444443931e+01
2.694444444444443576e+01
2.847222222222221788e+01
3.027777777777777146e+01
3.236111111111110006e+01
3.472222222222221433e+01
3.736111111111110006e+01
4.027777777777777146e+01
4.347222222222221433e+01
4.694444444444442865e+01
5.069444444444442865e+01
5.472222222222221433e+01
5.486111111111110716e+01
5.083333333333333570e+01
4.708333333333332860e+01
4.361111111111110716e+01
4.041666666666666430e+01
3.750000000000000000e+01
3.486111111111110716e+01
3.250000000000000000e+01
3.041666666666666430e+01
2.861111111111110716e+01
2.708333333333332860e+01
2.583333333333332860e+01
2.486111111111110716e+01
2.416666666666666430e+01
2.374999999999999645e+01
2.361111111111110716e+01
2.374999999999999645e+01
2.416666666666666075e+01
2.486111111111110716e+01
2.583333333333332860e+01
2.708333333333332504e+01
2.861111111111110716e+01
3.041666666666666075e+01
3.249999999999999289e+01
3.486111111111110716e+01
3.749999999999998579e+01
4.041666666666665719e+01
4.361111111111110716e+01
4.708333333333331439e+01
5.083333333333332149e+01
5.486111111111110716e+01
5.527777777777777146e+01
5.125000000000000000e+01
4.749999999999998579e+01
4.402777777777777146e+01
4.083333333333332860e+01
3.791666666666666430e+01
3.527777777777777146e+01
3.291666666666666430e+01
3.083333333333332860e+01
2.902777777777777146e+01
2.749999999999999645e+01
2.624999999999999645e+01
2.527777777777777146e+01
2.458333333333332860e+01
2.416666666666666075e+01
2.402777777777777146e+01
2.416666666666666075e+01
2.458333333333332860e+01
2.527777777777777146e+01
2.624999999999999289e+01
2.749999999999999289e+01
2.902777777777777146e+01
3.083333333333332504e+01
3.291666666666665719e+01
3.527777777777777146e+01
3.791666666666665009e+01
4.083333333333332149e+01
4.402777777777777146e+01
4.749999999999998579e+01
5.124999999999998579e+01
5.527777777777777146e+01
5.597222222222221433e+01
5.194444444444444287e+01
4.819444444444443576e+01
4.472222222222221433e+01
4.152777777777777146e+01
3.861111111111110716e+01
3.597222222222221433e+01
3.361111111111110716e+01
3.152777777777777501e+01
2.972222222222221788e+01
2.819444444444444287e+01
2.694444444444443931e+01
2.597222222222221788e+01
2.527777777777777501e+01
2.486111111111110716e+01
2.472222222222221788e+01
2.486111111111110716e+01
2.527777777777777146e+01
2.597222222222221788e+01
2.694444444444443931e+01
2.819444444444443576e+01
2.972222222222221788e+01
3.152777777777777146e+01
3.361111111111110006e+01
3.597222222222221433e+01
3.861111111111110006e+01
4.152777777777777146e+01
4.472222222222221433e+01
4.819444444444442865e+01
5.194444444444442865e+01
5.597222222222221433e+01
5.694444444444444287e+01
5.291666666666667140e+01
4.916666666666665719e+01
4.569444444444444287e+01
4.250000000000000000e+01
3.958333333333332860e+01
3.694444444444444287e+01
3.458333333333332860e+01
3.250000000000000000e+01
3.069444444444443931e+01
2.916666666666666430e+01
2.791666666666666430e+01
2.694444444444443931e+01
2.624999999999999645e+01
2.583333333333332860e+01
2.569444444444443931e+01
2.583333333333332860e+01
2.624999999999999289e+01
2.694444444444443931e+01
2.791666666666666075e+01
2.916666666666665719e+01
3.069444444444443931e+01
3.249999999999999289e+01
3.458333333333332860e+01
3.694444444444444287e+01
3.958333333333331439e+01
4.249999999999998579e+01
4.569444444444444287e+01
4.916666666666665009e+01
5.291666666666665719e+01
5.694444444444444287e+01
5.819444444444444287e+01
5.416666666666667140e+01
5.041666666666665719e+01
4.694444444444444287e+01
4.375000000000000000e+01
4.083333333333332860e+01
3.819444444444443576e+01
3.583333333333332860e+01
3.374999999999999289e+01
3.194444444444443576e+01
3.041666666666666075e+01
2.916666666666666075e+01
2.819444444444443576e+01
2.749999999999999289e+01
2.708333333333332860e+01
2.694444444444443576e+01
2.708333333333332504e+01
2.749999999999999289e+01
2.819444444444443576e+01
2.916666666666665719e+01
3.041666666666665719e+01
3.194444444444443576e+01
3.374999999999999289e+01
3.583333333333332149e+01
3.819444444444443576e+01
4.083333333333331439e+01
4.374999999999998579e+01
4.694444444444444287e+01
5.041666666666664298e+01
5.416666666666665719e+01
5.819444444444444287e+01
5.972222222222221433e+01
5.569444444444444287e+01
5.194444444444443576e+01
4.847222222222221433e+01
4.527777777777777146e+01
4.236111111111111427e+01
3.972222222222221433e+01
3.736111111111110716e+01
3.527777777777777146e+01
3.347222222222221433e+01
3.194444444444444287e+01
3.069444444444444287e+01
2.972222222222221788e+01
2.902777777777777501e+01
2.861111111111110716e+01
2.847222222222221788e+01
2.861111111111110716e+01
2.902777777777777146e+01
2.972222222222221788e+01
3.069444444444443931e+01
3.194444444444443576e+01
3.347222222222221433e+01
3.527777777777777146e+01
3.736111111111110006e+01
3.972222222222221433e+01
4.236111111111110006e+01
4.527777777777777146e+01
4.847222222222221433e+01
5.194444444444442865e+01
5.569444444444442865e+01
5.972222222222221433e+01
6.152777777777777146e+01
5.750000000000000000e+01
5.374999999999998579e+01
5.027777777777777146e+01
4.708333333333332860e+01
4.416666666666665719e+01
4.152777777777777146e+01
3.916666666666666430e+01
3.708333333333332860e+01
3.527777777777777146e+01
3.374999999999999289e+01
3.249999999999999289e+01
3.152777777777777146e+01
3.083333333333332860e+01
3.041666666666666075e+01
3.027777777777777146e+01
3.041666666666666075e+01
3.083333333333332504e+01
3.152777777777777146e+01
3.249999999999999289e+01
3.374999999999999289e+01
3.527777777777777146e+01
3.708333333333332860e+01
3.916666666666665719e+01
4.152777777777777146e+01
4.416666666666665009e+01
4.708333333333332149e+01
5.027777777777777146e+01
5.374999999999998579e+01
5.749999999999998579e+01
6.152777777777777146e+01
6.361111111111110006e+01
5.958333333333332860e+01
5.583333333333331439e+01
5.236111111111110006e+01
4.916666666666665719e+01
4.625000000000000000e+01
4.361111111111110006e+01
4.125000000000000000e+01
3.916666666666665719e+01
3.736111111111110006e+01
3.583333333333332860e+01
3.458333333333332860e+01
3.361111111111110006e+01
3.291666666666665719e+01
3.249999999999999289e+01
3.236111111111110006e+01
3.249999999999999289e+01
3.291666666666665719e+01
3.361111111111110006e+01
3.458333333333332860e+01
3.583333333333332149e+01
3.736111111111110006e+01
3.916666666666665719e+01
4.124999999999998579e+01
4.361111111111110006e+01
4.624999999999998579e+01
4.916666666666665719e+01
5.236111111111110006e+01
5.583333333333331439e+01
5.958333333333331439e+01
6.361111111111110006e+01
6.597222222222221433e+01
6.194444444444444287e+01
5.819444444444442865e+01
5.472222222222221433e+01
5.152777777777777146e+01
4.861111111111111427e+01
4.597222222222221433e+01
4.361111111111111427e+01
4.152777777777777146e+01
3.972222222222221433e+01
3.819444444444444287e+01
3.694444444444444287e+01
3.597222222222221433e+01
3.527777777777777146e+01
3.486111111111110716e+01
3.472222222222221433e+01
3.486111111111110716e+01
3.527777777777777146e+01
3.597222222222221433e+01
3.694444444444444287e+01
3.819444444444443576e+01
3.972222222222221433e+01
4.152777777777777146e+01
4.361111111111110006e+01
4.597222222222221433e+01
4.861111111111110006e+01
5.152777777777777146e+01
5.472222222222221433e+01
5.819444444444442865e+01
6.194444444444442865e+01
6.597222222222221433e+01
6.861111111111110006e+01
6.458333333333332860e+01
6.083333333333331439e+01
5.736111111111110006e+01
5.416666666666665719e+01
5.124999999999998579e+01
4.861111111111110006e+01
4.624999999999998579e+01
4.416666666666665719e+01
4.236111111111110006e+01
4.083333333333331439e+01
3.958333333333331439e+01
3.861111111111110006e+01
3.791666666666665009e+01
3.749999999999998579e+01
3.736111111111110006e+01
3.749999999999998579e+01
3.791666666666665009e+01
3.861111111111110006e+01
3.958333333333331439e+01
4.083333333333331439e+01
4.236111111111110006e+01
4.416666666666665009e+01
4.624999999999998579e+01
4.861111111111110006e+01
5.124999999999997158e+01
5.416666666666664298e+01
5.736111111111110006e+01
6.083333333333330017e+01
6.458333333333331439e+01
6.861111111111110006e+01
7.152777777777777146e+01
6.750000000000000000e+01
6.374999999999998579e+01
6.027777777777777146e+01
5.708333333333332860e+01
5.416666666666665719e+01
5.152777777777777146e+01
4.916666666666665719e+01
4.708333333333332860e+01
4.527777777777777146e+01
4.374999999999998579e+01
4.249999999999998579e+01
4.152777777777777146e+01
4.083333333333332860e+01
4.041666666666665719e+01
4.027777777777777146e+01
4.041666666666665719e+01
4.083333333333332149e+01
4.152777777777777146e+01
4.249999999999998579e+01
4.374999999999998579e+01
4.527777777777777146e+01
4.708333333333332149e+01
4.916666666666665719e+01
5.152777777777777146e+01
5.416666666666664298e+01
5.708333333333331439e+01
6.027777777777777146e+01
6.374999999999997158e+01
6.749999999999998579e+01
7.152777777777777146e+01
7.472222222222221433e+01
7.069444444444444287e+01
6.694444444444442865e+01
6.347222222222221433e+01
6.027777777777777146e+01
5.736111111111111427e+01
5.472222222222221433e+01
5.236111111111111427e+01
5.027777777777777146e+01
4.847222222222221433e+01
4.694444444444444287e+01
4.569444444444444287e+01
4.472222222222221433e+01
4.402777777777777146e+01
4.361111111111110716e+01
4.347222222222221433e+01
4.361111111111110716e+01
4.402777777777777146e+01
4.472222222222221433e+01
4.569444444444444287e+01
4.694444444444444287e+01
4.847222222222221433e+01
5.027777777777777146e+01
5.236111111111110006e+01
5.472222222222221433e+01
5.736111111111110006e+01
6.027777777777777146e+01
6.347222222222221433e+01
6.694444444444442865e+01
7.069444444444442865e+01
7.472222222222221433e+01
7.819444444444442865e+01
7.416666666666665719e+01
7.041666666666664298e+01
6.694444444444442865e+01
6.374999999999998579e+01
6.083333333333331439e+01
5.819444444444442865e+01
5.583333333333331439e+01
5.374999999999998579e+01
5.194444444444442865e+01
5.041666666666665719e+01
4.916666666666665009e+01
4.819444444444442865e+01
4.749999999999998579e+01
4.708333333333331439e+01
4.694444444444442865e+01
4.708333333333331439e+01
4.749999999999998579e+01
4.819444444444442865e+01
4.916666666666665009e+01
5.041666666666664298e+01
5.194444444444442865e+01
5.374999999999998579e+01
5.583333333333331439e+01
5.819444444444442865e+01
6.083333333333330017e+01
6.374999999999997158e+01
6.694444444444442865e+01
7.041666666666664298e+01
7.416666666666664298e+01
7.819444444444442865e+01
8.194444444444442865e+01
7.791666666666665719e+01
7.416666666666664298e+01
7.069444444444442865e+01
6.749999999999998579e+01
6.458333333333332860e+01
6.194444444444442865e+01
5.958333333333332860e+01
5.749999999999998579e+01
5.569444444444442865e+01
5.416666666666665719e+01
5.291666666666665719e+01
5.194444444444442865e+01
5.124999999999998579e+01
5.083333333333332149e+01
5.069444444444442865e+01
5.083333333333332149e+01
5.124999999999998579e+01
5.194444444444442865e+01
5.291666666666665719e+01
5.416666666666665719e+01
5.569444444444442865e+01
5.749999999999998579e+01
5.958333333333331439e+01
6.194444444444442865e+01
6.458333333333331439e+01
6.749999999999998579e+01
7.069444444444442865e+01
7.416666666666664298e+01
7.791666666666664298e+01
8.194444444444442865e+01
8.597222222222221433e+01
8.194444444444444287e+01
7.819444444444442865e+01
7.472222222222221433e+01
7.152777777777777146e+01
6.861111111111111427e+01
6.597222222222221433e+01
6.361111111111111427e+01
6.152777777777777146e+01
5.972222222222221433e+01
5.819444444444444287e+01
5.694444444444444287e+01
5.597222222222221433e+01
5.527777777777777146e+01
5.486111111111110716e+01
5.472222222222221433e+01
5.486111111111110716e+01
5.527777777777777146e+01
5.597222222222221433e+01
5.694444444444444287e+01
5.819444444444444287e+01
5.972222222222221433e+01
6.152777777777777146e+01
6.361111111111110006e+01
6.597222222222221433e+01
6.861111111111110006e+01
7.152777777777777146e+01
7.472222222222221433e+01
7.819444444444442865e+01
8.194444444444442865e+01
8.597222222222221433e+01
8.250000000000000000e+01
7.847222222222222854e+01
7.472222222222221433e+01
7.125000000000000000e+01
6.805555555555555713e+01
6.513888888888888573e+01
6.250000000000000000e+01
6.013888888888889284e+01
5.805555555555555713e+01
5.625000000000000000e+01
5.472222222222222143e+01
5.347222222222222143e+01
5.250000000000000000e+01
5.180555555555555713e+01
5.138888888888888573e+01
5.125000000000000000e+01
5.138888888888888573e+01
5.180555555555555713e+01
5.250000000000000000e+01
5.347222222222222143e+01
5.472222222222222143e+01
5.625000000000000000e+01
5.805555555555555713e+01
6.013888888888888573e+01
6.250000000000000000e+01
6.513888888888888573e+01
6.805555555555554292e+01
7.125000000000000000e+01
7.472222222222221433e+01
7.847222222222221433e+01
8.250000000000000000e+01
7.847222222222222854e+01
7.444444444444445708e+01
7.069444444444444287e+01
6.722222222222222854e+01
6.402777777777778567e+01
6.111111111111112137e+01
5.847222222222222854e+01
5.611111111111112137e+01
5.402777777777778567e+01
5.222222222222222854e+01
5.069444444444444997e+01
4.944444444444444997e+01
4.847222222222222854e+01
4.777777777777778567e+01
4.736111111111111427e+01
4.722222222222222854e+01
4.736111111111111427e+01
4.777777777777778567e+01
4.847222222222222854e+01
4.944444444444444997e+01
5.069444444444444997e+01
5.222222222222222854e+01
5.402777777777778567e+01
5.611111111111111427e+01
5.847222222222222854e+01
6.111111111111110716e+01
6.402777777777777146e+01
6.722222222222222854e+01
7.069444444444444287e+01
7.444444444444444287e+01
7.847222222222222854e+01
7.472222222222221433e+01
7.069444444444444287e+01
6.694444444444442865e+01
6.347222222222221433e+01
6.027777777777777146e+01
5.736111111111110716e+01
5.472222222222221433e+01
5.236111111111110716e+01
5.027777777777777146e+01
4.847222222222221433e+01
4.694444444444444287e+01
4.569444444444444287e+01
4.472222222222221433e+01
4.402777777777777146e+01
4.361111111111110716e+01
4.347222222222221433e+01
4.361111111111110716e+01
4.402777777777777146e+01
4.472222222222221433e+01
4.569444444444444287e+01
4.694444444444443576e+01
4.847222222222221433e+01
5.027777777777777146e+01
5.236111111111110006e+01
5.472222222222221433e+01
5.736111111111110006e+01
6.027777777777777146e+01
6.347222222222221433e+01
6.694444444444442865e+01
7.069444444444442865e+01
7.472222222222221433e+01
7.125000000000000000e+01
6.722222222222222854e+01
6.347222222222221433e+01
6.000000000000000000e+01
5.680555555555555713e+01
5.388888888888889284e+01
5.125000000000000000e+01
4.888888888888889284e+01
4.680555555555555713e+01
4.500000000000000000e+01
4.347222222222222143e+01
4.222222222222222143e+01
4.125000000000000000e+01
4.055555555555555713e+01
4.013888888888888573e+01
4.000000000000000000e+01
4.013888888888888573e+01
4.055555555555555713e+01
4.125000000000000000e+01
4.222222222222222143e+01
4.347222222222222143e+01
4.500000000000000000e+01
4.680555555555555713e+01
4.888888888888888573e+01
5.125000000000000000e+01
5.388888888888887863e+01
5.680555555555555003e+01
6.000000000000000000e+01
6.347222222222221433e+01
6.722222222222221433e+01
7.125000000000000000e+01
6.805555555555555713e+01
6.402777777777778567e+01
6.027777777777777146e+01
5.680555555555555713e+01
5.361111111111111427e+01
5.069444444444444997e+01
4.805555555555555713e+01
4.569444444444444997e+01
4.361111111111111427e+01
4.180555555555555713e+01
4.027777777777777857e+01
3.902777777777777857e+01
3.805555555555555713e+01
3.736111111111111427e+01
3.694444444444444287e+01
3.680555555555555713e+01
3.694444444444444287e+01
3.736111111111111427e+01
3.805555555555555713e+01
3.902777777777777857e+01
4.027777777777777857e+01
4.180555555555555713e+01
4.361111111111111427e+01
4.569444444444444287e+01
4.805555555555555713e+01
5.069444444444443576e+01
5.361111111111110716e+01
5.680555555555555713e+01
6.027777777777777146e+01
6.402777777777777146e+01
6.805555555555555713e+01
6.513888888888888573e+01
6.111111111111112137e+01
5.736111111111110716e+01
5.388888888888889284e+01
5.069444444444444997e+01
4.777777777777778567e+01
4.513888888888889284e+01
4.277777777777778567e+01
4.069444444444444997e+01
3.888888888888889284e+01
3.736111111111111427e+01
3.611111111111111427e+01
3.513888888888889284e+01
3.444444444444444287e+01
3.402777777777777857e+01
3.388888888888889284e+01
3.402777777777777857e+01
3.444444444444444287e+01
3.513888888888889284e+01
3.611111111111111427e+01
3.736111111111111427e+01
3.888888888888889284e+01
4.069444444444444287e+01
4.277777777777777857e+01
4.513888888888889284e+01
4.777777777777777146e+01
5.069444444444444287e+01
5.388888888888889284e+01
5.736111111111110006e+01
6.111111111111110716e+01
6.513888888888888573e+01
6.250000000000000000e+01
5.847222222222222854e+01
5.472222222222221433e+01
5.125000000000000000e+01
4.805555555555555713e+01
4.513888888888889284e+01
4.250000000000000000e+01
4.013888888888889284e+01
3.805555555555555713e+01
3.625000000000000000e+01
3.472222222222222143e+01
3.347222222222222143e+01
3.250000000000000000e+01
3.180555555555555713e+01
3.138888888888888928e+01
3.125000000000000000e+01
3.138888888888888928e+01
3.180555555555555713e+01
3.250000000000000000e+01
3.347222222222222143e+01
3.472222222222222143e+01
3.625000000000000000e+01
3.805555555555555713e+01
4.013888888888888573e+01
4.250000000000000000e+01
4.513888888888887863e+01
4.805555555555555003e+01
5.125000000000000000e+01
5.472222222222221433e+01
5.847222222222221433e+01
6.250000000000000000e+01
6.013888888888889284e+01
5.611111111111112137e+01
5.236111111111110716e+01
4.888888888888889284e+01
4.569444444444444997e+01
4.277777777777778567e+01
4.013888888888889284e+01
3.777777777777778567e+01
3.569444444444444997e+01
3.388888888888889284e+01
3.236111111111111427e+01
3.111111111111111427e+01
3.013888888888889284e+01
2.944444444444444642e+01
2.902777777777777857e+01
2.888888888888889284e+01
2.902777777777777857e+01
2.944444444444444642e+01
3.013888888888889284e+01
3.111111111111111427e+01
3.236111111111111427e+01
3.388888888888889284e+01
3.569444444444444287e+01
3.777777777777777857e+01
4.013888888888889284e+01
4.277777777777777146e+01
4.569444444444444287e+01
4.888888888888889284e+01
5.236111111111110006e+01
5.611111111111110716e+01
6.013888888888889284e+01
5.805555555555555713e+01
5.402777777777778567e+01
5.027777777777777146e+01
4.680555555555555713e+01
4.361111111111111427e+01
4.069444444444444997e+01
3.805555555555555713e+01
3.569444444444444997e+01
3.361111111111111427e+01
3.180555555555555713e+01
3.027777777777777857e+01
2.902777777777777857e+01
2.805555555555555713e+01
2.736111111111111427e+01
2.694444444444444642e+01
2.680555555555555713e+01
2.694444444444444642e+01
2.736111111111111072e+01
2.805555555555555713e+01
2.902777777777777857e+01
3.027777777777777857e+01
3.180555555555555713e+01
3.361111111111111427e+01
3.569444444444444287e+01
3.805555555555555713e+01
4.069444444444443576e+01
4.361111111111110716e+01
4.680555555555555713e+01
5.027777777777777146e+01
5.402777777777777146e+01
5.805555555555555713e+01
5.625000000000000000e+01
5.222222222222222854e+01
4.847222222222221433e+01
4.500000000000000000e+01
4.180555555555555713e+01
3.888888888888889284e+01
3.625000000000000000e+01
3.388888888888889284e+01
3.180555555555555713e+01
3.000000000000000000e+01
2.847222222222222143e+01
2.722222222222222143e+01
2.625000000000000000e+01
2.555555555555555713e+01
2.513888888888888928e+01
2.500000000000000000e+01
2.513888888888888928e+01
2.555555555555555358e+01
2.625000000000000000e+01
2.722222222222222143e+01
2.847222222222222143e+01
3.000000000000000000e+01
3.180555555555555358e+01
3.388888888888888573e+01
3.625000000000000000e+01
3.888888888888887863e+01
4.180555555555555003e+01
4.500000000000000000e+01
4.847222222222221433e+01
5.222222222222221433e+01
5.625000000000000000e+01
5.472222222222222143e+01
5.069444444444444997e+01
4.694444444444444287e+01
4.347222222222222143e+01
4.027777777777777857e+01
3.736111111111111427e+01
3.472222222222222143e+01
3.236111111111111427e+01
3.027777777777777857e+01
2.847222222222222143e+01
2.694444444444444642e+01
2.569444444444444642e+01
2.472222222222222143e+01
2.402777777777777857e+01
2.361111111111111427e+01
2.347222222222222143e+01
2.361111111111111072e+01
2.402777777777777857e+01
2.472222222222222143e+01
2.569444444444444287e+01
2.694444444444444287e+01
2.847222222222222143e+01
3.027777777777777857e+01
3.236111111111110716e+01
3.472222222222222143e+01
3.736111111111110006e+01
4.027777777777777146e+01
4.347222222222222143e+01
4.694444444444443576e+01
5.069444444444443576e+01
5.472222222222222143e+01
5.347222222222222143e+01
4.944444444444444997e+01
4.569444444444444287e+01
4.222222222222222143e+01
3.902777777777777857e+01
3.611111111111111427e+01
3.347222222222222143e+01
3.111111111111111427e+01
2.902777777777777857e+01
2.722222222222222143e+01
2.569444444444444642e+01
2.444444444444444642e+01
2.347222222222222143e+01
2.277777777777777857e+01
2.236111111111111072e+01
2.222222222222222143e+01
2.236111111111111072e+01
2.277777777777777857e+01
2.347222222222222143e+01
2.444444444444444287e+01
2.569444444444444287e+01
2.722222222222222143e+01
2.902777777777777857e+01
3.111111111111110716e+01
3.347222222222222143e+01
3.611111111111110006e+01
3.902777777777777146e+01
4.222222222222222143e+01
4.569444444444442865e+01
4.944444444444443576e+01
5.347222222222222143e+01
5.250000000000000000e+01
4.847222222222222854e+01
4.472222222222221433e+01
4.125000000000000000e+01
3.805555555555555713e+01
3.513888888888889284e+01
3.250000000000000000e+01
3.013888888888889284e+01
2.805555555555555713e+01
2.625000000000000000e+01
2.472222222222222143e+01
2.347222222222222143e+01
2.250000000000000000e+01
2.180555555555555713e+01
2.138888888888888928e+01
2.125000000000000000e+01
2.138888888888888928e+01
2.180555555555555358e+01
2.250000000000000000e+01
2.347222222222222143e+01
2.472222222222222143e+01
2.625000000000000000e+01
2.805555555555555358e+01
3.013888888888888573e+01
3.250000000000000000e+01
3.513888888888887863e+01
3.805555555555555003e+01
4.125000000000000000e+01
4.472222222222221433e+01
4.847222222222221433e+01
5.250000000000000000e+01
5.180555555555555713e+01
4.777777777777778567e+01
4.402777777777777146e+01
4.055555555555555713e+01
3.736111111111111427e+01
3.444444444444444287e+01
3.180555555555555713e+01
2.944444444444444642e+01
2.736111111111111427e+01
2.555555555555555713e+01
2.402777777777777857e+01
2.277777777777777857e+01
2.180555555555555713e+01
2.111111111111111072e+01
2.069444444444444642e+01
2.055555555555555713e+01
2.069444444444444287e+01
2.111111111111111072e+01
2.180555555555555713e+01
2.277777777777777857e+01
2.402777777777777501e+01
2.555555555555555713e+01
2.736111111111111072e+01
2.944444444444444287e+01
3.180555555555555713e+01
3.444444444444443576e+01
3.736111111111110716e+01
4.055555555555555713e+01
4.402777777777777146e+01
4.777777777777777146e+01
5.180555555555555713e+01
5.138888888888888573e+01
4.736111111111111427e+01
4.361111111111110716e+01
4.013888888888888573e+01
3.694444444444444287e+01
3.402777777777777857e+01
3.138888888888888928e+01
2.902777777777777857e+01
2.694444444444444642e+01
2.513888888888888928e+01
2.361111111111111427e+01
2.236111111111111072e+01
2.138888888888888928e+01
2.069444444444444642e+01
2.027777777777777857e+01
2.013888888888888928e+01
2.027777777777777857e+01
2.069444444444444287e+01
2.138888888888888928e+01
2.236111111111111072e+01
2.361111111111110716e+01
2.513888888888888928e+01
2.694444444444444287e+01
2.902777777777777501e+01
3.138888888888888928e+01
3.402777777777777146e+01
3.694444444444444287e+01
4.013888888888888573e+01
4.361111111111110006e+01
4.736111111111110006e+01
5.138888888888888573e+01
5.125000000000000000e+01
4.722222222222222854e+01
4.347222222222221433e+01
4.000000000000000000e+01
3.680555555555555713e+01
3.388888888888889284e+01
3.125000000000000000e+01
2.888888888888889284e+01
2.680555555555555713e+01
2.500000000000000000e+01
2.347222222222222143e+01
2.222222222222222143e+01
2.125000000000000000e+01
2.055555555555555713e+01
2.013888888888888928e+01
2.000000000000000000e+01
2.013888888888888928e+01
2.055555555555555358e+01
2.125000000000000000e+01
2.222222222222222143e+01
2.347222222222222143e+01
2.500000000000000000e+01
2.680555555555555358e+01
2.888888888888888573e+01
3.125000000000000000e+01
3.388888888888887863e+01
3.680555555555555003e+01
4.000000000000000000e+01
4.347222222222221433e+01
4.722222222222221433e+01
5.125000000000000000e+01
5.138888888888888573e+01
4.736111111111111427e+01
4.361111111111110716e+01
4.013888888888888573e+01
3.694444444444444287e+01
3.402777777777777857e+01
3.138888888888888928e+01
2.902777777777777857e+01
2.694444444444444642e+01
2.513888888888888928e+01
2.361111111111111072e+01
2.236111111111111072e+01
2.138888888888888928e+01
2.069444444444444287e+01
2.027777777777777857e+01
2.013888888888888928e+01
2.027777777777777857e+01
2.069444444444444287e+01
2.138888888888888928e+01
2.236111111111111072e+01
2.361111111111110716e+01
2.513888888888888928e+01
2.694444444444444287e+01
2.902777777777777501e+01
3.138888888888888928e+01
3.402777777777777146e+01
3.694444444444444287e+01
4.013888888888888573e+01
4.361111111111110006e+01
4.736111111111110006e+01
5.138888888888888573e+01
5.180555555555555713e+01
4.777777777777778567e+01
4.402777777777777146e+01
4.055555555555555713e+01
3.736111111111111427e+01
3.444444444444444287e+01
3.180555555555555713e+01
2.944444444444444642e+01
2.736111111111111072e+01
2.555555555555555358e+01
2.402777777777777857e+01
2.277777777777777857e+01
2.180555555555555358e+01
2.111111111111111072e+01
2.069444444444444287e+01
2.055555555555555358e+01
2.069444444444444287e+01
2.111111111111111072e+01
2.180555555555555358e+01
2.277777777777777501e+01
2.402777777777777501e+01
2.555555555555555358e+01
2.736111111111110716e+01
2.944444444444444287e+01
3.180555555555555713e+01
3.444444444444443576e+01
3.736111111111110006e+01
4.055555555555555713e+01
4.402777777777776436e+01
4.777777777777777146e+01
5.180555555555555713e+01
5.250000000000000000e+01
4.847222222222222854e+01
4.472222222222221433e+01
4.125000000000000000e+01
3.805555555555555713e+01
3.513888888888889284e+01
3.250000000000000000e+01
3.013888888888889284e+01
2.805555555555555713e+01
2.625000000000000000e+01
2.472222222222222143e+01
2.347222222222222143e+01
2.250000000000000000e+01
2.180555555555555713e+01
2.138888888888888928e+01
2.125000000000000000e+01
2.138888888888888928e+01
2.180555555555555358e+01
2.250000000000000000e+01
2.347222222222222143e+01
2.472222222222222143e+01
2.625000000000000000e+01
2.805555555555555358e+01
3.013888888888888573e+01
3.250000000000000000e+01
3.513888888888887863e+01
3.805555555555555003e+01
4.125000000000000000e+01
4.472222222222221433e+01
4.847222222222221433e+01
5.250000000000000000e+01
5.347222222222222143e+01
4.944444444444444997e+01
4.569444444444444287e+01
4.222222222222222143e+01
3.902777777777777857e+01
3.611111111111111427e+01
3.347222222222222143e+01
3.111111111111111427e+01
2.902777777777777857e+01
2.722222222222222143e+01
2.569444444444444287e+01
2.444444444444444287e+01
2.347222222222222143e+01
2.277777777777777857e+01
2.236111111111111072e+01
2.222222222222222143e+01
2.236111111111111072e+01
2.277777777777777501e+01
2.347222222222222143e+01
2.444444444444444287e+01
2.569444444444444287e+01
2.722222222222222143e+01
2.902777777777777501e+01
3.111111111111110716e+01
3.347222222222222143e+01
3.611111111111110006e+01
3.902777777777777146e+01
4.222222222222222143e+01
4.569444444444442865e+01
4.944444444444443576e+01
5.347222222222222143e+01
5.472222222222222143e+01
5.069444444444444997e+01
4.694444444444443576e+01
4.347222222222222143e+01
4.027777777777777857e+01
3.736111111111111427e+01
3.472222222222222143e+01
3.236111111111111427e+01
3.027777777777777857e+01
2.847222222222222143e+01
2.694444444444444287e+01
2.569444444444444287e+01
2.472222222222222143e+01
2.402777777777777501e+01
2.361111111111110716e+01
2.347222222222222143e+01
2.361111111111110716e+01
2.402777777777777501e+01
2.472222222222222143e+01
2.569444444444444287e+01
2.694444444444443931e+01
2.847222222222222143e+01
3.027777777777777146e+01
3.236111111111110716e+01
3.472222222222222143e+01
3.736111111111110006e+01
4.027777777777777146e+01
4.347222222222222143e+01
4.694444444444442865e+01
5.069444444444443576e+01
5.472222222222222143e+01
5.625000000000000000e+01
5.222222222222222854e+01
4.847222222222221433e+01
4.500000000000000000e+01
4.180555555555555713e+01
3.888888888888889284e+01
3.625000000000000000e+01
3.388888888888889284e+01
3.180555555555555713e+01
3.000000000000000000e+01
2.847222222222222143e+01
2.722222222222222143e+01
2.625000000000000000e+01
2.555555555555555713e+01
2.513888888888888928e+01
2.500000000000000000e+01
2.513888888888888928e+01
2.555555555555555358e+01
2.625000000000000000e+01
2.722222222222222143e+01
2.847222222222222143e+01
3.000000000000000000e+01
3.180555555555555358e+01
3.388888888888888573e+01
3.625000000000000000e+01
3.888888888888887863e+01
4.180555555555555003e+01
4.500000000000000000e+01
4.847222222222221433e+01
5.222222222222221433e+01
5.625000000000000000e+01
5.805555555555555713e+01
5.402777777777778567e+01
5.027777777777777146e+01
4.680555555555555713e+01
4.361111111111111427e+01
4.069444444444444287e+01
3.805555555555555713e+01
3.569444444444444287e+01
3.361111111111111427e+01
3.180555555555555358e+01
3.027777777777777857e+01
2.902777777777777857e+01
2.805555555555555358e+01
2.736111111111111072e+01
2.694444444444444287e+01
2.680555555555555358e+01
2.694444444444444287e+01
2.736111111111110716e+01
2.805555555555555358e+01
2.902777777777777501e+01
3.027777777777777146e+01
3.180555555555555358e+01
3.361111111111110716e+01
3.569444444444444287e+01
3.805555555555555713e+01
4.069444444444442865e+01
4.361111111111110006e+01
4.680555555555555713e+01
5.027777777777776436e+01
5.402777777777777146e+01
5.805555555555555713e+01
6.013888888888888573e+01
5.611111111111111427e+01
5.236111111111110006e+01
4.888888888888888573e+01
4.569444444444444287e+01
4.277777777777777857e+01
4.013888888888888573e+01
3.777777777777777857e+01
3.569444444444444287e+01
3.388888888888888573e+01
3.236111111111110716e+01
3.111111111111110716e+01
3.013888888888888573e+01
2.944444444444444287e+01
2.902777777777777501e+01
2.888888888888888573e+01
2.902777777777777501e+01
2.944444444444444287e+01
3.013888888888888573e+01
3.111111111111110716e+01
3.236111111111110716e+01
3.388888888888888573e+01
3.569444444444444287e+01
3.777777777777777146e+01
4.013888888888888573e+01
4.277777777777776436e+01
4.569444444444443576e+01
4.888888888888888573e+01
5.236111111111110006e+01
5.611111111111110006e+01
6.013888888888888573e+01
6.250000000000000000e+01
5.847222222222222854e+01
5.472222222222221433e+01
5.125000000000000000e+01
4.805555555555555713e+01
4.513888888888889284e+01
4.250000000000000000e+01
4.013888888888889284e+01
3.805555555555555713e+01
3.625000000000000000e+01
3.472222222222222143e+01
3.347222222222222143e+01
3.250000000000000000e+01
3.180555555555555713e+01
3.138888888888888928e+01
3.125000000000000000e+01
3.138888888888888928e+01
3.180555555555555713e+01
3.250000000000000000e+01
3.347222222222222143e+01
3.472222222222222143e+01
3.625000000000000000e+01
3.805555555555555713e+01
4.013888888888888573e+01
4.250000000000000000e+01
4.513888888888887863e+01
4.805555555555555003e+01
5.125000000000000000e+01
5.472222222222221433e+01
5.847222222222221433e+01
6.250000000000000000e+01
6.513888888888888573e+01
6.111111111111110716e+01
5.736111111111110006e+01
5.388888888888887863e+01
5.069444444444443576e+01
4.777777777777777146e+01
4.513888888888887863e+01
4.277777777777777146e+01
4.069444444444443576e+01
3.888888888888887863e+01
3.736111111111110006e+01
3.611111111111110006e+01
3.513888888888887863e+01
3.444444444444443576e+01
3.402777777777777146e+01
3.388888888888887863e+01
3.402777777777777146e+01
3.444444444444443576e+01
3.513888888888887863e+01
3.611111111111110006e+01
3.736111111111110006e+01
3.888888888888887863e+01
4.069444444444442865e+01
4.277777777777776436e+01
4.513888888888887863e+01
4.777777777777775725e+01
5.069444444444442865e+01
5.388888888888887863e+01
5.736111111111108585e+01
6.111111111111109295e+01
6.513888888888888573e+01
6.805555555555554292e+01
6.402777777777777146e+01
6.027777777777777146e+01
5.680555555555555003e+01
5.361111111111110716e+01
5.069444444444444287e+01
4.805555555555555003e+01
4.569444444444444287e+01
4.361111111111110716e+01
4.180555555555555003e+01
4.027777777777777146e+01
3.902777777777777146e+01
3.805555555555555003e+01
3.736111111111110716e+01
3.694444444444444287e+01
3.680555555555555003e+01
3.694444444444444287e+01
3.736111111111110006e+01
3.805555555555555003e+01
3.902777777777777146e+01
4.027777777777777146e+01
4.180555555555555003e+01
4.361111111111110006e+01
4.569444444444443576e+01
4.805555555555555003e+01
5.069444444444442865e+01
5.361111111111110006e+01
5.680555555555555003e+01
6.027777777777775725e+01
6.402777777777777146e+01
6.805555555555554292e+01
7.125000000000000000e+01
6.722222222222222854e+01
6.347222222222221433e+01
6.000000000000000000e+01
5.680555555555555713e+01
5.388888888888889284e+01
5.125000000000000000e+01
4.888888888888889284e+01
4.680555555555555713e+01
4.500000000000000000e+01
4.347222222222222143e+01
4.222222222222222143e+01
4.125000000000000000e+01
4.055555555555555713e+01
4.013888888888888573e+01
4.000000000000000000e+01
4.013888888888888573e+01
4.055555555555555713e+01
4.125000000000000000e+01
4.222222222222222143e+01
4.347222222222222143e+01
4.500000000000000000e+01
4.680555555555555713e+01
4.888888888888888573e+01
5.125000000000000000e+01
5.388888888888887863e+01
5.680555555555555003e+01
6.000000000000000000e+01
6.347222222222221433e+01
6.722222222222221433e+01
7.125000000000000000e+01
7.472222222222221433e+01
7.069444444444444287e+01
6.694444444444442865e+01
6.347222222222221433e+01
6.027777777777777146e+01
5.736111111111110006e+01
5.472222222222221433e+01
5.236111111111110006e+01
5.027777777777777146e+01
4.847222222222221433e+01
4.694444444444443576e+01
4.569444444444442865e+01
4.472222222222221433e+01
4.402777777777777146e+01
4.361111111111110006e+01
4.347222222222221433e+01
4.361111111111110006e+01
4.402777777777776436e+01
4.472222222222221433e+01
4.569444444444442865e+01
4.694444444444442865e+01
4.847222222222221433e+01
5.027777777777776436e+01
5.236111111111110006e+01
5.472222222222221433e+01
5.736111111111108585e+01
6.027777777777775725e+01
6.347222222222221433e+01
6.694444444444442865e+01
7.069444444444442865e+01
7.472222222222221433e+01
7.847222222222221433e+01
7.444444444444444287e+01
7.069444444444442865e+01
6.722222222222221433e+01
6.402777777777777146e+01
6.111111111111110716e+01
5.847222222222221433e+01
5.611111111111110716e+01
5.402777777777777146e+01
5.222222222222221433e+01
5.069444444444443576e+01
4.944444444444443576e+01
4.847222222222221433e+01
4.777777777777777146e+01
4.736111111111110006e+01
4.722222222222221433e+01
4.736111111111110006e+01
4.777777777777777146e+01
4.847222222222221433e+01
4.944444444444443576e+01
5.069444444444443576e+01
5.222222222222221433e+01
5.402777777777777146e+01
5.611111111111110006e+01
5.847222222222221433e+01
6.111111111111109295e+01
6.402777777777777146e+01
6.722222222222221433e+01
7.069444444444442865e+01
7.444444444444442865e+01
7.847222222222221433e+01
8.250000000000000000e+01
7.847222222222222854e+01
7.472222222222221433e+01
7.125000000000000000e+01
6.805555555555555713e+01
6.513888888888888573e+01
6.250000000000000000e+01
6.013888888888889284e+01
5.805555555555555713e+01
5.625000000000000000e+01
5.472222222222222143e+01
5.347222222222222143e+01
5.250000000000000000e+01
5.180555555555555713e+01
5.138888888888888573e+01
5.125000000000000000e+01
5.138888888888888573e+01
5.180555555555555713e+01
5.250000000000000000e+01
5.347222222222222143e+01
5.472222222222222143e+01
5.625000000000000000e+01
5.805555555555555713e+01
6.013888888888888573e+01
6.250000000000000000e+01
6.513888888888888573e+01
6.805555555555554292e+01
7.125000000000000000e+01
7.472222222222221433e+01
7.847222222222221433e+01
8.250000000000000000e+01
7.930555555555555713e+01
7.527777777777778567e+01
7.152777777777777146e+01
6.805555555555555713e+01
6.486111111111111427e+01
6.194444444444444997e+01
5.930555555555555713e+01
5.694444444444444997e+01
5.486111111111111427e+01
5.305555555555555713e+01
5.152777777777777857e+01
5.027777777777777857e+01
4.930555555555555713e+01
4.861111111111111427e+01
4.819444444444444287e+01
4.805555555555555713e+01
4.819444444444444287e+01
4.861111111111111427e+01
4.930555555555555713e+01
5.027777777777777857e+01
5.152777777777777857e+01
5.305555555555555713e+01
5.486111111111111427e+01
5.694444444444444287e+01
5.930555555555555713e+01
6.194444444444443576e+01
6.486111111111111427e+01
6.805555555555555713e+01
7.152777777777777146e+01
7.527777777777777146e+01
7.930555555555555713e+01
7.527777777777778567e+01
7.125000000000001421e+01
6.750000000000000000e+01
6.402777777777778567e+01
6.083333333333334281e+01
5.791666666666667851e+01
5.527777777777778567e+01
5.291666666666667851e+01
5.083333333333334281e+01
4.902777777777778567e+01
4.750000000000000711e+01
4.625000000000000711e+01
4.527777777777778567e+01
4.458333333333334281e+01
4.416666666666667140e+01
4.402777777777778567e+01
4.416666666666667140e+01
4.458333333333334281e+01
4.527777777777778567e+01
4.625000000000000711e+01
4.750000000000000711e+01
4.902777777777778567e+01
5.083333333333334281e+01
5.291666666666667140e+01
5.527777777777778567e+01
5.791666666666666430e+01
6.083333333333333570e+01
6.402777777777778567e+01
6.750000000000000000e+01
7.125000000000000000e+01
7.527777777777778567e+01
7.152777777777777146e+01
6.750000000000000000e+01
6.374999999999999289e+01
6.027777777777777146e+01
5.708333333333332860e+01
5.416666666666666430e+01
5.152777777777777146e+01
4.916666666666666430e+01
4.708333333333332860e+01
4.527777777777777146e+01
4.375000000000000000e+01
4.250000000000000000e+01
4.152777777777777146e+01
4.083333333333332860e+01
4.041666666666666430e+01
4.027777777777777146e+01
4.041666666666666430e+01
4.083333333333332860e+01
4.152777777777777146e+01
4.250000000000000000e+01
4.374999999999999289e+01
4.527777777777777146e+01
4.708333333333332860e+01
4.916666666666665719e+01
5.152777777777777146e+01
5.416666666666665719e+01
5.708333333333332860e+01
6.027777777777777146e+01
6.374999999999998579e+01
6.749999999999998579e+01
7.152777777777777146e+01
6.805555555555555713e+01
6.402777777777778567e+01
6.027777777777777146e+01
5.680555555555555713e+01
5.361111111111111427e+01
5.069444444444444997e+01
4.805555555555555713e+01
4.569444444444444997e+01
4.361111111111111427e+01
4.180555555555555713e+01
4.027777777777777857e+01
3.902777777777777857e+01
3.805555555555555713e+01
3.736111111111111427e+01
3.694444444444444287e+01
3.680555555555555713e+01
3.694444444444444287e+01
3.736111111111111427e+01
3.805555555555555713e+01
3.902777777777777857e+01
4.027777777777777857e+01
4.180555555555555713e+01
4.361111111111111427e+01
4.569444444444444287e+01
4.805555555555555713e+01
5.069444444444443576e+01
5.361111111111110716e+01
5.680555555555555713e+01
6.027777777777777146e+01
6.402777777777777146e+01
6.805555555555555713e+01
6.486111111111111427e+01
6.083333333333334281e+01
5.708333333333332860e+01
5.361111111111111427e+01
5.041666666666667140e+01
4.750000000000000711e+01
4.486111111111111427e+01
4.250000000000000711e+01
4.041666666666667140e+01
3.861111111111111427e+01
3.708333333333333570e+01
3.583333333333333570e+01
3.486111111111111427e+01
3.416666666666667140e+01
3.375000000000000000e+01
3.361111111111111427e+01
3.375000000000000000e+01
3.416666666666667140e+01
3.486111111111111427e+01
3.583333333333333570e+01
3.708333333333333570e+01
3.861111111111111427e+01
4.041666666666667140e+01
4.250000000000000000e+01
4.486111111111111427e+01
4.749999999999999289e+01
5.041666666666666430e+01
5.361111111111111427e+01
5.708333333333332860e+01
6.083333333333332860e+01
6.486111111111111427e+01
6.194444444444444997e+01
5.791666666666667851e+01
5.416666666666666430e+01
5.069444444444444997e+01
4.750000000000000711e+01
4.458333333333334281e+01
4.194444444444444997e+01
3.958333333333334281e+01
3.750000000000000711e+01
3.569444444444444997e+01
3.416666666666667140e+01
3.291666666666667140e+01
3.194444444444444997e+01
3.125000000000000355e+01
3.083333333333333570e+01
3.069444444444444997e+01
3.083333333333333570e+01
3.125000000000000355e+01
3.194444444444444997e+01
3.291666666666667140e+01
3.416666666666667140e+01
3.569444444444444997e+01
3.750000000000000000e+01
3.958333333333333570e+01
4.194444444444444997e+01
4.458333333333332860e+01
4.750000000000000000e+01
5.069444444444444997e+01
5.416666666666665719e+01
5.791666666666666430e+01
6.194444444444444997e+01
5.930555555555555713e+01
5.527777777777778567e+01
5.152777777777777146e+01
4.805555555555555713e+01
4.486111111111111427e+01
4.194444444444444997e+01
3.930555555555555713e+01
3.694444444444444997e+01
3.486111111111111427e+01
3.305555555555555713e+01
3.152777777777777857e+01
3.027777777777777857e+01
2.930555555555555713e+01
2.861111111111111427e+01
2.819444444444444642e+01
2.805555555555555713e+01
2.819444444444444642e+01
2.861111111111111427e+01
2.930555555555555713e+01
3.027777777777777857e+01
3.152777777777777857e+01
3.305555555555555713e+01
3.486111111111111427e+01
3.694444444444444287e+01
3.930555555555555713e+01
4.194444444444443576e+01
4.486111111111110716e+01
4.805555555555555713e+01
5.152777777777777146e+01
5.527777777777777146e+01
5.930555555555555713e+01
5.694444444444444997e+01
5.291666666666667851e+01
4.916666666666666430e+01
4.569444444444444997e+01
4.250000000000000711e+01
3.958333333333334281e+01
3.694444444444444997e+01
3.458333333333334281e+01
3.250000000000000711e+01
3.069444444444444997e+01
2.916666666666667140e+01
2.791666666666667140e+01
2.694444444444444997e+01
2.625000000000000355e+01
2.583333333333333570e+01
2.569444444444444997e+01
2.583333333333333570e+01
2.625000000000000355e+01
2.694444444444444997e+01
2.791666666666667140e+01
2.916666666666666785e+01
3.069444444444444997e+01
3.250000000000000000e+01
3.458333333333333570e+01
3.694444444444444997e+01
3.958333333333332860e+01
4.250000000000000000e+01
4.569444444444444997e+01
4.916666666666665719e+01
5.291666666666666430e+01
5.694444444444444997e+01
5.486111111111111427e+01
5.083333333333334281e+01
4.708333333333332860e+01
4.361111111111111427e+01
4.041666666666667140e+01
3.750000000000000711e+01
3.486111111111111427e+01
3.250000000000000711e+01
3.041666666666667140e+01
2.861111111111111427e+01
2.708333333333333570e+01
2.583333333333333570e+01
2.486111111111111427e+01
2.416666666666667140e+01
2.375000000000000355e+01
2.361111111111111427e+01
2.375000000000000355e+01
2.416666666666666785e+01
2.486111111111111427e+01
2.583333333333333570e+01
2.708333333333333570e+01
2.861111111111111427e+01
3.041666666666666785e+01
3.250000000000000000e+01
3.486111111111111427e+01
3.749999999999999289e+01
4.041666666666666430e+01
4.361111111111111427e+01
4.708333333333332860e+01
5.083333333333332860e+01
5.486111111111111427e+01
5.305555555555555713e+01
4.902777777777778567e+01
4.527777777777777146e+01
4.180555555555555713e+01
3.861111111111111427e+01
3.569444444444444997e+01
3.305555555555555713e+01
3.069444444444444997e+01
2.861111111111111427e+01
2.680555555555555713e+01
2.527777777777777857e+01
2.402777777777777857e+01
2.305555555555555713e+01
2.236111111111111427e+01
2.194444444444444642e+01
2.180555555555555713e+01
2.194444444444444642e+01
2.236111111111111072e+01
2.305555555555555713e+01
2.402777777777777857e+01
2.527777777777777857e+01
2.680555555555555713e+01
2.861111111111111072e+01
3.069444444444444287e+01
3.305555555555555713e+01
3.569444444444443576e+01
3.861111111111110716e+01
4.180555555555555713e+01
4.527777777777777146e+01
4.902777777777777146e+01
5.305555555555555713e+01
5.152777777777777857e+01
4.750000000000000711e+01
4.375000000000000000e+01
4.027777777777777857e+01
3.708333333333333570e+01
3.416666666666667140e+01
3.152777777777777857e+01
2.916666666666667140e+01
2.708333333333333570e+01
2.527777777777777857e+01
2.375000000000000355e+01
2.250000000000000355e+01
2.152777777777777857e+01
2.083333333333333570e+01
2.041666666666667140e+01
2.027777777777777857e+01
2.041666666666666785e+01
2.083333333333333570e+01
2.152777777777777857e+01
2.250000000000000000e+01
2.375000000000000000e+01
2.527777777777777857e+01
2.708333333333333570e+01
2.916666666666666430e+01
3.152777777777777857e+01
3.416666666666665719e+01
3.708333333333332860e+01
4.027777777777777857e+01
4.374999999999999289e+01
4.749999999999999289e+01
5.152777777777777857e+01
5.027777777777777857e+01
4.625000000000000711e+01
4.250000000000000000e+01
3.902777777777777857e+01
3.583333333333333570e+01
3.291666666666667140e+01
3.027777777777777857e+01
2.791666666666667140e+01
2.583333333333333570e+01
2.402777777777777857e+01
2.250000000000000355e+01
2.125000000000000355e+01
2.027777777777777857e+01
1.958333333333333570e+01
1.916666666666666785e+01
1.902777777777777857e+01
1.916666666666666785e+01
1.958333333333333570e+01
2.027777777777777857e+01
2.125000000000000000e+01
2.250000000000000000e+01
2.402777777777777857e+01
2.583333333333333570e+01
2.791666666666666430e+01
3.027777777777777857e+01
3.291666666666665719e+01
3.583333333333332860e+01
3.902777777777777857e+01
4.249999999999998579e+01
4.624999999999999289e+01
5.027777777777777857e+01
4.930555555555555713e+01
4.527777777777778567e+01
4.152777777777777146e+01
3.805555555555555713e+01
3.486111111111111427e+01
3.194444444444444997e+01
2.930555555555555713e+01
2.694444444444444997e+01
2.486111111111111427e+01
2.305555555555555713e+01
2.152777777777777857e+01
2.027777777777777857e+01
1.930555555555555713e+01
1.861111111111111427e+01
1.819444444444444642e+01
1.805555555555555713e+01
1.819444444444444642e+01
1.861111111111111072e+01
1.930555555555555713e+01
2.027777777777777857e+01
2.152777777777777857e+01
2.305555555555555713e+01
2.486111111111111072e+01
2.694444444444444287e+01
2.930555555555555713e+01
3.194444444444443576e+01
3.486111111111110716e+01
3.805555555555555713e+01
4.152777777777777146e+01
4.527777777777777146e+01
4.930555555555555713e+01
4.861111111111111427e+01
4.458333333333334281e+01
4.083333333333332860e+01
3.736111111111111427e+01
3.416666666666667140e+01
3.125000000000000355e+01
2.861111111111111427e+01
2.625000000000000355e+01
2.416666666666667140e+01
2.236111111111111427e+01
2.083333333333333570e+01
1.958333333333333570e+01
1.861111111111111427e+01
1.791666666666666785e+01
1.750000000000000355e+01
1.736111111111111427e+01
1.750000000000000000e+01
1.791666666666666785e+01
1.861111111111111427e+01
1.958333333333333570e+01
2.083333333333333215e+01
2.236111111111111427e+01
2.416666666666666785e+01
2.625000000000000000e+01
2.861111111111111427e+01
3.124999999999999289e+01
3.416666666666666430e+01
3.736111111111111427e+01
4.083333333333332860e+01
4.458333333333332860e+01
4.861111111111111427e+01
4.819444444444444287e+01
4.416666666666667140e+01
4.041666666666666430e+01
3.694444444444444287e+01
3.375000000000000000e+01
3.083333333333333570e+01
2.819444444444444642e+01
2.583333333333333570e+01
2.375000000000000355e+01
2.194444444444444642e+01
2.041666666666667140e+01
1.916666666666666785e+01
1.819444444444444642e+01
1.750000000000000355e+01
1.708333333333333570e+01
1.694444444444444642e+01
1.708333333333333570e+01
1.750000000000000000e+01
1.819444444444444642e+01
1.916666666666666785e+01
2.041666666666666430e+01
2.194444444444444642e+01
2.375000000000000000e+01
2.583333333333333215e+01
2.819444444444444642e+01
3.083333333333332504e+01
3.375000000000000000e+01
3.694444444444444287e+01
4.041666666666665719e+01
4.416666666666665719e+01
4.819444444444444287e+01
4.805555555555555713e+01
4.402777777777778567e+01
4.027777777777777146e+01
3.680555555555555713e+01
3.361111111111111427e+01
3.069444444444444997e+01
2.805555555555555713e+01
2.569444444444444997e+01
2.361111111111111427e+01
2.180555555555555713e+01
2.027777777777777857e+01
1.902777777777777857e+01
1.805555555555555713e+01
1.736111111111111427e+01
1.694444444444444642e+01
1.680555555555555713e+01
1.694444444444444642e+01
1.736111111111111072e+01
1.805555555555555713e+01
1.902777777777777857e+01
2.027777777777777857e+01
2.180555555555555713e+01
2.361111111111111072e+01
2.569444444444444287e+01
2.805555555555555713e+01
3.069444444444443576e+01
3.361111111111110716e+01
3.680555555555555713e+01
4.027777777777777146e+01
4.402777777777777146e+01
4.805555555555555713e+01
4.819444444444444287e+01
4.416666666666667140e+01
4.041666666666666430e+01
3.694444444444444287e+01
3.375000000000000000e+01
3.083333333333333570e+01
2.819444444444444642e+01
2.583333333333333570e+01
2.375000000000000355e+01
2.194444444444444642e+01
2.041666666666666785e+01
1.916666666666666785e+01
1.819444444444444642e+01
1.750000000000000000e+01
1.708333333333333570e+01
1.694444444444444642e+01
1.708333333333333570e+01
1.750000000000000000e+01
1.819444444444444642e+01
1.916666666666666785e+01
2.041666666666666430e+01
2.194444444444444642e+01
2.375000000000000000e+01
2.583333333333333215e+01
2.819444444444444642e+01
3.083333333333332504e+01
3.375000000000000000e+01
3.694444444444444287e+01
4.041666666666665719e+01
4.416666666666665719e+01
4.819444444444444287e+01
4.861111111111111427e+01
4.458333333333334281e+01
4.083333333333332860e+01
3.736111111111111427e+01
3.416666666666667140e+01
3.125000000000000355e+01
2.861111111111111427e+01
2.625000000000000355e+01
2.416666666666666785e+01
2.236111111111111072e+01
2.083333333333333570e+01
1.958333333333333570e+01
1.861111111111111072e+01
1.791666666666666785e+01
1.750000000000000000e+01
1.736111111111111072e+01
1.750000000000000000e+01
1.791666666666666785e+01
1.861111111111111072e+01
1.958333333333333215e+01
2.083333333333333215e+01
2.236111111111111072e+01
2.416666666666666430e+01
2.625000000000000000e+01
2.861111111111111427e+01
3.124999999999999289e+01
3.416666666666665719e+01
3.736111111111111427e+01
4.083333333333332149e+01
4.458333333333332860e+01
4.861111111111111427e+01
4.930555555555555713e+01
4.527777777777778567e+01
4.152777777777777146e+01
3.805555555555555713e+01
3.486111111111111427e+01
3.194444444444444997e+01
2.930555555555555713e+01
2.694444444444444997e+01
2.486111111111111427e+01
2.305555555555555713e+01
2.152777777777777857e+01
2.027777777777777857e+01
1.930555555555555713e+01
1.861111111111111427e+01
1.819444444444444642e+01
1.805555555555555713e+01
1.819444444444444642e+01
1.861111111111111072e+01
1.930555555555555713e+01
2.027777777777777857e+01
2.152777777777777857e+01
2.305555555555555713e+01
2.486111111111111072e+01
2.694444444444444287e+01
2.930555555555555713e+01
3.194444444444443576e+01
3.486111111111110716e+01
3.805555555555555713e+01
4.152777777777777146e+01
4.527777777777777146e+01
4.930555555555555713e+01
5.027777777777777857e+01
4.625000000000000711e+01
4.250000000000000000e+01
3.902777777777777857e+01
3.583333333333333570e+01
3.291666666666667140e+01
3.027777777777777857e+01
2.791666666666667140e+01
2.583333333333333570e+01
2.402777777777777857e+01
2.250000000000000000e+01
2.125000000000000000e+01
2.027777777777777857e+01
1.958333333333333570e+01
1.916666666666666785e+01
1.902777777777777857e+01
1.916666666666666785e+01
1.958333333333333215e+01
2.027777777777777857e+01
2.125000000000000000e+01
2.250000000000000000e+01
2.402777777777777857e+01
2.583333333333333215e+01
2.791666666666666430e+01
3.027777777777777857e+01
3.291666666666665719e+01
3.583333333333332860e+01
3.902777777777777857e+01
4.249999999999998579e+01
4.624999999999999289e+01
5.027777777777777857e+01
5.152777777777777857e+01
4.750000000000000711e+01
4.374999999999999289e+01
4.027777777777777857e+01
3.708333333333333570e+01
3.416666666666667140e+01
3.152777777777777857e+01
2.916666666666666785e+01
2.708333333333333570e+01
2.527777777777777857e+01
2.375000000000000000e+01
2.250000000000000000e+01
2.152777777777777857e+01
2.083333333333333215e+01
2.041666666666666430e+01
2.027777777777777857e+01
2.041666666666666430e+01
2.083333333333333215e+01
2.152777777777777857e+01
2.250000000000000000e+01
2.374999999999999645e+01
2.527777777777777857e+01
2.708333333333332860e+01
2.916666666666666430e+01
3.152777777777777857e+01
3.416666666666665719e+01
3.708333333333332860e+01
4.027777777777777857e+01
4.374999999999998579e+01
4.749999999999999289e+01
5.152777777777777857e+01
5.305555555555555713e+01
4.902777777777778567e+01
4.527777777777777146e+01
4.180555555555555713e+01
3.861111111111111427e+01
3.569444444444444997e+01
3.305555555555555713e+01
3.069444444444444997e+01
2.861111111111111427e+01
2.680555555555555713e+01
2.527777777777777857e+01
2.402777777777777857e+01
2.305555555555555713e+01
2.236111111111111427e+01
2.194444444444444642e+01
2.180555555555555713e+01
2.194444444444444642e+01
2.236111111111111072e+01
2.305555555555555713e+01
2.402777777777777857e+01
2.527777777777777857e+01
2.680555555555555713e+01
2.861111111111111072e+01
3.069444444444444287e+01
3.305555555555555713e+01
3.569444444444443576e+01
3.861111111111110716e+01
4.180555555555555713e+01
4.527777777777777146e+01
4.902777777777777146e+01
5.305555555555555713e+01
5.486111111111111427e+01
5.083333333333334281e+01
4.708333333333332860e+01
4.361111111111111427e+01
4.041666666666667140e+01
3.750000000000000000e+01
3.486111111111111427e+01
3.250000000000000000e+01
3.041666666666666785e+01
2.861111111111111072e+01
2.708333333333333570e+01
2.583333333333333570e+01
2.486111111111111072e+01
2.416666666666666785e+01
2.375000000000000000e+01
2.361111111111111072e+01
2.375000000000000000e+01
2.416666666666666430e+01
2.486111111111111072e+01
2.583333333333333215e+01
2.708333333333332860e+01
2.861111111111111072e+01
3.041666666666666430e+01
3.250000000000000000e+01
3.486111111111111427e+01
3.749999999999998579e+01
4.041666666666665719e+01
4.361111111111111427e+01
4.708333333333332149e+01
5.083333333333332860e+01
5.486111111111111427e+01
5.694444444444444287e+01
5.291666666666667140e+01
4.916666666666665719e+01
4.569444444444444287e+01
4.250000000000000000e+01
3.958333333333333570e+01
3.694444444444444287e+01
3.458333333333333570e+01
3.250000000000000000e+01
3.069444444444444287e+01
2.916666666666666430e+01
2.791666666666666430e+01
2.694444444444444287e+01
2.625000000000000000e+01
2.583333333333333215e+01
2.569444444444444287e+01
2.583333333333333215e+01
2.625000000000000000e+01
2.694444444444444287e+01
2.791666666666666430e+01
2.916666666666666430e+01
3.069444444444444287e+01
3.250000000000000000e+01
3.458333333333332860e+01
3.694444444444444287e+01
3.958333333333332149e+01
4.249999999999999289e+01
4.569444444444444287e+01
4.916666666666665719e+01
5.291666666666665719e+01
5.694444444444444287e+01
5.930555555555555713e+01
5.527777777777778567e+01
5.152777777777777146e+01
4.805555555555555713e+01
4.486111111111111427e+01
4.194444444444444997e+01
3.930555555555555713e+01
3.694444444444444997e+01
3.486111111111111427e+01
3.305555555555555713e+01
3.152777777777777857e+01
3.027777777777777857e+01
2.930555555555555713e+01
2.861111111111111427e+01
2.819444444444444642e+01
2.805555555555555713e+01
2.819444444444444642e+01
2.861111111111111427e+01
2.930555555555555713e+01
3.027777777777777857e+01
3.152777777777777857e+01
3.305555555555555713e+01
3.486111111111111427e+01
3.694444444444444287e+01
3.930555555555555713e+01
4.194444444444443576e+01
4.486111111111110716e+01
4.805555555555555713e+01
5.152777777777777146e+01
5.527777777777777146e+01
5.930555555555555713e+01
6.194444444444443576e+01
5.791666666666666430e+01
5.416666666666665719e+01
5.069444444444443576e+01
4.749999999999999289e+01
4.458333333333332860e+01
4.194444444444443576e+01
3.958333333333332860e+01
3.749999999999999289e+01
3.569444444444443576e+01
3.416666666666665719e+01
3.291666666666665719e+01
3.194444444444443576e+01
3.124999999999999289e+01
3.083333333333332504e+01
3.069444444444443576e+01
3.083333333333332504e+01
3.124999999999999289e+01
3.194444444444443576e+01
3.291666666666665719e+01
3.416666666666665719e+01
3.569444444444443576e+01
3.749999999999998579e+01
3.958333333333332149e+01
4.194444444444443576e+01
4.458333333333331439e+01
4.749999999999998579e+01
5.069444444444443576e+01
5.416666666666664298e+01
5.791666666666665009e+01
6.194444444444443576e+01
6.486111111111111427e+01
6.083333333333333570e+01
5.708333333333332860e+01
5.361111111111110716e+01
5.041666666666666430e+01
4.750000000000000000e+01
4.486111111111110716e+01
4.250000000000000000e+01
4.041666666666666430e+01
3.861111111111110716e+01
3.708333333333332860e+01
3.583333333333332860e+01
3.486111111111110716e+01
3.416666666666666430e+01
3.375000000000000000e+01
3.361111111111110716e+01
3.375000000000000000e+01
3.416666666666665719e+01
3.486111111111110716e+01
3.583333333333332860e+01
3.708333333333332860e+01
3.861111111111110716e+01
4.041666666666665719e+01
4.249999999999999289e+01
4.486111111111110716e+01
4.749999999999998579e+01
5.041666666666665719e+01
5.361111111111110716e+01
5.708333333333331439e+01
6.083333333333332149e+01
6.486111111111111427e+01
6.805555555555555713e+01
6.402777777777778567e+01
6.027777777777777146e+01
5.680555555555555713e+01
5.361111111111111427e+01
5.069444444444444997e+01
4.805555555555555713e+01
4.569444444444444997e+01
4.361111111111111427e+01
4.180555555555555713e+01
4.027777777777777857e+01
3.902777777777777857e+01
3.805555555555555713e+01
3.736111111111111427e+01
3.694444444444444287e+01
3.680555555555555713e+01
3.694444444444444287e+01
3.736111111111111427e+01
3.805555555555555713e+01
3.902777777777777857e+01
4.027777777777777857e+01
4.180555555555555713e+01
4.361111111111111427e+01
4.569444444444444287e+01
4.805555555555555713e+01
5.069444444444443576e+01
5.361111111111110716e+01
5.680555555555555713e+01
6.027777777777777146e+01
6.402777777777777146e+01
6.805555555555555713e+01
7.152777777777777146e+01
6.750000000000000000e+01
6.374999999999998579e+01
6.027777777777777146e+01
5.708333333333332860e+01
5.416666666666665719e+01
5.152777777777777146e+01
4.916666666666665719e+01
4.708333333333332860e+01
4.527777777777777146e+01
4.374999999999999289e+01
4.249999999999998579e+01
4.152777777777777146e+01
4.083333333333332860e+01
4.041666666666665719e+01
4.027777777777777146e+01
4.041666666666665719e+01
4.083333333333332149e+01
4.152777777777777146e+01
4.249999999999998579e+01
4.374999999999998579e+01
4.527777777777777146e+01
4.708333333333332149e+01
4.916666666666665719e+01
5.152777777777777146e+01
5.416666666666664298e+01
5.708333333333331439e+01
6.027777777777777146e+01
6.374999999999997868e+01
6.749999999999998579e+01
7.152777777777777146e+01
7.527777777777777146e+01
7.125000000000000000e+01
6.749999999999998579e+01
6.402777777777777146e+01
6.083333333333332860e+01
5.791666666666666430e+01
5.527777777777777146e+01
5.291666666666666430e+01
5.083333333333332860e+01
4.902777777777777146e+01
4.749999999999999289e+01
4.624999999999999289e+01
4.527777777777777146e+01
4.458333333333332860e+01
4.416666666666665719e+01
4.402777777777777146e+01
4.416666666666665719e+01
4.458333333333332860e+01
4.527777777777777146e+01
4.624999999999999289e+01
4.749999999999999289e+01
4.902777777777777146e+01
5.083333333333332860e+01
5.291666666666665719e+01
5.527777777777777146e+01
5.791666666666665009e+01
6.083333333333332149e+01
6.402777777777777146e+01
6.749999999999998579e+01
7.124999999999998579e+01
7.527777777777777146e+01
7.930555555555555713e+01
7.527777777777778567e+01
7.152777777777777146e+01
6.805555555555555713e+01
6.486111111111111427e+01
6.194444444444444997e+01
5.930555555555555713e+01
5.694444444444444997e+01
5.486111111111111427e+01
5.305555555555555713e+01
5.152777777777777857e+01
5.027777777777777857e+01
4.930555555555555713e+01
4.861111111111111427e+01
4.819444444444444287e+01
4.805555555555555713e+01
4.819444444444444287e+01
4.861111111111111427e+01
4.930555555555555713e+01
5.027777777777777857e+01
5.152777777777777857e+01
5.305555555555555713e+01
5.486111111111111427e+01
5.694444444444444287e+01
5.930555555555555713e+01
6.194444444444443576e+01
6.486111111111111427e+01
6.805555555555555713e+01
7.152777777777777146e+01
7.527777777777777146e+01
7.930555555555555713e+01
7.638888888888888573e+01
7.236111111111111427e+01
6.861111111111110006e+01
6.513888888888888573e+01
6.194444444444444997e+01
5.902777777777778567e+01
5.638888888888889284e+01
5.402777777777778567e+01
5.194444444444444997e+01
5.013888888888889284e+01
4.861111111111111427e+01
4.736111111111111427e+01
4.638888888888889284e+01
4.569444444444444997e+01
4.527777777777777857e+01
4.513888888888889284e+01
4.527777777777777857e+01
4.569444444444444287e+01
4.638888888888889284e+01
4.736111111111111427e+01
4.861111111111111427e+01
5.013888888888889284e+01
5.194444444444444997e+01
5.402777777777777857e+01
5.638888888888889284e+01
5.902777777777777146e+01
6.194444444444444287e+01
6.513888888888888573e+01
6.861111111111110006e+01
7.236111111111110006e+01
7.638888888888888573e+01
7.236111111111111427e+01
6.833333333333334281e+01
6.458333333333332860e+01
6.111111111111112137e+01
5.791666666666667851e+01
5.500000000000001421e+01
5.236111111111112137e+01
5.000000000000001421e+01
4.791666666666667851e+01
4.611111111111112137e+01
4.458333333333334281e+01
4.333333333333334281e+01
4.236111111111112137e+01
4.166666666666667851e+01
4.125000000000000711e+01
4.111111111111112137e+01
4.125000000000000711e+01
4.166666666666667140e+01
4.236111111111112137e+01
4.333333333333334281e+01
4.458333333333334281e+01
4.611111111111112137e+01
4.791666666666667851e+01
5.000000000000000711e+01
5.236111111111112137e+01
5.500000000000000000e+01
5.791666666666667140e+01
6.111111111111112137e+01
6.458333333333332860e+01
6.833333333333332860e+01
7.236111111111111427e+01
6.861111111111110006e+01
6.458333333333332860e+01
6.083333333333332860e+01
5.736111111111110716e+01
5.416666666666666430e+01
5.125000000000000000e+01
4.861111111111110716e+01
4.625000000000000000e+01
4.416666666666666430e+01
4.236111111111110716e+01
4.083333333333333570e+01
3.958333333333332860e+01
3.861111111111110716e+01
3.791666666666666430e+01
3.750000000000000000e+01
3.736111111111110716e+01
3.750000000000000000e+01
3.791666666666666430e+01
3.861111111111110716e+01
3.958333333333332860e+01
4.083333333333332860e+01
4.236111111111110716e+01
4.416666666666666430e+01
4.624999999999999289e+01
4.861111111111110716e+01
5.124999999999999289e+01
5.416666666666666430e+01
5.736111111111110716e+01
6.083333333333332149e+01
6.458333333333331439e+01
6.861111111111110006e+01
6.513888888888888573e+01
6.111111111111112137e+01
5.736111111111110716e+01
5.388888888888889284e+01
5.069444444444444997e+01
4.777777777777778567e+01
4.513888888888889284e+01
4.277777777777778567e+01
4.069444444444444997e+01
3.888888888888889284e+01
3.736111111111111427e+01
3.611111111111111427e+01
3.513888888888889284e+01
3.444444444444444997e+01
3.402777777777777857e+01
3.388888888888889284e+01
3.402777777777777857e+01
3.444444444444444287e+01
3.513888888888889284e+01
3.611111111111111427e+01
3.736111111111111427e+01
3.888888888888889284e+01
4.069444444444444287e+01
4.277777777777777857e+01
4.513888888888889284e+01
4.777777777777777146e+01
5.069444444444444287e+01
5.388888888888889284e+01
5.736111111111110716e+01
6.111111111111110716e+01
6.513888888888888573e+01
6.194444444444444997e+01
5.791666666666667851e+01
5.416666666666666430e+01
5.069444444444444997e+01
4.750000000000000711e+01
4.458333333333334281e+01
4.194444444444444997e+01
3.958333333333334281e+01
3.750000000000000711e+01
3.569444444444444997e+01
3.416666666666667140e+01
3.291666666666667140e+01
3.194444444444444997e+01
3.125000000000000711e+01
3.083333333333333570e+01
3.069444444444444997e+01
3.083333333333333570e+01
3.125000000000000000e+01
3.194444444444444997e+01
3.291666666666667140e+01
3.416666666666667140e+01
3.569444444444444997e+01
3.750000000000000000e+01
3.958333333333333570e+01
4.194444444444444997e+01
4.458333333333332860e+01
4.750000000000000000e+01
5.069444444444444997e+01
5.416666666666666430e+01
5.791666666666666430e+01
6.194444444444444997e+01
5.902777777777778567e+01
5.500000000000001421e+01
5.125000000000000000e+01
4.777777777777778567e+01
4.458333333333334281e+01
4.166666666666667140e+01
3.902777777777778567e+01
3.666666666666667140e+01
3.458333333333334281e+01
3.277777777777778567e+01
3.125000000000000711e+01
3.000000000000000711e+01
2.902777777777778212e+01
2.833333333333333570e+01
2.791666666666667140e+01
2.777777777777778212e+01
2.791666666666667140e+01
2.833333333333333570e+01
2.902777777777778212e+01
3.000000000000000711e+01
3.125000000000000000e+01
3.277777777777778567e+01
3.458333333333333570e+01
3.666666666666667140e+01
3.902777777777778567e+01
4.166666666666666430e+01
4.458333333333333570e+01
4.777777777777778567e+01
5.124999999999999289e+01
5.500000000000000000e+01
5.902777777777778567e+01
5.638888888888889284e+01
5.236111111111112137e+01
4.861111111111110716e+01
4.513888888888889284e+01
4.194444444444444997e+01
3.902777777777778567e+01
3.638888888888889284e+01
3.402777777777778567e+01
3.194444444444444997e+01
3.013888888888889284e+01
2.861111111111111427e+01
2.736111111111111427e+01
2.638888888888889284e+01
2.569444444444444642e+01
2.527777777777777857e+01
2.513888888888889284e+01
2.527777777777777857e+01
2.569444444444444642e+01
2.638888888888889284e+01
2.736111111111111427e+01
2.861111111111111072e+01
3.013888888888889284e+01
3.194444444444444287e+01
3.402777777777777857e+01
3.638888888888889284e+01
3.902777777777777146e+01
4.194444444444444287e+01
4.513888888888889284e+01
4.861111111111110716e+01
5.236111111111110716e+01
5.638888888888889284e+01
5.402777777777778567e+01
5.000000000000001421e+01
4.625000000000000000e+01
4.277777777777778567e+01
3.958333333333334281e+01
3.666666666666667140e+01
3.402777777777778567e+01
3.166666666666667140e+01
2.958333333333333925e+01
2.777777777777778212e+01
2.625000000000000711e+01
2.500000000000000711e+01
2.402777777777778212e+01
2.333333333333333570e+01
2.291666666666667140e+01
2.277777777777778212e+01
2.291666666666667140e+01
2.333333333333333570e+01
2.402777777777778212e+01
2.500000000000000355e+01
2.625000000000000000e+01
2.777777777777778212e+01
2.958333333333333570e+01
3.166666666666667140e+01
3.402777777777778567e+01
3.666666666666666430e+01
3.958333333333333570e+01
4.277777777777778567e+01
4.624999999999999289e+01
5.000000000000000000e+01
5.402777777777778567e+01
5.194444444444444997e+01
4.791666666666667851e+01
4.416666666666666430e+01
4.069444444444444997e+01
3.750000000000000711e+01
3.458333333333334281e+01
3.194444444444444997e+01
2.958333333333333925e+01
2.750000000000000711e+01
2.569444444444444997e+01
2.416666666666667140e+01
2.291666666666667140e+01
2.194444444444444997e+01
2.125000000000000355e+01
2.083333333333333570e+01
2.069444444444444997e+01
2.083333333333333570e+01
2.125000000000000355e+01
2.194444444444444997e+01
2.291666666666667140e+01
2.416666666666666785e+01
2.569444444444444997e+01
2.750000000000000000e+01
2.958333333333333570e+01
3.194444444444444997e+01
3.458333333333332860e+01
3.750000000000000000e+01
4.069444444444444997e+01
4.416666666666665719e+01
4.791666666666666430e+01
5.194444444444444997e+01
5.013888888888889284e+01
4.611111111111112137e+01
4.236111111111110716e+01
3.888888888888889284e+01
3.569444444444444997e+01
3.277777777777778567e+01
3.013888888888889284e+01
2.777777777777778212e+01
2.569444444444444997e+01
2.388888888888889284e+01
2.236111111111111427e+01
2.111111111111111427e+01
2.013888888888889284e+01
1.944444444444444642e+01
1.902777777777777857e+01
1.888888888888889284e+01
1.902777777777777857e+01
1.944444444444444642e+01
2.013888888888889284e+01
2.111111111111111427e+01
2.236111111111111072e+01
2.388888888888889284e+01
2.569444444444444287e+01
2.777777777777777857e+01
3.013888888888889284e+01
3.277777777777777146e+01
3.569444444444444287e+01
3.888888888888889284e+01
4.236111111111110006e+01
4.611111111111110716e+01
5.013888888888889284e+01
4.861111111111111427e+01
4.458333333333334281e+01
4.083333333333333570e+01
3.736111111111111427e+01
3.416666666666667140e+01
3.125000000000000711e+01
2.861111111111111427e+01
2.625000000000000711e+01
2.416666666666667140e+01
2.236111111111111427e+01
2.083333333333333570e+01
1.958333333333333570e+01
1.861111111111111427e+01
1.791666666666667140e+01
1.750000000000000355e+01
1.736111111111111427e+01
1.750000000000000355e+01
1.791666666666666785e+01
1.861111111111111427e+01
1.958333333333333570e+01
2.083333333333333570e+01
2.236111111111111427e+01
2.416666666666666785e+01
2.625000000000000000e+01
2.861111111111111427e+01
3.124999999999999289e+01
3.416666666666666430e+01
3.736111111111111427e+01
4.083333333333332860e+01
4.458333333333332860e+01
4.861111111111111427e+01
4.736111111111111427e+01
4.333333333333334281e+01
3.958333333333332860e+01
3.611111111111111427e+01
3.291666666666667140e+01
3.000000000000000711e+01
2.736111111111111427e+01
2.500000000000000711e+01
2.291666666666667140e+01
2.111111111111111427e+01
1.958333333333333570e+01
1.833333333333333570e+01
1.736111111111111427e+01
1.666666666666667140e+01
1.625000000000000355e+01
1.611111111111111427e+01
1.625000000000000355e+01
1.666666666666666785e+01
1.736111111111111427e+01
1.833333333333333570e+01
1.958333333333333570e+01
2.111111111111111427e+01
2.291666666666666785e+01
2.500000000000000000e+01
2.736111111111111427e+01
2.999999999999999289e+01
3.291666666666666430e+01
3.611111111111111427e+01
3.958333333333332149e+01
4.333333333333332860e+01
4.736111111111111427e+01
4.638888888888889284e+01
4.236111111111112137e+01
3.861111111111110716e+01
3.513888888888889284e+01
3.194444444444444997e+01
2.902777777777778212e+01
2.638888888888889284e+01
2.402777777777778212e+01
2.194444444444444997e+01
2.013888888888889284e+01
1.861111111111111427e+01
1.736111111111111427e+01
1.638888888888889284e+01
1.569444444444444642e+01
1.527777777777778034e+01
1.513888888888889106e+01
1.527777777777778034e+01
1.569444444444444642e+01
1.638888888888889284e+01
1.736111111111111427e+01
1.861111111111111072e+01
2.013888888888889284e+01
2.194444444444444287e+01
2.402777777777777857e+01
2.638888888888889284e+01
2.902777777777777146e+01
3.194444444444444287e+01
3.513888888888889284e+01
3.861111111111110006e+01
4.236111111111110716e+01
4.638888888888889284e+01
4.569444444444444997e+01
4.166666666666667851e+01
3.791666666666666430e+01
3.444444444444444997e+01
3.125000000000000711e+01
2.833333333333333570e+01
2.569444444444444642e+01
2.333333333333333570e+01
2.125000000000000355e+01
1.944444444444444642e+01
1.791666666666667140e+01
1.666666666666667140e+01
1.569444444444444642e+01
1.500000000000000355e+01
1.458333333333333570e+01
1.444444444444444642e+01
1.458333333333333570e+01
1.500000000000000178e+01
1.569444444444444642e+01
1.666666666666666785e+01
1.791666666666666785e+01
1.944444444444444642e+01
2.125000000000000000e+01
2.333333333333333215e+01
2.569444444444444642e+01
2.833333333333332504e+01
3.125000000000000000e+01
3.444444444444444997e+01
3.791666666666665719e+01
4.166666666666666430e+01
4.569444444444444997e+01
4.527777777777777857e+01
4.125000000000000711e+01
3.750000000000000000e+01
3.402777777777777857e+01
3.083333333333333570e+01
2.791666666666667140e+01
2.527777777777777857e+01
2.291666666666667140e+01
2.083333333333333570e+01
1.902777777777777857e+01
1.750000000000000355e+01
1.625000000000000355e+01
1.527777777777778034e+01
1.458333333333333570e+01
1.416666666666666963e+01
1.402777777777778034e+01
1.416666666666666963e+01
1.458333333333333570e+01
1.527777777777778034e+01
1.625000000000000000e+01
1.750000000000000000e+01
1.902777777777777857e+01
2.083333333333333570e+01
2.291666666666666430e+01
2.527777777777777857e+01
2.791666666666665719e+01
3.083333333333332860e+01
3.402777777777777857e+01
3.749999999999999289e+01
4.124999999999999289e+01
4.527777777777777857e+01
4.513888888888889284e+01
4.111111111111112137e+01
3.736111111111110716e+01
3.388888888888889284e+01
3.069444444444444997e+01
2.777777777777778212e+01
2.513888888888889284e+01
2.277777777777778212e+01
2.069444444444444997e+01
1.888888888888889284e+01
1.736111111111111427e+01
1.611111111111111427e+01
1.513888888888889106e+01
1.444444444444444642e+01
1.402777777777778034e+01
1.388888888888889106e+01
1.402777777777778034e+01
1.444444444444444642e+01
1.513888888888889106e+01
1.611111111111111427e+01
1.736111111111111072e+01
1.888888888888889284e+01
2.069444444444444287e+01
2.277777777777777857e+01
2.513888888888889284e+01
2.777777777777777146e+01
3.069444444444444287e+01
3.388888888888889284e+01
3.736111111111110006e+01
4.111111111111110716e+01
4.513888888888889284e+01
4.527777777777777857e+01
4.125000000000000711e+01
3.750000000000000000e+01
3.402777777777777857e+01
3.083333333333333570e+01
2.791666666666667140e+01
2.527777777777777857e+01
2.291666666666667140e+01
2.083333333333333570e+01
1.902777777777777857e+01
1.750000000000000355e+01
1.625000000000000355e+01
1.527777777777778034e+01
1.458333333333333570e+01
1.416666666666666963e+01
1.402777777777778034e+01
1.416666666666666785e+01
1.458333333333333393e+01
1.527777777777778034e+01
1.625000000000000000e+01
1.750000000000000000e+01
1.902777777777777857e+01
2.083333333333333215e+01
2.291666666666666430e+01
2.527777777777777857e+01
2.791666666666665719e+01
3.083333333333332860e+01
3.402777777777777857e+01
3.749999999999999289e+01
4.124999999999999289e+01
4.527777777777777857e+01
4.569444444444444287e+01
4.166666666666667140e+01
3.791666666666666430e+01
3.444444444444444287e+01
3.125000000000000000e+01
2.833333333333333570e+01
2.569444444444444642e+01
2.333333333333333570e+01
2.125000000000000355e+01
1.944444444444444642e+01
1.791666666666666785e+01
1.666666666666666785e+01
1.569444444444444642e+01
1.500000000000000178e+01
1.458333333333333570e+01
1.444444444444444642e+01
1.458333333333333393e+01
1.500000000000000000e+01
1.569444444444444642e+01
1.666666666666666785e+01
1.791666666666666430e+01
1.944444444444444642e+01
2.125000000000000000e+01
2.333333333333333215e+01
2.569444444444444642e+01
2.833333333333332504e+01
3.124999999999999289e+01
3.444444444444444287e+01
3.791666666666665719e+01
4.166666666666665719e+01
4.569444444444444287e+01
4.638888888888889284e+01
4.236111111111112137e+01
3.861111111111110716e+01
3.513888888888889284e+01
3.194444444444444997e+01
2.902777777777778212e+01
2.638888888888889284e+01
2.402777777777778212e+01
2.194444444444444997e+01
2.013888888888889284e+01
1.861111111111111427e+01
1.736111111111111427e+01
1.638888888888889284e+01
1.569444444444444642e+01
1.527777777777778034e+01
1.513888888888889106e+01
1.527777777777778034e+01
1.569444444444444642e+01
1.638888888888889284e+01
1.736111111111111427e+01
1.861111111111111072e+01
2.013888888888889284e+01
2.194444444444444287e+01
2.402777777777777857e+01
2.638888888888889284e+01
2.902777777777777146e+01
3.194444444444444287e+01
3.513888888888889284e+01
3.861111111111110006e+01
4.236111111111110716e+01
4.638888888888889284e+01
4.736111111111111427e+01
4.333333333333334281e+01
3.958333333333332860e+01
3.611111111111111427e+01
3.291666666666667140e+01
3.000000000000000711e+01
2.736111111111111427e+01
2.500000000000000355e+01
2.291666666666667140e+01
2.111111111111111427e+01
1.958333333333333570e+01
1.833333333333333570e+01
1.736111111111111427e+01
1.666666666666666785e+01
1.625000000000000000e+01
1.611111111111111427e+01
1.625000000000000000e+01
1.666666666666666785e+01
1.736111111111111427e+01
1.833333333333333570e+01
1.958333333333333215e+01
2.111111111111111427e+01
2.291666666666666430e+01
2.500000000000000000e+01
2.736111111111111427e+01
2.999999999999999289e+01
3.291666666666666430e+01
3.611111111111111427e+01
3.958333333333332149e+01
4.333333333333332860e+01
4.736111111111111427e+01
4.861111111111111427e+01
4.458333333333334281e+01
4.083333333333332860e+01
3.736111111111111427e+01
3.416666666666667140e+01
3.125000000000000000e+01
2.861111111111111072e+01
2.625000000000000000e+01
2.416666666666666785e+01
2.236111111111111072e+01
2.083333333333333570e+01
1.958333333333333570e+01
1.861111111111111072e+01
1.791666666666666785e+01
1.750000000000000000e+01
1.736111111111111072e+01
1.750000000000000000e+01
1.791666666666666430e+01
1.861111111111111072e+01
1.958333333333333215e+01
2.083333333333332860e+01
2.236111111111111072e+01
2.416666666666666430e+01
2.624999999999999645e+01
2.861111111111111072e+01
3.124999999999999289e+01
3.416666666666666430e+01
3.736111111111111427e+01
4.083333333333332149e+01
4.458333333333332860e+01
4.861111111111111427e+01
5.013888888888889284e+01
4.611111111111112137e+01
4.236111111111110716e+01
3.888888888888889284e+01
3.569444444444444997e+01
3.277777777777778567e+01
3.013888888888889284e+01
2.777777777777778212e+01
2.569444444444444997e+01
2.388888888888889284e+01
2.236111111111111427e+01
2.111111111111111427e+01
2.013888888888889284e+01
1.944444444444444642e+01
1.902777777777777857e+01
1.888888888888889284e+01
1.902777777777777857e+01
1.944444444444444642e+01
2.013888888888889284e+01
2.111111111111111427e+01
2.236111111111111072e+01
2.388888888888889284e+01
2.569444444444444287e+01
2.777777777777777857e+01
3.013888888888889284e+01
3.277777777777777146e+01
3.569444444444444287e+01
3.888888888888889284e+01
4.236111111111110006e+01
4.611111111111110716e+01
5.013888888888889284e+01
5.194444444444444997e+01
4.791666666666667851e+01
4.416666666666666430e+01
4.069444444444444287e+01
3.750000000000000000e+01
3.458333333333333570e+01
3.194444444444444287e+01
2.958333333333333570e+01
2.750000000000000000e+01
2.569444444444444287e+01
2.416666666666666785e+01
2.291666666666666785e+01
2.194444444444444287e+01
2.125000000000000000e+01
2.083333333333333570e+01
2.069444444444444287e+01
2.083333333333333215e+01
2.125000000000000000e+01
2.194444444444444287e+01
2.291666666666666430e+01
2.416666666666666430e+01
2.569444444444444287e+01
2.750000000000000000e+01
2.958333333333332860e+01
3.194444444444444287e+01
3.458333333333332149e+01
3.749999999999999289e+01
4.069444444444444287e+01
4.416666666666665719e+01
4.791666666666666430e+01
5.194444444444444997e+01
5.402777777777777857e+01
5.000000000000000711e+01
4.624999999999999289e+01
4.277777777777777857e+01
3.958333333333333570e+01
3.666666666666667140e+01
3.402777777777777857e+01
3.166666666666667140e+01
2.958333333333333570e+01
2.777777777777777857e+01
2.625000000000000000e+01
2.500000000000000000e+01
2.402777777777777857e+01
2.333333333333333215e+01
2.291666666666666430e+01
2.277777777777777857e+01
2.291666666666666430e+01
2.333333333333333215e+01
2.402777777777777857e+01
2.500000000000000000e+01
2.624999999999999645e+01
2.777777777777777857e+01
2.958333333333332860e+01
3.166666666666666430e+01
3.402777777777777857e+01
3.666666666666665719e+01
3.958333333333332860e+01
4.277777777777777857e+01
4.624999999999999289e+01
4.999999999999999289e+01
5.402777777777777857e+01
5.638888888888889284e+01
5.236111111111112137e+01
4.861111111111110716e+01
4.513888888888889284e+01
4.194444444444444997e+01
3.902777777777778567e+01
3.638888888888889284e+01
3.402777777777778567e+01
3.194444444444444997e+01
3.013888888888889284e+01
2.861111111111111427e+01
2.736111111111111427e+01
2.638888888888889284e+01
2.569444444444444642e+01
2.527777777777777857e+01
2.513888888888889284e+01
2.527777777777777857e+01
2.569444444444444642e+01
2.638888888888889284e+01
2.736111111111111427e+01
2.861111111111111072e+01
3.013888888888889284e+01
3.194444444444444287e+01
3.402777777777777857e+01
3.638888888888889284e+01
3.902777777777777146e+01
4.194444444444444287e+01
4.513888888888889284e+01
4.861111111111110716e+01
5.236111111111110716e+01
5.638888888888889284e+01
5.902777777777777146e+01
5.500000000000000000e+01
5.124999999999999289e+01
4.777777777777777146e+01
4.458333333333332860e+01
4.166666666666666430e+01
3.902777777777777146e+01
3.666666666666666430e+01
3.458333333333332860e+01
3.277777777777777146e+01
3.124999999999999289e+01
2.999999999999999289e+01
2.902777777777777146e+01
2.833333333333332504e+01
2.791666666666665719e+01
2.777777777777777146e+01
2.791666666666665719e+01
2.833333333333332504e+01
2.902777777777777146e+01
2.999999999999999289e+01
3.124999999999999289e+01
3.277777777777777146e+01
3.458333333333332149e+01
3.666666666666665719e+01
3.902777777777777146e+01
4.166666666666665009e+01
4.458333333333332149e+01
4.777777777777777146e+01
5.124999999999997868e+01
5.499999999999998579e+01
5.902777777777777146e+01
6.194444444444444287e+01
5.791666666666667140e+01
5.416666666666666430e+01
5.069444444444444287e+01
4.750000000000000000e+01
4.458333333333333570e+01
4.194444444444444287e+01
3.958333333333333570e+01
3.750000000000000000e+01
3.569444444444444287e+01
3.416666666666666430e+01
3.291666666666666430e+01
3.194444444444444287e+01
3.125000000000000000e+01
3.083333333333332860e+01
3.069444444444444287e+01
3.083333333333332860e+01
3.124999999999999289e+01
3.194444444444444287e+01
3.291666666666666430e+01
3.416666666666666430e+01
3.569444444444444287e+01
3.749999999999999289e+01
3.958333333333332860e+01
4.194444444444444287e+01
4.458333333333332149e+01
4.749999999999999289e+01
5.069444444444444287e+01
5.416666666666665009e+01
5.791666666666665719e+01
6.194444444444444287e+01
6.513888888888888573e+01
6.111111111111112137e+01
5.736111111111110716e+01
5.388888888888889284e+01
5.069444444444444997e+01
4.777777777777778567e+01
4.513888888888889284e+01
4.277777777777778567e+01
4.069444444444444997e+01
3.888888888888889284e+01
3.736111111111111427e+01
3.611111111111111427e+01
3.513888888888889284e+01
3.444444444444444997e+01
3.402777777777777857e+01
3.388888888888889284e+01
3.402777777777777857e+01
3.444444444444444287e+01
3.513888888888889284e+01
3.611111111111111427e+01
3.736111111111111427e+01
3.888888888888889284e+01
4.069444444444444287e+01
4.277777777777777857e+01
4.513888888888889284e+01
4.777777777777777146e+01
5.069444444444444287e+01
5.388888888888889284e+01
5.736111111111110716e+01
6.111111111111110716e+01
6.513888888888888573e+01
6.861111111111110006e+01
6.458333333333332860e+01
6.083333333333332149e+01
5.736111111111110716e+01
5.416666666666666430e+01
5.124999999999999289e+01
4.861111111111110716e+01
4.624999999999999289e+01
4.416666666666665719e+01
4.236111111111110006e+01
4.083333333333332860e+01
3.958333333333332149e+01
3.861111111111110006e+01
3.791666666666665719e+01
3.749999999999999289e+01
3.736111111111110006e+01
3.749999999999999289e+01
3.791666666666665719e+01
3.861111111111110006e+01
3.958333333333332149e+01
4.083333333333332149e+01
4.236111111111110006e+01
4.416666666666665719e+01
4.624999999999999289e+01
4.861111111111110716e+01
5.124999999999997868e+01
5.416666666666665009e+01
5.736111111111110716e+01
6.083333333333331439e+01
6.458333333333331439e+01
6.861111111111110006e+01
7.236111111111110006e+01
6.833333333333332860e+01
6.458333333333331439e+01
6.111111111111110716e+01
5.791666666666666430e+01
5.500000000000000000e+01
5.236111111111110716e+01
5.000000000000000000e+01
4.791666666666666430e+01
4.611111111111110716e+01
4.458333333333332860e+01
4.333333333333332860e+01
4.236111111111110716e+01
4.166666666666666430e+01
4.124999999999999289e+01
4.111111111111110716e+01
4.124999999999999289e+01
4.166666666666665719e+01
4.236111111111110716e+01
4.333333333333332860e+01
4.458333333333332860e+01
4.611111111111110716e+01
4.791666666666666430e+01
4.999999999999999289e+01
5.236111111111110716e+01
5.499999999999998579e+01
5.791666666666665719e+01
6.111111111111110716e+01
6.458333333333331439e+01
6.833333333333331439e+01
7.236111111111110006e+01
7.638888888888888573e+01
7.236111111111111427e+01
6.861111111111110006e+01
6.513888888888888573e+01
6.194444444444444997e+01
5.902777777777778567e+01
5.638888888888889284e+01
5.402777777777778567e+01
5.194444444444444997e+01
5.013888888888889284e+01
4.861111111111111427e+01
4.736111111111111427e+01
4.638888888888889284e+01
4.569444444444444997e+01
4.527777777777777857e+01
4.513888888888889284e+01
4.527777777777777857e+01
4.569444444444444287e+01
4.638888888888889284e+01
4.736111111111111427e+01
4.861111111111111427e+01
5.013888888888889284e+01
5.194444444444444997e+01
5.402777777777777857e+01
5.638888888888889284e+01
5.902777777777777146e+01
6.194444444444444287e+01
6.513888888888888573e+01
6.861111111111110006e+01
7.236111111111110006e+01
7.638888888888888573e+01
7.375000000000000000e+01
6.972222222222222854e+01
6.597222222222221433e+01
6.250000000000000000e+01
5.930555555555555713e+01
5.638888888888889284e+01
5.375000000000000000e+01
5.138888888888889284e+01
4.930555555555555713e+01
4.750000000000000000e+01
4.597222222222222143e+01
4.472222222222222143e+01
4.375000000000000000e+01
4.305555555555555713e+01
4.263888888888888573e+01
4.250000000000000000e+01
4.263888888888888573e+01
4.305555555555555713e+01
4.375000000000000000e+01
4.472222222222222143e+01
4.597222222222222143e+01
4.750000000000000000e+01
4.930555555555555713e+01
5.138888888888888573e+01
5.375000000000000000e+01
5.638888888888887863e+01
5.930555555555555003e+01
6.250000000000000000e+01
6.597222222222221433e+01
6.972222222222221433e+01
7.375000000000000000e+01
6.972222222222222854e+01
6.569444444444445708e+01
6.194444444444444287e+01
5.847222222222222854e+01
5.527777777777778567e+01
5.236111111111112137e+01
4.972222222222222854e+01
4.736111111111112137e+01
4.527777777777778567e+01
4.347222222222222854e+01
4.194444444444444997e+01
4.069444444444444997e+01
3.972222222222222854e+01
3.902777777777778567e+01
3.861111111111111427e+01
3.847222222222222854e+01
3.861111111111111427e+01
3.902777777777778567e+01
3.972222222222222854e+01
4.069444444444444997e+01
4.194444444444444997e+01
4.347222222222222854e+01
4.527777777777778567e+01
4.736111111111111427e+01
4.972222222222222854e+01
5.236111111111110716e+01
5.527777777777777857e+01
5.847222222222222854e+01
6.194444444444444287e+01
6.569444444444444287e+01
6.972222222222222854e+01
6.597222222222221433e+01
6.194444444444444287e+01
5.819444444444443576e+01
5.472222222222221433e+01
5.152777777777777146e+01
4.861111111111110716e+01
4.597222222222221433e+01
4.361111111111110716e+01
4.152777777777777146e+01
3.972222222222221433e+01
3.819444444444444287e+01
3.694444444444444287e+01
3.597222222222221433e+01
3.527777777777777146e+01
3.486111111111110716e+01
3.472222222222221433e+01
3.486111111111110716e+01
3.527777777777777146e+01
3.597222222222221433e+01
3.694444444444444287e+01
3.819444444444443576e+01
3.972222222222221433e+01
4.152777777777777146e+01
4.361111111111110006e+01
4.597222222222221433e+01
4.861111111111110006e+01
5.152777777777777146e+01
5.472222222222221433e+01
5.819444444444442865e+01
6.194444444444442865e+01
6.597222222222221433e+01
6.250000000000000000e+01
5.847222222222222854e+01
5.472222222222221433e+01
5.125000000000000000e+01
4.805555555555555713e+01
4.513888888888889284e+01
4.250000000000000000e+01
4.013888888888889284e+01
3.805555555555555713e+01
3.625000000000000000e+01
3.472222222222222143e+01
3.347222222222222143e+01
3.250000000000000000e+01
3.180555555555555713e+01
3.138888888888888928e+01
3.125000000000000000e+01
3.138888888888888928e+01
3.180555555555555358e+01
3.250000000000000000e+01
3.347222222222222143e+01
3.472222222222222143e+01
3.625000000000000000e+01
3.805555555555555713e+01
4.013888888888888573e+01
4.250000000000000000e+01
4.513888888888887863e+01
4.805555555555555003e+01
5.125000000000000000e+01
5.472222222222221433e+01
5.847222222222221433e+01
6.250000000000000000e+01
5.930555555555555713e+01
5.527777777777778567e+01
5.152777777777777146e+01
4.805555555555555713e+01
4.486111111111111427e+01
4.194444444444444997e+01
3.930555555555555713e+01
3.694444444444444997e+01
3.486111111111111427e+01
3.305555555555555713e+01
3.152777777777777857e+01
3.027777777777777857e+01
2.930555555555555713e+01
2.861111111111111427e+01
2.819444444444444642e+01
2.805555555555555713e+01
2.819444444444444642e+01
2.861111111111111072e+01
2.930555555555555713e+01
3.027777777777777857e+01
3.152777777777777857e+01
3.305555555555555713e+01
3.486111111111111427e+01
3.694444444444444287e+01
3.930555555555555713e+01
4.194444444444443576e+01
4.486111111111110716e+01
4.805555555555555713e+01
5.152777777777777146e+01
5.527777777777777146e+01
5.930555555555555713e+01
5.638888888888889284e+01
5.236111111111112137e+01
4.861111111111110716e+01
4.513888888888889284e+01
4.194444444444444997e+01
3.902777777777778567e+01
3.638888888888889284e+01
3.402777777777778567e+01
3.194444444444444997e+01
3.013888888888889284e+01
2.861111111111111427e+01
2.736111111111111427e+01
2.638888888888889284e+01
2.569444444444444642e+01
2.527777777777777857e+01
2.513888888888889284e+01
2.527777777777777857e+01
2.569444444444444642e+01
2.638888888888889284e+01
2.736111111111111427e+01
2.861111111111111072e+01
3.013888888888889284e+01
3.194444444444444287e+01
3.402777777777777857e+01
3.638888888888889284e+01
3.902777777777777146e+01
4.194444444444444287e+01
4.513888888888889284e+01
4.861111111111110006e+01
5.236111111111110716e+01
5.638888888888889284e+01
5.375000000000000000e+01
4.972222222222222854e+01
4.597222222222221433e+01
4.250000000000000000e+01
3.930555555555555713e+01
3.638888888888889284e+01
3.375000000000000000e+01
3.138888888888889284e+01
2.930555555555555713e+01
2.750000000000000000e+01
2.597222222222222143e+01
2.472222222222222143e+01
2.375000000000000000e+01
2.305555555555555713e+01
2.263888888888888928e+01
2.250000000000000000e+01
2.263888888888888928e+01
2.305555555555555713e+01
2.375000000000000000e+01
2.472222222222222143e+01
2.597222222222222143e+01
2.750000000000000000e+01
2.930555555555555358e+01
3.138888888888888573e+01
3.375000000000000000e+01
3.638888888888887863e+01
3.930555555555555003e+01
4.250000000000000000e+01
4.597222222222221433e+01
4.972222222222221433e+01
5.375000000000000000e+01
5.138888888888889284e+01
4.736111111111112137e+01
4.361111111111110716e+01
4.013888888888889284e+01
3.694444444444444997e+01
3.402777777777778567e+01
3.138888888888889284e+01
2.902777777777778212e+01
2.694444444444444997e+01
2.513888888888889284e+01
2.361111111111111427e+01
2.236111111111111427e+01
2.138888888888889284e+01
2.069444444444444642e+01
2.027777777777777857e+01
2.013888888888889284e+01
2.027777777777777857e+01
2.069444444444444642e+01
2.138888888888889284e+01
2.236111111111111427e+01
2.361111111111111072e+01
2.513888888888889284e+01
2.694444444444444287e+01
2.902777777777777857e+01
3.138888888888889284e+01
3.402777777777777146e+01
3.694444444444444287e+01
4.013888888888889284e+01
4.361111111111110006e+01
4.736111111111110716e+01
5.138888888888889284e+01
4.930555555555555713e+01
4.527777777777778567e+01
4.152777777777777146e+01
3.805555555555555713e+01
3.486111111111111427e+01
3.194444444444444997e+01
2.930555555555555713e+01
2.694444444444444997e+01
2.486111111111111427e+01
2.305555555555555713e+01
2.152777777777777857e+01
2.027777777777777857e+01
1.930555555555555713e+01
1.861111111111111427e+01
1.819444444444444642e+01
1.805555555555555713e+01
1.819444444444444642e+01
1.861111111111111072e+01
1.930555555555555713e+01
2.027777777777777857e+01
2.152777777777777857e+01
2.305555555555555713e+01
2.486111111111111072e+01
2.694444444444444287e+01
2.930555555555555713e+01
3.194444444444443576e+01
3.486111111111110716e+01
3.805555555555555713e+01
4.152777777777777146e+01
4.527777777777777146e+01
4.930555555555555713e+01
4.750000000000000000e+01
4.347222222222222854e+01
3.972222222222221433e+01
3.625000000000000000e+01
3.305555555555555713e+01
3.013888888888889284e+01
2.750000000000000000e+01
2.513888888888889284e+01
2.305555555555555713e+01
2.125000000000000000e+01
1.972222222222222143e+01
1.847222222222222143e+01
1.750000000000000000e+01
1.680555555555555713e+01
1.638888888888888928e+01
1.625000000000000000e+01
1.638888888888888928e+01
1.680555555555555358e+01
1.750000000000000000e+01
1.847222222222222143e+01
1.972222222222222143e+01
2.125000000000000000e+01
2.305555555555555358e+01
2.513888888888888573e+01
2.750000000000000000e+01
3.013888888888887863e+01
3.305555555555555003e+01
3.625000000000000000e+01
3.972222222222221433e+01
4.347222222222221433e+01
4.750000000000000000e+01
4.597222222222222143e+01
4.194444444444444997e+01
3.819444444444444287e+01
3.472222222222222143e+01
3.152777777777777857e+01
2.861111111111111427e+01
2.597222222222222143e+01
2.361111111111111427e+01
2.152777777777777857e+01
1.972222222222222143e+01
1.819444444444444642e+01
1.694444444444444642e+01
1.597222222222222321e+01
1.527777777777777857e+01
1.486111111111111249e+01
1.472222222222222321e+01
1.486111111111111249e+01
1.527777777777777857e+01
1.597222222222222321e+01
1.694444444444444287e+01
1.819444444444444287e+01
1.972222222222222143e+01
2.152777777777777857e+01
2.361111111111110716e+01
2.597222222222222143e+01
2.861111111111110006e+01
3.152777777777777146e+01
3.472222222222222143e+01
3.819444444444443576e+01
4.194444444444443576e+01
4.597222222222222143e+01
4.472222222222222143e+01
4.069444444444444997e+01
3.694444444444444287e+01
3.347222222222222143e+01
3.027777777777777857e+01
2.736111111111111427e+01
2.472222222222222143e+01
2.236111111111111427e+01
2.027777777777777857e+01
1.847222222222222143e+01
1.694444444444444642e+01
1.569444444444444642e+01
1.472222222222222321e+01
1.402777777777777857e+01
1.361111111111111249e+01
1.347222222222222321e+01
1.361111111111111072e+01
1.402777777777777679e+01
1.472222222222222321e+01
1.569444444444444464e+01
1.694444444444444287e+01
1.847222222222222143e+01
2.027777777777777857e+01
2.236111111111110716e+01
2.472222222222222143e+01
2.736111111111110006e+01
3.027777777777777146e+01
3.347222222222222143e+01
3.694444444444442865e+01
4.069444444444443576e+01
4.472222222222222143e+01
4.375000000000000000e+01
3.972222222222222854e+01
3.597222222222221433e+01
3.250000000000000000e+01
2.930555555555555713e+01
2.638888888888889284e+01
2.375000000000000000e+01
2.138888888888889284e+01
1.930555555555555713e+01
1.750000000000000000e+01
1.597222222222222321e+01
1.472222222222222321e+01
1.375000000000000000e+01
1.305555555555555536e+01
1.263888888888888928e+01
1.250000000000000000e+01
1.263888888888888928e+01
1.305555555555555358e+01
1.375000000000000000e+01
1.472222222222222143e+01
1.597222222222221966e+01
1.750000000000000000e+01
1.930555555555555358e+01
2.138888888888888573e+01
2.375000000000000000e+01
2.638888888888887863e+01
2.930555555555555003e+01
3.250000000000000000e+01
3.597222222222221433e+01
3.972222222222221433e+01
4.375000000000000000e+01
4.305555555555555713e+01
3.902777777777778567e+01
3.527777777777777146e+01
3.180555555555555713e+01
2.861111111111111427e+01
2.569444444444444642e+01
2.305555555555555713e+01
2.069444444444444642e+01
1.861111111111111427e+01
1.680555555555555713e+01
1.527777777777777857e+01
1.402777777777777857e+01
1.305555555555555536e+01
1.236111111111111249e+01
1.194444444444444464e+01
1.180555555555555536e+01
1.194444444444444464e+01
1.236111111111111072e+01
1.305555555555555536e+01
1.402777777777777857e+01
1.527777777777777501e+01
1.680555555555555713e+01
1.861111111111111072e+01
2.069444444444444287e+01
2.305555555555555713e+01
2.569444444444443576e+01
2.861111111111110716e+01
3.180555555555555713e+01
3.527777777777777146e+01
3.902777777777777146e+01
4.305555555555555713e+01
4.263888888888888573e+01
3.861111111111111427e+01
3.486111111111110716e+01
3.138888888888888928e+01
2.819444444444444642e+01
2.527777777777777857e+01
2.263888888888888928e+01
2.027777777777777857e+01
1.819444444444444642e+01
1.638888888888888928e+01
1.486111111111111249e+01
1.361111111111111249e+01
1.263888888888888928e+01
1.194444444444444464e+01
1.152777777777777857e+01
1.138888888888888928e+01
1.152777777777777857e+01
1.194444444444444464e+01
1.263888888888888928e+01
1.361111111111111072e+01
1.486111111111110894e+01
1.638888888888888928e+01
1.819444444444444287e+01
2.027777777777777501e+01
2.263888888888888928e+01
2.527777777777776791e+01
2.819444444444443931e+01
3.138888888888888928e+01
3.486111111111110006e+01
3.861111111111110006e+01
4.263888888888888573e+01
4.250000000000000000e+01
3.847222222222222854e+01
3.472222222222221433e+01
3.125000000000000000e+01
2.805555555555555713e+01
2.513888888888889284e+01
2.250000000000000000e+01
2.013888888888889284e+01
1.805555555555555713e+01
1.625000000000000000e+01
1.472222222222222321e+01
1.347222222222222321e+01
1.250000000000000000e+01
1.180555555555555536e+01
1.138888888888888928e+01
1.125000000000000000e+01
1.138888888888888928e+01
1.180555555555555536e+01
1.250000000000000000e+01
1.347222222222222143e+01
1.472222222222221966e+01
1.625000000000000000e+01
1.805555555555555358e+01
2.013888888888888573e+01
2.250000000000000000e+01
2.513888888888887863e+01
2.805555555555555003e+01
3.125000000000000000e+01
3.472222222222221433e+01
3.847222222222221433e+01
4.250000000000000000e+01
4.263888888888888573e+01
3.861111111111111427e+01
3.486111111111110716e+01
3.138888888888888928e+01
2.819444444444444642e+01
2.527777777777777857e+01
2.263888888888888928e+01
2.027777777777777857e+01
1.819444444444444642e+01
1.638888888888888928e+01
1.486111111111111249e+01
1.361111111111111072e+01
1.263888888888888928e+01
1.194444444444444464e+01
1.152777777777777857e+01
1.138888888888888928e+01
1.152777777777777679e+01
1.194444444444444287e+01
1.263888888888888928e+01
1.361111111111111072e+01
1.486111111111110894e+01
1.638888888888888928e+01
1.819444444444444287e+01
2.027777777777777501e+01
2.263888888888888928e+01
2.527777777777776791e+01
2.819444444444443931e+01
3.138888888888888928e+01
3.486111111111110006e+01
3.861111111111110006e+01
4.263888888888888573e+01
4.305555555555555713e+01
3.902777777777778567e+01
3.527777777777777146e+01
3.180555555555555358e+01
2.861111111111111072e+01
2.569444444444444642e+01
2.305555555555555713e+01
2.069444444444444642e+01
1.861111111111111072e+01
1.680555555555555358e+01
1.527777777777777857e+01
1.402777777777777679e+01
1.305555555555555358e+01
1.236111111111111072e+01
1.194444444444444464e+01
1.180555555555555536e+01
1.194444444444444287e+01
1.236111111111110894e+01
1.305555555555555358e+01
1.402777777777777501e+01
1.527777777777777501e+01
1.680555555555555358e+01
1.861111111111110716e+01
2.069444444444444287e+01
2.305555555555555713e+01
2.569444444444443576e+01
2.861111111111110361e+01
3.180555555555555358e+01
3.527777777777776436e+01
3.902777777777777146e+01
4.305555555555555713e+01
4.375000000000000000e+01
3.972222222222222854e+01
3.597222222222221433e+01
3.250000000000000000e+01
2.930555555555555713e+01
2.638888888888889284e+01
2.375000000000000000e+01
2.138888888888889284e+01
1.930555555555555713e+01
1.750000000000000000e+01
1.597222222222222321e+01
1.472222222222222321e+01
1.375000000000000000e+01
1.305555555555555536e+01
1.263888888888888928e+01
1.250000000000000000e+01
1.263888888888888928e+01
1.305555555555555358e+01
1.375000000000000000e+01
1.472222222222222143e+01
1.597222222222221966e+01
1.750000000000000000e+01
1.930555555555555358e+01
2.138888888888888573e+01
2.375000000000000000e+01
2.638888888888887863e+01
2.930555555555555003e+01
3.250000000000000000e+01
3.597222222222221433e+01
3.972222222222221433e+01
4.375000000000000000e+01
4.472222222222222143e+01
4.069444444444444997e+01
3.694444444444444287e+01
3.347222222222222143e+01
3.027777777777777857e+01
2.736111111111111427e+01
2.472222222222222143e+01
2.236111111111111427e+01
2.027777777777777857e+01
1.847222222222222143e+01
1.694444444444444287e+01
1.569444444444444464e+01
1.472222222222222143e+01
1.402777777777777857e+01
1.361111111111111072e+01
1.347222222222222143e+01
1.361111111111111072e+01
1.402777777777777501e+01
1.472222222222222143e+01
1.569444444444444287e+01
1.694444444444444287e+01
1.847222222222222143e+01
2.027777777777777501e+01
2.236111111111110716e+01
2.472222222222222143e+01
2.736111111111110006e+01
3.027777777777777146e+01
3.347222222222222143e+01
3.694444444444442865e+01
4.069444444444443576e+01
4.472222222222222143e+01
4.597222222222222143e+01
4.194444444444444997e+01
3.819444444444443576e+01
3.472222222222222143e+01
3.152777777777777857e+01
2.861111111111111072e+01
2.597222222222222143e+01
2.361111111111111072e+01
2.152777777777777857e+01
1.972222222222222143e+01
1.819444444444444287e+01
1.694444444444444287e+01
1.597222222222221966e+01
1.527777777777777501e+01
1.486111111111110894e+01
1.472222222222221966e+01
1.486111111111110894e+01
1.527777777777777501e+01
1.597222222222221966e+01
1.694444444444444287e+01
1.819444444444443931e+01
1.972222222222222143e+01
2.152777777777777146e+01
2.361111111111110716e+01
2.597222222222222143e+01
2.861111111111110006e+01
3.152777777777777146e+01
3.472222222222222143e+01
3.819444444444442865e+01
4.194444444444443576e+01
4.597222222222222143e+01
4.750000000000000000e+01
4.347222222222222854e+01
3.972222222222221433e+01
3.625000000000000000e+01
3.305555555555555713e+01
3.013888888888889284e+01
2.750000000000000000e+01
2.513888888888889284e+01
2.305555555555555713e+01
2.125000000000000000e+01
1.972222222222222143e+01
1.847222222222222143e+01
1.750000000000000000e+01
1.680555555555555713e+01
1.638888888888888928e+01
1.625000000000000000e+01
1.638888888888888928e+01
1.680555555555555358e+01
1.750000000000000000e+01
1.847222222222222143e+01
1.972222222222222143e+01
2.125000000000000000e+01
2.305555555555555358e+01
2.513888888888888573e+01
2.750000000000000000e+01
3.013888888888887863e+01
3.305555555555555003e+01
3.625000000000000000e+01
3.972222222222221433e+01
4.347222222222221433e+01
4.750000000000000000e+01
4.930555555555555713e+01
4.527777777777778567e+01
4.152777777777777146e+01
3.805555555555555713e+01
3.486111111111111427e+01
3.194444444444444287e+01
2.930555555555555358e+01
2.694444444444444287e+01
2.486111111111111072e+01
2.305555555555555358e+01
2.152777777777777857e+01
2.027777777777777857e+01
1.930555555555555358e+01
1.861111111111111072e+01
1.819444444444444287e+01
1.805555555555555358e+01
1.819444444444444287e+01
1.861111111111110716e+01
1.930555555555555358e+01
2.027777777777777501e+01
2.152777777777777146e+01
2.305555555555555358e+01
2.486111111111110716e+01
2.694444444444443931e+01
2.930555555555555358e+01
3.194444444444443221e+01
3.486111111111110006e+01
3.805555555555555713e+01
4.152777777777776436e+01
4.527777777777777146e+01
4.930555555555555713e+01
5.138888888888888573e+01
4.736111111111111427e+01
4.361111111111110006e+01
4.013888888888888573e+01
3.694444444444444287e+01
3.402777777777777857e+01
3.138888888888888573e+01
2.902777777777777857e+01
2.694444444444444287e+01
2.513888888888888573e+01
2.361111111111110716e+01
2.236111111111110716e+01
2.138888888888888573e+01
2.069444444444444287e+01
2.027777777777777501e+01
2.013888888888888573e+01
2.027777777777777501e+01
2.069444444444444287e+01
2.138888888888888573e+01
2.236111111111110716e+01
2.361111111111110716e+01
2.513888888888888573e+01
2.694444444444443931e+01
2.902777777777777146e+01
3.138888888888888573e+01
3.402777777777776436e+01
3.694444444444443576e+01
4.013888888888888573e+01
4.361111111111110006e+01
4.736111111111110006e+01
5.138888888888888573e+01
5.375000000000000000e+01
4.972222222222222854e+01
4.597222222222221433e+01
4.250000000000000000e+01
3.930555555555555713e+01
3.638888888888889284e+01
3.375000000000000000e+01
3.138888888888889284e+01
2.930555555555555713e+01
2.750000000000000000e+01
2.597222222222222143e+01
2.472222222222222143e+01
2.375000000000000000e+01
2.305555555555555713e+01
2.263888888888888928e+01
2.250000000000000000e+01
2.263888888888888928e+01
2.305555555555555713e+01
2.375000000000000000e+01
2.472222222222222143e+01
2.597222222222222143e+01
2.750000000000000000e+01
2.930555555555555358e+01
3.138888888888888573e+01
3.375000000000000000e+01
3.638888888888887863e+01
3.930555555555555003e+01
4.250000000000000000e+01
4.597222222222221433e+01
4.972222222222221433e+01
5.375000000000000000e+01
5.638888888888887863e+01
5.236111111111110716e+01
4.861111111111110006e+01
4.513888888888887863e+01
4.194444444444443576e+01
3.902777777777777146e+01
3.638888888888887863e+01
3.402777777777777146e+01
3.194444444444443576e+01
3.013888888888887863e+01
2.861111111111110006e+01
2.736111111111110006e+01
2.638888888888887863e+01
2.569444444444443576e+01
2.527777777777776791e+01
2.513888888888887863e+01
2.527777777777776791e+01
2.569444444444443576e+01
2.638888888888887863e+01
2.736111111111110006e+01
2.861111111111110006e+01
3.013888888888887863e+01
3.194444444444443221e+01
3.402777777777776436e+01
3.638888888888887863e+01
3.902777777777775725e+01
4.194444444444442865e+01
4.513888888888887863e+01
4.861111111111108585e+01
5.236111111111109295e+01
5.638888888888887863e+01
5.930555555555555003e+01
5.527777777777777857e+01
5.152777777777777146e+01
4.805555555555555003e+01
4.486111111111110716e+01
4.194444444444444287e+01
3.930555555555555003e+01
3.694444444444444287e+01
3.486111111111110716e+01
3.305555555555555003e+01
3.152777777777777146e+01
3.027777777777777146e+01
2.930555555555555003e+01
2.861111111111110716e+01
2.819444444444443931e+01
2.805555555555555003e+01
2.819444444444443931e+01
2.861111111111110361e+01
2.930555555555555003e+01
3.027777777777777146e+01
3.152777777777777146e+01
3.305555555555555003e+01
3.486111111111110006e+01
3.694444444444443576e+01
3.930555555555555003e+01
4.194444444444442865e+01
4.486111111111110006e+01
4.805555555555555003e+01
5.152777777777775725e+01
5.527777777777776436e+01
5.930555555555555003e+01
6.250000000000000000e+01
5.847222222222222854e+01
5.472222222222221433e+01
5.125000000000000000e+01
4.805555555555555713e+01
4.513888888888889284e+01
4.250000000000000000e+01
4.013888888888889284e+01
3.805555555555555713e+01
3.625000000000000000e+01
3.472222222222222143e+01
3.347222222222222143e+01
3.250000000000000000e+01
3.180555555555555713e+01
3.138888888888888928e+01
3.125000000000000000e+01
3.138888888888888928e+01
3.180555555555555358e+01
3.250000000000000000e+01
3.347222222222222143e+01
3.472222222222222143e+01
3.625000000000000000e+01
3.805555555555555713e+01
4.013888888888888573e+01
4.250000000000000000e+01
4.513888888888887863e+01
4.805555555555555003e+01
5.125000000000000000e+01
5.472222222222221433e+01
5.847222222222221433e+01
6.250000000000000000e+01
6.597222222222221433e+01
6.194444444444444287e+01
5.819444444444442865e+01
5.472222222222221433e+01
5.152777777777777146e+01
4.861111111111110006e+01
4.597222222222221433e+01
4.361111111111110006e+01
4.152777777777777146e+01
3.972222222222221433e+01
3.819444444444443576e+01
3.694444444444442865e+01
3.597222222222221433e+01
3.527777777777777146e+01
3.486111111111110006e+01
3.472222222222221433e+01
3.486111111111110006e+01
3.527777777777776436e+01
3.597222222222221433e+01
3.694444444444442865e+01
3.819444444444442865e+01
3.972222222222221433e+01
4.152777777777776436e+01
4.361111111111110006e+01
4.597222222222221433e+01
4.861111111111108585e+01
5.152777777777775725e+01
5.472222222222221433e+01
5.819444444444442155e+01
6.194444444444442865e+01
6.597222222222221433e+01
6.972222222222221433e+01
6.569444444444444287e+01
6.194444444444442865e+01
5.847222222222221433e+01
5.527777777777777146e+01
5.236111111111110716e+01
4.972222222222221433e+01
4.736111111111110716e+01
4.527777777777777146e+01
4.347222222222221433e+01
4.194444444444443576e+01
4.069444444444443576e+01
3.972222222222221433e+01
3.902777777777777146e+01
3.861111111111110006e+01
3.847222222222221433e+01
3.861111111111110006e+01
3.902777777777777146e+01
3.972222222222221433e+01
4.069444444444443576e+01
4.194444444444443576e+01
4.347222222222221433e+01
4.527777777777777146e+01
4.736111111111110006e+01
4.972222222222221433e+01
5.236111111111109295e+01
5.527777777777776436e+01
5.847222222222221433e+01
6.194444444444442865e+01
6.569444444444442865e+01
6.972222222222221433e+01
7.375000000000000000e+01
6.972222222222222854e+01
6.597222222222221433e+01
6.250000000000000000e+01
5.930555555555555713e+01
5.638888888888889284e+01
5.375000000000000000e+01
5.138888888888889284e+01
4.930555555555555713e+01
4.750000000000000000e+01
4.597222222222222143e+01
4.472222222222222143e+01
4.375000000000000000e+01
4.305555555555555713e+01
4.263888888888888573e+01
4.250000000000000000e+01
4.263888888888888573e+01
4.305555555555555713e+01
4.375000000000000000e+01
4.472222222222222143e+01
4.597222222222222143e+01
4.750000000000000000e+01
4.930555555555555713e+01
5.138888888888888573e+01
5.375000000000000000e+01
5.638888888888887863e+01
5.930555555555555003e+01
6.250000000000000000e+01
6.597222222222221433e+01
6.972222222222221433e+01
7.375000000000000000e+01
7.138888888888888573e+01
6.736111111111111427e+01
6.361111111111110716e+01
6.013888888888889284e+01
5.694444444444444997e+01
5.402777777777778567e+01
5.138888888888889284e+01
4.902777777777778567e+01
4.694444444444444997e+01
4.513888888888889284e+01
4.361111111111111427e+01
4.236111111111111427e+01
4.138888888888889284e+01
4.069444444444444997e+01
4.027777777777777857e+01
4.013888888888889284e+01
4.027777777777777857e+01
4.069444444444444287e+01
4.138888888888889284e+01
4.236111111111111427e+01
4.361111111111111427e+01
4.513888888888889284e+01
4.694444444444444997e+01
4.902777777777777857e+01
5.138888888888889284e+01
5.402777777777777146e+01
5.694444444444444287e+01
6.013888888888889284e+01
6.361111111111110716e+01
6.736111111111110006e+01
7.138888888888888573e+01
6.736111111111111427e+01
6.333333333333334991e+01
5.958333333333333570e+01
5.611111111111112137e+01
5.291666666666667851e+01
5.000000000000001421e+01
4.736111111111112137e+01
4.500000000000001421e+01
4.291666666666667851e+01
4.111111111111112137e+01
3.958333333333334281e+01
3.833333333333334281e+01
3.736111111111112137e+01
3.666666666666667851e+01
3.625000000000000711e+01
3.611111111111112137e+01
3.625000000000000711e+01
3.666666666666667140e+01
3.736111111111112137e+01
3.833333333333334281e+01
3.958333333333334281e+01
4.111111111111112137e+01
4.291666666666667851e+01
4.500000000000000711e+01
4.736111111111112137e+01
5.000000000000000000e+01
5.291666666666667140e+01
5.611111111111112137e+01
5.958333333333333570e+01
6.333333333333333570e+01
6.736111111111111427e+01
6.361111111111110716e+01
5.958333333333333570e+01
5.583333333333332860e+01
5.236111111111110716e+01
4.916666666666666430e+01
4.625000000000000000e+01
4.361111111111110716e+01
4.125000000000000000e+01
3.916666666666666430e+01
3.736111111111110716e+01
3.583333333333333570e+01
3.458333333333332860e+01
3.361111111111110716e+01
3.291666666666666430e+01
3.250000000000000000e+01
3.236111111111110716e+01
3.250000000000000000e+01
3.291666666666666430e+01
3.361111111111110716e+01
3.458333333333332860e+01
3.583333333333332860e+01
3.736111111111110716e+01
3.916666666666666430e+01
4.124999999999999289e+01
4.361111111111110716e+01
4.624999999999999289e+01
4.916666666666666430e+01
5.236111111111110716e+01
5.583333333333332149e+01
5.958333333333332149e+01
6.361111111111110716e+01
6.013888888888889284e+01
5.611111111111112137e+01
5.236111111111110716e+01
4.888888888888889284e+01
4.569444444444444997e+01
4.277777777777778567e+01
4.013888888888889284e+01
3.777777777777778567e+01
3.569444444444444997e+01
3.388888888888889284e+01
3.236111111111111427e+01
3.111111111111111427e+01
3.013888888888889284e+01
2.944444444444444997e+01
2.902777777777777857e+01
2.888888888888889284e+01
2.902777777777777857e+01
2.944444444444444287e+01
3.013888888888889284e+01
3.111111111111111427e+01
3.236111111111111427e+01
3.388888888888889284e+01
3.569444444444444287e+01
3.777777777777777857e+01
4.013888888888889284e+01
4.277777777777777146e+01
4.569444444444444287e+01
4.888888888888889284e+01
5.236111111111110716e+01
5.611111111111110716e+01
6.013888888888889284e+01
5.694444444444444997e+01
5.291666666666667851e+01
4.916666666666666430e+01
4.569444444444444997e+01
4.250000000000000711e+01
3.958333333333334281e+01
3.694444444444444997e+01
3.458333333333334281e+01
3.250000000000000711e+01
3.069444444444444997e+01
2.916666666666667140e+01
2.791666666666667140e+01
2.694444444444444997e+01
2.625000000000000711e+01
2.583333333333333570e+01
2.569444444444444997e+01
2.583333333333333570e+01
2.625000000000000000e+01
2.694444444444444997e+01
2.791666666666667140e+01
2.916666666666667140e+01
3.069444444444444997e+01
3.250000000000000000e+01
3.458333333333333570e+01
3.694444444444444997e+01
3.958333333333332860e+01
4.250000000000000000e+01
4.569444444444444997e+01
4.916666666666666430e+01
5.291666666666666430e+01
5.694444444444444997e+01
5.402777777777778567e+01
5.000000000000001421e+01
4.625000000000000000e+01
4.277777777777778567e+01
3.958333333333334281e+01
3.666666666666667140e+01
3.402777777777778567e+01
3.166666666666667140e+01
2.958333333333334281e+01
2.777777777777778567e+01
2.625000000000000711e+01
2.500000000000000711e+01
2.402777777777778212e+01
2.333333333333333570e+01
2.291666666666667140e+01
2.277777777777778212e+01
2.291666666666667140e+01
2.333333333333333570e+01
2.402777777777778212e+01
2.500000000000000711e+01
2.625000000000000000e+01
2.777777777777778567e+01
2.958333333333333570e+01
3.166666666666667140e+01
3.402777777777778567e+01
3.666666666666666430e+01
3.958333333333333570e+01
4.277777777777778567e+01
4.624999999999999289e+01
5.000000000000000000e+01
5.402777777777778567e+01
5.138888888888889284e+01
4.736111111111112137e+01
4.361111111111110716e+01
4.013888888888889284e+01
3.694444444444444997e+01
3.402777777777778567e+01
3.138888888888889284e+01
2.902777777777778567e+01
2.694444444444444997e+01
2.513888888888889284e+01
2.361111111111111427e+01
2.236111111111111427e+01
2.138888888888889284e+01
2.069444444444444642e+01
2.027777777777777857e+01
2.013888888888889284e+01
2.027777777777777857e+01
2.069444444444444642e+01
2.138888888888889284e+01
2.236111111111111427e+01
2.361111111111111072e+01
2.513888888888889284e+01
2.694444444444444287e+01
2.902777777777777857e+01
3.138888888888889284e+01
3.402777777777777146e+01
3.694444444444444287e+01
4.013888888888889284e+01
4.361111111111110716e+01
4.736111111111110716e+01
5.138888888888889284e+01
4.902777777777778567e+01
4.500000000000001421e+01
4.125000000000000000e+01
3.777777777777778567e+01
3.458333333333334281e+01
3.166666666666667140e+01
2.902777777777778567e+01
2.666666666666667140e+01
2.458333333333333925e+01
2.277777777777778212e+01
2.125000000000000711e+01
2.000000000000000711e+01
1.902777777777778212e+01
1.833333333333333570e+01
1.791666666666667140e+01
1.777777777777778212e+01
1.791666666666667140e+01
1.833333333333333570e+01
1.902777777777778212e+01
2.000000000000000355e+01
2.125000000000000000e+01
2.277777777777778212e+01
2.458333333333333570e+01
2.666666666666667140e+01
2.902777777777778567e+01
3.166666666666666430e+01
3.458333333333333570e+01
3.777777777777778567e+01
4.124999999999999289e+01
4.500000000000000000e+01
4.902777777777778567e+01
4.694444444444444997e+01
4.291666666666667851e+01
3.916666666666666430e+01
3.569444444444444997e+01
3.250000000000000711e+01
2.958333333333334281e+01
2.694444444444444997e+01
2.458333333333333925e+01
2.250000000000000711e+01
2.069444444444444997e+01
1.916666666666667140e+01
1.791666666666667140e+01
1.694444444444444997e+01
1.625000000000000355e+01
1.583333333333333748e+01
1.569444444444444819e+01
1.583333333333333570e+01
1.625000000000000355e+01
1.694444444444444997e+01
1.791666666666667140e+01
1.916666666666666785e+01
2.069444444444444997e+01
2.250000000000000000e+01
2.458333333333333570e+01
2.694444444444444997e+01
2.958333333333332860e+01
3.250000000000000000e+01
3.569444444444444997e+01
3.916666666666665719e+01
4.291666666666666430e+01
4.694444444444444997e+01
4.513888888888889284e+01
4.111111111111112137e+01
3.736111111111110716e+01
3.388888888888889284e+01
3.069444444444444997e+01
2.777777777777778567e+01
2.513888888888889284e+01
2.277777777777778212e+01
2.069444444444444997e+01
1.888888888888889284e+01
1.736111111111111427e+01
1.611111111111111427e+01
1.513888888888889106e+01
1.444444444444444642e+01
1.402777777777778034e+01
1.388888888888889106e+01
1.402777777777777857e+01
1.444444444444444642e+01
1.513888888888889106e+01
1.611111111111111427e+01
1.736111111111111072e+01
1.888888888888889284e+01
2.069444444444444287e+01
2.277777777777777857e+01
2.513888888888889284e+01
2.777777777777777146e+01
3.069444444444444287e+01
3.388888888888889284e+01
3.736111111111110006e+01
4.111111111111110716e+01
4.513888888888889284e+01
4.361111111111111427e+01
3.958333333333334281e+01
3.583333333333333570e+01
3.236111111111111427e+01
2.916666666666667140e+01
2.625000000000000711e+01
2.361111111111111427e+01
2.125000000000000711e+01
1.916666666666667140e+01
1.736111111111111427e+01
1.583333333333333748e+01
1.458333333333333748e+01
1.361111111111111427e+01
1.291666666666667140e+01
1.250000000000000355e+01
1.236111111111111427e+01
1.250000000000000355e+01
1.291666666666666785e+01
1.361111111111111427e+01
1.458333333333333570e+01
1.583333333333333393e+01
1.736111111111111427e+01
1.916666666666666785e+01
2.125000000000000000e+01
2.361111111111111427e+01
2.624999999999999289e+01
2.916666666666666430e+01
3.236111111111111427e+01
3.583333333333332860e+01
3.958333333333332860e+01
4.361111111111111427e+01
4.236111111111111427e+01
3.833333333333334281e+01
3.458333333333332860e+01
3.111111111111111427e+01
2.791666666666667140e+01
2.500000000000000711e+01
2.236111111111111427e+01
2.000000000000000711e+01
1.791666666666667140e+01
1.611111111111111427e+01
1.458333333333333748e+01
1.333333333333333570e+01
1.236111111111111427e+01
1.166666666666666963e+01
1.125000000000000355e+01
1.111111111111111427e+01
1.125000000000000355e+01
1.166666666666666785e+01
1.236111111111111427e+01
1.333333333333333570e+01
1.458333333333333393e+01
1.611111111111111427e+01
1.791666666666666785e+01
2.000000000000000000e+01
2.236111111111111427e+01
2.499999999999999289e+01
2.791666666666666430e+01
3.111111111111111427e+01
3.458333333333332149e+01
3.833333333333332860e+01
4.236111111111111427e+01
4.138888888888889284e+01
3.736111111111112137e+01
3.361111111111110716e+01
3.013888888888889284e+01
2.694444444444444997e+01
2.402777777777778212e+01
2.138888888888889284e+01
1.902777777777778212e+01
1.694444444444444997e+01
1.513888888888889106e+01
1.361111111111111427e+01
1.236111111111111427e+01
1.138888888888889106e+01
1.069444444444444642e+01
1.027777777777778034e+01
1.013888888888889106e+01
1.027777777777778034e+01
1.069444444444444642e+01
1.138888888888889106e+01
1.236111111111111249e+01
1.361111111111111072e+01
1.513888888888889106e+01
1.694444444444444287e+01
1.902777777777777857e+01
2.138888888888889284e+01
2.402777777777777146e+01
2.694444444444444287e+01
3.013888888888889284e+01
3.361111111111110006e+01
3.736111111111110716e+01
4.138888888888889284e+01
4.069444444444444997e+01
3.666666666666667851e+01
3.291666666666666430e+01
2.944444444444444997e+01
2.625000000000000711e+01
2.333333333333333570e+01
2.069444444444444642e+01
1.833333333333333570e+01
1.625000000000000355e+01
1.444444444444444642e+01
1.291666666666667140e+01
1.166666666666666963e+01
1.069444444444444642e+01
1.000000000000000355e+01
9.583333333333335702e+00
9.444444444444446418e+00
9.583333333333335702e+00
1.000000000000000178e+01
1.069444444444444642e+01
1.166666666666666785e+01
1.291666666666666785e+01
1.444444444444444642e+01
1.625000000000000000e+01
1.833333333333333215e+01
2.069444444444444642e+01
2.333333333333332504e+01
2.625000000000000000e+01
2.944444444444444997e+01
3.291666666666665719e+01
3.666666666666666430e+01
4.069444444444444997e+01
4.027777777777777857e+01
3.625000000000000711e+01
3.250000000000000000e+01
2.902777777777777857e+01
2.583333333333333570e+01
2.291666666666667140e+01
2.027777777777777857e+01
1.791666666666667140e+01
1.583333333333333748e+01
1.402777777777778034e+01
1.250000000000000355e+01
1.125000000000000355e+01
1.027777777777778034e+01
9.583333333333335702e+00
9.166666666666669627e+00
9.027777777777780344e+00
9.166666666666669627e+00
9.583333333333335702e+00
1.027777777777778034e+01
1.125000000000000178e+01
1.250000000000000000e+01
1.402777777777778034e+01
1.583333333333333393e+01
1.791666666666666430e+01
2.027777777777777857e+01
2.291666666666665719e+01
2.583333333333332860e+01
2.902777777777777857e+01
3.249999999999999289e+01
3.624999999999999289e+01
4.027777777777777857e+01
4.013888888888889284e+01
3.611111111111112137e+01
3.236111111111110716e+01
2.888888888888889284e+01
2.569444444444444997e+01
2.277777777777778212e+01
2.013888888888889284e+01
1.777777777777778212e+01
1.569444444444444819e+01
1.388888888888889106e+01
1.236111111111111427e+01
1.111111111111111427e+01
1.013888888888889106e+01
9.444444444444446418e+00
9.027777777777780344e+00
8.888888888888891060e+00
9.027777777777780344e+00
9.444444444444446418e+00
1.013888888888889106e+01
1.111111111111111249e+01
1.236111111111111072e+01
1.388888888888889106e+01
1.569444444444444464e+01
1.777777777777777857e+01
2.013888888888889284e+01
2.277777777777777146e+01
2.569444444444444287e+01
2.888888888888889284e+01
3.236111111111110006e+01
3.611111111111110716e+01
4.013888888888889284e+01
4.027777777777777857e+01
3.625000000000000711e+01
3.250000000000000000e+01
2.902777777777777857e+01
2.583333333333333570e+01
2.291666666666667140e+01
2.027777777777777857e+01
1.791666666666667140e+01
1.583333333333333570e+01
1.402777777777777857e+01
1.250000000000000355e+01
1.125000000000000355e+01
1.027777777777778034e+01
9.583333333333335702e+00
9.166666666666669627e+00
9.027777777777780344e+00
9.166666666666667851e+00
9.583333333333333925e+00
1.027777777777778034e+01
1.125000000000000178e+01
1.250000000000000000e+01
1.402777777777777857e+01
1.583333333333333215e+01
1.791666666666666430e+01
2.027777777777777857e+01
2.291666666666665719e+01
2.583333333333332860e+01
2.902777777777777857e+01
3.249999999999999289e+01
3.624999999999999289e+01
4.027777777777777857e+01
4.069444444444444287e+01
3.666666666666667140e+01
3.291666666666666430e+01
2.944444444444444287e+01
2.625000000000000000e+01
2.333333333333333570e+01
2.069444444444444642e+01
1.833333333333333570e+01
1.625000000000000355e+01
1.444444444444444642e+01
1.291666666666666785e+01
1.166666666666666785e+01
1.069444444444444642e+01
1.000000000000000178e+01
9.583333333333335702e+00
9.444444444444446418e+00
9.583333333333333925e+00
1.000000000000000000e+01
1.069444444444444642e+01
1.166666666666666785e+01
1.291666666666666430e+01
1.444444444444444642e+01
1.625000000000000000e+01
1.833333333333333215e+01
2.069444444444444642e+01
2.333333333333332504e+01
2.624999999999999289e+01
2.944444444444444287e+01
3.291666666666665719e+01
3.666666666666665719e+01
4.069444444444444287e+01
4.138888888888889284e+01
3.736111111111112137e+01
3.361111111111110716e+01
3.013888888888889284e+01
2.694444444444444997e+01
2.402777777777778212e+01
2.138888888888889284e+01
1.902777777777778212e+01
1.694444444444444997e+01
1.513888888888889106e+01
1.361111111111111427e+01
1.236111111111111427e+01
1.138888888888889106e+01
1.069444444444444642e+01
1.027777777777778034e+01
1.013888888888889106e+01
1.027777777777778034e+01
1.069444444444444642e+01
1.138888888888889106e+01
1.236111111111111249e+01
1.361111111111111072e+01
1.513888888888889106e+01
1.694444444444444287e+01
1.902777777777777857e+01
2.138888888888889284e+01
2.402777777777777146e+01
2.694444444444444287e+01
3.013888888888889284e+01
3.361111111111110006e+01
3.736111111111110716e+01
4.138888888888889284e+01
4.236111111111111427e+01
3.833333333333334281e+01
3.458333333333332860e+01
3.111111111111111427e+01
2.791666666666667140e+01
2.500000000000000711e+01
2.236111111111111427e+01
2.000000000000000355e+01
1.791666666666667140e+01
1.611111111111111427e+01
1.458333333333333570e+01
1.333333333333333570e+01
1.236111111111111249e+01
1.166666666666666785e+01
1.125000000000000178e+01
1.111111111111111249e+01
1.125000000000000178e+01
1.166666666666666785e+01
1.236111111111111249e+01
1.333333333333333393e+01
1.458333333333333215e+01
1.611111111111111427e+01
1.791666666666666430e+01
2.000000000000000000e+01
2.236111111111111427e+01
2.499999999999999289e+01
2.791666666666666430e+01
3.111111111111111427e+01
3.458333333333332149e+01
3.833333333333332860e+01
4.236111111111111427e+01
4.361111111111111427e+01
3.958333333333334281e+01
3.583333333333332860e+01
3.236111111111111427e+01
2.916666666666667140e+01
2.625000000000000000e+01
2.361111111111111072e+01
2.125000000000000000e+01
1.916666666666666785e+01
1.736111111111111072e+01
1.583333333333333393e+01
1.458333333333333393e+01
1.361111111111111072e+01
1.291666666666666785e+01
1.250000000000000000e+01
1.236111111111111072e+01
1.250000000000000000e+01
1.291666666666666430e+01
1.361111111111111072e+01
1.458333333333333215e+01
1.583333333333333037e+01
1.736111111111111072e+01
1.916666666666666430e+01
2.124999999999999645e+01
2.361111111111111072e+01
2.624999999999999289e+01
2.916666666666666430e+01
3.236111111111111427e+01
3.583333333333332149e+01
3.958333333333332860e+01
4.361111111111111427e+01
4.513888888888889284e+01
4.111111111111112137e+01
3.736111111111110716e+01
3.388888888888889284e+01
3.069444444444444997e+01
2.777777777777778567e+01
2.513888888888889284e+01
2.277777777777778212e+01
2.069444444444444997e+01
1.888888888888889284e+01
1.736111111111111427e+01
1.611111111111111427e+01
1.513888888888889106e+01
1.444444444444444642e+01
1.402777777777778034e+01
1.388888888888889106e+01
1.402777777777777857e+01
1.444444444444444642e+01
1.513888888888889106e+01
1.611111111111111427e+01
1.736111111111111072e+01
1.888888888888889284e+01
2.069444444444444287e+01
2.277777777777777857e+01
2.513888888888889284e+01
2.777777777777777146e+01
3.069444444444444287e+01
3.388888888888889284e+01
3.736111111111110006e+01
4.111111111111110716e+01
4.513888888888889284e+01
4.694444444444444997e+01
4.291666666666667851e+01
3.916666666666666430e+01
3.569444444444444287e+01
3.250000000000000000e+01
2.958333333333333570e+01
2.694444444444444287e+01
2.458333333333333570e+01
2.250000000000000000e+01
2.069444444444444287e+01
1.916666666666666785e+01
1.791666666666666785e+01
1.694444444444444287e+01
1.625000000000000000e+01
1.583333333333333393e+01
1.569444444444444464e+01
1.583333333333333215e+01
1.625000000000000000e+01
1.694444444444444287e+01
1.791666666666666430e+01
1.916666666666666430e+01
2.069444444444444287e+01
2.250000000000000000e+01
2.458333333333332860e+01
2.694444444444444287e+01
2.958333333333332149e+01
3.249999999999999289e+01
3.569444444444444287e+01
3.916666666666665719e+01
4.291666666666666430e+01
4.694444444444444997e+01
4.902777777777777857e+01
4.500000000000000711e+01
4.124999999999999289e+01
3.777777777777777857e+01
3.458333333333333570e+01
3.166666666666667140e+01
2.902777777777777857e+01
2.666666666666667140e+01
2.458333333333333570e+01
2.277777777777777857e+01
2.125000000000000000e+01
2.000000000000000000e+01
1.902777777777777857e+01
1.833333333333333215e+01
1.791666666666666430e+01
1.777777777777777857e+01
1.791666666666666430e+01
1.833333333333333215e+01
1.902777777777777857e+01
2.000000000000000000e+01
2.124999999999999645e+01
2.277777777777777857e+01
2.458333333333332860e+01
2.666666666666666430e+01
2.902777777777777857e+01
3.166666666666665719e+01
3.458333333333332860e+01
3.777777777777777857e+01
4.124999999999999289e+01
4.499999999999999289e+01
4.902777777777777857e+01
5.138888888888889284e+01
4.736111111111112137e+01
4.361111111111110716e+01
4.013888888888889284e+01
3.694444444444444997e+01
3.402777777777778567e+01
3.138888888888889284e+01
2.902777777777778567e+01
2.694444444444444997e+01
2.513888888888889284e+01
2.361111111111111427e+01
2.236111111111111427e+01
2.138888888888889284e+01
2.069444444444444642e+01
2.027777777777777857e+01
2.013888888888889284e+01
2.027777777777777857e+01
2.069444444444444642e+01
2.138888888888889284e+01
2.236111111111111427e+01
2.361111111111111072e+01
2.513888888888889284e+01
2.694444444444444287e+01
2.902777777777777857e+01
3.138888888888889284e+01
3.402777777777777146e+01
3.694444444444444287e+01
4.013888888888889284e+01
4.361111111111110716e+01
4.736111111111110716e+01
5.138888888888889284e+01
5.402777777777777146e+01
5.000000000000000000e+01
4.624999999999999289e+01
4.277777777777777146e+01
3.958333333333332860e+01
3.666666666666666430e+01
3.402777777777777146e+01
3.166666666666666430e+01
2.958333333333332860e+01
2.777777777777777146e+01
2.624999999999999289e+01
2.499999999999999289e+01
2.402777777777777146e+01
2.333333333333332504e+01
2.291666666666665719e+01
2.277777777777777146e+01
2.291666666666665719e+01
2.333333333333332504e+01
2.402777777777777146e+01
2.499999999999999289e+01
2.624999999999999289e+01
2.777777777777777146e+01
2.958333333333332149e+01
3.166666666666665719e+01
3.402777777777777146e+01
3.666666666666665009e+01
3.958333333333332149e+01
4.277777777777777146e+01
4.624999999999997868e+01
4.999999999999998579e+01
5.402777777777777146e+01
5.694444444444444287e+01
5.291666666666667140e+01
4.916666666666666430e+01
4.569444444444444287e+01
4.250000000000000000e+01
3.958333333333333570e+01
3.694444444444444287e+01
3.458333333333333570e+01
3.250000000000000000e+01
3.069444444444444287e+01
2.916666666666666430e+01
2.791666666666666430e+01
2.694444444444444287e+01
2.625000000000000000e+01
2.583333333333332860e+01
2.569444444444444287e+01
2.583333333333332860e+01
2.624999999999999289e+01
2.694444444444444287e+01
2.791666666666666430e+01
2.916666666666666430e+01
3.069444444444444287e+01
3.249999999999999289e+01
3.458333333333332860e+01
3.694444444444444287e+01
3.958333333333332149e+01
4.249999999999999289e+01
4.569444444444444287e+01
4.916666666666665009e+01
5.291666666666665719e+01
5.694444444444444287e+01
6.013888888888889284e+01
5.611111111111112137e+01
5.236111111111110716e+01
4.888888888888889284e+01
4.569444444444444997e+01
4.277777777777778567e+01
4.013888888888889284e+01
3.777777777777778567e+01
3.569444444444444997e+01
3.388888888888889284e+01
3.236111111111111427e+01
3.111111111111111427e+01
3.013888888888889284e+01
2.944444444444444997e+01
2.902777777777777857e+01
2.888888888888889284e+01
2.902777777777777857e+01
2.944444444444444287e+01
3.013888888888889284e+01
3.111111111111111427e+01
3.236111111111111427e+01
3.388888888888889284e+01
3.569444444444444287e+01
3.777777777777777857e+01
4.013888888888889284e+01
4.277777777777777146e+01
4.569444444444444287e+01
4.888888888888889284e+01
5.236111111111110716e+01
5.611111111111110716e+01
6.013888888888889284e+01
6.361111111111110716e+01
5.958333333333333570e+01
5.583333333333332149e+01
5.236111111111110716e+01
4.916666666666666430e+01
4.624999999999999289e+01
4.361111111111110716e+01
4.124999999999999289e+01
3.916666666666665719e+01
3.736111111111110006e+01
3.583333333333332860e+01
3.458333333333332149e+01
3.361111111111110006e+01
3.291666666666665719e+01
3.249999999999999289e+01
3.236111111111110006e+01
3.249999999999999289e+01
3.291666666666665719e+01
3.361111111111110006e+01
3.458333333333332149e+01
3.583333333333332149e+01
3.736111111111110006e+01
3.916666666666665719e+01
4.124999999999999289e+01
4.361111111111110716e+01
4.624999999999997868e+01
4.916666666666665009e+01
5.236111111111110716e+01
5.583333333333331439e+01
5.958333333333332149e+01
6.361111111111110716e+01
6.736111111111110006e+01
6.333333333333333570e+01
5.958333333333332149e+01
5.611111111111110716e+01
5.291666666666666430e+01
5.000000000000000000e+01
4.736111111111110716e+01
4.500000000000000000e+01
4.291666666666666430e+01
4.111111111111110716e+01
3.958333333333332860e+01
3.833333333333332860e+01
3.736111111111110716e+01
3.666666666666666430e+01
3.624999999999999289e+01
3.611111111111110716e+01
3.624999999999999289e+01
3.666666666666665719e+01
3.736111111111110716e+01
3.833333333333332860e+01
3.958333333333332860e+01
4.111111111111110716e+01
4.291666666666666430e+01
4.499999999999999289e+01
4.736111111111110716e+01
4.999999999999998579e+01
5.291666666666665719e+01
5.611111111111110716e+01
5.958333333333332149e+01
6.333333333333332149e+01
6.736111111111110006e+01
7.138888888888888573e+01
6.736111111111111427e+01
6.361111111111110716e+01
6.013888888888889284e+01
5.694444444444444997e+01
5.402777777777778567e+01
5.138888888888889284e+01
4.902777777777778567e+01
4.694444444444444997e+01
4.513888888888889284e+01
4.361111111111111427e+01
4.236111111111111427e+01
4.138888888888889284e+01
4.069444444444444997e+01
4.027777777777777857e+01
4.013888888888889284e+01
4.027777777777777857e+01
4.069444444444444287e+01
4.138888888888889284e+01
4.236111111111111427e+01
4.361111111111111427e+01
4.513888888888889284e+01
4.694444444444444997e+01
4.902777777777777857e+01
5.138888888888889284e+01
5.402777777777777146e+01
5.694444444444444287e+01
6.013888888888889284e+01
6.361111111111110716e+01
6.736111111111110006e+01
7.138888888888888573e+01
6.930555555555555713e+01
6.527777777777778567e+01
6.152777777777777146e+01
5.805555555555555713e+01
5.486111111111111427e+01
5.194444444444444997e+01
4.930555555555555713e+01
4.694444444444444997e+01
4.486111111111111427e+01
4.305555555555555713e+01
4.152777777777777857e+01
4.027777777777777857e+01
3.930555555555555713e+01
3.861111111111111427e+01
3.819444444444444287e+01
3.805555555555555713e+01
3.819444444444444287e+01
3.861111111111111427e+01
3.930555555555555713e+01
4.027777777777777857e+01
4.152777777777777857e+01
4.305555555555555713e+01
4.486111111111111427e+01
4.694444444444444287e+01
4.930555555555555713e+01
5.194444444444443576e+01
5.486111111111110716e+01
5.805555555555555713e+01
6.152777777777777146e+01
6.527777777777777146e+01
6.930555555555555713e+01
6.527777777777778567e+01
6.125000000000001421e+01
5.750000000000000000e+01
5.402777777777778567e+01
5.083333333333334281e+01
4.791666666666667851e+01
4.527777777777778567e+01
4.291666666666667851e+01
4.083333333333334281e+01
3.902777777777778567e+01
3.750000000000000711e+01
3.625000000000000711e+01
3.527777777777778567e+01
3.458333333333334281e+01
3.416666666666667140e+01
3.402777777777778567e+01
3.416666666666667140e+01
3.458333333333334281e+01
3.527777777777778567e+01
3.625000000000000711e+01
3.750000000000000711e+01
3.902777777777778567e+01
4.083333333333334281e+01
4.291666666666667140e+01
4.527777777777778567e+01
4.791666666666666430e+01
5.083333333333333570e+01
5.402777777777778567e+01
5.750000000000000000e+01
6.125000000000000000e+01
6.527777777777778567e+01
6.152777777777777146e+01
5.750000000000000000e+01
5.374999999999999289e+01
5.027777777777777146e+01
4.708333333333332860e+01
4.416666666666666430e+01
4.152777777777777146e+01
3.916666666666666430e+01
3.708333333333332860e+01
3.527777777777777146e+01
3.375000000000000000e+01
3.250000000000000000e+01
3.152777777777777501e+01
3.083333333333333215e+01
3.041666666666666430e+01
3.027777777777777501e+01
3.041666666666666430e+01
3.083333333333332860e+01
3.152777777777777501e+01
3.250000000000000000e+01
3.374999999999999289e+01
3.527777777777777146e+01
3.708333333333332860e+01
3.916666666666665719e+01
4.152777777777777146e+01
4.416666666666665719e+01
4.708333333333332860e+01
5.027777777777777146e+01
5.374999999999998579e+01
5.749999999999998579e+01
6.152777777777777146e+01
5.805555555555555713e+01
5.402777777777778567e+01
5.027777777777777146e+01
4.680555555555555713e+01
4.361111111111111427e+01
4.069444444444444997e+01
3.805555555555555713e+01
3.569444444444444997e+01
3.361111111111111427e+01
3.180555555555555713e+01
3.027777777777777857e+01
2.902777777777777857e+01
2.805555555555555713e+01
2.736111111111111427e+01
2.694444444444444642e+01
2.680555555555555713e+01
2.694444444444444642e+01
2.736111111111111072e+01
2.805555555555555713e+01
2.902777777777777857e+01
3.027777777777777857e+01
3.180555555555555713e+01
3.361111111111111427e+01
3.569444444444444287e+01
3.805555555555555713e+01
4.069444444444443576e+01
4.361111111111110716e+01
4.680555555555555713e+01
5.027777777777777146e+01
5.402777777777777146e+01
5.805555555555555713e+01
5.486111111111111427e+01
5.083333333333334281e+01
4.708333333333332860e+01
4.361111111111111427e+01
4.041666666666667140e+01
3.750000000000000711e+01
3.486111111111111427e+01
3.250000000000000711e+01
3.041666666666667140e+01
2.861111111111111427e+01
2.708333333333333570e+01
2.583333333333333570e+01
2.486111111111111427e+01
2.416666666666667140e+01
2.375000000000000355e+01
2.361111111111111427e+01
2.375000000000000355e+01
2.416666666666666785e+01
2.486111111111111427e+01
2.583333333333333570e+01
2.708333333333333570e+01
2.861111111111111427e+01
3.041666666666666785e+01
3.250000000000000000e+01
3.486111111111111427e+01
3.749999999999999289e+01
4.041666666666666430e+01
4.361111111111111427e+01
4.708333333333332860e+01
5.083333333333332860e+01
5.486111111111111427e+01
5.194444444444444997e+01
4.791666666666667851e+01
4.416666666666666430e+01
4.069444444444444997e+01
3.750000000000000711e+01
3.458333333333334281e+01
3.194444444444444997e+01
2.958333333333333925e+01
2.750000000000000711e+01
2.569444444444444997e+01
2.416666666666667140e+01
2.291666666666667140e+01
2.194444444444444997e+01
2.125000000000000355e+01
2.083333333333333570e+01
2.069444444444444997e+01
2.083333333333333570e+01
2.125000000000000355e+01
2.194444444444444997e+01
2.291666666666667140e+01
2.416666666666666785e+01
2.569444444444444997e+01
2.750000000000000000e+01
2.958333333333333570e+01
3.194444444444444997e+01
3.458333333333332860e+01
3.750000000000000000e+01
4.069444444444444997e+01
4.416666666666665719e+01
4.791666666666666430e+01
5.194444444444444997e+01
4.930555555555555713e+01
4.527777777777778567e+01
4.152777777777777146e+01
3.805555555555555713e+01
3.486111111111111427e+01
3.194444444444444997e+01
2.930555555555555713e+01
2.694444444444444997e+01
2.486111111111111427e+01
2.305555555555555713e+01
2.152777777777777857e+01
2.027777777777777857e+01
1.930555555555555713e+01
1.861111111111111427e+01
1.819444444444444642e+01
1.805555555555555713e+01
1.819444444444444642e+01
1.861111111111111427e+01
1.930555555555555713e+01
2.027777777777777857e+01
2.152777777777777857e+01
2.305555555555555713e+01
2.486111111111111072e+01
2.694444444444444287e+01
2.930555555555555713e+01
3.194444444444443576e+01
3.486111111111110716e+01
3.805555555555555713e+01
4.152777777777777146e+01
4.527777777777777146e+01
4.930555555555555713e+01
4.694444444444444997e+01
4.291666666666667851e+01
3.916666666666666430e+01
3.569444444444444997e+01
3.250000000000000711e+01
2.958333333333333925e+01
2.694444444444444997e+01
2.458333333333333925e+01
2.250000000000000711e+01
2.069444444444444997e+01
1.916666666666667140e+01
1.791666666666667140e+01
1.694444444444444997e+01
1.625000000000000355e+01
1.583333333333333748e+01
1.569444444444444819e+01
1.583333333333333748e+01
1.625000000000000355e+01
1.694444444444444997e+01
1.791666666666667140e+01
1.916666666666666785e+01
2.069444444444444997e+01
2.250000000000000000e+01
2.458333333333333570e+01
2.694444444444444997e+01
2.958333333333332860e+01
3.250000000000000000e+01
3.569444444444444997e+01
3.916666666666665719e+01
4.291666666666666430e+01
4.694444444444444997e+01
4.486111111111111427e+01
4.083333333333334281e+01
3.708333333333332860e+01
3.361111111111111427e+01
3.041666666666667140e+01
2.750000000000000711e+01
2.486111111111111427e+01
2.250000000000000711e+01
2.041666666666667140e+01
1.861111111111111427e+01
1.708333333333333570e+01
1.583333333333333748e+01
1.486111111111111427e+01
1.416666666666667140e+01
1.375000000000000355e+01
1.361111111111111427e+01
1.375000000000000355e+01
1.416666666666666785e+01
1.486111111111111427e+01
1.583333333333333570e+01
1.708333333333333570e+01
1.861111111111111427e+01
2.041666666666666785e+01
2.250000000000000000e+01
2.486111111111111427e+01
2.749999999999999289e+01
3.041666666666666430e+01
3.361111111111111427e+01
3.708333333333332860e+01
4.083333333333332860e+01
4.486111111111111427e+01
4.305555555555555713e+01
3.902777777777778567e+01
3.527777777777777146e+01
3.180555555555555713e+01
2.861111111111111427e+01
2.569444444444444997e+01
2.305555555555555713e+01
2.069444444444444997e+01
1.861111111111111427e+01
1.680555555555555713e+01
1.527777777777778034e+01
1.402777777777778034e+01
1.305555555555555713e+01
1.236111111111111427e+01
1.194444444444444642e+01
1.180555555555555713e+01
1.194444444444444642e+01
1.236111111111111072e+01
1.305555555555555713e+01
1.402777777777777857e+01
1.527777777777777679e+01
1.680555555555555713e+01
1.861111111111111072e+01
2.069444444444444287e+01
2.305555555555555713e+01
2.569444444444443576e+01
2.861111111111110716e+01
3.180555555555555713e+01
3.527777777777777146e+01
3.902777777777777146e+01
4.305555555555555713e+01
4.152777777777777857e+01
3.750000000000000711e+01
3.375000000000000000e+01
3.027777777777777857e+01
2.708333333333333570e+01
2.416666666666667140e+01
2.152777777777777857e+01
1.916666666666667140e+01
1.708333333333333570e+01
1.527777777777778034e+01
1.375000000000000355e+01
1.250000000000000355e+01
1.152777777777778034e+01
1.083333333333333570e+01
1.041666666666666963e+01
1.027777777777778034e+01
1.041666666666666963e+01
1.083333333333333570e+01
1.152777777777778034e+01
1.250000000000000178e+01
1.375000000000000000e+01
1.527777777777778034e+01
1.708333333333333570e+01
1.916666666666666430e+01
2.152777777777777857e+01
2.416666666666665719e+01
2.708333333333332860e+01
3.027777777777777857e+01
3.374999999999999289e+01
3.749999999999999289e+01
4.152777777777777857e+01
4.027777777777777857e+01
3.625000000000000711e+01
3.250000000000000000e+01
2.902777777777777857e+01
2.583333333333333570e+01
2.291666666666667140e+01
2.027777777777777857e+01
1.791666666666667140e+01
1.583333333333333748e+01
1.402777777777778034e+01
1.250000000000000355e+01
1.125000000000000355e+01
1.027777777777778034e+01
9.583333333333335702e+00
9.166666666666669627e+00
9.027777777777780344e+00
9.166666666666667851e+00
9.583333333333333925e+00
1.027777777777778034e+01
1.125000000000000178e+01
1.250000000000000000e+01
1.402777777777778034e+01
1.583333333333333393e+01
1.791666666666666430e+01
2.027777777777777857e+01
2.291666666666665719e+01
2.583333333333332860e+01
2.902777777777777857e+01
3.249999999999998579e+01
3.624999999999999289e+01
4.027777777777777857e+01
3.930555555555555713e+01
3.527777777777778567e+01
3.152777777777777501e+01
2.805555555555555713e+01
2.486111111111111427e+01
2.194444444444444997e+01
1.930555555555555713e+01
1.694444444444444997e+01
1.486111111111111427e+01
1.305555555555555713e+01
1.152777777777778034e+01
1.027777777777778034e+01
9.305555555555557135e+00
8.611111111111112493e+00
8.194444444444446418e+00
8.055555555555557135e+00
8.194444444444446418e+00
8.611111111111110716e+00
9.305555555555557135e+00
1.027777777777777857e+01
1.152777777777777679e+01
1.305555555555555713e+01
1.486111111111111072e+01
1.694444444444444287e+01
1.930555555555555713e+01
2.194444444444443576e+01
2.486111111111110716e+01
2.805555555555555713e+01
3.152777777777776791e+01
3.527777777777777146e+01
3.930555555555555713e+01
3.861111111111111427e+01
3.458333333333334281e+01
3.083333333333333215e+01
2.736111111111111427e+01
2.416666666666667140e+01
2.125000000000000355e+01
1.861111111111111427e+01
1.625000000000000355e+01
1.416666666666667140e+01
1.236111111111111427e+01
1.083333333333333570e+01
9.583333333333335702e+00
8.611111111111112493e+00
7.916666666666669627e+00
7.500000000000002665e+00
7.361111111111113381e+00
7.500000000000001776e+00
7.916666666666667851e+00
8.611111111111112493e+00
9.583333333333335702e+00
1.083333333333333215e+01
1.236111111111111427e+01
1.416666666666666785e+01
1.625000000000000000e+01
1.861111111111111427e+01
2.124999999999999289e+01
2.416666666666666430e+01
2.736111111111111427e+01
3.083333333333332504e+01
3.458333333333332860e+01
3.861111111111111427e+01
3.819444444444444287e+01
3.416666666666667140e+01
3.041666666666666430e+01
2.694444444444444642e+01
2.375000000000000355e+01
2.083333333333333570e+01
1.819444444444444642e+01
1.583333333333333748e+01
1.375000000000000355e+01
1.194444444444444642e+01
1.041666666666666963e+01
9.166666666666669627e+00
8.194444444444446418e+00
7.500000000000002665e+00
7.083333333333335702e+00
6.944444444444446418e+00
7.083333333333334814e+00
7.500000000000000888e+00
8.194444444444446418e+00
9.166666666666667851e+00
1.041666666666666607e+01
1.194444444444444642e+01
1.375000000000000000e+01
1.583333333333333215e+01
1.819444444444444642e+01
2.083333333333332504e+01
2.374999999999999645e+01
2.694444444444444642e+01
3.041666666666665719e+01
3.416666666666665719e+01
3.819444444444444287e+01
3.805555555555555713e+01
3.402777777777778567e+01
3.027777777777777501e+01
2.680555555555555713e+01
2.361111111111111427e+01
2.069444444444444997e+01
1.805555555555555713e+01
1.569444444444444819e+01
1.361111111111111427e+01
1.180555555555555713e+01
1.027777777777778034e+01
9.027777777777780344e+00
8.055555555555557135e+00
7.361111111111113381e+00
6.944444444444446418e+00
6.805555555555557135e+00
6.944444444444445530e+00
7.361111111111111605e+00
8.055555555555557135e+00
9.027777777777778567e+00
1.027777777777777679e+01
1.180555555555555713e+01
1.361111111111111072e+01
1.569444444444444287e+01
1.805555555555555713e+01
2.069444444444443576e+01
2.361111111111110716e+01
2.680555555555555713e+01
3.027777777777776791e+01
3.402777777777777146e+01
3.805555555555555713e+01
3.819444444444444287e+01
3.416666666666667140e+01
3.041666666666666430e+01
2.694444444444444642e+01
2.375000000000000355e+01
2.083333333333333570e+01
1.819444444444444642e+01
1.583333333333333748e+01
1.375000000000000355e+01
1.194444444444444642e+01
1.041666666666666963e+01
9.166666666666667851e+00
8.194444444444446418e+00
7.500000000000001776e+00
7.083333333333334814e+00
6.944444444444445530e+00
7.083333333333334814e+00
7.500000000000000000e+00
8.194444444444446418e+00
9.166666666666667851e+00
1.041666666666666607e+01
1.194444444444444642e+01
1.375000000000000000e+01
1.583333333333333215e+01
1.819444444444444642e+01
2.083333333333332504e+01
2.374999999999999645e+01
2.694444444444444642e+01
3.041666666666665719e+01
3.416666666666665719e+01
3.819444444444444287e+01
3.861111111111111427e+01
3.458333333333334281e+01
3.083333333333332860e+01
2.736111111111111072e+01
2.416666666666666785e+01
2.125000000000000355e+01
1.861111111111111427e+01
1.625000000000000355e+01
1.416666666666666785e+01
1.236111111111111072e+01
1.083333333333333570e+01
9.583333333333333925e+00
8.611111111111110716e+00
7.916666666666667851e+00
7.500000000000000888e+00
7.361111111111111605e+00
7.500000000000000000e+00
7.916666666666666075e+00
8.611111111111110716e+00
9.583333333333332149e+00
1.083333333333333215e+01
1.236111111111111072e+01
1.416666666666666430e+01
1.625000000000000000e+01
1.861111111111111427e+01
2.124999999999999289e+01
2.416666666666666075e+01
2.736111111111111072e+01
3.083333333333332149e+01
3.458333333333332860e+01
3.861111111111111427e+01
3.930555555555555713e+01
3.527777777777778567e+01
3.152777777777777501e+01
2.805555555555555713e+01
2.486111111111111427e+01
2.194444444444444997e+01
1.930555555555555713e+01
1.694444444444444997e+01
1.486111111111111427e+01
1.305555555555555713e+01
1.152777777777778034e+01
1.027777777777778034e+01
9.305555555555557135e+00
8.611111111111112493e+00
8.194444444444446418e+00
8.055555555555557135e+00
8.194444444444446418e+00
8.611111111111110716e+00
9.305555555555557135e+00
1.027777777777777857e+01
1.152777777777777679e+01
1.305555555555555713e+01
1.486111111111111072e+01
1.694444444444444287e+01
1.930555555555555713e+01
2.194444444444443576e+01
2.486111111111110716e+01
2.805555555555555713e+01
3.152777777777776791e+01
3.527777777777777146e+01
3.930555555555555713e+01
4.027777777777777857e+01
3.625000000000000711e+01
3.250000000000000000e+01
2.902777777777777857e+01
2.583333333333333570e+01
2.291666666666667140e+01
2.027777777777777857e+01
1.791666666666667140e+01
1.583333333333333570e+01
1.402777777777777857e+01
1.250000000000000178e+01
1.125000000000000178e+01
1.027777777777777857e+01
9.583333333333335702e+00
9.166666666666667851e+00
9.027777777777778567e+00
9.166666666666667851e+00
9.583333333333332149e+00
1.027777777777777857e+01
1.125000000000000000e+01
1.249999999999999822e+01
1.402777777777777857e+01
1.583333333333333215e+01
1.791666666666666430e+01
2.027777777777777857e+01
2.291666666666665719e+01
2.583333333333332860e+01
2.902777777777777857e+01
3.249999999999998579e+01
3.624999999999999289e+01
4.027777777777777857e+01
4.152777777777777857e+01
3.750000000000000711e+01
3.374999999999999289e+01
3.027777777777777857e+01
2.708333333333333570e+01
2.416666666666666785e+01
2.152777777777777857e+01
1.916666666666666785e+01
1.708333333333333570e+01
1.527777777777777679e+01
1.375000000000000000e+01
1.250000000000000000e+01
1.152777777777777679e+01
1.083333333333333215e+01
1.041666666666666607e+01
1.027777777777777679e+01
1.041666666666666607e+01
1.083333333333333215e+01
1.152777777777777679e+01
1.249999999999999822e+01
1.374999999999999645e+01
1.527777777777777679e+01
1.708333333333332860e+01
1.916666666666666430e+01
2.152777777777777857e+01
2.416666666666665719e+01
2.708333333333332860e+01
3.027777777777777857e+01
3.374999999999998579e+01
3.749999999999999289e+01
4.152777777777777857e+01
4.305555555555555713e+01
3.902777777777778567e+01
3.527777777777777146e+01
3.180555555555555713e+01
2.861111111111111427e+01
2.569444444444444997e+01
2.305555555555555713e+01
2.069444444444444997e+01
1.861111111111111427e+01
1.680555555555555713e+01
1.527777777777778034e+01
1.402777777777778034e+01
1.305555555555555713e+01
1.236111111111111427e+01
1.194444444444444642e+01
1.180555555555555713e+01
1.194444444444444642e+01
1.236111111111111072e+01
1.305555555555555713e+01
1.402777777777777857e+01
1.527777777777777679e+01
1.680555555555555713e+01
1.861111111111111072e+01
2.069444444444444287e+01
2.305555555555555713e+01
2.569444444444443576e+01
2.861111111111110716e+01
3.180555555555555713e+01
3.527777777777777146e+01
3.902777777777777146e+01
4.305555555555555713e+01
4.486111111111111427e+01
4.083333333333334281e+01
3.708333333333332860e+01
3.361111111111111427e+01
3.041666666666666785e+01
2.750000000000000000e+01
2.486111111111111072e+01
2.250000000000000000e+01
2.041666666666666785e+01
1.861111111111111072e+01
1.708333333333333570e+01
1.583333333333333393e+01
1.486111111111111072e+01
1.416666666666666785e+01
1.375000000000000000e+01
1.361111111111111072e+01
1.375000000000000000e+01
1.416666666666666430e+01
1.486111111111111072e+01
1.583333333333333215e+01
1.708333333333332860e+01
1.861111111111111072e+01
2.041666666666666430e+01
2.249999999999999645e+01
2.486111111111111072e+01
2.749999999999998934e+01
3.041666666666666075e+01
3.361111111111111427e+01
3.708333333333332149e+01
4.083333333333332860e+01
4.486111111111111427e+01
4.694444444444444287e+01
4.291666666666667140e+01
3.916666666666665719e+01
3.569444444444444287e+01
3.250000000000000000e+01
2.958333333333333570e+01
2.694444444444444287e+01
2.458333333333333570e+01
2.250000000000000000e+01
2.069444444444444287e+01
1.916666666666666430e+01
1.791666666666666430e+01
1.694444444444444287e+01
1.625000000000000000e+01
1.583333333333333215e+01
1.569444444444444287e+01
1.583333333333333215e+01
1.625000000000000000e+01
1.694444444444444287e+01
1.791666666666666430e+01
1.916666666666666430e+01
2.069444444444444287e+01
2.249999999999999645e+01
2.458333333333332860e+01
2.694444444444444287e+01
2.958333333333332149e+01
3.249999999999999289e+01
3.569444444444444287e+01
3.916666666666665719e+01
4.291666666666665719e+01
4.694444444444444287e+01
4.930555555555555713e+01
4.527777777777778567e+01
4.152777777777777146e+01
3.805555555555555713e+01
3.486111111111111427e+01
3.194444444444444997e+01
2.930555555555555713e+01
2.694444444444444997e+01
2.486111111111111427e+01
2.305555555555555713e+01
2.152777777777777857e+01
2.027777777777777857e+01
1.930555555555555713e+01
1.861111111111111427e+01
1.819444444444444642e+01
1.805555555555555713e+01
1.819444444444444642e+01
1.861111111111111427e+01
1.930555555555555713e+01
2.027777777777777857e+01
2.152777777777777857e+01
2.305555555555555713e+01
2.486111111111111072e+01
2.694444444444444287e+01
2.930555555555555713e+01
3.194444444444443576e+01
3.486111111111110716e+01
3.805555555555555713e+01
4.152777777777777146e+01
4.527777777777777146e+01
4.930555555555555713e+01
5.194444444444443576e+01
4.791666666666666430e+01
4.416666666666665719e+01
4.069444444444443576e+01
3.749999999999999289e+01
3.458333333333332860e+01
3.194444444444443576e+01
2.958333333333332860e+01
2.749999999999999289e+01
2.569444444444443576e+01
2.416666666666665719e+01
2.291666666666665719e+01
2.194444444444443576e+01
2.124999999999999289e+01
2.083333333333332504e+01
2.069444444444443576e+01
2.083333333333332504e+01
2.124999999999999289e+01
2.194444444444443576e+01
2.291666666666665719e+01
2.416666666666665719e+01
2.569444444444443576e+01
2.749999999999998934e+01
2.958333333333332149e+01
3.194444444444443576e+01
3.458333333333331439e+01
3.749999999999998579e+01
4.069444444444443576e+01
4.416666666666664298e+01
4.791666666666665009e+01
5.194444444444443576e+01
5.486111111111110716e+01
5.083333333333333570e+01
4.708333333333332860e+01
4.361111111111110716e+01
4.041666666666666430e+01
3.750000000000000000e+01
3.486111111111110716e+01
3.250000000000000000e+01
3.041666666666666430e+01
2.861111111111110716e+01
2.708333333333332860e+01
2.583333333333332860e+01
2.486111111111110716e+01
2.416666666666666430e+01
2.374999999999999645e+01
2.361111111111110716e+01
2.374999999999999645e+01
2.416666666666666075e+01
2.486111111111110716e+01
2.583333333333332860e+01
2.708333333333332860e+01
2.861111111111110716e+01
3.041666666666666075e+01
3.249999999999999289e+01
3.486111111111110716e+01
3.749999999999998579e+01
4.041666666666665719e+01
4.361111111111110716e+01
4.708333333333331439e+01
5.083333333333332149e+01
5.486111111111110716e+01
5.805555555555555713e+01
5.402777777777778567e+01
5.027777777777777146e+01
4.680555555555555713e+01
4.361111111111111427e+01
4.069444444444444997e+01
3.805555555555555713e+01
3.569444444444444997e+01
3.361111111111111427e+01
3.180555555555555713e+01
3.027777777777777857e+01
2.902777777777777857e+01
2.805555555555555713e+01
2.736111111111111427e+01
2.694444444444444642e+01
2.680555555555555713e+01
2.694444444444444642e+01
2.736111111111111072e+01
2.805555555555555713e+01
2.902777777777777857e+01
3.027777777777777857e+01
3.180555555555555713e+01
3.361111111111111427e+01
3.569444444444444287e+01
3.805555555555555713e+01
4.069444444444443576e+01
4.361111111111110716e+01
4.680555555555555713e+01
5.027777777777777146e+01
5.402777777777777146e+01
5.805555555555555713e+01
6.152777777777777146e+01
5.750000000000000000e+01
5.374999999999998579e+01
5.027777777777777146e+01
4.708333333333332860e+01
4.416666666666665719e+01
4.152777777777777146e+01
3.916666666666665719e+01
3.708333333333332860e+01
3.527777777777777146e+01
3.374999999999999289e+01
3.249999999999998579e+01
3.152777777777776791e+01
3.083333333333332504e+01
3.041666666666665719e+01
3.027777777777776791e+01
3.041666666666665719e+01
3.083333333333332149e+01
3.152777777777776791e+01
3.249999999999998579e+01
3.374999999999998579e+01
3.527777777777777146e+01
3.708333333333332149e+01
3.916666666666665719e+01
4.152777777777777146e+01
4.416666666666664298e+01
4.708333333333331439e+01
5.027777777777777146e+01
5.374999999999997868e+01
5.749999999999998579e+01
6.152777777777777146e+01
6.527777777777777146e+01
6.125000000000000000e+01
5.749999999999998579e+01
5.402777777777777146e+01
5.083333333333332860e+01
4.791666666666666430e+01
4.527777777777777146e+01
4.291666666666666430e+01
4.083333333333332860e+01
3.902777777777777146e+01
3.749999999999999289e+01
3.624999999999999289e+01
3.527777777777777146e+01
3.458333333333332860e+01
3.416666666666665719e+01
3.402777777777777146e+01
3.416666666666665719e+01
3.458333333333332860e+01
3.527777777777777146e+01
3.624999999999999289e+01
3.749999999999999289e+01
3.902777777777777146e+01
4.083333333333332860e+01
4.291666666666665719e+01
4.527777777777777146e+01
4.791666666666665009e+01
5.083333333333332149e+01
5.402777777777777146e+01
5.749999999999998579e+01
6.124999999999998579e+01
6.527777777777777146e+01
6.930555555555555713e+01
6.527777777777778567e+01
6.152777777777777146e+01
5.805555555555555713e+01
5.486111111111111427e+01
5.194444444444444997e+01
4.930555555555555713e+01
4.694444444444444997e+01
4.486111111111111427e+01
4.305555555555555713e+01
4.152777777777777857e+01
4.027777777777777857e+01
3.930555555555555713e+01
3.861111111111111427e+01
3.819444444444444287e+01
3.805555555555555713e+01
3.819444444444444287e+01
3.861111111111111427e+01
3.930555555555555713e+01
4.027777777777777857e+01
4.152777777777777857e+01
4.305555555555555713e+01
4.486111111111111427e+01
4.694444444444444287e+01
4.930555555555555713e+01
5.194444444444443576e+01
5.486111111111110716e+01
5.805555555555555713e+01
6.152777777777777146e+01
6.527777777777777146e+01
6.930555555555555713e+01
6.750000000000000000e+01
6.347222222222222854e+01
5.972222222222221433e+01
5.625000000000000000e+01
5.305555555555555713e+01
5.013888888888889284e+01
4.750000000000000000e+01
4.513888888888889284e+01
4.305555555555555713e+01
4.125000000000000000e+01
3.972222222222222143e+01
3.847222222222222143e+01
3.750000000000000000e+01
3.680555555555555713e+01
3.638888888888888573e+01
3.625000000000000000e+01
3.638888888888888573e+01
3.680555555555555713e+01
3.750000000000000000e+01
3.847222222222222143e+01
3.972222222222222143e+01
4.125000000000000000e+01
4.305555555555555713e+01
4.513888888888888573e+01
4.750000000000000000e+01
5.013888888888887863e+01
5.305555555555555003e+01
5.625000000000000000e+01
5.972222222222221433e+01
6.347222222222221433e+01
6.750000000000000000e+01
6.347222222222222854e+01
5.944444444444445708e+01
5.569444444444444287e+01
5.222222222222222854e+01
4.902777777777778567e+01
4.611111111111112137e+01
4.347222222222222854e+01
4.111111111111112137e+01
3.902777777777778567e+01
3.722222222222222854e+01
3.569444444444444997e+01
3.444444444444444997e+01
3.347222222222222854e+01
3.277777777777778567e+01
3.236111111111111427e+01
3.222222222222222854e+01
3.236111111111111427e+01
3.277777777777778567e+01
3.347222222222222854e+01
3.444444444444444997e+01
3.569444444444444997e+01
3.722222222222222854e+01
3.902777777777778567e+01
4.111111111111111427e+01
4.347222222222222854e+01
4.611111111111110716e+01
4.902777777777777857e+01
5.222222222222222854e+01
5.569444444444444287e+01
5.944444444444444287e+01
6.347222222222222854e+01
5.972222222222221433e+01
5.569444444444444287e+01
5.194444444444443576e+01
4.847222222222221433e+01
4.527777777777777146e+01
4.236111111111110716e+01
3.972222222222221433e+01
3.736111111111110716e+01
3.527777777777777146e+01
3.347222222222221433e+01
3.194444444444444287e+01
3.069444444444443931e+01
2.972222222222221788e+01
2.902777777777777501e+01
2.861111111111110716e+01
2.847222222222221788e+01
2.861111111111110716e+01
2.902777777777777146e+01
2.972222222222221788e+01
3.069444444444443931e+01
3.194444444444443576e+01
3.347222222222221433e+01
3.527777777777777146e+01
3.736111111111110006e+01
3.972222222222221433e+01
4.236111111111110006e+01
4.527777777777777146e+01
4.847222222222221433e+01
5.194444444444442865e+01
5.569444444444442865e+01
5.972222222222221433e+01
5.625000000000000000e+01
5.222222222222222854e+01
4.847222222222221433e+01
4.500000000000000000e+01
4.180555555555555713e+01
3.888888888888889284e+01
3.625000000000000000e+01
3.388888888888889284e+01
3.180555555555555713e+01
3.000000000000000000e+01
2.847222222222222143e+01
2.722222222222222143e+01
2.625000000000000000e+01
2.555555555555555713e+01
2.513888888888888928e+01
2.500000000000000000e+01
2.513888888888888928e+01
2.555555555555555358e+01
2.625000000000000000e+01
2.722222222222222143e+01
2.847222222222222143e+01
3.000000000000000000e+01
3.180555555555555358e+01
3.388888888888888573e+01
3.625000000000000000e+01
3.888888888888887863e+01
4.180555555555555003e+01
4.500000000000000000e+01
4.847222222222221433e+01
5.222222222222221433e+01
5.625000000000000000e+01
5.305555555555555713e+01
4.902777777777778567e+01
4.527777777777777146e+01
4.180555555555555713e+01
3.861111111111111427e+01
3.569444444444444997e+01
3.305555555555555713e+01
3.069444444444444997e+01
2.861111111111111427e+01
2.680555555555555713e+01
2.527777777777777857e+01
2.402777777777777857e+01
2.305555555555555713e+01
2.236111111111111427e+01
2.194444444444444642e+01
2.180555555555555713e+01
2.194444444444444642e+01
2.236111111111111072e+01
2.305555555555555713e+01
2.402777777777777857e+01
2.527777777777777857e+01
2.680555555555555713e+01
2.861111111111111072e+01
3.069444444444444287e+01
3.305555555555555713e+01
3.569444444444443576e+01
3.861111111111110716e+01
4.180555555555555713e+01
4.527777777777777146e+01
4.902777777777777146e+01
5.305555555555555713e+01
5.013888888888889284e+01
4.611111111111112137e+01
4.236111111111110716e+01
3.888888888888889284e+01
3.569444444444444997e+01
3.277777777777778567e+01
3.013888888888889284e+01
2.777777777777778212e+01
2.569444444444444997e+01
2.388888888888889284e+01
2.236111111111111427e+01
2.111111111111111427e+01
2.013888888888889284e+01
1.944444444444444642e+01
1.902777777777777857e+01
1.888888888888889284e+01
1.902777777777777857e+01
1.944444444444444642e+01
2.013888888888889284e+01
2.111111111111111427e+01
2.236111111111111072e+01
2.388888888888889284e+01
2.569444444444444287e+01
2.777777777777777857e+01
3.013888888888889284e+01
3.277777777777777146e+01
3.569444444444444287e+01
3.888888888888889284e+01
4.236111111111110006e+01
4.611111111111110716e+01
5.013888888888889284e+01
4.750000000000000000e+01
4.347222222222222854e+01
3.972222222222221433e+01
3.625000000000000000e+01
3.305555555555555713e+01
3.013888888888889284e+01
2.750000000000000000e+01
2.513888888888889284e+01
2.305555555555555713e+01
2.125000000000000000e+01
1.972222222222222143e+01
1.847222222222222143e+01
1.750000000000000000e+01
1.680555555555555713e+01
1.638888888888888928e+01
1.625000000000000000e+01
1.638888888888888928e+01
1.680555555555555713e+01
1.750000000000000000e+01
1.847222222222222143e+01
1.972222222222222143e+01
2.125000000000000000e+01
2.305555555555555358e+01
2.513888888888888573e+01
2.750000000000000000e+01
3.013888888888887863e+01
3.305555555555555003e+01
3.625000000000000000e+01
3.972222222222221433e+01
4.347222222222221433e+01
4.750000000000000000e+01
4.513888888888889284e+01
4.111111111111112137e+01
3.736111111111110716e+01
3.388888888888889284e+01
3.069444444444444997e+01
2.777777777777778212e+01
2.513888888888889284e+01
2.277777777777778212e+01
2.069444444444444997e+01
1.888888888888889284e+01
1.736111111111111427e+01
1.611111111111111427e+01
1.513888888888889106e+01
1.444444444444444642e+01
1.402777777777778034e+01
1.388888888888889106e+01
1.402777777777778034e+01
1.444444444444444642e+01
1.513888888888889106e+01
1.611111111111111427e+01
1.736111111111111072e+01
1.888888888888889284e+01
2.069444444444444287e+01
2.277777777777777857e+01
2.513888888888889284e+01
2.777777777777777146e+01
3.069444444444444287e+01
3.388888888888889284e+01
3.736111111111110006e+01
4.111111111111110716e+01
4.513888888888889284e+01
4.305555555555555713e+01
3.902777777777778567e+01
3.527777777777777146e+01
3.180555555555555713e+01
2.861111111111111427e+01
2.569444444444444997e+01
2.305555555555555713e+01
2.069444444444444997e+01
1.861111111111111427e+01
1.680555555555555713e+01
1.527777777777778034e+01
1.402777777777778034e+01
1.305555555555555713e+01
1.236111111111111427e+01
1.194444444444444642e+01
1.180555555555555713e+01
1.194444444444444642e+01
1.236111111111111072e+01
1.305555555555555713e+01
1.402777777777777857e+01
1.527777777777777679e+01
1.680555555555555713e+01
1.861111111111111072e+01
2.069444444444444287e+01
2.305555555555555713e+01
2.569444444444443576e+01
2.861111111111110716e+01
3.180555555555555713e+01
3.527777777777777146e+01
3.902777777777777146e+01
4.305555555555555713e+01
4.125000000000000000e+01
3.722222222222222854e+01
3.347222222222221433e+01
3.000000000000000000e+01
2.680555555555555713e+01
2.388888888888889284e+01
2.125000000000000000e+01
1.888888888888889284e+01
1.680555555555555713e+01
1.500000000000000000e+01
1.347222222222222321e+01
1.222222222222222321e+01
1.125000000000000000e+01
1.055555555555555713e+01
1.013888888888888928e+01
1.000000000000000000e+01
1.013888888888888928e+01
1.055555555555555358e+01
1.125000000000000000e+01
1.222222222222222143e+01
1.347222222222221966e+01
1.500000000000000000e+01
1.680555555555555358e+01
1.888888888888888573e+01
2.125000000000000000e+01
2.388888888888887863e+01
2.680555555555555003e+01
3.000000000000000000e+01
3.347222222222221433e+01
3.722222222222221433e+01
4.125000000000000000e+01
3.972222222222222143e+01
3.569444444444444997e+01
3.194444444444444287e+01
2.847222222222222143e+01
2.527777777777777857e+01
2.236111111111111427e+01
1.972222222222222143e+01
1.736111111111111427e+01
1.527777777777778034e+01
1.347222222222222321e+01
1.194444444444444642e+01
1.069444444444444642e+01
9.722222222222223209e+00
9.027777777777778567e+00
8.611111111111112493e+00
8.472222222222223209e+00
8.611111111111112493e+00
9.027777777777778567e+00
9.722222222222223209e+00
1.069444444444444464e+01
1.194444444444444287e+01
1.347222222222222321e+01
1.527777777777777679e+01
1.736111111111110716e+01
1.972222222222222143e+01
2.236111111111110006e+01
2.527777777777777146e+01
2.847222222222222143e+01
3.194444444444443576e+01
3.569444444444443576e+01
3.972222222222222143e+01
3.847222222222222143e+01
3.444444444444444997e+01
3.069444444444443931e+01
2.722222222222222143e+01
2.402777777777777857e+01
2.111111111111111427e+01
1.847222222222222143e+01
1.611111111111111427e+01
1.402777777777778034e+01
1.222222222222222321e+01
1.069444444444444642e+01
9.444444444444446418e+00
8.472222222222223209e+00
7.777777777777778567e+00
7.361111111111112493e+00
7.222222222222223209e+00
7.361111111111111605e+00
7.777777777777776791e+00
8.472222222222223209e+00
9.444444444444444642e+00
1.069444444444444287e+01
1.222222222222222321e+01
1.402777777777777679e+01
1.611111111111110716e+01
1.847222222222222143e+01
2.111111111111110006e+01
2.402777777777777146e+01
2.722222222222222143e+01
3.069444444444443221e+01
3.444444444444443576e+01
3.847222222222222143e+01
3.750000000000000000e+01
3.347222222222222854e+01
2.972222222222221788e+01
2.625000000000000000e+01
2.305555555555555713e+01
2.013888888888889284e+01
1.750000000000000000e+01
1.513888888888889106e+01
1.305555555555555713e+01
1.125000000000000000e+01
9.722222222222223209e+00
8.472222222222223209e+00
7.500000000000000000e+00
6.805555555555556246e+00
6.388888888888889284e+00
6.250000000000000000e+00
6.388888888888888395e+00
6.805555555555554470e+00
7.500000000000000000e+00
8.472222222222221433e+00
9.722222222222219656e+00
1.125000000000000000e+01
1.305555555555555358e+01
1.513888888888888573e+01
1.750000000000000000e+01
2.013888888888887863e+01
2.305555555555555003e+01
2.625000000000000000e+01
2.972222222222221077e+01
3.347222222222221433e+01
3.750000000000000000e+01
3.680555555555555713e+01
3.277777777777778567e+01
2.902777777777777501e+01
2.555555555555555713e+01
2.236111111111111427e+01
1.944444444444444642e+01
1.680555555555555713e+01
1.444444444444444642e+01
1.236111111111111427e+01
1.055555555555555713e+01
9.027777777777778567e+00
7.777777777777778567e+00
6.805555555555556246e+00
6.111111111111112493e+00
5.694444444444445530e+00
5.555555555555556246e+00
5.694444444444444642e+00
6.111111111111110716e+00
6.805555555555556246e+00
7.777777777777777679e+00
9.027777777777775015e+00
1.055555555555555713e+01
1.236111111111111072e+01
1.444444444444444109e+01
1.680555555555555713e+01
1.944444444444443576e+01
2.236111111111110716e+01
2.555555555555555713e+01
2.902777777777776791e+01
3.277777777777777146e+01
3.680555555555555713e+01
3.638888888888888573e+01
3.236111111111111427e+01
2.861111111111110716e+01
2.513888888888888928e+01
2.194444444444444642e+01
1.902777777777777857e+01
1.638888888888888928e+01
1.402777777777778034e+01
1.194444444444444642e+01
1.013888888888888928e+01
8.611111111111112493e+00
7.361111111111112493e+00
6.388888888888889284e+00
5.694444444444445530e+00
5.277777777777778567e+00
5.138888888888889284e+00
5.277777777777777679e+00
5.694444444444443754e+00
6.388888888888889284e+00
7.361111111111110716e+00
8.611111111111108940e+00
1.013888888888888928e+01
1.194444444444444287e+01
1.402777777777777501e+01
1.638888888888888928e+01
1.902777777777776791e+01
2.194444444444443931e+01
2.513888888888888928e+01
2.861111111111110006e+01
3.236111111111110006e+01
3.638888888888888573e+01
3.625000000000000000e+01
3.222222222222222854e+01
2.847222222222221788e+01
2.500000000000000000e+01
2.180555555555555713e+01
1.888888888888889284e+01
1.625000000000000000e+01
1.388888888888889106e+01
1.180555555555555713e+01
1.000000000000000000e+01
8.472222222222223209e+00
7.222222222222223209e+00
6.250000000000000000e+00
5.555555555555556246e+00
5.138888888888889284e+00
5.000000000000000000e+00
5.138888888888888395e+00
5.555555555555554470e+00
6.250000000000000000e+00
7.222222222222221433e+00
8.472222222222219656e+00
1.000000000000000000e+01
1.180555555555555358e+01
1.388888888888888573e+01
1.625000000000000000e+01
1.888888888888887863e+01
2.180555555555555003e+01
2.500000000000000000e+01
2.847222222222221077e+01
3.222222222222221433e+01
3.625000000000000000e+01
3.638888888888888573e+01
3.236111111111111427e+01
2.861111111111110716e+01
2.513888888888888928e+01
2.194444444444444642e+01
1.902777777777777857e+01
1.638888888888888928e+01
1.402777777777778034e+01
1.194444444444444642e+01
1.013888888888888928e+01
8.611111111111112493e+00
7.361111111111111605e+00
6.388888888888888395e+00
5.694444444444444642e+00
5.277777777777777679e+00
5.138888888888888395e+00
5.277777777777777679e+00
5.694444444444442865e+00
6.388888888888888395e+00
7.361111111111110716e+00
8.611111111111108940e+00
1.013888888888888928e+01
1.194444444444444287e+01
1.402777777777777501e+01
1.638888888888888928e+01
1.902777777777776791e+01
2.194444444444443931e+01
2.513888888888888928e+01
2.861111111111110006e+01
3.236111111111110006e+01
3.638888888888888573e+01
3.680555555555555713e+01
3.277777777777778567e+01
2.902777777777777146e+01
2.555555555555555358e+01
2.236111111111111072e+01
1.944444444444444642e+01
1.680555555555555713e+01
1.444444444444444642e+01
1.236111111111111072e+01
1.055555555555555358e+01
9.027777777777778567e+00
7.777777777777776791e+00
6.805555555555554470e+00
6.111111111111110716e+00
5.694444444444443754e+00
5.555555555555554470e+00
5.694444444444442865e+00
6.111111111111108940e+00
6.805555555555554470e+00
7.777777777777775903e+00
9.027777777777775015e+00
1.055555555555555358e+01
1.236111111111110716e+01
1.444444444444444109e+01
1.680555555555555713e+01
1.944444444444443576e+01
2.236111111111110361e+01
2.555555555555555358e+01
2.902777777777776436e+01
3.277777777777777146e+01
3.680555555555555713e+01
3.750000000000000000e+01
3.347222222222222854e+01
2.972222222222221788e+01
2.625000000000000000e+01
2.305555555555555713e+01
2.013888888888889284e+01
1.750000000000000000e+01
1.513888888888889106e+01
1.305555555555555713e+01
1.125000000000000000e+01
9.722222222222223209e+00
8.472222222222223209e+00
7.500000000000000000e+00
6.805555555555556246e+00
6.388888888888889284e+00
6.250000000000000000e+00
6.388888888888888395e+00
6.805555555555554470e+00
7.500000000000000000e+00
8.472222222222221433e+00
9.722222222222219656e+00
1.125000000000000000e+01
1.305555555555555358e+01
1.513888888888888573e+01
1.750000000000000000e+01
2.013888888888887863e+01
2.305555555555555003e+01
2.625000000000000000e+01
2.972222222222221077e+01
3.347222222222221433e+01
3.750000000000000000e+01
3.847222222222222143e+01
3.444444444444444997e+01
3.069444444444443931e+01
2.722222222222222143e+01
2.402777777777777857e+01
2.111111111111111427e+01
1.847222222222222143e+01
1.611111111111111427e+01
1.402777777777777857e+01
1.222222222222222143e+01
1.069444444444444464e+01
9.444444444444444642e+00
8.472222222222221433e+00
7.777777777777777679e+00
7.361111111111110716e+00
7.222222222222221433e+00
7.361111111111110716e+00
7.777777777777775903e+00
8.472222222222221433e+00
9.444444444444442865e+00
1.069444444444444109e+01
1.222222222222222143e+01
1.402777777777777501e+01
1.611111111111110716e+01
1.847222222222222143e+01
2.111111111111110006e+01
2.402777777777777146e+01
2.722222222222222143e+01
3.069444444444443221e+01
3.444444444444443576e+01
3.847222222222222143e+01
3.972222222222222143e+01
3.569444444444444997e+01
3.194444444444443576e+01
2.847222222222222143e+01
2.527777777777777857e+01
2.236111111111111072e+01
1.972222222222222143e+01
1.736111111111111072e+01
1.527777777777777679e+01
1.347222222222221966e+01
1.194444444444444287e+01
1.069444444444444287e+01
9.722222222222219656e+00
9.027777777777775015e+00
8.611111111111108940e+00
8.472222222222219656e+00
8.611111111111108940e+00
9.027777777777775015e+00
9.722222222222219656e+00
1.069444444444444109e+01
1.194444444444443931e+01
1.347222222222221966e+01
1.527777777777777324e+01
1.736111111111110716e+01
1.972222222222222143e+01
2.236111111111110006e+01
2.527777777777777146e+01
2.847222222222222143e+01
3.194444444444442865e+01
3.569444444444443576e+01
3.972222222222222143e+01
4.125000000000000000e+01
3.722222222222222854e+01
3.347222222222221433e+01
3.000000000000000000e+01
2.680555555555555713e+01
2.388888888888889284e+01
2.125000000000000000e+01
1.888888888888889284e+01
1.680555555555555713e+01
1.500000000000000000e+01
1.347222222222222321e+01
1.222222222222222321e+01
1.125000000000000000e+01
1.055555555555555713e+01
1.013888888888888928e+01
1.000000000000000000e+01
1.013888888888888928e+01
1.055555555555555358e+01
1.125000000000000000e+01
1.222222222222222143e+01
1.347222222222221966e+01
1.500000000000000000e+01
1.680555555555555358e+01
1.888888888888888573e+01
2.125000000000000000e+01
2.388888888888887863e+01
2.680555555555555003e+01
3.000000000000000000e+01
3.347222222222221433e+01
3.722222222222221433e+01
4.125000000000000000e+01
4.305555555555555713e+01
3.902777777777778567e+01
3.527777777777777146e+01
3.180555555555555358e+01
2.861111111111111072e+01
2.569444444444444287e+01
2.305555555555555358e+01
2.069444444444444287e+01
1.861111111111111072e+01
1.680555555555555358e+01
1.527777777777777679e+01
1.402777777777777679e+01
1.305555555555555358e+01
1.236111111111111072e+01
1.194444444444444287e+01
1.180555555555555358e+01
1.194444444444444287e+01
1.236111111111110716e+01
1.305555555555555358e+01
1.402777777777777501e+01
1.527777777777777324e+01
1.680555555555555358e+01
1.861111111111110716e+01
2.069444444444443931e+01
2.305555555555555358e+01
2.569444444444443221e+01
2.861111111111110361e+01
3.180555555555555358e+01
3.527777777777776436e+01
3.902777777777777146e+01
4.305555555555555713e+01
4.513888888888888573e+01
4.111111111111111427e+01
3.736111111111110006e+01
3.388888888888888573e+01
3.069444444444444287e+01
2.777777777777777857e+01
2.513888888888888573e+01
2.277777777777777857e+01
2.069444444444444287e+01
1.888888888888888573e+01
1.736111111111110716e+01
1.611111111111110716e+01
1.513888888888888573e+01
1.444444444444444109e+01
1.402777777777777501e+01
1.388888888888888573e+01
1.402777777777777501e+01
1.444444444444444109e+01
1.513888888888888573e+01
1.611111111111110716e+01
1.736111111111110716e+01
1.888888888888888573e+01
2.069444444444443931e+01
2.277777777777777146e+01
2.513888888888888573e+01
2.777777777777776436e+01
3.069444444444443576e+01
3.388888888888888573e+01
3.736111111111110006e+01
4.111111111111110006e+01
4.513888888888888573e+01
4.750000000000000000e+01
4.347222222222222854e+01
3.972222222222221433e+01
3.625000000000000000e+01
3.305555555555555713e+01
3.013888888888889284e+01
2.750000000000000000e+01
2.513888888888889284e+01
2.305555555555555713e+01
2.125000000000000000e+01
1.972222222222222143e+01
1.847222222222222143e+01
1.750000000000000000e+01
1.680555555555555713e+01
1.638888888888888928e+01
1.625000000000000000e+01
1.638888888888888928e+01
1.680555555555555713e+01
1.750000000000000000e+01
1.847222222222222143e+01
1.972222222222222143e+01
2.125000000000000000e+01
2.305555555555555358e+01
2.513888888888888573e+01
2.750000000000000000e+01
3.013888888888887863e+01
3.305555555555555003e+01
3.625000000000000000e+01
3.972222222222221433e+01
4.347222222222221433e+01
4.750000000000000000e+01
5.013888888888887863e+01
4.611111111111110716e+01
4.236111111111110006e+01
3.888888888888887863e+01
3.569444444444443576e+01
3.277777777777777146e+01
3.013888888888887863e+01
2.777777777777777146e+01
2.569444444444443576e+01
2.388888888888887863e+01
2.236111111111110006e+01
2.111111111111110006e+01
2.013888888888887863e+01
1.944444444444443576e+01
1.902777777777776791e+01
1.888888888888887863e+01
1.902777777777776791e+01
1.944444444444443576e+01
2.013888888888887863e+01
2.111111111111110006e+01
2.236111111111110006e+01
2.388888888888887863e+01
2.569444444444443221e+01
2.777777777777776436e+01
3.013888888888887863e+01
3.277777777777775725e+01
3.569444444444442865e+01
3.888888888888887863e+01
4.236111111111108585e+01
4.611111111111109295e+01
5.013888888888887863e+01
5.305555555555555003e+01
4.902777777777777857e+01
4.527777777777777146e+01
4.180555555555555003e+01
3.861111111111110716e+01
3.569444444444444287e+01
3.305555555555555003e+01
3.069444444444444287e+01
2.861111111111110716e+01
2.680555555555555003e+01
2.527777777777777146e+01
2.402777777777777146e+01
2.305555555555555003e+01
2.236111111111110716e+01
2.194444444444443931e+01
2.180555555555555003e+01
2.194444444444443931e+01
2.236111111111110361e+01
2.305555555555555003e+01
2.402777777777777146e+01
2.527777777777777146e+01
2.680555555555555003e+01
2.861111111111110361e+01
3.069444444444443576e+01
3.305555555555555003e+01
3.569444444444442865e+01
3.861111111111110006e+01
4.180555555555555003e+01
4.527777777777775725e+01
4.902777777777776436e+01
5.305555555555555003e+01
5.625000000000000000e+01
5.222222222222222854e+01
4.847222222222221433e+01
4.500000000000000000e+01
4.180555555555555713e+01
3.888888888888889284e+01
3.625000000000000000e+01
3.388888888888889284e+01
3.180555555555555713e+01
3.000000000000000000e+01
2.847222222222222143e+01
2.722222222222222143e+01
2.625000000000000000e+01
2.555555555555555713e+01
2.513888888888888928e+01
2.500000000000000000e+01
2.513888888888888928e+01
2.555555555555555358e+01
2.625000000000000000e+01
2.722222222222222143e+01
2.847222222222222143e+01
3.000000000000000000e+01
3.180555555555555358e+01
3.388888888888888573e+01
3.625000000000000000e+01
3.888888888888887863e+01
4.180555555555555003e+01
4.500000000000000000e+01
4.847222222222221433e+01
5.222222222222221433e+01
5.625000000000000000e+01
5.972222222222221433e+01
5.569444444444444287e+01
5.194444444444442865e+01
4.847222222222221433e+01
4.527777777777777146e+01
4.236111111111110006e+01
3.972222222222221433e+01
3.736111111111110006e+01
3.527777777777777146e+01
3.347222222222221433e+01
3.194444444444443576e+01
3.069444444444443221e+01
2.972222222222221077e+01
2.902777777777776791e+01
2.861111111111110006e+01
2.847222222222221077e+01
2.861111111111110006e+01
2.902777777777776436e+01
2.972222222222221077e+01
3.069444444444443221e+01
3.194444444444442865e+01
3.347222222222221433e+01
3.527777777777776436e+01
3.736111111111110006e+01
3.972222222222221433e+01
4.236111111111108585e+01
4.527777777777775725e+01
4.847222222222221433e+01
5.194444444444442155e+01
5.569444444444442865e+01
5.972222222222221433e+01
6.347222222222221433e+01
5.944444444444444287e+01
5.569444444444442865e+01
5.222222222222221433e+01
4.902777777777777146e+01
4.611111111111110716e+01
4.347222222222221433e+01
4.111111111111110716e+01
3.902777777777777146e+01
3.722222222222221433e+01
3.569444444444443576e+01
3.444444444444443576e+01
3.347222222222221433e+01
3.277777777777777146e+01
3.236111111111110006e+01
3.222222222222221433e+01
3.236111111111110006e+01
3.277777777777777146e+01
3.347222222222221433e+01
3.444444444444443576e+01
3.569444444444443576e+01
3.722222222222221433e+01
3.902777777777777146e+01
4.111111111111110006e+01
4.347222222222221433e+01
4.611111111111109295e+01
4.902777777777776436e+01
5.222222222222221433e+01
5.569444444444442865e+01
5.944444444444442865e+01
6.347222222222221433e+01
6.750000000000000000e+01
6.347222222222222854e+01
5.972222222222221433e+01
5.625000000000000000e+01
5.305555555555555713e+01
5.013888888888889284e+01
4.750000000000000000e+01
4.513888888888889284e+01
4.305555555555555713e+01
4.125000000000000000e+01
3.972222222222222143e+01
3.847222222222222143e+01
3.750000000000000000e+01
3.680555555555555713e+01
3.638888888888888573e+01
3.625000000000000000e+01
3.638888888888888573e+01
3.680555555555555713e+01
3.750000000000000000e+01
3.847222222222222143e+01
3.972222222222222143e+01
4.125000000000000000e+01
4.305555555555555713e+01
4.513888888888888573e+01
4.750000000000000000e+01
5.013888888888887863e+01
5.305555555555555003e+01
5.625000000000000000e+01
5.972222222222221433e+01
6.347222222222221433e+01
6.750000000000000000e+01
6.597222222222222854e+01
6.194444444444444997e+01
5.819444444444443576e+01
5.472222222222222143e+01
5.152777777777777857e+01
4.861111111111111427e+01
4.597222222222222143e+01
4.361111111111111427e+01
4.152777777777777857e+01
3.972222222222222143e+01
3.819444444444444287e+01
3.694444444444444287e+01
3.597222222222222143e+01
3.527777777777777857e+01
3.486111111111111427e+01
3.472222222222222143e+01
3.486111111111111427e+01
3.527777777777777857e+01
3.597222222222222143e+01
3.694444444444444287e+01
3.819444444444444287e+01
3.972222222222222143e+01
4.152777777777777857e+01
4.361111111111110716e+01
4.597222222222222143e+01
4.861111111111110006e+01
5.152777777777777146e+01
5.472222222222222143e+01
5.819444444444443576e+01
6.194444444444443576e+01
6.597222222222222854e+01
6.194444444444444997e+01
5.791666666666667851e+01
5.416666666666666430e+01
5.069444444444444997e+01
4.750000000000000711e+01
4.458333333333334281e+01
4.194444444444444997e+01
3.958333333333334281e+01
3.750000000000000711e+01
3.569444444444444997e+01
3.416666666666667140e+01
3.291666666666667140e+01
3.194444444444444997e+01
3.125000000000000711e+01
3.083333333333334281e+01
3.069444444444444997e+01
3.083333333333334281e+01
3.125000000000000711e+01
3.194444444444444997e+01
3.291666666666667140e+01
3.416666666666667140e+01
3.569444444444444997e+01
3.750000000000000711e+01
3.958333333333333570e+01
4.194444444444444997e+01
4.458333333333332860e+01
4.750000000000000000e+01
5.069444444444444997e+01
5.416666666666666430e+01
5.791666666666666430e+01
6.194444444444444997e+01
5.819444444444443576e+01
5.416666666666666430e+01
5.041666666666665719e+01
4.694444444444443576e+01
4.374999999999999289e+01
4.083333333333332860e+01
3.819444444444443576e+01
3.583333333333332860e+01
3.375000000000000000e+01
3.194444444444444287e+01
3.041666666666666430e+01
2.916666666666666430e+01
2.819444444444444287e+01
2.750000000000000000e+01
2.708333333333332860e+01
2.694444444444444287e+01
2.708333333333332860e+01
2.749999999999999289e+01
2.819444444444444287e+01
2.916666666666666430e+01
3.041666666666665719e+01
3.194444444444444287e+01
3.374999999999999289e+01
3.583333333333332149e+01
3.819444444444443576e+01
4.083333333333332149e+01
4.374999999999999289e+01
4.694444444444443576e+01
5.041666666666665009e+01
5.416666666666665009e+01
5.819444444444443576e+01
5.472222222222222143e+01
5.069444444444444997e+01
4.694444444444443576e+01
4.347222222222222143e+01
4.027777777777777857e+01
3.736111111111111427e+01
3.472222222222222143e+01
3.236111111111111427e+01
3.027777777777777857e+01
2.847222222222222143e+01
2.694444444444444287e+01
2.569444444444444287e+01
2.472222222222222143e+01
2.402777777777777857e+01
2.361111111111111427e+01
2.347222222222222143e+01
2.361111111111111427e+01
2.402777777777777857e+01
2.472222222222222143e+01
2.569444444444444287e+01
2.694444444444444287e+01
2.847222222222222143e+01
3.027777777777777857e+01
3.236111111111110716e+01
3.472222222222222143e+01
3.736111111111110006e+01
4.027777777777777146e+01
4.347222222222222143e+01
4.694444444444443576e+01
5.069444444444443576e+01
5.472222222222222143e+01
5.152777777777777857e+01
4.750000000000000711e+01
4.374999999999999289e+01
4.027777777777777857e+01
3.708333333333333570e+01
3.416666666666667140e+01
3.152777777777777857e+01
2.916666666666667140e+01
2.708333333333333570e+01
2.527777777777777857e+01
2.375000000000000000e+01
2.250000000000000000e+01
2.152777777777777857e+01
2.083333333333333570e+01
2.041666666666667140e+01
2.027777777777777857e+01
2.041666666666667140e+01
2.083333333333333570e+01
2.152777777777777857e+01
2.250000000000000000e+01
2.375000000000000000e+01
2.527777777777777857e+01
2.708333333333333570e+01
2.916666666666666430e+01
3.152777777777777857e+01
3.416666666666665719e+01
3.708333333333332860e+01
4.027777777777777857e+01
4.374999999999999289e+01
4.749999999999999289e+01
5.152777777777777857e+01
4.861111111111111427e+01
4.458333333333334281e+01
4.083333333333332860e+01
3.736111111111111427e+01
3.416666666666667140e+01
3.125000000000000711e+01
2.861111111111111427e+01
2.625000000000000711e+01
2.416666666666667140e+01
2.236111111111111427e+01
2.083333333333333570e+01
1.958333333333333570e+01
1.861111111111111427e+01
1.791666666666667140e+01
1.750000000000000355e+01
1.736111111111111427e+01
1.750000000000000355e+01
1.791666666666667140e+01
1.861111111111111427e+01
1.958333333333333570e+01
2.083333333333333570e+01
2.236111111111111427e+01
2.416666666666666430e+01
2.625000000000000000e+01
2.861111111111111427e+01
3.124999999999999289e+01
3.416666666666666430e+01
3.736111111111111427e+01
4.083333333333332149e+01
4.458333333333332860e+01
4.861111111111111427e+01
4.597222222222222143e+01
4.194444444444444997e+01
3.819444444444443576e+01
3.472222222222222143e+01
3.152777777777777857e+01
2.861111111111111427e+01
2.597222222222222143e+01
2.361111111111111427e+01
2.152777777777777857e+01
1.972222222222222143e+01
1.819444444444444642e+01
1.694444444444444642e+01
1.597222222222222321e+01
1.527777777777777857e+01
1.486111111111111249e+01
1.472222222222222321e+01
1.486111111111111249e+01
1.527777777777777857e+01
1.597222222222222321e+01
1.694444444444444287e+01
1.819444444444444287e+01
1.972222222222222143e+01
2.152777777777777857e+01
2.361111111111110716e+01
2.597222222222222143e+01
2.861111111111110006e+01
3.152777777777777146e+01
3.472222222222222143e+01
3.819444444444443576e+01
4.194444444444443576e+01
4.597222222222222143e+01
4.361111111111111427e+01
3.958333333333334281e+01
3.583333333333332860e+01
3.236111111111111427e+01
2.916666666666667140e+01
2.625000000000000711e+01
2.361111111111111427e+01
2.125000000000000711e+01
1.916666666666667140e+01
1.736111111111111427e+01
1.583333333333333748e+01
1.458333333333333748e+01
1.361111111111111427e+01
1.291666666666666963e+01
1.250000000000000355e+01
1.236111111111111427e+01
1.250000000000000355e+01
1.291666666666666963e+01
1.361111111111111427e+01
1.458333333333333570e+01
1.583333333333333393e+01
1.736111111111111427e+01
1.916666666666666785e+01
2.125000000000000000e+01
2.361111111111111427e+01
2.624999999999999289e+01
2.916666666666666430e+01
3.236111111111111427e+01
3.583333333333332149e+01
3.958333333333332860e+01
4.361111111111111427e+01
4.152777777777777857e+01
3.750000000000000711e+01
3.375000000000000000e+01
3.027777777777777857e+01
2.708333333333333570e+01
2.416666666666667140e+01
2.152777777777777857e+01
1.916666666666667140e+01
1.708333333333333570e+01
1.527777777777778034e+01
1.375000000000000355e+01
1.250000000000000355e+01
1.152777777777778034e+01
1.083333333333333570e+01
1.041666666666666963e+01
1.027777777777778034e+01
1.041666666666666785e+01
1.083333333333333570e+01
1.152777777777778034e+01
1.250000000000000178e+01
1.375000000000000000e+01
1.527777777777778034e+01
1.708333333333333570e+01
1.916666666666666430e+01
2.152777777777777857e+01
2.416666666666665719e+01
2.708333333333332860e+01
3.027777777777777857e+01
3.374999999999999289e+01
3.749999999999999289e+01
4.152777777777777857e+01
3.972222222222222143e+01
3.569444444444444997e+01
3.194444444444444287e+01
2.847222222222222143e+01
2.527777777777777857e+01
2.236111111111111427e+01
1.972222222222222143e+01
1.736111111111111427e+01
1.527777777777778034e+01
1.347222222222222321e+01
1.194444444444444642e+01
1.069444444444444642e+01
9.722222222222223209e+00
9.027777777777778567e+00
8.611111111111112493e+00
8.472222222222223209e+00
8.611111111111110716e+00
9.027777777777778567e+00
9.722222222222223209e+00
1.069444444444444464e+01
1.194444444444444287e+01
1.347222222222222321e+01
1.527777777777777679e+01
1.736111111111110716e+01
1.972222222222222143e+01
2.236111111111110006e+01
2.527777777777777146e+01
2.847222222222222143e+01
3.194444444444443576e+01
3.569444444444443576e+01
3.972222222222222143e+01
3.819444444444444287e+01
3.416666666666667140e+01
3.041666666666666430e+01
2.694444444444444287e+01
2.375000000000000000e+01
2.083333333333333570e+01
1.819444444444444642e+01
1.583333333333333748e+01
1.375000000000000355e+01
1.194444444444444642e+01
1.041666666666666963e+01
9.166666666666669627e+00
8.194444444444446418e+00
7.500000000000002665e+00
7.083333333333335702e+00
6.944444444444446418e+00
7.083333333333335702e+00
7.500000000000000888e+00
8.194444444444446418e+00
9.166666666666667851e+00
1.041666666666666607e+01
1.194444444444444642e+01
1.375000000000000000e+01
1.583333333333333215e+01
1.819444444444444642e+01
2.083333333333332149e+01
2.374999999999999289e+01
2.694444444444444287e+01
3.041666666666665719e+01
3.416666666666665719e+01
3.819444444444444287e+01
3.694444444444444287e+01
3.291666666666667140e+01
2.916666666666666430e+01
2.569444444444444287e+01
2.250000000000000000e+01
1.958333333333333570e+01
1.694444444444444642e+01
1.458333333333333748e+01
1.250000000000000355e+01
1.069444444444444642e+01
9.166666666666669627e+00
7.916666666666668739e+00
6.944444444444446418e+00
6.250000000000001776e+00
5.833333333333335702e+00
5.694444444444446418e+00
5.833333333333334814e+00
6.250000000000000000e+00
6.944444444444446418e+00
7.916666666666667851e+00
9.166666666666666075e+00
1.069444444444444642e+01
1.250000000000000000e+01
1.458333333333333215e+01
1.694444444444444642e+01
1.958333333333332149e+01
2.249999999999999289e+01
2.569444444444444287e+01
2.916666666666665719e+01
3.291666666666665719e+01
3.694444444444444287e+01
3.597222222222222143e+01
3.194444444444444997e+01
2.819444444444444287e+01
2.472222222222222143e+01
2.152777777777777857e+01
1.861111111111111427e+01
1.597222222222222321e+01
1.361111111111111427e+01
1.152777777777778034e+01
9.722222222222223209e+00
8.194444444444446418e+00
6.944444444444446418e+00
5.972222222222223209e+00
5.277777777777779455e+00
4.861111111111112493e+00
4.722222222222223209e+00
4.861111111111111605e+00
5.277777777777777679e+00
5.972222222222223209e+00
6.944444444444444642e+00
8.194444444444442865e+00
9.722222222222223209e+00
1.152777777777777679e+01
1.361111111111110894e+01
1.597222222222222321e+01
1.861111111111110006e+01
2.152777777777777146e+01
2.472222222222222143e+01
2.819444444444443576e+01
3.194444444444443576e+01
3.597222222222222143e+01
3.527777777777777857e+01
3.125000000000000711e+01
2.750000000000000000e+01
2.402777777777777857e+01
2.083333333333333570e+01
1.791666666666667140e+01
1.527777777777777857e+01
1.291666666666666963e+01
1.083333333333333570e+01
9.027777777777778567e+00
7.500000000000002665e+00
6.250000000000001776e+00
5.277777777777779455e+00
4.583333333333335702e+00
4.166666666666668739e+00
4.027777777777779455e+00
4.166666666666667851e+00
4.583333333333333925e+00
5.277777777777779455e+00
6.250000000000000888e+00
7.499999999999999112e+00
9.027777777777778567e+00
1.083333333333333215e+01
1.291666666666666430e+01
1.527777777777777857e+01
1.791666666666665719e+01
2.083333333333332860e+01
2.402777777777777857e+01
2.749999999999999289e+01
3.124999999999999289e+01
3.527777777777777857e+01
3.486111111111111427e+01
3.083333333333334281e+01
2.708333333333332860e+01
2.361111111111111427e+01
2.041666666666667140e+01
1.750000000000000355e+01
1.486111111111111249e+01
1.250000000000000355e+01
1.041666666666666963e+01
8.611111111111112493e+00
7.083333333333335702e+00
5.833333333333335702e+00
4.861111111111112493e+00
4.166666666666668739e+00
3.750000000000001776e+00
3.611111111111112493e+00
3.750000000000001332e+00
4.166666666666666963e+00
4.861111111111112493e+00
5.833333333333333925e+00
7.083333333333332149e+00
8.611111111111112493e+00
1.041666666666666607e+01
1.249999999999999822e+01
1.486111111111111249e+01
1.749999999999999289e+01
2.041666666666666430e+01
2.361111111111111427e+01
2.708333333333332149e+01
3.083333333333332860e+01
3.486111111111111427e+01
3.472222222222222143e+01
3.069444444444444997e+01
2.694444444444444287e+01
2.347222222222222143e+01
2.027777777777777857e+01
1.736111111111111427e+01
1.472222222222222321e+01
1.236111111111111427e+01
1.027777777777778034e+01
8.472222222222223209e+00
6.944444444444446418e+00
5.694444444444446418e+00
4.722222222222223209e+00
4.027777777777779455e+00
3.611111111111112493e+00
3.472222222222223209e+00
3.611111111111112049e+00
4.027777777777777679e+00
4.722222222222223209e+00
5.694444444444444642e+00
6.944444444444442865e+00
8.472222222222223209e+00
1.027777777777777679e+01
1.236111111111110894e+01
1.472222222222222321e+01
1.736111111111110006e+01
2.027777777777777146e+01
2.347222222222222143e+01
2.694444444444443576e+01
3.069444444444443576e+01
3.472222222222222143e+01
3.486111111111111427e+01
3.083333333333334281e+01
2.708333333333332860e+01
2.361111111111111427e+01
2.041666666666667140e+01
1.750000000000000355e+01
1.486111111111111249e+01
1.250000000000000355e+01
1.041666666666666785e+01
8.611111111111110716e+00
7.083333333333335702e+00
5.833333333333334814e+00
4.861111111111111605e+00
4.166666666666667851e+00
3.750000000000001332e+00
3.611111111111112049e+00
3.750000000000000444e+00
4.166666666666666075e+00
4.861111111111111605e+00
5.833333333333333925e+00
7.083333333333332149e+00
8.611111111111110716e+00
1.041666666666666430e+01
1.249999999999999822e+01
1.486111111111111249e+01
1.749999999999999289e+01
2.041666666666666430e+01
2.361111111111111427e+01
2.708333333333332149e+01
3.083333333333332860e+01
3.486111111111111427e+01
3.527777777777777857e+01
3.125000000000000711e+01
2.749999999999999289e+01
2.402777777777777857e+01
2.083333333333333570e+01
1.791666666666667140e+01
1.527777777777777857e+01
1.291666666666666963e+01
1.083333333333333570e+01
9.027777777777778567e+00
7.500000000000000888e+00
6.250000000000000000e+00
5.277777777777777679e+00
4.583333333333333925e+00
4.166666666666666963e+00
4.027777777777777679e+00
4.166666666666666075e+00
4.583333333333332149e+00
5.277777777777777679e+00
6.249999999999999112e+00
7.499999999999997335e+00
9.027777777777778567e+00
1.083333333333333215e+01
1.291666666666666430e+01
1.527777777777777857e+01
1.791666666666665719e+01
2.083333333333332860e+01
2.402777777777777857e+01
2.749999999999998579e+01
3.124999999999999289e+01
3.527777777777777857e+01
3.597222222222222143e+01
3.194444444444444997e+01
2.819444444444444287e+01
2.472222222222222143e+01
2.152777777777777857e+01
1.861111111111111427e+01
1.597222222222222321e+01
1.361111111111111427e+01
1.152777777777778034e+01
9.722222222222223209e+00
8.194444444444446418e+00
6.944444444444446418e+00
5.972222222222223209e+00
5.277777777777779455e+00
4.861111111111112493e+00
4.722222222222223209e+00
4.861111111111111605e+00
5.277777777777777679e+00
5.972222222222223209e+00
6.944444444444444642e+00
8.194444444444442865e+00
9.722222222222223209e+00
1.152777777777777679e+01
1.361111111111110894e+01
1.597222222222222321e+01
1.861111111111110006e+01
2.152777777777777146e+01
2.472222222222222143e+01
2.819444444444443576e+01
3.194444444444443576e+01
3.597222222222222143e+01
3.694444444444444287e+01
3.291666666666667140e+01
2.916666666666666430e+01
2.569444444444444287e+01
2.250000000000000000e+01
1.958333333333333570e+01
1.694444444444444287e+01
1.458333333333333570e+01
1.250000000000000178e+01
1.069444444444444464e+01
9.166666666666667851e+00
7.916666666666667851e+00
6.944444444444444642e+00
6.250000000000000888e+00
5.833333333333333925e+00
5.694444444444444642e+00
5.833333333333333925e+00
6.249999999999999112e+00
6.944444444444444642e+00
7.916666666666666075e+00
9.166666666666664298e+00
1.069444444444444464e+01
1.249999999999999822e+01
1.458333333333333037e+01
1.694444444444444287e+01
1.958333333333332149e+01
2.249999999999999289e+01
2.569444444444444287e+01
2.916666666666665719e+01
3.291666666666665719e+01
3.694444444444444287e+01
3.819444444444444287e+01
3.416666666666667140e+01
3.041666666666665719e+01
2.694444444444444287e+01
2.375000000000000000e+01
2.083333333333333570e+01
1.819444444444444287e+01
1.583333333333333393e+01
1.375000000000000000e+01
1.194444444444444287e+01
1.041666666666666607e+01
9.166666666666666075e+00
8.194444444444442865e+00
7.499999999999999112e+00
7.083333333333332149e+00
6.944444444444442865e+00
7.083333333333332149e+00
7.499999999999997335e+00
8.194444444444442865e+00
9.166666666666664298e+00
1.041666666666666252e+01
1.194444444444444287e+01
1.374999999999999645e+01
1.583333333333332860e+01
1.819444444444444287e+01
2.083333333333332149e+01
2.374999999999999289e+01
2.694444444444444287e+01
3.041666666666665009e+01
3.416666666666665719e+01
3.819444444444444287e+01
3.972222222222222143e+01
3.569444444444444997e+01
3.194444444444444287e+01
2.847222222222222143e+01
2.527777777777777857e+01
2.236111111111111427e+01
1.972222222222222143e+01
1.736111111111111427e+01
1.527777777777778034e+01
1.347222222222222321e+01
1.194444444444444642e+01
1.069444444444444642e+01
9.722222222222223209e+00
9.027777777777778567e+00
8.611111111111112493e+00
8.472222222222223209e+00
8.611111111111110716e+00
9.027777777777778567e+00
9.722222222222223209e+00
1.069444444444444464e+01
1.194444444444444287e+01
1.347222222222222321e+01
1.527777777777777679e+01
1.736111111111110716e+01
1.972222222222222143e+01
2.236111111111110006e+01
2.527777777777777146e+01
2.847222222222222143e+01
3.194444444444443576e+01
3.569444444444443576e+01
3.972222222222222143e+01
4.152777777777777857e+01
3.750000000000000711e+01
3.374999999999999289e+01
3.027777777777777857e+01
2.708333333333333570e+01
2.416666666666666430e+01
2.152777777777777857e+01
1.916666666666666785e+01
1.708333333333333570e+01
1.527777777777777679e+01
1.375000000000000000e+01
1.250000000000000000e+01
1.152777777777777679e+01
1.083333333333333215e+01
1.041666666666666607e+01
1.027777777777777679e+01
1.041666666666666430e+01
1.083333333333333215e+01
1.152777777777777679e+01
1.249999999999999822e+01
1.374999999999999645e+01
1.527777777777777679e+01
1.708333333333332860e+01
1.916666666666666430e+01
2.152777777777777857e+01
2.416666666666665719e+01
2.708333333333332860e+01
3.027777777777777857e+01
3.374999999999998579e+01
3.749999999999999289e+01
4.152777777777777857e+01
4.361111111111110716e+01
3.958333333333333570e+01
3.583333333333332149e+01
3.236111111111110716e+01
2.916666666666666430e+01
2.625000000000000000e+01
2.361111111111110716e+01
2.125000000000000000e+01
1.916666666666666430e+01
1.736111111111110716e+01
1.583333333333333215e+01
1.458333333333333215e+01
1.361111111111110894e+01
1.291666666666666430e+01
1.249999999999999822e+01
1.236111111111110894e+01
1.249999999999999822e+01
1.291666666666666430e+01
1.361111111111110894e+01
1.458333333333333037e+01
1.583333333333332860e+01
1.736111111111110716e+01
1.916666666666666430e+01
2.124999999999999289e+01
2.361111111111110716e+01
2.624999999999998579e+01
2.916666666666665719e+01
3.236111111111110716e+01
3.583333333333332149e+01
3.958333333333332149e+01
4.361111111111110716e+01
4.597222222222222143e+01
4.194444444444444997e+01
3.819444444444443576e+01
3.472222222222222143e+01
3.152777777777777857e+01
2.861111111111111427e+01
2.597222222222222143e+01
2.361111111111111427e+01
2.152777777777777857e+01
1.972222222222222143e+01
1.819444444444444642e+01
1.694444444444444642e+01
1.597222222222222321e+01
1.527777777777777857e+01
1.486111111111111249e+01
1.472222222222222321e+01
1.486111111111111249e+01
1.527777777777777857e+01
1.597222222222222321e+01
1.694444444444444287e+01
1.819444444444444287e+01
1.972222222222222143e+01
2.152777777777777857e+01
2.361111111111110716e+01
2.597222222222222143e+01
2.861111111111110006e+01
3.152777777777777146e+01
3.472222222222222143e+01
3.819444444444443576e+01
4.194444444444443576e+01
4.597222222222222143e+01
4.861111111111110006e+01
4.458333333333332860e+01
4.083333333333332149e+01
3.736111111111110006e+01
3.416666666666665719e+01
3.124999999999999289e+01
2.861111111111110006e+01
2.624999999999999289e+01
2.416666666666665719e+01
2.236111111111110006e+01
2.083333333333332149e+01
1.958333333333332149e+01
1.861111111111110006e+01
1.791666666666665719e+01
1.749999999999999289e+01
1.736111111111110006e+01
1.749999999999999289e+01
1.791666666666665719e+01
1.861111111111110006e+01
1.958333333333332149e+01
2.083333333333332149e+01
2.236111111111110006e+01
2.416666666666665719e+01
2.624999999999998579e+01
2.861111111111110006e+01
3.124999999999997868e+01
3.416666666666665009e+01
3.736111111111110006e+01
4.083333333333330728e+01
4.458333333333331439e+01
4.861111111111110006e+01
5.152777777777777146e+01
4.750000000000000000e+01
4.374999999999999289e+01
4.027777777777777146e+01
3.708333333333332860e+01
3.416666666666666430e+01
3.152777777777777146e+01
2.916666666666666430e+01
2.708333333333332860e+01
2.527777777777777146e+01
2.374999999999999289e+01
2.249999999999999289e+01
2.152777777777777146e+01
2.083333333333332860e+01
2.041666666666666430e+01
2.027777777777777146e+01
2.041666666666666430e+01
2.083333333333332860e+01
2.152777777777777146e+01
2.249999999999999289e+01
2.374999999999999289e+01
2.527777777777777146e+01
2.708333333333332860e+01
2.916666666666665719e+01
3.152777777777777146e+01
3.416666666666665009e+01
3.708333333333332149e+01
4.027777777777777146e+01
4.374999999999997868e+01
4.749999999999998579e+01
5.152777777777777146e+01
5.472222222222222143e+01
5.069444444444444997e+01
4.694444444444443576e+01
4.347222222222222143e+01
4.027777777777777857e+01
3.736111111111111427e+01
3.472222222222222143e+01
3.236111111111111427e+01
3.027777777777777857e+01
2.847222222222222143e+01
2.694444444444444287e+01
2.569444444444444287e+01
2.472222222222222143e+01
2.402777777777777857e+01
2.361111111111111427e+01
2.347222222222222143e+01
2.361111111111111427e+01
2.402777777777777857e+01
2.472222222222222143e+01
2.569444444444444287e+01
2.694444444444444287e+01
2.847222222222222143e+01
3.027777777777777857e+01
3.236111111111110716e+01
3.472222222222222143e+01
3.736111111111110006e+01
4.027777777777777146e+01
4.347222222222222143e+01
4.694444444444443576e+01
5.069444444444443576e+01
5.472222222222222143e+01
5.819444444444443576e+01
5.416666666666666430e+01
5.041666666666665009e+01
4.694444444444443576e+01
4.374999999999999289e+01
4.083333333333332149e+01
3.819444444444443576e+01
3.583333333333332149e+01
3.374999999999999289e+01
3.194444444444443576e+01
3.041666666666665719e+01
2.916666666666665719e+01
2.819444444444443576e+01
2.749999999999999289e+01
2.708333333333332149e+01
2.694444444444443576e+01
2.708333333333332149e+01
2.749999999999998579e+01
2.819444444444443576e+01
2.916666666666665719e+01
3.041666666666665009e+01
3.194444444444443576e+01
3.374999999999998579e+01
3.583333333333332149e+01
3.819444444444443576e+01
4.083333333333330728e+01
4.374999999999997868e+01
4.694444444444443576e+01
5.041666666666664298e+01
5.416666666666665009e+01
5.819444444444443576e+01
6.194444444444443576e+01
5.791666666666666430e+01
5.416666666666665009e+01
5.069444444444443576e+01
4.749999999999999289e+01
4.458333333333332860e+01
4.194444444444443576e+01
3.958333333333332860e+01
3.749999999999999289e+01
3.569444444444443576e+01
3.416666666666665719e+01
3.291666666666665719e+01
3.194444444444443576e+01
3.124999999999999289e+01
3.083333333333332860e+01
3.069444444444443576e+01
3.083333333333332860e+01
3.124999999999999289e+01
3.194444444444443576e+01
3.291666666666665719e+01
3.416666666666665719e+01
3.569444444444443576e+01
3.749999999999999289e+01
3.958333333333332149e+01
4.194444444444443576e+01
4.458333333333331439e+01
4.749999999999998579e+01
5.069444444444443576e+01
5.416666666666665009e+01
5.791666666666665009e+01
6.194444444444443576e+01
6.597222222222222854e+01
6.194444444444444997e+01
5.819444444444443576e+01
5.472222222222222143e+01
5.152777777777777857e+01
4.861111111111111427e+01
4.597222222222222143e+01
4.361111111111111427e+01
4.152777777777777857e+01
3.972222222222222143e+01
3.819444444444444287e+01
3.694444444444444287e+01
3.597222222222222143e+01
3.527777777777777857e+01
3.486111111111111427e+01
3.472222222222222143e+01
3.486111111111111427e+01
3.527777777777777857e+01
3.597222222222222143e+01
3.694444444444444287e+01
3.819444444444444287e+01
3.972222222222222143e+01
4.152777777777777857e+01
4.361111111111110716e+01
4.597222222222222143e+01
4.861111111111110006e+01
5.152777777777777146e+01
5.472222222222222143e+01
5.819444444444443576e+01
6.194444444444443576e+01
6.597222222222222854e+01
6.472222222222222854e+01
6.069444444444444997e+01
5.694444444444443576e+01
5.347222222222222143e+01
5.027777777777777857e+01
4.736111111111111427e+01
4.472222222222222143e+01
4.236111111111111427e+01
4.027777777777777857e+01
3.847222222222222143e+01
3.694444444444444287e+01
3.569444444444444287e+01
3.472222222222222143e+01
3.402777777777777857e+01
3.361111111111111427e+01
3.347222222222222143e+01
3.361111111111111427e+01
3.402777777777777857e+01
3.472222222222222143e+01
3.569444444444444287e+01
3.694444444444444287e+01
3.847222222222222143e+01
4.027777777777777857e+01
4.236111111111110716e+01
4.472222222222222143e+01
4.736111111111110006e+01
5.027777777777777146e+01
5.347222222222222143e+01
5.694444444444443576e+01
6.069444444444443576e+01
6.472222222222222854e+01
6.069444444444444997e+01
5.666666666666667851e+01
5.291666666666666430e+01
4.944444444444444997e+01
4.625000000000000711e+01
4.333333333333334281e+01
4.069444444444444997e+01
3.833333333333334281e+01
3.625000000000000711e+01
3.444444444444444997e+01
3.291666666666667140e+01
3.166666666666667140e+01
3.069444444444444997e+01
3.000000000000000711e+01
2.958333333333333925e+01
2.944444444444444997e+01
2.958333333333333925e+01
3.000000000000000355e+01
3.069444444444444997e+01
3.166666666666667140e+01
3.291666666666667140e+01
3.444444444444444997e+01
3.625000000000000711e+01
3.833333333333333570e+01
4.069444444444444997e+01
4.333333333333332860e+01
4.625000000000000000e+01
4.944444444444444997e+01
5.291666666666666430e+01
5.666666666666666430e+01
6.069444444444444997e+01
5.694444444444443576e+01
5.291666666666666430e+01
4.916666666666665719e+01
4.569444444444443576e+01
4.249999999999999289e+01
3.958333333333332860e+01
3.694444444444443576e+01
3.458333333333332860e+01
3.250000000000000000e+01
3.069444444444443931e+01
2.916666666666666430e+01
2.791666666666666075e+01
2.694444444444443931e+01
2.624999999999999645e+01
2.583333333333332860e+01
2.569444444444443931e+01
2.583333333333332860e+01
2.624999999999999289e+01
2.694444444444443931e+01
2.791666666666666075e+01
2.916666666666665719e+01
3.069444444444443931e+01
3.249999999999999289e+01
3.458333333333332149e+01
3.694444444444443576e+01
3.958333333333332149e+01
4.249999999999999289e+01
4.569444444444443576e+01
4.916666666666665009e+01
5.291666666666665009e+01
5.694444444444443576e+01
5.347222222222222143e+01
4.944444444444444997e+01
4.569444444444443576e+01
4.222222222222222143e+01
3.902777777777777857e+01
3.611111111111111427e+01
3.347222222222222143e+01
3.111111111111111427e+01
2.902777777777777857e+01
2.722222222222222143e+01
2.569444444444444287e+01
2.444444444444444287e+01
2.347222222222222143e+01
2.277777777777777857e+01
2.236111111111111072e+01
2.222222222222222143e+01
2.236111111111111072e+01
2.277777777777777501e+01
2.347222222222222143e+01
2.444444444444444287e+01
2.569444444444444287e+01
2.722222222222222143e+01
2.902777777777777501e+01
3.111111111111110716e+01
3.347222222222222143e+01
3.611111111111110006e+01
3.902777777777777146e+01
4.222222222222222143e+01
4.569444444444443576e+01
4.944444444444443576e+01
5.347222222222222143e+01
5.027777777777777857e+01
4.625000000000000711e+01
4.249999999999999289e+01
3.902777777777777857e+01
3.583333333333333570e+01
3.291666666666667140e+01
3.027777777777777857e+01
2.791666666666667140e+01
2.583333333333333570e+01
2.402777777777777857e+01
2.250000000000000000e+01
2.125000000000000000e+01
2.027777777777777857e+01
1.958333333333333570e+01
1.916666666666666785e+01
1.902777777777777857e+01
1.916666666666666785e+01
1.958333333333333215e+01
2.027777777777777857e+01
2.125000000000000000e+01
2.250000000000000000e+01
2.402777777777777857e+01
2.583333333333333215e+01
2.791666666666666430e+01
3.027777777777777857e+01
3.291666666666665719e+01
3.583333333333332860e+01
3.902777777777777857e+01
4.249999999999999289e+01
4.624999999999999289e+01
5.027777777777777857e+01
4.736111111111111427e+01
4.333333333333334281e+01
3.958333333333332860e+01
3.611111111111111427e+01
3.291666666666667140e+01
3.000000000000000355e+01
2.736111111111111427e+01
2.500000000000000355e+01
2.291666666666667140e+01
2.111111111111111427e+01
1.958333333333333570e+01
1.833333333333333570e+01
1.736111111111111427e+01
1.666666666666666785e+01
1.625000000000000355e+01
1.611111111111111427e+01
1.625000000000000355e+01
1.666666666666666785e+01
1.736111111111111427e+01
1.833333333333333570e+01
1.958333333333333215e+01
2.111111111111111427e+01
2.291666666666666430e+01
2.500000000000000000e+01
2.736111111111111427e+01
2.999999999999999289e+01
3.291666666666666430e+01
3.611111111111111427e+01
3.958333333333332149e+01
4.333333333333332860e+01
4.736111111111111427e+01
4.472222222222222143e+01
4.069444444444444997e+01
3.694444444444443576e+01
3.347222222222222143e+01
3.027777777777777857e+01
2.736111111111111427e+01
2.472222222222222143e+01
2.236111111111111427e+01
2.027777777777777857e+01
1.847222222222222143e+01
1.694444444444444642e+01
1.569444444444444642e+01
1.472222222222222321e+01
1.402777777777777857e+01
1.361111111111111249e+01
1.347222222222222321e+01
1.361111111111111249e+01
1.402777777777777857e+01
1.472222222222222321e+01
1.569444444444444464e+01
1.694444444444444287e+01
1.847222222222222143e+01
2.027777777777777501e+01
2.236111111111110716e+01
2.472222222222222143e+01
2.736111111111110006e+01
3.027777777777777146e+01
3.347222222222222143e+01
3.694444444444443576e+01
4.069444444444443576e+01
4.472222222222222143e+01
4.236111111111111427e+01
3.833333333333334281e+01
3.458333333333332860e+01
3.111111111111111427e+01
2.791666666666667140e+01
2.500000000000000355e+01
2.236111111111111427e+01
2.000000000000000355e+01
1.791666666666667140e+01
1.611111111111111427e+01
1.458333333333333748e+01
1.333333333333333748e+01
1.236111111111111427e+01
1.166666666666666963e+01
1.125000000000000355e+01
1.111111111111111427e+01
1.125000000000000355e+01
1.166666666666666963e+01
1.236111111111111427e+01
1.333333333333333570e+01
1.458333333333333393e+01
1.611111111111111427e+01
1.791666666666666785e+01
2.000000000000000000e+01
2.236111111111111427e+01
2.499999999999999289e+01
2.791666666666666430e+01
3.111111111111111427e+01
3.458333333333332149e+01
3.833333333333332860e+01
4.236111111111111427e+01
4.027777777777777857e+01
3.625000000000000711e+01
3.250000000000000000e+01
2.902777777777777857e+01
2.583333333333333570e+01
2.291666666666667140e+01
2.027777777777777857e+01
1.791666666666667140e+01
1.583333333333333748e+01
1.402777777777778034e+01
1.250000000000000355e+01
1.125000000000000355e+01
1.027777777777778034e+01
9.583333333333335702e+00
9.166666666666669627e+00
9.027777777777780344e+00
9.166666666666667851e+00
9.583333333333333925e+00
1.027777777777778034e+01
1.125000000000000178e+01
1.250000000000000000e+01
1.402777777777778034e+01
1.583333333333333393e+01
1.791666666666666430e+01
2.027777777777777857e+01
2.291666666666665719e+01
2.583333333333332860e+01
2.902777777777777857e+01
3.249999999999999289e+01
3.624999999999999289e+01
4.027777777777777857e+01
3.847222222222222143e+01
3.444444444444444997e+01
3.069444444444443931e+01
2.722222222222222143e+01
2.402777777777777857e+01
2.111111111111111427e+01
1.847222222222222143e+01
1.611111111111111427e+01
1.402777777777778034e+01
1.222222222222222321e+01
1.069444444444444642e+01
9.444444444444446418e+00
8.472222222222223209e+00
7.777777777777778567e+00
7.361111111111112493e+00
7.222222222222223209e+00
7.361111111111110716e+00
7.777777777777776791e+00
8.472222222222223209e+00
9.444444444444444642e+00
1.069444444444444287e+01
1.222222222222222321e+01
1.402777777777777679e+01
1.611111111111110716e+01
1.847222222222222143e+01
2.111111111111110006e+01
2.402777777777777146e+01
2.722222222222222143e+01
3.069444444444443221e+01
3.444444444444443576e+01
3.847222222222222143e+01
3.694444444444444287e+01
3.291666666666667140e+01
2.916666666666666430e+01
2.569444444444444287e+01
2.250000000000000000e+01
1.958333333333333570e+01
1.694444444444444642e+01
1.458333333333333748e+01
1.250000000000000355e+01
1.069444444444444642e+01
9.166666666666669627e+00
7.916666666666669627e+00
6.944444444444446418e+00
6.250000000000001776e+00
5.833333333333335702e+00
5.694444444444446418e+00
5.833333333333334814e+00
6.250000000000000000e+00
6.944444444444446418e+00
7.916666666666667851e+00
9.166666666666666075e+00
1.069444444444444642e+01
1.250000000000000000e+01
1.458333333333333215e+01
1.694444444444444642e+01
1.958333333333332149e+01
2.249999999999999289e+01
2.569444444444444287e+01
2.916666666666665719e+01
3.291666666666665719e+01
3.694444444444444287e+01
3.569444444444444287e+01
3.166666666666667140e+01
2.791666666666666075e+01
2.444444444444444287e+01
2.125000000000000000e+01
1.833333333333333570e+01
1.569444444444444642e+01
1.333333333333333748e+01
1.125000000000000355e+01
9.444444444444446418e+00
7.916666666666669627e+00
6.666666666666667851e+00
5.694444444444445530e+00
5.000000000000001776e+00
4.583333333333334814e+00
4.444444444444445530e+00
4.583333333333333925e+00
5.000000000000000000e+00
5.694444444444445530e+00
6.666666666666667851e+00
7.916666666666666075e+00
9.444444444444446418e+00
1.125000000000000000e+01
1.333333333333333215e+01
1.569444444444444642e+01
1.833333333333332149e+01
2.124999999999999289e+01
2.444444444444444287e+01
2.791666666666665364e+01
3.166666666666665719e+01
3.569444444444444287e+01
3.472222222222222143e+01
3.069444444444444997e+01
2.694444444444443931e+01
2.347222222222222143e+01
2.027777777777777857e+01
1.736111111111111427e+01
1.472222222222222321e+01
1.236111111111111427e+01
1.027777777777778034e+01
8.472222222222223209e+00
6.944444444444446418e+00
5.694444444444445530e+00
4.722222222222223209e+00
4.027777777777778567e+00
3.611111111111112049e+00
3.472222222222222765e+00
3.611111111111111605e+00
4.027777777777776791e+00
4.722222222222223209e+00
5.694444444444444642e+00
6.944444444444442865e+00
8.472222222222223209e+00
1.027777777777777679e+01
1.236111111111110894e+01
1.472222222222222321e+01
1.736111111111110006e+01
2.027777777777777146e+01
2.347222222222222143e+01
2.694444444444443221e+01
3.069444444444443576e+01
3.472222222222222143e+01
3.402777777777777857e+01
3.000000000000000711e+01
2.624999999999999645e+01
2.277777777777777857e+01
1.958333333333333570e+01
1.666666666666666785e+01
1.402777777777777857e+01
1.166666666666666963e+01
9.583333333333335702e+00
7.777777777777778567e+00
6.250000000000001776e+00
5.000000000000001776e+00
4.027777777777778567e+00
3.333333333333334814e+00
2.916666666666668295e+00
2.777777777777778567e+00
2.916666666666667407e+00
3.333333333333333481e+00
4.027777777777778567e+00
5.000000000000000000e+00
6.249999999999998224e+00
7.777777777777778567e+00
9.583333333333332149e+00
1.166666666666666430e+01
1.402777777777777857e+01
1.666666666666665719e+01
1.958333333333332860e+01
2.277777777777777857e+01
2.624999999999998934e+01
2.999999999999999289e+01
3.402777777777777857e+01
3.361111111111111427e+01
2.958333333333333925e+01
2.583333333333332860e+01
2.236111111111111072e+01
1.916666666666666785e+01
1.625000000000000355e+01
1.361111111111111249e+01
1.125000000000000355e+01
9.166666666666669627e+00
7.361111111111112493e+00
5.833333333333335702e+00
4.583333333333334814e+00
3.611111111111112049e+00
2.916666666666668295e+00
2.500000000000001776e+00
2.361111111111112049e+00
2.500000000000000888e+00
2.916666666666666963e+00
3.611111111111112049e+00
4.583333333333333925e+00
5.833333333333332149e+00
7.361111111111112493e+00
9.166666666666666075e+00
1.124999999999999822e+01
1.361111111111111249e+01
1.624999999999998934e+01
1.916666666666666075e+01
2.236111111111111072e+01
2.583333333333332149e+01
2.958333333333332504e+01
3.361111111111111427e+01
3.347222222222222143e+01
2.944444444444444997e+01
2.569444444444443931e+01
2.222222222222222143e+01
1.902777777777777857e+01
1.611111111111111427e+01
1.347222222222222321e+01
1.111111111111111427e+01
9.027777777777780344e+00
7.222222222222223209e+00
5.694444444444446418e+00
4.444444444444445530e+00
3.472222222222222765e+00
2.777777777777778567e+00
2.361111111111112049e+00
2.222222222222222765e+00
2.361111111111111605e+00
2.777777777777777235e+00
3.472222222222222765e+00
4.444444444444444642e+00
5.694444444444442865e+00
7.222222222222223209e+00
9.027777777777776791e+00
1.111111111111110894e+01
1.347222222222222321e+01
1.611111111111110006e+01
1.902777777777777146e+01
2.222222222222222143e+01
2.569444444444443221e+01
2.944444444444443576e+01
3.347222222222222143e+01
3.361111111111111427e+01
2.958333333333333925e+01
2.583333333333332860e+01
2.236111111111111072e+01
1.916666666666666785e+01
1.625000000000000355e+01
1.361111111111111249e+01
1.125000000000000355e+01
9.166666666666667851e+00
7.361111111111110716e+00
5.833333333333334814e+00
4.583333333333333925e+00
3.611111111111111605e+00
2.916666666666667407e+00
2.500000000000000888e+00
2.361111111111111605e+00
2.500000000000000000e+00
2.916666666666666075e+00
3.611111111111111605e+00
4.583333333333333037e+00
5.833333333333331261e+00
7.361111111111110716e+00
9.166666666666664298e+00
1.124999999999999822e+01
1.361111111111111249e+01
1.624999999999998934e+01
1.916666666666666075e+01
2.236111111111111072e+01
2.583333333333332149e+01
2.958333333333332504e+01
3.361111111111111427e+01
3.402777777777777857e+01
3.000000000000000355e+01
2.624999999999999289e+01
2.277777777777777501e+01
1.958333333333333215e+01
1.666666666666666785e+01
1.402777777777777857e+01
1.166666666666666963e+01
9.583333333333333925e+00
7.777777777777776791e+00
6.250000000000000000e+00
5.000000000000000000e+00
4.027777777777776791e+00
3.333333333333333481e+00
2.916666666666666963e+00
2.777777777777777235e+00
2.916666666666666075e+00
3.333333333333332149e+00
4.027777777777776791e+00
4.999999999999998224e+00
6.249999999999996447e+00
7.777777777777776791e+00
9.583333333333330373e+00
1.166666666666666430e+01
1.402777777777777857e+01
1.666666666666665719e+01
1.958333333333332504e+01
2.277777777777777501e+01
2.624999999999998579e+01
2.999999999999998934e+01
3.402777777777777857e+01
3.472222222222222143e+01
3.069444444444444997e+01
2.694444444444443931e+01
2.347222222222222143e+01
2.027777777777777857e+01
1.736111111111111427e+01
1.472222222222222321e+01
1.236111111111111427e+01
1.027777777777778034e+01
8.472222222222223209e+00
6.944444444444446418e+00
5.694444444444445530e+00
4.722222222222223209e+00
4.027777777777778567e+00
3.611111111111112049e+00
3.472222222222222765e+00
3.611111111111111605e+00
4.027777777777776791e+00
4.722222222222223209e+00
5.694444444444444642e+00
6.944444444444442865e+00
8.472222222222223209e+00
1.027777777777777679e+01
1.236111111111110894e+01
1.472222222222222321e+01
1.736111111111110006e+01
2.027777777777777146e+01
2.347222222222222143e+01
2.694444444444443221e+01
3.069444444444443576e+01
3.472222222222222143e+01
3.569444444444444287e+01
3.166666666666667140e+01
2.791666666666666075e+01
2.444444444444444287e+01
2.125000000000000000e+01
1.833333333333333570e+01
1.569444444444444464e+01
1.333333333333333570e+01
1.125000000000000178e+01
9.444444444444444642e+00
7.916666666666667851e+00
6.666666666666667851e+00
5.694444444444444642e+00
5.000000000000000000e+00
4.583333333333333925e+00
4.444444444444444642e+00
4.583333333333333037e+00
4.999999999999998224e+00
5.694444444444444642e+00
6.666666666666666075e+00
7.916666666666664298e+00
9.444444444444444642e+00
1.124999999999999822e+01
1.333333333333333037e+01
1.569444444444444464e+01
1.833333333333332149e+01
2.124999999999999289e+01
2.444444444444444287e+01
2.791666666666665364e+01
3.166666666666665719e+01
3.569444444444444287e+01
3.694444444444444287e+01
3.291666666666667140e+01
2.916666666666665719e+01
2.569444444444444287e+01
2.250000000000000000e+01
1.958333333333333215e+01
1.694444444444444287e+01
1.458333333333333393e+01
1.250000000000000000e+01
1.069444444444444287e+01
9.166666666666666075e+00
7.916666666666666075e+00
6.944444444444442865e+00
6.249999999999998224e+00
5.833333333333332149e+00
5.694444444444442865e+00
5.833333333333331261e+00
6.249999999999996447e+00
6.944444444444442865e+00
7.916666666666664298e+00
9.166666666666662522e+00
1.069444444444444287e+01
1.249999999999999645e+01
1.458333333333332860e+01
1.694444444444444287e+01
1.958333333333332149e+01
2.249999999999999289e+01
2.569444444444444287e+01
2.916666666666665009e+01
3.291666666666665719e+01
3.694444444444444287e+01
3.847222222222222143e+01
3.444444444444444997e+01
3.069444444444443931e+01
2.722222222222222143e+01
2.402777777777777857e+01
2.111111111111111427e+01
1.847222222222222143e+01
1.611111111111111427e+01
1.402777777777778034e+01
1.222222222222222321e+01
1.069444444444444642e+01
9.444444444444446418e+00
8.472222222222223209e+00
7.777777777777778567e+00
7.361111111111112493e+00
7.222222222222223209e+00
7.361111111111110716e+00
7.777777777777776791e+00
8.472222222222223209e+00
9.444444444444444642e+00
1.069444444444444287e+01
1.222222222222222321e+01
1.402777777777777679e+01
1.611111111111110716e+01
1.847222222222222143e+01
2.111111111111110006e+01
2.402777777777777146e+01
2.722222222222222143e+01
3.069444444444443221e+01
3.444444444444443576e+01
3.847222222222222143e+01
4.027777777777777857e+01
3.625000000000000711e+01
3.249999999999999289e+01
2.902777777777777501e+01
2.583333333333333215e+01
2.291666666666666430e+01
2.027777777777777501e+01
1.791666666666666785e+01
1.583333333333333393e+01
1.402777777777777679e+01
1.250000000000000000e+01
1.125000000000000000e+01
1.027777777777777679e+01
9.583333333333332149e+00
9.166666666666666075e+00
9.027777777777776791e+00
9.166666666666664298e+00
9.583333333333330373e+00
1.027777777777777679e+01
1.124999999999999822e+01
1.249999999999999645e+01
1.402777777777777679e+01
1.583333333333333037e+01
1.791666666666666075e+01
2.027777777777777501e+01
2.291666666666665364e+01
2.583333333333332504e+01
2.902777777777777501e+01
3.249999999999998579e+01
3.624999999999999289e+01
4.027777777777777857e+01
4.236111111111110716e+01
3.833333333333333570e+01
3.458333333333332149e+01
3.111111111111110716e+01
2.791666666666666430e+01
2.500000000000000000e+01
2.236111111111110716e+01
2.000000000000000000e+01
1.791666666666666430e+01
1.611111111111110716e+01
1.458333333333333215e+01
1.333333333333333215e+01
1.236111111111110894e+01
1.166666666666666430e+01
1.124999999999999822e+01
1.111111111111110894e+01
1.124999999999999822e+01
1.166666666666666430e+01
1.236111111111110894e+01
1.333333333333333037e+01
1.458333333333332860e+01
1.611111111111110716e+01
1.791666666666666075e+01
1.999999999999999289e+01
2.236111111111110716e+01
2.499999999999998579e+01
2.791666666666665719e+01
3.111111111111110716e+01
3.458333333333332149e+01
3.833333333333332149e+01
4.236111111111110716e+01
4.472222222222222143e+01
4.069444444444444997e+01
3.694444444444443576e+01
3.347222222222222143e+01
3.027777777777777857e+01
2.736111111111111427e+01
2.472222222222222143e+01
2.236111111111111427e+01
2.027777777777777857e+01
1.847222222222222143e+01
1.694444444444444642e+01
1.569444444444444642e+01
1.472222222222222321e+01
1.402777777777777857e+01
1.361111111111111249e+01
1.347222222222222321e+01
1.361111111111111249e+01
1.402777777777777857e+01
1.472222222222222321e+01
1.569444444444444464e+01
1.694444444444444287e+01
1.847222222222222143e+01
2.027777777777777501e+01
2.236111111111110716e+01
2.472222222222222143e+01
2.736111111111110006e+01
3.027777777777777146e+01
3.347222222222222143e+01
3.694444444444443576e+01
4.069444444444443576e+01
4.472222222222222143e+01
4.736111111111110006e+01
4.333333333333332860e+01
3.958333333333332149e+01
3.611111111111110006e+01
3.291666666666665719e+01
2.999999999999999289e+01
2.736111111111110006e+01
2.499999999999999289e+01
2.291666666666665719e+01
2.111111111111110006e+01
1.958333333333332149e+01
1.833333333333332149e+01
1.736111111111110006e+01
1.666666666666665719e+01
1.624999999999998934e+01
1.611111111111110006e+01
1.624999999999998934e+01
1.666666666666665719e+01
1.736111111111110006e+01
1.833333333333332149e+01
1.958333333333332149e+01
2.111111111111110006e+01
2.291666666666665364e+01
2.499999999999998579e+01
2.736111111111110006e+01
2.999999999999997868e+01
3.291666666666665009e+01
3.611111111111110006e+01
3.958333333333330728e+01
4.333333333333331439e+01
4.736111111111110006e+01
5.027777777777777146e+01
4.625000000000000000e+01
4.249999999999999289e+01
3.902777777777777146e+01
3.583333333333332860e+01
3.291666666666666430e+01
3.027777777777777146e+01
2.791666666666666430e+01
2.583333333333332860e+01
2.402777777777777146e+01
2.249999999999999289e+01
2.124999999999999289e+01
2.027777777777777146e+01
1.958333333333332860e+01
1.916666666666666075e+01
1.902777777777777146e+01
1.916666666666666075e+01
1.958333333333332504e+01
2.027777777777777146e+01
2.124999999999999289e+01
2.249999999999999289e+01
2.402777777777777146e+01
2.583333333333332504e+01
2.791666666666665719e+01
3.027777777777777146e+01
3.291666666666665009e+01
3.583333333333332149e+01
3.902777777777777146e+01
4.249999999999997868e+01
4.624999999999998579e+01
5.027777777777777146e+01
5.347222222222222143e+01
4.944444444444444997e+01
4.569444444444443576e+01
4.222222222222222143e+01
3.902777777777777857e+01
3.611111111111111427e+01
3.347222222222222143e+01
3.111111111111111427e+01
2.902777777777777857e+01
2.722222222222222143e+01
2.569444444444444287e+01
2.444444444444444287e+01
2.347222222222222143e+01
2.277777777777777857e+01
2.236111111111111072e+01
2.222222222222222143e+01
2.236111111111111072e+01
2.277777777777777501e+01
2.347222222222222143e+01
2.444444444444444287e+01
2.569444444444444287e+01
2.722222222222222143e+01
2.902777777777777501e+01
3.111111111111110716e+01
3.347222222222222143e+01
3.611111111111110006e+01
3.902777777777777146e+01
4.222222222222222143e+01
4.569444444444443576e+01
4.944444444444443576e+01
5.347222222222222143e+01
5.694444444444443576e+01
5.291666666666666430e+01
4.916666666666665009e+01
4.569444444444443576e+01
4.249999999999999289e+01
3.958333333333332149e+01
3.694444444444443576e+01
3.458333333333332149e+01
3.249999999999999289e+01
3.069444444444443221e+01
2.916666666666665719e+01
2.791666666666665364e+01
2.694444444444443221e+01
2.624999999999998934e+01
2.583333333333332149e+01
2.569444444444443221e+01
2.583333333333332149e+01
2.624999999999998579e+01
2.694444444444443221e+01
2.791666666666665364e+01
2.916666666666665009e+01
3.069444444444443221e+01
3.249999999999998579e+01
3.458333333333332149e+01
3.694444444444443576e+01
3.958333333333330728e+01
4.249999999999997868e+01
4.569444444444443576e+01
4.916666666666664298e+01
5.291666666666665009e+01
5.694444444444443576e+01
6.069444444444443576e+01
5.666666666666666430e+01
5.291666666666665009e+01
4.944444444444443576e+01
4.624999999999999289e+01
4.333333333333332860e+01
4.069444444444443576e+01
3.833333333333332860e+01
3.624999999999999289e+01
3.444444444444443576e+01
3.291666666666665719e+01
3.166666666666665719e+01
3.069444444444443576e+01
2.999999999999999289e+01
2.958333333333332504e+01
2.944444444444443576e+01
2.958333333333332504e+01
2.999999999999998934e+01
3.069444444444443576e+01
3.166666666666665719e+01
3.291666666666665719e+01
3.444444444444443576e+01
3.624999999999999289e+01
3.833333333333332149e+01
4.069444444444443576e+01
4.333333333333331439e+01
4.624999999999998579e+01
4.944444444444443576e+01
5.291666666666665009e+01
5.666666666666665009e+01
6.069444444444443576e+01
6.472222222222222854e+01
6.069444444444444997e+01
5.694444444444443576e+01
5.347222222222222143e+01
5.027777777777777857e+01
4.736111111111111427e+01
4.472222222222222143e+01
4.236111111111111427e+01
4.027777777777777857e+01
3.847222222222222143e+01
3.694444444444444287e+01
3.569444444444444287e+01
3.472222222222222143e+01
3.402777777777777857e+01
3.361111111111111427e+01
3.347222222222222143e+01
3.361111111111111427e+01
3.402777777777777857e+01
3.472222222222222143e+01
3.569444444444444287e+01
3.694444444444444287e+01
3.847222222222222143e+01
4.027777777777777857e+01
4.236111111111110716e+01
4.472222222222222143e+01
4.736111111111110006e+01
5.027777777777777146e+01
5.347222222222222143e+01
5.694444444444443576e+01
6.069444444444443576e+01
6.472222222222222854e+01
6.375000000000000000e+01
5.972222222222222854e+01
5.597222222222221433e+01
5.250000000000000000e+01
4.930555555555555713e+01
4.638888888888889284e+01
4.375000000000000000e+01
4.138888888888889284e+01
3.930555555555555713e+01
3.750000000000000000e+01
3.597222222222222143e+01
3.472222222222222143e+01
3.375000000000000000e+01
3.305555555555555713e+01
3.263888888888888573e+01
3.250000000000000000e+01
3.263888888888888573e+01
3.305555555555555713e+01
3.375000000000000000e+01
3.472222222222222143e+01
3.597222222222222143e+01
3.750000000000000000e+01
3.930555555555555713e+01
4.138888888888888573e+01
4.375000000000000000e+01
4.638888888888887863e+01
4.930555555555555003e+01
5.250000000000000000e+01
5.597222222222221433e+01
5.972222222222221433e+01
6.375000000000000000e+01
5.972222222222222854e+01
5.569444444444445708e+01
5.194444444444444287e+01
4.847222222222222854e+01
4.527777777777778567e+01
4.236111111111112137e+01
3.972222222222222854e+01
3.736111111111112137e+01
3.527777777777778567e+01
3.347222222222222854e+01
3.194444444444444997e+01
3.069444444444444997e+01
2.972222222222222854e+01
2.902777777777778567e+01
2.861111111111111782e+01
2.847222222222222854e+01
2.861111111111111782e+01
2.902777777777778212e+01
2.972222222222222854e+01
3.069444444444444997e+01
3.194444444444444997e+01
3.347222222222222854e+01
3.527777777777778567e+01
3.736111111111111427e+01
3.972222222222222854e+01
4.236111111111110716e+01
4.527777777777777857e+01
4.847222222222222854e+01
5.194444444444444287e+01
5.569444444444444287e+01
5.972222222222222854e+01
5.597222222222221433e+01
5.194444444444444287e+01
4.819444444444443576e+01
4.472222222222221433e+01
4.152777777777777146e+01
3.861111111111110716e+01
3.597222222222221433e+01
3.361111111111110716e+01
3.152777777777777501e+01
2.972222222222221788e+01
2.819444444444444287e+01
2.694444444444443931e+01
2.597222222222221788e+01
2.527777777777777501e+01
2.486111111111110716e+01
2.472222222222221788e+01
2.486111111111110716e+01
2.527777777777777146e+01
2.597222222222221788e+01
2.694444444444443931e+01
2.819444444444443576e+01
2.972222222222221788e+01
3.152777777777777146e+01
3.361111111111110006e+01
3.597222222222221433e+01
3.861111111111110006e+01
4.152777777777777146e+01
4.472222222222221433e+01
4.819444444444442865e+01
5.194444444444442865e+01
5.597222222222221433e+01
5.250000000000000000e+01
4.847222222222222854e+01
4.472222222222221433e+01
4.125000000000000000e+01
3.805555555555555713e+01
3.513888888888889284e+01
3.250000000000000000e+01
3.013888888888889284e+01
2.805555555555555713e+01
2.625000000000000000e+01
2.472222222222222143e+01
2.347222222222222143e+01
2.250000000000000000e+01
2.180555555555555713e+01
2.138888888888888928e+01
2.125000000000000000e+01
2.138888888888888928e+01
2.180555555555555358e+01
2.250000000000000000e+01
2.347222222222222143e+01
2.472222222222222143e+01
2.625000000000000000e+01
2.805555555555555358e+01
3.013888888888888573e+01
3.250000000000000000e+01
3.513888888888887863e+01
3.805555555555555003e+01
4.125000000000000000e+01
4.472222222222221433e+01
4.847222222222221433e+01
5.250000000000000000e+01
4.930555555555555713e+01
4.527777777777778567e+01
4.152777777777777146e+01
3.805555555555555713e+01
3.486111111111111427e+01
3.194444444444444997e+01
2.930555555555555713e+01
2.694444444444444997e+01
2.486111111111111427e+01
2.305555555555555713e+01
2.152777777777777857e+01
2.027777777777777857e+01
1.930555555555555713e+01
1.861111111111111427e+01
1.819444444444444642e+01
1.805555555555555713e+01
1.819444444444444642e+01
1.861111111111111072e+01
1.930555555555555713e+01
2.027777777777777857e+01
2.152777777777777857e+01
2.305555555555555713e+01
2.486111111111111072e+01
2.694444444444444287e+01
2.930555555555555713e+01
3.194444444444443576e+01
3.486111111111110716e+01
3.805555555555555713e+01
4.152777777777777146e+01
4.527777777777777146e+01
4.930555555555555713e+01
4.638888888888889284e+01
4.236111111111112137e+01
3.861111111111110716e+01
3.513888888888889284e+01
3.194444444444444997e+01
2.902777777777778212e+01
2.638888888888889284e+01
2.402777777777778212e+01
2.194444444444444997e+01
2.013888888888889284e+01
1.861111111111111427e+01
1.736111111111111427e+01
1.638888888888889284e+01
1.569444444444444642e+01
1.527777777777778034e+01
1.513888888888889106e+01
1.527777777777778034e+01
1.569444444444444642e+01
1.638888888888889284e+01
1.736111111111111427e+01
1.861111111111111072e+01
2.013888888888889284e+01
2.194444444444444287e+01
2.402777777777777857e+01
2.638888888888889284e+01
2.902777777777777146e+01
3.194444444444444287e+01
3.513888888888889284e+01
3.861111111111110006e+01
4.236111111111110716e+01
4.638888888888889284e+01
4.375000000000000000e+01
3.972222222222222854e+01
3.597222222222221433e+01
3.250000000000000000e+01
2.930555555555555713e+01
2.638888888888889284e+01
2.375000000000000000e+01
2.138888888888889284e+01
1.930555555555555713e+01
1.750000000000000000e+01
1.597222222222222321e+01
1.472222222222222321e+01
1.375000000000000000e+01
1.305555555555555536e+01
1.263888888888888928e+01
1.250000000000000000e+01
1.263888888888888928e+01
1.305555555555555536e+01
1.375000000000000000e+01
1.472222222222222143e+01
1.597222222222221966e+01
1.750000000000000000e+01
1.930555555555555358e+01
2.138888888888888573e+01
2.375000000000000000e+01
2.638888888888887863e+01
2.930555555555555003e+01
3.250000000000000000e+01
3.597222222222221433e+01
3.972222222222221433e+01
4.375000000000000000e+01
4.138888888888889284e+01
3.736111111111112137e+01
3.361111111111110716e+01
3.013888888888889284e+01
2.694444444444444997e+01
2.402777777777778212e+01
2.138888888888889284e+01
1.902777777777778212e+01
1.694444444444444997e+01
1.513888888888889106e+01
1.361111111111111427e+01
1.236111111111111427e+01
1.138888888888889106e+01
1.069444444444444642e+01
1.027777777777778034e+01
1.013888888888889106e+01
1.027777777777778034e+01
1.069444444444444642e+01
1.138888888888889106e+01
1.236111111111111249e+01
1.361111111111111072e+01
1.513888888888889106e+01
1.694444444444444287e+01
1.902777777777777857e+01
2.138888888888889284e+01
2.402777777777777146e+01
2.694444444444444287e+01
3.013888888888889284e+01
3.361111111111110006e+01
3.736111111111110716e+01
4.138888888888889284e+01
3.930555555555555713e+01
3.527777777777778567e+01
3.152777777777777501e+01
2.805555555555555713e+01
2.486111111111111427e+01
2.194444444444444997e+01
1.930555555555555713e+01
1.694444444444444997e+01
1.486111111111111427e+01
1.305555555555555713e+01
1.152777777777778034e+01
1.027777777777778034e+01
9.305555555555557135e+00
8.611111111111114269e+00
8.194444444444446418e+00
8.055555555555557135e+00
8.194444444444446418e+00
8.611111111111110716e+00
9.305555555555557135e+00
1.027777777777777857e+01
1.152777777777777679e+01
1.305555555555555713e+01
1.486111111111111072e+01
1.694444444444444287e+01
1.930555555555555713e+01
2.194444444444443576e+01
2.486111111111110716e+01
2.805555555555555713e+01
3.152777777777776791e+01
3.527777777777777146e+01
3.930555555555555713e+01
3.750000000000000000e+01
3.347222222222222854e+01
2.972222222222221788e+01
2.625000000000000000e+01
2.305555555555555713e+01
2.013888888888889284e+01
1.750000000000000000e+01
1.513888888888889106e+01
1.305555555555555713e+01
1.125000000000000000e+01
9.722222222222223209e+00
8.472222222222223209e+00
7.500000000000000000e+00
6.805555555555556246e+00
6.388888888888889284e+00
6.250000000000000000e+00
6.388888888888888395e+00
6.805555555555554470e+00
7.500000000000000000e+00
8.472222222222221433e+00
9.722222222222219656e+00
1.125000000000000000e+01
1.305555555555555358e+01
1.513888888888888573e+01
1.750000000000000000e+01
2.013888888888887863e+01
2.305555555555555003e+01
2.625000000000000000e+01
2.972222222222221077e+01
3.347222222222221433e+01
3.750000000000000000e+01
3.597222222222222143e+01
3.194444444444444997e+01
2.819444444444444287e+01
2.472222222222222143e+01
2.152777777777777857e+01
1.861111111111111427e+01
1.597222222222222321e+01
1.361111111111111427e+01
1.152777777777778034e+01
9.722222222222223209e+00
8.194444444444446418e+00
6.944444444444446418e+00
5.972222222222223209e+00
5.277777777777779455e+00
4.861111111111112493e+00
4.722222222222223209e+00
4.861111111111112493e+00
5.277777777777777679e+00
5.972222222222223209e+00
6.944444444444444642e+00
8.194444444444442865e+00
9.722222222222223209e+00
1.152777777777777679e+01
1.361111111111110894e+01
1.597222222222222321e+01
1.861111111111110006e+01
2.152777777777777146e+01
2.472222222222222143e+01
2.819444444444443576e+01
3.194444444444443576e+01
3.597222222222222143e+01
3.472222222222222143e+01
3.069444444444444997e+01
2.694444444444443931e+01
2.347222222222222143e+01
2.027777777777777857e+01
1.736111111111111427e+01
1.472222222222222321e+01
1.236111111111111427e+01
1.027777777777778034e+01
8.472222222222223209e+00
6.944444444444446418e+00
5.694444444444445530e+00
4.722222222222223209e+00
4.027777777777778567e+00
3.611111111111112049e+00
3.472222222222222765e+00
3.611111111111111605e+00
4.027777777777776791e+00
4.722222222222223209e+00
5.694444444444444642e+00
6.944444444444442865e+00
8.472222222222223209e+00
1.027777777777777679e+01
1.236111111111110894e+01
1.472222222222222321e+01
1.736111111111110006e+01
2.027777777777777146e+01
2.347222222222222143e+01
2.694444444444443221e+01
3.069444444444443576e+01
3.472222222222222143e+01
3.375000000000000000e+01
2.972222222222222854e+01
2.597222222222221788e+01
2.250000000000000000e+01
1.930555555555555713e+01
1.638888888888889284e+01
1.375000000000000000e+01
1.138888888888889106e+01
9.305555555555557135e+00
7.500000000000000000e+00
5.972222222222223209e+00
4.722222222222223209e+00
3.750000000000000000e+00
3.055555555555556246e+00
2.638888888888889284e+00
2.500000000000000000e+00
2.638888888888888395e+00
3.055555555555554470e+00
3.750000000000000000e+00
4.722222222222221433e+00
5.972222222222219656e+00
7.500000000000000000e+00
9.305555555555553582e+00
1.138888888888888573e+01
1.375000000000000000e+01
1.638888888888887863e+01
1.930555555555555003e+01
2.250000000000000000e+01
2.597222222222221077e+01
2.972222222222221433e+01
3.375000000000000000e+01
3.305555555555555713e+01
2.902777777777778567e+01
2.527777777777777501e+01
2.180555555555555713e+01
1.861111111111111427e+01
1.569444444444444642e+01
1.305555555555555536e+01
1.069444444444444642e+01
8.611111111111114269e+00
6.805555555555556246e+00
5.277777777777779455e+00
4.027777777777778567e+00
3.055555555555556246e+00
2.361111111111112049e+00
1.944444444444445530e+00
1.805555555555556024e+00
1.944444444444444642e+00
2.361111111111110716e+00
3.055555555555556246e+00
4.027777777777777679e+00
5.277777777777775903e+00
6.805555555555556246e+00
8.611111111111110716e+00
1.069444444444444109e+01
1.305555555555555536e+01
1.569444444444443398e+01
1.861111111111110716e+01
2.180555555555555713e+01
2.527777777777776791e+01
2.902777777777777146e+01
3.305555555555555713e+01
3.263888888888888573e+01
2.861111111111111782e+01
2.486111111111110716e+01
2.138888888888888928e+01
1.819444444444444642e+01
1.527777777777778034e+01
1.263888888888888928e+01
1.027777777777778034e+01
8.194444444444446418e+00
6.388888888888889284e+00
4.861111111111112493e+00
3.611111111111112049e+00
2.638888888888889284e+00
1.944444444444445530e+00
1.527777777777778789e+00
1.388888888888889284e+00
1.527777777777778123e+00
1.944444444444443976e+00
2.638888888888889284e+00
3.611111111111110716e+00
4.861111111111108940e+00
6.388888888888889284e+00
8.194444444444442865e+00
1.027777777777777501e+01
1.263888888888888928e+01
1.527777777777776791e+01
1.819444444444443931e+01
2.138888888888888928e+01
2.486111111111110006e+01
2.861111111111110361e+01
3.263888888888888573e+01
3.250000000000000000e+01
2.847222222222222854e+01
2.472222222222221788e+01
2.125000000000000000e+01
1.805555555555555713e+01
1.513888888888889106e+01
1.250000000000000000e+01
1.013888888888889106e+01
8.055555555555557135e+00
6.250000000000000000e+00
4.722222222222223209e+00
3.472222222222222765e+00
2.500000000000000000e+00
1.805555555555556024e+00
1.388888888888889284e+00
1.250000000000000000e+00
1.388888888888888618e+00
1.805555555555554470e+00
2.500000000000000000e+00
3.472222222222221433e+00
4.722222222222219656e+00
6.250000000000000000e+00
8.055555555555553582e+00
1.013888888888888573e+01
1.250000000000000000e+01
1.513888888888887863e+01
1.805555555555555003e+01
2.125000000000000000e+01
2.472222222222221077e+01
2.847222222222221433e+01
3.250000000000000000e+01
3.263888888888888573e+01
2.861111111111111782e+01
2.486111111111110716e+01
2.138888888888888928e+01
1.819444444444444642e+01
1.527777777777778034e+01
1.263888888888888928e+01
1.027777777777778034e+01
8.194444444444446418e+00
6.388888888888888395e+00
4.861111111111112493e+00
3.611111111111111605e+00
2.638888888888888395e+00
1.944444444444444642e+00
1.527777777777778123e+00
1.388888888888888618e+00
1.527777777777777235e+00
1.944444444444443310e+00
2.638888888888888395e+00
3.611111111111110272e+00
4.861111111111108940e+00
6.388888888888888395e+00
8.194444444444442865e+00
1.027777777777777501e+01
1.263888888888888928e+01
1.527777777777776791e+01
1.819444444444443931e+01
2.138888888888888928e+01
2.486111111111110006e+01
2.861111111111110361e+01
3.263888888888888573e+01
3.305555555555555713e+01
2.902777777777778212e+01
2.527777777777777146e+01
2.180555555555555358e+01
1.861111111111111072e+01
1.569444444444444642e+01
1.305555555555555536e+01
1.069444444444444642e+01
8.611111111111110716e+00
6.805555555555554470e+00
5.277777777777777679e+00
4.027777777777776791e+00
3.055555555555554470e+00
2.361111111111110716e+00
1.944444444444443976e+00
1.805555555555554470e+00
1.944444444444443310e+00
2.361111111111108940e+00
3.055555555555554470e+00
4.027777777777775903e+00
5.277777777777774126e+00
6.805555555555554470e+00
8.611111111111107164e+00
1.069444444444444109e+01
1.305555555555555536e+01
1.569444444444443398e+01
1.861111111111110361e+01
2.180555555555555358e+01
2.527777777777776436e+01
2.902777777777776791e+01
3.305555555555555713e+01
3.375000000000000000e+01
2.972222222222222854e+01
2.597222222222221788e+01
2.250000000000000000e+01
1.930555555555555713e+01
1.638888888888889284e+01
1.375000000000000000e+01
1.138888888888889106e+01
9.305555555555557135e+00
7.500000000000000000e+00
5.972222222222223209e+00
4.722222222222223209e+00
3.750000000000000000e+00
3.055555555555556246e+00
2.638888888888889284e+00
2.500000000000000000e+00
2.638888888888888395e+00
3.055555555555554470e+00
3.750000000000000000e+00
4.722222222222221433e+00
5.972222222222219656e+00
7.500000000000000000e+00
9.305555555555553582e+00
1.138888888888888573e+01
1.375000000000000000e+01
1.638888888888887863e+01
1.930555555555555003e+01
2.250000000000000000e+01
2.597222222222221077e+01
2.972222222222221433e+01
3.375000000000000000e+01
3.472222222222222143e+01
3.069444444444444997e+01
2.694444444444443931e+01
2.347222222222222143e+01
2.027777777777777857e+01
1.736111111111111427e+01
1.472222222222222143e+01
1.236111111111111249e+01
1.027777777777777857e+01
8.472222222222221433e+00
6.944444444444444642e+00
5.694444444444444642e+00
4.722222222222221433e+00
4.027777777777777679e+00
3.611111111111110716e+00
3.472222222222221433e+00
3.611111111111110272e+00
4.027777777777775903e+00
4.722222222222221433e+00
5.694444444444442865e+00
6.944444444444441089e+00
8.472222222222221433e+00
1.027777777777777501e+01
1.236111111111110716e+01
1.472222222222222143e+01
1.736111111111110006e+01
2.027777777777777146e+01
2.347222222222222143e+01
2.694444444444443221e+01
3.069444444444443576e+01
3.472222222222222143e+01
3.597222222222222143e+01
3.194444444444444997e+01
2.819444444444443576e+01
2.472222222222222143e+01
2.152777777777777857e+01
1.861111111111111072e+01
1.597222222222221966e+01
1.361111111111111072e+01
1.152777777777777679e+01
9.722222222222219656e+00
8.194444444444442865e+00
6.944444444444442865e+00
5.972222222222219656e+00
5.277777777777775903e+00
4.861111111111108940e+00
4.722222222222219656e+00
4.861111111111108940e+00
5.277777777777774126e+00
5.972222222222219656e+00
6.944444444444441089e+00
8.194444444444439313e+00
9.722222222222219656e+00
1.152777777777777324e+01
1.361111111111110539e+01
1.597222222222221966e+01
1.861111111111110006e+01
2.152777777777777146e+01
2.472222222222222143e+01
2.819444444444442865e+01
3.194444444444443576e+01
3.597222222222222143e+01
3.750000000000000000e+01
3.347222222222222854e+01
2.972222222222221788e+01
2.625000000000000000e+01
2.305555555555555713e+01
2.013888888888889284e+01
1.750000000000000000e+01
1.513888888888889106e+01
1.305555555555555713e+01
1.125000000000000000e+01
9.722222222222223209e+00
8.472222222222223209e+00
7.500000000000000000e+00
6.805555555555556246e+00
6.388888888888889284e+00
6.250000000000000000e+00
6.388888888888888395e+00
6.805555555555554470e+00
7.500000000000000000e+00
8.472222222222221433e+00
9.722222222222219656e+00
1.125000000000000000e+01
1.305555555555555358e+01
1.513888888888888573e+01
1.750000000000000000e+01
2.013888888888887863e+01
2.305555555555555003e+01
2.625000000000000000e+01
2.972222222222221077e+01
3.347222222222221433e+01
3.750000000000000000e+01
3.930555555555555713e+01
3.527777777777778567e+01
3.152777777777777146e+01
2.805555555555555358e+01
2.486111111111111072e+01
2.194444444444444287e+01
1.930555555555555358e+01
1.694444444444444287e+01
1.486111111111111072e+01
1.305555555555555358e+01
1.152777777777777679e+01
1.027777777777777679e+01
9.305555555555553582e+00
8.611111111111110716e+00
8.194444444444442865e+00
8.055555555555553582e+00
8.194444444444442865e+00
8.611111111111107164e+00
9.305555555555553582e+00
1.027777777777777501e+01
1.152777777777777324e+01
1.305555555555555358e+01
1.486111111111110716e+01
1.694444444444443931e+01
1.930555555555555358e+01
2.194444444444443221e+01
2.486111111111110361e+01
2.805555555555555358e+01
3.152777777777776436e+01
3.527777777777777146e+01
3.930555555555555713e+01
4.138888888888888573e+01
3.736111111111111427e+01
3.361111111111110006e+01
3.013888888888888573e+01
2.694444444444444287e+01
2.402777777777777857e+01
2.138888888888888573e+01
1.902777777777777857e+01
1.694444444444444287e+01
1.513888888888888573e+01
1.361111111111110894e+01
1.236111111111110894e+01
1.138888888888888573e+01
1.069444444444444109e+01
1.027777777777777501e+01
1.013888888888888573e+01
1.027777777777777501e+01
1.069444444444444109e+01
1.138888888888888573e+01
1.236111111111110716e+01
1.361111111111110539e+01
1.513888888888888573e+01
1.694444444444443931e+01
1.902777777777777146e+01
2.138888888888888573e+01
2.402777777777776436e+01
2.694444444444443576e+01
3.013888888888888573e+01
3.361111111111110006e+01
3.736111111111110006e+01
4.138888888888888573e+01
4.375000000000000000e+01
3.972222222222222854e+01
3.597222222222221433e+01
3.250000000000000000e+01
2.930555555555555713e+01
2.638888888888889284e+01
2.375000000000000000e+01
2.138888888888889284e+01
1.930555555555555713e+01
1.750000000000000000e+01
1.597222222222222321e+01
1.472222222222222321e+01
1.375000000000000000e+01
1.305555555555555536e+01
1.263888888888888928e+01
1.250000000000000000e+01
1.263888888888888928e+01
1.305555555555555536e+01
1.375000000000000000e+01
1.472222222222222143e+01
1.597222222222221966e+01
1.750000000000000000e+01
1.930555555555555358e+01
2.138888888888888573e+01
2.375000000000000000e+01
2.638888888888887863e+01
2.930555555555555003e+01
3.250000000000000000e+01
3.597222222222221433e+01
3.972222222222221433e+01
4.375000000000000000e+01
4.638888888888887863e+01
4.236111111111110716e+01
3.861111111111110006e+01
3.513888888888887863e+01
3.194444444444443576e+01
2.902777777777777146e+01
2.638888888888887863e+01
2.402777777777777146e+01
2.194444444444443576e+01
2.013888888888887863e+01
1.861111111111110006e+01
1.736111111111110006e+01
1.638888888888887863e+01
1.569444444444443398e+01
1.527777777777776791e+01
1.513888888888887863e+01
1.527777777777776791e+01
1.569444444444443398e+01
1.638888888888887863e+01
1.736111111111110006e+01
1.861111111111110006e+01
2.013888888888887863e+01
2.194444444444443221e+01
2.402777777777776436e+01
2.638888888888887863e+01
2.902777777777775725e+01
3.194444444444442865e+01
3.513888888888887863e+01
3.861111111111108585e+01
4.236111111111109295e+01
4.638888888888887863e+01
4.930555555555555003e+01
4.527777777777777857e+01
4.152777777777777146e+01
3.805555555555555003e+01
3.486111111111110716e+01
3.194444444444444287e+01
2.930555555555555003e+01
2.694444444444444287e+01
2.486111111111110716e+01
2.305555555555555003e+01
2.152777777777777146e+01
2.027777777777777146e+01
1.930555555555555003e+01
1.861111111111110716e+01
1.819444444444443931e+01
1.805555555555555003e+01
1.819444444444443931e+01
1.861111111111110361e+01
1.930555555555555003e+01
2.027777777777777146e+01
2.152777777777777146e+01
2.305555555555555003e+01
2.486111111111110361e+01
2.694444444444443576e+01
2.930555555555555003e+01
3.194444444444442865e+01
3.486111111111110006e+01
3.805555555555555003e+01
4.152777777777775725e+01
4.527777777777776436e+01
4.930555555555555003e+01
5.250000000000000000e+01
4.847222222222222854e+01
4.472222222222221433e+01
4.125000000000000000e+01
3.805555555555555713e+01
3.513888888888889284e+01
3.250000000000000000e+01
3.013888888888889284e+01
2.805555555555555713e+01
2.625000000000000000e+01
2.472222222222222143e+01
2.347222222222222143e+01
2.250000000000000000e+01
2.180555555555555713e+01
2.138888888888888928e+01
2.125000000000000000e+01
2.138888888888888928e+01
2.180555555555555358e+01
2.250000000000000000e+01
2.347222222222222143e+01
2.472222222222222143e+01
2.625000000000000000e+01
2.805555555555555358e+01
3.013888888888888573e+01
3.250000000000000000e+01
3.513888888888887863e+01
3.805555555555555003e+01
4.125000000000000000e+01
4.472222222222221433e+01
4.847222222222221433e+01
5.250000000000000000e+01
5.597222222222221433e+01
5.194444444444444287e+01
4.819444444444442865e+01
4.472222222222221433e+01
4.152777777777777146e+01
3.861111111111110006e+01
3.597222222222221433e+01
3.361111111111110006e+01
3.152777777777776791e+01
2.972222222222221077e+01
2.819444444444443576e+01
2.694444444444443221e+01
2.597222222222221077e+01
2.527777777777776791e+01
2.486111111111110006e+01
2.472222222222221077e+01
2.486111111111110006e+01
2.527777777777776436e+01
2.597222222222221077e+01
2.694444444444443221e+01
2.819444444444442865e+01
2.972222222222221077e+01
3.152777777777776436e+01
3.361111111111110006e+01
3.597222222222221433e+01
3.861111111111108585e+01
4.152777777777775725e+01
4.472222222222221433e+01
4.819444444444442155e+01
5.194444444444442865e+01
5.597222222222221433e+01
5.972222222222221433e+01
5.569444444444444287e+01
5.194444444444442865e+01
4.847222222222221433e+01
4.527777777777777146e+01
4.236111111111110716e+01
3.972222222222221433e+01
3.736111111111110716e+01
3.527777777777777146e+01
3.347222222222221433e+01
3.194444444444443576e+01
3.069444444444443576e+01
2.972222222222221433e+01
2.902777777777777146e+01
2.861111111111110361e+01
2.847222222222221433e+01
2.861111111111110361e+01
2.902777777777776791e+01
2.972222222222221433e+01
3.069444444444443576e+01
3.194444444444443576e+01
3.347222222222221433e+01
3.527777777777777146e+01
3.736111111111110006e+01
3.972222222222221433e+01
4.236111111111109295e+01
4.527777777777776436e+01
4.847222222222221433e+01
5.194444444444442865e+01
5.569444444444442865e+01
5.972222222222221433e+01
6.375000000000000000e+01
5.972222222222222854e+01
5.597222222222221433e+01
5.250000000000000000e+01
4.930555555555555713e+01
4.638888888888889284e+01
4.375000000000000000e+01
4.138888888888889284e+01
3.930555555555555713e+01
3.750000000000000000e+01
3.597222222222222143e+01
3.472222222222222143e+01
3.375000000000000000e+01
3.305555555555555713e+01
3.263888888888888573e+01
3.250000000000000000e+01
3.263888888888888573e+01
3.305555555555555713e+01
3.375000000000000000e+01
3.472222222222222143e+01
3.597222222222222143e+01
3.750000000000000000e+01
3.930555555555555713e+01
4.138888888888888573e+01
4.375000000000000000e+01
4.638888888888887863e+01
4.930555555555555003e+01
5.250000000000000000e+01
5.597222222222221433e+01
5.972222222222221433e+01
6.375000000000000000e+01
6.305555555555555713e+01
5.902777777777778567e+01
5.527777777777777146e+01
5.180555555555555713e+01
4.861111111111111427e+01
4.569444444444444997e+01
4.305555555555555713e+01
4.069444444444444997e+01
3.861111111111111427e+01
3.680555555555555713e+01
3.527777777777777857e+01
3.402777777777777857e+01
3.305555555555555713e+01
3.236111111111111427e+01
3.194444444444444642e+01
3.180555555555555713e+01
3.194444444444444642e+01
3.236111111111110716e+01
3.305555555555555713e+01
3.402777777777777857e+01
3.527777777777777857e+01
3.680555555555555713e+01
3.861111111111111427e+01
4.069444444444444287e+01
4.305555555555555713e+01
4.569444444444443576e+01
4.861111111111110716e+01
5.180555555555555713e+01
5.527777777777777146e+01
5.902777777777777146e+01
6.305555555555555713e+01
5.902777777777778567e+01
5.500000000000001421e+01
5.125000000000000000e+01
4.777777777777778567e+01
4.458333333333334281e+01
4.166666666666667851e+01
3.902777777777778567e+01
3.666666666666667851e+01
3.458333333333334281e+01
3.277777777777778567e+01
3.125000000000000711e+01
3.000000000000000711e+01
2.902777777777778567e+01
2.833333333333334281e+01
2.791666666666667496e+01
2.777777777777778567e+01
2.791666666666667496e+01
2.833333333333333925e+01
2.902777777777778567e+01
3.000000000000000711e+01
3.125000000000000711e+01
3.277777777777778567e+01
3.458333333333334281e+01
3.666666666666667140e+01
3.902777777777778567e+01
4.166666666666666430e+01
4.458333333333333570e+01
4.777777777777778567e+01
5.125000000000000000e+01
5.500000000000000000e+01
5.902777777777778567e+01
5.527777777777777146e+01
5.125000000000000000e+01
4.749999999999999289e+01
4.402777777777777146e+01
4.083333333333332860e+01
3.791666666666666430e+01
3.527777777777777146e+01
3.291666666666666430e+01
3.083333333333333215e+01
2.902777777777777501e+01
2.750000000000000000e+01
2.624999999999999645e+01
2.527777777777777501e+01
2.458333333333333215e+01
2.416666666666666430e+01
2.402777777777777501e+01
2.416666666666666430e+01
2.458333333333332860e+01
2.527777777777777501e+01
2.624999999999999645e+01
2.749999999999999289e+01
2.902777777777777501e+01
3.083333333333332860e+01
3.291666666666665719e+01
3.527777777777777146e+01
3.791666666666665719e+01
4.083333333333332860e+01
4.402777777777777146e+01
4.749999999999998579e+01
5.124999999999998579e+01
5.527777777777777146e+01
5.180555555555555713e+01
4.777777777777778567e+01
4.402777777777777146e+01
4.055555555555555713e+01
3.736111111111111427e+01
3.444444444444444997e+01
3.180555555555555713e+01
2.944444444444444997e+01
2.736111111111111427e+01
2.555555555555555713e+01
2.402777777777777857e+01
2.277777777777777857e+01
2.180555555555555713e+01
2.111111111111111427e+01
2.069444444444444642e+01
2.055555555555555713e+01
2.069444444444444642e+01
2.111111111111111072e+01
2.180555555555555713e+01
2.277777777777777857e+01
2.402777777777777857e+01
2.555555555555555713e+01
2.736111111111111072e+01
2.944444444444444287e+01
3.180555555555555713e+01
3.444444444444443576e+01
3.736111111111110716e+01
4.055555555555555713e+01
4.402777777777777146e+01
4.777777777777777146e+01
5.180555555555555713e+01
4.861111111111111427e+01
4.458333333333334281e+01
4.083333333333332860e+01
3.736111111111111427e+01
3.416666666666667140e+01
3.125000000000000711e+01
2.861111111111111427e+01
2.625000000000000711e+01
2.416666666666667140e+01
2.236111111111111427e+01
2.083333333333333570e+01
1.958333333333333570e+01
1.861111111111111427e+01
1.791666666666667140e+01
1.750000000000000355e+01
1.736111111111111427e+01
1.750000000000000355e+01
1.791666666666666785e+01
1.861111111111111427e+01
1.958333333333333570e+01
2.083333333333333570e+01
2.236111111111111427e+01
2.416666666666666785e+01
2.625000000000000000e+01
2.861111111111111427e+01
3.124999999999999289e+01
3.416666666666666430e+01
3.736111111111111427e+01
4.083333333333332860e+01
4.458333333333332860e+01
4.861111111111111427e+01
4.569444444444444997e+01
4.166666666666667851e+01
3.791666666666666430e+01
3.444444444444444997e+01
3.125000000000000711e+01
2.833333333333333925e+01
2.569444444444444997e+01
2.333333333333333925e+01
2.125000000000000711e+01
1.944444444444444997e+01
1.791666666666667140e+01
1.666666666666667140e+01
1.569444444444444642e+01
1.500000000000000178e+01
1.458333333333333570e+01
1.444444444444444642e+01
1.458333333333333570e+01
1.500000000000000178e+01
1.569444444444444642e+01
1.666666666666667140e+01
1.791666666666666785e+01
1.944444444444444997e+01
2.125000000000000000e+01
2.333333333333333570e+01
2.569444444444444997e+01
2.833333333333332860e+01
3.125000000000000000e+01
3.444444444444444997e+01
3.791666666666665719e+01
4.166666666666666430e+01
4.569444444444444997e+01
4.305555555555555713e+01
3.902777777777778567e+01
3.527777777777777146e+01
3.180555555555555713e+01
2.861111111111111427e+01
2.569444444444444997e+01
2.305555555555555713e+01
2.069444444444444997e+01
1.861111111111111427e+01
1.680555555555555713e+01
1.527777777777777857e+01
1.402777777777777857e+01
1.305555555555555536e+01
1.236111111111111072e+01
1.194444444444444464e+01
1.180555555555555536e+01
1.194444444444444464e+01
1.236111111111111072e+01
1.305555555555555536e+01
1.402777777777777679e+01
1.527777777777777501e+01
1.680555555555555713e+01
1.861111111111111072e+01
2.069444444444444287e+01
2.305555555555555713e+01
2.569444444444443576e+01
2.861111111111110716e+01
3.180555555555555713e+01
3.527777777777777146e+01
3.902777777777777146e+01
4.305555555555555713e+01
4.069444444444444997e+01
3.666666666666667851e+01
3.291666666666666430e+01
2.944444444444444997e+01
2.625000000000000711e+01
2.333333333333333925e+01
2.069444444444444997e+01
1.833333333333333925e+01
1.625000000000000355e+01
1.444444444444444642e+01
1.291666666666666963e+01
1.166666666666666963e+01
1.069444444444444642e+01
1.000000000000000178e+01
9.583333333333335702e+00
9.444444444444446418e+00
9.583333333333335702e+00
1.000000000000000178e+01
1.069444444444444642e+01
1.166666666666666785e+01
1.291666666666666607e+01
1.444444444444444642e+01
1.625000000000000000e+01
1.833333333333333570e+01
2.069444444444444997e+01
2.333333333333332860e+01
2.625000000000000000e+01
2.944444444444444997e+01
3.291666666666665719e+01
3.666666666666666430e+01
4.069444444444444997e+01
3.861111111111111427e+01
3.458333333333334281e+01
3.083333333333333215e+01
2.736111111111111427e+01
2.416666666666667140e+01
2.125000000000000711e+01
1.861111111111111427e+01
1.625000000000000355e+01
1.416666666666666963e+01
1.236111111111111249e+01
1.083333333333333570e+01
9.583333333333335702e+00
8.611111111111112493e+00
7.916666666666669627e+00
7.500000000000002665e+00
7.361111111111113381e+00
7.500000000000001776e+00
7.916666666666667851e+00
8.611111111111112493e+00
9.583333333333333925e+00
1.083333333333333215e+01
1.236111111111111249e+01
1.416666666666666607e+01
1.625000000000000000e+01
1.861111111111111427e+01
2.124999999999999289e+01
2.416666666666666430e+01
2.736111111111111427e+01
3.083333333333332504e+01
3.458333333333332860e+01
3.861111111111111427e+01
3.680555555555555713e+01
3.277777777777778567e+01
2.902777777777777501e+01
2.555555555555555713e+01
2.236111111111111427e+01
1.944444444444444997e+01
1.680555555555555713e+01
1.444444444444444642e+01
1.236111111111111249e+01
1.055555555555555536e+01
9.027777777777778567e+00
7.777777777777779455e+00
6.805555555555556246e+00
6.111111111111112493e+00
5.694444444444445530e+00
5.555555555555556246e+00
5.694444444444444642e+00
6.111111111111110716e+00
6.805555555555556246e+00
7.777777777777777679e+00
9.027777777777775015e+00
1.055555555555555536e+01
1.236111111111110894e+01
1.444444444444444109e+01
1.680555555555555713e+01
1.944444444444443576e+01
2.236111111111110716e+01
2.555555555555555713e+01
2.902777777777776791e+01
3.277777777777777146e+01
3.680555555555555713e+01
3.527777777777777857e+01
3.125000000000000711e+01
2.750000000000000000e+01
2.402777777777777857e+01
2.083333333333333570e+01
1.791666666666667140e+01
1.527777777777777857e+01
1.291666666666666963e+01
1.083333333333333570e+01
9.027777777777778567e+00
7.500000000000002665e+00
6.250000000000002665e+00
5.277777777777779455e+00
4.583333333333335702e+00
4.166666666666668739e+00
4.027777777777779455e+00
4.166666666666667851e+00
4.583333333333333925e+00
5.277777777777779455e+00
6.250000000000000888e+00
7.499999999999999112e+00
9.027777777777778567e+00
1.083333333333333215e+01
1.291666666666666430e+01
1.527777777777777857e+01
1.791666666666665719e+01
2.083333333333332860e+01
2.402777777777777857e+01
2.749999999999999289e+01
3.124999999999999289e+01
3.527777777777777857e+01
3.402777777777777857e+01
3.000000000000000711e+01
2.624999999999999645e+01
2.277777777777777857e+01
1.958333333333333570e+01
1.666666666666667140e+01
1.402777777777777857e+01
1.166666666666666963e+01
9.583333333333335702e+00
7.777777777777779455e+00
6.250000000000002665e+00
5.000000000000001776e+00
4.027777777777778567e+00
3.333333333333334814e+00
2.916666666666667851e+00
2.777777777777778567e+00
2.916666666666667851e+00
3.333333333333333037e+00
4.027777777777778567e+00
5.000000000000000888e+00
6.249999999999999112e+00
7.777777777777779455e+00
9.583333333333332149e+00
1.166666666666666430e+01
1.402777777777777857e+01
1.666666666666665719e+01
1.958333333333332860e+01
2.277777777777777857e+01
2.624999999999998934e+01
2.999999999999999289e+01
3.402777777777777857e+01
3.305555555555555713e+01
2.902777777777778567e+01
2.527777777777777501e+01
2.180555555555555713e+01
1.861111111111111427e+01
1.569444444444444642e+01
1.305555555555555536e+01
1.069444444444444642e+01
8.611111111111112493e+00
6.805555555555556246e+00
5.277777777777779455e+00
4.027777777777778567e+00
3.055555555555556246e+00
2.361111111111112049e+00
1.944444444444445308e+00
1.805555555555556024e+00
1.944444444444444642e+00
2.361111111111110716e+00
3.055555555555556246e+00
4.027777777777777679e+00
5.277777777777775903e+00
6.805555555555556246e+00
8.611111111111108940e+00
1.069444444444444109e+01
1.305555555555555536e+01
1.569444444444443398e+01
1.861111111111110716e+01
2.180555555555555713e+01
2.527777777777776791e+01
2.902777777777777146e+01
3.305555555555555713e+01
3.236111111111111427e+01
2.833333333333334281e+01
2.458333333333333215e+01
2.111111111111111427e+01
1.791666666666667140e+01
1.500000000000000178e+01
1.236111111111111072e+01
1.000000000000000178e+01
7.916666666666669627e+00
6.111111111111112493e+00
4.583333333333335702e+00
3.333333333333334814e+00
2.361111111111112049e+00
1.666666666666668073e+00
1.250000000000001332e+00
1.111111111111112049e+00
1.250000000000000666e+00
1.666666666666666741e+00
2.361111111111112049e+00
3.333333333333333925e+00
4.583333333333332149e+00
6.111111111111112493e+00
7.916666666666666075e+00
9.999999999999996447e+00
1.236111111111111072e+01
1.499999999999998934e+01
1.791666666666666430e+01
2.111111111111111427e+01
2.458333333333332504e+01
2.833333333333332860e+01
3.236111111111111427e+01
3.194444444444444642e+01
2.791666666666667496e+01
2.416666666666666430e+01
2.069444444444444642e+01
1.750000000000000355e+01
1.458333333333333570e+01
1.194444444444444464e+01
9.583333333333335702e+00
7.500000000000002665e+00
5.694444444444445530e+00
4.166666666666668739e+00
2.916666666666667851e+00
1.944444444444445308e+00
1.250000000000001332e+00
8.333333333333348136e-01
6.944444444444454190e-01
8.333333333333340365e-01
1.250000000000000000e+00
1.944444444444445308e+00
2.916666666666666963e+00
4.166666666666665186e+00
5.694444444444445530e+00
7.499999999999999112e+00
9.583333333333330373e+00
1.194444444444444464e+01
1.458333333333332327e+01
1.749999999999999645e+01
2.069444444444444642e+01
2.416666666666665719e+01
2.791666666666666075e+01
3.194444444444444642e+01
3.180555555555555713e+01
2.777777777777778567e+01
2.402777777777777501e+01
2.055555555555555713e+01
1.736111111111111427e+01
1.444444444444444642e+01
1.180555555555555536e+01
9.444444444444446418e+00
7.361111111111113381e+00
5.555555555555556246e+00
4.027777777777779455e+00
2.777777777777778567e+00
1.805555555555556024e+00
1.111111111111112049e+00
6.944444444444454190e-01
5.555555555555560243e-01
6.944444444444446418e-01
1.111111111111110716e+00
1.805555555555556024e+00
2.777777777777777679e+00
4.027777777777775903e+00
5.555555555555556246e+00
7.361111111111109828e+00
9.444444444444441089e+00
1.180555555555555536e+01
1.444444444444443398e+01
1.736111111111110716e+01
2.055555555555555713e+01
2.402777777777776791e+01
2.777777777777777146e+01
3.180555555555555713e+01
3.194444444444444642e+01
2.791666666666667496e+01
2.416666666666666430e+01
2.069444444444444642e+01
1.750000000000000355e+01
1.458333333333333570e+01
1.194444444444444464e+01
9.583333333333335702e+00
7.500000000000001776e+00
5.694444444444444642e+00
4.166666666666667851e+00
2.916666666666667851e+00
1.944444444444444642e+00
1.250000000000000666e+00
8.333333333333340365e-01
6.944444444444446418e-01
8.333333333333332593e-01
1.249999999999999112e+00
1.944444444444444642e+00
2.916666666666666075e+00
4.166666666666664298e+00
5.694444444444444642e+00
7.499999999999998224e+00
9.583333333333330373e+00
1.194444444444444464e+01
1.458333333333332327e+01
1.749999999999999645e+01
2.069444444444444642e+01
2.416666666666665719e+01
2.791666666666666075e+01
3.194444444444444642e+01
3.236111111111110716e+01
2.833333333333333925e+01
2.458333333333332860e+01
2.111111111111111072e+01
1.791666666666666785e+01
1.500000000000000178e+01
1.236111111111111072e+01
1.000000000000000178e+01
7.916666666666667851e+00
6.111111111111110716e+00
4.583333333333333925e+00
3.333333333333333037e+00
2.361111111111110716e+00
1.666666666666666741e+00
1.250000000000000000e+00
1.111111111111110716e+00
1.249999999999999112e+00
1.666666666666665186e+00
2.361111111111110716e+00
3.333333333333332149e+00
4.583333333333330373e+00
6.111111111111110716e+00
7.916666666666664298e+00
9.999999999999996447e+00
1.236111111111111072e+01
1.499999999999998934e+01
1.791666666666666075e+01
2.111111111111111072e+01
2.458333333333332149e+01
2.833333333333332504e+01
3.236111111111110716e+01
3.305555555555555713e+01
2.902777777777778567e+01
2.527777777777777501e+01
2.180555555555555713e+01
1.861111111111111427e+01
1.569444444444444642e+01
1.305555555555555536e+01
1.069444444444444642e+01
8.611111111111112493e+00
6.805555555555556246e+00
5.277777777777779455e+00
4.027777777777778567e+00
3.055555555555556246e+00
2.361111111111112049e+00
1.944444444444445308e+00
1.805555555555556024e+00
1.944444444444444642e+00
2.361111111111110716e+00
3.055555555555556246e+00
4.027777777777777679e+00
5.277777777777775903e+00
6.805555555555556246e+00
8.611111111111108940e+00
1.069444444444444109e+01
1.305555555555555536e+01
1.569444444444443398e+01
1.861111111111110716e+01
2.180555555555555713e+01
2.527777777777776791e+01
2.902777777777777146e+01
3.305555555555555713e+01
3.402777777777777857e+01
3.000000000000000711e+01
2.624999999999999645e+01
2.277777777777777857e+01
1.958333333333333570e+01
1.666666666666667140e+01
1.402777777777777679e+01
1.166666666666666785e+01
9.583333333333333925e+00
7.777777777777777679e+00
6.250000000000000888e+00
5.000000000000000888e+00
4.027777777777777679e+00
3.333333333333333925e+00
2.916666666666666963e+00
2.777777777777777679e+00
2.916666666666666075e+00
3.333333333333332149e+00
4.027777777777777679e+00
4.999999999999999112e+00
6.249999999999997335e+00
7.777777777777777679e+00
9.583333333333330373e+00
1.166666666666666252e+01
1.402777777777777679e+01
1.666666666666665719e+01
1.958333333333332860e+01
2.277777777777777857e+01
2.624999999999998934e+01
2.999999999999999289e+01
3.402777777777777857e+01
3.527777777777777857e+01
3.125000000000000711e+01
2.749999999999999289e+01
2.402777777777777857e+01
2.083333333333333570e+01
1.791666666666666785e+01
1.527777777777777501e+01
1.291666666666666607e+01
1.083333333333333215e+01
9.027777777777775015e+00
7.499999999999999112e+00
6.249999999999999112e+00
5.277777777777775903e+00
4.583333333333332149e+00
4.166666666666665186e+00
4.027777777777775903e+00
4.166666666666664298e+00
4.583333333333330373e+00
5.277777777777775903e+00
6.249999999999997335e+00
7.499999999999995559e+00
9.027777777777775015e+00
1.083333333333332860e+01
1.291666666666666075e+01
1.527777777777777501e+01
1.791666666666665719e+01
2.083333333333332860e+01
2.402777777777777857e+01
2.749999999999998579e+01
3.124999999999999289e+01
3.527777777777777857e+01
3.680555555555555713e+01
3.277777777777778567e+01
2.902777777777777501e+01
2.555555555555555713e+01
2.236111111111111427e+01
1.944444444444444997e+01
1.680555555555555713e+01
1.444444444444444642e+01
1.236111111111111249e+01
1.055555555555555536e+01
9.027777777777778567e+00
7.777777777777779455e+00
6.805555555555556246e+00
6.111111111111112493e+00
5.694444444444445530e+00
5.555555555555556246e+00
5.694444444444444642e+00
6.111111111111110716e+00
6.805555555555556246e+00
7.777777777777777679e+00
9.027777777777775015e+00
1.055555555555555536e+01
1.236111111111110894e+01
1.444444444444444109e+01
1.680555555555555713e+01
1.944444444444443576e+01
2.236111111111110716e+01
2.555555555555555713e+01
2.902777777777776791e+01
3.277777777777777146e+01
3.680555555555555713e+01
3.861111111111111427e+01
3.458333333333334281e+01
3.083333333333332860e+01
2.736111111111111072e+01
2.416666666666666785e+01
2.125000000000000000e+01
1.861111111111111072e+01
1.625000000000000000e+01
1.416666666666666607e+01
1.236111111111110894e+01
1.083333333333333215e+01
9.583333333333332149e+00
8.611111111111108940e+00
7.916666666666666075e+00
7.499999999999999112e+00
7.361111111111109828e+00
7.499999999999998224e+00
7.916666666666664298e+00
8.611111111111108940e+00
9.583333333333330373e+00
1.083333333333332860e+01
1.236111111111110894e+01
1.416666666666666252e+01
1.624999999999999645e+01
1.861111111111111072e+01
2.124999999999998934e+01
2.416666666666666075e+01
2.736111111111111072e+01
3.083333333333332149e+01
3.458333333333332860e+01
3.861111111111111427e+01
4.069444444444444287e+01
3.666666666666667140e+01
3.291666666666665719e+01
2.944444444444444287e+01
2.625000000000000000e+01
2.333333333333333570e+01
2.069444444444444287e+01
1.833333333333333570e+01
1.625000000000000000e+01
1.444444444444444109e+01
1.291666666666666430e+01
1.166666666666666430e+01
1.069444444444444109e+01
9.999999999999996447e+00
9.583333333333330373e+00
9.444444444444441089e+00
9.583333333333330373e+00
9.999999999999996447e+00
1.069444444444444109e+01
1.166666666666666252e+01
1.291666666666666075e+01
1.444444444444444109e+01
1.624999999999999645e+01
1.833333333333332860e+01
2.069444444444444287e+01
2.333333333333332149e+01
2.624999999999999289e+01
2.944444444444444287e+01
3.291666666666665719e+01
3.666666666666665719e+01
4.069444444444444287e+01
4.305555555555555713e+01
3.902777777777778567e+01
3.527777777777777146e+01
3.180555555555555713e+01
2.861111111111111427e+01
2.569444444444444997e+01
2.305555555555555713e+01
2.069444444444444997e+01
1.861111111111111427e+01
1.680555555555555713e+01
1.527777777777777857e+01
1.402777777777777857e+01
1.305555555555555536e+01
1.236111111111111072e+01
1.194444444444444464e+01
1.180555555555555536e+01
1.194444444444444464e+01
1.236111111111111072e+01
1.305555555555555536e+01
1.402777777777777679e+01
1.527777777777777501e+01
1.680555555555555713e+01
1.861111111111111072e+01
2.069444444444444287e+01
2.305555555555555713e+01
2.569444444444443576e+01
2.861111111111110716e+01
3.180555555555555713e+01
3.527777777777777146e+01
3.902777777777777146e+01
4.305555555555555713e+01
4.569444444444443576e+01
4.166666666666666430e+01
3.791666666666665719e+01
3.444444444444443576e+01
3.124999999999999289e+01
2.833333333333332860e+01
2.569444444444443576e+01
2.333333333333332860e+01
2.124999999999999289e+01
1.944444444444443576e+01
1.791666666666665719e+01
1.666666666666665719e+01
1.569444444444443398e+01
1.499999999999998934e+01
1.458333333333332327e+01
1.444444444444443398e+01
1.458333333333332327e+01
1.499999999999998934e+01
1.569444444444443398e+01
1.666666666666665719e+01
1.791666666666665719e+01
1.944444444444443576e+01
2.124999999999998934e+01
2.333333333333332149e+01
2.569444444444443576e+01
2.833333333333331439e+01
3.124999999999998579e+01
3.444444444444443576e+01
3.791666666666664298e+01
4.166666666666665009e+01
4.569444444444443576e+01
4.861111111111110716e+01
4.458333333333333570e+01
4.083333333333332860e+01
3.736111111111110716e+01
3.416666666666666430e+01
3.125000000000000000e+01
2.861111111111110716e+01
2.625000000000000000e+01
2.416666666666666430e+01
2.236111111111110716e+01
2.083333333333332860e+01
1.958333333333332860e+01
1.861111111111110716e+01
1.791666666666666430e+01
1.749999999999999645e+01
1.736111111111110716e+01
1.749999999999999645e+01
1.791666666666666075e+01
1.861111111111110716e+01
1.958333333333332860e+01
2.083333333333332860e+01
2.236111111111110716e+01
2.416666666666666075e+01
2.624999999999999289e+01
2.861111111111110716e+01
3.124999999999998579e+01
3.416666666666665719e+01
3.736111111111110716e+01
4.083333333333331439e+01
4.458333333333332149e+01
4.861111111111110716e+01
5.180555555555555713e+01
4.777777777777778567e+01
4.402777777777777146e+01
4.055555555555555713e+01
3.736111111111111427e+01
3.444444444444444997e+01
3.180555555555555713e+01
2.944444444444444997e+01
2.736111111111111427e+01
2.555555555555555713e+01
2.402777777777777857e+01
2.277777777777777857e+01
2.180555555555555713e+01
2.111111111111111427e+01
2.069444444444444642e+01
2.055555555555555713e+01
2.069444444444444642e+01
2.111111111111111072e+01
2.180555555555555713e+01
2.277777777777777857e+01
2.402777777777777857e+01
2.555555555555555713e+01
2.736111111111111072e+01
2.944444444444444287e+01
3.180555555555555713e+01
3.444444444444443576e+01
3.736111111111110716e+01
4.055555555555555713e+01
4.402777777777777146e+01
4.777777777777777146e+01
5.180555555555555713e+01
5.527777777777777146e+01
5.125000000000000000e+01
4.749999999999998579e+01
4.402777777777777146e+01
4.083333333333332860e+01
3.791666666666665719e+01
3.527777777777777146e+01
3.291666666666665719e+01
3.083333333333332504e+01
2.902777777777776791e+01
2.749999999999999289e+01
2.624999999999998934e+01
2.527777777777776791e+01
2.458333333333332504e+01
2.416666666666665719e+01
2.402777777777776791e+01
2.416666666666665719e+01
2.458333333333332149e+01
2.527777777777776791e+01
2.624999999999998934e+01
2.749999999999998579e+01
2.902777777777776791e+01
3.083333333333332149e+01
3.291666666666665719e+01
3.527777777777777146e+01
3.791666666666664298e+01
4.083333333333331439e+01
4.402777777777777146e+01
4.749999999999997868e+01
5.124999999999998579e+01
5.527777777777777146e+01
5.902777777777777146e+01
5.500000000000000000e+01
5.124999999999998579e+01
4.777777777777777146e+01
4.458333333333332860e+01
4.166666666666666430e+01
3.902777777777777146e+01
3.666666666666666430e+01
3.458333333333332860e+01
3.277777777777777146e+01
3.124999999999999289e+01
2.999999999999999289e+01
2.902777777777777146e+01
2.833333333333332860e+01
2.791666666666666075e+01
2.777777777777777146e+01
2.791666666666666075e+01
2.833333333333332504e+01
2.902777777777777146e+01
2.999999999999999289e+01
3.124999999999999289e+01
3.277777777777777146e+01
3.458333333333332860e+01
3.666666666666665719e+01
3.902777777777777146e+01
4.166666666666665009e+01
4.458333333333332149e+01
4.777777777777777146e+01
5.124999999999998579e+01
5.499999999999998579e+01
5.902777777777777146e+01
6.305555555555555713e+01
5.902777777777778567e+01
5.527777777777777146e+01
5.180555555555555713e+01
4.861111111111111427e+01
4.569444444444444997e+01
4.305555555555555713e+01
4.069444444444444997e+01
3.861111111111111427e+01
3.680555555555555713e+01
3.527777777777777857e+01
3.402777777777777857e+01
3.305555555555555713e+01
3.236111111111111427e+01
3.194444444444444642e+01
3.180555555555555713e+01
3.194444444444444642e+01
3.236111111111110716e+01
3.305555555555555713e+01
3.402777777777777857e+01
3.527777777777777857e+01
3.680555555555555713e+01
3.861111111111111427e+01
4.069444444444444287e+01
4.305555555555555713e+01
4.569444444444443576e+01
4.861111111111110716e+01
5.180555555555555713e+01
5.527777777777777146e+01
5.902777777777777146e+01
6.305555555555555713e+01
6.263888888888889284e+01
5.861111111111112137e+01
5.486111111111110716e+01
5.138888888888889284e+01
4.819444444444444997e+01
4.527777777777778567e+01
4.263888888888889284e+01
4.027777777777778567e+01
3.819444444444444997e+01
3.638888888888889284e+01
3.486111111111111427e+01
3.361111111111111427e+01
3.263888888888889284e+01
3.194444444444444642e+01
3.152777777777777857e+01
3.138888888888888928e+01
3.152777777777777857e+01
3.194444444444444287e+01
3.263888888888889284e+01
3.361111111111111427e+01
3.486111111111111427e+01
3.638888888888889284e+01
3.819444444444444997e+01
4.027777777777777857e+01
4.263888888888889284e+01
4.527777777777777146e+01
4.819444444444444287e+01
5.138888888888889284e+01
5.486111111111110716e+01
5.861111111111110716e+01
6.263888888888889284e+01
5.861111111111112137e+01
5.458333333333334991e+01
5.083333333333333570e+01
4.736111111111112137e+01
4.416666666666667851e+01
4.125000000000001421e+01
3.861111111111112137e+01
3.625000000000001421e+01
3.416666666666667851e+01
3.236111111111112137e+01
3.083333333333333925e+01
2.958333333333333925e+01
2.861111111111111782e+01
2.791666666666667496e+01
2.750000000000000711e+01
2.736111111111111782e+01
2.750000000000000711e+01
2.791666666666667140e+01
2.861111111111111782e+01
2.958333333333333925e+01
3.083333333333333925e+01
3.236111111111112137e+01
3.416666666666667851e+01
3.625000000000000711e+01
3.861111111111112137e+01
4.125000000000000000e+01
4.416666666666667140e+01
4.736111111111112137e+01
5.083333333333333570e+01
5.458333333333333570e+01
5.861111111111112137e+01
5.486111111111110716e+01
5.083333333333333570e+01
4.708333333333332860e+01
4.361111111111110716e+01
4.041666666666666430e+01
3.750000000000000000e+01
3.486111111111110716e+01
3.250000000000000000e+01
3.041666666666666430e+01
2.861111111111110716e+01
2.708333333333333215e+01
2.583333333333332860e+01
2.486111111111110716e+01
2.416666666666666430e+01
2.374999999999999645e+01
2.361111111111110716e+01
2.374999999999999645e+01
2.416666666666666075e+01
2.486111111111110716e+01
2.583333333333332860e+01
2.708333333333332504e+01
2.861111111111110716e+01
3.041666666666666075e+01
3.249999999999999289e+01
3.486111111111110716e+01
3.749999999999999289e+01
4.041666666666666430e+01
4.361111111111110716e+01
4.708333333333332149e+01
5.083333333333332149e+01
5.486111111111110716e+01
5.138888888888889284e+01
4.736111111111112137e+01
4.361111111111110716e+01
4.013888888888889284e+01
3.694444444444444997e+01
3.402777777777778567e+01
3.138888888888888928e+01
2.902777777777778212e+01
2.694444444444444642e+01
2.513888888888888928e+01
2.361111111111111072e+01
2.236111111111111072e+01
2.138888888888888928e+01
2.069444444444444642e+01
2.027777777777777857e+01
2.013888888888888928e+01
2.027777777777777857e+01
2.069444444444444287e+01
2.138888888888888928e+01
2.236111111111111072e+01
2.361111111111111072e+01
2.513888888888888928e+01
2.694444444444444287e+01
2.902777777777777501e+01
3.138888888888888928e+01
3.402777777777777146e+01
3.694444444444444287e+01
4.013888888888889284e+01
4.361111111111110716e+01
4.736111111111110716e+01
5.138888888888889284e+01
4.819444444444444997e+01
4.416666666666667851e+01
4.041666666666666430e+01
3.694444444444444997e+01
3.375000000000000711e+01
3.083333333333333925e+01
2.819444444444444642e+01
2.583333333333333925e+01
2.375000000000000355e+01
2.194444444444444642e+01
2.041666666666666785e+01
1.916666666666666785e+01
1.819444444444444642e+01
1.750000000000000355e+01
1.708333333333333570e+01
1.694444444444444642e+01
1.708333333333333570e+01
1.750000000000000000e+01
1.819444444444444642e+01
1.916666666666666785e+01
2.041666666666666785e+01
2.194444444444444642e+01
2.375000000000000000e+01
2.583333333333333215e+01
2.819444444444444642e+01
3.083333333333332504e+01
3.375000000000000000e+01
3.694444444444444997e+01
4.041666666666666430e+01
4.416666666666666430e+01
4.819444444444444997e+01
4.527777777777778567e+01
4.125000000000001421e+01
3.750000000000000000e+01
3.402777777777778567e+01
3.083333333333333925e+01
2.791666666666667140e+01
2.527777777777778212e+01
2.291666666666667140e+01
2.083333333333333925e+01
1.902777777777778212e+01
1.750000000000000355e+01
1.625000000000000355e+01
1.527777777777778034e+01
1.458333333333333570e+01
1.416666666666666963e+01
1.402777777777778034e+01
1.416666666666666963e+01
1.458333333333333570e+01
1.527777777777778034e+01
1.625000000000000355e+01
1.750000000000000000e+01
1.902777777777778212e+01
2.083333333333333215e+01
2.291666666666666785e+01
2.527777777777778212e+01
2.791666666666666075e+01
3.083333333333333215e+01
3.402777777777778567e+01
3.749999999999999289e+01
4.125000000000000000e+01
4.527777777777778567e+01
4.263888888888889284e+01
3.861111111111112137e+01
3.486111111111110716e+01
3.138888888888888928e+01
2.819444444444444642e+01
2.527777777777778212e+01
2.263888888888888928e+01
2.027777777777778212e+01
1.819444444444444642e+01
1.638888888888888928e+01
1.486111111111111249e+01
1.361111111111111249e+01
1.263888888888888928e+01
1.194444444444444464e+01
1.152777777777777857e+01
1.138888888888888928e+01
1.152777777777777857e+01
1.194444444444444464e+01
1.263888888888888928e+01
1.361111111111111072e+01
1.486111111111110894e+01
1.638888888888888928e+01
1.819444444444444287e+01
2.027777777777777501e+01
2.263888888888888928e+01
2.527777777777776791e+01
2.819444444444443931e+01
3.138888888888888928e+01
3.486111111111110716e+01
3.861111111111110716e+01
4.263888888888889284e+01
4.027777777777778567e+01
3.625000000000001421e+01
3.250000000000000000e+01
2.902777777777778212e+01
2.583333333333333925e+01
2.291666666666667140e+01
2.027777777777778212e+01
1.791666666666667140e+01
1.583333333333333748e+01
1.402777777777778034e+01
1.250000000000000355e+01
1.125000000000000355e+01
1.027777777777778034e+01
9.583333333333335702e+00
9.166666666666669627e+00
9.027777777777780344e+00
9.166666666666669627e+00
9.583333333333335702e+00
1.027777777777778034e+01
1.125000000000000178e+01
1.250000000000000000e+01
1.402777777777778034e+01
1.583333333333333393e+01
1.791666666666666785e+01
2.027777777777778212e+01
2.291666666666666075e+01
2.583333333333333215e+01
2.902777777777778212e+01
3.249999999999999289e+01
3.625000000000000000e+01
4.027777777777778567e+01
3.819444444444444997e+01
3.416666666666667851e+01
3.041666666666666430e+01
2.694444444444444642e+01
2.375000000000000355e+01
2.083333333333333925e+01
1.819444444444444642e+01
1.583333333333333748e+01
1.375000000000000355e+01
1.194444444444444642e+01
1.041666666666666963e+01
9.166666666666669627e+00
8.194444444444446418e+00
7.500000000000002665e+00
7.083333333333335702e+00
6.944444444444446418e+00
7.083333333333334814e+00
7.500000000000000888e+00
8.194444444444446418e+00
9.166666666666667851e+00
1.041666666666666607e+01
1.194444444444444642e+01
1.375000000000000000e+01
1.583333333333333215e+01
1.819444444444444642e+01
2.083333333333332504e+01
2.374999999999999645e+01
2.694444444444444642e+01
3.041666666666665719e+01
3.416666666666666430e+01
3.819444444444444997e+01
3.638888888888889284e+01
3.236111111111112137e+01
2.861111111111110716e+01
2.513888888888888928e+01
2.194444444444444642e+01
1.902777777777778212e+01
1.638888888888888928e+01
1.402777777777778034e+01
1.194444444444444642e+01
1.013888888888888928e+01
8.611111111111112493e+00
7.361111111111112493e+00
6.388888888888889284e+00
5.694444444444445530e+00
5.277777777777778567e+00
5.138888888888889284e+00
5.277777777777777679e+00
5.694444444444443754e+00
6.388888888888889284e+00
7.361111111111110716e+00
8.611111111111108940e+00
1.013888888888888928e+01
1.194444444444444287e+01
1.402777777777777501e+01
1.638888888888888928e+01
1.902777777777776791e+01
2.194444444444443931e+01
2.513888888888888928e+01
2.861111111111110006e+01
3.236111111111110716e+01
3.638888888888889284e+01
3.486111111111111427e+01
3.083333333333333925e+01
2.708333333333333215e+01
2.361111111111111072e+01
2.041666666666666785e+01
1.750000000000000355e+01
1.486111111111111249e+01
1.250000000000000355e+01
1.041666666666666963e+01
8.611111111111112493e+00
7.083333333333335702e+00
5.833333333333335702e+00
4.861111111111112493e+00
4.166666666666668739e+00
3.750000000000001776e+00
3.611111111111112493e+00
3.750000000000001332e+00
4.166666666666666963e+00
4.861111111111112493e+00
5.833333333333333925e+00
7.083333333333332149e+00
8.611111111111112493e+00
1.041666666666666607e+01
1.249999999999999822e+01
1.486111111111111249e+01
1.749999999999998934e+01
2.041666666666666075e+01
2.361111111111111072e+01
2.708333333333332504e+01
3.083333333333332504e+01
3.486111111111111427e+01
3.361111111111111427e+01
2.958333333333333925e+01
2.583333333333332860e+01
2.236111111111111072e+01
1.916666666666666785e+01
1.625000000000000355e+01
1.361111111111111249e+01
1.125000000000000355e+01
9.166666666666669627e+00
7.361111111111112493e+00
5.833333333333335702e+00
4.583333333333334814e+00
3.611111111111112049e+00
2.916666666666667851e+00
2.500000000000001332e+00
2.361111111111112049e+00
2.500000000000000888e+00
2.916666666666666519e+00
3.611111111111112049e+00
4.583333333333333925e+00
5.833333333333332149e+00
7.361111111111112493e+00
9.166666666666666075e+00
1.124999999999999822e+01
1.361111111111111249e+01
1.624999999999998934e+01
1.916666666666666075e+01
2.236111111111111072e+01
2.583333333333332149e+01
2.958333333333332504e+01
3.361111111111111427e+01
3.263888888888889284e+01
2.861111111111111782e+01
2.486111111111110716e+01
2.138888888888888928e+01
1.819444444444444642e+01
1.527777777777778034e+01
1.263888888888888928e+01
1.027777777777778034e+01
8.194444444444446418e+00
6.388888888888889284e+00
4.861111111111112493e+00
3.611111111111112049e+00
2.638888888888889284e+00
1.944444444444445530e+00
1.527777777777778567e+00
1.388888888888889284e+00
1.527777777777778123e+00
1.944444444444443754e+00
2.638888888888889284e+00
3.611111111111110716e+00
4.861111111111108940e+00
6.388888888888889284e+00
8.194444444444442865e+00
1.027777777777777501e+01
1.263888888888888928e+01
1.527777777777776791e+01
1.819444444444443931e+01
2.138888888888888928e+01
2.486111111111110006e+01
2.861111111111110361e+01
3.263888888888889284e+01
3.194444444444444642e+01
2.791666666666667496e+01
2.416666666666666430e+01
2.069444444444444642e+01
1.750000000000000355e+01
1.458333333333333570e+01
1.194444444444444464e+01
9.583333333333335702e+00
7.500000000000002665e+00
5.694444444444445530e+00
4.166666666666668739e+00
2.916666666666667851e+00
1.944444444444445530e+00
1.250000000000001332e+00
8.333333333333348136e-01
6.944444444444454190e-01
8.333333333333340365e-01
1.250000000000000000e+00
1.944444444444445530e+00
2.916666666666666963e+00
4.166666666666665186e+00
5.694444444444445530e+00
7.499999999999999112e+00
9.583333333333330373e+00
1.194444444444444464e+01
1.458333333333332327e+01
1.749999999999999645e+01
2.069444444444444642e+01
2.416666666666665719e+01
2.791666666666666075e+01
3.194444444444444642e+01
3.152777777777777857e+01
2.750000000000000711e+01
2.374999999999999645e+01
2.027777777777777857e+01
1.708333333333333570e+01
1.416666666666666963e+01
1.152777777777777857e+01
9.166666666666669627e+00
7.083333333333335702e+00
5.277777777777778567e+00
3.750000000000001776e+00
2.500000000000001332e+00
1.527777777777778567e+00
8.333333333333348136e-01
4.166666666666681840e-01
2.777777777777787893e-01
4.166666666666674068e-01
8.333333333333333703e-01
1.527777777777778567e+00
2.500000000000000000e+00
3.749999999999998224e+00
5.277777777777778567e+00
7.083333333333332149e+00
9.166666666666664298e+00
1.152777777777777857e+01
1.416666666666665719e+01
1.708333333333332860e+01
2.027777777777777857e+01
2.374999999999998934e+01
2.749999999999999289e+01
3.152777777777777857e+01
3.138888888888888928e+01
2.736111111111111782e+01
2.361111111111110716e+01
2.013888888888888928e+01
1.694444444444444642e+01
1.402777777777778034e+01
1.138888888888888928e+01
9.027777777777780344e+00
6.944444444444446418e+00
5.138888888888889284e+00
3.611111111111112493e+00
2.361111111111112049e+00
1.388888888888889284e+00
6.944444444444454190e-01
2.777777777777787893e-01
1.388888888888893947e-01
2.777777777777780122e-01
6.944444444444439757e-01
1.388888888888889284e+00
2.361111111111110716e+00
3.611111111111108940e+00
5.138888888888889284e+00
6.944444444444442865e+00
9.027777777777775015e+00
1.138888888888888928e+01
1.402777777777776791e+01
1.694444444444443931e+01
2.013888888888888928e+01
2.361111111111110006e+01
2.736111111111110361e+01
3.138888888888888928e+01
3.152777777777777857e+01
2.750000000000000711e+01
2.374999999999999645e+01
2.027777777777777857e+01
1.708333333333333570e+01
1.416666666666666963e+01
1.152777777777777857e+01
9.166666666666669627e+00
7.083333333333334814e+00
5.277777777777777679e+00
3.750000000000001332e+00
2.500000000000000888e+00
1.527777777777778123e+00
8.333333333333340365e-01
4.166666666666674068e-01
2.777777777777780122e-01
4.166666666666666852e-01
8.333333333333325932e-01
1.527777777777778123e+00
2.499999999999999556e+00
3.749999999999997780e+00
5.277777777777777679e+00
7.083333333333331261e+00
9.166666666666664298e+00
1.152777777777777857e+01
1.416666666666665719e+01
1.708333333333332860e+01
2.027777777777777857e+01
2.374999999999998934e+01
2.749999999999999289e+01
3.152777777777777857e+01
3.194444444444444287e+01
2.791666666666667140e+01
2.416666666666666075e+01
2.069444444444444287e+01
1.750000000000000000e+01
1.458333333333333570e+01
1.194444444444444464e+01
9.583333333333335702e+00
7.500000000000000888e+00
5.694444444444443754e+00
4.166666666666666963e+00
2.916666666666666519e+00
1.944444444444443754e+00
1.250000000000000000e+00
8.333333333333333703e-01
6.944444444444439757e-01
8.333333333333325932e-01
1.249999999999998668e+00
1.944444444444443754e+00
2.916666666666665186e+00
4.166666666666663410e+00
5.694444444444443754e+00
7.499999999999997335e+00
9.583333333333330373e+00
1.194444444444444464e+01
1.458333333333332327e+01
1.749999999999999289e+01
2.069444444444444287e+01
2.416666666666665364e+01
2.791666666666665719e+01
3.194444444444444287e+01
3.263888888888889284e+01
2.861111111111111782e+01
2.486111111111110716e+01
2.138888888888888928e+01
1.819444444444444642e+01
1.527777777777778034e+01
1.263888888888888928e+01
1.027777777777778034e+01
8.194444444444446418e+00
6.388888888888889284e+00
4.861111111111112493e+00
3.611111111111112049e+00
2.638888888888889284e+00
1.944444444444445530e+00
1.527777777777778567e+00
1.388888888888889284e+00
1.527777777777778123e+00
1.944444444444443754e+00
2.638888888888889284e+00
3.611111111111110716e+00
4.861111111111108940e+00
6.388888888888889284e+00
8.194444444444442865e+00
1.027777777777777501e+01
1.263888888888888928e+01
1.527777777777776791e+01
1.819444444444443931e+01
2.138888888888888928e+01
2.486111111111110006e+01
2.861111111111110361e+01
3.263888888888889284e+01
3.361111111111111427e+01
2.958333333333333925e+01
2.583333333333332860e+01
2.236111111111111072e+01
1.916666666666666785e+01
1.625000000000000355e+01
1.361111111111111072e+01
1.125000000000000178e+01
9.166666666666667851e+00
7.361111111111110716e+00
5.833333333333333925e+00
4.583333333333333925e+00
3.611111111111110716e+00
2.916666666666666963e+00
2.500000000000000000e+00
2.361111111111110716e+00
2.499999999999999556e+00
2.916666666666665186e+00
3.611111111111110716e+00
4.583333333333332149e+00
5.833333333333330373e+00
7.361111111111110716e+00
9.166666666666664298e+00
1.124999999999999645e+01
1.361111111111111072e+01
1.624999999999998934e+01
1.916666666666666075e+01
2.236111111111111072e+01
2.583333333333332149e+01
2.958333333333332504e+01
3.361111111111111427e+01
3.486111111111111427e+01
3.083333333333333925e+01
2.708333333333332504e+01
2.361111111111111072e+01
2.041666666666666785e+01
1.750000000000000000e+01
1.486111111111110894e+01
1.250000000000000000e+01
1.041666666666666607e+01
8.611111111111108940e+00
7.083333333333332149e+00
5.833333333333332149e+00
4.861111111111108940e+00
4.166666666666665186e+00
3.749999999999998224e+00
3.611111111111108940e+00
3.749999999999997780e+00
4.166666666666663410e+00
4.861111111111108940e+00
5.833333333333330373e+00
7.083333333333328596e+00
8.611111111111108940e+00
1.041666666666666252e+01
1.249999999999999467e+01
1.486111111111110894e+01
1.749999999999998934e+01
2.041666666666666075e+01
2.361111111111111072e+01
2.708333333333331794e+01
3.083333333333332504e+01
3.486111111111111427e+01
3.638888888888889284e+01
3.236111111111112137e+01
2.861111111111110716e+01
2.513888888888888928e+01
2.194444444444444642e+01
1.902777777777778212e+01
1.638888888888888928e+01
1.402777777777778034e+01
1.194444444444444642e+01
1.013888888888888928e+01
8.611111111111112493e+00
7.361111111111112493e+00
6.388888888888889284e+00
5.694444444444445530e+00
5.277777777777778567e+00
5.138888888888889284e+00
5.277777777777777679e+00
5.694444444444443754e+00
6.388888888888889284e+00
7.361111111111110716e+00
8.611111111111108940e+00
1.013888888888888928e+01
1.194444444444444287e+01
1.402777777777777501e+01
1.638888888888888928e+01
1.902777777777776791e+01
2.194444444444443931e+01
2.513888888888888928e+01
2.861111111111110006e+01
3.236111111111110716e+01
3.638888888888889284e+01
3.819444444444444997e+01
3.416666666666667851e+01
3.041666666666666075e+01
2.694444444444444287e+01
2.375000000000000000e+01
2.083333333333333215e+01
1.819444444444444287e+01
1.583333333333333393e+01
1.375000000000000000e+01
1.194444444444444287e+01
1.041666666666666607e+01
9.166666666666666075e+00
8.194444444444442865e+00
7.499999999999999112e+00
7.083333333333332149e+00
6.944444444444442865e+00
7.083333333333331261e+00
7.499999999999997335e+00
8.194444444444442865e+00
9.166666666666664298e+00
1.041666666666666252e+01
1.194444444444444287e+01
1.374999999999999645e+01
1.583333333333332860e+01
1.819444444444444287e+01
2.083333333333332149e+01
2.374999999999999289e+01
2.694444444444444287e+01
3.041666666666665364e+01
3.416666666666666430e+01
3.819444444444444997e+01
4.027777777777777857e+01
3.625000000000000711e+01
3.249999999999999289e+01
2.902777777777777501e+01
2.583333333333333215e+01
2.291666666666666785e+01
2.027777777777777501e+01
1.791666666666666785e+01
1.583333333333333215e+01
1.402777777777777501e+01
1.249999999999999822e+01
1.124999999999999822e+01
1.027777777777777501e+01
9.583333333333330373e+00
9.166666666666664298e+00
9.027777777777775015e+00
9.166666666666664298e+00
9.583333333333330373e+00
1.027777777777777501e+01
1.124999999999999645e+01
1.249999999999999467e+01
1.402777777777777501e+01
1.583333333333332860e+01
1.791666666666666075e+01
2.027777777777777501e+01
2.291666666666665364e+01
2.583333333333332504e+01
2.902777777777777501e+01
3.249999999999999289e+01
3.624999999999999289e+01
4.027777777777777857e+01
4.263888888888889284e+01
3.861111111111112137e+01
3.486111111111110716e+01
3.138888888888888928e+01
2.819444444444444642e+01
2.527777777777778212e+01
2.263888888888888928e+01
2.027777777777778212e+01
1.819444444444444642e+01
1.638888888888888928e+01
1.486111111111111249e+01
1.361111111111111249e+01
1.263888888888888928e+01
1.194444444444444464e+01
1.152777777777777857e+01
1.138888888888888928e+01
1.152777777777777857e+01
1.194444444444444464e+01
1.263888888888888928e+01
1.361111111111111072e+01
1.486111111111110894e+01
1.638888888888888928e+01
1.819444444444444287e+01
2.027777777777777501e+01
2.263888888888888928e+01
2.527777777777776791e+01
2.819444444444443931e+01
3.138888888888888928e+01
3.486111111111110716e+01
3.861111111111110716e+01
4.263888888888889284e+01
4.527777777777777146e+01
4.125000000000000000e+01
3.749999999999999289e+01
3.402777777777777146e+01
3.083333333333332504e+01
2.791666666666666075e+01
2.527777777777776791e+01
2.291666666666666075e+01
2.083333333333332504e+01
1.902777777777776791e+01
1.749999999999998934e+01
1.624999999999998934e+01
1.527777777777776791e+01
1.458333333333332327e+01
1.416666666666665719e+01
1.402777777777776791e+01
1.416666666666665719e+01
1.458333333333332327e+01
1.527777777777776791e+01
1.624999999999998934e+01
1.749999999999998934e+01
1.902777777777776791e+01
2.083333333333332149e+01
2.291666666666665364e+01
2.527777777777776791e+01
2.791666666666664653e+01
3.083333333333331794e+01
3.402777777777777146e+01
3.749999999999997868e+01
4.124999999999998579e+01
4.527777777777777146e+01
4.819444444444444287e+01
4.416666666666667140e+01
4.041666666666666430e+01
3.694444444444444287e+01
3.375000000000000000e+01
3.083333333333333215e+01
2.819444444444443931e+01
2.583333333333333215e+01
2.374999999999999645e+01
2.194444444444443931e+01
2.041666666666666075e+01
1.916666666666666075e+01
1.819444444444443931e+01
1.749999999999999645e+01
1.708333333333332860e+01
1.694444444444443931e+01
1.708333333333332860e+01
1.749999999999999289e+01
1.819444444444443931e+01
1.916666666666666075e+01
2.041666666666666075e+01
2.194444444444443931e+01
2.374999999999999289e+01
2.583333333333332504e+01
2.819444444444443931e+01
3.083333333333331794e+01
3.374999999999999289e+01
3.694444444444444287e+01
4.041666666666665009e+01
4.416666666666665719e+01
4.819444444444444287e+01
5.138888888888889284e+01
4.736111111111112137e+01
4.361111111111110716e+01
4.013888888888889284e+01
3.694444444444444997e+01
3.402777777777778567e+01
3.138888888888888928e+01
2.902777777777778212e+01
2.694444444444444642e+01
2.513888888888888928e+01
2.361111111111111072e+01
2.236111111111111072e+01
2.138888888888888928e+01
2.069444444444444642e+01
2.027777777777777857e+01
2.013888888888888928e+01
2.027777777777777857e+01
2.069444444444444287e+01
2.138888888888888928e+01
2.236111111111111072e+01
2.361111111111111072e+01
2.513888888888888928e+01
2.694444444444444287e+01
2.902777777777777501e+01
3.138888888888888928e+01
3.402777777777777146e+01
3.694444444444444287e+01
4.013888888888889284e+01
4.361111111111110716e+01
4.736111111111110716e+01
5.138888888888889284e+01
5.486111111111110716e+01
5.083333333333333570e+01
4.708333333333332149e+01
4.361111111111110716e+01
4.041666666666666430e+01
3.749999999999999289e+01
3.486111111111110716e+01
3.249999999999999289e+01
3.041666666666665719e+01
2.861111111111110006e+01
2.708333333333332504e+01
2.583333333333332149e+01
2.486111111111110006e+01
2.416666666666665719e+01
2.374999999999998934e+01
2.361111111111110006e+01
2.374999999999998934e+01
2.416666666666665364e+01
2.486111111111110006e+01
2.583333333333332149e+01
2.708333333333331794e+01
2.861111111111110006e+01
3.041666666666665364e+01
3.249999999999999289e+01
3.486111111111110716e+01
3.749999999999997868e+01
4.041666666666665009e+01
4.361111111111110716e+01
4.708333333333331439e+01
5.083333333333332149e+01
5.486111111111110716e+01
5.861111111111110716e+01
5.458333333333333570e+01
5.083333333333332149e+01
4.736111111111110716e+01
4.416666666666666430e+01
4.125000000000000000e+01
3.861111111111110716e+01
3.625000000000000000e+01
3.416666666666666430e+01
3.236111111111110716e+01
3.083333333333332504e+01
2.958333333333332504e+01
2.861111111111110361e+01
2.791666666666666075e+01
2.749999999999999289e+01
2.736111111111110361e+01
2.749999999999999289e+01
2.791666666666665719e+01
2.861111111111110361e+01
2.958333333333332504e+01
3.083333333333332504e+01
3.236111111111110716e+01
3.416666666666666430e+01
3.624999999999999289e+01
3.861111111111110716e+01
4.124999999999998579e+01
4.416666666666665719e+01
4.736111111111110716e+01
5.083333333333332149e+01
5.458333333333332149e+01
5.861111111111110716e+01
6.263888888888889284e+01
5.861111111111112137e+01
5.486111111111110716e+01
5.138888888888889284e+01
4.819444444444444997e+01
4.527777777777778567e+01
4.263888888888889284e+01
4.027777777777778567e+01
3.819444444444444997e+01
3.638888888888889284e+01
3.486111111111111427e+01
3.361111111111111427e+01
3.263888888888889284e+01
3.194444444444444642e+01
3.152777777777777857e+01
3.138888888888888928e+01
3.152777777777777857e+01
3.194444444444444287e+01
3.263888888888889284e+01
3.361111111111111427e+01
3.486111111111111427e+01
3.638888888888889284e+01
3.819444444444444997e+01
4.027777777777777857e+01
4.263888888888889284e+01
4.527777777777777146e+01
4.819444444444444287e+01
5.138888888888889284e+01
5.486111111111110716e+01
5.861111111111110716e+01
6.263888888888889284e+01
6.250000000000000000e+01
5.847222222222222854e+01
5.472222222222221433e+01
5.125000000000000000e+01
4.805555555555555713e+01
4.513888888888889284e+01
4.250000000000000000e+01
4.013888888888889284e+01
3.805555555555555713e+01
3.625000000000000000e+01
3.472222222222222143e+01
3.347222222222222143e+01
3.250000000000000000e+01
3.180555555555555713e+01
3.138888888888888928e+01
3.125000000000000000e+01
3.138888888888888928e+01
3.180555555555555358e+01
3.250000000000000000e+01
3.347222222222222143e+01
3.472222222222222143e+01
3.625000000000000000e+01
3.805555555555555713e+01
4.013888888888888573e+01
4.250000000000000000e+01
4.513888888888887863e+01
4.805555555555555003e+01
5.125000000000000000e+01
5.472222222222221433e+01
5.847222222222221433e+01
6.250000000000000000e+01
5.847222222222222854e+01
5.444444444444445708e+01
5.069444444444444287e+01
4.722222222222222854e+01
4.402777777777778567e+01
4.111111111111112137e+01
3.847222222222222854e+01
3.611111111111112137e+01
3.402777777777778567e+01
3.222222222222222854e+01
3.069444444444444997e+01
2.944444444444444997e+01
2.847222222222222854e+01
2.777777777777778567e+01
2.736111111111111782e+01
2.722222222222222854e+01
2.736111111111111782e+01
2.777777777777778212e+01
2.847222222222222854e+01
2.944444444444444997e+01
3.069444444444444997e+01
3.222222222222222854e+01
3.402777777777778567e+01
3.611111111111111427e+01
3.847222222222222854e+01
4.111111111111110716e+01
4.402777777777777857e+01
4.722222222222222854e+01
5.069444444444444287e+01
5.444444444444444287e+01
5.847222222222222854e+01
5.472222222222221433e+01
5.069444444444444287e+01
4.694444444444443576e+01
4.347222222222221433e+01
4.027777777777777146e+01
3.736111111111110716e+01
3.472222222222221433e+01
3.236111111111110716e+01
3.027777777777777501e+01
2.847222222222221788e+01
2.694444444444444287e+01
2.569444444444443931e+01
2.472222222222221788e+01
2.402777777777777501e+01
2.361111111111110716e+01
2.347222222222221788e+01
2.361111111111110716e+01
2.402777777777777146e+01
2.472222222222221788e+01
2.569444444444443931e+01
2.694444444444443576e+01
2.847222222222221788e+01
3.027777777777777146e+01
3.236111111111110006e+01
3.472222222222221433e+01
3.736111111111110006e+01
4.027777777777777146e+01
4.347222222222221433e+01
4.694444444444442865e+01
5.069444444444442865e+01
5.472222222222221433e+01
5.125000000000000000e+01
4.722222222222222854e+01
4.347222222222221433e+01
4.000000000000000000e+01
3.680555555555555713e+01
3.388888888888889284e+01
3.125000000000000000e+01
2.888888888888889284e+01
2.680555555555555713e+01
2.500000000000000000e+01
2.347222222222222143e+01
2.222222222222222143e+01
2.125000000000000000e+01
2.055555555555555713e+01
2.013888888888888928e+01
2.000000000000000000e+01
2.013888888888888928e+01
2.055555555555555358e+01
2.125000000000000000e+01
2.222222222222222143e+01
2.347222222222222143e+01
2.500000000000000000e+01
2.680555555555555358e+01
2.888888888888888573e+01
3.125000000000000000e+01
3.388888888888887863e+01
3.680555555555555003e+01
4.000000000000000000e+01
4.347222222222221433e+01
4.722222222222221433e+01
5.125000000000000000e+01
4.805555555555555713e+01
4.402777777777778567e+01
4.027777777777777146e+01
3.680555555555555713e+01
3.361111111111111427e+01
3.069444444444444997e+01
2.805555555555555713e+01
2.569444444444444997e+01
2.361111111111111427e+01
2.180555555555555713e+01
2.027777777777777857e+01
1.902777777777777857e+01
1.805555555555555713e+01
1.736111111111111427e+01
1.694444444444444642e+01
1.680555555555555713e+01
1.694444444444444642e+01
1.736111111111111072e+01
1.805555555555555713e+01
1.902777777777777857e+01
2.027777777777777857e+01
2.180555555555555713e+01
2.361111111111111072e+01
2.569444444444444287e+01
2.805555555555555713e+01
3.069444444444443576e+01
3.361111111111110716e+01
3.680555555555555713e+01
4.027777777777777146e+01
4.402777777777777146e+01
4.805555555555555713e+01
4.513888888888889284e+01
4.111111111111112137e+01
3.736111111111110716e+01
3.388888888888889284e+01
3.069444444444444997e+01
2.777777777777778212e+01
2.513888888888889284e+01
2.277777777777778212e+01
2.069444444444444997e+01
1.888888888888889284e+01
1.736111111111111427e+01
1.611111111111111427e+01
1.513888888888889106e+01
1.444444444444444642e+01
1.402777777777778034e+01
1.388888888888889106e+01
1.402777777777778034e+01
1.444444444444444642e+01
1.513888888888889106e+01
1.611111111111111427e+01
1.736111111111111072e+01
1.888888888888889284e+01
2.069444444444444287e+01
2.277777777777777857e+01
2.513888888888889284e+01
2.777777777777777146e+01
3.069444444444444287e+01
3.388888888888889284e+01
3.736111111111110006e+01
4.111111111111110716e+01
4.513888888888889284e+01
4.250000000000000000e+01
3.847222222222222854e+01
3.472222222222221433e+01
3.125000000000000000e+01
2.805555555555555713e+01
2.513888888888889284e+01
2.250000000000000000e+01
2.013888888888889284e+01
1.805555555555555713e+01
1.625000000000000000e+01
1.472222222222222321e+01
1.347222222222222321e+01
1.250000000000000000e+01
1.180555555555555536e+01
1.138888888888888928e+01
1.125000000000000000e+01
1.138888888888888928e+01
1.180555555555555536e+01
1.250000000000000000e+01
1.347222222222222143e+01
1.472222222222221966e+01
1.625000000000000000e+01
1.805555555555555358e+01
2.013888888888888573e+01
2.250000000000000000e+01
2.513888888888887863e+01
2.805555555555555003e+01
3.125000000000000000e+01
3.472222222222221433e+01
3.847222222222221433e+01
4.250000000000000000e+01
4.013888888888889284e+01
3.611111111111112137e+01
3.236111111111110716e+01
2.888888888888889284e+01
2.569444444444444997e+01
2.277777777777778212e+01
2.013888888888889284e+01
1.777777777777778212e+01
1.569444444444444819e+01
1.388888888888889106e+01
1.236111111111111427e+01
1.111111111111111427e+01
1.013888888888889106e+01
9.444444444444446418e+00
9.027777777777780344e+00
8.888888888888891060e+00
9.027777777777780344e+00
9.444444444444446418e+00
1.013888888888889106e+01
1.111111111111111249e+01
1.236111111111111072e+01
1.388888888888889106e+01
1.569444444444444464e+01
1.777777777777777857e+01
2.013888888888889284e+01
2.277777777777777146e+01
2.569444444444444287e+01
2.888888888888889284e+01
3.236111111111110006e+01
3.611111111111110716e+01
4.013888888888889284e+01
3.805555555555555713e+01
3.402777777777778567e+01
3.027777777777777501e+01
2.680555555555555713e+01
2.361111111111111427e+01
2.069444444444444997e+01
1.805555555555555713e+01
1.569444444444444819e+01
1.361111111111111427e+01
1.180555555555555713e+01
1.027777777777778034e+01
9.027777777777780344e+00
8.055555555555557135e+00
7.361111111111113381e+00
6.944444444444446418e+00
6.805555555555557135e+00
6.944444444444445530e+00
7.361111111111111605e+00
8.055555555555557135e+00
9.027777777777778567e+00
1.027777777777777679e+01
1.180555555555555713e+01
1.361111111111111072e+01
1.569444444444444287e+01
1.805555555555555713e+01
2.069444444444443576e+01
2.361111111111110716e+01
2.680555555555555713e+01
3.027777777777776791e+01
3.402777777777777146e+01
3.805555555555555713e+01
3.625000000000000000e+01
3.222222222222222854e+01
2.847222222222221788e+01
2.500000000000000000e+01
2.180555555555555713e+01
1.888888888888889284e+01
1.625000000000000000e+01
1.388888888888889106e+01
1.180555555555555713e+01
1.000000000000000000e+01
8.472222222222223209e+00
7.222222222222223209e+00
6.250000000000000000e+00
5.555555555555556246e+00
5.138888888888889284e+00
5.000000000000000000e+00
5.138888888888888395e+00
5.555555555555554470e+00
6.250000000000000000e+00
7.222222222222221433e+00
8.472222222222219656e+00
1.000000000000000000e+01
1.180555555555555358e+01
1.388888888888888573e+01
1.625000000000000000e+01
1.888888888888887863e+01
2.180555555555555003e+01
2.500000000000000000e+01
2.847222222222221077e+01
3.222222222222221433e+01
3.625000000000000000e+01
3.472222222222222143e+01
3.069444444444444997e+01
2.694444444444444287e+01
2.347222222222222143e+01
2.027777777777777857e+01
1.736111111111111427e+01
1.472222222222222321e+01
1.236111111111111427e+01
1.027777777777778034e+01
8.472222222222223209e+00
6.944444444444446418e+00
5.694444444444446418e+00
4.722222222222223209e+00
4.027777777777779455e+00
3.611111111111112493e+00
3.472222222222223209e+00
3.611111111111112049e+00
4.027777777777777679e+00
4.722222222222223209e+00
5.694444444444444642e+00
6.944444444444442865e+00
8.472222222222223209e+00
1.027777777777777679e+01
1.236111111111110894e+01
1.472222222222222321e+01
1.736111111111110006e+01
2.027777777777777146e+01
2.347222222222222143e+01
2.694444444444443576e+01
3.069444444444443576e+01
3.472222222222222143e+01
3.347222222222222143e+01
2.944444444444444997e+01
2.569444444444443931e+01
2.222222222222222143e+01
1.902777777777777857e+01
1.611111111111111427e+01
1.347222222222222321e+01
1.111111111111111427e+01
9.027777777777780344e+00
7.222222222222223209e+00
5.694444444444446418e+00
4.444444444444445530e+00
3.472222222222222765e+00
2.777777777777778567e+00
2.361111111111112049e+00
2.222222222222222765e+00
2.361111111111111605e+00
2.777777777777777235e+00
3.472222222222222765e+00
4.444444444444444642e+00
5.694444444444442865e+00
7.222222222222223209e+00
9.027777777777776791e+00
1.111111111111110894e+01
1.347222222222222321e+01
1.611111111111110006e+01
1.902777777777777146e+01
2.222222222222222143e+01
2.569444444444443221e+01
2.944444444444443576e+01
3.347222222222222143e+01
3.250000000000000000e+01
2.847222222222222854e+01
2.472222222222221788e+01
2.125000000000000000e+01
1.805555555555555713e+01
1.513888888888889106e+01
1.250000000000000000e+01
1.013888888888889106e+01
8.055555555555557135e+00
6.250000000000000000e+00
4.722222222222223209e+00
3.472222222222222765e+00
2.500000000000000000e+00
1.805555555555556024e+00
1.388888888888889284e+00
1.250000000000000000e+00
1.388888888888888618e+00
1.805555555555554470e+00
2.500000000000000000e+00
3.472222222222221433e+00
4.722222222222219656e+00
6.250000000000000000e+00
8.055555555555553582e+00
1.013888888888888573e+01
1.250000000000000000e+01
1.513888888888887863e+01
1.805555555555555003e+01
2.125000000000000000e+01
2.472222222222221077e+01
2.847222222222221433e+01
3.250000000000000000e+01
3.180555555555555713e+01
2.777777777777778567e+01
2.402777777777777501e+01
2.055555555555555713e+01
1.736111111111111427e+01
1.444444444444444642e+01
1.180555555555555536e+01
9.444444444444446418e+00
7.361111111111113381e+00
5.555555555555556246e+00
4.027777777777779455e+00
2.777777777777778567e+00
1.805555555555556024e+00
1.111111111111112049e+00
6.944444444444454190e-01
5.555555555555560243e-01
6.944444444444446418e-01
1.111111111111110716e+00
1.805555555555556024e+00
2.777777777777777679e+00
4.027777777777775903e+00
5.555555555555556246e+00
7.361111111111109828e+00
9.444444444444441089e+00
1.180555555555555536e+01
1.444444444444443398e+01
1.736111111111110716e+01
2.055555555555555713e+01
2.402777777777776791e+01
2.777777777777777146e+01
3.180555555555555713e+01
3.138888888888888928e+01
2.736111111111111782e+01
2.361111111111110716e+01
2.013888888888888928e+01
1.694444444444444642e+01
1.402777777777778034e+01
1.138888888888888928e+01
9.027777777777780344e+00
6.944444444444446418e+00
5.138888888888889284e+00
3.611111111111112493e+00
2.361111111111112049e+00
1.388888888888889284e+00
6.944444444444454190e-01
2.777777777777787893e-01
1.388888888888893947e-01
2.777777777777780122e-01
6.944444444444439757e-01
1.388888888888889284e+00
2.361111111111110716e+00
3.611111111111108940e+00
5.138888888888889284e+00
6.944444444444442865e+00
9.027777777777775015e+00
1.138888888888888928e+01
1.402777777777776791e+01
1.694444444444443931e+01
2.013888888888888928e+01
2.361111111111110006e+01
2.736111111111110361e+01
3.138888888888888928e+01
3.125000000000000000e+01
2.722222222222222854e+01
2.347222222222221788e+01
2.000000000000000000e+01
1.680555555555555713e+01
1.388888888888889106e+01
1.125000000000000000e+01
8.888888888888891060e+00
6.805555555555557135e+00
5.000000000000000000e+00
3.472222222222223209e+00
2.222222222222222765e+00
1.250000000000000000e+00
5.555555555555560243e-01
1.388888888888893947e-01
0.000000000000000000e+00
1.388888888888886453e-01
5.555555555555545810e-01
1.250000000000000000e+00
2.222222222222221433e+00
3.472222222222219656e+00
5.000000000000000000e+00
6.805555555555553582e+00
8.888888888888885731e+00
1.125000000000000000e+01
1.388888888888887863e+01
1.680555555555555003e+01
2.000000000000000000e+01
2.347222222222221077e+01
2.722222222222221433e+01
3.125000000000000000e+01
3.138888888888888928e+01
2.736111111111111782e+01
2.361111111111110716e+01
2.013888888888888928e+01
1.694444444444444642e+01
1.402777777777778034e+01
1.138888888888888928e+01
9.027777777777780344e+00
6.944444444444445530e+00
5.138888888888888395e+00
3.611111111111112049e+00
2.361111111111111605e+00
1.388888888888888618e+00
6.944444444444446418e-01
2.777777777777780122e-01
1.388888888888886453e-01
2.777777777777772905e-01
6.944444444444431985e-01
1.388888888888888618e+00
2.361111111111110272e+00
3.611111111111108496e+00
5.138888888888888395e+00
6.944444444444441977e+00
9.027777777777775015e+00
1.138888888888888928e+01
1.402777777777776791e+01
1.694444444444443931e+01
2.013888888888888928e+01
2.361111111111110006e+01
2.736111111111110361e+01
3.138888888888888928e+01
3.180555555555555358e+01
2.777777777777778212e+01
2.402777777777777146e+01
2.055555555555555358e+01
1.736111111111111072e+01
1.444444444444444642e+01
1.180555555555555536e+01
9.444444444444446418e+00
7.361111111111111605e+00
5.555555555555554470e+00
4.027777777777777679e+00
2.777777777777777235e+00
1.805555555555554470e+00
1.111111111111110716e+00
6.944444444444439757e-01
5.555555555555545810e-01
6.944444444444431985e-01
1.111111111111109162e+00
1.805555555555554470e+00
2.777777777777775903e+00
4.027777777777774126e+00
5.555555555555554470e+00
7.361111111111108052e+00
9.444444444444441089e+00
1.180555555555555536e+01
1.444444444444443398e+01
1.736111111111110361e+01
2.055555555555555358e+01
2.402777777777776436e+01
2.777777777777776791e+01
3.180555555555555358e+01
3.250000000000000000e+01
2.847222222222222854e+01
2.472222222222221788e+01
2.125000000000000000e+01
1.805555555555555713e+01
1.513888888888889106e+01
1.250000000000000000e+01
1.013888888888889106e+01
8.055555555555557135e+00
6.250000000000000000e+00
4.722222222222223209e+00
3.472222222222222765e+00
2.500000000000000000e+00
1.805555555555556024e+00
1.388888888888889284e+00
1.250000000000000000e+00
1.388888888888888618e+00
1.805555555555554470e+00
2.500000000000000000e+00
3.472222222222221433e+00
4.722222222222219656e+00
6.250000000000000000e+00
8.055555555555553582e+00
1.013888888888888573e+01
1.250000000000000000e+01
1.513888888888887863e+01
1.805555555555555003e+01
2.125000000000000000e+01
2.472222222222221077e+01
2.847222222222221433e+01
3.250000000000000000e+01
3.347222222222222143e+01
2.944444444444444997e+01
2.569444444444443931e+01
2.222222222222222143e+01
1.902777777777777857e+01
1.611111111111111427e+01
1.347222222222222143e+01
1.111111111111111249e+01
9.027777777777778567e+00
7.222222222222221433e+00
5.694444444444444642e+00
4.444444444444444642e+00
3.472222222222221433e+00
2.777777777777777679e+00
2.361111111111110716e+00
2.222222222222221433e+00
2.361111111111110272e+00
2.777777777777775903e+00
3.472222222222221433e+00
4.444444444444442865e+00
5.694444444444441089e+00
7.222222222222221433e+00
9.027777777777775015e+00
1.111111111111110716e+01
1.347222222222222143e+01
1.611111111111110006e+01
1.902777777777777146e+01
2.222222222222222143e+01
2.569444444444443221e+01
2.944444444444443576e+01
3.347222222222222143e+01
3.472222222222222143e+01
3.069444444444444997e+01
2.694444444444443576e+01
2.347222222222222143e+01
2.027777777777777857e+01
1.736111111111111072e+01
1.472222222222221966e+01
1.236111111111111072e+01
1.027777777777777679e+01
8.472222222222219656e+00
6.944444444444442865e+00
5.694444444444442865e+00
4.722222222222219656e+00
4.027777777777775903e+00
3.611111111111108940e+00
3.472222222222219656e+00
3.611111111111108496e+00
4.027777777777774126e+00
4.722222222222219656e+00
5.694444444444441089e+00
6.944444444444439313e+00
8.472222222222219656e+00
1.027777777777777324e+01
1.236111111111110539e+01
1.472222222222221966e+01
1.736111111111110006e+01
2.027777777777777146e+01
2.347222222222222143e+01
2.694444444444442865e+01
3.069444444444443576e+01
3.472222222222222143e+01
3.625000000000000000e+01
3.222222222222222854e+01
2.847222222222221788e+01
2.500000000000000000e+01
2.180555555555555713e+01
1.888888888888889284e+01
1.625000000000000000e+01
1.388888888888889106e+01
1.180555555555555713e+01
1.000000000000000000e+01
8.472222222222223209e+00
7.222222222222223209e+00
6.250000000000000000e+00
5.555555555555556246e+00
5.138888888888889284e+00
5.000000000000000000e+00
5.138888888888888395e+00
5.555555555555554470e+00
6.250000000000000000e+00
7.222222222222221433e+00
8.472222222222219656e+00
1.000000000000000000e+01
1.180555555555555358e+01
1.388888888888888573e+01
1.625000000000000000e+01
1.888888888888887863e+01
2.180555555555555003e+01
2.500000000000000000e+01
2.847222222222221077e+01
3.222222222222221433e+01
3.625000000000000000e+01
3.805555555555555713e+01
3.402777777777778567e+01
3.027777777777777146e+01
2.680555555555555358e+01
2.361111111111111072e+01
2.069444444444444287e+01
1.805555555555555358e+01
1.569444444444444464e+01
1.361111111111111072e+01
1.180555555555555358e+01
1.027777777777777679e+01
9.027777777777776791e+00
8.055555555555553582e+00
7.361111111111109828e+00
6.944444444444442865e+00
6.805555555555553582e+00
6.944444444444441977e+00
7.361111111111108052e+00
8.055555555555553582e+00
9.027777777777775015e+00
1.027777777777777324e+01
1.180555555555555358e+01
1.361111111111110716e+01
1.569444444444443931e+01
1.805555555555555358e+01
2.069444444444443221e+01
2.361111111111110361e+01
2.680555555555555358e+01
3.027777777777776436e+01
3.402777777777777146e+01
3.805555555555555713e+01
4.013888888888888573e+01
3.611111111111111427e+01
3.236111111111110006e+01
2.888888888888888573e+01
2.569444444444444287e+01
2.277777777777777857e+01
2.013888888888888573e+01
1.777777777777777857e+01
1.569444444444444287e+01
1.388888888888888573e+01
1.236111111111110894e+01
1.111111111111110894e+01
1.013888888888888573e+01
9.444444444444441089e+00
9.027777777777775015e+00
8.888888888888885731e+00
9.027777777777775015e+00
9.444444444444441089e+00
1.013888888888888573e+01
1.111111111111110716e+01
1.236111111111110539e+01
1.388888888888888573e+01
1.569444444444443931e+01
1.777777777777777146e+01
2.013888888888888573e+01
2.277777777777776436e+01
2.569444444444443576e+01
2.888888888888888573e+01
3.236111111111110006e+01
3.611111111111110006e+01
4.013888888888888573e+01
4.250000000000000000e+01
3.847222222222222854e+01
3.472222222222221433e+01
3.125000000000000000e+01
2.805555555555555713e+01
2.513888888888889284e+01
2.250000000000000000e+01
2.013888888888889284e+01
1.805555555555555713e+01
1.625000000000000000e+01
1.472222222222222321e+01
1.347222222222222321e+01
1.250000000000000000e+01
1.180555555555555536e+01
1.138888888888888928e+01
1.125000000000000000e+01
1.138888888888888928e+01
1.180555555555555536e+01
1.250000000000000000e+01
1.347222222222222143e+01
1.472222222222221966e+01
1.625000000000000000e+01
1.805555555555555358e+01
2.013888888888888573e+01
2.250000000000000000e+01
2.513888888888887863e+01
2.805555555555555003e+01
3.125000000000000000e+01
3.472222222222221433e+01
3.847222222222221433e+01
4.250000000000000000e+01
4.513888888888887863e+01
4.111111111111110716e+01
3.736111111111110006e+01
3.388888888888887863e+01
3.069444444444443576e+01
2.777777777777777146e+01
2.513888888888887863e+01
2.277777777777777146e+01
2.069444444444443576e+01
1.888888888888887863e+01
1.736111111111110006e+01
1.611111111111110006e+01
1.513888888888887863e+01
1.444444444444443398e+01
1.402777777777776791e+01
1.388888888888887863e+01
1.402777777777776791e+01
1.444444444444443398e+01
1.513888888888887863e+01
1.611111111111110006e+01
1.736111111111110006e+01
1.888888888888887863e+01
2.069444444444443221e+01
2.277777777777776436e+01
2.513888888888887863e+01
2.777777777777775725e+01
3.069444444444442865e+01
3.388888888888887863e+01
3.736111111111108585e+01
4.111111111111109295e+01
4.513888888888887863e+01
4.805555555555555003e+01
4.402777777777777857e+01
4.027777777777777146e+01
3.680555555555555003e+01
3.361111111111110716e+01
3.069444444444444287e+01
2.805555555555555003e+01
2.569444444444444287e+01
2.361111111111110716e+01
2.180555555555555003e+01
2.027777777777777146e+01
1.902777777777777146e+01
1.805555555555555003e+01
1.736111111111110716e+01
1.694444444444443931e+01
1.680555555555555003e+01
1.694444444444443931e+01
1.736111111111110361e+01
1.805555555555555003e+01
1.902777777777777146e+01
2.027777777777777146e+01
2.180555555555555003e+01
2.361111111111110361e+01
2.569444444444443576e+01
2.805555555555555003e+01
3.069444444444442865e+01
3.361111111111110006e+01
3.680555555555555003e+01
4.027777777777775725e+01
4.402777777777776436e+01
4.805555555555555003e+01
5.125000000000000000e+01
4.722222222222222854e+01
4.347222222222221433e+01
4.000000000000000000e+01
3.680555555555555713e+01
3.388888888888889284e+01
3.125000000000000000e+01
2.888888888888889284e+01
2.680555555555555713e+01
2.500000000000000000e+01
2.347222222222222143e+01
2.222222222222222143e+01
2.125000000000000000e+01
2.055555555555555713e+01
2.013888888888888928e+01
2.000000000000000000e+01
2.013888888888888928e+01
2.055555555555555358e+01
2.125000000000000000e+01
2.222222222222222143e+01
2.347222222222222143e+01
2.500000000000000000e+01
2.680555555555555358e+01
2.888888888888888573e+01
3.125000000000000000e+01
3.388888888888887863e+01
3.680555555555555003e+01
4.000000000000000000e+01
4.347222222222221433e+01
4.722222222222221433e+01
5.125000000000000000e+01
5.472222222222221433e+01
5.069444444444444287e+01
4.694444444444442865e+01
4.347222222222221433e+01
4.027777777777777146e+01
3.736111111111110006e+01
3.472222222222221433e+01
3.236111111111110006e+01
3.027777777777776791e+01
2.847222222222221077e+01
2.694444444444443576e+01
2.569444444444443221e+01
2.472222222222221077e+01
2.402777777777776791e+01
2.361111111111110006e+01
2.347222222222221077e+01
2.361111111111110006e+01
2.402777777777776436e+01
2.472222222222221077e+01
2.569444444444443221e+01
2.694444444444442865e+01
2.847222222222221077e+01
3.027777777777776436e+01
3.236111111111110006e+01
3.472222222222221433e+01
3.736111111111108585e+01
4.027777777777775725e+01
4.347222222222221433e+01
4.694444444444442155e+01
5.069444444444442865e+01
5.472222222222221433e+01
5.847222222222221433e+01
5.444444444444444287e+01
5.069444444444442865e+01
4.722222222222221433e+01
4.402777777777777146e+01
4.111111111111110716e+01
3.847222222222221433e+01
3.611111111111110716e+01
3.402777777777777146e+01
3.222222222222221433e+01
3.069444444444443576e+01
2.944444444444443576e+01
2.847222222222221433e+01
2.777777777777777146e+01
2.736111111111110361e+01
2.722222222222221433e+01
2.736111111111110361e+01
2.777777777777776791e+01
2.847222222222221433e+01
2.944444444444443576e+01
3.069444444444443576e+01
3.222222222222221433e+01
3.402777777777777146e+01
3.611111111111110006e+01
3.847222222222221433e+01
4.111111111111109295e+01
4.402777777777776436e+01
4.722222222222221433e+01
5.069444444444442865e+01
5.444444444444442865e+01
5.847222222222221433e+01
6.250000000000000000e+01
5.847222222222222854e+01
5.472222222222221433e+01
5.125000000000000000e+01
4.805555555555555713e+01
4.513888888888889284e+01
4.250000000000000000e+01
4.013888888888889284e+01
3.805555555555555713e+01
3.625000000000000000e+01
3.472222222222222143e+01
3.347222222222222143e+01
3.250000000000000000e+01
3.180555555555555713e+01
3.138888888888888928e+01
3.125000000000000000e+01
3.138888888888888928e+01
3.180555555555555358e+01
3.250000000000000000e+01
3.347222222222222143e+01
3.472222222222222143e+01
3.625000000000000000e+01
3.805555555555555713e+01
4.013888888888888573e+01
4.250000000000000000e+01
4.513888888888887863e+01
4.805555555555555003e+01
5.125000000000000000e+01
5.472222222222221433e+01
5.847222222222221433e+01
6.250000000000000000e+01
6.263888888888888573e+01
5.861111111111111427e+01
5.486111111111110006e+01
5.138888888888888573e+01
4.819444444444444287e+01
4.527777777777777857e+01
4.263888888888888573e+01
4.027777777777777857e+01
3.819444444444444287e+01
3.638888888888888573e+01
3.486111111111110716e+01
3.361111111111110716e+01
3.263888888888888573e+01
3.194444444444444642e+01
3.152777777777777857e+01
3.138888888888888928e+01
3.152777777777777857e+01
3.194444444444444287e+01
3.263888888888888573e+01
3.361111111111110716e+01
3.486111111111110716e+01
3.638888888888888573e+01
3.819444444444444287e+01
4.027777777777777146e+01
4.263888888888888573e+01
4.527777777777776436e+01
4.819444444444443576e+01
5.138888888888888573e+01
5.486111111111110006e+01
5.861111111111110006e+01
6.263888888888888573e+01
5.861111111111111427e+01
5.458333333333334281e+01
5.083333333333332860e+01
4.736111111111111427e+01
4.416666666666667140e+01
4.125000000000000711e+01
3.861111111111111427e+01
3.625000000000000711e+01
3.416666666666667140e+01
3.236111111111111427e+01
3.083333333333333925e+01
2.958333333333333925e+01
2.861111111111111782e+01
2.791666666666667496e+01
2.750000000000000711e+01
2.736111111111111782e+01
2.750000000000000711e+01
2.791666666666667140e+01
2.861111111111111782e+01
2.958333333333333925e+01
3.083333333333333925e+01
3.236111111111111427e+01
3.416666666666667140e+01
3.625000000000000000e+01
3.861111111111111427e+01
4.124999999999999289e+01
4.416666666666666430e+01
4.736111111111111427e+01
5.083333333333332860e+01
5.458333333333332860e+01
5.861111111111111427e+01
5.486111111111110006e+01
5.083333333333332860e+01
4.708333333333332149e+01
4.361111111111110006e+01
4.041666666666665719e+01
3.749999999999999289e+01
3.486111111111110006e+01
3.249999999999999289e+01
3.041666666666666430e+01
2.861111111111110716e+01
2.708333333333333215e+01
2.583333333333332860e+01
2.486111111111110716e+01
2.416666666666666430e+01
2.374999999999999645e+01
2.361111111111110716e+01
2.374999999999999645e+01
2.416666666666666075e+01
2.486111111111110716e+01
2.583333333333332860e+01
2.708333333333332504e+01
2.861111111111110716e+01
3.041666666666666075e+01
3.249999999999998579e+01
3.486111111111110006e+01
3.749999999999998579e+01
4.041666666666665719e+01
4.361111111111110006e+01
4.708333333333331439e+01
5.083333333333331439e+01
5.486111111111110006e+01
5.138888888888888573e+01
4.736111111111111427e+01
4.361111111111110006e+01
4.013888888888888573e+01
3.694444444444444287e+01
3.402777777777777857e+01
3.138888888888888928e+01
2.902777777777778212e+01
2.694444444444444642e+01
2.513888888888888928e+01
2.361111111111111072e+01
2.236111111111111072e+01
2.138888888888888928e+01
2.069444444444444642e+01
2.027777777777777857e+01
2.013888888888888928e+01
2.027777777777777857e+01
2.069444444444444287e+01
2.138888888888888928e+01
2.236111111111111072e+01
2.361111111111111072e+01
2.513888888888888928e+01
2.694444444444444287e+01
2.902777777777777501e+01
3.138888888888888928e+01
3.402777777777776436e+01
3.694444444444443576e+01
4.013888888888888573e+01
4.361111111111110006e+01
4.736111111111110006e+01
5.138888888888888573e+01
4.819444444444444287e+01
4.416666666666667140e+01
4.041666666666665719e+01
3.694444444444444287e+01
3.375000000000000000e+01
3.083333333333333925e+01
2.819444444444444642e+01
2.583333333333333925e+01
2.375000000000000355e+01
2.194444444444444642e+01
2.041666666666666785e+01
1.916666666666666785e+01
1.819444444444444642e+01
1.750000000000000355e+01
1.708333333333333570e+01
1.694444444444444642e+01
1.708333333333333570e+01
1.750000000000000000e+01
1.819444444444444642e+01
1.916666666666666785e+01
2.041666666666666785e+01
2.194444444444444642e+01
2.375000000000000000e+01
2.583333333333333215e+01
2.819444444444444642e+01
3.083333333333332504e+01
3.374999999999999289e+01
3.694444444444444287e+01
4.041666666666665719e+01
4.416666666666665719e+01
4.819444444444444287e+01
4.527777777777777857e+01
4.125000000000000711e+01
3.749999999999999289e+01
3.402777777777777857e+01
3.083333333333333925e+01
2.791666666666667140e+01
2.527777777777778212e+01
2.291666666666667140e+01
2.083333333333333925e+01
1.902777777777778212e+01
1.750000000000000355e+01
1.625000000000000355e+01
1.527777777777778034e+01
1.458333333333333570e+01
1.416666666666666963e+01
1.402777777777778034e+01
1.416666666666666963e+01
1.458333333333333570e+01
1.527777777777778034e+01
1.625000000000000355e+01
1.750000000000000000e+01
1.902777777777778212e+01
2.083333333333333215e+01
2.291666666666666785e+01
2.527777777777778212e+01
2.791666666666666075e+01
3.083333333333333215e+01
3.402777777777777857e+01
3.749999999999998579e+01
4.124999999999999289e+01
4.527777777777777857e+01
4.263888888888888573e+01
3.861111111111111427e+01
3.486111111111110006e+01
3.138888888888888928e+01
2.819444444444444642e+01
2.527777777777778212e+01
2.263888888888888928e+01
2.027777777777778212e+01
1.819444444444444642e+01
1.638888888888888928e+01
1.486111111111111249e+01
1.361111111111111249e+01
1.263888888888888928e+01
1.194444444444444464e+01
1.152777777777777857e+01
1.138888888888888928e+01
1.152777777777777857e+01
1.194444444444444464e+01
1.263888888888888928e+01
1.361111111111111072e+01
1.486111111111110894e+01
1.638888888888888928e+01
1.819444444444444287e+01
2.027777777777777501e+01
2.263888888888888928e+01
2.527777777777776791e+01
2.819444444444443931e+01
3.138888888888888928e+01
3.486111111111110006e+01
3.861111111111110006e+01
4.263888888888888573e+01
4.027777777777777857e+01
3.625000000000000711e+01
3.249999999999999289e+01
2.902777777777778212e+01
2.583333333333333925e+01
2.291666666666667140e+01
2.027777777777778212e+01
1.791666666666667140e+01
1.583333333333333748e+01
1.402777777777778034e+01
1.250000000000000355e+01
1.125000000000000355e+01
1.027777777777778034e+01
9.583333333333335702e+00
9.166666666666669627e+00
9.027777777777780344e+00
9.166666666666669627e+00
9.583333333333335702e+00
1.027777777777778034e+01
1.125000000000000178e+01
1.250000000000000000e+01
1.402777777777778034e+01
1.583333333333333393e+01
1.791666666666666785e+01
2.027777777777778212e+01
2.291666666666666075e+01
2.583333333333333215e+01
2.902777777777778212e+01
3.249999999999998579e+01
3.624999999999999289e+01
4.027777777777777857e+01
3.819444444444444287e+01
3.416666666666667140e+01
3.041666666666666430e+01
2.694444444444444642e+01
2.375000000000000355e+01
2.083333333333333925e+01
1.819444444444444642e+01
1.583333333333333748e+01
1.375000000000000355e+01
1.194444444444444642e+01
1.041666666666666963e+01
9.166666666666669627e+00
8.194444444444446418e+00
7.500000000000001776e+00
7.083333333333334814e+00
6.944444444444445530e+00
7.083333333333333925e+00
7.500000000000000000e+00
8.194444444444446418e+00
9.166666666666667851e+00
1.041666666666666607e+01
1.194444444444444642e+01
1.375000000000000000e+01
1.583333333333333215e+01
1.819444444444444642e+01
2.083333333333332504e+01
2.374999999999999645e+01
2.694444444444444642e+01
3.041666666666665719e+01
3.416666666666665719e+01
3.819444444444444287e+01
3.638888888888888573e+01
3.236111111111111427e+01
2.861111111111110716e+01
2.513888888888888928e+01
2.194444444444444642e+01
1.902777777777778212e+01
1.638888888888888928e+01
1.402777777777778034e+01
1.194444444444444642e+01
1.013888888888888928e+01
8.611111111111112493e+00
7.361111111111111605e+00
6.388888888888888395e+00
5.694444444444444642e+00
5.277777777777777679e+00
5.138888888888888395e+00
5.277777777777776791e+00
5.694444444444442865e+00
6.388888888888888395e+00
7.361111111111109828e+00
8.611111111111108940e+00
1.013888888888888928e+01
1.194444444444444287e+01
1.402777777777777501e+01
1.638888888888888928e+01
1.902777777777776791e+01
2.194444444444443931e+01
2.513888888888888928e+01
2.861111111111110006e+01
3.236111111111110006e+01
3.638888888888888573e+01
3.486111111111110716e+01
3.083333333333333925e+01
2.708333333333333215e+01
2.361111111111111072e+01
2.041666666666666785e+01
1.750000000000000355e+01
1.486111111111111249e+01
1.250000000000000355e+01
1.041666666666666963e+01
8.611111111111112493e+00
7.083333333333334814e+00
5.833333333333334814e+00
4.861111111111111605e+00
4.166666666666667851e+00
3.750000000000001332e+00
3.611111111111112049e+00
3.750000000000000888e+00
4.166666666666666075e+00
4.861111111111111605e+00
5.833333333333333037e+00
7.083333333333331261e+00
8.611111111111112493e+00
1.041666666666666607e+01
1.249999999999999822e+01
1.486111111111111249e+01
1.749999999999998934e+01
2.041666666666666075e+01
2.361111111111111072e+01
2.708333333333332504e+01
3.083333333333332504e+01
3.486111111111110716e+01
3.361111111111110716e+01
2.958333333333333925e+01
2.583333333333332860e+01
2.236111111111111072e+01
1.916666666666666785e+01
1.625000000000000355e+01
1.361111111111111249e+01
1.125000000000000355e+01
9.166666666666669627e+00
7.361111111111111605e+00
5.833333333333334814e+00
4.583333333333333925e+00
3.611111111111111605e+00
2.916666666666667407e+00
2.500000000000000888e+00
2.361111111111111605e+00
2.500000000000000444e+00
2.916666666666666075e+00
3.611111111111111605e+00
4.583333333333333037e+00
5.833333333333331261e+00
7.361111111111111605e+00
9.166666666666666075e+00
1.124999999999999822e+01
1.361111111111111249e+01
1.624999999999998934e+01
1.916666666666666075e+01
2.236111111111111072e+01
2.583333333333332149e+01
2.958333333333332504e+01
3.361111111111110716e+01
3.263888888888888573e+01
2.861111111111111782e+01
2.486111111111110716e+01
2.138888888888888928e+01
1.819444444444444642e+01
1.527777777777778034e+01
1.263888888888888928e+01
1.027777777777778034e+01
8.194444444444446418e+00
6.388888888888888395e+00
4.861111111111111605e+00
3.611111111111111605e+00
2.638888888888888840e+00
1.944444444444444642e+00
1.527777777777777901e+00
1.388888888888888618e+00
1.527777777777777235e+00
1.944444444444443088e+00
2.638888888888888840e+00
3.611111111111110272e+00
4.861111111111108052e+00
6.388888888888888395e+00
8.194444444444442865e+00
1.027777777777777501e+01
1.263888888888888928e+01
1.527777777777776791e+01
1.819444444444443931e+01
2.138888888888888928e+01
2.486111111111110006e+01
2.861111111111110361e+01
3.263888888888888573e+01
3.194444444444444642e+01
2.791666666666667496e+01
2.416666666666666430e+01
2.069444444444444642e+01
1.750000000000000355e+01
1.458333333333333570e+01
1.194444444444444464e+01
9.583333333333335702e+00
7.500000000000001776e+00
5.694444444444444642e+00
4.166666666666667851e+00
2.916666666666667407e+00
1.944444444444444642e+00
1.250000000000000666e+00
8.333333333333340365e-01
6.944444444444446418e-01
8.333333333333332593e-01
1.249999999999999334e+00
1.944444444444444642e+00
2.916666666666666519e+00
4.166666666666664298e+00
5.694444444444444642e+00
7.499999999999998224e+00
9.583333333333330373e+00
1.194444444444444464e+01
1.458333333333332327e+01
1.749999999999999645e+01
2.069444444444444642e+01
2.416666666666665719e+01
2.791666666666666075e+01
3.194444444444444642e+01
3.152777777777777857e+01
2.750000000000000711e+01
2.374999999999999645e+01
2.027777777777777857e+01
1.708333333333333570e+01
1.416666666666666963e+01
1.152777777777777857e+01
9.166666666666669627e+00
7.083333333333334814e+00
5.277777777777777679e+00
3.750000000000001332e+00
2.500000000000000888e+00
1.527777777777777901e+00
8.333333333333340365e-01
4.166666666666674068e-01
2.777777777777780122e-01
4.166666666666666297e-01
8.333333333333325932e-01
1.527777777777777901e+00
2.499999999999999556e+00
3.749999999999997780e+00
5.277777777777777679e+00
7.083333333333331261e+00
9.166666666666664298e+00
1.152777777777777857e+01
1.416666666666665719e+01
1.708333333333332860e+01
2.027777777777777857e+01
2.374999999999998934e+01
2.749999999999999289e+01
3.152777777777777857e+01
3.138888888888888928e+01
2.736111111111111782e+01
2.361111111111110716e+01
2.013888888888888928e+01
1.694444444444444642e+01
1.402777777777778034e+01
1.138888888888888928e+01
9.027777777777780344e+00
6.944444444444445530e+00
5.138888888888888395e+00
3.611111111111112049e+00
2.361111111111111605e+00
1.388888888888888618e+00
6.944444444444446418e-01
2.777777777777780122e-01
1.388888888888886453e-01
2.777777777777772905e-01
6.944444444444431985e-01
1.388888888888888618e+00
2.361111111111110272e+00
3.611111111111108496e+00
5.138888888888888395e+00
6.944444444444441977e+00
9.027777777777775015e+00
1.138888888888888928e+01
1.402777777777776791e+01
1.694444444444443931e+01
2.013888888888888928e+01
2.361111111111110006e+01
2.736111111111110361e+01
3.138888888888888928e+01
3.152777777777777857e+01
2.750000000000000711e+01
2.374999999999999645e+01
2.027777777777777857e+01
1.708333333333333570e+01
1.416666666666666963e+01
1.152777777777777857e+01
9.166666666666669627e+00
7.083333333333333925e+00
5.277777777777776791e+00
3.750000000000000888e+00
2.500000000000000444e+00
1.527777777777777235e+00
8.333333333333332593e-01
4.166666666666666297e-01
2.777777777777772905e-01
4.166666666666659635e-01
8.333333333333318160e-01
1.527777777777777235e+00
2.499999999999999112e+00
3.749999999999997335e+00
5.277777777777776791e+00
7.083333333333330373e+00
9.166666666666664298e+00
1.152777777777777857e+01
1.416666666666665719e+01
1.708333333333332860e+01
2.027777777777777857e+01
2.374999999999998934e+01
2.749999999999999289e+01
3.152777777777777857e+01
3.194444444444444287e+01
2.791666666666667140e+01
2.416666666666666075e+01
2.069444444444444287e+01
1.750000000000000000e+01
1.458333333333333570e+01
1.194444444444444464e+01
9.583333333333335702e+00
7.500000000000000000e+00
5.694444444444442865e+00
4.166666666666666075e+00
2.916666666666666075e+00
1.944444444444443088e+00
1.249999999999999334e+00
8.333333333333325932e-01
6.944444444444431985e-01
8.333333333333318160e-01
1.249999999999997780e+00
1.944444444444443088e+00
2.916666666666664742e+00
4.166666666666662522e+00
5.694444444444442865e+00
7.499999999999996447e+00
9.583333333333330373e+00
1.194444444444444464e+01
1.458333333333332327e+01
1.749999999999999289e+01
2.069444444444444287e+01
2.416666666666665364e+01
2.791666666666665719e+01
3.194444444444444287e+01
3.263888888888888573e+01
2.861111111111111782e+01
2.486111111111110716e+01
2.138888888888888928e+01
1.819444444444444642e+01
1.527777777777778034e+01
1.263888888888888928e+01
1.027777777777778034e+01
8.194444444444446418e+00
6.388888888888888395e+00
4.861111111111111605e+00
3.611111111111111605e+00
2.638888888888888840e+00
1.944444444444444642e+00
1.527777777777777901e+00
1.388888888888888618e+00
1.527777777777777235e+00
1.944444444444443088e+00
2.638888888888888840e+00
3.611111111111110272e+00
4.861111111111108052e+00
6.388888888888888395e+00
8.194444444444442865e+00
1.027777777777777501e+01
1.263888888888888928e+01
1.527777777777776791e+01
1.819444444444443931e+01
2.138888888888888928e+01
2.486111111111110006e+01
2.861111111111110361e+01
3.263888888888888573e+01
3.361111111111110716e+01
2.958333333333333925e+01
2.583333333333332860e+01
2.236111111111111072e+01
1.916666666666666785e+01
1.625000000000000355e+01
1.361111111111111072e+01
1.125000000000000178e+01
9.166666666666667851e+00
7.361111111111109828e+00
5.833333333333333037e+00
4.583333333333333037e+00
3.611111111111110272e+00
2.916666666666666519e+00
2.499999999999999556e+00
2.361111111111110272e+00
2.499999999999999112e+00
2.916666666666664742e+00
3.611111111111110272e+00
4.583333333333331261e+00
5.833333333333329485e+00
7.361111111111109828e+00
9.166666666666664298e+00
1.124999999999999645e+01
1.361111111111111072e+01
1.624999999999998934e+01
1.916666666666666075e+01
2.236111111111111072e+01
2.583333333333332149e+01
2.958333333333332504e+01
3.361111111111110716e+01
3.486111111111110716e+01
3.083333333333333925e+01
2.708333333333332504e+01
2.361111111111111072e+01
2.041666666666666785e+01
1.750000000000000000e+01
1.486111111111110894e+01
1.250000000000000000e+01
1.041666666666666607e+01
8.611111111111108940e+00
7.083333333333331261e+00
5.833333333333331261e+00
4.861111111111108052e+00
4.166666666666664298e+00
3.749999999999997780e+00
3.611111111111108496e+00
3.749999999999997335e+00
4.166666666666662522e+00
4.861111111111108052e+00
5.833333333333329485e+00
7.083333333333327708e+00
8.611111111111108940e+00
1.041666666666666252e+01
1.249999999999999467e+01
1.486111111111110894e+01
1.749999999999998934e+01
2.041666666666666075e+01
2.361111111111111072e+01
2.708333333333331794e+01
3.083333333333332504e+01
3.486111111111110716e+01
3.638888888888888573e+01
3.236111111111111427e+01
2.861111111111110716e+01
2.513888888888888928e+01
2.194444444444444642e+01
1.902777777777778212e+01
1.638888888888888928e+01
1.402777777777778034e+01
1.194444444444444642e+01
1.013888888888888928e+01
8.611111111111112493e+00
7.361111111111111605e+00
6.388888888888888395e+00
5.694444444444444642e+00
5.277777777777777679e+00
5.138888888888888395e+00
5.277777777777776791e+00
5.694444444444442865e+00
6.388888888888888395e+00
7.361111111111109828e+00
8.611111111111108940e+00
1.013888888888888928e+01
1.194444444444444287e+01
1.402777777777777501e+01
1.638888888888888928e+01
1.902777777777776791e+01
2.194444444444443931e+01
2.513888888888888928e+01
2.861111111111110006e+01
3.236111111111110006e+01
3.638888888888888573e+01
3.819444444444444287e+01
3.416666666666667140e+01
3.041666666666666075e+01
2.694444444444444287e+01
2.375000000000000000e+01
2.083333333333333215e+01
1.819444444444444287e+01
1.583333333333333393e+01
1.375000000000000000e+01
1.194444444444444287e+01
1.041666666666666607e+01
9.166666666666666075e+00
8.194444444444442865e+00
7.499999999999998224e+00
7.083333333333331261e+00
6.944444444444441977e+00
7.083333333333330373e+00
7.499999999999996447e+00
8.194444444444442865e+00
9.166666666666664298e+00
1.041666666666666252e+01
1.194444444444444287e+01
1.374999999999999645e+01
1.583333333333332860e+01
1.819444444444444287e+01
2.083333333333332149e+01
2.374999999999999289e+01
2.694444444444444287e+01
3.041666666666665364e+01
3.416666666666665719e+01
3.819444444444444287e+01
4.027777777777777146e+01
3.625000000000000000e+01
3.249999999999998579e+01
2.902777777777777501e+01
2.583333333333333215e+01
2.291666666666666785e+01
2.027777777777777501e+01
1.791666666666666785e+01
1.583333333333333215e+01
1.402777777777777501e+01
1.249999999999999822e+01
1.124999999999999822e+01
1.027777777777777501e+01
9.583333333333330373e+00
9.166666666666664298e+00
9.027777777777775015e+00
9.166666666666664298e+00
9.583333333333330373e+00
1.027777777777777501e+01
1.124999999999999645e+01
1.249999999999999467e+01
1.402777777777777501e+01
1.583333333333332860e+01
1.791666666666666075e+01
2.027777777777777501e+01
2.291666666666665364e+01
2.583333333333332504e+01
2.902777777777777501e+01
3.249999999999998579e+01
3.624999999999998579e+01
4.027777777777777146e+01
4.263888888888888573e+01
3.861111111111111427e+01
3.486111111111110006e+01
3.138888888888888928e+01
2.819444444444444642e+01
2.527777777777778212e+01
2.263888888888888928e+01
2.027777777777778212e+01
1.819444444444444642e+01
1.638888888888888928e+01
1.486111111111111249e+01
1.361111111111111249e+01
1.263888888888888928e+01
1.194444444444444464e+01
1.152777777777777857e+01
1.138888888888888928e+01
1.152777777777777857e+01
1.194444444444444464e+01
1.263888888888888928e+01
1.361111111111111072e+01
1.486111111111110894e+01
1.638888888888888928e+01
1.819444444444444287e+01
2.027777777777777501e+01
2.263888888888888928e+01
2.527777777777776791e+01
2.819444444444443931e+01
3.138888888888888928e+01
3.486111111111110006e+01
3.861111111111110006e+01
4.263888888888888573e+01
4.527777777777776436e+01
4.124999999999999289e+01
3.749999999999998579e+01
3.402777777777776436e+01
3.083333333333332504e+01
2.791666666666666075e+01
2.527777777777776791e+01
2.291666666666666075e+01
2.083333333333332504e+01
1.902777777777776791e+01
1.749999999999998934e+01
1.624999999999998934e+01
1.527777777777776791e+01
1.458333333333332327e+01
1.416666666666665719e+01
1.402777777777776791e+01
1.416666666666665719e+01
1.458333333333332327e+01
1.527777777777776791e+01
1.624999999999998934e+01
1.749999999999998934e+01
1.902777777777776791e+01
2.083333333333332149e+01
2.291666666666665364e+01
2.527777777777776791e+01
2.791666666666664653e+01
3.083333333333331794e+01
3.402777777777776436e+01
3.749999999999997158e+01
4.124999999999997868e+01
4.527777777777776436e+01
4.819444444444443576e+01
4.416666666666666430e+01
4.041666666666665719e+01
3.694444444444443576e+01
3.374999999999999289e+01
3.083333333333333215e+01
2.819444444444443931e+01
2.583333333333333215e+01
2.374999999999999645e+01
2.194444444444443931e+01
2.041666666666666075e+01
1.916666666666666075e+01
1.819444444444443931e+01
1.749999999999999645e+01
1.708333333333332860e+01
1.694444444444443931e+01
1.708333333333332860e+01
1.749999999999999289e+01
1.819444444444443931e+01
1.916666666666666075e+01
2.041666666666666075e+01
2.194444444444443931e+01
2.374999999999999289e+01
2.583333333333332504e+01
2.819444444444443931e+01
3.083333333333331794e+01
3.374999999999998579e+01
3.694444444444443576e+01
4.041666666666664298e+01
4.416666666666665009e+01
4.819444444444443576e+01
5.138888888888888573e+01
4.736111111111111427e+01
4.361111111111110006e+01
4.013888888888888573e+01
3.694444444444444287e+01
3.402777777777777857e+01
3.138888888888888928e+01
2.902777777777778212e+01
2.694444444444444642e+01
2.513888888888888928e+01
2.361111111111111072e+01
2.236111111111111072e+01
2.138888888888888928e+01
2.069444444444444642e+01
2.027777777777777857e+01
2.013888888888888928e+01
2.027777777777777857e+01
2.069444444444444287e+01
2.138888888888888928e+01
2.236111111111111072e+01
2.361111111111111072e+01
2.513888888888888928e+01
2.694444444444444287e+01
2.902777777777777501e+01
3.138888888888888928e+01
3.402777777777776436e+01
3.694444444444443576e+01
4.013888888888888573e+01
4.361111111111110006e+01
4.736111111111110006e+01
5.138888888888888573e+01
5.486111111111110006e+01
5.083333333333332860e+01
4.708333333333331439e+01
4.361111111111110006e+01
4.041666666666665719e+01
3.749999999999998579e+01
3.486111111111110006e+01
3.249999999999998579e+01
3.041666666666665719e+01
2.861111111111110006e+01
2.708333333333332504e+01
2.583333333333332149e+01
2.486111111111110006e+01
2.416666666666665719e+01
2.374999999999998934e+01
2.361111111111110006e+01
2.374999999999998934e+01
2.416666666666665364e+01
2.486111111111110006e+01
2.583333333333332149e+01
2.708333333333331794e+01
2.861111111111110006e+01
3.041666666666665364e+01
3.249999999999998579e+01
3.486111111111110006e+01
3.749999999999997158e+01
4.041666666666664298e+01
4.361111111111110006e+01
4.708333333333330728e+01
5.083333333333331439e+01
5.486111111111110006e+01
5.861111111111110006e+01
5.458333333333332860e+01
5.083333333333331439e+01
4.736111111111110006e+01
4.416666666666665719e+01
4.124999999999999289e+01
3.861111111111110006e+01
3.624999999999999289e+01
3.416666666666665719e+01
3.236111111111110006e+01
3.083333333333332504e+01
2.958333333333332504e+01
2.861111111111110361e+01
2.791666666666666075e+01
2.749999999999999289e+01
2.736111111111110361e+01
2.749999999999999289e+01
2.791666666666665719e+01
2.861111111111110361e+01
2.958333333333332504e+01
3.083333333333332504e+01
3.236111111111110006e+01
3.416666666666665719e+01
3.624999999999998579e+01
3.861111111111110006e+01
4.124999999999997868e+01
4.416666666666665009e+01
4.736111111111110006e+01
5.083333333333331439e+01
5.458333333333331439e+01
5.861111111111110006e+01
6.263888888888888573e+01
5.861111111111111427e+01
5.486111111111110006e+01
5.138888888888888573e+01
4.819444444444444287e+01
4.527777777777777857e+01
4.263888888888888573e+01
4.027777777777777857e+01
3.819444444444444287e+01
3.638888888888888573e+01
3.486111111111110716e+01
3.361111111111110716e+01
3.263888888888888573e+01
3.194444444444444642e+01
3.152777777777777857e+01
3.138888888888888928e+01
3.152777777777777857e+01
3.194444444444444287e+01
3.263888888888888573e+01
3.361111111111110716e+01
3.486111111111110716e+01
3.638888888888888573e+01
3.819444444444444287e+01
4.027777777777777146e+01
4.263888888888888573e+01
4.527777777777776436e+01
4.819444444444443576e+01
5.138888888888888573e+01
5.486111111111110006e+01
5.861111111111110006e+01
6.263888888888888573e+01
6.305555555555555713e+01
5.902777777777778567e+01
5.527777777777777146e+01
5.180555555555555713e+01
4.861111111111111427e+01
4.569444444444444997e+01
4.305555555555555713e+01
4.069444444444444997e+01
3.861111111111111427e+01
3.680555555555555713e+01
3.527777777777777857e+01
3.402777777777777857e+01
3.305555555555555713e+01
3.236111111111111427e+01
3.194444444444444287e+01
3.180555555555555358e+01
3.194444444444444287e+01
3.236111111111110716e+01
3.305555555555555713e+01
3.402777777777777857e+01
3.527777777777777857e+01
3.680555555555555713e+01
3.861111111111111427e+01
4.069444444444444287e+01
4.305555555555555713e+01
4.569444444444443576e+01
4.861111111111110716e+01
5.180555555555555713e+01
5.527777777777777146e+01
5.902777777777777146e+01
6.305555555555555713e+01
5.902777777777778567e+01
5.500000000000001421e+01
5.125000000000000000e+01
4.777777777777778567e+01
4.458333333333334281e+01
4.166666666666667851e+01
3.902777777777778567e+01
3.666666666666667851e+01
3.458333333333334281e+01
3.277777777777778567e+01
3.125000000000000355e+01
3.000000000000000355e+01
2.902777777777778212e+01
2.833333333333333925e+01
2.791666666666667140e+01
2.777777777777778212e+01
2.791666666666667140e+01
2.833333333333333570e+01
2.902777777777778212e+01
3.000000000000000355e+01
3.125000000000000355e+01
3.277777777777778567e+01
3.458333333333334281e+01
3.666666666666667140e+01
3.902777777777778567e+01
4.166666666666666430e+01
4.458333333333333570e+01
4.777777777777778567e+01
5.125000000000000000e+01
5.500000000000000000e+01
5.902777777777778567e+01
5.527777777777777146e+01
5.125000000000000000e+01
4.749999999999999289e+01
4.402777777777777146e+01
4.083333333333332860e+01
3.791666666666666430e+01
3.527777777777777146e+01
3.291666666666666430e+01
3.083333333333332860e+01
2.902777777777777146e+01
2.749999999999999645e+01
2.624999999999999289e+01
2.527777777777777146e+01
2.458333333333332860e+01
2.416666666666666075e+01
2.402777777777777146e+01
2.416666666666666075e+01
2.458333333333332504e+01
2.527777777777777146e+01
2.624999999999999289e+01
2.749999999999998934e+01
2.902777777777777146e+01
3.083333333333332504e+01
3.291666666666665719e+01
3.527777777777777146e+01
3.791666666666665719e+01
4.083333333333332860e+01
4.402777777777777146e+01
4.749999999999998579e+01
5.124999999999998579e+01
5.527777777777777146e+01
5.180555555555555713e+01
4.777777777777778567e+01
4.402777777777777146e+01
4.055555555555555713e+01
3.736111111111111427e+01
3.444444444444444997e+01
3.180555555555555358e+01
2.944444444444444642e+01
2.736111111111111072e+01
2.555555555555555358e+01
2.402777777777777501e+01
2.277777777777777501e+01
2.180555555555555358e+01
2.111111111111111072e+01
2.069444444444444287e+01
2.055555555555555358e+01
2.069444444444444287e+01
2.111111111111110716e+01
2.180555555555555358e+01
2.277777777777777501e+01
2.402777777777777501e+01
2.555555555555555358e+01
2.736111111111110716e+01
2.944444444444443931e+01
3.180555555555555358e+01
3.444444444444443576e+01
3.736111111111110716e+01
4.055555555555555713e+01
4.402777777777777146e+01
4.777777777777777146e+01
5.180555555555555713e+01
4.861111111111111427e+01
4.458333333333334281e+01
4.083333333333332860e+01
3.736111111111111427e+01
3.416666666666667140e+01
3.125000000000000355e+01
2.861111111111111072e+01
2.625000000000000355e+01
2.416666666666666785e+01
2.236111111111111072e+01
2.083333333333333215e+01
1.958333333333333215e+01
1.861111111111111072e+01
1.791666666666666785e+01
1.750000000000000000e+01
1.736111111111111072e+01
1.750000000000000000e+01
1.791666666666666430e+01
1.861111111111111072e+01
1.958333333333333215e+01
2.083333333333333215e+01
2.236111111111111072e+01
2.416666666666666430e+01
2.624999999999999645e+01
2.861111111111111072e+01
3.124999999999998934e+01
3.416666666666666430e+01
3.736111111111111427e+01
4.083333333333332860e+01
4.458333333333332860e+01
4.861111111111111427e+01
4.569444444444444997e+01
4.166666666666667851e+01
3.791666666666666430e+01
3.444444444444444997e+01
3.125000000000000355e+01
2.833333333333333570e+01
2.569444444444444642e+01
2.333333333333333570e+01
2.125000000000000355e+01
1.944444444444444642e+01
1.791666666666666785e+01
1.666666666666666785e+01
1.569444444444444642e+01
1.500000000000000178e+01
1.458333333333333570e+01
1.444444444444444642e+01
1.458333333333333570e+01
1.500000000000000178e+01
1.569444444444444642e+01
1.666666666666666785e+01
1.791666666666666430e+01
1.944444444444444642e+01
2.124999999999999645e+01
2.333333333333333215e+01
2.569444444444444642e+01
2.833333333333332504e+01
3.124999999999999645e+01
3.444444444444444997e+01
3.791666666666665719e+01
4.166666666666666430e+01
4.569444444444444997e+01
4.305555555555555713e+01
3.902777777777778567e+01
3.527777777777777146e+01
3.180555555555555358e+01
2.861111111111111072e+01
2.569444444444444642e+01
2.305555555555555358e+01
2.069444444444444642e+01
1.861111111111111072e+01
1.680555555555555358e+01
1.527777777777777857e+01
1.402777777777777857e+01
1.305555555555555536e+01
1.236111111111111072e+01
1.194444444444444464e+01
1.180555555555555536e+01
1.194444444444444464e+01
1.236111111111111072e+01
1.305555555555555536e+01
1.402777777777777679e+01
1.527777777777777501e+01
1.680555555555555358e+01
1.861111111111110716e+01
2.069444444444443931e+01
2.305555555555555358e+01
2.569444444444443221e+01
2.861111111111110361e+01
3.180555555555555358e+01
3.527777777777777146e+01
3.902777777777777146e+01
4.305555555555555713e+01
4.069444444444444997e+01
3.666666666666667851e+01
3.291666666666666430e+01
2.944444444444444642e+01
2.625000000000000355e+01
2.333333333333333570e+01
2.069444444444444642e+01
1.833333333333333570e+01
1.625000000000000355e+01
1.444444444444444642e+01
1.291666666666666963e+01
1.166666666666666963e+01
1.069444444444444642e+01
1.000000000000000178e+01
9.583333333333335702e+00
9.444444444444446418e+00
9.583333333333335702e+00
1.000000000000000178e+01
1.069444444444444642e+01
1.166666666666666785e+01
1.291666666666666607e+01
1.444444444444444642e+01
1.625000000000000000e+01
1.833333333333333215e+01
2.069444444444444642e+01
2.333333333333332504e+01
2.624999999999999645e+01
2.944444444444444642e+01
3.291666666666665719e+01
3.666666666666666430e+01
4.069444444444444997e+01
3.861111111111111427e+01
3.458333333333334281e+01
3.083333333333332860e+01
2.736111111111111072e+01
2.416666666666666785e+01
2.125000000000000355e+01
1.861111111111111072e+01
1.625000000000000355e+01
1.416666666666666963e+01
1.236111111111111249e+01
1.083333333333333570e+01
9.583333333333335702e+00
8.611111111111112493e+00
7.916666666666667851e+00
7.500000000000000888e+00
7.361111111111111605e+00
7.500000000000000000e+00
7.916666666666666075e+00
8.611111111111112493e+00
9.583333333333333925e+00
1.083333333333333215e+01
1.236111111111111249e+01
1.416666666666666607e+01
1.624999999999999645e+01
1.861111111111111072e+01
2.124999999999998934e+01
2.416666666666666075e+01
2.736111111111111072e+01
3.083333333333332149e+01
3.458333333333332860e+01
3.861111111111111427e+01
3.680555555555555713e+01
3.277777777777778567e+01
2.902777777777777146e+01
2.555555555555555358e+01
2.236111111111111072e+01
1.944444444444444642e+01
1.680555555555555358e+01
1.444444444444444642e+01
1.236111111111111249e+01
1.055555555555555536e+01
9.027777777777778567e+00
7.777777777777777679e+00
6.805555555555554470e+00
6.111111111111110716e+00
5.694444444444443754e+00
5.555555555555554470e+00
5.694444444444442865e+00
6.111111111111108940e+00
6.805555555555554470e+00
7.777777777777775903e+00
9.027777777777775015e+00
1.055555555555555536e+01
1.236111111111110894e+01
1.444444444444444109e+01
1.680555555555555358e+01
1.944444444444443221e+01
2.236111111111110361e+01
2.555555555555555358e+01
2.902777777777776436e+01
3.277777777777777146e+01
3.680555555555555713e+01
3.527777777777777857e+01
3.125000000000000355e+01
2.749999999999999645e+01
2.402777777777777501e+01
2.083333333333333215e+01
1.791666666666666785e+01
1.527777777777777857e+01
1.291666666666666963e+01
1.083333333333333570e+01
9.027777777777778567e+00
7.500000000000000888e+00
6.250000000000000888e+00
5.277777777777777679e+00
4.583333333333333925e+00
4.166666666666666963e+00
4.027777777777777679e+00
4.166666666666666963e+00
4.583333333333332149e+00
5.277777777777777679e+00
6.249999999999999112e+00
7.499999999999997335e+00
9.027777777777778567e+00
1.083333333333333215e+01
1.291666666666666430e+01
1.527777777777777857e+01
1.791666666666665364e+01
2.083333333333332504e+01
2.402777777777777501e+01
2.749999999999998934e+01
3.124999999999998934e+01
3.527777777777777857e+01
3.402777777777777857e+01
3.000000000000000355e+01
2.624999999999999289e+01
2.277777777777777501e+01
1.958333333333333215e+01
1.666666666666666785e+01
1.402777777777777857e+01
1.166666666666666963e+01
9.583333333333335702e+00
7.777777777777777679e+00
6.250000000000000888e+00
5.000000000000000000e+00
4.027777777777777679e+00
3.333333333333333037e+00
2.916666666666666519e+00
2.777777777777777235e+00
2.916666666666666075e+00
3.333333333333331705e+00
4.027777777777777679e+00
4.999999999999999112e+00
6.249999999999997335e+00
7.777777777777777679e+00
9.583333333333332149e+00
1.166666666666666430e+01
1.402777777777777857e+01
1.666666666666665364e+01
1.958333333333332504e+01
2.277777777777777501e+01
2.624999999999998579e+01
2.999999999999998934e+01
3.402777777777777857e+01
3.305555555555555713e+01
2.902777777777778212e+01
2.527777777777777146e+01
2.180555555555555358e+01
1.861111111111111072e+01
1.569444444444444642e+01
1.305555555555555536e+01
1.069444444444444642e+01
8.611111111111112493e+00
6.805555555555554470e+00
5.277777777777777679e+00
4.027777777777777679e+00
3.055555555555554470e+00
2.361111111111110716e+00
1.944444444444443754e+00
1.805555555555554470e+00
1.944444444444443310e+00
2.361111111111108940e+00
3.055555555555554470e+00
4.027777777777775903e+00
5.277777777777774126e+00
6.805555555555554470e+00
8.611111111111108940e+00
1.069444444444444109e+01
1.305555555555555536e+01
1.569444444444443398e+01
1.861111111111110361e+01
2.180555555555555358e+01
2.527777777777776436e+01
2.902777777777776791e+01
3.305555555555555713e+01
3.236111111111111427e+01
2.833333333333333925e+01
2.458333333333332860e+01
2.111111111111111072e+01
1.791666666666666785e+01
1.500000000000000178e+01
1.236111111111111072e+01
1.000000000000000178e+01
7.916666666666667851e+00
6.111111111111110716e+00
4.583333333333333925e+00
3.333333333333333037e+00
2.361111111111110716e+00
1.666666666666666519e+00
1.250000000000000000e+00
1.111111111111110716e+00
1.249999999999999112e+00
1.666666666666665186e+00
2.361111111111110716e+00
3.333333333333332149e+00
4.583333333333330373e+00
6.111111111111110716e+00
7.916666666666664298e+00
9.999999999999996447e+00
1.236111111111111072e+01
1.499999999999998934e+01
1.791666666666666075e+01
2.111111111111111072e+01
2.458333333333332149e+01
2.833333333333332504e+01
3.236111111111111427e+01
3.194444444444444287e+01
2.791666666666667140e+01
2.416666666666666075e+01
2.069444444444444287e+01
1.750000000000000000e+01
1.458333333333333570e+01
1.194444444444444464e+01
9.583333333333335702e+00
7.500000000000000888e+00
5.694444444444443754e+00
4.166666666666666963e+00
2.916666666666666519e+00
1.944444444444443754e+00
1.250000000000000000e+00
8.333333333333333703e-01
6.944444444444439757e-01
8.333333333333325932e-01
1.249999999999998668e+00
1.944444444444443754e+00
2.916666666666665186e+00
4.166666666666663410e+00
5.694444444444443754e+00
7.499999999999997335e+00
9.583333333333330373e+00
1.194444444444444464e+01
1.458333333333332327e+01
1.749999999999999289e+01
2.069444444444444287e+01
2.416666666666665364e+01
2.791666666666665719e+01
3.194444444444444287e+01
3.180555555555555358e+01
2.777777777777778212e+01
2.402777777777777146e+01
2.055555555555555358e+01
1.736111111111111072e+01
1.444444444444444642e+01
1.180555555555555536e+01
9.444444444444446418e+00
7.361111111111111605e+00
5.555555555555554470e+00
4.027777777777777679e+00
2.777777777777777235e+00
1.805555555555554470e+00
1.111111111111110716e+00
6.944444444444439757e-01
5.555555555555545810e-01
6.944444444444431985e-01
1.111111111111109162e+00
1.805555555555554470e+00
2.777777777777775903e+00
4.027777777777774126e+00
5.555555555555554470e+00
7.361111111111108052e+00
9.444444444444441089e+00
1.180555555555555536e+01
1.444444444444443398e+01
1.736111111111110361e+01
2.055555555555555358e+01
2.402777777777776436e+01
2.777777777777776791e+01
3.180555555555555358e+01
3.194444444444444287e+01
2.791666666666667140e+01
2.416666666666666075e+01
2.069444444444444287e+01
1.750000000000000000e+01
1.458333333333333570e+01
1.194444444444444464e+01
9.583333333333335702e+00
7.500000000000000000e+00
5.694444444444442865e+00
4.166666666666666963e+00
2.916666666666666075e+00
1.944444444444443310e+00
1.249999999999999112e+00
8.333333333333325932e-01
6.944444444444431985e-01
8.333333333333319271e-01
1.249999999999997780e+00
1.944444444444443310e+00
2.916666666666664742e+00
4.166666666666663410e+00
5.694444444444442865e+00
7.499999999999996447e+00
9.583333333333330373e+00
1.194444444444444464e+01
1.458333333333332327e+01
1.749999999999999289e+01
2.069444444444444287e+01
2.416666666666665364e+01
2.791666666666665719e+01
3.194444444444444287e+01
3.236111111111110716e+01
2.833333333333333570e+01
2.458333333333332504e+01
2.111111111111110716e+01
1.791666666666666430e+01
1.500000000000000178e+01
1.236111111111111072e+01
1.000000000000000178e+01
7.916666666666666075e+00
6.111111111111108940e+00
4.583333333333332149e+00
3.333333333333331705e+00
2.361111111111108940e+00
1.666666666666665186e+00
1.249999999999998668e+00
1.111111111111109162e+00
1.249999999999997780e+00
1.666666666666663854e+00
2.361111111111108940e+00
3.333333333333330373e+00
4.583333333333328596e+00
6.111111111111108940e+00
7.916666666666662522e+00
9.999999999999996447e+00
1.236111111111111072e+01
1.499999999999998934e+01
1.791666666666665719e+01
2.111111111111110716e+01
2.458333333333331794e+01
2.833333333333332149e+01
3.236111111111110716e+01
3.305555555555555713e+01
2.902777777777778212e+01
2.527777777777777146e+01
2.180555555555555358e+01
1.861111111111111072e+01
1.569444444444444642e+01
1.305555555555555536e+01
1.069444444444444642e+01
8.611111111111112493e+00
6.805555555555554470e+00
5.277777777777777679e+00
4.027777777777777679e+00
3.055555555555554470e+00
2.361111111111110716e+00
1.944444444444443754e+00
1.805555555555554470e+00
1.944444444444443310e+00
2.361111111111108940e+00
3.055555555555554470e+00
4.027777777777775903e+00
5.277777777777774126e+00
6.805555555555554470e+00
8.611111111111108940e+00
1.069444444444444109e+01
1.305555555555555536e+01
1.569444444444443398e+01
1.861111111111110361e+01
2.180555555555555358e+01
2.527777777777776436e+01
2.902777777777776791e+01
3.305555555555555713e+01
3.402777777777777857e+01
3.000000000000000355e+01
2.624999999999999289e+01
2.277777777777777501e+01
1.958333333333333215e+01
1.666666666666666785e+01
1.402777777777777679e+01
1.166666666666666785e+01
9.583333333333333925e+00
7.777777777777775903e+00
6.249999999999999112e+00
4.999999999999999112e+00
4.027777777777775903e+00
3.333333333333332149e+00
2.916666666666665186e+00
2.777777777777775903e+00
2.916666666666664742e+00
3.333333333333330373e+00
4.027777777777775903e+00
4.999999999999997335e+00
6.249999999999995559e+00
7.777777777777775903e+00
9.583333333333330373e+00
1.166666666666666252e+01
1.402777777777777679e+01
1.666666666666665364e+01
1.958333333333332504e+01
2.277777777777777501e+01
2.624999999999998579e+01
2.999999999999998934e+01
3.402777777777777857e+01
3.527777777777777857e+01
3.125000000000000355e+01
2.749999999999998934e+01
2.402777777777777501e+01
2.083333333333333215e+01
1.791666666666666430e+01
1.527777777777777501e+01
1.291666666666666607e+01
1.083333333333333215e+01
9.027777777777775015e+00
7.499999999999997335e+00
6.249999999999997335e+00
5.277777777777774126e+00
4.583333333333330373e+00
4.166666666666663410e+00
4.027777777777774126e+00
4.166666666666663410e+00
4.583333333333328596e+00
5.277777777777774126e+00
6.249999999999995559e+00
7.499999999999993783e+00
9.027777777777775015e+00
1.083333333333332860e+01
1.291666666666666075e+01
1.527777777777777501e+01
1.791666666666665364e+01
2.083333333333332504e+01
2.402777777777777501e+01
2.749999999999998224e+01
3.124999999999998934e+01
3.527777777777777857e+01
3.680555555555555713e+01
3.277777777777778567e+01
2.902777777777777146e+01
2.555555555555555358e+01
2.236111111111111072e+01
1.944444444444444642e+01
1.680555555555555358e+01
1.444444444444444642e+01
1.236111111111111249e+01
1.055555555555555536e+01
9.027777777777778567e+00
7.777777777777777679e+00
6.805555555555554470e+00
6.111111111111110716e+00
5.694444444444443754e+00
5.555555555555554470e+00
5.694444444444442865e+00
6.111111111111108940e+00
6.805555555555554470e+00
7.777777777777775903e+00
9.027777777777775015e+00
1.055555555555555536e+01
1.236111111111110894e+01
1.444444444444444109e+01
1.680555555555555358e+01
1.944444444444443221e+01
2.236111111111110361e+01
2.555555555555555358e+01
2.902777777777776436e+01
3.277777777777777146e+01
3.680555555555555713e+01
3.861111111111111427e+01
3.458333333333334281e+01
3.083333333333332504e+01
2.736111111111110716e+01
2.416666666666666430e+01
2.124999999999999645e+01
1.861111111111110716e+01
1.625000000000000000e+01
1.416666666666666607e+01
1.236111111111110894e+01
1.083333333333333215e+01
9.583333333333332149e+00
8.611111111111108940e+00
7.916666666666664298e+00
7.499999999999997335e+00
7.361111111111108052e+00
7.499999999999996447e+00
7.916666666666662522e+00
8.611111111111108940e+00
9.583333333333330373e+00
1.083333333333332860e+01
1.236111111111110894e+01
1.416666666666666252e+01
1.624999999999999289e+01
1.861111111111110716e+01
2.124999999999998579e+01
2.416666666666665719e+01
2.736111111111110716e+01
3.083333333333331794e+01
3.458333333333332860e+01
3.861111111111111427e+01
4.069444444444444287e+01
3.666666666666667140e+01
3.291666666666665719e+01
2.944444444444443931e+01
2.624999999999999645e+01
2.333333333333333215e+01
2.069444444444443931e+01
1.833333333333333215e+01
1.624999999999999645e+01
1.444444444444444109e+01
1.291666666666666430e+01
1.166666666666666430e+01
1.069444444444444109e+01
9.999999999999996447e+00
9.583333333333330373e+00
9.444444444444441089e+00
9.583333333333330373e+00
9.999999999999996447e+00
1.069444444444444109e+01
1.166666666666666252e+01
1.291666666666666075e+01
1.444444444444444109e+01
1.624999999999999289e+01
1.833333333333332504e+01
2.069444444444443931e+01
2.333333333333331794e+01
2.624999999999998934e+01
2.944444444444443931e+01
3.291666666666665719e+01
3.666666666666665719e+01
4.069444444444444287e+01
4.305555555555555713e+01
3.902777777777778567e+01
3.527777777777777146e+01
3.180555555555555358e+01
2.861111111111111072e+01
2.569444444444444642e+01
2.305555555555555358e+01
2.069444444444444642e+01
1.861111111111111072e+01
1.680555555555555358e+01
1.527777777777777857e+01
1.402777777777777857e+01
1.305555555555555536e+01
1.236111111111111072e+01
1.194444444444444464e+01
1.180555555555555536e+01
1.194444444444444464e+01
1.236111111111111072e+01
1.305555555555555536e+01
1.402777777777777679e+01
1.527777777777777501e+01
1.680555555555555358e+01
1.861111111111110716e+01
2.069444444444443931e+01
2.305555555555555358e+01
2.569444444444443221e+01
2.861111111111110361e+01
3.180555555555555358e+01
3.527777777777777146e+01
3.902777777777777146e+01
4.305555555555555713e+01
4.569444444444443576e+01
4.166666666666666430e+01
3.791666666666665719e+01
3.444444444444443576e+01
3.124999999999998934e+01
2.833333333333332504e+01
2.569444444444443221e+01
2.333333333333332504e+01
2.124999999999998934e+01
1.944444444444443221e+01
1.791666666666665364e+01
1.666666666666665364e+01
1.569444444444443398e+01
1.499999999999998934e+01
1.458333333333332327e+01
1.444444444444443398e+01
1.458333333333332327e+01
1.499999999999998934e+01
1.569444444444443398e+01
1.666666666666665364e+01
1.791666666666665364e+01
1.944444444444443221e+01
2.124999999999998579e+01
2.333333333333331794e+01
2.569444444444443221e+01
2.833333333333331083e+01
3.124999999999998224e+01
3.444444444444443576e+01
3.791666666666664298e+01
4.166666666666665009e+01
4.569444444444443576e+01
4.861111111111110716e+01
4.458333333333333570e+01
4.083333333333332860e+01
3.736111111111110716e+01
3.416666666666666430e+01
3.124999999999999645e+01
2.861111111111110361e+01
2.624999999999999645e+01
2.416666666666666075e+01
2.236111111111110361e+01
2.083333333333332504e+01
1.958333333333332504e+01
1.861111111111110361e+01
1.791666666666666075e+01
1.749999999999999289e+01
1.736111111111110361e+01
1.749999999999999289e+01
1.791666666666665719e+01
1.861111111111110361e+01
1.958333333333332504e+01
2.083333333333332504e+01
2.236111111111110361e+01
2.416666666666665719e+01
2.624999999999998934e+01
2.861111111111110361e+01
3.124999999999998224e+01
3.416666666666665719e+01
3.736111111111110716e+01
4.083333333333331439e+01
4.458333333333332149e+01
4.861111111111110716e+01
5.180555555555555713e+01
4.777777777777778567e+01
4.402777777777777146e+01
4.055555555555555713e+01
3.736111111111111427e+01
3.444444444444444997e+01
3.180555555555555358e+01
2.944444444444444642e+01
2.736111111111111072e+01
2.555555555555555358e+01
2.402777777777777501e+01
2.277777777777777501e+01
2.180555555555555358e+01
2.111111111111111072e+01
2.069444444444444287e+01
2.055555555555555358e+01
2.069444444444444287e+01
2.111111111111110716e+01
2.180555555555555358e+01
2.277777777777777501e+01
2.402777777777777501e+01
2.555555555555555358e+01
2.736111111111110716e+01
2.944444444444443931e+01
3.180555555555555358e+01
3.444444444444443576e+01
3.736111111111110716e+01
4.055555555555555713e+01
4.402777777777777146e+01
4.777777777777777146e+01
5.180555555555555713e+01
5.527777777777777146e+01
5.125000000000000000e+01
4.749999999999998579e+01
4.402777777777777146e+01
4.083333333333332860e+01
3.791666666666665719e+01
3.527777777777777146e+01
3.291666666666665719e+01
3.083333333333332149e+01
2.902777777777776436e+01
2.749999999999998934e+01
2.624999999999998579e+01
2.527777777777776436e+01
2.458333333333332149e+01
2.416666666666665364e+01
2.402777777777776436e+01
2.416666666666665364e+01
2.458333333333331794e+01
2.527777777777776436e+01
2.624999999999998579e+01
2.749999999999998224e+01
2.902777777777776436e+01
3.083333333333331794e+01
3.291666666666665719e+01
3.527777777777777146e+01
3.791666666666664298e+01
4.083333333333331439e+01
4.402777777777777146e+01
4.749999999999997868e+01
5.124999999999998579e+01
5.527777777777777146e+01
5.902777777777777146e+01
5.500000000000000000e+01
5.124999999999998579e+01
4.777777777777777146e+01
4.458333333333332860e+01
4.166666666666666430e+01
3.902777777777777146e+01
3.666666666666666430e+01
3.458333333333332860e+01
3.277777777777777146e+01
3.124999999999998934e+01
2.999999999999998934e+01
2.902777777777776791e+01
2.833333333333332504e+01
2.791666666666665719e+01
2.777777777777776791e+01
2.791666666666665719e+01
2.833333333333332149e+01
2.902777777777776791e+01
2.999999999999998934e+01
3.124999999999998934e+01
3.277777777777777146e+01
3.458333333333332860e+01
3.666666666666665719e+01
3.902777777777777146e+01
4.166666666666665009e+01
4.458333333333332149e+01
4.777777777777777146e+01
5.124999999999998579e+01
5.499999999999998579e+01
5.902777777777777146e+01
6.305555555555555713e+01
5.902777777777778567e+01
5.527777777777777146e+01
5.180555555555555713e+01
4.861111111111111427e+01
4.569444444444444997e+01
4.305555555555555713e+01
4.069444444444444997e+01
3.861111111111111427e+01
3.680555555555555713e+01
3.527777777777777857e+01
3.402777777777777857e+01
3.305555555555555713e+01
3.236111111111111427e+01
3.194444444444444287e+01
3.180555555555555358e+01
3.194444444444444287e+01
3.236111111111110716e+01
3.305555555555555713e+01
3.402777777777777857e+01
3.527777777777777857e+01
3.680555555555555713e+01
3.861111111111111427e+01
4.069444444444444287e+01
4.305555555555555713e+01
4.569444444444443576e+01
4.861111111111110716e+01
5.180555555555555713e+01
5.527777777777777146e+01
5.902777777777777146e+01
6.305555555555555713e+01
6.375000000000000000e+01
5.972222222222222854e+01
5.597222222222221433e+01
5.250000000000000000e+01
4.930555555555555713e+01
4.638888888888889284e+01
4.375000000000000000e+01
4.138888888888889284e+01
3.930555555555555713e+01
3.750000000000000000e+01
3.597222222222222143e+01
3.472222222222222143e+01
3.375000000000000000e+01
3.305555555555555713e+01
3.263888888888888573e+01
3.250000000000000000e+01
3.263888888888888573e+01
3.305555555555555713e+01
3.375000000000000000e+01
3.472222222222222143e+01
3.597222222222222143e+01
3.750000000000000000e+01
3.930555555555555713e+01
4.138888888888888573e+01
4.375000000000000000e+01
4.638888888888887863e+01
4.930555555555555003e+01
5.250000000000000000e+01
5.597222222222221433e+01
5.972222222222221433e+01
6.375000000000000000e+01
5.972222222222222854e+01
5.569444444444445708e+01
5.194444444444444287e+01
4.847222222222222854e+01
4.527777777777778567e+01
4.236111111111112137e+01
3.972222222222222854e+01
3.736111111111112137e+01
3.527777777777778567e+01
3.347222222222222854e+01
3.194444444444444997e+01
3.069444444444444997e+01
2.972222222222222854e+01
2.902777777777778567e+01
2.861111111111111782e+01
2.847222222222222854e+01
2.861111111111111782e+01
2.902777777777778212e+01
2.972222222222222854e+01
3.069444444444444997e+01
3.194444444444444997e+01
3.347222222222222854e+01
3.527777777777778567e+01
3.736111111111111427e+01
3.972222222222222854e+01
4.236111111111110716e+01
4.527777777777777857e+01
4.847222222222222854e+01
5.194444444444444287e+01
5.569444444444444287e+01
5.972222222222222854e+01
5.597222222222221433e+01
5.194444444444444287e+01
4.819444444444443576e+01
4.472222222222221433e+01
4.152777777777777146e+01
3.861111111111110716e+01
3.597222222222221433e+01
3.361111111111110716e+01
3.152777777777777501e+01
2.972222222222221788e+01
2.819444444444444287e+01
2.694444444444443931e+01
2.597222222222221788e+01
2.527777777777777501e+01
2.486111111111110716e+01
2.472222222222221788e+01
2.486111111111110716e+01
2.527777777777777146e+01
2.597222222222221788e+01
2.694444444444443931e+01
2.819444444444443576e+01
2.972222222222221788e+01
3.152777777777777146e+01
3.361111111111110006e+01
3.597222222222221433e+01
3.861111111111110006e+01
4.152777777777777146e+01
4.472222222222221433e+01
4.819444444444442865e+01
5.194444444444442865e+01
5.597222222222221433e+01
5.250000000000000000e+01
4.847222222222222854e+01
4.472222222222221433e+01
4.125000000000000000e+01
3.805555555555555713e+01
3.513888888888889284e+01
3.250000000000000000e+01
3.013888888888889284e+01
2.805555555555555713e+01
2.625000000000000000e+01
2.472222222222222143e+01
2.347222222222222143e+01
2.250000000000000000e+01
2.180555555555555713e+01
2.138888888888888928e+01
2.125000000000000000e+01
2.138888888888888928e+01
2.180555555555555358e+01
2.250000000000000000e+01
2.347222222222222143e+01
2.472222222222222143e+01
2.625000000000000000e+01
2.805555555555555358e+01
3.013888888888888573e+01
3.250000000000000000e+01
3.513888888888887863e+01
3.805555555555555003e+01
4.125000000000000000e+01
4.472222222222221433e+01
4.847222222222221433e+01
5.250000000000000000e+01
4.930555555555555713e+01
4.527777777777778567e+01
4.152777777777777146e+01
3.805555555555555713e+01
3.486111111111111427e+01
3.194444444444444997e+01
2.930555555555555713e+01
2.694444444444444997e+01
2.486111111111111427e+01
2.305555555555555713e+01
2.152777777777777857e+01
2.027777777777777857e+01
1.930555555555555713e+01
1.861111111111111427e+01
1.819444444444444642e+01
1.805555555555555713e+01
1.819444444444444642e+01
1.861111111111111072e+01
1.930555555555555713e+01
2.027777777777777857e+01
2.152777777777777857e+01
2.305555555555555713e+01
2.486111111111111072e+01
2.694444444444444287e+01
2.930555555555555713e+01
3.194444444444443576e+01
3.486111111111110716e+01
3.805555555555555713e+01
4.152777777777777146e+01
4.527777777777777146e+01
4.930555555555555713e+01
4.638888888888889284e+01
4.236111111111112137e+01
3.861111111111110716e+01
3.513888888888889284e+01
3.194444444444444997e+01
2.902777777777778212e+01
2.638888888888889284e+01
2.402777777777778212e+01
2.194444444444444997e+01
2.013888888888889284e+01
1.861111111111111427e+01
1.736111111111111427e+01
1.638888888888889284e+01
1.569444444444444642e+01
1.527777777777778034e+01
1.513888888888889106e+01
1.527777777777778034e+01
1.569444444444444642e+01
1.638888888888889284e+01
1.736111111111111427e+01
1.861111111111111072e+01
2.013888888888889284e+01
2.194444444444444287e+01
2.402777777777777857e+01
2.638888888888889284e+01
2.902777777777777146e+01
3.194444444444444287e+01
3.513888888888889284e+01
3.861111111111110006e+01
4.236111111111110716e+01
4.638888888888889284e+01
4.375000000000000000e+01
3.972222222222222854e+01
3.597222222222221433e+01
3.250000000000000000e+01
2.930555555555555713e+01
2.638888888888889284e+01
2.375000000000000000e+01
2.138888888888889284e+01
1.930555555555555713e+01
1.750000000000000000e+01
1.597222222222222321e+01
1.472222222222222321e+01
1.375000000000000000e+01
1.305555555555555536e+01
1.263888888888888928e+01
1.250000000000000000e+01
1.263888888888888928e+01
1.305555555555555536e+01
1.375000000000000000e+01
1.472222222222222143e+01
1.597222222222221966e+01
1.750000000000000000e+01
1.930555555555555358e+01
2.138888888888888573e+01
2.375000000000000000e+01
2.638888888888887863e+01
2.930555555555555003e+01
3.250000000000000000e+01
3.597222222222221433e+01
3.972222222222221433e+01
4.375000000000000000e+01
4.138888888888889284e+01
3.736111111111112137e+01
3.361111111111110716e+01
3.013888888888889284e+01
2.694444444444444997e+01
2.402777777777778212e+01
2.138888888888889284e+01
1.902777777777778212e+01
1.694444444444444997e+01
1.513888888888889106e+01
1.361111111111111427e+01
1.236111111111111427e+01
1.138888888888889106e+01
1.069444444444444642e+01
1.027777777777778034e+01
1.013888888888889106e+01
1.027777777777778034e+01
1.069444444444444642e+01
1.138888888888889106e+01
1.236111111111111249e+01
1.361111111111111072e+01
1.513888888888889106e+01
1.694444444444444287e+01
1.902777777777777857e+01
2.138888888888889284e+01
2.402777777777777146e+01
2.694444444444444287e+01
3.013888888888889284e+01
3.361111111111110006e+01
3.736111111111110716e+01
4.138888888888889284e+01
3.930555555555555713e+01
3.527777777777778567e+01
3.152777777777777501e+01
2.805555555555555713e+01
2.486111111111111427e+01
2.194444444444444997e+01
1.930555555555555713e+01
1.694444444444444997e+01
1.486111111111111427e+01
1.305555555555555713e+01
1.152777777777778034e+01
1.027777777777778034e+01
9.305555555555557135e+00
8.611111111111114269e+00
8.194444444444446418e+00
8.055555555555557135e+00
8.194444444444446418e+00
8.611111111111110716e+00
9.305555555555557135e+00
1.027777777777777857e+01
1.152777777777777679e+01
1.305555555555555713e+01
1.486111111111111072e+01
1.694444444444444287e+01
1.930555555555555713e+01
2.194444444444443576e+01
2.486111111111110716e+01
2.805555555555555713e+01
3.152777777777776791e+01
3.527777777777777146e+01
3.930555555555555713e+01
3.750000000000000000e+01
3.347222222222222854e+01
2.972222222222221788e+01
2.625000000000000000e+01
2.305555555555555713e+01
2.013888888888889284e+01
1.750000000000000000e+01
1.513888888888889106e+01
1.305555555555555713e+01
1.125000000000000000e+01
9.722222222222223209e+00
8.472222222222223209e+00
7.500000000000000000e+00
6.805555555555556246e+00
6.388888888888889284e+00
6.250000000000000000e+00
6.388888888888888395e+00
6.805555555555554470e+00
7.500000000000000000e+00
8.472222222222221433e+00
9.722222222222219656e+00
1.125000000000000000e+01
1.305555555555555358e+01
1.513888888888888573e+01
1.750000000000000000e+01
2.013888888888887863e+01
2.305555555555555003e+01
2.625000000000000000e+01
2.972222222222221077e+01
3.347222222222221433e+01
3.750000000000000000e+01
3.597222222222222143e+01
3.194444444444444997e+01
2.819444444444444287e+01
2.472222222222222143e+01
2.152777777777777857e+01
1.861111111111111427e+01
1.597222222222222321e+01
1.361111111111111427e+01
1.152777777777778034e+01
9.722222222222223209e+00
8.194444444444446418e+00
6.944444444444446418e+00
5.972222222222223209e+00
5.277777777777779455e+00
4.861111111111112493e+00
4.722222222222223209e+00
4.861111111111112493e+00
5.277777777777777679e+00
5.972222222222223209e+00
6.944444444444444642e+00
8.194444444444442865e+00
9.722222222222223209e+00
1.152777777777777679e+01
1.361111111111110894e+01
1.597222222222222321e+01
1.861111111111110006e+01
2.152777777777777146e+01
2.472222222222222143e+01
2.819444444444443576e+01
3.194444444444443576e+01
3.597222222222222143e+01
3.472222222222222143e+01
3.069444444444444997e+01
2.694444444444443931e+01
2.347222222222222143e+01
2.027777777777777857e+01
1.736111111111111427e+01
1.472222222222222321e+01
1.236111111111111427e+01
1.027777777777778034e+01
8.472222222222223209e+00
6.944444444444446418e+00
5.694444444444445530e+00
4.722222222222223209e+00
4.027777777777778567e+00
3.611111111111112049e+00
3.472222222222222765e+00
3.611111111111111605e+00
4.027777777777776791e+00
4.722222222222223209e+00
5.694444444444444642e+00
6.944444444444442865e+00
8.472222222222223209e+00
1.027777777777777679e+01
1.236111111111110894e+01
1.472222222222222321e+01
1.736111111111110006e+01
2.027777777777777146e+01
2.347222222222222143e+01
2.694444444444443221e+01
3.069444444444443576e+01
3.472222222222222143e+01
3.375000000000000000e+01
2.972222222222222854e+01
2.597222222222221788e+01
2.250000000000000000e+01
1.930555555555555713e+01
1.638888888888889284e+01
1.375000000000000000e+01
1.138888888888889106e+01
9.305555555555557135e+00
7.500000000000000000e+00
5.972222222222223209e+00
4.722222222222223209e+00
3.750000000000000000e+00
3.055555555555556246e+00
2.638888888888889284e+00
2.500000000000000000e+00
2.638888888888888395e+00
3.055555555555554470e+00
3.750000000000000000e+00
4.722222222222221433e+00
5.972222222222219656e+00
7.500000000000000000e+00
9.305555555555553582e+00
1.138888888888888573e+01
1.375000000000000000e+01
1.638888888888887863e+01
1.930555555555555003e+01
2.250000000000000000e+01
2.597222222222221077e+01
2.972222222222221433e+01
3.375000000000000000e+01
3.305555555555555713e+01
2.902777777777778567e+01
2.527777777777777501e+01
2.180555555555555713e+01
1.861111111111111427e+01
1.569444444444444642e+01
1.305555555555555536e+01
1.069444444444444642e+01
8.611111111111114269e+00
6.805555555555556246e+00
5.277777777777779455e+00
4.027777777777778567e+00
3.055555555555556246e+00
2.361111111111112049e+00
1.944444444444445530e+00
1.805555555555556024e+00
1.944444444444444642e+00
2.361111111111110716e+00
3.055555555555556246e+00
4.027777777777777679e+00
5.277777777777775903e+00
6.805555555555556246e+00
8.611111111111110716e+00
1.069444444444444109e+01
1.305555555555555536e+01
1.569444444444443398e+01
1.861111111111110716e+01
2.180555555555555713e+01
2.527777777777776791e+01
2.902777777777777146e+01
3.305555555555555713e+01
3.263888888888888573e+01
2.861111111111111782e+01
2.486111111111110716e+01
2.138888888888888928e+01
1.819444444444444642e+01
1.527777777777778034e+01
1.263888888888888928e+01
1.027777777777778034e+01
8.194444444444446418e+00
6.388888888888889284e+00
4.861111111111112493e+00
3.611111111111112049e+00
2.638888888888889284e+00
1.944444444444445530e+00
1.527777777777778789e+00
1.388888888888889284e+00
1.527777777777778123e+00
1.944444444444443976e+00
2.638888888888889284e+00
3.611111111111110716e+00
4.861111111111108940e+00
6.388888888888889284e+00
8.194444444444442865e+00
1.027777777777777501e+01
1.263888888888888928e+01
1.527777777777776791e+01
1.819444444444443931e+01
2.138888888888888928e+01
2.486111111111110006e+01
2.861111111111110361e+01
3.263888888888888573e+01
3.250000000000000000e+01
2.847222222222222854e+01
2.472222222222221788e+01
2.125000000000000000e+01
1.805555555555555713e+01
1.513888888888889106e+01
1.250000000000000000e+01
1.013888888888889106e+01
8.055555555555557135e+00
6.250000000000000000e+00
4.722222222222223209e+00
3.472222222222222765e+00
2.500000000000000000e+00
1.805555555555556024e+00
1.388888888888889284e+00
1.250000000000000000e+00
1.388888888888888618e+00
1.805555555555554470e+00
2.500000000000000000e+00
3.472222222222221433e+00
4.722222222222219656e+00
6.250000000000000000e+00
8.055555555555553582e+00
1.013888888888888573e+01
1.250000000000000000e+01
1.513888888888887863e+01
1.805555555555555003e+01
2.125000000000000000e+01
2.472222222222221077e+01
2.847222222222221433e+01
3.250000000000000000e+01
3.263888888888888573e+01
2.861111111111111782e+01
2.486111111111110716e+01
2.138888888888888928e+01
1.819444444444444642e+01
1.527777777777778034e+01
1.263888888888888928e+01
1.027777777777778034e+01
8.194444444444446418e+00
6.388888888888888395e+00
4.861111111111112493e+00
3.611111111111111605e+00
2.638888888888888395e+00
1.944444444444444642e+00
1.527777777777778123e+00
1.388888888888888618e+00
1.527777777777777235e+00
1.944444444444443310e+00
2.638888888888888395e+00
3.611111111111110272e+00
4.861111111111108940e+00
6.388888888888888395e+00
8.194444444444442865e+00
1.027777777777777501e+01
1.263888888888888928e+01
1.527777777777776791e+01
1.819444444444443931e+01
2.138888888888888928e+01
2.486111111111110006e+01
2.861111111111110361e+01
3.263888888888888573e+01
3.305555555555555713e+01
2.902777777777778212e+01
2.527777777777777146e+01
2.180555555555555358e+01
1.861111111111111072e+01
1.569444444444444642e+01
1.305555555555555536e+01
1.069444444444444642e+01
8.611111111111110716e+00
6.805555555555554470e+00
5.277777777777777679e+00
4.027777777777776791e+00
3.055555555555554470e+00
2.361111111111110716e+00
1.944444444444443976e+00
1.805555555555554470e+00
1.944444444444443310e+00
2.361111111111108940e+00
3.055555555555554470e+00
4.027777777777775903e+00
5.277777777777774126e+00
6.805555555555554470e+00
8.611111111111107164e+00
1.069444444444444109e+01
1.305555555555555536e+01
1.569444444444443398e+01
1.861111111111110361e+01
2.180555555555555358e+01
2.527777777777776436e+01
2.902777777777776791e+01
3.305555555555555713e+01
3.375000000000000000e+01
2.972222222222222854e+01
2.597222222222221788e+01
2.250000000000000000e+01
1.930555555555555713e+01
1.638888888888889284e+01
1.375000000000000000e+01
1.138888888888889106e+01
9.305555555555557135e+00
7.500000000000000000e+00
5.972222222222223209e+00
4.722222222222223209e+00
3.750000000000000000e+00
3.055555555555556246e+00
2.638888888888889284e+00
2.500000000000000000e+00
2.638888888888888395e+00
3.055555555555554470e+00
3.750000000000000000e+00
4.722222222222221433e+00
5.972222222222219656e+00
7.500000000000000000e+00
9.305555555555553582e+00
1.138888888888888573e+01
1.375000000000000000e+01
1.638888888888887863e+01
1.930555555555555003e+01
2.250000000000000000e+01
2.597222222222221077e+01
2.972222222222221433e+01
3.375000000000000000e+01
3.472222222222222143e+01
3.069444444444444997e+01
2.694444444444443931e+01
2.347222222222222143e+01
2.027777777777777857e+01
1.736111111111111427e+01
1.472222222222222143e+01
1.236111111111111249e+01
1.027777777777777857e+01
8.472222222222221433e+00
6.944444444444444642e+00
5.694444444444444642e+00
4.722222222222221433e+00
4.027777777777777679e+00
3.611111111111110716e+00
3.472222222222221433e+00
3.611111111111110272e+00
4.027777777777775903e+00
4.722222222222221433e+00
5.694444444444442865e+00
6.944444444444441089e+00
8.472222222222221433e+00
1.027777777777777501e+01
1.236111111111110716e+01
1.472222222222222143e+01
1.736111111111110006e+01
2.027777777777777146e+01
2.347222222222222143e+01
2.694444444444443221e+01
3.069444444444443576e+01
3.472222222222222143e+01
3.597222222222222143e+01
3.194444444444444997e+01
2.819444444444443576e+01
2.472222222222222143e+01
2.152777777777777857e+01
1.861111111111111072e+01
1.597222222222221966e+01
1.361111111111111072e+01
1.152777777777777679e+01
9.722222222222219656e+00
8.194444444444442865e+00
6.944444444444442865e+00
5.972222222222219656e+00
5.277777777777775903e+00
4.861111111111108940e+00
4.722222222222219656e+00
4.861111111111108940e+00
5.277777777777774126e+00
5.972222222222219656e+00
6.944444444444441089e+00
8.194444444444439313e+00
9.722222222222219656e+00
1.152777777777777324e+01
1.361111111111110539e+01
1.597222222222221966e+01
1.861111111111110006e+01
2.152777777777777146e+01
2.472222222222222143e+01
2.819444444444442865e+01
3.194444444444443576e+01
3.597222222222222143e+01
3.750000000000000000e+01
3.347222222222222854e+01
2.972222222222221788e+01
2.625000000000000000e+01
2.305555555555555713e+01
2.013888888888889284e+01
1.750000000000000000e+01
1.513888888888889106e+01
1.305555555555555713e+01
1.125000000000000000e+01
9.722222222222223209e+00
8.472222222222223209e+00
7.500000000000000000e+00
6.805555555555556246e+00
6.388888888888889284e+00
6.250000000000000000e+00
6.388888888888888395e+00
6.805555555555554470e+00
7.500000000000000000e+00
8.472222222222221433e+00
9.722222222222219656e+00
1.125000000000000000e+01
1.305555555555555358e+01
1.513888888888888573e+01
1.750000000000000000e+01
2.013888888888887863e+01
2.305555555555555003e+01
2.625000000000000000e+01
2.972222222222221077e+01
3.347222222222221433e+01
3.750000000000000000e+01
3.930555555555555713e+01
3.527777777777778567e+01
3.152777777777777146e+01
2.805555555555555358e+01
2.486111111111111072e+01
2.194444444444444287e+01
1.930555555555555358e+01
1.694444444444444287e+01
1.486111111111111072e+01
1.305555555555555358e+01
1.152777777777777679e+01
1.027777777777777679e+01
9.305555555555553582e+00
8.611111111111110716e+00
8.194444444444442865e+00
8.055555555555553582e+00
8.194444444444442865e+00
8.611111111111107164e+00
9.305555555555553582e+00
1.027777777777777501e+01
1.152777777777777324e+01
1.305555555555555358e+01
1.486111111111110716e+01
1.694444444444443931e+01
1.930555555555555358e+01
2.194444444444443221e+01
2.486111111111110361e+01
2.805555555555555358e+01
3.152777777777776436e+01
3.527777777777777146e+01
3.930555555555555713e+01
4.138888888888888573e+01
3.736111111111111427e+01
3.361111111111110006e+01
3.013888888888888573e+01
2.694444444444444287e+01
2.402777777777777857e+01
2.138888888888888573e+01
1.902777777777777857e+01
1.694444444444444287e+01
1.513888888888888573e+01
1.361111111111110894e+01
1.236111111111110894e+01
1.138888888888888573e+01
1.069444444444444109e+01
1.027777777777777501e+01
1.013888888888888573e+01
1.027777777777777501e+01
1.069444444444444109e+01
1.138888888888888573e+01
1.236111111111110716e+01
1.361111111111110539e+01
1.513888888888888573e+01
1.694444444444443931e+01
1.902777777777777146e+01
2.138888888888888573e+01
2.402777777777776436e+01
2.694444444444443576e+01
3.013888888888888573e+01
3.361111111111110006e+01
3.736111111111110006e+01
4.138888888888888573e+01
4.375000000000000000e+01
3.972222222222222854e+01
3.597222222222221433e+01
3.250000000000000000e+01
2.930555555555555713e+01
2.638888888888889284e+01
2.375000000000000000e+01
2.138888888888889284e+01
1.930555555555555713e+01
1.750000000000000000e+01
1.597222222222222321e+01
1.472222222222222321e+01
1.375000000000000000e+01
1.305555555555555536e+01
1.263888888888888928e+01
1.250000000000000000e+01
1.263888888888888928e+01
1.305555555555555536e+01
1.375000000000000000e+01
1.472222222222222143e+01
1.597222222222221966e+01
1.750000000000000000e+01
1.930555555555555358e+01
2.138888888888888573e+01
2.375000000000000000e+01
2.638888888888887863e+01
2.930555555555555003e+01
3.250000000000000000e+01
3.597222222222221433e+01
3.972222222222221433e+01
4.375000000000000000e+01
4.638888888888887863e+01
4.236111111111110716e+01
3.861111111111110006e+01
3.513888888888887863e+01
3.194444444444443576e+01
2.902777777777777146e+01
2.638888888888887863e+01
2.402777777777777146e+01
2.194444444444443576e+01
2.013888888888887863e+01
1.861111111111110006e+01
1.736111111111110006e+01
1.638888888888887863e+01
1.569444444444443398e+01
1.527777777777776791e+01
1.513888888888887863e+01
1.527777777777776791e+01
1.569444444444443398e+01
1.638888888888887863e+01
1.736111111111110006e+01
1.861111111111110006e+01
2.013888888888887863e+01
2.194444444444443221e+01
2.402777777777776436e+01
2.638888888888887863e+01
2.902777777777775725e+01
3.194444444444442865e+01
3.513888888888887863e+01
3.861111111111108585e+01
4.236111111111109295e+01
4.638888888888887863e+01
4.930555555555555003e+01
4.527777777777777857e+01
4.152777777777777146e+01
3.805555555555555003e+01
3.486111111111110716e+01
3.194444444444444287e+01
2.930555555555555003e+01
2.694444444444444287e+01
2.486111111111110716e+01
2.305555555555555003e+01
2.152777777777777146e+01
2.027777777777777146e+01
1.930555555555555003e+01
1.861111111111110716e+01
1.819444444444443931e+01
1.805555555555555003e+01
1.819444444444443931e+01
1.861111111111110361e+01
1.930555555555555003e+01
2.027777777777777146e+01
2.152777777777777146e+01
2.305555555555555003e+01
2.486111111111110361e+01
2.694444444444443576e+01
2.930555555555555003e+01
3.194444444444442865e+01
3.486111111111110006e+01
3.805555555555555003e+01
4.152777777777775725e+01
4.527777777777776436e+01
4.930555555555555003e+01
5.250000000000000000e+01
4.847222222222222854e+01
4.472222222222221433e+01
4.125000000000000000e+01
3.805555555555555713e+01
3.513888888888889284e+01
3.250000000000000000e+01
3.013888888888889284e+01
2.805555555555555713e+01
2.625000000000000000e+01
2.472222222222222143e+01
2.347222222222222143e+01
2.250000000000000000e+01
2.180555555555555713e+01
2.138888888888888928e+01
2.125000000000000000e+01
2.138888888888888928e+01
2.180555555555555358e+01
2.250000000000000000e+01
2.347222222222222143e+01
2.472222222222222143e+01
2.625000000000000000e+01
2.805555555555555358e+01
3.013888888888888573e+01
3.250000000000000000e+01
3.513888888888887863e+01
3.805555555555555003e+01
4.125000000000000000e+01
4.472222222222221433e+01
4.847222222222221433e+01
5.250000000000000000e+01
5.597222222222221433e+01
5.194444444444444287e+01
4.819444444444442865e+01
4.472222222222221433e+01
4.152777777777777146e+01
3.861111111111110006e+01
3.597222222222221433e+01
3.361111111111110006e+01
3.152777777777776791e+01
2.972222222222221077e+01
2.819444444444443576e+01
2.694444444444443221e+01
2.597222222222221077e+01
2.527777777777776791e+01
2.486111111111110006e+01
2.472222222222221077e+01
2.486111111111110006e+01
2.527777777777776436e+01
2.597222222222221077e+01
2.694444444444443221e+01
2.819444444444442865e+01
2.972222222222221077e+01
3.152777777777776436e+01
3.361111111111110006e+01
3.597222222222221433e+01
3.861111111111108585e+01
4.152777777777775725e+01
4.472222222222221433e+01
4.819444444444442155e+01
5.194444444444442865e+01
5.597222222222221433e+01
5.972222222222221433e+01
5.569444444444444287e+01
5.194444444444442865e+01
4.847222222222221433e+01
4.527777777777777146e+01
4.236111111111110716e+01
3.972222222222221433e+01
3.736111111111110716e+01
3.527777777777777146e+01
3.347222222222221433e+01
3.194444444444443576e+01
3.069444444444443576e+01
2.972222222222221433e+01
2.902777777777777146e+01
2.861111111111110361e+01
2.847222222222221433e+01
2.861111111111110361e+01
2.902777777777776791e+01
2.972222222222221433e+01
3.069444444444443576e+01
3.194444444444443576e+01
3.347222222222221433e+01
3.527777777777777146e+01
3.736111111111110006e+01
3.972222222222221433e+01
4.236111111111109295e+01
4.527777777777776436e+01
4.847222222222221433e+01
5.194444444444442865e+01
5.569444444444442865e+01
5.972222222222221433e+01
6.375000000000000000e+01
5.972222222222222854e+01
5.597222222222221433e+01
5.250000000000000000e+01
4.930555555555555713e+01
4.638888888888889284e+01
4.375000000000000000e+01
4.138888888888889284e+01
3.930555555555555713e+01
3.750000000000000000e+01
3.597222222222222143e+01
3.472222222222222143e+01
3.375000000000000000e+01
3.305555555555555713e+01
3.263888888888888573e+01
3.250000000000000000e+01
3.263888888888888573e+01
3.305555555555555713e+01
3.375000000000000000e+01
3.472222222222222143e+01
3.597222222222222143e+01
3.750000000000000000e+01
3.930555555555555713e+01
4.138888888888888573e+01
4.375000000000000000e+01
4.638888888888887863e+01
4.930555555555555003e+01
5.250000000000000000e+01
5.597222222222221433e+01
5.972222222222221433e+01
6.375000000000000000e+01
6.472222222222222854e+01
6.069444444444444997e+01
5.694444444444443576e+01
5.347222222222222143e+01
5.027777777777777857e+01
4.736111111111111427e+01
4.472222222222222143e+01
4.236111111111111427e+01
4.027777777777777857e+01
3.847222222222222143e+01
3.694444444444444287e+01
3.569444444444444287e+01
3.472222222222222143e+01
3.402777777777777857e+01
3.361111111111111427e+01
3.347222222222222143e+01
3.361111111111111427e+01
3.402777777777777146e+01
3.472222222222222143e+01
3.569444444444444287e+01
3.694444444444444287e+01
3.847222222222222143e+01
4.027777777777777857e+01
4.236111111111110716e+01
4.472222222222222143e+01
4.736111111111110006e+01
5.027777777777777146e+01
5.347222222222222143e+01
5.694444444444443576e+01
6.069444444444443576e+01
6.472222222222222854e+01
6.069444444444444997e+01
5.666666666666667851e+01
5.291666666666666430e+01
4.944444444444444997e+01
4.625000000000000711e+01
4.333333333333334281e+01
4.069444444444444997e+01
3.833333333333334281e+01
3.625000000000000711e+01
3.444444444444444997e+01
3.291666666666667140e+01
3.166666666666667140e+01
3.069444444444444997e+01
3.000000000000000711e+01
2.958333333333333925e+01
2.944444444444444997e+01
2.958333333333333925e+01
3.000000000000000355e+01
3.069444444444444997e+01
3.166666666666667140e+01
3.291666666666667140e+01
3.444444444444444997e+01
3.625000000000000711e+01
3.833333333333333570e+01
4.069444444444444997e+01
4.333333333333332860e+01
4.625000000000000000e+01
4.944444444444444997e+01
5.291666666666666430e+01
5.666666666666666430e+01
6.069444444444444997e+01
5.694444444444443576e+01
5.291666666666666430e+01
4.916666666666665719e+01
4.569444444444443576e+01
4.249999999999999289e+01
3.958333333333332860e+01
3.694444444444443576e+01
3.458333333333332860e+01
3.250000000000000000e+01
3.069444444444443931e+01
2.916666666666666430e+01
2.791666666666666075e+01
2.694444444444443931e+01
2.624999999999999645e+01
2.583333333333332860e+01
2.569444444444443931e+01
2.583333333333332860e+01
2.624999999999999289e+01
2.694444444444443931e+01
2.791666666666666075e+01
2.916666666666665719e+01
3.069444444444443931e+01
3.249999999999999289e+01
3.458333333333332149e+01
3.694444444444443576e+01
3.958333333333332149e+01
4.249999999999999289e+01
4.569444444444443576e+01
4.916666666666665009e+01
5.291666666666665009e+01
5.694444444444443576e+01
5.347222222222222143e+01
4.944444444444444997e+01
4.569444444444443576e+01
4.222222222222222143e+01
3.902777777777777857e+01
3.611111111111111427e+01
3.347222222222222143e+01
3.111111111111111427e+01
2.902777777777777857e+01
2.722222222222222143e+01
2.569444444444444287e+01
2.444444444444444287e+01
2.347222222222222143e+01
2.277777777777777857e+01
2.236111111111111072e+01
2.222222222222222143e+01
2.236111111111111072e+01
2.277777777777777501e+01
2.347222222222222143e+01
2.444444444444444287e+01
2.569444444444444287e+01
2.722222222222222143e+01
2.902777777777777501e+01
3.111111111111110716e+01
3.347222222222222143e+01
3.611111111111110006e+01
3.902777777777777146e+01
4.222222222222222143e+01
4.569444444444443576e+01
4.944444444444443576e+01
5.347222222222222143e+01
5.027777777777777857e+01
4.625000000000000711e+01
4.249999999999999289e+01
3.902777777777777857e+01
3.583333333333333570e+01
3.291666666666667140e+01
3.027777777777777857e+01
2.791666666666667140e+01
2.583333333333333570e+01
2.402777777777777857e+01
2.250000000000000000e+01
2.125000000000000000e+01
2.027777777777777857e+01
1.958333333333333570e+01
1.916666666666666785e+01
1.902777777777777857e+01
1.916666666666666785e+01
1.958333333333333215e+01
2.027777777777777857e+01
2.125000000000000000e+01
2.250000000000000000e+01
2.402777777777777857e+01
2.583333333333333215e+01
2.791666666666666430e+01
3.027777777777777857e+01
3.291666666666665719e+01
3.583333333333332860e+01
3.902777777777777857e+01
4.249999999999999289e+01
4.624999999999999289e+01
5.027777777777777857e+01
4.736111111111111427e+01
4.333333333333334281e+01
3.958333333333332860e+01
3.611111111111111427e+01
3.291666666666667140e+01
3.000000000000000355e+01
2.736111111111111427e+01
2.500000000000000355e+01
2.291666666666667140e+01
2.111111111111111427e+01
1.958333333333333570e+01
1.833333333333333570e+01
1.736111111111111427e+01
1.666666666666666785e+01
1.625000000000000000e+01
1.611111111111111427e+01
1.625000000000000000e+01
1.666666666666666785e+01
1.736111111111111427e+01
1.833333333333333570e+01
1.958333333333333215e+01
2.111111111111111427e+01
2.291666666666666430e+01
2.500000000000000000e+01
2.736111111111111427e+01
2.999999999999999289e+01
3.291666666666666430e+01
3.611111111111111427e+01
3.958333333333332149e+01
4.333333333333332860e+01
4.736111111111111427e+01
4.472222222222222143e+01
4.069444444444444997e+01
3.694444444444443576e+01
3.347222222222222143e+01
3.027777777777777857e+01
2.736111111111111427e+01
2.472222222222222143e+01
2.236111111111111427e+01
2.027777777777777857e+01
1.847222222222222143e+01
1.694444444444444287e+01
1.569444444444444464e+01
1.472222222222222143e+01
1.402777777777777679e+01
1.361111111111111072e+01
1.347222222222222143e+01
1.361111111111111072e+01
1.402777777777777679e+01
1.472222222222222143e+01
1.569444444444444287e+01
1.694444444444444287e+01
1.847222222222222143e+01
2.027777777777777501e+01
2.236111111111110716e+01
2.472222222222222143e+01
2.736111111111110006e+01
3.027777777777777146e+01
3.347222222222222143e+01
3.694444444444443576e+01
4.069444444444443576e+01
4.472222222222222143e+01
4.236111111111111427e+01
3.833333333333334281e+01
3.458333333333332860e+01
3.111111111111111427e+01
2.791666666666667140e+01
2.500000000000000355e+01
2.236111111111111427e+01
2.000000000000000355e+01
1.791666666666667140e+01
1.611111111111111427e+01
1.458333333333333570e+01
1.333333333333333570e+01
1.236111111111111249e+01
1.166666666666666785e+01
1.125000000000000178e+01
1.111111111111111249e+01
1.125000000000000178e+01
1.166666666666666785e+01
1.236111111111111249e+01
1.333333333333333393e+01
1.458333333333333215e+01
1.611111111111111427e+01
1.791666666666666430e+01
2.000000000000000000e+01
2.236111111111111427e+01
2.499999999999999289e+01
2.791666666666666430e+01
3.111111111111111427e+01
3.458333333333332149e+01
3.833333333333332860e+01
4.236111111111111427e+01
4.027777777777777857e+01
3.625000000000000711e+01
3.250000000000000000e+01
2.902777777777777857e+01
2.583333333333333570e+01
2.291666666666667140e+01
2.027777777777777857e+01
1.791666666666667140e+01
1.583333333333333570e+01
1.402777777777777857e+01
1.250000000000000178e+01
1.125000000000000178e+01
1.027777777777777857e+01
9.583333333333335702e+00
9.166666666666667851e+00
9.027777777777778567e+00
9.166666666666667851e+00
9.583333333333332149e+00
1.027777777777777857e+01
1.125000000000000000e+01
1.249999999999999822e+01
1.402777777777777857e+01
1.583333333333333215e+01
1.791666666666666430e+01
2.027777777777777857e+01
2.291666666666665719e+01
2.583333333333332860e+01
2.902777777777777857e+01
3.249999999999998579e+01
3.624999999999999289e+01
4.027777777777777857e+01
3.847222222222222143e+01
3.444444444444444997e+01
3.069444444444443931e+01
2.722222222222222143e+01
2.402777777777777857e+01
2.111111111111111427e+01
1.847222222222222143e+01
1.611111111111111427e+01
1.402777777777777857e+01
1.222222222222222143e+01
1.069444444444444464e+01
9.444444444444444642e+00
8.472222222222221433e+00
7.777777777777777679e+00
7.361111111111110716e+00
7.222222222222221433e+00
7.361111111111109828e+00
7.777777777777775903e+00
8.472222222222221433e+00
9.444444444444442865e+00
1.069444444444444109e+01
1.222222222222222143e+01
1.402777777777777501e+01
1.611111111111110716e+01
1.847222222222222143e+01
2.111111111111110006e+01
2.402777777777777146e+01
2.722222222222222143e+01
3.069444444444443221e+01
3.444444444444443576e+01
3.847222222222222143e+01
3.694444444444444287e+01
3.291666666666667140e+01
2.916666666666666430e+01
2.569444444444444287e+01
2.250000000000000000e+01
1.958333333333333570e+01
1.694444444444444287e+01
1.458333333333333570e+01
1.250000000000000178e+01
1.069444444444444464e+01
9.166666666666667851e+00
7.916666666666667851e+00
6.944444444444444642e+00
6.250000000000000888e+00
5.833333333333333925e+00
5.694444444444444642e+00
5.833333333333333925e+00
6.249999999999999112e+00
6.944444444444444642e+00
7.916666666666666075e+00
9.166666666666664298e+00
1.069444444444444464e+01
1.249999999999999822e+01
1.458333333333333037e+01
1.694444444444444287e+01
1.958333333333332149e+01
2.249999999999999289e+01
2.569444444444444287e+01
2.916666666666665719e+01
3.291666666666665719e+01
3.694444444444444287e+01
3.569444444444444287e+01
3.166666666666667140e+01
2.791666666666666075e+01
2.444444444444444287e+01
2.125000000000000000e+01
1.833333333333333570e+01
1.569444444444444464e+01
1.333333333333333570e+01
1.125000000000000178e+01
9.444444444444444642e+00
7.916666666666667851e+00
6.666666666666666963e+00
5.694444444444444642e+00
5.000000000000000000e+00
4.583333333333333925e+00
4.444444444444444642e+00
4.583333333333333037e+00
4.999999999999998224e+00
5.694444444444444642e+00
6.666666666666666075e+00
7.916666666666664298e+00
9.444444444444444642e+00
1.124999999999999822e+01
1.333333333333333037e+01
1.569444444444444464e+01
1.833333333333332149e+01
2.124999999999999289e+01
2.444444444444444287e+01
2.791666666666665364e+01
3.166666666666665719e+01
3.569444444444444287e+01
3.472222222222222143e+01
3.069444444444444997e+01
2.694444444444443931e+01
2.347222222222222143e+01
2.027777777777777857e+01
1.736111111111111427e+01
1.472222222222222143e+01
1.236111111111111249e+01
1.027777777777777857e+01
8.472222222222221433e+00
6.944444444444444642e+00
5.694444444444444642e+00
4.722222222222221433e+00
4.027777777777777679e+00
3.611111111111110716e+00
3.472222222222221433e+00
3.611111111111109828e+00
4.027777777777775903e+00
4.722222222222221433e+00
5.694444444444442865e+00
6.944444444444441089e+00
8.472222222222221433e+00
1.027777777777777501e+01
1.236111111111110716e+01
1.472222222222222143e+01
1.736111111111110006e+01
2.027777777777777146e+01
2.347222222222222143e+01
2.694444444444443221e+01
3.069444444444443576e+01
3.472222222222222143e+01
3.402777777777777857e+01
3.000000000000000711e+01
2.624999999999999645e+01
2.277777777777777857e+01
1.958333333333333570e+01
1.666666666666666785e+01
1.402777777777777679e+01
1.166666666666666785e+01
9.583333333333335702e+00
7.777777777777777679e+00
6.250000000000000888e+00
5.000000000000000000e+00
4.027777777777777679e+00
3.333333333333333481e+00
2.916666666666666963e+00
2.777777777777777679e+00
2.916666666666666075e+00
3.333333333333332149e+00
4.027777777777777679e+00
4.999999999999999112e+00
6.249999999999997335e+00
7.777777777777777679e+00
9.583333333333332149e+00
1.166666666666666252e+01
1.402777777777777679e+01
1.666666666666665719e+01
1.958333333333332860e+01
2.277777777777777857e+01
2.624999999999998934e+01
2.999999999999999289e+01
3.402777777777777857e+01
3.361111111111111427e+01
2.958333333333333925e+01
2.583333333333332860e+01
2.236111111111111072e+01
1.916666666666666785e+01
1.625000000000000000e+01
1.361111111111111072e+01
1.125000000000000178e+01
9.166666666666667851e+00
7.361111111111110716e+00
5.833333333333333925e+00
4.583333333333333925e+00
3.611111111111110716e+00
2.916666666666666963e+00
2.500000000000000000e+00
2.361111111111110716e+00
2.499999999999999556e+00
2.916666666666665186e+00
3.611111111111110716e+00
4.583333333333332149e+00
5.833333333333330373e+00
7.361111111111110716e+00
9.166666666666664298e+00
1.124999999999999645e+01
1.361111111111111072e+01
1.624999999999998934e+01
1.916666666666666075e+01
2.236111111111111072e+01
2.583333333333332149e+01
2.958333333333332504e+01
3.361111111111111427e+01
3.347222222222222143e+01
2.944444444444444997e+01
2.569444444444443931e+01
2.222222222222222143e+01
1.902777777777777857e+01
1.611111111111111427e+01
1.347222222222222143e+01
1.111111111111111249e+01
9.027777777777778567e+00
7.222222222222221433e+00
5.694444444444444642e+00
4.444444444444444642e+00
3.472222222222221433e+00
2.777777777777777679e+00
2.361111111111110716e+00
2.222222222222221433e+00
2.361111111111110272e+00
2.777777777777775903e+00
3.472222222222221433e+00
4.444444444444442865e+00
5.694444444444441089e+00
7.222222222222221433e+00
9.027777777777775015e+00
1.111111111111110716e+01
1.347222222222222143e+01
1.611111111111110006e+01
1.902777777777777146e+01
2.222222222222222143e+01
2.569444444444443221e+01
2.944444444444443576e+01
3.347222222222222143e+01
3.361111111111111427e+01
2.958333333333333925e+01
2.583333333333332860e+01
2.236111111111111072e+01
1.916666666666666785e+01
1.625000000000000000e+01
1.361111111111111072e+01
1.125000000000000178e+01
9.166666666666667851e+00
7.361111111111109828e+00
5.833333333333333925e+00
4.583333333333333037e+00
3.611111111111109828e+00
2.916666666666666075e+00
2.499999999999999556e+00
2.361111111111110272e+00
2.499999999999998668e+00
2.916666666666664742e+00
3.611111111111109828e+00
4.583333333333332149e+00
5.833333333333330373e+00
7.361111111111109828e+00
9.166666666666664298e+00
1.124999999999999645e+01
1.361111111111111072e+01
1.624999999999998934e+01
1.916666666666666075e+01
2.236111111111111072e+01
2.583333333333332149e+01
2.958333333333332504e+01
3.361111111111111427e+01
3.402777777777777146e+01
3.000000000000000355e+01
2.624999999999999289e+01
2.277777777777777501e+01
1.958333333333333215e+01
1.666666666666666785e+01
1.402777777777777679e+01
1.166666666666666785e+01
9.583333333333332149e+00
7.777777777777775903e+00
6.249999999999999112e+00
4.999999999999998224e+00
4.027777777777775903e+00
3.333333333333332149e+00
2.916666666666665186e+00
2.777777777777775903e+00
2.916666666666664742e+00
3.333333333333330373e+00
4.027777777777775903e+00
4.999999999999997335e+00
6.249999999999995559e+00
7.777777777777775903e+00
9.583333333333328596e+00
1.166666666666666252e+01
1.402777777777777679e+01
1.666666666666665719e+01
1.958333333333332504e+01
2.277777777777777501e+01
2.624999999999998579e+01
2.999999999999998934e+01
3.402777777777777146e+01
3.472222222222222143e+01
3.069444444444444997e+01
2.694444444444443931e+01
2.347222222222222143e+01
2.027777777777777857e+01
1.736111111111111427e+01
1.472222222222222143e+01
1.236111111111111249e+01
1.027777777777777857e+01
8.472222222222221433e+00
6.944444444444444642e+00
5.694444444444444642e+00
4.722222222222221433e+00
4.027777777777777679e+00
3.611111111111110716e+00
3.472222222222221433e+00
3.611111111111109828e+00
4.027777777777775903e+00
4.722222222222221433e+00
5.694444444444442865e+00
6.944444444444441089e+00
8.472222222222221433e+00
1.027777777777777501e+01
1.236111111111110716e+01
1.472222222222222143e+01
1.736111111111110006e+01
2.027777777777777146e+01
2.347222222222222143e+01
2.694444444444443221e+01
3.069444444444443576e+01
3.472222222222222143e+01
3.569444444444444287e+01
3.166666666666667140e+01
2.791666666666666075e+01
2.444444444444444287e+01
2.125000000000000000e+01
1.833333333333333570e+01
1.569444444444444287e+01
1.333333333333333393e+01
1.125000000000000000e+01
9.444444444444442865e+00
7.916666666666666075e+00
6.666666666666666075e+00
5.694444444444442865e+00
4.999999999999999112e+00
4.583333333333332149e+00
4.444444444444442865e+00
4.583333333333332149e+00
4.999999999999997335e+00
5.694444444444442865e+00
6.666666666666664298e+00
7.916666666666662522e+00
9.444444444444442865e+00
1.124999999999999645e+01
1.333333333333332860e+01
1.569444444444444287e+01
1.833333333333332149e+01
2.124999999999999289e+01
2.444444444444444287e+01
2.791666666666665364e+01
3.166666666666665719e+01
3.569444444444444287e+01
3.694444444444444287e+01
3.291666666666667140e+01
2.916666666666665719e+01
2.569444444444444287e+01
2.250000000000000000e+01
1.958333333333333215e+01
1.694444444444444287e+01
1.458333333333333215e+01
1.249999999999999822e+01
1.069444444444444109e+01
9.166666666666664298e+00
7.916666666666664298e+00
6.944444444444441089e+00
6.249999999999997335e+00
5.833333333333330373e+00
5.694444444444441089e+00
5.833333333333330373e+00
6.249999999999995559e+00
6.944444444444441089e+00
7.916666666666662522e+00
9.166666666666660745e+00
1.069444444444444109e+01
1.249999999999999467e+01
1.458333333333332682e+01
1.694444444444444287e+01
1.958333333333332149e+01
2.249999999999999289e+01
2.569444444444444287e+01
2.916666666666665009e+01
3.291666666666665719e+01
3.694444444444444287e+01
3.847222222222222143e+01
3.444444444444444997e+01
3.069444444444443931e+01
2.722222222222222143e+01
2.402777777777777857e+01
2.111111111111111427e+01
1.847222222222222143e+01
1.611111111111111427e+01
1.402777777777777857e+01
1.222222222222222143e+01
1.069444444444444464e+01
9.444444444444444642e+00
8.472222222222221433e+00
7.777777777777777679e+00
7.361111111111110716e+00
7.222222222222221433e+00
7.361111111111109828e+00
7.777777777777775903e+00
8.472222222222221433e+00
9.444444444444442865e+00
1.069444444444444109e+01
1.222222222222222143e+01
1.402777777777777501e+01
1.611111111111110716e+01
1.847222222222222143e+01
2.111111111111110006e+01
2.402777777777777146e+01
2.722222222222222143e+01
3.069444444444443221e+01
3.444444444444443576e+01
3.847222222222222143e+01
4.027777777777777857e+01
3.625000000000000711e+01
3.249999999999999289e+01
2.902777777777777501e+01
2.583333333333333215e+01
2.291666666666666430e+01
2.027777777777777501e+01
1.791666666666666430e+01
1.583333333333333215e+01
1.402777777777777501e+01
1.249999999999999822e+01
1.124999999999999822e+01
1.027777777777777501e+01
9.583333333333332149e+00
9.166666666666664298e+00
9.027777777777775015e+00
9.166666666666664298e+00
9.583333333333328596e+00
1.027777777777777501e+01
1.124999999999999645e+01
1.249999999999999467e+01
1.402777777777777501e+01
1.583333333333332860e+01
1.791666666666666075e+01
2.027777777777777501e+01
2.291666666666665364e+01
2.583333333333332504e+01
2.902777777777777501e+01
3.249999999999998579e+01
3.624999999999999289e+01
4.027777777777777857e+01
4.236111111111110716e+01
3.833333333333333570e+01
3.458333333333332149e+01
3.111111111111110716e+01
2.791666666666666430e+01
2.500000000000000000e+01
2.236111111111110716e+01
2.000000000000000000e+01
1.791666666666666430e+01
1.611111111111110716e+01
1.458333333333333037e+01
1.333333333333333037e+01
1.236111111111110716e+01
1.166666666666666252e+01
1.124999999999999645e+01
1.111111111111110716e+01
1.124999999999999645e+01
1.166666666666666252e+01
1.236111111111110716e+01
1.333333333333332860e+01
1.458333333333332682e+01
1.611111111111110716e+01
1.791666666666666075e+01
1.999999999999999289e+01
2.236111111111110716e+01
2.499999999999998579e+01
2.791666666666665719e+01
3.111111111111110716e+01
3.458333333333332149e+01
3.833333333333332149e+01
4.236111111111110716e+01
4.472222222222222143e+01
4.069444444444444997e+01
3.694444444444443576e+01
3.347222222222222143e+01
3.027777777777777857e+01
2.736111111111111427e+01
2.472222222222222143e+01
2.236111111111111427e+01
2.027777777777777857e+01
1.847222222222222143e+01
1.694444444444444287e+01
1.569444444444444464e+01
1.472222222222222143e+01
1.402777777777777679e+01
1.361111111111111072e+01
1.347222222222222143e+01
1.361111111111111072e+01
1.402777777777777679e+01
1.472222222222222143e+01
1.569444444444444287e+01
1.694444444444444287e+01
1.847222222222222143e+01
2.027777777777777501e+01
2.236111111111110716e+01
2.472222222222222143e+01
2.736111111111110006e+01
3.027777777777777146e+01
3.347222222222222143e+01
3.694444444444443576e+01
4.069444444444443576e+01
4.472222222222222143e+01
4.736111111111110006e+01
4.333333333333332860e+01
3.958333333333332149e+01
3.611111111111110006e+01
3.291666666666665719e+01
2.999999999999999289e+01
2.736111111111110006e+01
2.499999999999999289e+01
2.291666666666665719e+01
2.111111111111110006e+01
1.958333333333332149e+01
1.833333333333332149e+01
1.736111111111110006e+01
1.666666666666665719e+01
1.624999999999998934e+01
1.611111111111110006e+01
1.624999999999998934e+01
1.666666666666665719e+01
1.736111111111110006e+01
1.833333333333332149e+01
1.958333333333332149e+01
2.111111111111110006e+01
2.291666666666665364e+01
2.499999999999998579e+01
2.736111111111110006e+01
2.999999999999997868e+01
3.291666666666665009e+01
3.611111111111110006e+01
3.958333333333330728e+01
4.333333333333331439e+01
4.736111111111110006e+01
5.027777777777777146e+01
4.625000000000000000e+01
4.249999999999999289e+01
3.902777777777777146e+01
3.583333333333332860e+01
3.291666666666666430e+01
3.027777777777777146e+01
2.791666666666666430e+01
2.583333333333332860e+01
2.402777777777777146e+01
2.249999999999999289e+01
2.124999999999999289e+01
2.027777777777777146e+01
1.958333333333332860e+01
1.916666666666666075e+01
1.902777777777777146e+01
1.916666666666666075e+01
1.958333333333332504e+01
2.027777777777777146e+01
2.124999999999999289e+01
2.249999999999999289e+01
2.402777777777777146e+01
2.583333333333332504e+01
2.791666666666665719e+01
3.027777777777777146e+01
3.291666666666665009e+01
3.583333333333332149e+01
3.902777777777777146e+01
4.249999999999997868e+01
4.624999999999998579e+01
5.027777777777777146e+01
5.347222222222222143e+01
4.944444444444444997e+01
4.569444444444443576e+01
4.222222222222222143e+01
3.902777777777777857e+01
3.611111111111111427e+01
3.347222222222222143e+01
3.111111111111111427e+01
2.902777777777777857e+01
2.722222222222222143e+01
2.569444444444444287e+01
2.444444444444444287e+01
2.347222222222222143e+01
2.277777777777777857e+01
2.236111111111111072e+01
2.222222222222222143e+01
2.236111111111111072e+01
2.277777777777777501e+01
2.347222222222222143e+01
2.444444444444444287e+01
2.569444444444444287e+01
2.722222222222222143e+01
2.902777777777777501e+01
3.111111111111110716e+01
3.347222222222222143e+01
3.611111111111110006e+01
3.902777777777777146e+01
4.222222222222222143e+01
4.569444444444443576e+01
4.944444444444443576e+01
5.347222222222222143e+01
5.694444444444443576e+01
5.291666666666666430e+01
4.916666666666665009e+01
4.569444444444443576e+01
4.249999999999999289e+01
3.958333333333332149e+01
3.694444444444443576e+01
3.458333333333332149e+01
3.249999999999998579e+01
3.069444444444443221e+01
2.916666666666665719e+01
2.791666666666665364e+01
2.694444444444443221e+01
2.624999999999998934e+01
2.583333333333332149e+01
2.569444444444443221e+01
2.583333333333332149e+01
2.624999999999998579e+01
2.694444444444443221e+01
2.791666666666665364e+01
2.916666666666665009e+01
3.069444444444443221e+01
3.249999999999998579e+01
3.458333333333332149e+01
3.694444444444443576e+01
3.958333333333330728e+01
4.249999999999997868e+01
4.569444444444443576e+01
4.916666666666664298e+01
5.291666666666665009e+01
5.694444444444443576e+01
6.069444444444443576e+01
5.666666666666666430e+01
5.291666666666665009e+01
4.944444444444443576e+01
4.624999999999999289e+01
4.333333333333332860e+01
4.069444444444443576e+01
3.833333333333332860e+01
3.624999999999999289e+01
3.444444444444443576e+01
3.291666666666665719e+01
3.166666666666665719e+01
3.069444444444443576e+01
2.999999999999999289e+01
2.958333333333332504e+01
2.944444444444443576e+01
2.958333333333332504e+01
2.999999999999998934e+01
3.069444444444443576e+01
3.166666666666665719e+01
3.291666666666665719e+01
3.444444444444443576e+01
3.624999999999999289e+01
3.833333333333332149e+01
4.069444444444443576e+01
4.333333333333331439e+01
4.624999999999998579e+01
4.944444444444443576e+01
5.291666666666665009e+01
5.666666666666665009e+01
6.069444444444443576e+01
6.472222222222222854e+01
6.069444444444444997e+01
5.694444444444443576e+01
5.347222222222222143e+01
5.027777777777777857e+01
4.736111111111111427e+01
4.472222222222222143e+01
4.236111111111111427e+01
4.027777777777777857e+01
3.847222222222222143e+01
3.694444444444444287e+01
3.569444444444444287e+01
3.472222222222222143e+01
3.402777777777777857e+01
3.361111111111111427e+01
3.347222222222222143e+01
3.361111111111111427e+01
3.402777777777777146e+01
3.472222222222222143e+01
3.569444444444444287e+01
3.694444444444444287e+01
3.847222222222222143e+01
4.027777777777777857e+01
4.236111111111110716e+01
4.472222222222222143e+01
4.736111111111110006e+01
5.027777777777777146e+01
5.347222222222222143e+01
5.694444444444443576e+01
6.069444444444443576e+01
6.472222222222222854e+01
6.597222222222221433e+01
6.194444444444444997e+01
5.819444444444443576e+01
5.472222222222222143e+01
5.152777777777777857e+01
4.861111111111111427e+01
4.597222222222222143e+01
4.361111111111111427e+01
4.152777777777777857e+01
3.972222222222222143e+01
3.819444444444444287e+01
3.694444444444444287e+01
3.597222222222222143e+01
3.527777777777777857e+01
3.486111111111110716e+01
3.472222222222222143e+01
3.486111111111110716e+01
3.527777777777777146e+01
3.597222222222222143e+01
3.694444444444444287e+01
3.819444444444444287e+01
3.972222222222222143e+01
4.152777777777777857e+01
4.361111111111110716e+01
4.597222222222222143e+01
4.861111111111110006e+01
5.152777777777777146e+01
5.472222222222222143e+01
5.819444444444443576e+01
6.194444444444443576e+01
6.597222222222221433e+01
6.194444444444444997e+01
5.791666666666667851e+01
5.416666666666666430e+01
5.069444444444444997e+01
4.750000000000000711e+01
4.458333333333334281e+01
4.194444444444444997e+01
3.958333333333334281e+01
3.750000000000000711e+01
3.569444444444444997e+01
3.416666666666667140e+01
3.291666666666667140e+01
3.194444444444444997e+01
3.125000000000000711e+01
3.083333333333333570e+01
3.069444444444444997e+01
3.083333333333333570e+01
3.125000000000000000e+01
3.194444444444444997e+01
3.291666666666667140e+01
3.416666666666667140e+01
3.569444444444444997e+01
3.750000000000000711e+01
3.958333333333333570e+01
4.194444444444444997e+01
4.458333333333332860e+01
4.750000000000000000e+01
5.069444444444444997e+01
5.416666666666666430e+01
5.791666666666666430e+01
6.194444444444444997e+01
5.819444444444443576e+01
5.416666666666666430e+01
5.041666666666665719e+01
4.694444444444443576e+01
4.374999999999999289e+01
4.083333333333332860e+01
3.819444444444443576e+01
3.583333333333332860e+01
3.374999999999999289e+01
3.194444444444443576e+01
3.041666666666666430e+01
2.916666666666665719e+01
2.819444444444443576e+01
2.749999999999999289e+01
2.708333333333332860e+01
2.694444444444443576e+01
2.708333333333332860e+01
2.749999999999999289e+01
2.819444444444443576e+01
2.916666666666665719e+01
3.041666666666665719e+01
3.194444444444443576e+01
3.374999999999999289e+01
3.583333333333332149e+01
3.819444444444443576e+01
4.083333333333332149e+01
4.374999999999999289e+01
4.694444444444443576e+01
5.041666666666665009e+01
5.416666666666665009e+01
5.819444444444443576e+01
5.472222222222222143e+01
5.069444444444444997e+01
4.694444444444443576e+01
4.347222222222222143e+01
4.027777777777777857e+01
3.736111111111111427e+01
3.472222222222222143e+01
3.236111111111111427e+01
3.027777777777777857e+01
2.847222222222222143e+01
2.694444444444444287e+01
2.569444444444444287e+01
2.472222222222222143e+01
2.402777777777777857e+01
2.361111111111110716e+01
2.347222222222222143e+01
2.361111111111110716e+01
2.402777777777777146e+01
2.472222222222222143e+01
2.569444444444444287e+01
2.694444444444444287e+01
2.847222222222222143e+01
3.027777777777777146e+01
3.236111111111110716e+01
3.472222222222222143e+01
3.736111111111110006e+01
4.027777777777777146e+01
4.347222222222222143e+01
4.694444444444443576e+01
5.069444444444443576e+01
5.472222222222222143e+01
5.152777777777777857e+01
4.750000000000000711e+01
4.374999999999999289e+01
4.027777777777777857e+01
3.708333333333333570e+01
3.416666666666667140e+01
3.152777777777777857e+01
2.916666666666667140e+01
2.708333333333333570e+01
2.527777777777777857e+01
2.375000000000000000e+01
2.250000000000000000e+01
2.152777777777777857e+01
2.083333333333333570e+01
2.041666666666666430e+01
2.027777777777777857e+01
2.041666666666666430e+01
2.083333333333332860e+01
2.152777777777777857e+01
2.250000000000000000e+01
2.375000000000000000e+01
2.527777777777777857e+01
2.708333333333332860e+01
2.916666666666666430e+01
3.152777777777777857e+01
3.416666666666665719e+01
3.708333333333332860e+01
4.027777777777777857e+01
4.374999999999999289e+01
4.749999999999999289e+01
5.152777777777777857e+01
4.861111111111111427e+01
4.458333333333334281e+01
4.083333333333332860e+01
3.736111111111111427e+01
3.416666666666667140e+01
3.125000000000000000e+01
2.861111111111111427e+01
2.625000000000000000e+01
2.416666666666667140e+01
2.236111111111111427e+01
2.083333333333333570e+01
1.958333333333333570e+01
1.861111111111111072e+01
1.791666666666666430e+01
1.750000000000000000e+01
1.736111111111111072e+01
1.750000000000000000e+01
1.791666666666666430e+01
1.861111111111111072e+01
1.958333333333333570e+01
2.083333333333332860e+01
2.236111111111111427e+01
2.416666666666666430e+01
2.625000000000000000e+01
2.861111111111111427e+01
3.124999999999999289e+01
3.416666666666666430e+01
3.736111111111111427e+01
4.083333333333332149e+01
4.458333333333332860e+01
4.861111111111111427e+01
4.597222222222222143e+01
4.194444444444444997e+01
3.819444444444443576e+01
3.472222222222222143e+01
3.152777777777777857e+01
2.861111111111111427e+01
2.597222222222222143e+01
2.361111111111111427e+01
2.152777777777777857e+01
1.972222222222222143e+01
1.819444444444444287e+01
1.694444444444444287e+01
1.597222222222221966e+01
1.527777777777777501e+01
1.486111111111110894e+01
1.472222222222221966e+01
1.486111111111110894e+01
1.527777777777777501e+01
1.597222222222221966e+01
1.694444444444444287e+01
1.819444444444443931e+01
1.972222222222222143e+01
2.152777777777777146e+01
2.361111111111110716e+01
2.597222222222222143e+01
2.861111111111110006e+01
3.152777777777777146e+01
3.472222222222222143e+01
3.819444444444443576e+01
4.194444444444443576e+01
4.597222222222222143e+01
4.361111111111111427e+01
3.958333333333334281e+01
3.583333333333332860e+01
3.236111111111111427e+01
2.916666666666667140e+01
2.625000000000000000e+01
2.361111111111111427e+01
2.125000000000000000e+01
1.916666666666666785e+01
1.736111111111111072e+01
1.583333333333333393e+01
1.458333333333333393e+01
1.361111111111111072e+01
1.291666666666666607e+01
1.250000000000000000e+01
1.236111111111111072e+01
1.250000000000000000e+01
1.291666666666666607e+01
1.361111111111111072e+01
1.458333333333333215e+01
1.583333333333333037e+01
1.736111111111111072e+01
1.916666666666666430e+01
2.125000000000000000e+01
2.361111111111111427e+01
2.624999999999999289e+01
2.916666666666666430e+01
3.236111111111111427e+01
3.583333333333332149e+01
3.958333333333332860e+01
4.361111111111111427e+01
4.152777777777777857e+01
3.750000000000000711e+01
3.374999999999999289e+01
3.027777777777777857e+01
2.708333333333333570e+01
2.416666666666667140e+01
2.152777777777777857e+01
1.916666666666666785e+01
1.708333333333333570e+01
1.527777777777777679e+01
1.375000000000000000e+01
1.250000000000000000e+01
1.152777777777777679e+01
1.083333333333333215e+01
1.041666666666666607e+01
1.027777777777777679e+01
1.041666666666666430e+01
1.083333333333333215e+01
1.152777777777777679e+01
1.249999999999999822e+01
1.374999999999999645e+01
1.527777777777777679e+01
1.708333333333332860e+01
1.916666666666666430e+01
2.152777777777777857e+01
2.416666666666665719e+01
2.708333333333332860e+01
3.027777777777777857e+01
3.374999999999998579e+01
3.749999999999999289e+01
4.152777777777777857e+01
3.972222222222222143e+01
3.569444444444444997e+01
3.194444444444443576e+01
2.847222222222222143e+01
2.527777777777777857e+01
2.236111111111111427e+01
1.972222222222222143e+01
1.736111111111111072e+01
1.527777777777777679e+01
1.347222222222221966e+01
1.194444444444444287e+01
1.069444444444444287e+01
9.722222222222219656e+00
9.027777777777775015e+00
8.611111111111108940e+00
8.472222222222219656e+00
8.611111111111107164e+00
9.027777777777775015e+00
9.722222222222219656e+00
1.069444444444444109e+01
1.194444444444443931e+01
1.347222222222221966e+01
1.527777777777777324e+01
1.736111111111110716e+01
1.972222222222222143e+01
2.236111111111110006e+01
2.527777777777777146e+01
2.847222222222222143e+01
3.194444444444442865e+01
3.569444444444443576e+01
3.972222222222222143e+01
3.819444444444444287e+01
3.416666666666667140e+01
3.041666666666666430e+01
2.694444444444444287e+01
2.375000000000000000e+01
2.083333333333333570e+01
1.819444444444444287e+01
1.583333333333333393e+01
1.375000000000000000e+01
1.194444444444444287e+01
1.041666666666666607e+01
9.166666666666666075e+00
8.194444444444442865e+00
7.499999999999999112e+00
7.083333333333332149e+00
6.944444444444442865e+00
7.083333333333332149e+00
7.499999999999997335e+00
8.194444444444442865e+00
9.166666666666664298e+00
1.041666666666666252e+01
1.194444444444444287e+01
1.374999999999999645e+01
1.583333333333332860e+01
1.819444444444444287e+01
2.083333333333332149e+01
2.374999999999999289e+01
2.694444444444444287e+01
3.041666666666665719e+01
3.416666666666665719e+01
3.819444444444444287e+01
3.694444444444444287e+01
3.291666666666667140e+01
2.916666666666665719e+01
2.569444444444444287e+01
2.250000000000000000e+01
1.958333333333333570e+01
1.694444444444444287e+01
1.458333333333333393e+01
1.250000000000000000e+01
1.069444444444444287e+01
9.166666666666666075e+00
7.916666666666665186e+00
6.944444444444442865e+00
6.249999999999998224e+00
5.833333333333332149e+00
5.694444444444442865e+00
5.833333333333331261e+00
6.249999999999996447e+00
6.944444444444442865e+00
7.916666666666664298e+00
9.166666666666662522e+00
1.069444444444444287e+01
1.249999999999999645e+01
1.458333333333332860e+01
1.694444444444444287e+01
1.958333333333332149e+01
2.249999999999999289e+01
2.569444444444444287e+01
2.916666666666665009e+01
3.291666666666665719e+01
3.694444444444444287e+01
3.597222222222222143e+01
3.194444444444444997e+01
2.819444444444443576e+01
2.472222222222222143e+01
2.152777777777777857e+01
1.861111111111111072e+01
1.597222222222221966e+01
1.361111111111111072e+01
1.152777777777777679e+01
9.722222222222219656e+00
8.194444444444442865e+00
6.944444444444442865e+00
5.972222222222219656e+00
5.277777777777775903e+00
4.861111111111108940e+00
4.722222222222219656e+00
4.861111111111108052e+00
5.277777777777774126e+00
5.972222222222219656e+00
6.944444444444441089e+00
8.194444444444439313e+00
9.722222222222219656e+00
1.152777777777777324e+01
1.361111111111110539e+01
1.597222222222221966e+01
1.861111111111110006e+01
2.152777777777777146e+01
2.472222222222222143e+01
2.819444444444442865e+01
3.194444444444443576e+01
3.597222222222222143e+01
3.527777777777777857e+01
3.125000000000000711e+01
2.749999999999999289e+01
2.402777777777777857e+01
2.083333333333333570e+01
1.791666666666666430e+01
1.527777777777777501e+01
1.291666666666666607e+01
1.083333333333333215e+01
9.027777777777775015e+00
7.499999999999999112e+00
6.249999999999998224e+00
5.277777777777775903e+00
4.583333333333332149e+00
4.166666666666665186e+00
4.027777777777775903e+00
4.166666666666664298e+00
4.583333333333330373e+00
5.277777777777775903e+00
6.249999999999997335e+00
7.499999999999995559e+00
9.027777777777775015e+00
1.083333333333332860e+01
1.291666666666666075e+01
1.527777777777777501e+01
1.791666666666665364e+01
2.083333333333332860e+01
2.402777777777777857e+01
2.749999999999998579e+01
3.124999999999999289e+01
3.527777777777777857e+01
3.486111111111110716e+01
3.083333333333333570e+01
2.708333333333332860e+01
2.361111111111110716e+01
2.041666666666666430e+01
1.750000000000000000e+01
1.486111111111110894e+01
1.250000000000000000e+01
1.041666666666666607e+01
8.611111111111108940e+00
7.083333333333332149e+00
5.833333333333332149e+00
4.861111111111108940e+00
4.166666666666665186e+00
3.749999999999998224e+00
3.611111111111108940e+00
3.749999999999997780e+00
4.166666666666663410e+00
4.861111111111108940e+00
5.833333333333330373e+00
7.083333333333328596e+00
8.611111111111108940e+00
1.041666666666666252e+01
1.249999999999999467e+01
1.486111111111110894e+01
1.749999999999998579e+01
2.041666666666665719e+01
2.361111111111110716e+01
2.708333333333332149e+01
3.083333333333332149e+01
3.486111111111110716e+01
3.472222222222222143e+01
3.069444444444444997e+01
2.694444444444443576e+01
2.347222222222222143e+01
2.027777777777777857e+01
1.736111111111111072e+01
1.472222222222221966e+01
1.236111111111111072e+01
1.027777777777777679e+01
8.472222222222219656e+00
6.944444444444442865e+00
5.694444444444442865e+00
4.722222222222219656e+00
4.027777777777775903e+00
3.611111111111108940e+00
3.472222222222219656e+00
3.611111111111108496e+00
4.027777777777774126e+00
4.722222222222219656e+00
5.694444444444441089e+00
6.944444444444439313e+00
8.472222222222219656e+00
1.027777777777777324e+01
1.236111111111110539e+01
1.472222222222221966e+01
1.736111111111110006e+01
2.027777777777777146e+01
2.347222222222222143e+01
2.694444444444442865e+01
3.069444444444443576e+01
3.472222222222222143e+01
3.486111111111110716e+01
3.083333333333333570e+01
2.708333333333332860e+01
2.361111111111110716e+01
2.041666666666666430e+01
1.750000000000000000e+01
1.486111111111110894e+01
1.250000000000000000e+01
1.041666666666666430e+01
8.611111111111107164e+00
7.083333333333332149e+00
5.833333333333331261e+00
4.861111111111108052e+00
4.166666666666664298e+00
3.749999999999997780e+00
3.611111111111108496e+00
3.749999999999996891e+00
4.166666666666662522e+00
4.861111111111108052e+00
5.833333333333330373e+00
7.083333333333328596e+00
8.611111111111107164e+00
1.041666666666666075e+01
1.249999999999999467e+01
1.486111111111110894e+01
1.749999999999998579e+01
2.041666666666665719e+01
2.361111111111110716e+01
2.708333333333332149e+01
3.083333333333332149e+01
3.486111111111110716e+01
3.527777777777777146e+01
3.125000000000000000e+01
2.749999999999999289e+01
2.402777777777777146e+01
2.083333333333332860e+01
1.791666666666666430e+01
1.527777777777777501e+01
1.291666666666666607e+01
1.083333333333333215e+01
9.027777777777775015e+00
7.499999999999997335e+00
6.249999999999996447e+00
5.277777777777774126e+00
4.583333333333330373e+00
4.166666666666663410e+00
4.027777777777774126e+00
4.166666666666662522e+00
4.583333333333328596e+00
5.277777777777774126e+00
6.249999999999995559e+00
7.499999999999993783e+00
9.027777777777775015e+00
1.083333333333332860e+01
1.291666666666666075e+01
1.527777777777777501e+01
1.791666666666665364e+01
2.083333333333332149e+01
2.402777777777777146e+01
2.749999999999998579e+01
3.124999999999998579e+01
3.527777777777777146e+01
3.597222222222222143e+01
3.194444444444444997e+01
2.819444444444443576e+01
2.472222222222222143e+01
2.152777777777777857e+01
1.861111111111111072e+01
1.597222222222221966e+01
1.361111111111111072e+01
1.152777777777777679e+01
9.722222222222219656e+00
8.194444444444442865e+00
6.944444444444442865e+00
5.972222222222219656e+00
5.277777777777775903e+00
4.861111111111108940e+00
4.722222222222219656e+00
4.861111111111108052e+00
5.277777777777774126e+00
5.972222222222219656e+00
6.944444444444441089e+00
8.194444444444439313e+00
9.722222222222219656e+00
1.152777777777777324e+01
1.361111111111110539e+01
1.597222222222221966e+01
1.861111111111110006e+01
2.152777777777777146e+01
2.472222222222222143e+01
2.819444444444442865e+01
3.194444444444443576e+01
3.597222222222222143e+01
3.694444444444444287e+01
3.291666666666667140e+01
2.916666666666665719e+01
2.569444444444444287e+01
2.250000000000000000e+01
1.958333333333333570e+01
1.694444444444444287e+01
1.458333333333333215e+01
1.249999999999999822e+01
1.069444444444444109e+01
9.166666666666664298e+00
7.916666666666664298e+00
6.944444444444441089e+00
6.249999999999997335e+00
5.833333333333330373e+00
5.694444444444441089e+00
5.833333333333330373e+00
6.249999999999995559e+00
6.944444444444441089e+00
7.916666666666662522e+00
9.166666666666660745e+00
1.069444444444444109e+01
1.249999999999999467e+01
1.458333333333332682e+01
1.694444444444444287e+01
1.958333333333332149e+01
2.249999999999999289e+01
2.569444444444444287e+01
2.916666666666665009e+01
3.291666666666665719e+01
3.694444444444444287e+01
3.819444444444444287e+01
3.416666666666667140e+01
3.041666666666665719e+01
2.694444444444444287e+01
2.375000000000000000e+01
2.083333333333332860e+01
1.819444444444443931e+01
1.583333333333333037e+01
1.374999999999999645e+01
1.194444444444443931e+01
1.041666666666666252e+01
9.166666666666662522e+00
8.194444444444439313e+00
7.499999999999995559e+00
7.083333333333328596e+00
6.944444444444439313e+00
7.083333333333328596e+00
7.499999999999993783e+00
8.194444444444439313e+00
9.166666666666660745e+00
1.041666666666665897e+01
1.194444444444443931e+01
1.374999999999999289e+01
1.583333333333332504e+01
1.819444444444443931e+01
2.083333333333332149e+01
2.374999999999999289e+01
2.694444444444444287e+01
3.041666666666665009e+01
3.416666666666665719e+01
3.819444444444444287e+01
3.972222222222222143e+01
3.569444444444444997e+01
3.194444444444443576e+01
2.847222222222222143e+01
2.527777777777777857e+01
2.236111111111111427e+01
1.972222222222222143e+01
1.736111111111111072e+01
1.527777777777777679e+01
1.347222222222221966e+01
1.194444444444444287e+01
1.069444444444444287e+01
9.722222222222219656e+00
9.027777777777775015e+00
8.611111111111108940e+00
8.472222222222219656e+00
8.611111111111107164e+00
9.027777777777775015e+00
9.722222222222219656e+00
1.069444444444444109e+01
1.194444444444443931e+01
1.347222222222221966e+01
1.527777777777777324e+01
1.736111111111110716e+01
1.972222222222222143e+01
2.236111111111110006e+01
2.527777777777777146e+01
2.847222222222222143e+01
3.194444444444442865e+01
3.569444444444443576e+01
3.972222222222222143e+01
4.152777777777777857e+01
3.750000000000000711e+01
3.374999999999999289e+01
3.027777777777777146e+01
2.708333333333332860e+01
2.416666666666666430e+01
2.152777777777777146e+01
1.916666666666666430e+01
1.708333333333332860e+01
1.527777777777777324e+01
1.374999999999999645e+01
1.249999999999999645e+01
1.152777777777777324e+01
1.083333333333332860e+01
1.041666666666666252e+01
1.027777777777777324e+01
1.041666666666666075e+01
1.083333333333332860e+01
1.152777777777777324e+01
1.249999999999999467e+01
1.374999999999999289e+01
1.527777777777777324e+01
1.708333333333332860e+01
1.916666666666665719e+01
2.152777777777777146e+01
2.416666666666665009e+01
2.708333333333332149e+01
3.027777777777777146e+01
3.374999999999998579e+01
3.749999999999999289e+01
4.152777777777777857e+01
4.361111111111110716e+01
3.958333333333333570e+01
3.583333333333332149e+01
3.236111111111110716e+01
2.916666666666666430e+01
2.625000000000000000e+01
2.361111111111110716e+01
2.125000000000000000e+01
1.916666666666666430e+01
1.736111111111110716e+01
1.583333333333332860e+01
1.458333333333332860e+01
1.361111111111110539e+01
1.291666666666666075e+01
1.249999999999999467e+01
1.236111111111110539e+01
1.249999999999999467e+01
1.291666666666666075e+01
1.361111111111110539e+01
1.458333333333332682e+01
1.583333333333332504e+01
1.736111111111110716e+01
1.916666666666665719e+01
2.124999999999999289e+01
2.361111111111110716e+01
2.624999999999998579e+01
2.916666666666665719e+01
3.236111111111110716e+01
3.583333333333332149e+01
3.958333333333332149e+01
4.361111111111110716e+01
4.597222222222222143e+01
4.194444444444444997e+01
3.819444444444443576e+01
3.472222222222222143e+01
3.152777777777777857e+01
2.861111111111111427e+01
2.597222222222222143e+01
2.361111111111111427e+01
2.152777777777777857e+01
1.972222222222222143e+01
1.819444444444444287e+01
1.694444444444444287e+01
1.597222222222221966e+01
1.527777777777777501e+01
1.486111111111110894e+01
1.472222222222221966e+01
1.486111111111110894e+01
1.527777777777777501e+01
1.597222222222221966e+01
1.694444444444444287e+01
1.819444444444443931e+01
1.972222222222222143e+01
2.152777777777777146e+01
2.361111111111110716e+01
2.597222222222222143e+01
2.861111111111110006e+01
3.152777777777777146e+01
3.472222222222222143e+01
3.819444444444443576e+01
4.194444444444443576e+01
4.597222222222222143e+01
4.861111111111110006e+01
4.458333333333332860e+01
4.083333333333332149e+01
3.736111111111110006e+01
3.416666666666665719e+01
3.124999999999999289e+01
2.861111111111110006e+01
2.624999999999999289e+01
2.416666666666665719e+01
2.236111111111110006e+01
2.083333333333332149e+01
1.958333333333332149e+01
1.861111111111110006e+01
1.791666666666665364e+01
1.749999999999998579e+01
1.736111111111110006e+01
1.749999999999998579e+01
1.791666666666665364e+01
1.861111111111110006e+01
1.958333333333332149e+01
2.083333333333332149e+01
2.236111111111110006e+01
2.416666666666665009e+01
2.624999999999998579e+01
2.861111111111110006e+01
3.124999999999997868e+01
3.416666666666665009e+01
3.736111111111110006e+01
4.083333333333330728e+01
4.458333333333331439e+01
4.861111111111110006e+01
5.152777777777777146e+01
4.750000000000000000e+01
4.374999999999999289e+01
4.027777777777777146e+01
3.708333333333332860e+01
3.416666666666666430e+01
3.152777777777777146e+01
2.916666666666666430e+01
2.708333333333332860e+01
2.527777777777777146e+01
2.374999999999999289e+01
2.249999999999999289e+01
2.152777777777777146e+01
2.083333333333332860e+01
2.041666666666665719e+01
2.027777777777777146e+01
2.041666666666665719e+01
2.083333333333332149e+01
2.152777777777777146e+01
2.249999999999999289e+01
2.374999999999999289e+01
2.527777777777777146e+01
2.708333333333332149e+01
2.916666666666665719e+01
3.152777777777777146e+01
3.416666666666665009e+01
3.708333333333332149e+01
4.027777777777777146e+01
4.374999999999997868e+01
4.749999999999998579e+01
5.152777777777777146e+01
5.472222222222222143e+01
5.069444444444444997e+01
4.694444444444443576e+01
4.347222222222222143e+01
4.027777777777777857e+01
3.736111111111111427e+01
3.472222222222222143e+01
3.236111111111111427e+01
3.027777777777777857e+01
2.847222222222222143e+01
2.694444444444444287e+01
2.569444444444444287e+01
2.472222222222222143e+01
2.402777777777777857e+01
2.361111111111110716e+01
2.347222222222222143e+01
2.361111111111110716e+01
2.402777777777777146e+01
2.472222222222222143e+01
2.569444444444444287e+01
2.694444444444444287e+01
2.847222222222222143e+01
3.027777777777777146e+01
3.236111111111110716e+01
3.472222222222222143e+01
3.736111111111110006e+01
4.027777777777777146e+01
4.347222222222222143e+01
4.694444444444443576e+01
5.069444444444443576e+01
5.472222222222222143e+01
5.819444444444443576e+01
5.416666666666666430e+01
5.041666666666665009e+01
4.694444444444443576e+01
4.374999999999999289e+01
4.083333333333332149e+01
3.819444444444443576e+01
3.583333333333332149e+01
3.374999999999998579e+01
3.194444444444442865e+01
3.041666666666665719e+01
2.916666666666665009e+01
2.819444444444442865e+01
2.749999999999998579e+01
2.708333333333332149e+01
2.694444444444442865e+01
2.708333333333332149e+01
2.749999999999998579e+01
2.819444444444442865e+01
2.916666666666665009e+01
3.041666666666665009e+01
3.194444444444442865e+01
3.374999999999998579e+01
3.583333333333332149e+01
3.819444444444443576e+01
4.083333333333330728e+01
4.374999999999997868e+01
4.694444444444443576e+01
5.041666666666664298e+01
5.416666666666665009e+01
5.819444444444443576e+01
6.194444444444443576e+01
5.791666666666666430e+01
5.416666666666665009e+01
5.069444444444443576e+01
4.749999999999999289e+01
4.458333333333332860e+01
4.194444444444443576e+01
3.958333333333332860e+01
3.749999999999999289e+01
3.569444444444443576e+01
3.416666666666665719e+01
3.291666666666665719e+01
3.194444444444443576e+01
3.124999999999999289e+01
3.083333333333332149e+01
3.069444444444443576e+01
3.083333333333332149e+01
3.124999999999998579e+01
3.194444444444443576e+01
3.291666666666665719e+01
3.416666666666665719e+01
3.569444444444443576e+01
3.749999999999999289e+01
3.958333333333332149e+01
4.194444444444443576e+01
4.458333333333331439e+01
4.749999999999998579e+01
5.069444444444443576e+01
5.416666666666665009e+01
5.791666666666665009e+01
6.194444444444443576e+01
6.597222222222221433e+01
6.194444444444444997e+01
5.819444444444443576e+01
5.472222222222222143e+01
5.152777777777777857e+01
4.861111111111111427e+01
4.597222222222222143e+01
4.361111111111111427e+01
4.152777777777777857e+01
3.972222222222222143e+01
3.819444444444444287e+01
3.694444444444444287e+01
3.597222222222222143e+01
3.527777777777777857e+01
3.486111111111110716e+01
3.472222222222222143e+01
3.486111111111110716e+01
3.527777777777777146e+01
3.597222222222222143e+01
3.694444444444444287e+01
3.819444444444444287e+01
3.972222222222222143e+01
4.152777777777777857e+01
4.361111111111110716e+01
4.597222222222222143e+01
4.861111111111110006e+01
5.152777777777777146e+01
5.472222222222222143e+01
5.819444444444443576e+01
6.194444444444443576e+01
6.597222222222221433e+01
6.750000000000000000e+01
6.347222222222222854e+01
5.972222222222221433e+01
5.625000000000000000e+01
5.305555555555555713e+01
5.013888888888889284e+01
4.750000000000000000e+01
4.513888888888889284e+01
4.305555555555555713e+01
4.125000000000000000e+01
3.972222222222222143e+01
3.847222222222222143e+01
3.750000000000000000e+01
3.680555555555555713e+01
3.638888888888888573e+01
3.625000000000000000e+01
3.638888888888888573e+01
3.680555555555555713e+01
3.750000000000000000e+01
3.847222222222222143e+01
3.972222222222222143e+01
4.125000000000000000e+01
4.305555555555555713e+01
4.513888888888888573e+01
4.750000000000000000e+01
5.013888888888887863e+01
5.305555555555555003e+01
5.625000000000000000e+01
5.972222222222221433e+01
6.347222222222221433e+01
6.750000000000000000e+01
6.347222222222222854e+01
5.944444444444445708e+01
5.569444444444444287e+01
5.222222222222222854e+01
4.902777777777778567e+01
4.611111111111112137e+01
4.347222222222222854e+01
4.111111111111112137e+01
3.902777777777778567e+01
3.722222222222222854e+01
3.569444444444444997e+01
3.444444444444444997e+01
3.347222222222222854e+01
3.277777777777778567e+01
3.236111111111111427e+01
3.222222222222222854e+01
3.236111111111111427e+01
3.277777777777778567e+01
3.347222222222222854e+01
3.444444444444444997e+01
3.569444444444444997e+01
3.722222222222222854e+01
3.902777777777778567e+01
4.111111111111111427e+01
4.347222222222222854e+01
4.611111111111110716e+01
4.902777777777777857e+01
5.222222222222222854e+01
5.569444444444444287e+01
5.944444444444444287e+01
6.347222222222222854e+01
5.972222222222221433e+01
5.569444444444444287e+01
5.194444444444443576e+01
4.847222222222221433e+01
4.527777777777777146e+01
4.236111111111110716e+01
3.972222222222221433e+01
3.736111111111110716e+01
3.527777777777777146e+01
3.347222222222221433e+01
3.194444444444444287e+01
3.069444444444443931e+01
2.972222222222221788e+01
2.902777777777777501e+01
2.861111111111110716e+01
2.847222222222221788e+01
2.861111111111110716e+01
2.902777777777777146e+01
2.972222222222221788e+01
3.069444444444443931e+01
3.194444444444443576e+01
3.347222222222221433e+01
3.527777777777777146e+01
3.736111111111110006e+01
3.972222222222221433e+01
4.236111111111110006e+01
4.527777777777777146e+01
4.847222222222221433e+01
5.194444444444442865e+01
5.569444444444442865e+01
5.972222222222221433e+01
5.625000000000000000e+01
5.222222222222222854e+01
4.847222222222221433e+01
4.500000000000000000e+01
4.180555555555555713e+01
3.888888888888889284e+01
3.625000000000000000e+01
3.388888888888889284e+01
3.180555555555555713e+01
3.000000000000000000e+01
2.847222222222222143e+01
2.722222222222222143e+01
2.625000000000000000e+01
2.555555555555555713e+01
2.513888888888888928e+01
2.500000000000000000e+01
2.513888888888888928e+01
2.555555555555555358e+01
2.625000000000000000e+01
2.722222222222222143e+01
2.847222222222222143e+01
3.000000000000000000e+01
3.180555555555555358e+01
3.388888888888888573e+01
3.625000000000000000e+01
3.888888888888887863e+01
4.180555555555555003e+01
4.500000000000000000e+01
4.847222222222221433e+01
5.222222222222221433e+01
5.625000000000000000e+01
5.305555555555555713e+01
4.902777777777778567e+01
4.527777777777777146e+01
4.180555555555555713e+01
3.861111111111111427e+01
3.569444444444444997e+01
3.305555555555555713e+01
3.069444444444444997e+01
2.861111111111111427e+01
2.680555555555555713e+01
2.527777777777777857e+01
2.402777777777777857e+01
2.305555555555555713e+01
2.236111111111111427e+01
2.194444444444444642e+01
2.180555555555555713e+01
2.194444444444444642e+01
2.236111111111111072e+01
2.305555555555555713e+01
2.402777777777777857e+01
2.527777777777777857e+01
2.680555555555555713e+01
2.861111111111111072e+01
3.069444444444444287e+01
3.305555555555555713e+01
3.569444444444443576e+01
3.861111111111110716e+01
4.180555555555555713e+01
4.527777777777777146e+01
4.902777777777777146e+01
5.305555555555555713e+01
5.013888888888889284e+01
4.611111111111112137e+01
4.236111111111110716e+01
3.888888888888889284e+01
3.569444444444444997e+01
3.277777777777778567e+01
3.013888888888889284e+01
2.777777777777778212e+01
2.569444444444444997e+01
2.388888888888889284e+01
2.236111111111111427e+01
2.111111111111111427e+01
2.013888888888889284e+01
1.944444444444444642e+01
1.902777777777777857e+01
1.888888888888889284e+01
1.902777777777777857e+01
1.944444444444444642e+01
2.013888888888889284e+01
2.111111111111111427e+01
2.236111111111111072e+01
2.388888888888889284e+01
2.569444444444444287e+01
2.777777777777777857e+01
3.013888888888889284e+01
3.277777777777777146e+01
3.569444444444444287e+01
3.888888888888889284e+01
4.236111111111110006e+01
4.611111111111110716e+01
5.013888888888889284e+01
4.750000000000000000e+01
4.347222222222222854e+01
3.972222222222221433e+01
3.625000000000000000e+01
3.305555555555555713e+01
3.013888888888889284e+01
2.750000000000000000e+01
2.513888888888889284e+01
2.305555555555555713e+01
2.125000000000000000e+01
1.972222222222222143e+01
1.847222222222222143e+01
1.750000000000000000e+01
1.680555555555555713e+01
1.638888888888888928e+01
1.625000000000000000e+01
1.638888888888888928e+01
1.680555555555555713e+01
1.750000000000000000e+01
1.847222222222222143e+01
1.972222222222222143e+01
2.125000000000000000e+01
2.305555555555555358e+01
2.513888888888888573e+01
2.750000000000000000e+01
3.013888888888887863e+01
3.305555555555555003e+01
3.625000000000000000e+01
3.972222222222221433e+01
4.347222222222221433e+01
4.750000000000000000e+01
4.513888888888889284e+01
4.111111111111112137e+01
3.736111111111110716e+01
3.388888888888889284e+01
3.069444444444444997e+01
2.777777777777778212e+01
2.513888888888889284e+01
2.277777777777778212e+01
2.069444444444444997e+01
1.888888888888889284e+01
1.736111111111111427e+01
1.611111111111111427e+01
1.513888888888889106e+01
1.444444444444444642e+01
1.402777777777778034e+01
1.388888888888889106e+01
1.402777777777778034e+01
1.444444444444444642e+01
1.513888888888889106e+01
1.611111111111111427e+01
1.736111111111111072e+01
1.888888888888889284e+01
2.069444444444444287e+01
2.277777777777777857e+01
2.513888888888889284e+01
2.777777777777777146e+01
3.069444444444444287e+01
3.388888888888889284e+01
3.736111111111110006e+01
4.111111111111110716e+01
4.513888888888889284e+01
4.305555555555555713e+01
3.902777777777778567e+01
3.527777777777777146e+01
3.180555555555555713e+01
2.861111111111111427e+01
2.569444444444444997e+01
2.305555555555555713e+01
2.069444444444444997e+01
1.861111111111111427e+01
1.680555555555555713e+01
1.527777777777778034e+01
1.402777777777778034e+01
1.305555555555555713e+01
1.236111111111111427e+01
1.194444444444444642e+01
1.180555555555555713e+01
1.194444444444444642e+01
1.236111111111111072e+01
1.305555555555555713e+01
1.402777777777777857e+01
1.527777777777777679e+01
1.680555555555555713e+01
1.861111111111111072e+01
2.069444444444444287e+01
2.305555555555555713e+01
2.569444444444443576e+01
2.861111111111110716e+01
3.180555555555555713e+01
3.527777777777777146e+01
3.902777777777777146e+01
4.305555555555555713e+01
4.125000000000000000e+01
3.722222222222222854e+01
3.347222222222221433e+01
3.000000000000000000e+01
2.680555555555555713e+01
2.388888888888889284e+01
2.125000000000000000e+01
1.888888888888889284e+01
1.680555555555555713e+01
1.500000000000000000e+01
1.347222222222222321e+01
1.222222222222222321e+01
1.125000000000000000e+01
1.055555555555555713e+01
1.013888888888888928e+01
1.000000000000000000e+01
1.013888888888888928e+01
1.055555555555555358e+01
1.125000000000000000e+01
1.222222222222222143e+01
1.347222222222221966e+01
1.500000000000000000e+01
1.680555555555555358e+01
1.888888888888888573e+01
2.125000000000000000e+01
2.388888888888887863e+01
2.680555555555555003e+01
3.000000000000000000e+01
3.347222222222221433e+01
3.722222222222221433e+01
4.125000000000000000e+01
3.972222222222222143e+01
3.569444444444444997e+01
3.194444444444444287e+01
2.847222222222222143e+01
2.527777777777777857e+01
2.236111111111111427e+01
1.972222222222222143e+01
1.736111111111111427e+01
1.527777777777778034e+01
1.347222222222222321e+01
1.194444444444444642e+01
1.069444444444444642e+01
9.722222222222223209e+00
9.027777777777778567e+00
8.611111111111112493e+00
8.472222222222223209e+00
8.611111111111112493e+00
9.027777777777778567e+00
9.722222222222223209e+00
1.069444444444444464e+01
1.194444444444444287e+01
1.347222222222222321e+01
1.527777777777777679e+01
1.736111111111110716e+01
1.972222222222222143e+01
2.236111111111110006e+01
2.527777777777777146e+01
2.847222222222222143e+01
3.194444444444443576e+01
3.569444444444443576e+01
3.972222222222222143e+01
3.847222222222222143e+01
3.444444444444444997e+01
3.069444444444443931e+01
2.722222222222222143e+01
2.402777777777777857e+01
2.111111111111111427e+01
1.847222222222222143e+01
1.611111111111111427e+01
1.402777777777778034e+01
1.222222222222222321e+01
1.069444444444444642e+01
9.444444444444446418e+00
8.472222222222223209e+00
7.777777777777778567e+00
7.361111111111112493e+00
7.222222222222223209e+00
7.361111111111111605e+00
7.777777777777776791e+00
8.472222222222223209e+00
9.444444444444444642e+00
1.069444444444444287e+01
1.222222222222222321e+01
1.402777777777777679e+01
1.611111111111110716e+01
1.847222222222222143e+01
2.111111111111110006e+01
2.402777777777777146e+01
2.722222222222222143e+01
3.069444444444443221e+01
3.444444444444443576e+01
3.847222222222222143e+01
3.750000000000000000e+01
3.347222222222222854e+01
2.972222222222221788e+01
2.625000000000000000e+01
2.305555555555555713e+01
2.013888888888889284e+01
1.750000000000000000e+01
1.513888888888889106e+01
1.305555555555555713e+01
1.125000000000000000e+01
9.722222222222223209e+00
8.472222222222223209e+00
7.500000000000000000e+00
6.805555555555556246e+00
6.388888888888889284e+00
6.250000000000000000e+00
6.388888888888888395e+00
6.805555555555554470e+00
7.500000000000000000e+00
8.472222222222221433e+00
9.722222222222219656e+00
1.125000000000000000e+01
1.305555555555555358e+01
1.513888888888888573e+01
1.750000000000000000e+01
2.013888888888887863e+01
2.305555555555555003e+01
2.625000000000000000e+01
2.972222222222221077e+01
3.347222222222221433e+01
3.750000000000000000e+01
3.680555555555555713e+01
3.277777777777778567e+01
2.902777777777777501e+01
2.555555555555555713e+01
2.236111111111111427e+01
1.944444444444444642e+01
1.680555555555555713e+01
1.444444444444444642e+01
1.236111111111111427e+01
1.055555555555555713e+01
9.027777777777778567e+00
7.777777777777778567e+00
6.805555555555556246e+00
6.111111111111112493e+00
5.694444444444445530e+00
5.555555555555556246e+00
5.694444444444444642e+00
6.111111111111110716e+00
6.805555555555556246e+00
7.777777777777777679e+00
9.027777777777775015e+00
1.055555555555555713e+01
1.236111111111111072e+01
1.444444444444444109e+01
1.680555555555555713e+01
1.944444444444443576e+01
2.236111111111110716e+01
2.555555555555555713e+01
2.902777777777776791e+01
3.277777777777777146e+01
3.680555555555555713e+01
3.638888888888888573e+01
3.236111111111111427e+01
2.861111111111110716e+01
2.513888888888888928e+01
2.194444444444444642e+01
1.902777777777777857e+01
1.638888888888888928e+01
1.402777777777778034e+01
1.194444444444444642e+01
1.013888888888888928e+01
8.611111111111112493e+00
7.361111111111112493e+00
6.388888888888889284e+00
5.694444444444445530e+00
5.277777777777778567e+00
5.138888888888889284e+00
5.277777777777777679e+00
5.694444444444443754e+00
6.388888888888889284e+00
7.361111111111110716e+00
8.611111111111108940e+00
1.013888888888888928e+01
1.194444444444444287e+01
1.402777777777777501e+01
1.638888888888888928e+01
1.902777777777776791e+01
2.194444444444443931e+01
2.513888888888888928e+01
2.861111111111110006e+01
3.236111111111110006e+01
3.638888888888888573e+01
3.625000000000000000e+01
3.222222222222222854e+01
2.847222222222221788e+01
2.500000000000000000e+01
2.180555555555555713e+01
1.888888888888889284e+01
1.625000000000000000e+01
1.388888888888889106e+01
1.180555555555555713e+01
1.000000000000000000e+01
8.472222222222223209e+00
7.222222222222223209e+00
6.250000000000000000e+00
5.555555555555556246e+00
5.138888888888889284e+00
5.000000000000000000e+00
5.138888888888888395e+00
5.555555555555554470e+00
6.250000000000000000e+00
7.222222222222221433e+00
8.472222222222219656e+00
1.000000000000000000e+01
1.180555555555555358e+01
1.388888888888888573e+01
1.625000000000000000e+01
1.888888888888887863e+01
2.180555555555555003e+01
2.500000000000000000e+01
2.847222222222221077e+01
3.222222222222221433e+01
3.625000000000000000e+01
3.638888888888888573e+01
3.236111111111111427e+01
2.861111111111110716e+01
2.513888888888888928e+01
2.194444444444444642e+01
1.902777777777777857e+01
1.638888888888888928e+01
1.402777777777778034e+01
1.194444444444444642e+01
1.013888888888888928e+01
8.611111111111112493e+00
7.361111111111111605e+00
6.388888888888888395e+00
5.694444444444444642e+00
5.277777777777777679e+00
5.138888888888888395e+00
5.277777777777777679e+00
5.694444444444442865e+00
6.388888888888888395e+00
7.361111111111110716e+00
8.611111111111108940e+00
1.013888888888888928e+01
1.194444444444444287e+01
1.402777777777777501e+01
1.638888888888888928e+01
1.902777777777776791e+01
2.194444444444443931e+01
2.513888888888888928e+01
2.861111111111110006e+01
3.236111111111110006e+01
3.638888888888888573e+01
3.680555555555555713e+01
3.277777777777778567e+01
2.902777777777777146e+01
2.555555555555555358e+01
2.236111111111111072e+01
1.944444444444444642e+01
1.680555555555555713e+01
1.444444444444444642e+01
1.236111111111111072e+01
1.055555555555555358e+01
9.027777777777778567e+00
7.777777777777776791e+00
6.805555555555554470e+00
6.111111111111110716e+00
5.694444444444443754e+00
5.555555555555554470e+00
5.694444444444442865e+00
6.111111111111108940e+00
6.805555555555554470e+00
7.777777777777775903e+00
9.027777777777775015e+00
1.055555555555555358e+01
1.236111111111110716e+01
1.444444444444444109e+01
1.680555555555555713e+01
1.944444444444443576e+01
2.236111111111110361e+01
2.555555555555555358e+01
2.902777777777776436e+01
3.277777777777777146e+01
3.680555555555555713e+01
3.750000000000000000e+01
3.347222222222222854e+01
2.972222222222221788e+01
2.625000000000000000e+01
2.305555555555555713e+01
2.013888888888889284e+01
1.750000000000000000e+01
1.513888888888889106e+01
1.305555555555555713e+01
1.125000000000000000e+01
9.722222222222223209e+00
8.472222222222223209e+00
7.500000000000000000e+00
6.805555555555556246e+00
6.388888888888889284e+00
6.250000000000000000e+00
6.388888888888888395e+00
6.805555555555554470e+00
7.500000000000000000e+00
8.472222222222221433e+00
9.722222222222219656e+00
1.125000000000000000e+01
1.305555555555555358e+01
1.513888888888888573e+01
1.750000000000000000e+01
2.013888888888887863e+01
2.305555555555555003e+01
2.625000000000000000e+01
2.972222222222221077e+01
3.347222222222221433e+01
3.750000000000000000e+01
3.847222222222222143e+01
3.444444444444444997e+01
3.069444444444443931e+01
2.722222222222222143e+01
2.402777777777777857e+01
2.111111111111111427e+01
1.847222222222222143e+01
1.611111111111111427e+01
1.402777777777777857e+01
1.222222222222222143e+01
1.069444444444444464e+01
9.444444444444444642e+00
8.472222222222221433e+00
7.777777777777777679e+00
7.361111111111110716e+00
7.222222222222221433e+00
7.361111111111110716e+00
7.777777777777775903e+00
8.472222222222221433e+00
9.444444444444442865e+00
1.069444444444444109e+01
1.222222222222222143e+01
1.402777777777777501e+01
1.611111111111110716e+01
1.847222222222222143e+01
2.111111111111110006e+01
2.402777777777777146e+01
2.722222222222222143e+01
3.069444444444443221e+01
3.444444444444443576e+01
3.847222222222222143e+01
3.972222222222222143e+01
3.569444444444444997e+01
3.194444444444443576e+01
2.847222222222222143e+01
2.527777777777777857e+01
2.236111111111111072e+01
1.972222222222222143e+01
1.736111111111111072e+01
1.527777777777777679e+01
1.347222222222221966e+01
1.194444444444444287e+01
1.069444444444444287e+01
9.722222222222219656e+00
9.027777777777775015e+00
8.611111111111108940e+00
8.472222222222219656e+00
8.611111111111108940e+00
9.027777777777775015e+00
9.722222222222219656e+00
1.069444444444444109e+01
1.194444444444443931e+01
1.347222222222221966e+01
1.527777777777777324e+01
1.736111111111110716e+01
1.972222222222222143e+01
2.236111111111110006e+01
2.527777777777777146e+01
2.847222222222222143e+01
3.194444444444442865e+01
3.569444444444443576e+01
3.972222222222222143e+01
4.125000000000000000e+01
3.722222222222222854e+01
3.347222222222221433e+01
3.000000000000000000e+01
2.680555555555555713e+01
2.388888888888889284e+01
2.125000000000000000e+01
1.888888888888889284e+01
1.680555555555555713e+01
1.500000000000000000e+01
1.347222222222222321e+01
1.222222222222222321e+01
1.125000000000000000e+01
1.055555555555555713e+01
1.013888888888888928e+01
1.000000000000000000e+01
1.013888888888888928e+01
1.055555555555555358e+01
1.125000000000000000e+01
1.222222222222222143e+01
1.347222222222221966e+01
1.500000000000000000e+01
1.680555555555555358e+01
1.888888888888888573e+01
2.125000000000000000e+01
2.388888888888887863e+01
2.680555555555555003e+01
3.000000000000000000e+01
3.347222222222221433e+01
3.722222222222221433e+01
4.125000000000000000e+01
4.305555555555555713e+01
3.902777777777778567e+01
3.527777777777777146e+01
3.180555555555555358e+01
2.861111111111111072e+01
2.569444444444444287e+01
2.305555555555555358e+01
2.069444444444444287e+01
1.861111111111111072e+01
1.680555555555555358e+01
1.527777777777777679e+01
1.402777777777777679e+01
1.305555555555555358e+01
1.236111111111111072e+01
1.194444444444444287e+01
1.180555555555555358e+01
1.194444444444444287e+01
1.236111111111110716e+01
1.305555555555555358e+01
1.402777777777777501e+01
1.527777777777777324e+01
1.680555555555555358e+01
1.861111111111110716e+01
2.069444444444443931e+01
2.305555555555555358e+01
2.569444444444443221e+01
2.861111111111110361e+01
3.180555555555555358e+01
3.527777777777776436e+01
3.902777777777777146e+01
4.305555555555555713e+01
4.513888888888888573e+01
4.111111111111111427e+01
3.736111111111110006e+01
3.388888888888888573e+01
3.069444444444444287e+01
2.777777777777777857e+01
2.513888888888888573e+01
2.277777777777777857e+01
2.069444444444444287e+01
1.888888888888888573e+01
1.736111111111110716e+01
1.611111111111110716e+01
1.513888888888888573e+01
1.444444444444444109e+01
1.402777777777777501e+01
1.388888888888888573e+01
1.402777777777777501e+01
1.444444444444444109e+01
1.513888888888888573e+01
1.611111111111110716e+01
1.736111111111110716e+01
1.888888888888888573e+01
2.069444444444443931e+01
2.277777777777777146e+01
2.513888888888888573e+01
2.777777777777776436e+01
3.069444444444443576e+01
3.388888888888888573e+01
3.736111111111110006e+01
4.111111111111110006e+01
4.513888888888888573e+01
4.750000000000000000e+01
4.347222222222222854e+01
3.972222222222221433e+01
3.625000000000000000e+01
3.305555555555555713e+01
3.013888888888889284e+01
2.750000000000000000e+01
2.513888888888889284e+01
2.305555555555555713e+01
2.125000000000000000e+01
1.972222222222222143e+01
1.847222222222222143e+01
1.750000000000000000e+01
1.680555555555555713e+01
1.638888888888888928e+01
1.625000000000000000e+01
1.638888888888888928e+01
1.680555555555555713e+01
1.750000000000000000e+01
1.847222222222222143e+01
1.972222222222222143e+01
2.125000000000000000e+01
2.305555555555555358e+01
2.513888888888888573e+01
2.750000000000000000e+01
3.013888888888887863e+01
3.305555555555555003e+01
3.625000000000000000e+01
3.972222222222221433e+01
4.347222222222221433e+01
4.750000000000000000e+01
5.013888888888887863e+01
4.611111111111110716e+01
4.236111111111110006e+01
3.888888888888887863e+01
3.569444444444443576e+01
3.277777777777777146e+01
3.013888888888887863e+01
2.777777777777777146e+01
2.569444444444443576e+01
2.388888888888887863e+01
2.236111111111110006e+01
2.111111111111110006e+01
2.013888888888887863e+01
1.944444444444443576e+01
1.902777777777776791e+01
1.888888888888887863e+01
1.902777777777776791e+01
1.944444444444443576e+01
2.013888888888887863e+01
2.111111111111110006e+01
2.236111111111110006e+01
2.388888888888887863e+01
2.569444444444443221e+01
2.777777777777776436e+01
3.013888888888887863e+01
3.277777777777775725e+01
3.569444444444442865e+01
3.888888888888887863e+01
4.236111111111108585e+01
4.611111111111109295e+01
5.013888888888887863e+01
5.305555555555555003e+01
4.902777777777777857e+01
4.527777777777777146e+01
4.180555555555555003e+01
3.861111111111110716e+01
3.569444444444444287e+01
3.305555555555555003e+01
3.069444444444444287e+01
2.861111111111110716e+01
2.680555555555555003e+01
2.527777777777777146e+01
2.402777777777777146e+01
2.305555555555555003e+01
2.236111111111110716e+01
2.194444444444443931e+01
2.180555555555555003e+01
2.194444444444443931e+01
2.236111111111110361e+01
2.305555555555555003e+01
2.402777777777777146e+01
2.527777777777777146e+01
2.680555555555555003e+01
2.861111111111110361e+01
3.069444444444443576e+01
3.305555555555555003e+01
3.569444444444442865e+01
3.861111111111110006e+01
4.180555555555555003e+01
4.527777777777775725e+01
4.902777777777776436e+01
5.305555555555555003e+01
5.625000000000000000e+01
5.222222222222222854e+01
4.847222222222221433e+01
4.500000000000000000e+01
4.180555555555555713e+01
3.888888888888889284e+01
3.625000000000000000e+01
3.388888888888889284e+01
3.180555555555555713e+01
3.000000000000000000e+01
2.847222222222222143e+01
2.722222222222222143e+01
2.625000000000000000e+01
2.555555555555555713e+01
2.513888888888888928e+01
2.500000000000000000e+01
2.513888888888888928e+01
2.555555555555555358e+01
2.625000000000000000e+01
2.722222222222222143e+01
2.847222222222222143e+01
3.000000000000000000e+01
3.180555555555555358e+01
3.388888888888888573e+01
3.625000000000000000e+01
3.888888888888887863e+01
4.180555555555555003e+01
4.500000000000000000e+01
4.847222222222221433e+01
5.222222222222221433e+01
5.625000000000000000e+01
5.972222222222221433e+01
5.569444444444444287e+01
5.194444444444442865e+01
4.847222222222221433e+01
4.527777777777777146e+01
4.236111111111110006e+01
3.972222222222221433e+01
3.736111111111110006e+01
3.527777777777777146e+01
3.347222222222221433e+01
3.194444444444443576e+01
3.069444444444443221e+01
2.972222222222221077e+01
2.902777777777776791e+01
2.861111111111110006e+01
2.847222222222221077e+01
2.861111111111110006e+01
2.902777777777776436e+01
2.972222222222221077e+01
3.069444444444443221e+01
3.194444444444442865e+01
3.347222222222221433e+01
3.527777777777776436e+01
3.736111111111110006e+01
3.972222222222221433e+01
4.236111111111108585e+01
4.527777777777775725e+01
4.847222222222221433e+01
5.194444444444442155e+01
5.569444444444442865e+01
5.972222222222221433e+01
6.347222222222221433e+01
5.944444444444444287e+01
5.569444444444442865e+01
5.222222222222221433e+01
4.902777777777777146e+01
4.611111111111110716e+01
4.347222222222221433e+01
4.111111111111110716e+01
3.902777777777777146e+01
3.722222222222221433e+01
3.569444444444443576e+01
3.444444444444443576e+01
3.347222222222221433e+01
3.277777777777777146e+01
3.236111111111110006e+01
3.222222222222221433e+01
3.236111111111110006e+01
3.277777777777777146e+01
3.347222222222221433e+01
3.444444444444443576e+01
3.569444444444443576e+01
3.722222222222221433e+01
3.902777777777777146e+01
4.111111111111110006e+01
4.347222222222221433e+01
4.611111111111109295e+01
4.902777777777776436e+01
5.222222222222221433e+01
5.569444444444442865e+01
5.944444444444442865e+01
6.347222222222221433e+01
6.750000000000000000e+01
6.347222222222222854e+01
5.972222222222221433e+01
5.625000000000000000e+01
5.305555555555555713e+01
5.013888888888889284e+01
4.750000000000000000e+01
4.513888888888889284e+01
4.305555555555555713e+01
4.125000000000000000e+01
3.972222222222222143e+01
3.847222222222222143e+01
3.750000000000000000e+01
3.680555555555555713e+01
3.638888888888888573e+01
3.625000000000000000e+01
3.638888888888888573e+01
3.680555555555555713e+01
3.750000000000000000e+01
3.847222222222222143e+01
3.972222222222222143e+01
4.125000000000000000e+01
4.305555555555555713e+01
4.513888888888888573e+01
4.750000000000000000e+01
5.013888888888887863e+01
5.305555555555555003e+01
5.625000000000000000e+01
5.972222222222221433e+01
6.347222222222221433e+01
6.750000000000000000e+01
6.930555555555555713e+01
6.527777777777778567e+01
6.152777777777777146e+01
5.805555555555555713e+01
5.486111111111111427e+01
5.194444444444444287e+01
4.930555555555555713e+01
4.694444444444444287e+01
4.486111111111111427e+01
4.305555555555555713e+01
4.152777777777777146e+01
4.027777777777777146e+01
3.930555555555555713e+01
3.861111111111111427e+01
3.819444444444444287e+01
3.805555555555555713e+01
3.819444444444444287e+01
3.861111111111110716e+01
3.930555555555555713e+01
4.027777777777777146e+01
4.152777777777777146e+01
4.305555555555555713e+01
4.486111111111111427e+01
4.694444444444444287e+01
4.930555555555555713e+01
5.194444444444442865e+01
5.486111111111110006e+01
5.805555555555555713e+01
6.152777777777777146e+01
6.527777777777777146e+01
6.930555555555555713e+01
6.527777777777778567e+01
6.125000000000001421e+01
5.750000000000000000e+01
5.402777777777778567e+01
5.083333333333334281e+01
4.791666666666667140e+01
4.527777777777778567e+01
4.291666666666667140e+01
4.083333333333334281e+01
3.902777777777778567e+01
3.750000000000000000e+01
3.625000000000000000e+01
3.527777777777778567e+01
3.458333333333334281e+01
3.416666666666667140e+01
3.402777777777778567e+01
3.416666666666667140e+01
3.458333333333333570e+01
3.527777777777778567e+01
3.625000000000000000e+01
3.750000000000000000e+01
3.902777777777778567e+01
4.083333333333334281e+01
4.291666666666667140e+01
4.527777777777778567e+01
4.791666666666665719e+01
5.083333333333332860e+01
5.402777777777778567e+01
5.750000000000000000e+01
6.125000000000000000e+01
6.527777777777778567e+01
6.152777777777777146e+01
5.750000000000000000e+01
5.374999999999998579e+01
5.027777777777777146e+01
4.708333333333332860e+01
4.416666666666665719e+01
4.152777777777777146e+01
3.916666666666665719e+01
3.708333333333332860e+01
3.527777777777777146e+01
3.375000000000000000e+01
3.249999999999999289e+01
3.152777777777777146e+01
3.083333333333332860e+01
3.041666666666666075e+01
3.027777777777777146e+01
3.041666666666666075e+01
3.083333333333332504e+01
3.152777777777777146e+01
3.249999999999999289e+01
3.374999999999998579e+01
3.527777777777777146e+01
3.708333333333332860e+01
3.916666666666665719e+01
4.152777777777777146e+01
4.416666666666665719e+01
4.708333333333332860e+01
5.027777777777777146e+01
5.374999999999998579e+01
5.749999999999998579e+01
6.152777777777777146e+01
5.805555555555555713e+01
5.402777777777778567e+01
5.027777777777777146e+01
4.680555555555555713e+01
4.361111111111111427e+01
4.069444444444444287e+01
3.805555555555555713e+01
3.569444444444444287e+01
3.361111111111111427e+01
3.180555555555555358e+01
3.027777777777777501e+01
2.902777777777777501e+01
2.805555555555555358e+01
2.736111111111111072e+01
2.694444444444444287e+01
2.680555555555555358e+01
2.694444444444444287e+01
2.736111111111110716e+01
2.805555555555555358e+01
2.902777777777777501e+01
3.027777777777777501e+01
3.180555555555555358e+01
3.361111111111110716e+01
3.569444444444444287e+01
3.805555555555555713e+01
4.069444444444442865e+01
4.361111111111110006e+01
4.680555555555555713e+01
5.027777777777777146e+01
5.402777777777777146e+01
5.805555555555555713e+01
5.486111111111111427e+01
5.083333333333334281e+01
4.708333333333332860e+01
4.361111111111111427e+01
4.041666666666667140e+01
3.750000000000000000e+01
3.486111111111111427e+01
3.250000000000000000e+01
3.041666666666666785e+01
2.861111111111111072e+01
2.708333333333333215e+01
2.583333333333333215e+01
2.486111111111111072e+01
2.416666666666666785e+01
2.375000000000000000e+01
2.361111111111111072e+01
2.375000000000000000e+01
2.416666666666666430e+01
2.486111111111111072e+01
2.583333333333333215e+01
2.708333333333333215e+01
2.861111111111111072e+01
3.041666666666666430e+01
3.250000000000000000e+01
3.486111111111111427e+01
3.749999999999998579e+01
4.041666666666665719e+01
4.361111111111111427e+01
4.708333333333332860e+01
5.083333333333332860e+01
5.486111111111111427e+01
5.194444444444444287e+01
4.791666666666667140e+01
4.416666666666665719e+01
4.069444444444444287e+01
3.750000000000000000e+01
3.458333333333333570e+01
3.194444444444444642e+01
2.958333333333333570e+01
2.750000000000000355e+01
2.569444444444444642e+01
2.416666666666666785e+01
2.291666666666666785e+01
2.194444444444444287e+01
2.125000000000000000e+01
2.083333333333333570e+01
2.069444444444444287e+01
2.083333333333333570e+01
2.125000000000000000e+01
2.194444444444444287e+01
2.291666666666666785e+01
2.416666666666666430e+01
2.569444444444444642e+01
2.749999999999999645e+01
2.958333333333333215e+01
3.194444444444444642e+01
3.458333333333332860e+01
3.750000000000000000e+01
4.069444444444444287e+01
4.416666666666665719e+01
4.791666666666665719e+01
5.194444444444444287e+01
4.930555555555555713e+01
4.527777777777778567e+01
4.152777777777777146e+01
3.805555555555555713e+01
3.486111111111111427e+01
3.194444444444444642e+01
2.930555555555555358e+01
2.694444444444444642e+01
2.486111111111111072e+01
2.305555555555555358e+01
2.152777777777777857e+01
2.027777777777777857e+01
1.930555555555555358e+01
1.861111111111110716e+01
1.819444444444444287e+01
1.805555555555555358e+01
1.819444444444444287e+01
1.861111111111110716e+01
1.930555555555555358e+01
2.027777777777777501e+01
2.152777777777777146e+01
2.305555555555555358e+01
2.486111111111110716e+01
2.694444444444443931e+01
2.930555555555555358e+01
3.194444444444443221e+01
3.486111111111110006e+01
3.805555555555555713e+01
4.152777777777777146e+01
4.527777777777777146e+01
4.930555555555555713e+01
4.694444444444444287e+01
4.291666666666667140e+01
3.916666666666665719e+01
3.569444444444444287e+01
3.250000000000000000e+01
2.958333333333333570e+01
2.694444444444444642e+01
2.458333333333333570e+01
2.250000000000000000e+01
2.069444444444444287e+01
1.916666666666666785e+01
1.791666666666666785e+01
1.694444444444444287e+01
1.625000000000000000e+01
1.583333333333333393e+01
1.569444444444444464e+01
1.583333333333333393e+01
1.625000000000000000e+01
1.694444444444444287e+01
1.791666666666666430e+01
1.916666666666666430e+01
2.069444444444444287e+01
2.250000000000000000e+01
2.458333333333333215e+01
2.694444444444444642e+01
2.958333333333332504e+01
3.250000000000000000e+01
3.569444444444444287e+01
3.916666666666665719e+01
4.291666666666665719e+01
4.694444444444444287e+01
4.486111111111111427e+01
4.083333333333334281e+01
3.708333333333332860e+01
3.361111111111111427e+01
3.041666666666666785e+01
2.750000000000000355e+01
2.486111111111111072e+01
2.250000000000000000e+01
2.041666666666666785e+01
1.861111111111111072e+01
1.708333333333333570e+01
1.583333333333333393e+01
1.486111111111111072e+01
1.416666666666666785e+01
1.375000000000000000e+01
1.361111111111111072e+01
1.375000000000000000e+01
1.416666666666666430e+01
1.486111111111111072e+01
1.583333333333333215e+01
1.708333333333332860e+01
1.861111111111111072e+01
2.041666666666666430e+01
2.249999999999999645e+01
2.486111111111111072e+01
2.749999999999998934e+01
3.041666666666666075e+01
3.361111111111111427e+01
3.708333333333332149e+01
4.083333333333332860e+01
4.486111111111111427e+01
4.305555555555555713e+01
3.902777777777778567e+01
3.527777777777777146e+01
3.180555555555555358e+01
2.861111111111111072e+01
2.569444444444444642e+01
2.305555555555555358e+01
2.069444444444444287e+01
1.861111111111111072e+01
1.680555555555555358e+01
1.527777777777777679e+01
1.402777777777777679e+01
1.305555555555555358e+01
1.236111111111111072e+01
1.194444444444444287e+01
1.180555555555555358e+01
1.194444444444444287e+01
1.236111111111110716e+01
1.305555555555555358e+01
1.402777777777777501e+01
1.527777777777777324e+01
1.680555555555555358e+01
1.861111111111110716e+01
2.069444444444443931e+01
2.305555555555555358e+01
2.569444444444443221e+01
2.861111111111110361e+01
3.180555555555555358e+01
3.527777777777776436e+01
3.902777777777777146e+01
4.305555555555555713e+01
4.152777777777777146e+01
3.750000000000000000e+01
3.375000000000000000e+01
3.027777777777777501e+01
2.708333333333333215e+01
2.416666666666666785e+01
2.152777777777777857e+01
1.916666666666666785e+01
1.708333333333333570e+01
1.527777777777777679e+01
1.375000000000000000e+01
1.250000000000000000e+01
1.152777777777777679e+01
1.083333333333333215e+01
1.041666666666666607e+01
1.027777777777777679e+01
1.041666666666666607e+01
1.083333333333333215e+01
1.152777777777777679e+01
1.249999999999999822e+01
1.374999999999999645e+01
1.527777777777777679e+01
1.708333333333332860e+01
1.916666666666666430e+01
2.152777777777777857e+01
2.416666666666665364e+01
2.708333333333332504e+01
3.027777777777777501e+01
3.374999999999998579e+01
3.749999999999998579e+01
4.152777777777777146e+01
4.027777777777777146e+01
3.625000000000000000e+01
3.249999999999999289e+01
2.902777777777777501e+01
2.583333333333333215e+01
2.291666666666666785e+01
2.027777777777777857e+01
1.791666666666666785e+01
1.583333333333333393e+01
1.402777777777777679e+01
1.250000000000000000e+01
1.125000000000000000e+01
1.027777777777777679e+01
9.583333333333332149e+00
9.166666666666666075e+00
9.027777777777776791e+00
9.166666666666664298e+00
9.583333333333330373e+00
1.027777777777777679e+01
1.124999999999999822e+01
1.249999999999999645e+01
1.402777777777777679e+01
1.583333333333333037e+01
1.791666666666666430e+01
2.027777777777777857e+01
2.291666666666665364e+01
2.583333333333332504e+01
2.902777777777777501e+01
3.249999999999998579e+01
3.624999999999998579e+01
4.027777777777777146e+01
3.930555555555555713e+01
3.527777777777778567e+01
3.152777777777777146e+01
2.805555555555555358e+01
2.486111111111111072e+01
2.194444444444444287e+01
1.930555555555555358e+01
1.694444444444444287e+01
1.486111111111111072e+01
1.305555555555555358e+01
1.152777777777777679e+01
1.027777777777777679e+01
9.305555555555553582e+00
8.611111111111108940e+00
8.194444444444442865e+00
8.055555555555553582e+00
8.194444444444442865e+00
8.611111111111107164e+00
9.305555555555553582e+00
1.027777777777777501e+01
1.152777777777777324e+01
1.305555555555555358e+01
1.486111111111110716e+01
1.694444444444443931e+01
1.930555555555555358e+01
2.194444444444443221e+01
2.486111111111110361e+01
2.805555555555555358e+01
3.152777777777776436e+01
3.527777777777777146e+01
3.930555555555555713e+01
3.861111111111111427e+01
3.458333333333334281e+01
3.083333333333332860e+01
2.736111111111111072e+01
2.416666666666666785e+01
2.125000000000000000e+01
1.861111111111110716e+01
1.625000000000000000e+01
1.416666666666666785e+01
1.236111111111111072e+01
1.083333333333333215e+01
9.583333333333332149e+00
8.611111111111108940e+00
7.916666666666666075e+00
7.499999999999999112e+00
7.361111111111109828e+00
7.499999999999998224e+00
7.916666666666664298e+00
8.611111111111108940e+00
9.583333333333332149e+00
1.083333333333332860e+01
1.236111111111111072e+01
1.416666666666666430e+01
1.624999999999999289e+01
1.861111111111110716e+01
2.124999999999998579e+01
2.416666666666666075e+01
2.736111111111111072e+01
3.083333333333332149e+01
3.458333333333332860e+01
3.861111111111111427e+01
3.819444444444444287e+01
3.416666666666667140e+01
3.041666666666666075e+01
2.694444444444444287e+01
2.375000000000000000e+01
2.083333333333333570e+01
1.819444444444444287e+01
1.583333333333333393e+01
1.375000000000000000e+01
1.194444444444444287e+01
1.041666666666666607e+01
9.166666666666666075e+00
8.194444444444442865e+00
7.499999999999999112e+00
7.083333333333332149e+00
6.944444444444442865e+00
7.083333333333331261e+00
7.499999999999997335e+00
8.194444444444442865e+00
9.166666666666664298e+00
1.041666666666666252e+01
1.194444444444444287e+01
1.374999999999999645e+01
1.583333333333332860e+01
1.819444444444444287e+01
2.083333333333332149e+01
2.374999999999999289e+01
2.694444444444444287e+01
3.041666666666665364e+01
3.416666666666665719e+01
3.819444444444444287e+01
3.805555555555555713e+01
3.402777777777778567e+01
3.027777777777777146e+01
2.680555555555555358e+01
2.361111111111111072e+01
2.069444444444444287e+01
1.805555555555555358e+01
1.569444444444444464e+01
1.361111111111111072e+01
1.180555555555555358e+01
1.027777777777777679e+01
9.027777777777776791e+00
8.055555555555553582e+00
7.361111111111109828e+00
6.944444444444442865e+00
6.805555555555553582e+00
6.944444444444441977e+00
7.361111111111108052e+00
8.055555555555553582e+00
9.027777777777775015e+00
1.027777777777777324e+01
1.180555555555555358e+01
1.361111111111110716e+01
1.569444444444443931e+01
1.805555555555555358e+01
2.069444444444443221e+01
2.361111111111110361e+01
2.680555555555555358e+01
3.027777777777776436e+01
3.402777777777777146e+01
3.805555555555555713e+01
3.819444444444444287e+01
3.416666666666667140e+01
3.041666666666666075e+01
2.694444444444444287e+01
2.375000000000000000e+01
2.083333333333333570e+01
1.819444444444444287e+01
1.583333333333333393e+01
1.375000000000000000e+01
1.194444444444444287e+01
1.041666666666666607e+01
9.166666666666664298e+00
8.194444444444442865e+00
7.499999999999998224e+00
7.083333333333331261e+00
6.944444444444441977e+00
7.083333333333331261e+00
7.499999999999996447e+00
8.194444444444442865e+00
9.166666666666664298e+00
1.041666666666666252e+01
1.194444444444444287e+01
1.374999999999999645e+01
1.583333333333332860e+01
1.819444444444444287e+01
2.083333333333332149e+01
2.374999999999999289e+01
2.694444444444444287e+01
3.041666666666665364e+01
3.416666666666665719e+01
3.819444444444444287e+01
3.861111111111110716e+01
3.458333333333333570e+01
3.083333333333332504e+01
2.736111111111110716e+01
2.416666666666666430e+01
2.125000000000000000e+01
1.861111111111110716e+01
1.625000000000000000e+01
1.416666666666666430e+01
1.236111111111110716e+01
1.083333333333333215e+01
9.583333333333330373e+00
8.611111111111107164e+00
7.916666666666664298e+00
7.499999999999997335e+00
7.361111111111108052e+00
7.499999999999996447e+00
7.916666666666662522e+00
8.611111111111107164e+00
9.583333333333328596e+00
1.083333333333332860e+01
1.236111111111110716e+01
1.416666666666666075e+01
1.624999999999999289e+01
1.861111111111110716e+01
2.124999999999998579e+01
2.416666666666665719e+01
2.736111111111110716e+01
3.083333333333331794e+01
3.458333333333332149e+01
3.861111111111110716e+01
3.930555555555555713e+01
3.527777777777778567e+01
3.152777777777777146e+01
2.805555555555555358e+01
2.486111111111111072e+01
2.194444444444444287e+01
1.930555555555555358e+01
1.694444444444444287e+01
1.486111111111111072e+01
1.305555555555555358e+01
1.152777777777777679e+01
1.027777777777777679e+01
9.305555555555553582e+00
8.611111111111108940e+00
8.194444444444442865e+00
8.055555555555553582e+00
8.194444444444442865e+00
8.611111111111107164e+00
9.305555555555553582e+00
1.027777777777777501e+01
1.152777777777777324e+01
1.305555555555555358e+01
1.486111111111110716e+01
1.694444444444443931e+01
1.930555555555555358e+01
2.194444444444443221e+01
2.486111111111110361e+01
2.805555555555555358e+01
3.152777777777776436e+01
3.527777777777777146e+01
3.930555555555555713e+01
4.027777777777777146e+01
3.625000000000000000e+01
3.249999999999999289e+01
2.902777777777777501e+01
2.583333333333333215e+01
2.291666666666666785e+01
2.027777777777777501e+01
1.791666666666666430e+01
1.583333333333333215e+01
1.402777777777777501e+01
1.249999999999999822e+01
1.124999999999999822e+01
1.027777777777777501e+01
9.583333333333332149e+00
9.166666666666664298e+00
9.027777777777775015e+00
9.166666666666664298e+00
9.583333333333328596e+00
1.027777777777777501e+01
1.124999999999999645e+01
1.249999999999999467e+01
1.402777777777777501e+01
1.583333333333332860e+01
1.791666666666666075e+01
2.027777777777777501e+01
2.291666666666665364e+01
2.583333333333332504e+01
2.902777777777777501e+01
3.249999999999998579e+01
3.624999999999998579e+01
4.027777777777777146e+01
4.152777777777777146e+01
3.750000000000000000e+01
3.374999999999998579e+01
3.027777777777777501e+01
2.708333333333333215e+01
2.416666666666666430e+01
2.152777777777777146e+01
1.916666666666666430e+01
1.708333333333332860e+01
1.527777777777777324e+01
1.374999999999999645e+01
1.249999999999999645e+01
1.152777777777777324e+01
1.083333333333332860e+01
1.041666666666666252e+01
1.027777777777777324e+01
1.041666666666666252e+01
1.083333333333332860e+01
1.152777777777777324e+01
1.249999999999999467e+01
1.374999999999999289e+01
1.527777777777777324e+01
1.708333333333332860e+01
1.916666666666665719e+01
2.152777777777777146e+01
2.416666666666665364e+01
2.708333333333332504e+01
3.027777777777777501e+01
3.374999999999998579e+01
3.749999999999998579e+01
4.152777777777777146e+01
4.305555555555555713e+01
3.902777777777778567e+01
3.527777777777777146e+01
3.180555555555555358e+01
2.861111111111111072e+01
2.569444444444444642e+01
2.305555555555555358e+01
2.069444444444444287e+01
1.861111111111111072e+01
1.680555555555555358e+01
1.527777777777777679e+01
1.402777777777777679e+01
1.305555555555555358e+01
1.236111111111111072e+01
1.194444444444444287e+01
1.180555555555555358e+01
1.194444444444444287e+01
1.236111111111110716e+01
1.305555555555555358e+01
1.402777777777777501e+01
1.527777777777777324e+01
1.680555555555555358e+01
1.861111111111110716e+01
2.069444444444443931e+01
2.305555555555555358e+01
2.569444444444443221e+01
2.861111111111110361e+01
3.180555555555555358e+01
3.527777777777776436e+01
3.902777777777777146e+01
4.305555555555555713e+01
4.486111111111111427e+01
4.083333333333334281e+01
3.708333333333332860e+01
3.361111111111110716e+01
3.041666666666666430e+01
2.749999999999999645e+01
2.486111111111110716e+01
2.250000000000000000e+01
2.041666666666666430e+01
1.861111111111110716e+01
1.708333333333332860e+01
1.583333333333333037e+01
1.486111111111110716e+01
1.416666666666666430e+01
1.374999999999999645e+01
1.361111111111110716e+01
1.374999999999999645e+01
1.416666666666666075e+01
1.486111111111110716e+01
1.583333333333332860e+01
1.708333333333332860e+01
1.861111111111110716e+01
2.041666666666666075e+01
2.249999999999999289e+01
2.486111111111110716e+01
2.749999999999998579e+01
3.041666666666665719e+01
3.361111111111110716e+01
3.708333333333331439e+01
4.083333333333332860e+01
4.486111111111111427e+01
4.694444444444444287e+01
4.291666666666667140e+01
3.916666666666665719e+01
3.569444444444444287e+01
3.250000000000000000e+01
2.958333333333333215e+01
2.694444444444443931e+01
2.458333333333333215e+01
2.249999999999999645e+01
2.069444444444443931e+01
1.916666666666666430e+01
1.791666666666666430e+01
1.694444444444443931e+01
1.624999999999999289e+01
1.583333333333332860e+01
1.569444444444443931e+01
1.583333333333332860e+01
1.624999999999999289e+01
1.694444444444443931e+01
1.791666666666666075e+01
1.916666666666665719e+01
2.069444444444443931e+01
2.249999999999999289e+01
2.458333333333332504e+01
2.694444444444443931e+01
2.958333333333331794e+01
3.249999999999998579e+01
3.569444444444444287e+01
3.916666666666665719e+01
4.291666666666665719e+01
4.694444444444444287e+01
4.930555555555555713e+01
4.527777777777778567e+01
4.152777777777777146e+01
3.805555555555555713e+01
3.486111111111111427e+01
3.194444444444444642e+01
2.930555555555555358e+01
2.694444444444444642e+01
2.486111111111111072e+01
2.305555555555555358e+01
2.152777777777777857e+01
2.027777777777777857e+01
1.930555555555555358e+01
1.861111111111110716e+01
1.819444444444444287e+01
1.805555555555555358e+01
1.819444444444444287e+01
1.861111111111110716e+01
1.930555555555555358e+01
2.027777777777777501e+01
2.152777777777777146e+01
2.305555555555555358e+01
2.486111111111110716e+01
2.694444444444443931e+01
2.930555555555555358e+01
3.194444444444443221e+01
3.486111111111110006e+01
3.805555555555555713e+01
4.152777777777777146e+01
4.527777777777777146e+01
4.930555555555555713e+01
5.194444444444442865e+01
4.791666666666665719e+01
4.416666666666665719e+01
4.069444444444442865e+01
3.749999999999998579e+01
3.458333333333332860e+01
3.194444444444443221e+01
2.958333333333332504e+01
2.749999999999998934e+01
2.569444444444443221e+01
2.416666666666665364e+01
2.291666666666665364e+01
2.194444444444443221e+01
2.124999999999998579e+01
2.083333333333332149e+01
2.069444444444443221e+01
2.083333333333332149e+01
2.124999999999998579e+01
2.194444444444443221e+01
2.291666666666665364e+01
2.416666666666665364e+01
2.569444444444443221e+01
2.749999999999998579e+01
2.958333333333331794e+01
3.194444444444443221e+01
3.458333333333331439e+01
3.749999999999998579e+01
4.069444444444442865e+01
4.416666666666664298e+01
4.791666666666664298e+01
5.194444444444442865e+01
5.486111111111110006e+01
5.083333333333332860e+01
4.708333333333332860e+01
4.361111111111110006e+01
4.041666666666665719e+01
3.750000000000000000e+01
3.486111111111110006e+01
3.250000000000000000e+01
3.041666666666666075e+01
2.861111111111110361e+01
2.708333333333332504e+01
2.583333333333332504e+01
2.486111111111110361e+01
2.416666666666666075e+01
2.374999999999999289e+01
2.361111111111110361e+01
2.374999999999999289e+01
2.416666666666665719e+01
2.486111111111110361e+01
2.583333333333332504e+01
2.708333333333332504e+01
2.861111111111110361e+01
3.041666666666665719e+01
3.249999999999998579e+01
3.486111111111110006e+01
3.749999999999998579e+01
4.041666666666665719e+01
4.361111111111110006e+01
4.708333333333331439e+01
5.083333333333331439e+01
5.486111111111110006e+01
5.805555555555555713e+01
5.402777777777778567e+01
5.027777777777777146e+01
4.680555555555555713e+01
4.361111111111111427e+01
4.069444444444444287e+01
3.805555555555555713e+01
3.569444444444444287e+01
3.361111111111111427e+01
3.180555555555555358e+01
3.027777777777777501e+01
2.902777777777777501e+01
2.805555555555555358e+01
2.736111111111111072e+01
2.694444444444444287e+01
2.680555555555555358e+01
2.694444444444444287e+01
2.736111111111110716e+01
2.805555555555555358e+01
2.902777777777777501e+01
3.027777777777777501e+01
3.180555555555555358e+01
3.361111111111110716e+01
3.569444444444444287e+01
3.805555555555555713e+01
4.069444444444442865e+01
4.361111111111110006e+01
4.680555555555555713e+01
5.027777777777777146e+01
5.402777777777777146e+01
5.805555555555555713e+01
6.152777777777777146e+01
5.750000000000000000e+01
5.374999999999998579e+01
5.027777777777777146e+01
4.708333333333332860e+01
4.416666666666665719e+01
4.152777777777777146e+01
3.916666666666665719e+01
3.708333333333332149e+01
3.527777777777776436e+01
3.374999999999998579e+01
3.249999999999998579e+01
3.152777777777776436e+01
3.083333333333332149e+01
3.041666666666665364e+01
3.027777777777776436e+01
3.041666666666665364e+01
3.083333333333331794e+01
3.152777777777776436e+01
3.249999999999998579e+01
3.374999999999998579e+01
3.527777777777776436e+01
3.708333333333331439e+01
3.916666666666665719e+01
4.152777777777777146e+01
4.416666666666664298e+01
4.708333333333331439e+01
5.027777777777777146e+01
5.374999999999997158e+01
5.749999999999998579e+01
6.152777777777777146e+01
6.527777777777777146e+01
6.125000000000000000e+01
5.749999999999998579e+01
5.402777777777777146e+01
5.083333333333332860e+01
4.791666666666665719e+01
4.527777777777777146e+01
4.291666666666665719e+01
4.083333333333332860e+01
3.902777777777777146e+01
3.749999999999998579e+01
3.624999999999998579e+01
3.527777777777777146e+01
3.458333333333332860e+01
3.416666666666665719e+01
3.402777777777777146e+01
3.416666666666665719e+01
3.458333333333332149e+01
3.527777777777777146e+01
3.624999999999998579e+01
3.749999999999998579e+01
3.902777777777777146e+01
4.083333333333332860e+01
4.291666666666665719e+01
4.527777777777777146e+01
4.791666666666664298e+01
5.083333333333331439e+01
5.402777777777777146e+01
5.749999999999998579e+01
6.124999999999998579e+01
6.527777777777777146e+01
6.930555555555555713e+01
6.527777777777778567e+01
6.152777777777777146e+01
5.805555555555555713e+01
5.486111111111111427e+01
5.194444444444444287e+01
4.930555555555555713e+01
4.694444444444444287e+01
4.486111111111111427e+01
4.305555555555555713e+01
4.152777777777777146e+01
4.027777777777777146e+01
3.930555555555555713e+01
3.861111111111111427e+01
3.819444444444444287e+01
3.805555555555555713e+01
3.819444444444444287e+01
3.861111111111110716e+01
3.930555555555555713e+01
4.027777777777777146e+01
4.152777777777777146e+01
4.305555555555555713e+01
4.486111111111111427e+01
4.694444444444444287e+01
4.930555555555555713e+01
5.194444444444442865e+01
5.486111111111110006e+01
5.805555555555555713e+01
6.152777777777777146e+01
6.527777777777777146e+01
6.930555555555555713e+01
7.138888888888888573e+01
6.736111111111111427e+01
6.361111111111110006e+01
6.013888888888888573e+01
5.694444444444444287e+01
5.402777777777777857e+01
5.138888888888888573e+01
4.902777777777777857e+01
4.694444444444444287e+01
4.513888888888888573e+01
4.361111111111110716e+01
4.236111111111110716e+01
4.138888888888888573e+01
4.069444444444444287e+01
4.027777777777777146e+01
4.013888888888888573e+01
4.027777777777777146e+01
4.069444444444444287e+01
4.138888888888888573e+01
4.236111111111110716e+01
4.361111111111110716e+01
4.513888888888888573e+01
4.694444444444444287e+01
4.902777777777777146e+01
5.138888888888888573e+01
5.402777777777776436e+01
5.694444444444443576e+01
6.013888888888888573e+01
6.361111111111110006e+01
6.736111111111110006e+01
7.138888888888888573e+01
6.736111111111111427e+01
6.333333333333334281e+01
5.958333333333332860e+01
5.611111111111111427e+01
5.291666666666667140e+01
5.000000000000000711e+01
4.736111111111111427e+01
4.500000000000000711e+01
4.291666666666667140e+01
4.111111111111111427e+01
3.958333333333333570e+01
3.833333333333333570e+01
3.736111111111111427e+01
3.666666666666667140e+01
3.625000000000000000e+01
3.611111111111111427e+01
3.625000000000000000e+01
3.666666666666667140e+01
3.736111111111111427e+01
3.833333333333333570e+01
3.958333333333333570e+01
4.111111111111111427e+01
4.291666666666667140e+01
4.500000000000000000e+01
4.736111111111111427e+01
4.999999999999999289e+01
5.291666666666666430e+01
5.611111111111111427e+01
5.958333333333332860e+01
6.333333333333332860e+01
6.736111111111111427e+01
6.361111111111110006e+01
5.958333333333332860e+01
5.583333333333332149e+01
5.236111111111110006e+01
4.916666666666665719e+01
4.624999999999999289e+01
4.361111111111110006e+01
4.124999999999999289e+01
3.916666666666665719e+01
3.736111111111110006e+01
3.583333333333332860e+01
3.458333333333332860e+01
3.361111111111110006e+01
3.291666666666665719e+01
3.249999999999999289e+01
3.236111111111110006e+01
3.249999999999999289e+01
3.291666666666665719e+01
3.361111111111110006e+01
3.458333333333332860e+01
3.583333333333332149e+01
3.736111111111110006e+01
3.916666666666665719e+01
4.124999999999998579e+01
4.361111111111110006e+01
4.624999999999998579e+01
4.916666666666665719e+01
5.236111111111110006e+01
5.583333333333331439e+01
5.958333333333331439e+01
6.361111111111110006e+01
6.013888888888888573e+01
5.611111111111111427e+01
5.236111111111110006e+01
4.888888888888888573e+01
4.569444444444444287e+01
4.277777777777777857e+01
4.013888888888888573e+01
3.777777777777777857e+01
3.569444444444444287e+01
3.388888888888888573e+01
3.236111111111110716e+01
3.111111111111110716e+01
3.013888888888888573e+01
2.944444444444444287e+01
2.902777777777777501e+01
2.888888888888888573e+01
2.902777777777777501e+01
2.944444444444443931e+01
3.013888888888888573e+01
3.111111111111110716e+01
3.236111111111110716e+01
3.388888888888888573e+01
3.569444444444444287e+01
3.777777777777777146e+01
4.013888888888888573e+01
4.277777777777776436e+01
4.569444444444443576e+01
4.888888888888888573e+01
5.236111111111110006e+01
5.611111111111110006e+01
6.013888888888888573e+01
5.694444444444444287e+01
5.291666666666667140e+01
4.916666666666665719e+01
4.569444444444444287e+01
4.250000000000000000e+01
3.958333333333333570e+01
3.694444444444444287e+01
3.458333333333333570e+01
3.250000000000000000e+01
3.069444444444444287e+01
2.916666666666666430e+01
2.791666666666666430e+01
2.694444444444444287e+01
2.625000000000000000e+01
2.583333333333333215e+01
2.569444444444444287e+01
2.583333333333333215e+01
2.624999999999999645e+01
2.694444444444444287e+01
2.791666666666666430e+01
2.916666666666666430e+01
3.069444444444444287e+01
3.250000000000000000e+01
3.458333333333332860e+01
3.694444444444444287e+01
3.958333333333332149e+01
4.249999999999999289e+01
4.569444444444444287e+01
4.916666666666665719e+01
5.291666666666665719e+01
5.694444444444444287e+01
5.402777777777777857e+01
5.000000000000000711e+01
4.624999999999999289e+01
4.277777777777777857e+01
3.958333333333333570e+01
3.666666666666667140e+01
3.402777777777777857e+01
3.166666666666666785e+01
2.958333333333333570e+01
2.777777777777777857e+01
2.625000000000000000e+01
2.500000000000000000e+01
2.402777777777777857e+01
2.333333333333333215e+01
2.291666666666666430e+01
2.277777777777777857e+01
2.291666666666666430e+01
2.333333333333333215e+01
2.402777777777777857e+01
2.500000000000000000e+01
2.624999999999999645e+01
2.777777777777777857e+01
2.958333333333332860e+01
3.166666666666666430e+01
3.402777777777777857e+01
3.666666666666665719e+01
3.958333333333332860e+01
4.277777777777777857e+01
4.624999999999998579e+01
4.999999999999999289e+01
5.402777777777777857e+01
5.138888888888888573e+01
4.736111111111111427e+01
4.361111111111110006e+01
4.013888888888888573e+01
3.694444444444444287e+01
3.402777777777777857e+01
3.138888888888888573e+01
2.902777777777777857e+01
2.694444444444444287e+01
2.513888888888888573e+01
2.361111111111110716e+01
2.236111111111110716e+01
2.138888888888888573e+01
2.069444444444444287e+01
2.027777777777777501e+01
2.013888888888888573e+01
2.027777777777777501e+01
2.069444444444444287e+01
2.138888888888888573e+01
2.236111111111110716e+01
2.361111111111110716e+01
2.513888888888888573e+01
2.694444444444443931e+01
2.902777777777777146e+01
3.138888888888888573e+01
3.402777777777776436e+01
3.694444444444443576e+01
4.013888888888888573e+01
4.361111111111110006e+01
4.736111111111110006e+01
5.138888888888888573e+01
4.902777777777777857e+01
4.500000000000000711e+01
4.124999999999999289e+01
3.777777777777777857e+01
3.458333333333333570e+01
3.166666666666666785e+01
2.902777777777777857e+01
2.666666666666666785e+01
2.458333333333333570e+01
2.277777777777777857e+01
2.125000000000000000e+01
2.000000000000000000e+01
1.902777777777777857e+01
1.833333333333333215e+01
1.791666666666666430e+01
1.777777777777777857e+01
1.791666666666666430e+01
1.833333333333333215e+01
1.902777777777777857e+01
2.000000000000000000e+01
2.124999999999999645e+01
2.277777777777777857e+01
2.458333333333332860e+01
2.666666666666666430e+01
2.902777777777777857e+01
3.166666666666665719e+01
3.458333333333332860e+01
3.777777777777777857e+01
4.124999999999998579e+01
4.499999999999999289e+01
4.902777777777777857e+01
4.694444444444444287e+01
4.291666666666667140e+01
3.916666666666665719e+01
3.569444444444444287e+01
3.250000000000000000e+01
2.958333333333333570e+01
2.694444444444444287e+01
2.458333333333333570e+01
2.250000000000000000e+01
2.069444444444444287e+01
1.916666666666666430e+01
1.791666666666666430e+01
1.694444444444444287e+01
1.625000000000000000e+01
1.583333333333333215e+01
1.569444444444444287e+01
1.583333333333333215e+01
1.624999999999999645e+01
1.694444444444444287e+01
1.791666666666666430e+01
1.916666666666666430e+01
2.069444444444444287e+01
2.249999999999999645e+01
2.458333333333332860e+01
2.694444444444444287e+01
2.958333333333332149e+01
3.249999999999999289e+01
3.569444444444444287e+01
3.916666666666665719e+01
4.291666666666665719e+01
4.694444444444444287e+01
4.513888888888888573e+01
4.111111111111111427e+01
3.736111111111110006e+01
3.388888888888888573e+01
3.069444444444444287e+01
2.777777777777777857e+01
2.513888888888888573e+01
2.277777777777777857e+01
2.069444444444444287e+01
1.888888888888888573e+01
1.736111111111110716e+01
1.611111111111110716e+01
1.513888888888888573e+01
1.444444444444444287e+01
1.402777777777777501e+01
1.388888888888888573e+01
1.402777777777777501e+01
1.444444444444443931e+01
1.513888888888888573e+01
1.611111111111110716e+01
1.736111111111110716e+01
1.888888888888888573e+01
2.069444444444443931e+01
2.277777777777777146e+01
2.513888888888888573e+01
2.777777777777776436e+01
3.069444444444443576e+01
3.388888888888888573e+01
3.736111111111110006e+01
4.111111111111110006e+01
4.513888888888888573e+01
4.361111111111110716e+01
3.958333333333333570e+01
3.583333333333332860e+01
3.236111111111110716e+01
2.916666666666666430e+01
2.625000000000000000e+01
2.361111111111110716e+01
2.125000000000000000e+01
1.916666666666666430e+01
1.736111111111110716e+01
1.583333333333333215e+01
1.458333333333333215e+01
1.361111111111110894e+01
1.291666666666666430e+01
1.249999999999999822e+01
1.236111111111110894e+01
1.249999999999999822e+01
1.291666666666666430e+01
1.361111111111110894e+01
1.458333333333333037e+01
1.583333333333332860e+01
1.736111111111110716e+01
1.916666666666666430e+01
2.124999999999999289e+01
2.361111111111110716e+01
2.624999999999998579e+01
2.916666666666665719e+01
3.236111111111110716e+01
3.583333333333332149e+01
3.958333333333332149e+01
4.361111111111110716e+01
4.236111111111110716e+01
3.833333333333333570e+01
3.458333333333332860e+01
3.111111111111110716e+01
2.791666666666666430e+01
2.500000000000000000e+01
2.236111111111110716e+01
2.000000000000000000e+01
1.791666666666666430e+01
1.611111111111110716e+01
1.458333333333333215e+01
1.333333333333333215e+01
1.236111111111110894e+01
1.166666666666666430e+01
1.124999999999999822e+01
1.111111111111110894e+01
1.124999999999999645e+01
1.166666666666666252e+01
1.236111111111110894e+01
1.333333333333333037e+01
1.458333333333332860e+01
1.611111111111110716e+01
1.791666666666666430e+01
1.999999999999999289e+01
2.236111111111110716e+01
2.499999999999998579e+01
2.791666666666665719e+01
3.111111111111110716e+01
3.458333333333331439e+01
3.833333333333332149e+01
4.236111111111110716e+01
4.138888888888888573e+01
3.736111111111111427e+01
3.361111111111110006e+01
3.013888888888888573e+01
2.694444444444444287e+01
2.402777777777777857e+01
2.138888888888888573e+01
1.902777777777777857e+01
1.694444444444444287e+01
1.513888888888888573e+01
1.361111111111110894e+01
1.236111111111110894e+01
1.138888888888888573e+01
1.069444444444444109e+01
1.027777777777777501e+01
1.013888888888888573e+01
1.027777777777777501e+01
1.069444444444443931e+01
1.138888888888888573e+01
1.236111111111110716e+01
1.361111111111110539e+01
1.513888888888888573e+01
1.694444444444443931e+01
1.902777777777777146e+01
2.138888888888888573e+01
2.402777777777776436e+01
2.694444444444443576e+01
3.013888888888888573e+01
3.361111111111110006e+01
3.736111111111110006e+01
4.138888888888888573e+01
4.069444444444444287e+01
3.666666666666667140e+01
3.291666666666665719e+01
2.944444444444444287e+01
2.625000000000000000e+01
2.333333333333333215e+01
2.069444444444444287e+01
1.833333333333333215e+01
1.625000000000000000e+01
1.444444444444444287e+01
1.291666666666666430e+01
1.166666666666666430e+01
1.069444444444444109e+01
9.999999999999998224e+00
9.583333333333330373e+00
9.444444444444441089e+00
9.583333333333330373e+00
9.999999999999996447e+00
1.069444444444444109e+01
1.166666666666666430e+01
1.291666666666666075e+01
1.444444444444444287e+01
1.624999999999999645e+01
1.833333333333332860e+01
2.069444444444444287e+01
2.333333333333332149e+01
2.624999999999999289e+01
2.944444444444444287e+01
3.291666666666665719e+01
3.666666666666665719e+01
4.069444444444444287e+01
4.027777777777777146e+01
3.625000000000000000e+01
3.249999999999999289e+01
2.902777777777777501e+01
2.583333333333333215e+01
2.291666666666666430e+01
2.027777777777777501e+01
1.791666666666666430e+01
1.583333333333333215e+01
1.402777777777777501e+01
1.249999999999999822e+01
1.124999999999999822e+01
1.027777777777777501e+01
9.583333333333330373e+00
9.166666666666664298e+00
9.027777777777775015e+00
9.166666666666664298e+00
9.583333333333330373e+00
1.027777777777777501e+01
1.124999999999999645e+01
1.249999999999999467e+01
1.402777777777777501e+01
1.583333333333332860e+01
1.791666666666666075e+01
2.027777777777777501e+01
2.291666666666665364e+01
2.583333333333332504e+01
2.902777777777777501e+01
3.249999999999998579e+01
3.624999999999998579e+01
4.027777777777777146e+01
4.013888888888888573e+01
3.611111111111111427e+01
3.236111111111110006e+01
2.888888888888888573e+01
2.569444444444444287e+01
2.277777777777777857e+01
2.013888888888888573e+01
1.777777777777777857e+01
1.569444444444444287e+01
1.388888888888888573e+01
1.236111111111110894e+01
1.111111111111110894e+01
1.013888888888888573e+01
9.444444444444441089e+00
9.027777777777775015e+00
8.888888888888885731e+00
9.027777777777775015e+00
9.444444444444441089e+00
1.013888888888888573e+01
1.111111111111110716e+01
1.236111111111110539e+01
1.388888888888888573e+01
1.569444444444443931e+01
1.777777777777777146e+01
2.013888888888888573e+01
2.277777777777776436e+01
2.569444444444443576e+01
2.888888888888888573e+01
3.236111111111110006e+01
3.611111111111110006e+01
4.013888888888888573e+01
4.027777777777777146e+01
3.625000000000000000e+01
3.249999999999999289e+01
2.902777777777777501e+01
2.583333333333333215e+01
2.291666666666666430e+01
2.027777777777777501e+01
1.791666666666666430e+01
1.583333333333333215e+01
1.402777777777777501e+01
1.249999999999999822e+01
1.124999999999999645e+01
1.027777777777777501e+01
9.583333333333330373e+00
9.166666666666664298e+00
9.027777777777775015e+00
9.166666666666662522e+00
9.583333333333328596e+00
1.027777777777777501e+01
1.124999999999999645e+01
1.249999999999999467e+01
1.402777777777777501e+01
1.583333333333332860e+01
1.791666666666666075e+01
2.027777777777777501e+01
2.291666666666665364e+01
2.583333333333332504e+01
2.902777777777777501e+01
3.249999999999998579e+01
3.624999999999998579e+01
4.027777777777777146e+01
4.069444444444444287e+01
3.666666666666667140e+01
3.291666666666665719e+01
2.944444444444443931e+01
2.624999999999999645e+01
2.333333333333333215e+01
2.069444444444444287e+01
1.833333333333333215e+01
1.624999999999999645e+01
1.444444444444443931e+01
1.291666666666666430e+01
1.166666666666666252e+01
1.069444444444443931e+01
9.999999999999996447e+00
9.583333333333330373e+00
9.444444444444441089e+00
9.583333333333328596e+00
9.999999999999994671e+00
1.069444444444443931e+01
1.166666666666666075e+01
1.291666666666666075e+01
1.444444444444443931e+01
1.624999999999999289e+01
1.833333333333332860e+01
2.069444444444444287e+01
2.333333333333332149e+01
2.624999999999998934e+01
2.944444444444443931e+01
3.291666666666665009e+01
3.666666666666665719e+01
4.069444444444444287e+01
4.138888888888888573e+01
3.736111111111111427e+01
3.361111111111110006e+01
3.013888888888888573e+01
2.694444444444444287e+01
2.402777777777777857e+01
2.138888888888888573e+01
1.902777777777777857e+01
1.694444444444444287e+01
1.513888888888888573e+01
1.361111111111110894e+01
1.236111111111110894e+01
1.138888888888888573e+01
1.069444444444444109e+01
1.027777777777777501e+01
1.013888888888888573e+01
1.027777777777777501e+01
1.069444444444443931e+01
1.138888888888888573e+01
1.236111111111110716e+01
1.361111111111110539e+01
1.513888888888888573e+01
1.694444444444443931e+01
1.902777777777777146e+01
2.138888888888888573e+01
2.402777777777776436e+01
2.694444444444443576e+01
3.013888888888888573e+01
3.361111111111110006e+01
3.736111111111110006e+01
4.138888888888888573e+01
4.236111111111110716e+01
3.833333333333333570e+01
3.458333333333332860e+01
3.111111111111110716e+01
2.791666666666666430e+01
2.500000000000000000e+01
2.236111111111110716e+01
2.000000000000000000e+01
1.791666666666666430e+01
1.611111111111110716e+01
1.458333333333333037e+01
1.333333333333333037e+01
1.236111111111110716e+01
1.166666666666666430e+01
1.124999999999999645e+01
1.111111111111110716e+01
1.124999999999999645e+01
1.166666666666666075e+01
1.236111111111110716e+01
1.333333333333332860e+01
1.458333333333332682e+01
1.611111111111110716e+01
1.791666666666666075e+01
1.999999999999999289e+01
2.236111111111110716e+01
2.499999999999998579e+01
2.791666666666665719e+01
3.111111111111110716e+01
3.458333333333331439e+01
3.833333333333332149e+01
4.236111111111110716e+01
4.361111111111110716e+01
3.958333333333333570e+01
3.583333333333332149e+01
3.236111111111110716e+01
2.916666666666666430e+01
2.624999999999999645e+01
2.361111111111110716e+01
2.124999999999999645e+01
1.916666666666666430e+01
1.736111111111110716e+01
1.583333333333332860e+01
1.458333333333332860e+01
1.361111111111110539e+01
1.291666666666666075e+01
1.249999999999999467e+01
1.236111111111110539e+01
1.249999999999999467e+01
1.291666666666666075e+01
1.361111111111110539e+01
1.458333333333332682e+01
1.583333333333332504e+01
1.736111111111110716e+01
1.916666666666665719e+01
2.124999999999999289e+01
2.361111111111110716e+01
2.624999999999998579e+01
2.916666666666665719e+01
3.236111111111110716e+01
3.583333333333331439e+01
3.958333333333332149e+01
4.361111111111110716e+01
4.513888888888888573e+01
4.111111111111111427e+01
3.736111111111110006e+01
3.388888888888888573e+01
3.069444444444444287e+01
2.777777777777777857e+01
2.513888888888888573e+01
2.277777777777777857e+01
2.069444444444444287e+01
1.888888888888888573e+01
1.736111111111110716e+01
1.611111111111110716e+01
1.513888888888888573e+01
1.444444444444444287e+01
1.402777777777777501e+01
1.388888888888888573e+01
1.402777777777777501e+01
1.444444444444443931e+01
1.513888888888888573e+01
1.611111111111110716e+01
1.736111111111110716e+01
1.888888888888888573e+01
2.069444444444443931e+01
2.277777777777777146e+01
2.513888888888888573e+01
2.777777777777776436e+01
3.069444444444443576e+01
3.388888888888888573e+01
3.736111111111110006e+01
4.111111111111110006e+01
4.513888888888888573e+01
4.694444444444444287e+01
4.291666666666667140e+01
3.916666666666665719e+01
3.569444444444444287e+01
3.250000000000000000e+01
2.958333333333332860e+01
2.694444444444443931e+01
2.458333333333332860e+01
2.249999999999999645e+01
2.069444444444443931e+01
1.916666666666666430e+01
1.791666666666666430e+01
1.694444444444443931e+01
1.624999999999999645e+01
1.583333333333332860e+01
1.569444444444443931e+01
1.583333333333332860e+01
1.624999999999999289e+01
1.694444444444443931e+01
1.791666666666666075e+01
1.916666666666665719e+01
2.069444444444443931e+01
2.249999999999999289e+01
2.458333333333332504e+01
2.694444444444443931e+01
2.958333333333331794e+01
3.249999999999998579e+01
3.569444444444444287e+01
3.916666666666665009e+01
4.291666666666665719e+01
4.694444444444444287e+01
4.902777777777777146e+01
4.500000000000000000e+01
4.124999999999998579e+01
3.777777777777777146e+01
3.458333333333332860e+01
3.166666666666666430e+01
2.902777777777777146e+01
2.666666666666666430e+01
2.458333333333332860e+01
2.277777777777777146e+01
2.124999999999999289e+01
1.999999999999999289e+01
1.902777777777777146e+01
1.833333333333332860e+01
1.791666666666666075e+01
1.777777777777777146e+01
1.791666666666666075e+01
1.833333333333332860e+01
1.902777777777777146e+01
1.999999999999999289e+01
2.124999999999999289e+01
2.277777777777777146e+01
2.458333333333332504e+01
2.666666666666665719e+01
2.902777777777777146e+01
3.166666666666665009e+01
3.458333333333332149e+01
3.777777777777777146e+01
4.124999999999998579e+01
4.499999999999998579e+01
4.902777777777777146e+01
5.138888888888888573e+01
4.736111111111111427e+01
4.361111111111110006e+01
4.013888888888888573e+01
3.694444444444444287e+01
3.402777777777777857e+01
3.138888888888888573e+01
2.902777777777777857e+01
2.694444444444444287e+01
2.513888888888888573e+01
2.361111111111110716e+01
2.236111111111110716e+01
2.138888888888888573e+01
2.069444444444444287e+01
2.027777777777777501e+01
2.013888888888888573e+01
2.027777777777777501e+01
2.069444444444444287e+01
2.138888888888888573e+01
2.236111111111110716e+01
2.361111111111110716e+01
2.513888888888888573e+01
2.694444444444443931e+01
2.902777777777777146e+01
3.138888888888888573e+01
3.402777777777776436e+01
3.694444444444443576e+01
4.013888888888888573e+01
4.361111111111110006e+01
4.736111111111110006e+01
5.138888888888888573e+01
5.402777777777776436e+01
4.999999999999999289e+01
4.624999999999998579e+01
4.277777777777776436e+01
3.958333333333332149e+01
3.666666666666665719e+01
3.402777777777776436e+01
3.166666666666665719e+01
2.958333333333332149e+01
2.777777777777776436e+01
2.624999999999998579e+01
2.499999999999998579e+01
2.402777777777776436e+01
2.333333333333332149e+01
2.291666666666665364e+01
2.277777777777776436e+01
2.291666666666665364e+01
2.333333333333332149e+01
2.402777777777776436e+01
2.499999999999998579e+01
2.624999999999998579e+01
2.777777777777776436e+01
2.958333333333331794e+01
3.166666666666665009e+01
3.402777777777776436e+01
3.666666666666664298e+01
3.958333333333331439e+01
4.277777777777776436e+01
4.624999999999997158e+01
4.999999999999997868e+01
5.402777777777776436e+01
5.694444444444443576e+01
5.291666666666666430e+01
4.916666666666665719e+01
4.569444444444443576e+01
4.249999999999999289e+01
3.958333333333332860e+01
3.694444444444443576e+01
3.458333333333332860e+01
3.249999999999999289e+01
3.069444444444443576e+01
2.916666666666665719e+01
2.791666666666665719e+01
2.694444444444443576e+01
2.624999999999999289e+01
2.583333333333332504e+01
2.569444444444443576e+01
2.583333333333332504e+01
2.624999999999998934e+01
2.694444444444443576e+01
2.791666666666665719e+01
2.916666666666665719e+01
3.069444444444443576e+01
3.249999999999998579e+01
3.458333333333332149e+01
3.694444444444443576e+01
3.958333333333331439e+01
4.249999999999998579e+01
4.569444444444443576e+01
4.916666666666664298e+01
5.291666666666665009e+01
5.694444444444443576e+01
6.013888888888888573e+01
5.611111111111111427e+01
5.236111111111110006e+01
4.888888888888888573e+01
4.569444444444444287e+01
4.277777777777777857e+01
4.013888888888888573e+01
3.777777777777777857e+01
3.569444444444444287e+01
3.388888888888888573e+01
3.236111111111110716e+01
3.111111111111110716e+01
3.013888888888888573e+01
2.944444444444444287e+01
2.902777777777777501e+01
2.888888888888888573e+01
2.902777777777777501e+01
2.944444444444443931e+01
3.013888888888888573e+01
3.111111111111110716e+01
3.236111111111110716e+01
3.388888888888888573e+01
3.569444444444444287e+01
3.777777777777777146e+01
4.013888888888888573e+01
4.277777777777776436e+01
4.569444444444443576e+01
4.888888888888888573e+01
5.236111111111110006e+01
5.611111111111110006e+01
6.013888888888888573e+01
6.361111111111110006e+01
5.958333333333332860e+01
5.583333333333331439e+01
5.236111111111110006e+01
4.916666666666665719e+01
4.624999999999998579e+01
4.361111111111110006e+01
4.124999999999998579e+01
3.916666666666665719e+01
3.736111111111110006e+01
3.583333333333332149e+01
3.458333333333331439e+01
3.361111111111110006e+01
3.291666666666665719e+01
3.249999999999998579e+01
3.236111111111110006e+01
3.249999999999998579e+01
3.291666666666665009e+01
3.361111111111110006e+01
3.458333333333331439e+01
3.583333333333331439e+01
3.736111111111110006e+01
3.916666666666665009e+01
4.124999999999998579e+01
4.361111111111110006e+01
4.624999999999997158e+01
4.916666666666664298e+01
5.236111111111110006e+01
5.583333333333330728e+01
5.958333333333331439e+01
6.361111111111110006e+01
6.736111111111110006e+01
6.333333333333332860e+01
5.958333333333331439e+01
5.611111111111110006e+01
5.291666666666665719e+01
4.999999999999999289e+01
4.736111111111110006e+01
4.499999999999999289e+01
4.291666666666665719e+01
4.111111111111110006e+01
3.958333333333332149e+01
3.833333333333332149e+01
3.736111111111110006e+01
3.666666666666665719e+01
3.624999999999998579e+01
3.611111111111110006e+01
3.624999999999998579e+01
3.666666666666665719e+01
3.736111111111110006e+01
3.833333333333332149e+01
3.958333333333332149e+01
4.111111111111110006e+01
4.291666666666665719e+01
4.499999999999998579e+01
4.736111111111110006e+01
4.999999999999997868e+01
5.291666666666665009e+01
5.611111111111110006e+01
5.958333333333331439e+01
6.333333333333331439e+01
6.736111111111110006e+01
7.138888888888888573e+01
6.736111111111111427e+01
6.361111111111110006e+01
6.013888888888888573e+01
5.694444444444444287e+01
5.402777777777777857e+01
5.138888888888888573e+01
4.902777777777777857e+01
4.694444444444444287e+01
4.513888888888888573e+01
4.361111111111110716e+01
4.236111111111110716e+01
4.138888888888888573e+01
4.069444444444444287e+01
4.027777777777777146e+01
4.013888888888888573e+01
4.027777777777777146e+01
4.069444444444444287e+01
4.138888888888888573e+01
4.236111111111110716e+01
4.361111111111110716e+01
4.513888888888888573e+01
4.694444444444444287e+01
4.902777777777777146e+01
5.138888888888888573e+01
5.402777777777776436e+01
5.694444444444443576e+01
6.013888888888888573e+01
6.361111111111110006e+01
6.736111111111110006e+01
7.138888888888888573e+01
7.375000000000000000e+01
6.972222222222222854e+01
6.597222222222221433e+01
6.250000000000000000e+01
5.930555555555555713e+01
5.638888888888889284e+01
5.375000000000000000e+01
5.138888888888889284e+01
4.930555555555555713e+01
4.750000000000000000e+01
4.597222222222222143e+01
4.472222222222222143e+01
4.375000000000000000e+01
4.305555555555555713e+01
4.263888888888888573e+01
4.250000000000000000e+01
4.263888888888888573e+01
4.305555555555555713e+01
4.375000000000000000e+01
4.472222222222222143e+01
4.597222222222222143e+01
4.750000000000000000e+01
4.930555555555555713e+01
5.138888888888888573e+01
5.375000000000000000e+01
5.638888888888887863e+01
5.930555555555555003e+01
6.250000000000000000e+01
6.597222222222221433e+01
6.972222222222221433e+01
7.375000000000000000e+01
6.972222222222222854e+01
6.569444444444445708e+01
6.194444444444444287e+01
5.847222222222222854e+01
5.527777777777778567e+01
5.236111111111112137e+01
4.972222222222222854e+01
4.736111111111112137e+01
4.527777777777778567e+01
4.347222222222222854e+01
4.194444444444444997e+01
4.069444444444444997e+01
3.972222222222222854e+01
3.902777777777778567e+01
3.861111111111111427e+01
3.847222222222222854e+01
3.861111111111111427e+01
3.902777777777778567e+01
3.972222222222222854e+01
4.069444444444444997e+01
4.194444444444444997e+01
4.347222222222222854e+01
4.527777777777778567e+01
4.736111111111111427e+01
4.972222222222222854e+01
5.236111111111110716e+01
5.527777777777777857e+01
5.847222222222222854e+01
6.194444444444444287e+01
6.569444444444444287e+01
6.972222222222222854e+01
6.597222222222221433e+01
6.194444444444444287e+01
5.819444444444443576e+01
5.472222222222221433e+01
5.152777777777777146e+01
4.861111111111110716e+01
4.597222222222221433e+01
4.361111111111110716e+01
4.152777777777777146e+01
3.972222222222221433e+01
3.819444444444444287e+01
3.694444444444444287e+01
3.597222222222221433e+01
3.527777777777777146e+01
3.486111111111110716e+01
3.472222222222221433e+01
3.486111111111110716e+01
3.527777777777777146e+01
3.597222222222221433e+01
3.694444444444444287e+01
3.819444444444443576e+01
3.972222222222221433e+01
4.152777777777777146e+01
4.361111111111110006e+01
4.597222222222221433e+01
4.861111111111110006e+01
5.152777777777777146e+01
5.472222222222221433e+01
5.819444444444442865e+01
6.194444444444442865e+01
6.597222222222221433e+01
6.250000000000000000e+01
5.847222222222222854e+01
5.472222222222221433e+01
5.125000000000000000e+01
4.805555555555555713e+01
4.513888888888889284e+01
4.250000000000000000e+01
4.013888888888889284e+01
3.805555555555555713e+01
3.625000000000000000e+01
3.472222222222222143e+01
3.347222222222222143e+01
3.250000000000000000e+01
3.180555555555555713e+01
3.138888888888888928e+01
3.125000000000000000e+01
3.138888888888888928e+01
3.180555555555555358e+01
3.250000000000000000e+01
3.347222222222222143e+01
3.472222222222222143e+01
3.625000000000000000e+01
3.805555555555555713e+01
4.013888888888888573e+01
4.250000000000000000e+01
4.513888888888887863e+01
4.805555555555555003e+01
5.125000000000000000e+01
5.472222222222221433e+01
5.847222222222221433e+01
6.250000000000000000e+01
5.930555555555555713e+01
5.527777777777778567e+01
5.152777777777777146e+01
4.805555555555555713e+01
4.486111111111111427e+01
4.194444444444444997e+01
3.930555555555555713e+01
3.694444444444444997e+01
3.486111111111111427e+01
3.305555555555555713e+01
3.152777777777777857e+01
3.027777777777777857e+01
2.930555555555555713e+01
2.861111111111111427e+01
2.819444444444444642e+01
2.805555555555555713e+01
2.819444444444444642e+01
2.861111111111111072e+01
2.930555555555555713e+01
3.027777777777777857e+01
3.152777777777777857e+01
3.305555555555555713e+01
3.486111111111111427e+01
3.694444444444444287e+01
3.930555555555555713e+01
4.194444444444443576e+01
4.486111111111110716e+01
4.805555555555555713e+01
5.152777777777777146e+01
5.527777777777777146e+01
5.930555555555555713e+01
5.638888888888889284e+01
5.236111111111112137e+01
4.861111111111110716e+01
4.513888888888889284e+01
4.194444444444444997e+01
3.902777777777778567e+01
3.638888888888889284e+01
3.402777777777778567e+01
3.194444444444444997e+01
3.013888888888889284e+01
2.861111111111111427e+01
2.736111111111111427e+01
2.638888888888889284e+01
2.569444444444444642e+01
2.527777777777777857e+01
2.513888888888889284e+01
2.527777777777777857e+01
2.569444444444444642e+01
2.638888888888889284e+01
2.736111111111111427e+01
2.861111111111111072e+01
3.013888888888889284e+01
3.194444444444444287e+01
3.402777777777777857e+01
3.638888888888889284e+01
3.902777777777777146e+01
4.194444444444444287e+01
4.513888888888889284e+01
4.861111111111110006e+01
5.236111111111110716e+01
5.638888888888889284e+01
5.375000000000000000e+01
4.972222222222222854e+01
4.597222222222221433e+01
4.250000000000000000e+01
3.930555555555555713e+01
3.638888888888889284e+01
3.375000000000000000e+01
3.138888888888889284e+01
2.930555555555555713e+01
2.750000000000000000e+01
2.597222222222222143e+01
2.472222222222222143e+01
2.375000000000000000e+01
2.305555555555555713e+01
2.263888888888888928e+01
2.250000000000000000e+01
2.263888888888888928e+01
2.305555555555555713e+01
2.375000000000000000e+01
2.472222222222222143e+01
2.597222222222222143e+01
2.750000000000000000e+01
2.930555555555555358e+01
3.138888888888888573e+01
3.375000000000000000e+01
3.638888888888887863e+01
3.930555555555555003e+01
4.250000000000000000e+01
4.597222222222221433e+01
4.972222222222221433e+01
5.375000000000000000e+01
5.138888888888889284e+01
4.736111111111112137e+01
4.361111111111110716e+01
4.013888888888889284e+01
3.694444444444444997e+01
3.402777777777778567e+01
3.138888888888889284e+01
2.902777777777778212e+01
2.694444444444444997e+01
2.513888888888889284e+01
2.361111111111111427e+01
2.236111111111111427e+01
2.138888888888889284e+01
2.069444444444444642e+01
2.027777777777777857e+01
2.013888888888889284e+01
2.027777777777777857e+01
2.069444444444444642e+01
2.138888888888889284e+01
2.236111111111111427e+01
2.361111111111111072e+01
2.513888888888889284e+01
2.694444444444444287e+01
2.902777777777777857e+01
3.138888888888889284e+01
3.402777777777777146e+01
3.694444444444444287e+01
4.013888888888889284e+01
4.361111111111110006e+01
4.736111111111110716e+01
5.138888888888889284e+01
4.930555555555555713e+01
4.527777777777778567e+01
4.152777777777777146e+01
3.805555555555555713e+01
3.486111111111111427e+01
3.194444444444444997e+01
2.930555555555555713e+01
2.694444444444444997e+01
2.486111111111111427e+01
2.305555555555555713e+01
2.152777777777777857e+01
2.027777777777777857e+01
1.930555555555555713e+01
1.861111111111111427e+01
1.819444444444444642e+01
1.805555555555555713e+01
1.819444444444444642e+01
1.861111111111111072e+01
1.930555555555555713e+01
2.027777777777777857e+01
2.152777777777777857e+01
2.305555555555555713e+01
2.486111111111111072e+01
2.694444444444444287e+01
2.930555555555555713e+01
3.194444444444443576e+01
3.486111111111110716e+01
3.805555555555555713e+01
4.152777777777777146e+01
4.527777777777777146e+01
4.930555555555555713e+01
4.750000000000000000e+01
4.347222222222222854e+01
3.972222222222221433e+01
3.625000000000000000e+01
3.305555555555555713e+01
3.013888888888889284e+01
2.750000000000000000e+01
2.513888888888889284e+01
2.305555555555555713e+01
2.125000000000000000e+01
1.972222222222222143e+01
1.847222222222222143e+01
1.750000000000000000e+01
1.680555555555555713e+01
1.638888888888888928e+01
1.625000000000000000e+01
1.638888888888888928e+01
1.680555555555555358e+01
1.750000000000000000e+01
1.847222222222222143e+01
1.972222222222222143e+01
2.125000000000000000e+01
2.305555555555555358e+01
2.513888888888888573e+01
2.750000000000000000e+01
3.013888888888887863e+01
3.305555555555555003e+01
3.625000000000000000e+01
3.972222222222221433e+01
4.347222222222221433e+01
4.750000000000000000e+01
4.597222222222222143e+01
4.194444444444444997e+01
3.819444444444444287e+01
3.472222222222222143e+01
3.152777777777777857e+01
2.861111111111111427e+01
2.597222222222222143e+01
2.361111111111111427e+01
2.152777777777777857e+01
1.972222222222222143e+01
1.819444444444444642e+01
1.694444444444444642e+01
1.597222222222222321e+01
1.527777777777777857e+01
1.486111111111111249e+01
1.472222222222222321e+01
1.486111111111111249e+01
1.527777777777777857e+01
1.597222222222222321e+01
1.694444444444444287e+01
1.819444444444444287e+01
1.972222222222222143e+01
2.152777777777777857e+01
2.361111111111110716e+01
2.597222222222222143e+01
2.861111111111110006e+01
3.152777777777777146e+01
3.472222222222222143e+01
3.819444444444443576e+01
4.194444444444443576e+01
4.597222222222222143e+01
4.472222222222222143e+01
4.069444444444444997e+01
3.694444444444444287e+01
3.347222222222222143e+01
3.027777777777777857e+01
2.736111111111111427e+01
2.472222222222222143e+01
2.236111111111111427e+01
2.027777777777777857e+01
1.847222222222222143e+01
1.694444444444444642e+01
1.569444444444444642e+01
1.472222222222222321e+01
1.402777777777777857e+01
1.361111111111111249e+01
1.347222222222222321e+01
1.361111111111111072e+01
1.402777777777777679e+01
1.472222222222222321e+01
1.569444444444444464e+01
1.694444444444444287e+01
1.847222222222222143e+01
2.027777777777777857e+01
2.236111111111110716e+01
2.472222222222222143e+01
2.736111111111110006e+01
3.027777777777777146e+01
3.347222222222222143e+01
3.694444444444442865e+01
4.069444444444443576e+01
4.472222222222222143e+01
4.375000000000000000e+01
3.972222222222222854e+01
3.597222222222221433e+01
3.250000000000000000e+01
2.930555555555555713e+01
2.638888888888889284e+01
2.375000000000000000e+01
2.138888888888889284e+01
1.930555555555555713e+01
1.750000000000000000e+01
1.597222222222222321e+01
1.472222222222222321e+01
1.375000000000000000e+01
1.305555555555555536e+01
1.263888888888888928e+01
1.250000000000000000e+01
1.263888888888888928e+01
1.305555555555555358e+01
1.375000000000000000e+01
1.472222222222222143e+01
1.597222222222221966e+01
1.750000000000000000e+01
1.930555555555555358e+01
2.138888888888888573e+01
2.375000000000000000e+01
2.638888888888887863e+01
2.930555555555555003e+01
3.250000000000000000e+01
3.597222222222221433e+01
3.972222222222221433e+01
4.375000000000000000e+01
4.305555555555555713e+01
3.902777777777778567e+01
3.527777777777777146e+01
3.180555555555555713e+01
2.861111111111111427e+01
2.569444444444444642e+01
2.305555555555555713e+01
2.069444444444444642e+01
1.861111111111111427e+01
1.680555555555555713e+01
1.527777777777777857e+01
1.402777777777777857e+01
1.305555555555555536e+01
1.236111111111111249e+01
1.194444444444444464e+01
1.180555555555555536e+01
1.194444444444444464e+01
1.236111111111111072e+01
1.305555555555555536e+01
1.402777777777777857e+01
1.527777777777777501e+01
1.680555555555555713e+01
1.861111111111111072e+01
2.069444444444444287e+01
2.305555555555555713e+01
2.569444444444443576e+01
2.861111111111110716e+01
3.180555555555555713e+01
3.527777777777777146e+01
3.902777777777777146e+01
4.305555555555555713e+01
4.263888888888888573e+01
3.861111111111111427e+01
3.486111111111110716e+01
3.138888888888888928e+01
2.819444444444444642e+01
2.527777777777777857e+01
2.263888888888888928e+01
2.027777777777777857e+01
1.819444444444444642e+01
1.638888888888888928e+01
1.486111111111111249e+01
1.361111111111111249e+01
1.263888888888888928e+01
1.194444444444444464e+01
1.152777777777777857e+01
1.138888888888888928e+01
1.152777777777777857e+01
1.194444444444444464e+01
1.263888888888888928e+01
1.361111111111111072e+01
1.486111111111110894e+01
1.638888888888888928e+01
1.819444444444444287e+01
2.027777777777777501e+01
2.263888888888888928e+01
2.527777777777776791e+01
2.819444444444443931e+01
3.138888888888888928e+01
3.486111111111110006e+01
3.861111111111110006e+01
4.263888888888888573e+01
4.250000000000000000e+01
3.847222222222222854e+01
3.472222222222221433e+01
3.125000000000000000e+01
2.805555555555555713e+01
2.513888888888889284e+01
2.250000000000000000e+01
2.013888888888889284e+01
1.805555555555555713e+01
1.625000000000000000e+01
1.472222222222222321e+01
1.347222222222222321e+01
1.250000000000000000e+01
1.180555555555555536e+01
1.138888888888888928e+01
1.125000000000000000e+01
1.138888888888888928e+01
1.180555555555555536e+01
1.250000000000000000e+01
1.347222222222222143e+01
1.472222222222221966e+01
1.625000000000000000e+01
1.805555555555555358e+01
2.013888888888888573e+01
2.250000000000000000e+01
2.513888888888887863e+01
2.805555555555555003e+01
3.125000000000000000e+01
3.472222222222221433e+01
3.847222222222221433e+01
4.250000000000000000e+01
4.263888888888888573e+01
3.861111111111111427e+01
3.486111111111110716e+01
3.138888888888888928e+01
2.819444444444444642e+01
2.527777777777777857e+01
2.263888888888888928e+01
2.027777777777777857e+01
1.819444444444444642e+01
1.638888888888888928e+01
1.486111111111111249e+01
1.361111111111111072e+01
1.263888888888888928e+01
1.194444444444444464e+01
1.152777777777777857e+01
1.138888888888888928e+01
1.152777777777777679e+01
1.194444444444444287e+01
1.263888888888888928e+01
1.361111111111111072e+01
1.486111111111110894e+01
1.638888888888888928e+01
1.819444444444444287e+01
2.027777777777777501e+01
2.263888888888888928e+01
2.527777777777776791e+01
2.819444444444443931e+01
3.138888888888888928e+01
3.486111111111110006e+01
3.861111111111110006e+01
4.263888888888888573e+01
4.305555555555555713e+01
3.902777777777778567e+01
3.527777777777777146e+01
3.180555555555555358e+01
2.861111111111111072e+01
2.569444444444444642e+01
2.305555555555555713e+01
2.069444444444444642e+01
1.861111111111111072e+01
1.680555555555555358e+01
1.527777777777777857e+01
1.402777777777777679e+01
1.305555555555555358e+01
1.236111111111111072e+01
1.194444444444444464e+01
1.180555555555555536e+01
1.194444444444444287e+01
1.236111111111110894e+01
1.305555555555555358e+01
1.402777777777777501e+01
1.527777777777777501e+01
1.680555555555555358e+01
1.861111111111110716e+01
2.069444444444444287e+01
2.305555555555555713e+01
2.569444444444443576e+01
2.861111111111110361e+01
3.180555555555555358e+01
3.527777777777776436e+01
3.902777777777777146e+01
4.305555555555555713e+01
4.375000000000000000e+01
3.972222222222222854e+01
3.597222222222221433e+01
3.250000000000000000e+01
2.930555555555555713e+01
2.638888888888889284e+01
2.375000000000000000e+01
2.138888888888889284e+01
1.930555555555555713e+01
1.750000000000000000e+01
1.597222222222222321e+01
1.472222222222222321e+01
1.375000000000000000e+01
1.305555555555555536e+01
1.263888888888888928e+01
1.250000000000000000e+01
1.263888888888888928e+01
1.305555555555555358e+01
1.375000000000000000e+01
1.472222222222222143e+01
1.597222222222221966e+01
1.750000000000000000e+01
1.930555555555555358e+01
2.138888888888888573e+01
2.375000000000000000e+01
2.638888888888887863e+01
2.930555555555555003e+01
3.250000000000000000e+01
3.597222222222221433e+01
3.972222222222221433e+01
4.375000000000000000e+01
4.472222222222222143e+01
4.069444444444444997e+01
3.694444444444444287e+01
3.347222222222222143e+01
3.027777777777777857e+01
2.736111111111111427e+01
2.472222222222222143e+01
2.236111111111111427e+01
2.027777777777777857e+01
1.847222222222222143e+01
1.694444444444444287e+01
1.569444444444444464e+01
1.472222222222222143e+01
1.402777777777777857e+01
1.361111111111111072e+01
1.347222222222222143e+01
1.361111111111111072e+01
1.402777777777777501e+01
1.472222222222222143e+01
1.569444444444444287e+01
1.694444444444444287e+01
1.847222222222222143e+01
2.027777777777777501e+01
2.236111111111110716e+01
2.472222222222222143e+01
2.736111111111110006e+01
3.027777777777777146e+01
3.347222222222222143e+01
3.694444444444442865e+01
4.069444444444443576e+01
4.472222222222222143e+01
4.597222222222222143e+01
4.194444444444444997e+01
3.819444444444443576e+01
3.472222222222222143e+01
3.152777777777777857e+01
2.861111111111111072e+01
2.597222222222222143e+01
2.361111111111111072e+01
2.152777777777777857e+01
1.972222222222222143e+01
1.819444444444444287e+01
1.694444444444444287e+01
1.597222222222221966e+01
1.527777777777777501e+01
1.486111111111110894e+01
1.472222222222221966e+01
1.486111111111110894e+01
1.527777777777777501e+01
1.597222222222221966e+01
1.694444444444444287e+01
1.819444444444443931e+01
1.972222222222222143e+01
2.152777777777777146e+01
2.361111111111110716e+01
2.597222222222222143e+01
2.861111111111110006e+01
3.152777777777777146e+01
3.472222222222222143e+01
3.819444444444442865e+01
4.194444444444443576e+01
4.597222222222222143e+01
4.750000000000000000e+01
4.347222222222222854e+01
3.972222222222221433e+01
3.625000000000000000e+01
3.305555555555555713e+01
3.013888888888889284e+01
2.750000000000000000e+01
2.513888888888889284e+01
2.305555555555555713e+01
2.125000000000000000e+01
1.972222222222222143e+01
1.847222222222222143e+01
1.750000000000000000e+01
1.680555555555555713e+01
1.638888888888888928e+01
1.625000000000000000e+01
1.638888888888888928e+01
1.680555555555555358e+01
1.750000000000000000e+01
1.847222222222222143e+01
1.972222222222222143e+01
2.125000000000000000e+01
2.305555555555555358e+01
2.513888888888888573e+01
2.750000000000000000e+01
3.013888888888887863e+01
3.305555555555555003e+01
3.625000000000000000e+01
3.972222222222221433e+01
4.347222222222221433e+01
4.750000000000000000e+01
4.930555555555555713e+01
4.527777777777778567e+01
4.152777777777777146e+01
3.805555555555555713e+01
3.486111111111111427e+01
3.194444444444444287e+01
2.930555555555555358e+01
2.694444444444444287e+01
2.486111111111111072e+01
2.305555555555555358e+01
2.152777777777777857e+01
2.027777777777777857e+01
1.930555555555555358e+01
1.861111111111111072e+01
1.819444444444444287e+01
1.805555555555555358e+01
1.819444444444444287e+01
1.861111111111110716e+01
1.930555555555555358e+01
2.027777777777777501e+01
2.152777777777777146e+01
2.305555555555555358e+01
2.486111111111110716e+01
2.694444444444443931e+01
2.930555555555555358e+01
3.194444444444443221e+01
3.486111111111110006e+01
3.805555555555555713e+01
4.152777777777776436e+01
4.527777777777777146e+01
4.930555555555555713e+01
5.138888888888888573e+01
4.736111111111111427e+01
4.361111111111110006e+01
4.013888888888888573e+01
3.694444444444444287e+01
3.402777777777777857e+01
3.138888888888888573e+01
2.902777777777777857e+01
2.694444444444444287e+01
2.513888888888888573e+01
2.361111111111110716e+01
2.236111111111110716e+01
2.138888888888888573e+01
2.069444444444444287e+01
2.027777777777777501e+01
2.013888888888888573e+01
2.027777777777777501e+01
2.069444444444444287e+01
2.138888888888888573e+01
2.236111111111110716e+01
2.361111111111110716e+01
2.513888888888888573e+01
2.694444444444443931e+01
2.902777777777777146e+01
3.138888888888888573e+01
3.402777777777776436e+01
3.694444444444443576e+01
4.013888888888888573e+01
4.361111111111110006e+01
4.736111111111110006e+01
5.138888888888888573e+01
5.375000000000000000e+01
4.972222222222222854e+01
4.597222222222221433e+01
4.250000000000000000e+01
3.930555555555555713e+01
3.638888888888889284e+01
3.375000000000000000e+01
3.138888888888889284e+01
2.930555555555555713e+01
2.750000000000000000e+01
2.597222222222222143e+01
2.472222222222222143e+01
2.375000000000000000e+01
2.305555555555555713e+01
2.263888888888888928e+01
2.250000000000000000e+01
2.263888888888888928e+01
2.305555555555555713e+01
2.375000000000000000e+01
2.472222222222222143e+01
2.597222222222222143e+01
2.750000000000000000e+01
2.930555555555555358e+01
3.138888888888888573e+01
3.375000000000000000e+01
3.638888888888887863e+01
3.930555555555555003e+01
4.250000000000000000e+01
4.597222222222221433e+01
4.972222222222221433e+01
5.375000000000000000e+01
5.638888888888887863e+01
5.236111111111110716e+01
4.861111111111110006e+01
4.513888888888887863e+01
4.194444444444443576e+01
3.902777777777777146e+01
3.638888888888887863e+01
3.402777777777777146e+01
3.194444444444443576e+01
3.013888888888887863e+01
2.861111111111110006e+01
2.736111111111110006e+01
2.638888888888887863e+01
2.569444444444443576e+01
2.527777777777776791e+01
2.513888888888887863e+01
2.527777777777776791e+01
2.569444444444443576e+01
2.638888888888887863e+01
2.736111111111110006e+01
2.861111111111110006e+01
3.013888888888887863e+01
3.194444444444443221e+01
3.402777777777776436e+01
3.638888888888887863e+01
3.902777777777775725e+01
4.194444444444442865e+01
4.513888888888887863e+01
4.861111111111108585e+01
5.236111111111109295e+01
5.638888888888887863e+01
5.930555555555555003e+01
5.527777777777777857e+01
5.152777777777777146e+01
4.805555555555555003e+01
4.486111111111110716e+01
4.194444444444444287e+01
3.930555555555555003e+01
3.694444444444444287e+01
3.486111111111110716e+01
3.305555555555555003e+01
3.152777777777777146e+01
3.027777777777777146e+01
2.930555555555555003e+01
2.861111111111110716e+01
2.819444444444443931e+01
2.805555555555555003e+01
2.819444444444443931e+01
2.861111111111110361e+01
2.930555555555555003e+01
3.027777777777777146e+01
3.152777777777777146e+01
3.305555555555555003e+01
3.486111111111110006e+01
3.694444444444443576e+01
3.930555555555555003e+01
4.194444444444442865e+01
4.486111111111110006e+01
4.805555555555555003e+01
5.152777777777775725e+01
5.527777777777776436e+01
5.930555555555555003e+01
6.250000000000000000e+01
5.847222222222222854e+01
5.472222222222221433e+01
5.125000000000000000e+01
4.805555555555555713e+01
4.513888888888889284e+01
4.250000000000000000e+01
4.013888888888889284e+01
3.805555555555555713e+01
3.625000000000000000e+01
3.472222222222222143e+01
3.347222222222222143e+01
3.250000000000000000e+01
3.180555555555555713e+01
3.138888888888888928e+01
3.125000000000000000e+01
3.138888888888888928e+01
3.180555555555555358e+01
3.250000000000000000e+01
3.347222222222222143e+01
3.472222222222222143e+01
3.625000000000000000e+01
3.805555555555555713e+01
4.013888888888888573e+01
4.250000000000000000e+01
4.513888888888887863e+01
4.805555555555555003e+01
5.125000000000000000e+01
5.472222222222221433e+01
5.847222222222221433e+01
6.250000000000000000e+01
6.597222222222221433e+01
6.194444444444444287e+01
5.819444444444442865e+01
5.472222222222221433e+01
5.152777777777777146e+01
4.861111111111110006e+01
4.597222222222221433e+01
4.361111111111110006e+01
4.152777777777777146e+01
3.972222222222221433e+01
3.819444444444443576e+01
3.694444444444442865e+01
3.597222222222221433e+01
3.527777777777777146e+01
3.486111111111110006e+01
3.472222222222221433e+01
3.486111111111110006e+01
3.527777777777776436e+01
3.597222222222221433e+01
3.694444444444442865e+01
3.819444444444442865e+01
3.972222222222221433e+01
4.152777777777776436e+01
4.361111111111110006e+01
4.597222222222221433e+01
4.861111111111108585e+01
5.152777777777775725e+01
5.472222222222221433e+01
5.819444444444442155e+01
6.194444444444442865e+01
6.597222222222221433e+01
6.972222222222221433e+01
6.569444444444444287e+01
6.194444444444442865e+01
5.847222222222221433e+01
5.527777777777777146e+01
5.236111111111110716e+01
4.972222222222221433e+01
4.736111111111110716e+01
4.527777777777777146e+01
4.347222222222221433e+01
4.194444444444443576e+01
4.069444444444443576e+01
3.972222222222221433e+01
3.902777777777777146e+01
3.861111111111110006e+01
3.847222222222221433e+01
3.861111111111110006e+01
3.902777777777777146e+01
3.972222222222221433e+01
4.069444444444443576e+01
4.194444444444443576e+01
4.347222222222221433e+01
4.527777777777777146e+01
4.736111111111110006e+01
4.972222222222221433e+01
5.236111111111109295e+01
5.527777777777776436e+01
5.847222222222221433e+01
6.194444444444442865e+01
6.569444444444442865e+01
6.972222222222221433e+01
7.375000000000000000e+01
6.972222222222222854e+01
6.597222222222221433e+01
6.250000000000000000e+01
5.930555555555555713e+01
5.638888888888889284e+01
5.375000000000000000e+01
5.138888888888889284e+01
4.930555555555555713e+01
4.750000000000000000e+01
4.597222222222222143e+01
4.472222222222222143e+01
4.375000000000000000e+01
4.305555555555555713e+01
4.263888888888888573e+01
4.250000000000000000e+01
4.263888888888888573e+01
4.305555555555555713e+01
4.375000000000000000e+01
4.472222222222222143e+01
4.597222222222222143e+01
4.750000000000000000e+01
4.930555555555555713e+01
5.138888888888888573e+01
5.375000000000000000e+01
5.638888888888887863e+01
5.930555555555555003e+01
6.250000000000000000e+01
6.597222222222221433e+01
6.972222222222221433e+01
7.375000000000000000e+01
7.638888888888888573e+01
7.236111111111111427e+01
6.861111111111108585e+01
6.513888888888888573e+01
6.194444444444443576e+01
5.902777777777777146e+01
5.638888888888887863e+01
5.402777777777777146e+01
5.194444444444443576e+01
5.013888888888887863e+01
4.861111111111110006e+01
4.736111111111110006e+01
4.638888888888887863e+01
4.569444444444443576e+01
4.527777777777777146e+01
4.513888888888887863e+01
4.527777777777777146e+01
4.569444444444442865e+01
4.638888888888887863e+01
4.736111111111110006e+01
4.861111111111110006e+01
5.013888888888887863e+01
5.194444444444443576e+01
5.402777777777776436e+01
5.638888888888887863e+01
5.902777777777775725e+01
6.194444444444442865e+01
6.513888888888888573e+01
6.861111111111108585e+01
7.236111111111108585e+01
7.638888888888888573e+01
7.236111111111111427e+01
6.833333333333334281e+01
6.458333333333331439e+01
6.111111111111110716e+01
5.791666666666666430e+01
5.500000000000000000e+01
5.236111111111110716e+01
5.000000000000000000e+01
4.791666666666666430e+01
4.611111111111110716e+01
4.458333333333332860e+01
4.333333333333332860e+01
4.236111111111110716e+01
4.166666666666666430e+01
4.125000000000000000e+01
4.111111111111110716e+01
4.125000000000000000e+01
4.166666666666665719e+01
4.236111111111110716e+01
4.333333333333332860e+01
4.458333333333332860e+01
4.611111111111110716e+01
4.791666666666666430e+01
4.999999999999999289e+01
5.236111111111110716e+01
5.499999999999998579e+01
5.791666666666665719e+01
6.111111111111110716e+01
6.458333333333331439e+01
6.833333333333331439e+01
7.236111111111111427e+01
6.861111111111108585e+01
6.458333333333331439e+01
6.083333333333331439e+01
5.736111111111109295e+01
5.416666666666665009e+01
5.124999999999998579e+01
4.861111111111109295e+01
4.624999999999998579e+01
4.416666666666665719e+01
4.236111111111110006e+01
4.083333333333332149e+01
3.958333333333331439e+01
3.861111111111110006e+01
3.791666666666665719e+01
3.749999999999998579e+01
3.736111111111110006e+01
3.749999999999998579e+01
3.791666666666665009e+01
3.861111111111110006e+01
3.958333333333331439e+01
4.083333333333331439e+01
4.236111111111110006e+01
4.416666666666665009e+01
4.624999999999997868e+01
4.861111111111109295e+01
5.124999999999997868e+01
5.416666666666665009e+01
5.736111111111109295e+01
6.083333333333330728e+01
6.458333333333331439e+01
6.861111111111108585e+01
6.513888888888888573e+01
6.111111111111110716e+01
5.736111111111109295e+01
5.388888888888887863e+01
5.069444444444443576e+01
4.777777777777777146e+01
4.513888888888887863e+01
4.277777777777777146e+01
4.069444444444443576e+01
3.888888888888887863e+01
3.736111111111110006e+01
3.611111111111110006e+01
3.513888888888887863e+01
3.444444444444443576e+01
3.402777777777777146e+01
3.388888888888887863e+01
3.402777777777777146e+01
3.444444444444442865e+01
3.513888888888887863e+01
3.611111111111110006e+01
3.736111111111110006e+01
3.888888888888887863e+01
4.069444444444442865e+01
4.277777777777776436e+01
4.513888888888887863e+01
4.777777777777775725e+01
5.069444444444442865e+01
5.388888888888887863e+01
5.736111111111109295e+01
6.111111111111109295e+01
6.513888888888888573e+01
6.194444444444443576e+01
5.791666666666666430e+01
5.416666666666665009e+01
5.069444444444443576e+01
4.749999999999999289e+01
4.458333333333332860e+01
4.194444444444443576e+01
3.958333333333332860e+01
3.749999999999999289e+01
3.569444444444443576e+01
3.416666666666665719e+01
3.291666666666665719e+01
3.194444444444443576e+01
3.124999999999999289e+01
3.083333333333332504e+01
3.069444444444443576e+01
3.083333333333332504e+01
3.124999999999998934e+01
3.194444444444443576e+01
3.291666666666665719e+01
3.416666666666665719e+01
3.569444444444443576e+01
3.749999999999998579e+01
3.958333333333332149e+01
4.194444444444443576e+01
4.458333333333331439e+01
4.749999999999998579e+01
5.069444444444443576e+01
5.416666666666665009e+01
5.791666666666665009e+01
6.194444444444443576e+01
5.902777777777777146e+01
5.500000000000000000e+01
5.124999999999998579e+01
4.777777777777777146e+01
4.458333333333332860e+01
4.166666666666665719e+01
3.902777777777777146e+01
3.666666666666665719e+01
3.458333333333332860e+01
3.277777777777777146e+01
3.124999999999999289e+01
2.999999999999999289e+01
2.902777777777777146e+01
2.833333333333332504e+01
2.791666666666665719e+01
2.777777777777777146e+01
2.791666666666665719e+01
2.833333333333332504e+01
2.902777777777777146e+01
2.999999999999999289e+01
3.124999999999998934e+01
3.277777777777777146e+01
3.458333333333332149e+01
3.666666666666665719e+01
3.902777777777777146e+01
4.166666666666665009e+01
4.458333333333332149e+01
4.777777777777777146e+01
5.124999999999997868e+01
5.499999999999998579e+01
5.902777777777777146e+01
5.638888888888887863e+01
5.236111111111110716e+01
4.861111111111109295e+01
4.513888888888887863e+01
4.194444444444443576e+01
3.902777777777777146e+01
3.638888888888887863e+01
3.402777777777777146e+01
3.194444444444443576e+01
3.013888888888887863e+01
2.861111111111110006e+01
2.736111111111110006e+01
2.638888888888887863e+01
2.569444444444443576e+01
2.527777777777776791e+01
2.513888888888887863e+01
2.527777777777776791e+01
2.569444444444443576e+01
2.638888888888887863e+01
2.736111111111110006e+01
2.861111111111110006e+01
3.013888888888887863e+01
3.194444444444443221e+01
3.402777777777776436e+01
3.638888888888887863e+01
3.902777777777775725e+01
4.194444444444442865e+01
4.513888888888887863e+01
4.861111111111109295e+01
5.236111111111109295e+01
5.638888888888887863e+01
5.402777777777777146e+01
5.000000000000000000e+01
4.624999999999998579e+01
4.277777777777777146e+01
3.958333333333332860e+01
3.666666666666665719e+01
3.402777777777777146e+01
3.166666666666666075e+01
2.958333333333332860e+01
2.777777777777777146e+01
2.624999999999999289e+01
2.499999999999999289e+01
2.402777777777777146e+01
2.333333333333332504e+01
2.291666666666665719e+01
2.277777777777777146e+01
2.291666666666665719e+01
2.333333333333332504e+01
2.402777777777777146e+01
2.499999999999999289e+01
2.624999999999998934e+01
2.777777777777777146e+01
2.958333333333332149e+01
3.166666666666665719e+01
3.402777777777777146e+01
3.666666666666665009e+01
3.958333333333332149e+01
4.277777777777777146e+01
4.624999999999997868e+01
4.999999999999998579e+01
5.402777777777777146e+01
5.194444444444443576e+01
4.791666666666666430e+01
4.416666666666665719e+01
4.069444444444443576e+01
3.749999999999999289e+01
3.458333333333332860e+01
3.194444444444443576e+01
2.958333333333332860e+01
2.749999999999999289e+01
2.569444444444443576e+01
2.416666666666665719e+01
2.291666666666665719e+01
2.194444444444443576e+01
2.124999999999999289e+01
2.083333333333332504e+01
2.069444444444443576e+01
2.083333333333332504e+01
2.124999999999998934e+01
2.194444444444443576e+01
2.291666666666665719e+01
2.416666666666665719e+01
2.569444444444443576e+01
2.749999999999998934e+01
2.958333333333332149e+01
3.194444444444443576e+01
3.458333333333331439e+01
3.749999999999998579e+01
4.069444444444443576e+01
4.416666666666664298e+01
4.791666666666665009e+01
5.194444444444443576e+01
5.013888888888887863e+01
4.611111111111110716e+01
4.236111111111110006e+01
3.888888888888887863e+01
3.569444444444443576e+01
3.277777777777777146e+01
3.013888888888887863e+01
2.777777777777777146e+01
2.569444444444443576e+01
2.388888888888887863e+01
2.236111111111110006e+01
2.111111111111110006e+01
2.013888888888887863e+01
1.944444444444443576e+01
1.902777777777776791e+01
1.888888888888887863e+01
1.902777777777776791e+01
1.944444444444443221e+01
2.013888888888887863e+01
2.111111111111110006e+01
2.236111111111110006e+01
2.388888888888887863e+01
2.569444444444443221e+01
2.777777777777776436e+01
3.013888888888887863e+01
3.277777777777775725e+01
3.569444444444442865e+01
3.888888888888887863e+01
4.236111111111108585e+01
4.611111111111109295e+01
5.013888888888887863e+01
4.861111111111110006e+01
4.458333333333332860e+01
4.083333333333332149e+01
3.736111111111110006e+01
3.416666666666665719e+01
3.124999999999999289e+01
2.861111111111110006e+01
2.624999999999999289e+01
2.416666666666665719e+01
2.236111111111110006e+01
2.083333333333332504e+01
1.958333333333332504e+01
1.861111111111110006e+01
1.791666666666665719e+01
1.749999999999999289e+01
1.736111111111110006e+01
1.749999999999998934e+01
1.791666666666665719e+01
1.861111111111110006e+01
1.958333333333332149e+01
2.083333333333332149e+01
2.236111111111110006e+01
2.416666666666665719e+01
2.624999999999998579e+01
2.861111111111110006e+01
3.124999999999997868e+01
3.416666666666665009e+01
3.736111111111110006e+01
4.083333333333331439e+01
4.458333333333331439e+01
4.861111111111110006e+01
4.736111111111110006e+01
4.333333333333332860e+01
3.958333333333331439e+01
3.611111111111110006e+01
3.291666666666665719e+01
2.999999999999999289e+01
2.736111111111110006e+01
2.499999999999999289e+01
2.291666666666665719e+01
2.111111111111110006e+01
1.958333333333332504e+01
1.833333333333332504e+01
1.736111111111110006e+01
1.666666666666665719e+01
1.624999999999998934e+01
1.611111111111110006e+01
1.624999999999998934e+01
1.666666666666665719e+01
1.736111111111110006e+01
1.833333333333332149e+01
1.958333333333332149e+01
2.111111111111110006e+01
2.291666666666665719e+01
2.499999999999998579e+01
2.736111111111110006e+01
2.999999999999997868e+01
3.291666666666665009e+01
3.611111111111110006e+01
3.958333333333331439e+01
4.333333333333331439e+01
4.736111111111110006e+01
4.638888888888887863e+01
4.236111111111110716e+01
3.861111111111110006e+01
3.513888888888887863e+01
3.194444444444443576e+01
2.902777777777777146e+01
2.638888888888887863e+01
2.402777777777777146e+01
2.194444444444443576e+01
2.013888888888887863e+01
1.861111111111110006e+01
1.736111111111110006e+01
1.638888888888887863e+01
1.569444444444443398e+01
1.527777777777776791e+01
1.513888888888887863e+01
1.527777777777776791e+01
1.569444444444443221e+01
1.638888888888887863e+01
1.736111111111110006e+01
1.861111111111110006e+01
2.013888888888887863e+01
2.194444444444443221e+01
2.402777777777776436e+01
2.638888888888887863e+01
2.902777777777775725e+01
3.194444444444442865e+01
3.513888888888887863e+01
3.861111111111108585e+01
4.236111111111109295e+01
4.638888888888887863e+01
4.569444444444443576e+01
4.166666666666666430e+01
3.791666666666665719e+01
3.444444444444443576e+01
3.124999999999999289e+01
2.833333333333332504e+01
2.569444444444443576e+01
2.333333333333332504e+01
2.124999999999999289e+01
1.944444444444443576e+01
1.791666666666665719e+01
1.666666666666665719e+01
1.569444444444443398e+01
1.499999999999999112e+01
1.458333333333332327e+01
1.444444444444443398e+01
1.458333333333332327e+01
1.499999999999998934e+01
1.569444444444443398e+01
1.666666666666665719e+01
1.791666666666665364e+01
1.944444444444443576e+01
2.124999999999998934e+01
2.333333333333332149e+01
2.569444444444443576e+01
2.833333333333331439e+01
3.124999999999998579e+01
3.444444444444443576e+01
3.791666666666664298e+01
4.166666666666665009e+01
4.569444444444443576e+01
4.527777777777777146e+01
4.125000000000000000e+01
3.749999999999998579e+01
3.402777777777777146e+01
3.083333333333332504e+01
2.791666666666665719e+01
2.527777777777776791e+01
2.291666666666665719e+01
2.083333333333332504e+01
1.902777777777776791e+01
1.749999999999999289e+01
1.624999999999998934e+01
1.527777777777776791e+01
1.458333333333332327e+01
1.416666666666665719e+01
1.402777777777776791e+01
1.416666666666665719e+01
1.458333333333332327e+01
1.527777777777776791e+01
1.624999999999998934e+01
1.749999999999998579e+01
1.902777777777776791e+01
2.083333333333332149e+01
2.291666666666665364e+01
2.527777777777776791e+01
2.791666666666664653e+01
3.083333333333331794e+01
3.402777777777777146e+01
3.749999999999997868e+01
4.124999999999998579e+01
4.527777777777777146e+01
4.513888888888887863e+01
4.111111111111110716e+01
3.736111111111110006e+01
3.388888888888887863e+01
3.069444444444443576e+01
2.777777777777777146e+01
2.513888888888887863e+01
2.277777777777777146e+01
2.069444444444443576e+01
1.888888888888887863e+01
1.736111111111110006e+01
1.611111111111110006e+01
1.513888888888887863e+01
1.444444444444443398e+01
1.402777777777776791e+01
1.388888888888887863e+01
1.402777777777776791e+01
1.444444444444443398e+01
1.513888888888887863e+01
1.611111111111110006e+01
1.736111111111110006e+01
1.888888888888887863e+01
2.069444444444443221e+01
2.277777777777776436e+01
2.513888888888887863e+01
2.777777777777775725e+01
3.069444444444442865e+01
3.388888888888887863e+01
3.736111111111108585e+01
4.111111111111109295e+01
4.513888888888887863e+01
4.527777777777777146e+01
4.125000000000000000e+01
3.749999999999998579e+01
3.402777777777777146e+01
3.083333333333332504e+01
2.791666666666665719e+01
2.527777777777776791e+01
2.291666666666665719e+01
2.083333333333332504e+01
1.902777777777776791e+01
1.749999999999998934e+01
1.624999999999998934e+01
1.527777777777776791e+01
1.458333333333332327e+01
1.416666666666665719e+01
1.402777777777776791e+01
1.416666666666665542e+01
1.458333333333332149e+01
1.527777777777776791e+01
1.624999999999998934e+01
1.749999999999998579e+01
1.902777777777776791e+01
2.083333333333332149e+01
2.291666666666665364e+01
2.527777777777776791e+01
2.791666666666664653e+01
3.083333333333331794e+01
3.402777777777777146e+01
3.749999999999997868e+01
4.124999999999998579e+01
4.527777777777777146e+01
4.569444444444442865e+01
4.166666666666665719e+01
3.791666666666665009e+01
3.444444444444442865e+01
3.124999999999998934e+01
2.833333333333332504e+01
2.569444444444443576e+01
2.333333333333332504e+01
2.124999999999998934e+01
1.944444444444443221e+01
1.791666666666665719e+01
1.666666666666665719e+01
1.569444444444443221e+01
1.499999999999998934e+01
1.458333333333332327e+01
1.444444444444443398e+01
1.458333333333332149e+01
1.499999999999998757e+01
1.569444444444443221e+01
1.666666666666665364e+01
1.791666666666665364e+01
1.944444444444443221e+01
2.124999999999998579e+01
2.333333333333332149e+01
2.569444444444443576e+01
2.833333333333331439e+01
3.124999999999998224e+01
3.444444444444442865e+01
3.791666666666664298e+01
4.166666666666664298e+01
4.569444444444442865e+01
4.638888888888887863e+01
4.236111111111110716e+01
3.861111111111110006e+01
3.513888888888887863e+01
3.194444444444443576e+01
2.902777777777777146e+01
2.638888888888887863e+01
2.402777777777777146e+01
2.194444444444443576e+01
2.013888888888887863e+01
1.861111111111110006e+01
1.736111111111110006e+01
1.638888888888887863e+01
1.569444444444443398e+01
1.527777777777776791e+01
1.513888888888887863e+01
1.527777777777776791e+01
1.569444444444443221e+01
1.638888888888887863e+01
1.736111111111110006e+01
1.861111111111110006e+01
2.013888888888887863e+01
2.194444444444443221e+01
2.402777777777776436e+01
2.638888888888887863e+01
2.902777777777775725e+01
3.194444444444442865e+01
3.513888888888887863e+01
3.861111111111108585e+01
4.236111111111109295e+01
4.638888888888887863e+01
4.736111111111110006e+01
4.333333333333332860e+01
3.958333333333331439e+01
3.611111111111110006e+01
3.291666666666665719e+01
2.999999999999999289e+01
2.736111111111110006e+01
2.499999999999999289e+01
2.291666666666665719e+01
2.111111111111110006e+01
1.958333333333332149e+01
1.833333333333332149e+01
1.736111111111110006e+01
1.666666666666665719e+01
1.624999999999998934e+01
1.611111111111110006e+01
1.624999999999998934e+01
1.666666666666665364e+01
1.736111111111110006e+01
1.833333333333332149e+01
1.958333333333332149e+01
2.111111111111110006e+01
2.291666666666665364e+01
2.499999999999998579e+01
2.736111111111110006e+01
2.999999999999997868e+01
3.291666666666665009e+01
3.611111111111110006e+01
3.958333333333331439e+01
4.333333333333331439e+01
4.736111111111110006e+01
4.861111111111110006e+01
4.458333333333332860e+01
4.083333333333331439e+01
3.736111111111110006e+01
3.416666666666665719e+01
3.124999999999998934e+01
2.861111111111110006e+01
2.624999999999998934e+01
2.416666666666665719e+01
2.236111111111110006e+01
2.083333333333332149e+01
1.958333333333332149e+01
1.861111111111110006e+01
1.791666666666665364e+01
1.749999999999998579e+01
1.736111111111110006e+01
1.749999999999998579e+01
1.791666666666665364e+01
1.861111111111110006e+01
1.958333333333332149e+01
2.083333333333331794e+01
2.236111111111110006e+01
2.416666666666665009e+01
2.624999999999998579e+01
2.861111111111110006e+01
3.124999999999997868e+01
3.416666666666665009e+01
3.736111111111110006e+01
4.083333333333330728e+01
4.458333333333331439e+01
4.861111111111110006e+01
5.013888888888887863e+01
4.611111111111110716e+01
4.236111111111110006e+01
3.888888888888887863e+01
3.569444444444443576e+01
3.277777777777777146e+01
3.013888888888887863e+01
2.777777777777777146e+01
2.569444444444443576e+01
2.388888888888887863e+01
2.236111111111110006e+01
2.111111111111110006e+01
2.013888888888887863e+01
1.944444444444443576e+01
1.902777777777776791e+01
1.888888888888887863e+01
1.902777777777776791e+01
1.944444444444443221e+01
2.013888888888887863e+01
2.111111111111110006e+01
2.236111111111110006e+01
2.388888888888887863e+01
2.569444444444443221e+01
2.777777777777776436e+01
3.013888888888887863e+01
3.277777777777775725e+01
3.569444444444442865e+01
3.888888888888887863e+01
4.236111111111108585e+01
4.611111111111109295e+01
5.013888888888887863e+01
5.194444444444443576e+01
4.791666666666666430e+01
4.416666666666665009e+01
4.069444444444442865e+01
3.749999999999998579e+01
3.458333333333332149e+01
3.194444444444443221e+01
2.958333333333332149e+01
2.749999999999998934e+01
2.569444444444443221e+01
2.416666666666665719e+01
2.291666666666665719e+01
2.194444444444443221e+01
2.124999999999998934e+01
2.083333333333332149e+01
2.069444444444443221e+01
2.083333333333332149e+01
2.124999999999998579e+01
2.194444444444443221e+01
2.291666666666665364e+01
2.416666666666665009e+01
2.569444444444443221e+01
2.749999999999998579e+01
2.958333333333331794e+01
3.194444444444443221e+01
3.458333333333331439e+01
3.749999999999998579e+01
4.069444444444442865e+01
4.416666666666664298e+01
4.791666666666665009e+01
5.194444444444443576e+01
5.402777777777776436e+01
4.999999999999999289e+01
4.624999999999997868e+01
4.277777777777776436e+01
3.958333333333332149e+01
3.666666666666665719e+01
3.402777777777776436e+01
3.166666666666665719e+01
2.958333333333332149e+01
2.777777777777776436e+01
2.624999999999998579e+01
2.499999999999998579e+01
2.402777777777776436e+01
2.333333333333332149e+01
2.291666666666665364e+01
2.277777777777776436e+01
2.291666666666665364e+01
2.333333333333332149e+01
2.402777777777776436e+01
2.499999999999998579e+01
2.624999999999998579e+01
2.777777777777776436e+01
2.958333333333331794e+01
3.166666666666665009e+01
3.402777777777776436e+01
3.666666666666664298e+01
3.958333333333331439e+01
4.277777777777776436e+01
4.624999999999997868e+01
4.999999999999997868e+01
5.402777777777776436e+01
5.638888888888887863e+01
5.236111111111110716e+01
4.861111111111109295e+01
4.513888888888887863e+01
4.194444444444443576e+01
3.902777777777777146e+01
3.638888888888887863e+01
3.402777777777777146e+01
3.194444444444443576e+01
3.013888888888887863e+01
2.861111111111110006e+01
2.736111111111110006e+01
2.638888888888887863e+01
2.569444444444443576e+01
2.527777777777776791e+01
2.513888888888887863e+01
2.527777777777776791e+01
2.569444444444443576e+01
2.638888888888887863e+01
2.736111111111110006e+01
2.861111111111110006e+01
3.013888888888887863e+01
3.194444444444443221e+01
3.402777777777776436e+01
3.638888888888887863e+01
3.902777777777775725e+01
4.194444444444442865e+01
4.513888888888887863e+01
4.861111111111109295e+01
5.236111111111109295e+01
5.638888888888887863e+01
5.902777777777775725e+01
5.499999999999998579e+01
5.124999999999997868e+01
4.777777777777775725e+01
4.458333333333331439e+01
4.166666666666665009e+01
3.902777777777775725e+01
3.666666666666665009e+01
3.458333333333331439e+01
3.277777777777775725e+01
3.124999999999997868e+01
2.999999999999997868e+01
2.902777777777775725e+01
2.833333333333331439e+01
2.791666666666664653e+01
2.777777777777775725e+01
2.791666666666664653e+01
2.833333333333331439e+01
2.902777777777775725e+01
2.999999999999997868e+01
3.124999999999997868e+01
3.277777777777775725e+01
3.458333333333331439e+01
3.666666666666664298e+01
3.902777777777775725e+01
4.166666666666663588e+01
4.458333333333330728e+01
4.777777777777775725e+01
5.124999999999996447e+01
5.499999999999997158e+01
5.902777777777775725e+01
6.194444444444442865e+01
5.791666666666665719e+01
5.416666666666665009e+01
5.069444444444442865e+01
4.749999999999998579e+01
4.458333333333332149e+01
4.194444444444442865e+01
3.958333333333332149e+01
3.749999999999998579e+01
3.569444444444442865e+01
3.416666666666665009e+01
3.291666666666665009e+01
3.194444444444442865e+01
3.124999999999998579e+01
3.083333333333331794e+01
3.069444444444442865e+01
3.083333333333331794e+01
3.124999999999998224e+01
3.194444444444442865e+01
3.291666666666665009e+01
3.416666666666665009e+01
3.569444444444442865e+01
3.749999999999998579e+01
3.958333333333331439e+01
4.194444444444442865e+01
4.458333333333330728e+01
4.749999999999997868e+01
5.069444444444442865e+01
5.416666666666663588e+01
5.791666666666664298e+01
6.194444444444442865e+01
6.513888888888888573e+01
6.111111111111110716e+01
5.736111111111109295e+01
5.388888888888887863e+01
5.069444444444443576e+01
4.777777777777777146e+01
4.513888888888887863e+01
4.277777777777777146e+01
4.069444444444443576e+01
3.888888888888887863e+01
3.736111111111110006e+01
3.611111111111110006e+01
3.513888888888887863e+01
3.444444444444443576e+01
3.402777777777777146e+01
3.388888888888887863e+01
3.402777777777777146e+01
3.444444444444442865e+01
3.513888888888887863e+01
3.611111111111110006e+01
3.736111111111110006e+01
3.888888888888887863e+01
4.069444444444442865e+01
4.277777777777776436e+01
4.513888888888887863e+01
4.777777777777775725e+01
5.069444444444442865e+01
5.388888888888887863e+01
5.736111111111109295e+01
6.111111111111109295e+01
6.513888888888888573e+01
6.861111111111108585e+01
6.458333333333331439e+01
6.083333333333330728e+01
5.736111111111109295e+01
5.416666666666665009e+01
5.124999999999997868e+01
4.861111111111109295e+01
4.624999999999997868e+01
4.416666666666664298e+01
4.236111111111108585e+01
4.083333333333331439e+01
3.958333333333331439e+01
3.861111111111108585e+01
3.791666666666664298e+01
3.749999999999997868e+01
3.736111111111108585e+01
3.749999999999997868e+01
3.791666666666664298e+01
3.861111111111108585e+01
3.958333333333331439e+01
4.083333333333330728e+01
4.236111111111108585e+01
4.416666666666664298e+01
4.624999999999997868e+01
4.861111111111109295e+01
5.124999999999996447e+01
5.416666666666663588e+01
5.736111111111109295e+01
6.083333333333330017e+01
6.458333333333331439e+01
6.861111111111108585e+01
7.236111111111108585e+01
6.833333333333331439e+01
6.458333333333331439e+01
6.111111111111109295e+01
5.791666666666665009e+01
5.499999999999998579e+01
5.236111111111109295e+01
4.999999999999998579e+01
4.791666666666665009e+01
4.611111111111109295e+01
4.458333333333331439e+01
4.333333333333331439e+01
4.236111111111109295e+01
4.166666666666665009e+01
4.124999999999998579e+01
4.111111111111109295e+01
4.124999999999998579e+01
4.166666666666664298e+01
4.236111111111109295e+01
4.333333333333331439e+01
4.458333333333331439e+01
4.611111111111109295e+01
4.791666666666665009e+01
4.999999999999997868e+01
5.236111111111109295e+01
5.499999999999997158e+01
5.791666666666664298e+01
6.111111111111109295e+01
6.458333333333331439e+01
6.833333333333331439e+01
7.236111111111108585e+01
7.638888888888888573e+01
7.236111111111111427e+01
6.861111111111108585e+01
6.513888888888888573e+01
6.194444444444443576e+01
5.902777777777777146e+01
5.638888888888887863e+01
5.402777777777777146e+01
5.194444444444443576e+01
5.013888888888887863e+01
4.861111111111110006e+01
4.736111111111110006e+01
4.638888888888887863e+01
4.569444444444443576e+01
4.527777777777777146e+01
4.513888888888887863e+01
4.527777777777777146e+01
4.569444444444442865e+01
4.638888888888887863e+01
4.736111111111110006e+01
4.861111111111110006e+01
5.013888888888887863e+01
5.194444444444443576e+01
5.402777777777776436e+01
5.638888888888887863e+01
5.902777777777775725e+01
6.194444444444442865e+01
6.513888888888888573e+01
6.861111111111108585e+01
7.236111111111108585e+01
7.638888888888888573e+01
7.930555555555554292e+01
7.527777777777777146e+01
7.152777777777777146e+01
6.805555555555554292e+01
6.486111111111111427e+01
6.194444444444444287e+01
5.930555555555555003e+01
5.694444444444444287e+01
5.486111111111110716e+01
5.305555555555555003e+01
5.152777777777777146e+01
5.027777777777777146e+01
4.930555555555555003e+01
4.861111111111110716e+01
4.819444444444444287e+01
4.805555555555555003e+01
4.819444444444444287e+01
4.861111111111110006e+01
4.930555555555555003e+01
5.027777777777777146e+01
5.152777777777777146e+01
5.305555555555555003e+01
5.486111111111110716e+01
5.694444444444443576e+01
5.930555555555555003e+01
6.194444444444442865e+01
6.486111111111110006e+01
6.805555555555554292e+01
7.152777777777777146e+01
7.527777777777777146e+01
7.930555555555554292e+01
7.527777777777777146e+01
7.125000000000000000e+01
6.750000000000000000e+01
6.402777777777777146e+01
6.083333333333333570e+01
5.791666666666667140e+01
5.527777777777777857e+01
5.291666666666667140e+01
5.083333333333333570e+01
4.902777777777777857e+01
4.750000000000000000e+01
4.625000000000000000e+01
4.527777777777777857e+01
4.458333333333333570e+01
4.416666666666667140e+01
4.402777777777777857e+01
4.416666666666667140e+01
4.458333333333332860e+01
4.527777777777777857e+01
4.625000000000000000e+01
4.750000000000000000e+01
4.902777777777777857e+01
5.083333333333333570e+01
5.291666666666666430e+01
5.527777777777777857e+01
5.791666666666665719e+01
6.083333333333332860e+01
6.402777777777777146e+01
6.750000000000000000e+01
7.125000000000000000e+01
7.527777777777777146e+01
7.152777777777777146e+01
6.750000000000000000e+01
6.374999999999998579e+01
6.027777777777776436e+01
5.708333333333332149e+01
5.416666666666665719e+01
5.152777777777776436e+01
4.916666666666665719e+01
4.708333333333332860e+01
4.527777777777777146e+01
4.374999999999999289e+01
4.249999999999998579e+01
4.152777777777777146e+01
4.083333333333332860e+01
4.041666666666665719e+01
4.027777777777777146e+01
4.041666666666665719e+01
4.083333333333332149e+01
4.152777777777777146e+01
4.249999999999998579e+01
4.374999999999998579e+01
4.527777777777777146e+01
4.708333333333332149e+01
4.916666666666665009e+01
5.152777777777776436e+01
5.416666666666665009e+01
5.708333333333332149e+01
6.027777777777776436e+01
6.374999999999997868e+01
6.749999999999997158e+01
7.152777777777777146e+01
6.805555555555554292e+01
6.402777777777777146e+01
6.027777777777776436e+01
5.680555555555555003e+01
5.361111111111110716e+01
5.069444444444444287e+01
4.805555555555555003e+01
4.569444444444444287e+01
4.361111111111110716e+01
4.180555555555555003e+01
4.027777777777777146e+01
3.902777777777777146e+01
3.805555555555555003e+01
3.736111111111110716e+01
3.694444444444444287e+01
3.680555555555555003e+01
3.694444444444444287e+01
3.736111111111110006e+01
3.805555555555555003e+01
3.902777777777777146e+01
4.027777777777777146e+01
4.180555555555555003e+01
4.361111111111110006e+01
4.569444444444443576e+01
4.805555555555555003e+01
5.069444444444442865e+01
5.361111111111110006e+01
5.680555555555555003e+01
6.027777777777776436e+01
6.402777777777777146e+01
6.805555555555554292e+01
6.486111111111111427e+01
6.083333333333333570e+01
5.708333333333332149e+01
5.361111111111110716e+01
5.041666666666666430e+01
4.750000000000000000e+01
4.486111111111110716e+01
4.250000000000000000e+01
4.041666666666666430e+01
3.861111111111110716e+01
3.708333333333332860e+01
3.583333333333332860e+01
3.486111111111110716e+01
3.416666666666666430e+01
3.375000000000000000e+01
3.361111111111110716e+01
3.375000000000000000e+01
3.416666666666665719e+01
3.486111111111110716e+01
3.583333333333332860e+01
3.708333333333332860e+01
3.861111111111110716e+01
4.041666666666665719e+01
4.249999999999999289e+01
4.486111111111110716e+01
4.749999999999998579e+01
5.041666666666665719e+01
5.361111111111110716e+01
5.708333333333332149e+01
6.083333333333332149e+01
6.486111111111111427e+01
6.194444444444444287e+01
5.791666666666667140e+01
5.416666666666665719e+01
5.069444444444444287e+01
4.750000000000000000e+01
4.458333333333332860e+01
4.194444444444444287e+01
3.958333333333332860e+01
3.750000000000000000e+01
3.569444444444444287e+01
3.416666666666666430e+01
3.291666666666666430e+01
3.194444444444444287e+01
3.124999999999999645e+01
3.083333333333332860e+01
3.069444444444444287e+01
3.083333333333332860e+01
3.124999999999999645e+01
3.194444444444444287e+01
3.291666666666666430e+01
3.416666666666665719e+01
3.569444444444444287e+01
3.749999999999999289e+01
3.958333333333332860e+01
4.194444444444444287e+01
4.458333333333332149e+01
4.749999999999999289e+01
5.069444444444444287e+01
5.416666666666665009e+01
5.791666666666665719e+01
6.194444444444444287e+01
5.930555555555555003e+01
5.527777777777777857e+01
5.152777777777776436e+01
4.805555555555555003e+01
4.486111111111110716e+01
4.194444444444444287e+01
3.930555555555555003e+01
3.694444444444444287e+01
3.486111111111110716e+01
3.305555555555555003e+01
3.152777777777777146e+01
3.027777777777777146e+01
2.930555555555555003e+01
2.861111111111110716e+01
2.819444444444443931e+01
2.805555555555555003e+01
2.819444444444443931e+01
2.861111111111110716e+01
2.930555555555555003e+01
3.027777777777777146e+01
3.152777777777777146e+01
3.305555555555555003e+01
3.486111111111110006e+01
3.694444444444443576e+01
3.930555555555555003e+01
4.194444444444442865e+01
4.486111111111110006e+01
4.805555555555555003e+01
5.152777777777776436e+01
5.527777777777776436e+01
5.930555555555555003e+01
5.694444444444444287e+01
5.291666666666667140e+01
4.916666666666665719e+01
4.569444444444444287e+01
4.250000000000000000e+01
3.958333333333332860e+01
3.694444444444444287e+01
3.458333333333332860e+01
3.250000000000000000e+01
3.069444444444444287e+01
2.916666666666666430e+01
2.791666666666666430e+01
2.694444444444444287e+01
2.624999999999999645e+01
2.583333333333332860e+01
2.569444444444444287e+01
2.583333333333332860e+01
2.624999999999999645e+01
2.694444444444444287e+01
2.791666666666666430e+01
2.916666666666666075e+01
3.069444444444444287e+01
3.249999999999999289e+01
3.458333333333332860e+01
3.694444444444444287e+01
3.958333333333332149e+01
4.249999999999999289e+01
4.569444444444444287e+01
4.916666666666665009e+01
5.291666666666665719e+01
5.694444444444444287e+01
5.486111111111110716e+01
5.083333333333333570e+01
4.708333333333332860e+01
4.361111111111110716e+01
4.041666666666666430e+01
3.750000000000000000e+01
3.486111111111110716e+01
3.250000000000000000e+01
3.041666666666666430e+01
2.861111111111110716e+01
2.708333333333332860e+01
2.583333333333332860e+01
2.486111111111110716e+01
2.416666666666666430e+01
2.374999999999999645e+01
2.361111111111110716e+01
2.374999999999999645e+01
2.416666666666666075e+01
2.486111111111110716e+01
2.583333333333332860e+01
2.708333333333332860e+01
2.861111111111110716e+01
3.041666666666666075e+01
3.249999999999999289e+01
3.486111111111110716e+01
3.749999999999998579e+01
4.041666666666665719e+01
4.361111111111110716e+01
4.708333333333331439e+01
5.083333333333332149e+01
5.486111111111110716e+01
5.305555555555555003e+01
4.902777777777777857e+01
4.527777777777777146e+01
4.180555555555555003e+01
3.861111111111110716e+01
3.569444444444444287e+01
3.305555555555555003e+01
3.069444444444444287e+01
2.861111111111110716e+01
2.680555555555555003e+01
2.527777777777777146e+01
2.402777777777777146e+01
2.305555555555555003e+01
2.236111111111110716e+01
2.194444444444443931e+01
2.180555555555555003e+01
2.194444444444443931e+01
2.236111111111110361e+01
2.305555555555555003e+01
2.402777777777777146e+01
2.527777777777777146e+01
2.680555555555555003e+01
2.861111111111110361e+01
3.069444444444443576e+01
3.305555555555555003e+01
3.569444444444442865e+01
3.861111111111110006e+01
4.180555555555555003e+01
4.527777777777775725e+01
4.902777777777776436e+01
5.305555555555555003e+01
5.152777777777777146e+01
4.750000000000000000e+01
4.374999999999999289e+01
4.027777777777777146e+01
3.708333333333332860e+01
3.416666666666666430e+01
3.152777777777777146e+01
2.916666666666666430e+01
2.708333333333332860e+01
2.527777777777777146e+01
2.374999999999999645e+01
2.249999999999999645e+01
2.152777777777777146e+01
2.083333333333332860e+01
2.041666666666666430e+01
2.027777777777777146e+01
2.041666666666666075e+01
2.083333333333332860e+01
2.152777777777777146e+01
2.249999999999999289e+01
2.374999999999999289e+01
2.527777777777777146e+01
2.708333333333332860e+01
2.916666666666665719e+01
3.152777777777777146e+01
3.416666666666665009e+01
3.708333333333332149e+01
4.027777777777777146e+01
4.374999999999998579e+01
4.749999999999998579e+01
5.152777777777777146e+01
5.027777777777777146e+01
4.625000000000000000e+01
4.249999999999998579e+01
3.902777777777777146e+01
3.583333333333332860e+01
3.291666666666666430e+01
3.027777777777777146e+01
2.791666666666666430e+01
2.583333333333332860e+01
2.402777777777777146e+01
2.249999999999999645e+01
2.124999999999999645e+01
2.027777777777777146e+01
1.958333333333332860e+01
1.916666666666666075e+01
1.902777777777777146e+01
1.916666666666666075e+01
1.958333333333332860e+01
2.027777777777777146e+01
2.124999999999999289e+01
2.249999999999999289e+01
2.402777777777777146e+01
2.583333333333332860e+01
2.791666666666665719e+01
3.027777777777777146e+01
3.291666666666665009e+01
3.583333333333332149e+01
3.902777777777777146e+01
4.249999999999998579e+01
4.624999999999998579e+01
5.027777777777777146e+01
4.930555555555555003e+01
4.527777777777777857e+01
4.152777777777777146e+01
3.805555555555555003e+01
3.486111111111110716e+01
3.194444444444444287e+01
2.930555555555555003e+01
2.694444444444444287e+01
2.486111111111110716e+01
2.305555555555555003e+01
2.152777777777777146e+01
2.027777777777777146e+01
1.930555555555555003e+01
1.861111111111110716e+01
1.819444444444443931e+01
1.805555555555555003e+01
1.819444444444443931e+01
1.861111111111110361e+01
1.930555555555555003e+01
2.027777777777777146e+01
2.152777777777777146e+01
2.305555555555555003e+01
2.486111111111110361e+01
2.694444444444443576e+01
2.930555555555555003e+01
3.194444444444442865e+01
3.486111111111110006e+01
3.805555555555555003e+01
4.152777777777775725e+01
4.527777777777776436e+01
4.930555555555555003e+01
4.861111111111110716e+01
4.458333333333333570e+01
4.083333333333332860e+01
3.736111111111110716e+01
3.416666666666666430e+01
3.124999999999999645e+01
2.861111111111110716e+01
2.624999999999999645e+01
2.416666666666666430e+01
2.236111111111110716e+01
2.083333333333332860e+01
1.958333333333332860e+01
1.861111111111110716e+01
1.791666666666666075e+01
1.749999999999999645e+01
1.736111111111110716e+01
1.749999999999999289e+01
1.791666666666666075e+01
1.861111111111110716e+01
1.958333333333332860e+01
2.083333333333332504e+01
2.236111111111110716e+01
2.416666666666666075e+01
2.624999999999999289e+01
2.861111111111110716e+01
3.124999999999998579e+01
3.416666666666665719e+01
3.736111111111110716e+01
4.083333333333331439e+01
4.458333333333332149e+01
4.861111111111110716e+01
4.819444444444444287e+01
4.416666666666667140e+01
4.041666666666665719e+01
3.694444444444444287e+01
3.375000000000000000e+01
3.083333333333332860e+01
2.819444444444443931e+01
2.583333333333332860e+01
2.374999999999999645e+01
2.194444444444443931e+01
2.041666666666666430e+01
1.916666666666666075e+01
1.819444444444443931e+01
1.749999999999999645e+01
1.708333333333332860e+01
1.694444444444443931e+01
1.708333333333332860e+01
1.749999999999999289e+01
1.819444444444443931e+01
1.916666666666666075e+01
2.041666666666665719e+01
2.194444444444443931e+01
2.374999999999999289e+01
2.583333333333332504e+01
2.819444444444443931e+01
3.083333333333331794e+01
3.374999999999998579e+01
3.694444444444444287e+01
4.041666666666665009e+01
4.416666666666665719e+01
4.819444444444444287e+01
4.805555555555555003e+01
4.402777777777777857e+01
4.027777777777777146e+01
3.680555555555555003e+01
3.361111111111110716e+01
3.069444444444444287e+01
2.805555555555555003e+01
2.569444444444444287e+01
2.361111111111110716e+01
2.180555555555555003e+01
2.027777777777777146e+01
1.902777777777777146e+01
1.805555555555555003e+01
1.736111111111110716e+01
1.694444444444443931e+01
1.680555555555555003e+01
1.694444444444443931e+01
1.736111111111110361e+01
1.805555555555555003e+01
1.902777777777777146e+01
2.027777777777777146e+01
2.180555555555555003e+01
2.361111111111110361e+01
2.569444444444443576e+01
2.805555555555555003e+01
3.069444444444442865e+01
3.361111111111110006e+01
3.680555555555555003e+01
4.027777777777775725e+01
4.402777777777776436e+01
4.805555555555555003e+01
4.819444444444444287e+01
4.416666666666667140e+01
4.041666666666665719e+01
3.694444444444444287e+01
3.375000000000000000e+01
3.083333333333332860e+01
2.819444444444443931e+01
2.583333333333332860e+01
2.374999999999999645e+01
2.194444444444443931e+01
2.041666666666666075e+01
1.916666666666666075e+01
1.819444444444443931e+01
1.749999999999999289e+01
1.708333333333332860e+01
1.694444444444443931e+01
1.708333333333332860e+01
1.749999999999999289e+01
1.819444444444443931e+01
1.916666666666666075e+01
2.041666666666665719e+01
2.194444444444443931e+01
2.374999999999999289e+01
2.583333333333332504e+01
2.819444444444443931e+01
3.083333333333331794e+01
3.374999999999998579e+01
3.694444444444444287e+01
4.041666666666665009e+01
4.416666666666665719e+01
4.819444444444444287e+01
4.861111111111110006e+01
4.458333333333332860e+01
4.083333333333332149e+01
3.736111111111110006e+01
3.416666666666665719e+01
3.124999999999999645e+01
2.861111111111110716e+01
2.624999999999999645e+01
2.416666666666666075e+01
2.236111111111110361e+01
2.083333333333332860e+01
1.958333333333332860e+01
1.861111111111110361e+01
1.791666666666666075e+01
1.749999999999999289e+01
1.736111111111110361e+01
1.749999999999999289e+01
1.791666666666666075e+01
1.861111111111110361e+01
1.958333333333332504e+01
2.083333333333332504e+01
2.236111111111110361e+01
2.416666666666665719e+01
2.624999999999999289e+01
2.861111111111110716e+01
3.124999999999998579e+01
3.416666666666665719e+01
3.736111111111110006e+01
4.083333333333331439e+01
4.458333333333331439e+01
4.861111111111110006e+01
4.930555555555555003e+01
4.527777777777777857e+01
4.152777777777777146e+01
3.805555555555555003e+01
3.486111111111110716e+01
3.194444444444444287e+01
2.930555555555555003e+01
2.694444444444444287e+01
2.486111111111110716e+01
2.305555555555555003e+01
2.152777777777777146e+01
2.027777777777777146e+01
1.930555555555555003e+01
1.861111111111110716e+01
1.819444444444443931e+01
1.805555555555555003e+01
1.819444444444443931e+01
1.861111111111110361e+01
1.930555555555555003e+01
2.027777777777777146e+01
2.152777777777777146e+01
2.305555555555555003e+01
2.486111111111110361e+01
2.694444444444443576e+01
2.930555555555555003e+01
3.194444444444442865e+01
3.486111111111110006e+01
3.805555555555555003e+01
4.152777777777775725e+01
4.527777777777776436e+01
4.930555555555555003e+01
5.027777777777777146e+01
4.625000000000000000e+01
4.249999999999998579e+01
3.902777777777777146e+01
3.583333333333332860e+01
3.291666666666666430e+01
3.027777777777777146e+01
2.791666666666666430e+01
2.583333333333332860e+01
2.402777777777777146e+01
2.249999999999999289e+01
2.124999999999999289e+01
2.027777777777777146e+01
1.958333333333332860e+01
1.916666666666666075e+01
1.902777777777777146e+01
1.916666666666666075e+01
1.958333333333332504e+01
2.027777777777777146e+01
2.124999999999999289e+01
2.249999999999999289e+01
2.402777777777777146e+01
2.583333333333332504e+01
2.791666666666665719e+01
3.027777777777777146e+01
3.291666666666665009e+01
3.583333333333332149e+01
3.902777777777777146e+01
4.249999999999998579e+01
4.624999999999998579e+01
5.027777777777777146e+01
5.152777777777777146e+01
4.750000000000000000e+01
4.374999999999998579e+01
4.027777777777777146e+01
3.708333333333332860e+01
3.416666666666665719e+01
3.152777777777777146e+01
2.916666666666666075e+01
2.708333333333332860e+01
2.527777777777777146e+01
2.374999999999999289e+01
2.249999999999999289e+01
2.152777777777777146e+01
2.083333333333332504e+01
2.041666666666665719e+01
2.027777777777777146e+01
2.041666666666665719e+01
2.083333333333332504e+01
2.152777777777777146e+01
2.249999999999999289e+01
2.374999999999998934e+01
2.527777777777777146e+01
2.708333333333332149e+01
2.916666666666665719e+01
3.152777777777777146e+01
3.416666666666665009e+01
3.708333333333332149e+01
4.027777777777777146e+01
4.374999999999997868e+01
4.749999999999998579e+01
5.152777777777777146e+01
5.305555555555555003e+01
4.902777777777777857e+01
4.527777777777777146e+01
4.180555555555555003e+01
3.861111111111110716e+01
3.569444444444444287e+01
3.305555555555555003e+01
3.069444444444444287e+01
2.861111111111110716e+01
2.680555555555555003e+01
2.527777777777777146e+01
2.402777777777777146e+01
2.305555555555555003e+01
2.236111111111110716e+01
2.194444444444443931e+01
2.180555555555555003e+01
2.194444444444443931e+01
2.236111111111110361e+01
2.305555555555555003e+01
2.402777777777777146e+01
2.527777777777777146e+01
2.680555555555555003e+01
2.861111111111110361e+01
3.069444444444443576e+01
3.305555555555555003e+01
3.569444444444442865e+01
3.861111111111110006e+01
4.180555555555555003e+01
4.527777777777775725e+01
4.902777777777776436e+01
5.305555555555555003e+01
5.486111111111110716e+01
5.083333333333333570e+01
4.708333333333332149e+01
4.361111111111110006e+01
4.041666666666665719e+01
3.749999999999999289e+01
3.486111111111110006e+01
3.249999999999999289e+01
3.041666666666666075e+01
2.861111111111110361e+01
2.708333333333332860e+01
2.583333333333332860e+01
2.486111111111110361e+01
2.416666666666666075e+01
2.374999999999999289e+01
2.361111111111110361e+01
2.374999999999999289e+01
2.416666666666665719e+01
2.486111111111110361e+01
2.583333333333332504e+01
2.708333333333332149e+01
2.861111111111110361e+01
3.041666666666665719e+01
3.249999999999998579e+01
3.486111111111110006e+01
3.749999999999998579e+01
4.041666666666665719e+01
4.361111111111110006e+01
4.708333333333331439e+01
5.083333333333332149e+01
5.486111111111110716e+01
5.694444444444443576e+01
5.291666666666666430e+01
4.916666666666665009e+01
4.569444444444443576e+01
4.249999999999999289e+01
3.958333333333332860e+01
3.694444444444443576e+01
3.458333333333332860e+01
3.249999999999999289e+01
3.069444444444443576e+01
2.916666666666665719e+01
2.791666666666665719e+01
2.694444444444443576e+01
2.624999999999999289e+01
2.583333333333332504e+01
2.569444444444443576e+01
2.583333333333332504e+01
2.624999999999999289e+01
2.694444444444443576e+01
2.791666666666665719e+01
2.916666666666665719e+01
3.069444444444443576e+01
3.249999999999998579e+01
3.458333333333332149e+01
3.694444444444443576e+01
3.958333333333331439e+01
4.249999999999998579e+01
4.569444444444443576e+01
4.916666666666665009e+01
5.291666666666665009e+01
5.694444444444443576e+01
5.930555555555555003e+01
5.527777777777777857e+01
5.152777777777776436e+01
4.805555555555555003e+01
4.486111111111110716e+01
4.194444444444444287e+01
3.930555555555555003e+01
3.694444444444444287e+01
3.486111111111110716e+01
3.305555555555555003e+01
3.152777777777777146e+01
3.027777777777777146e+01
2.930555555555555003e+01
2.861111111111110716e+01
2.819444444444443931e+01
2.805555555555555003e+01
2.819444444444443931e+01
2.861111111111110716e+01
2.930555555555555003e+01
3.027777777777777146e+01
3.152777777777777146e+01
3.305555555555555003e+01
3.486111111111110006e+01
3.694444444444443576e+01
3.930555555555555003e+01
4.194444444444442865e+01
4.486111111111110006e+01
4.805555555555555003e+01
5.152777777777776436e+01
5.527777777777776436e+01
5.930555555555555003e+01
6.194444444444442865e+01
5.791666666666665719e+01
5.416666666666665009e+01
5.069444444444442865e+01
4.749999999999998579e+01
4.458333333333332149e+01
4.194444444444442865e+01
3.958333333333332149e+01
3.749999999999998579e+01
3.569444444444442865e+01
3.416666666666665009e+01
3.291666666666665009e+01
3.194444444444442865e+01
3.124999999999998579e+01
3.083333333333331794e+01
3.069444444444442865e+01
3.083333333333331794e+01
3.124999999999998579e+01
3.194444444444442865e+01
3.291666666666665009e+01
3.416666666666665009e+01
3.569444444444442865e+01
3.749999999999998579e+01
3.958333333333331439e+01
4.194444444444442865e+01
4.458333333333330728e+01
4.749999999999997868e+01
5.069444444444442865e+01
5.416666666666663588e+01
5.791666666666664298e+01
6.194444444444442865e+01
6.486111111111110006e+01
6.083333333333332860e+01
5.708333333333332149e+01
5.361111111111110006e+01
5.041666666666665719e+01
4.749999999999999289e+01
4.486111111111110006e+01
4.249999999999999289e+01
4.041666666666665719e+01
3.861111111111110006e+01
3.708333333333332149e+01
3.583333333333332149e+01
3.486111111111110006e+01
3.416666666666665719e+01
3.374999999999998579e+01
3.361111111111110006e+01
3.374999999999998579e+01
3.416666666666665719e+01
3.486111111111110006e+01
3.583333333333332149e+01
3.708333333333332149e+01
3.861111111111110006e+01
4.041666666666665719e+01
4.249999999999998579e+01
4.486111111111110006e+01
4.749999999999997868e+01
5.041666666666665009e+01
5.361111111111110006e+01
5.708333333333330728e+01
6.083333333333331439e+01
6.486111111111110006e+01
6.805555555555554292e+01
6.402777777777777146e+01
6.027777777777776436e+01
5.680555555555555003e+01
5.361111111111110716e+01
5.069444444444444287e+01
4.805555555555555003e+01
4.569444444444444287e+01
4.361111111111110716e+01
4.180555555555555003e+01
4.027777777777777146e+01
3.902777777777777146e+01
3.805555555555555003e+01
3.736111111111110716e+01
3.694444444444444287e+01
3.680555555555555003e+01
3.694444444444444287e+01
3.736111111111110006e+01
3.805555555555555003e+01
3.902777777777777146e+01
4.027777777777777146e+01
4.180555555555555003e+01
4.361111111111110006e+01
4.569444444444443576e+01
4.805555555555555003e+01
5.069444444444442865e+01
5.361111111111110006e+01
5.680555555555555003e+01
6.027777777777776436e+01
6.402777777777777146e+01
6.805555555555554292e+01
7.152777777777777146e+01
6.750000000000000000e+01
6.374999999999997868e+01
6.027777777777776436e+01
5.708333333333332149e+01
5.416666666666665009e+01
5.152777777777776436e+01
4.916666666666665009e+01
4.708333333333331439e+01
4.527777777777775725e+01
4.374999999999998579e+01
4.249999999999998579e+01
4.152777777777775725e+01
4.083333333333331439e+01
4.041666666666665009e+01
4.027777777777775725e+01
4.041666666666665009e+01
4.083333333333331439e+01
4.152777777777775725e+01
4.249999999999998579e+01
4.374999999999997868e+01
4.527777777777775725e+01
4.708333333333331439e+01
4.916666666666665009e+01
5.152777777777776436e+01
5.416666666666663588e+01
5.708333333333330728e+01
6.027777777777776436e+01
6.374999999999997158e+01
6.749999999999997158e+01
7.152777777777777146e+01
7.527777777777777146e+01
7.125000000000000000e+01
6.749999999999997158e+01
6.402777777777777146e+01
6.083333333333332149e+01
5.791666666666665719e+01
5.527777777777776436e+01
5.291666666666665719e+01
5.083333333333332149e+01
4.902777777777776436e+01
4.749999999999998579e+01
4.624999999999998579e+01
4.527777777777776436e+01
4.458333333333332149e+01
4.416666666666665719e+01
4.402777777777776436e+01
4.416666666666665719e+01
4.458333333333331439e+01
4.527777777777776436e+01
4.624999999999998579e+01
4.749999999999998579e+01
4.902777777777776436e+01
5.083333333333332149e+01
5.291666666666665009e+01
5.527777777777776436e+01
5.791666666666664298e+01
6.083333333333331439e+01
6.402777777777777146e+01
6.749999999999997158e+01
7.124999999999997158e+01
7.527777777777777146e+01
7.930555555555554292e+01
7.527777777777777146e+01
7.152777777777777146e+01
6.805555555555554292e+01
6.486111111111111427e+01
6.194444444444444287e+01
5.930555555555555003e+01
5.694444444444444287e+01
5.486111111111110716e+01
5.305555555555555003e+01
5.152777777777777146e+01
5.027777777777777146e+01
4.930555555555555003e+01
4.861111111111110716e+01
4.819444444444444287e+01
4.805555555555555003e+01
4.819444444444444287e+01
4.861111111111110006e+01
4.930555555555555003e+01
5.027777777777777146e+01
5.152777777777777146e+01
5.305555555555555003e+01
5.486111111111110716e+01
5.694444444444443576e+01
5.930555555555555003e+01
6.194444444444442865e+01
6.486111111111110006e+01
6.805555555555554292e+01
7.152777777777777146e+01
7.527777777777777146e+01
7.930555555555554292e+01
8.250000000000000000e+01
7.847222222222222854e+01
7.472222222222221433e+01
7.125000000000000000e+01
6.805555555555555713e+01
6.513888888888888573e+01
6.250000000000000000e+01
6.013888888888889284e+01
5.805555555555555713e+01
5.625000000000000000e+01
5.472222222222222143e+01
5.347222222222222143e+01
5.250000000000000000e+01
5.180555555555555713e+01
5.138888888888888573e+01
5.125000000000000000e+01
5.138888888888888573e+01
5.180555555555555713e+01
5.250000000000000000e+01
5.347222222222222143e+01
5.472222222222222143e+01
5.625000000000000000e+01
5.805555555555555713e+01
6.013888888888888573e+01
6.250000000000000000e+01
6.513888888888888573e+01
6.805555555555554292e+01
7.125000000000000000e+01
7.472222222222221433e+01
7.847222222222221433e+01
8.250000000000000000e+01
7.847222222222222854e+01
7.444444444444445708e+01
7.069444444444444287e+01
6.722222222222222854e+01
6.402777777777778567e+01
6.111111111111112137e+01
5.847222222222222854e+01
5.611111111111112137e+01
5.402777777777778567e+01
5.222222222222222854e+01
5.069444444444444997e+01
4.944444444444444997e+01
4.847222222222222854e+01
4.777777777777778567e+01
4.736111111111111427e+01
4.722222222222222854e+01
4.736111111111111427e+01
4.777777777777778567e+01
4.847222222222222854e+01
4.944444444444444997e+01
5.069444444444444997e+01
5.222222222222222854e+01
5.402777777777778567e+01
5.611111111111111427e+01
5.847222222222222854e+01
6.111111111111110716e+01
6.402777777777777146e+01
6.722222222222222854e+01
7.069444444444444287e+01
7.444444444444444287e+01
7.847222222222222854e+01
7.472222222222221433e+01
7.069444444444444287e+01
6.694444444444442865e+01
6.347222222222221433e+01
6.027777777777777146e+01
5.736111111111110716e+01
5.472222222222221433e+01
5.236111111111110716e+01
5.027777777777777146e+01
4.847222222222221433e+01
4.694444444444444287e+01
4.569444444444444287e+01
4.472222222222221433e+01
4.402777777777777146e+01
4.361111111111110716e+01
4.347222222222221433e+01
4.361111111111110716e+01
4.402777777777777146e+01
4.472222222222221433e+01
4.569444444444444287e+01
4.694444444444443576e+01
4.847222222222221433e+01
5.027777777777777146e+01
5.236111111111110006e+01
5.472222222222221433e+01
5.736111111111110006e+01
6.027777777777777146e+01
6.347222222222221433e+01
6.694444444444442865e+01
7.069444444444442865e+01
7.472222222222221433e+01
7.125000000000000000e+01
6.722222222222222854e+01
6.347222222222221433e+01
6.000000000000000000e+01
5.680555555555555713e+01
5.388888888888889284e+01
5.125000000000000000e+01
4.888888888888889284e+01
4.680555555555555713e+01
4.500000000000000000e+01
4.347222222222222143e+01
4.222222222222222143e+01
4.125000000000000000e+01
4.055555555555555713e+01
4.013888888888888573e+01
4.000000000000000000e+01
4.013888888888888573e+01
4.055555555555555713e+01
4.125000000000000000e+01
4.222222222222222143e+01
4.347222222222222143e+01
4.500000000000000000e+01
4.680555555555555713e+01
4.888888888888888573e+01
5.125000000000000000e+01
5.388888888888887863e+01
5.680555555555555003e+01
6.000000000000000000e+01
6.347222222222221433e+01
6.722222222222221433e+01
7.125000000000000000e+01
6.805555555555555713e+01
6.402777777777778567e+01
6.027777777777777146e+01
5.680555555555555713e+01
5.361111111111111427e+01
5.069444444444444997e+01
4.805555555555555713e+01
4.569444444444444997e+01
4.361111111111111427e+01
4.180555555555555713e+01
4.027777777777777857e+01
3.902777777777777857e+01
3.805555555555555713e+01
3.736111111111111427e+01
3.694444444444444287e+01
3.680555555555555713e+01
3.694444444444444287e+01
3.736111111111111427e+01
3.805555555555555713e+01
3.902777777777777857e+01
4.027777777777777857e+01
4.180555555555555713e+01
4.361111111111111427e+01
4.569444444444444287e+01
4.805555555555555713e+01
5.069444444444443576e+01
5.361111111111110716e+01
5.680555555555555713e+01
6.027777777777777146e+01
6.402777777777777146e+01
6.805555555555555713e+01
6.513888888888888573e+01
6.111111111111112137e+01
5.736111111111110716e+01
5.388888888888889284e+01
5.069444444444444997e+01
4.777777777777778567e+01
4.513888888888889284e+01
4.277777777777778567e+01
4.069444444444444997e+01
3.888888888888889284e+01
3.736111111111111427e+01
3.611111111111111427e+01
3.513888888888889284e+01
3.444444444444444287e+01
3.402777777777777857e+01
3.388888888888889284e+01
3.402777777777777857e+01
3.444444444444444287e+01
3.513888888888889284e+01
3.611111111111111427e+01
3.736111111111111427e+01
3.888888888888889284e+01
4.069444444444444287e+01
4.277777777777777857e+01
4.513888888888889284e+01
4.777777777777777146e+01
5.069444444444444287e+01
5.388888888888889284e+01
5.736111111111110006e+01
6.111111111111110716e+01
6.513888888888888573e+01
6.250000000000000000e+01
5.847222222222222854e+01
5.472222222222221433e+01
5.125000000000000000e+01
4.805555555555555713e+01
4.513888888888889284e+01
4.250000000000000000e+01
4.013888888888889284e+01
3.805555555555555713e+01
3.625000000000000000e+01
3.472222222222222143e+01
3.347222222222222143e+01
3.250000000000000000e+01
3.180555555555555713e+01
3.138888888888888928e+01
3.125000000000000000e+01
3.138888888888888928e+01
3.180555555555555713e+01
3.250000000000000000e+01
3.347222222222222143e+01
3.472222222222222143e+01
3.625000000000000000e+01
3.805555555555555713e+01
4.013888888888888573e+01
4.250000000000000000e+01
4.513888888888887863e+01
4.805555555555555003e+01
5.125000000000000000e+01
5.472222222222221433e+01
5.847222222222221433e+01
6.250000000000000000e+01
6.013888888888889284e+01
5.611111111111112137e+01
5.236111111111110716e+01
4.888888888888889284e+01
4.569444444444444997e+01
4.277777777777778567e+01
4.013888888888889284e+01
3.777777777777778567e+01
3.569444444444444997e+01
3.388888888888889284e+01
3.236111111111111427e+01
3.111111111111111427e+01
3.013888888888889284e+01
2.944444444444444642e+01
2.902777777777777857e+01
2.888888888888889284e+01
2.902777777777777857e+01
2.944444444444444642e+01
3.013888888888889284e+01
3.111111111111111427e+01
3.236111111111111427e+01
3.388888888888889284e+01
3.569444444444444287e+01
3.777777777777777857e+01
4.013888888888889284e+01
4.277777777777777146e+01
4.569444444444444287e+01
4.888888888888889284e+01
5.236111111111110006e+01
5.611111111111110716e+01
6.013888888888889284e+01
5.805555555555555713e+01
5.402777777777778567e+01
5.027777777777777146e+01
4.680555555555555713e+01
4.361111111111111427e+01
4.069444444444444997e+01
3.805555555555555713e+01
3.569444444444444997e+01
3.361111111111111427e+01
3.180555555555555713e+01
3.027777777777777857e+01
2.902777777777777857e+01
2.805555555555555713e+01
2.736111111111111427e+01
2.694444444444444642e+01
2.680555555555555713e+01
2.694444444444444642e+01
2.736111111111111072e+01
2.805555555555555713e+01
2.902777777777777857e+01
3.027777777777777857e+01
3.180555555555555713e+01
3.361111111111111427e+01
3.569444444444444287e+01
3.805555555555555713e+01
4.069444444444443576e+01
4.361111111111110716e+01
4.680555555555555713e+01
5.027777777777777146e+01
5.402777777777777146e+01
5.805555555555555713e+01
5.625000000000000000e+01
5.222222222222222854e+01
4.847222222222221433e+01
4.500000000000000000e+01
4.180555555555555713e+01
3.888888888888889284e+01
3.625000000000000000e+01
3.388888888888889284e+01
3.180555555555555713e+01
3.000000000000000000e+01
2.847222222222222143e+01
2.722222222222222143e+01
2.625000000000000000e+01
2.555555555555555713e+01
2.513888888888888928e+01
2.500000000000000000e+01
2.513888888888888928e+01
2.555555555555555358e+01
2.625000000000000000e+01
2.722222222222222143e+01
2.847222222222222143e+01
3.000000000000000000e+01
3.180555555555555358e+01
3.388888888888888573e+01
3.625000000000000000e+01
3.888888888888887863e+01
4.180555555555555003e+01
4.500000000000000000e+01
4.847222222222221433e+01
5.222222222222221433e+01
5.625000000000000000e+01
5.472222222222222143e+01
5.069444444444444997e+01
4.694444444444444287e+01
4.347222222222222143e+01
4.027777777777777857e+01
3.736111111111111427e+01
3.472222222222222143e+01
3.236111111111111427e+01
3.027777777777777857e+01
2.847222222222222143e+01
2.694444444444444642e+01
2.569444444444444642e+01
2.472222222222222143e+01
2.402777777777777857e+01
2.361111111111111427e+01
2.347222222222222143e+01
2.361111111111111072e+01
2.402777777777777857e+01
2.472222222222222143e+01
2.569444444444444287e+01
2.694444444444444287e+01
2.847222222222222143e+01
3.027777777777777857e+01
3.236111111111110716e+01
3.472222222222222143e+01
3.736111111111110006e+01
4.027777777777777146e+01
4.347222222222222143e+01
4.694444444444443576e+01
5.069444444444443576e+01
5.472222222222222143e+01
5.347222222222222143e+01
4.944444444444444997e+01
4.569444444444444287e+01
4.222222222222222143e+01
3.902777777777777857e+01
3.611111111111111427e+01
3.347222222222222143e+01
3.111111111111111427e+01
2.902777777777777857e+01
2.722222222222222143e+01
2.569444444444444642e+01
2.444444444444444642e+01
2.347222222222222143e+01
2.277777777777777857e+01
2.236111111111111072e+01
2.222222222222222143e+01
2.236111111111111072e+01
2.277777777777777857e+01
2.347222222222222143e+01
2.444444444444444287e+01
2.569444444444444287e+01
2.722222222222222143e+01
2.902777777777777857e+01
3.111111111111110716e+01
3.347222222222222143e+01
3.611111111111110006e+01
3.902777777777777146e+01
4.222222222222222143e+01
4.569444444444442865e+01
4.944444444444443576e+01
5.347222222222222143e+01
5.250000000000000000e+01
4.847222222222222854e+01
4.472222222222221433e+01
4.125000000000000000e+01
3.805555555555555713e+01
3.513888888888889284e+01
3.250000000000000000e+01
3.013888888888889284e+01
2.805555555555555713e+01
2.625000000000000000e+01
2.472222222222222143e+01
2.347222222222222143e+01
2.250000000000000000e+01
2.180555555555555713e+01
2.138888888888888928e+01
2.125000000000000000e+01
2.138888888888888928e+01
2.180555555555555358e+01
2.250000000000000000e+01
2.347222222222222143e+01
2.472222222222222143e+01
2.625000000000000000e+01
2.805555555555555358e+01
3.013888888888888573e+01
3.250000000000000000e+01
3.513888888888887863e+01
3.805555555555555003e+01
4.125000000000000000e+01
4.472222222222221433e+01
4.847222222222221433e+01
5.250000000000000000e+01
5.180555555555555713e+01
4.777777777777778567e+01
4.402777777777777146e+01
4.055555555555555713e+01
3.736111111111111427e+01
3.444444444444444287e+01
3.180555555555555713e+01
2.944444444444444642e+01
2.736111111111111427e+01
2.555555555555555713e+01
2.402777777777777857e+01
2.277777777777777857e+01
2.180555555555555713e+01
2.111111111111111072e+01
2.069444444444444642e+01
2.055555555555555713e+01
2.069444444444444287e+01
2.111111111111111072e+01
2.180555555555555713e+01
2.277777777777777857e+01
2.402777777777777501e+01
2.555555555555555713e+01
2.736111111111111072e+01
2.944444444444444287e+01
3.180555555555555713e+01
3.444444444444443576e+01
3.736111111111110716e+01
4.055555555555555713e+01
4.402777777777777146e+01
4.777777777777777146e+01
5.180555555555555713e+01
5.138888888888888573e+01
4.736111111111111427e+01
4.361111111111110716e+01
4.013888888888888573e+01
3.694444444444444287e+01
3.402777777777777857e+01
3.138888888888888928e+01
2.902777777777777857e+01
2.694444444444444642e+01
2.513888888888888928e+01
2.361111111111111427e+01
2.236111111111111072e+01
2.138888888888888928e+01
2.069444444444444642e+01
2.027777777777777857e+01
2.013888888888888928e+01
2.027777777777777857e+01
2.069444444444444287e+01
2.138888888888888928e+01
2.236111111111111072e+01
2.361111111111110716e+01
2.513888888888888928e+01
2.694444444444444287e+01
2.902777777777777501e+01
3.138888888888888928e+01
3.402777777777777146e+01
3.694444444444444287e+01
4.013888888888888573e+01
4.361111111111110006e+01
4.736111111111110006e+01
5.138888888888888573e+01
5.125000000000000000e+01
4.722222222222222854e+01
4.347222222222221433e+01
4.000000000000000000e+01
3.680555555555555713e+01
3.388888888888889284e+01
3.125000000000000000e+01
2.888888888888889284e+01
2.680555555555555713e+01
2.500000000000000000e+01
2.347222222222222143e+01
2.222222222222222143e+01
2.125000000000000000e+01
2.055555555555555713e+01
2.013888888888888928e+01
2.000000000000000000e+01
2.013888888888888928e+01
2.055555555555555358e+01
2.125000000000000000e+01
2.222222222222222143e+01
2.347222222222222143e+01
2.500000000000000000e+01
2.680555555555555358e+01
2.888888888888888573e+01
3.125000000000000000e+01
3.388888888888887863e+01
3.680555555555555003e+01
4.000000000000000000e+01
4.347222222222221433e+01
4.722222222222221433e+01
5.125000000000000000e+01
5.138888888888888573e+01
4.736111111111111427e+01
4.361111111111110716e+01
4.013888888888888573e+01
3.694444444444444287e+01
3.402777777777777857e+01
3.138888888888888928e+01
2.902777777777777857e+01
2.694444444444444642e+01
2.513888888888888928e+01
2.361111111111111072e+01
2.236111111111111072e+01
2.138888888888888928e+01
2.069444444444444287e+01
2.027777777777777857e+01
2.013888888888888928e+01
2.027777777777777857e+01
2.069444444444444287e+01
2.138888888888888928e+01
2.236111111111111072e+01
2.361111111111110716e+01
2.513888888888888928e+01
2.694444444444444287e+01
2.902777777777777501e+01
3.138888888888888928e+01
3.402777777777777146e+01
3.694444444444444287e+01
4.013888888888888573e+01
4.361111111111110006e+01
4.736111111111110006e+01
5.138888888888888573e+01
5.180555555555555713e+01
4.777777777777778567e+01
4.402777777777777146e+01
4.055555555555555713e+01
3.736111111111111427e+01
3.444444444444444287e+01
3.180555555555555713e+01
2.944444444444444642e+01
2.736111111111111072e+01
2.555555555555555358e+01
2.402777777777777857e+01
2.277777777777777857e+01
2.180555555555555358e+01
2.111111111111111072e+01
2.069444444444444287e+01
2.055555555555555358e+01
2.069444444444444287e+01
2.111111111111111072e+01
2.180555555555555358e+01
2.277777777777777501e+01
2.402777777777777501e+01
2.555555555555555358e+01
2.736111111111110716e+01
2.944444444444444287e+01
3.180555555555555713e+01
3.444444444444443576e+01
3.736111111111110006e+01
4.055555555555555713e+01
4.402777777777776436e+01
4.777777777777777146e+01
5.180555555555555713e+01
5.250000000000000000e+01
4.847222222222222854e+01
4.472222222222221433e+01
4.125000000000000000e+01
3.805555555555555713e+01
3.513888888888889284e+01
3.250000000000000000e+01
3.013888888888889284e+01
2.805555555555555713e+01
2.625000000000000000e+01
2.472222222222222143e+01
2.347222222222222143e+01
2.250000000000000000e+01
2.180555555555555713e+01
2.138888888888888928e+01
2.125000000000000000e+01
2.138888888888888928e+01
2.180555555555555358e+01
2.250000000000000000e+01
2.347222222222222143e+01
2.472222222222222143e+01
2.625000000000000000e+01
2.805555555555555358e+01
3.013888888888888573e+01
3.250000000000000000e+01
3.513888888888887863e+01
3.805555555555555003e+01
4.125000000000000000e+01
4.472222222222221433e+01
4.847222222222221433e+01
5.250000000000000000e+01
5.347222222222222143e+01
4.944444444444444997e+01
4.569444444444444287e+01
4.222222222222222143e+01
3.902777777777777857e+01
3.611111111111111427e+01
3.347222222222222143e+01
3.111111111111111427e+01
2.902777777777777857e+01
2.722222222222222143e+01
2.569444444444444287e+01
2.444444444444444287e+01
2.347222222222222143e+01
2.277777777777777857e+01
2.236111111111111072e+01
2.222222222222222143e+01
2.236111111111111072e+01
2.277777777777777501e+01
2.347222222222222143e+01
2.444444444444444287e+01
2.569444444444444287e+01
2.722222222222222143e+01
2.902777777777777501e+01
3.111111111111110716e+01
3.347222222222222143e+01
3.611111111111110006e+01
3.902777777777777146e+01
4.222222222222222143e+01
4.569444444444442865e+01
4.944444444444443576e+01
5.347222222222222143e+01
5.472222222222222143e+01
5.069444444444444997e+01
4.694444444444443576e+01
4.347222222222222143e+01
4.027777777777777857e+01
3.736111111111111427e+01
3.472222222222222143e+01
3.236111111111111427e+01
3.027777777777777857e+01
2.847222222222222143e+01
2.694444444444444287e+01
2.569444444444444287e+01
2.472222222222222143e+01
2.402777777777777501e+01
2.361111111111110716e+01
2.347222222222222143e+01
2.361111111111110716e+01
2.402777777777777501e+01
2.472222222222222143e+01
2.569444444444444287e+01
2.694444444444443931e+01
2.847222222222222143e+01
3.027777777777777146e+01
3.236111111111110716e+01
3.472222222222222143e+01
3.736111111111110006e+01
4.027777777777777146e+01
4.347222222222222143e+01
4.694444444444442865e+01
5.069444444444443576e+01
5.472222222222222143e+01
5.625000000000000000e+01
5.222222222222222854e+01
4.847222222222221433e+01
4.500000000000000000e+01
4.180555555555555713e+01
3.888888888888889284e+01
3.625000000000000000e+01
3.388888888888889284e+01
3.180555555555555713e+01
3.000000000000000000e+01
2.847222222222222143e+01
2.722222222222222143e+01
2.625000000000000000e+01
2.555555555555555713e+01
2.513888888888888928e+01
2.500000000000000000e+01
2.513888888888888928e+01
2.555555555555555358e+01
2.625000000000000000e+01
2.722222222222222143e+01
2.847222222222222143e+01
3.000000000000000000e+01
3.180555555555555358e+01
3.388888888888888573e+01
3.625000000000000000e+01
3.888888888888887863e+01
4.180555555555555003e+01
4.500000000000000000e+01
4.847222222222221433e+01
5.222222222222221433e+01
5.625000000000000000e+01
5.805555555555555713e+01
5.402777777777778567e+01
5.027777777777777146e+01
4.680555555555555713e+01
4.361111111111111427e+01
4.069444444444444287e+01
3.805555555555555713e+01
3.569444444444444287e+01
3.361111111111111427e+01
3.180555555555555358e+01
3.027777777777777857e+01
2.902777777777777857e+01
2.805555555555555358e+01
2.736111111111111072e+01
2.694444444444444287e+01
2.680555555555555358e+01
2.694444444444444287e+01
2.736111111111110716e+01
2.805555555555555358e+01
2.902777777777777501e+01
3.027777777777777146e+01
3.180555555555555358e+01
3.361111111111110716e+01
3.569444444444444287e+01
3.805555555555555713e+01
4.069444444444442865e+01
4.361111111111110006e+01
4.680555555555555713e+01
5.027777777777776436e+01
5.402777777777777146e+01
5.805555555555555713e+01
6.013888888888888573e+01
5.611111111111111427e+01
5.236111111111110006e+01
4.888888888888888573e+01
4.569444444444444287e+01
4.277777777777777857e+01
4.013888888888888573e+01
3.777777777777777857e+01
3.569444444444444287e+01
3.388888888888888573e+01
3.236111111111110716e+01
3.111111111111110716e+01
3.013888888888888573e+01
2.944444444444444287e+01
2.902777777777777501e+01
2.888888888888888573e+01
2.902777777777777501e+01
2.944444444444444287e+01
3.013888888888888573e+01
3.111111111111110716e+01
3.236111111111110716e+01
3.388888888888888573e+01
3.569444444444444287e+01
3.777777777777777146e+01
4.013888888888888573e+01
4.277777777777776436e+01
4.569444444444443576e+01
4.888888888888888573e+01
5.236111111111110006e+01
5.611111111111110006e+01
6.013888888888888573e+01
6.250000000000000000e+01
5.847222222222222854e+01
5.472222222222221433e+01
5.125000000000000000e+01
4.805555555555555713e+01
4.513888888888889284e+01
4.250000000000000000e+01
4.013888888888889284e+01
3.805555555555555713e+01
3.625000000000000000e+01
3.472222222222222143e+01
3.347222222222222143e+01
3.250000000000000000e+01
3.180555555555555713e+01
3.138888888888888928e+01
3.125000000000000000e+01
3.138888888888888928e+01
3.180555555555555713e+01
3.250000000000000000e+01
3.347222222222222143e+01
3.472222222222222143e+01
3.625000000000000000e+01
3.805555555555555713e+01
4.013888888888888573e+01
4.250000000000000000e+01
4.513888888888887863e+01
4.805555555555555003e+01
5.125000000000000000e+01
5.472222222222221433e+01
5.847222222222221433e+01
6.250000000000000000e+01
6.513888888888888573e+01
6.111111111111110716e+01
5.736111111111110006e+01
5.388888888888887863e+01
5.069444444444443576e+01
4.777777777777777146e+01
4.513888888888887863e+01
4.277777777777777146e+01
4.069444444444443576e+01
3.888888888888887863e+01
3.736111111111110006e+01
3.611111111111110006e+01
3.513888888888887863e+01
3.444444444444443576e+01
3.402777777777777146e+01
3.388888888888887863e+01
3.402777777777777146e+01
3.444444444444443576e+01
3.513888888888887863e+01
3.611111111111110006e+01
3.736111111111110006e+01
3.888888888888887863e+01
4.069444444444442865e+01
4.277777777777776436e+01
4.513888888888887863e+01
4.777777777777775725e+01
5.069444444444442865e+01
5.388888888888887863e+01
5.736111111111108585e+01
6.111111111111109295e+01
6.513888888888888573e+01
6.805555555555554292e+01
6.402777777777777146e+01
6.027777777777777146e+01
5.680555555555555003e+01
5.361111111111110716e+01
5.069444444444444287e+01
4.805555555555555003e+01
4.569444444444444287e+01
4.361111111111110716e+01
4.180555555555555003e+01
4.027777777777777146e+01
3.902777777777777146e+01
3.805555555555555003e+01
3.736111111111110716e+01
3.694444444444444287e+01
3.680555555555555003e+01
3.694444444444444287e+01
3.736111111111110006e+01
3.805555555555555003e+01
3.902777777777777146e+01
4.027777777777777146e+01
4.180555555555555003e+01
4.361111111111110006e+01
4.569444444444443576e+01
4.805555555555555003e+01
5.069444444444442865e+01
5.361111111111110006e+01
5.680555555555555003e+01
6.027777777777775725e+01
6.402777777777777146e+01
6.805555555555554292e+01
7.125000000000000000e+01
6.722222222222222854e+01
6.347222222222221433e+01
6.000000000000000000e+01
5.680555555555555713e+01
5.388888888888889284e+01
5.125000000000000000e+01
4.888888888888889284e+01
4.680555555555555713e+01
4.500000000000000000e+01
4.347222222222222143e+01
4.222222222222222143e+01
4.125000000000000000e+01
4.055555555555555713e+01
4.013888888888888573e+01
4.000000000000000000e+01
4.013888888888888573e+01
4.055555555555555713e+01
4.125000000000000000e+01
4.222222222222222143e+01
4.347222222222222143e+01
4.500000000000000000e+01
4.680555555555555713e+01
4.888888888888888573e+01
5.125000000000000000e+01
5.388888888888887863e+01
5.680555555555555003e+01
6.000000000000000000e+01
6.347222222222221433e+01
6.722222222222221433e+01
7.125000000000000000e+01
7.472222222222221433e+01
7.069444444444444287e+01
6.694444444444442865e+01
6.347222222222221433e+01
6.027777777777777146e+01
5.736111111111110006e+01
5.472222222222221433e+01
5.236111111111110006e+01
5.027777777777777146e+01
4.847222222222221433e+01
4.694444444444443576e+01
4.569444444444442865e+01
4.472222222222221433e+01
4.402777777777777146e+01
4.361111111111110006e+01
4.347222222222221433e+01
4.361111111111110006e+01
4.402777777777776436e+01
4.472222222222221433e+01
4.569444444444442865e+01
4.694444444444442865e+01
4.847222222222221433e+01
5.027777777777776436e+01
5.236111111111110006e+01
5.472222222222221433e+01
5.736111111111108585e+01
6.027777777777775725e+01
6.347222222222221433e+01
6.694444444444442865e+01
7.069444444444442865e+01
7.472222222222221433e+01
7.847222222222221433e+01
7.444444444444444287e+01
7.069444444444442865e+01
6.722222222222221433e+01
6.402777777777777146e+01
6.111111111111110716e+01
5.847222222222221433e+01
5.611111111111110716e+01
5.402777777777777146e+01
5.222222222222221433e+01
5.069444444444443576e+01
4.944444444444443576e+01
4.847222222222221433e+01
4.777777777777777146e+01
4.736111111111110006e+01
4.722222222222221433e+01
4.736111111111110006e+01
4.777777777777777146e+01
4.847222222222221433e+01
4.944444444444443576e+01
5.069444444444443576e+01
5.222222222222221433e+01
5.402777777777777146e+01
5.611111111111110006e+01
5.847222222222221433e+01
6.111111111111109295e+01
6.402777777777777146e+01
6.722222222222221433e+01
7.069444444444442865e+01
7.444444444444442865e+01
7.847222222222221433e+01
8.250000000000000000e+01
7.847222222222222854e+01
7.472222222222221433e+01
7.125000000000000000e+01
6.805555555555555713e+01
6.513888888888888573e+01
6.250000000000000000e+01
6.013888888888889284e+01
5.805555555555555713e+01
5.625000000000000000e+01
5.472222222222222143e+01
5.347222222222222143e+01
5.250000000000000000e+01
5.180555555555555713e+01
5.138888888888888573e+01
5.125000000000000000e+01
5.138888888888888573e+01
5.180555555555555713e+01
5.250000000000000000e+01
5.347222222222222143e+01
5.472222222222222143e+01
5.625000000000000000e+01
5.805555555555555713e+01
6.013888888888888573e+01
6.250000000000000000e+01
6.513888888888888573e+01
6.805555555555554292e+01
7.125000000000000000e+01
7.472222222222221433e+01
7.847222222222221433e+01
8.250000000000000000e+01
8.597222222222221433e+01
8.194444444444444287e+01
7.819444444444442865e+01
7.472222222222221433e+01
7.152777777777777146e+01
6.861111111111110006e+01
6.597222222222221433e+01
6.361111111111110006e+01
6.152777777777777146e+01
5.972222222222221433e+01
5.819444444444442865e+01
5.694444444444442865e+01
5.597222222222221433e+01
5.527777777777777146e+01
5.486111111111110006e+01
5.472222222222221433e+01
5.486111111111110006e+01
5.527777777777776436e+01
5.597222222222221433e+01
5.694444444444442865e+01
5.819444444444442865e+01
5.972222222222221433e+01
6.152777777777777146e+01
6.361111111111110006e+01
6.597222222222221433e+01
6.861111111111108585e+01
7.152777777777775725e+01
7.472222222222221433e+01
7.819444444444442865e+01
8.194444444444442865e+01
8.597222222222221433e+01
8.194444444444444287e+01
7.791666666666667140e+01
7.416666666666665719e+01
7.069444444444444287e+01
6.750000000000000000e+01
6.458333333333332860e+01
6.194444444444444287e+01
5.958333333333332860e+01
5.750000000000000000e+01
5.569444444444444287e+01
5.416666666666665719e+01
5.291666666666665719e+01
5.194444444444444287e+01
5.125000000000000000e+01
5.083333333333332860e+01
5.069444444444444287e+01
5.083333333333332860e+01
5.124999999999999289e+01
5.194444444444444287e+01
5.291666666666665719e+01
5.416666666666665719e+01
5.569444444444444287e+01
5.750000000000000000e+01
5.958333333333332860e+01
6.194444444444444287e+01
6.458333333333331439e+01
6.749999999999998579e+01
7.069444444444444287e+01
7.416666666666665719e+01
7.791666666666665719e+01
8.194444444444444287e+01
7.819444444444442865e+01
7.416666666666665719e+01
7.041666666666664298e+01
6.694444444444442865e+01
6.374999999999998579e+01
6.083333333333331439e+01
5.819444444444442865e+01
5.583333333333331439e+01
5.374999999999998579e+01
5.194444444444442865e+01
5.041666666666665719e+01
4.916666666666665009e+01
4.819444444444442865e+01
4.749999999999998579e+01
4.708333333333331439e+01
4.694444444444442865e+01
4.708333333333331439e+01
4.749999999999998579e+01
4.819444444444442865e+01
4.916666666666665009e+01
5.041666666666664298e+01
5.194444444444442865e+01
5.374999999999998579e+01
5.583333333333331439e+01
5.819444444444442865e+01
6.083333333333331439e+01
6.374999999999998579e+01
6.694444444444442865e+01
7.041666666666664298e+01
7.416666666666664298e+01
7.819444444444442865e+01
7.472222222222221433e+01
7.069444444444444287e+01
6.694444444444442865e+01
6.347222222222221433e+01
6.027777777777777146e+01
5.736111111111110006e+01
5.472222222222221433e+01
5.236111111111110006e+01
5.027777777777777146e+01
4.847222222222221433e+01
4.694444444444442865e+01
4.569444444444442865e+01
4.472222222222221433e+01
4.402777777777777146e+01
4.361111111111110006e+01
4.347222222222221433e+01
4.361111111111110006e+01
4.402777777777776436e+01
4.472222222222221433e+01
4.569444444444442865e+01
4.694444444444442865e+01
4.847222222222221433e+01
5.027777777777776436e+01
5.236111111111110006e+01
5.472222222222221433e+01
5.736111111111108585e+01
6.027777777777775725e+01
6.347222222222221433e+01
6.694444444444442865e+01
7.069444444444442865e+01
7.472222222222221433e+01
7.152777777777777146e+01
6.750000000000000000e+01
6.374999999999998579e+01
6.027777777777777146e+01
5.708333333333332860e+01
5.416666666666665719e+01
5.152777777777777146e+01
4.916666666666665719e+01
4.708333333333332860e+01
4.527777777777777146e+01
4.374999999999998579e+01
4.249999999999998579e+01
4.152777777777777146e+01
4.083333333333332860e+01
4.041666666666665719e+01
4.027777777777777146e+01
4.041666666666665719e+01
4.083333333333332149e+01
4.152777777777777146e+01
4.249999999999998579e+01
4.374999999999998579e+01
4.527777777777777146e+01
4.708333333333332149e+01
4.916666666666665719e+01
5.152777777777777146e+01
5.416666666666664298e+01
5.708333333333331439e+01
6.027777777777777146e+01
6.374999999999998579e+01
6.749999999999998579e+01
7.152777777777777146e+01
6.861111111111110006e+01
6.458333333333332860e+01
6.083333333333331439e+01
5.736111111111110006e+01
5.416666666666665719e+01
5.124999999999999289e+01
4.861111111111110006e+01
4.624999999999999289e+01
4.416666666666665719e+01
4.236111111111110006e+01
4.083333333333332860e+01
3.958333333333332860e+01
3.861111111111110006e+01
3.791666666666665719e+01
3.749999999999999289e+01
3.736111111111110006e+01
3.749999999999999289e+01
3.791666666666665719e+01
3.861111111111110006e+01
3.958333333333332860e+01
4.083333333333332149e+01
4.236111111111110006e+01
4.416666666666665719e+01
4.624999999999998579e+01
4.861111111111110006e+01
5.124999999999998579e+01
5.416666666666665719e+01
5.736111111111110006e+01
6.083333333333331439e+01
6.458333333333331439e+01
6.861111111111110006e+01
6.597222222222221433e+01
6.194444444444444287e+01
5.819444444444442865e+01
5.472222222222221433e+01
5.152777777777777146e+01
4.861111111111110006e+01
4.597222222222221433e+01
4.361111111111110006e+01
4.152777777777777146e+01
3.972222222222221433e+01
3.819444444444443576e+01
3.694444444444443576e+01
3.597222222222221433e+01
3.527777777777776436e+01
3.486111111111110006e+01
3.472222222222221433e+01
3.486111111111110006e+01
3.527777777777776436e+01
3.597222222222221433e+01
3.694444444444442865e+01
3.819444444444442865e+01
3.972222222222221433e+01
4.152777777777776436e+01
4.361111111111110006e+01
4.597222222222221433e+01
4.861111111111108585e+01
5.152777777777775725e+01
5.472222222222221433e+01
5.819444444444442865e+01
6.194444444444442865e+01
6.597222222222221433e+01
6.361111111111110006e+01
5.958333333333332860e+01
5.583333333333331439e+01
5.236111111111110006e+01
4.916666666666665719e+01
4.624999999999999289e+01
4.361111111111110006e+01
4.124999999999999289e+01
3.916666666666665719e+01
3.736111111111110006e+01
3.583333333333332860e+01
3.458333333333332860e+01
3.361111111111110006e+01
3.291666666666665719e+01
3.249999999999999289e+01
3.236111111111110006e+01
3.249999999999999289e+01
3.291666666666665719e+01
3.361111111111110006e+01
3.458333333333332149e+01
3.583333333333332149e+01
3.736111111111110006e+01
3.916666666666665719e+01
4.124999999999998579e+01
4.361111111111110006e+01
4.624999999999998579e+01
4.916666666666665719e+01
5.236111111111110006e+01
5.583333333333331439e+01
5.958333333333331439e+01
6.361111111111110006e+01
6.152777777777777146e+01
5.750000000000000000e+01
5.374999999999998579e+01
5.027777777777777146e+01
4.708333333333332860e+01
4.416666666666665719e+01
4.152777777777777146e+01
3.916666666666665719e+01
3.708333333333332860e+01
3.527777777777777146e+01
3.374999999999999289e+01
3.249999999999999289e+01
3.152777777777776791e+01
3.083333333333332504e+01
3.041666666666665719e+01
3.027777777777776791e+01
3.041666666666665719e+01
3.083333333333332149e+01
3.152777777777776791e+01
3.249999999999998579e+01
3.374999999999998579e+01
3.527777777777777146e+01
3.708333333333332149e+01
3.916666666666665719e+01
4.152777777777777146e+01
4.416666666666664298e+01
4.708333333333331439e+01
5.027777777777777146e+01
5.374999999999997868e+01
5.749999999999998579e+01
6.152777777777777146e+01
5.972222222222221433e+01
5.569444444444444287e+01
5.194444444444442865e+01
4.847222222222221433e+01
4.527777777777777146e+01
4.236111111111110006e+01
3.972222222222221433e+01
3.736111111111110006e+01
3.527777777777777146e+01
3.347222222222221433e+01
3.194444444444443576e+01
3.069444444444443576e+01
2.972222222222221077e+01
2.902777777777776791e+01
2.861111111111110006e+01
2.847222222222221077e+01
2.861111111111110006e+01
2.902777777777776436e+01
2.972222222222221077e+01
3.069444444444443221e+01
3.194444444444442865e+01
3.347222222222221433e+01
3.527777777777776436e+01
3.736111111111110006e+01
3.972222222222221433e+01
4.236111111111108585e+01
4.527777777777775725e+01
4.847222222222221433e+01
5.194444444444442155e+01
5.569444444444442865e+01
5.972222222222221433e+01
5.819444444444442865e+01
5.416666666666665719e+01
5.041666666666665719e+01
4.694444444444442865e+01
4.374999999999998579e+01
4.083333333333332860e+01
3.819444444444443576e+01
3.583333333333332860e+01
3.374999999999999289e+01
3.194444444444443576e+01
3.041666666666665719e+01
2.916666666666665719e+01
2.819444444444443576e+01
2.749999999999998934e+01
2.708333333333332149e+01
2.694444444444443576e+01
2.708333333333332149e+01
2.749999999999998934e+01
2.819444444444443576e+01
2.916666666666665719e+01
3.041666666666665364e+01
3.194444444444443576e+01
3.374999999999998579e+01
3.583333333333332149e+01
3.819444444444443576e+01
4.083333333333331439e+01
4.374999999999998579e+01
4.694444444444442865e+01
5.041666666666664298e+01
5.416666666666664298e+01
5.819444444444442865e+01
5.694444444444442865e+01
5.291666666666665719e+01
4.916666666666665009e+01
4.569444444444442865e+01
4.249999999999998579e+01
3.958333333333332860e+01
3.694444444444443576e+01
3.458333333333332860e+01
3.249999999999999289e+01
3.069444444444443576e+01
2.916666666666665719e+01
2.791666666666665719e+01
2.694444444444443221e+01
2.624999999999998934e+01
2.583333333333332149e+01
2.569444444444443221e+01
2.583333333333332149e+01
2.624999999999998934e+01
2.694444444444443221e+01
2.791666666666665719e+01
2.916666666666665364e+01
3.069444444444443576e+01
3.249999999999998579e+01
3.458333333333332149e+01
3.694444444444443576e+01
3.958333333333331439e+01
4.249999999999998579e+01
4.569444444444442865e+01
4.916666666666664298e+01
5.291666666666664298e+01
5.694444444444442865e+01
5.597222222222221433e+01
5.194444444444444287e+01
4.819444444444442865e+01
4.472222222222221433e+01
4.152777777777777146e+01
3.861111111111110006e+01
3.597222222222221433e+01
3.361111111111110006e+01
3.152777777777776791e+01
2.972222222222221077e+01
2.819444444444443576e+01
2.694444444444443221e+01
2.597222222222221077e+01
2.527777777777776791e+01
2.486111111111110006e+01
2.472222222222221077e+01
2.486111111111110006e+01
2.527777777777776436e+01
2.597222222222221077e+01
2.694444444444443221e+01
2.819444444444442865e+01
2.972222222222221077e+01
3.152777777777776436e+01
3.361111111111110006e+01
3.597222222222221433e+01
3.861111111111108585e+01
4.152777777777775725e+01
4.472222222222221433e+01
4.819444444444442155e+01
5.194444444444442865e+01
5.597222222222221433e+01
5.527777777777777146e+01
5.125000000000000000e+01
4.749999999999998579e+01
4.402777777777777146e+01
4.083333333333332860e+01
3.791666666666665719e+01
3.527777777777776436e+01
3.291666666666665719e+01
3.083333333333332504e+01
2.902777777777776791e+01
2.749999999999998934e+01
2.624999999999998934e+01
2.527777777777776791e+01
2.458333333333332149e+01
2.416666666666665719e+01
2.402777777777776791e+01
2.416666666666665719e+01
2.458333333333332149e+01
2.527777777777776791e+01
2.624999999999998934e+01
2.749999999999998579e+01
2.902777777777776791e+01
3.083333333333332149e+01
3.291666666666665009e+01
3.527777777777776436e+01
3.791666666666664298e+01
4.083333333333331439e+01
4.402777777777777146e+01
4.749999999999997868e+01
5.124999999999998579e+01
5.527777777777777146e+01
5.486111111111110006e+01
5.083333333333332860e+01
4.708333333333331439e+01
4.361111111111110006e+01
4.041666666666665719e+01
3.749999999999999289e+01
3.486111111111110006e+01
3.249999999999999289e+01
3.041666666666665719e+01
2.861111111111110006e+01
2.708333333333332149e+01
2.583333333333332149e+01
2.486111111111110006e+01
2.416666666666665719e+01
2.374999999999998934e+01
2.361111111111110006e+01
2.374999999999998934e+01
2.416666666666665364e+01
2.486111111111110006e+01
2.583333333333332149e+01
2.708333333333332149e+01
2.861111111111110006e+01
3.041666666666665364e+01
3.249999999999998579e+01
3.486111111111110006e+01
3.749999999999997868e+01
4.041666666666665009e+01
4.361111111111110006e+01
4.708333333333331439e+01
5.083333333333331439e+01
5.486111111111110006e+01
5.472222222222221433e+01
5.069444444444444287e+01
4.694444444444442865e+01
4.347222222222221433e+01
4.027777777777777146e+01
3.736111111111110006e+01
3.472222222222221433e+01
3.236111111111110006e+01
3.027777777777776791e+01
2.847222222222221077e+01
2.694444444444443576e+01
2.569444444444443221e+01
2.472222222222221077e+01
2.402777777777776791e+01
2.361111111111110006e+01
2.347222222222221077e+01
2.361111111111110006e+01
2.402777777777776436e+01
2.472222222222221077e+01
2.569444444444443221e+01
2.694444444444442865e+01
2.847222222222221077e+01
3.027777777777776436e+01
3.236111111111110006e+01
3.472222222222221433e+01
3.736111111111108585e+01
4.027777777777775725e+01
4.347222222222221433e+01
4.694444444444442155e+01
5.069444444444442865e+01
5.472222222222221433e+01
5.486111111111110006e+01
5.083333333333332860e+01
4.708333333333331439e+01
4.361111111111110006e+01
4.041666666666665719e+01
3.749999999999999289e+01
3.486111111111110006e+01
3.249999999999999289e+01
3.041666666666665719e+01
2.861111111111110006e+01
2.708333333333332149e+01
2.583333333333332149e+01
2.486111111111110006e+01
2.416666666666665719e+01
2.374999999999998934e+01
2.361111111111110006e+01
2.374999999999998934e+01
2.416666666666665364e+01
2.486111111111110006e+01
2.583333333333332149e+01
2.708333333333331794e+01
2.861111111111110006e+01
3.041666666666665364e+01
3.249999999999998579e+01
3.486111111111110006e+01
3.749999999999997868e+01
4.041666666666665009e+01
4.361111111111110006e+01
4.708333333333331439e+01
5.083333333333331439e+01
5.486111111111110006e+01
5.527777777777776436e+01
5.124999999999999289e+01
4.749999999999998579e+01
4.402777777777776436e+01
4.083333333333332149e+01
3.791666666666665719e+01
3.527777777777776436e+01
3.291666666666665719e+01
3.083333333333332149e+01
2.902777777777776436e+01
2.749999999999998934e+01
2.624999999999998934e+01
2.527777777777776436e+01
2.458333333333332149e+01
2.416666666666665364e+01
2.402777777777776436e+01
2.416666666666665364e+01
2.458333333333332149e+01
2.527777777777776436e+01
2.624999999999998579e+01
2.749999999999998579e+01
2.902777777777776436e+01
3.083333333333331794e+01
3.291666666666665009e+01
3.527777777777776436e+01
3.791666666666664298e+01
4.083333333333331439e+01
4.402777777777776436e+01
4.749999999999997158e+01
5.124999999999997868e+01
5.527777777777776436e+01
5.597222222222221433e+01
5.194444444444444287e+01
4.819444444444442865e+01
4.472222222222221433e+01
4.152777777777777146e+01
3.861111111111110006e+01
3.597222222222221433e+01
3.361111111111110006e+01
3.152777777777776791e+01
2.972222222222221077e+01
2.819444444444443576e+01
2.694444444444443221e+01
2.597222222222221077e+01
2.527777777777776791e+01
2.486111111111110006e+01
2.472222222222221077e+01
2.486111111111110006e+01
2.527777777777776436e+01
2.597222222222221077e+01
2.694444444444443221e+01
2.819444444444442865e+01
2.972222222222221077e+01
3.152777777777776436e+01
3.361111111111110006e+01
3.597222222222221433e+01
3.861111111111108585e+01
4.152777777777775725e+01
4.472222222222221433e+01
4.819444444444442155e+01
5.194444444444442865e+01
5.597222222222221433e+01
5.694444444444442865e+01
5.291666666666665719e+01
4.916666666666665009e+01
4.569444444444442865e+01
4.249999999999998579e+01
3.958333333333332860e+01
3.694444444444442865e+01
3.458333333333332149e+01
3.249999999999998579e+01
3.069444444444443221e+01
2.916666666666665719e+01
2.791666666666665719e+01
2.694444444444443221e+01
2.624999999999998934e+01
2.583333333333332149e+01
2.569444444444443221e+01
2.583333333333332149e+01
2.624999999999998579e+01
2.694444444444443221e+01
2.791666666666665364e+01
2.916666666666665009e+01
3.069444444444443221e+01
3.249999999999998579e+01
3.458333333333331439e+01
3.694444444444442865e+01
3.958333333333331439e+01
4.249999999999998579e+01
4.569444444444442865e+01
4.916666666666664298e+01
5.291666666666664298e+01
5.694444444444442865e+01
5.819444444444442865e+01
5.416666666666665719e+01
5.041666666666664298e+01
4.694444444444442865e+01
4.374999999999998579e+01
4.083333333333332149e+01
3.819444444444442865e+01
3.583333333333332149e+01
3.374999999999998579e+01
3.194444444444442865e+01
3.041666666666665364e+01
2.916666666666665364e+01
2.819444444444442865e+01
2.749999999999998579e+01
2.708333333333332149e+01
2.694444444444442865e+01
2.708333333333331794e+01
2.749999999999998579e+01
2.819444444444442865e+01
2.916666666666665009e+01
3.041666666666665009e+01
3.194444444444442865e+01
3.374999999999998579e+01
3.583333333333331439e+01
3.819444444444442865e+01
4.083333333333331439e+01
4.374999999999998579e+01
4.694444444444442865e+01
5.041666666666664298e+01
5.416666666666664298e+01
5.819444444444442865e+01
5.972222222222221433e+01
5.569444444444444287e+01
5.194444444444442865e+01
4.847222222222221433e+01
4.527777777777777146e+01
4.236111111111110006e+01
3.972222222222221433e+01
3.736111111111110006e+01
3.527777777777777146e+01
3.347222222222221433e+01
3.194444444444443576e+01
3.069444444444443576e+01
2.972222222222221077e+01
2.902777777777776791e+01
2.861111111111110006e+01
2.847222222222221077e+01
2.861111111111110006e+01
2.902777777777776436e+01
2.972222222222221077e+01
3.069444444444443221e+01
3.194444444444442865e+01
3.347222222222221433e+01
3.527777777777776436e+01
3.736111111111110006e+01
3.972222222222221433e+01
4.236111111111108585e+01
4.527777777777775725e+01
4.847222222222221433e+01
5.194444444444442155e+01
5.569444444444442865e+01
5.972222222222221433e+01
6.152777777777777146e+01
5.750000000000000000e+01
5.374999999999998579e+01
5.027777777777776436e+01
4.708333333333332149e+01
4.416666666666665719e+01
4.152777777777776436e+01
3.916666666666665719e+01
3.708333333333332149e+01
3.527777777777776436e+01
3.374999999999998579e+01
3.249999999999998579e+01
3.152777777777776436e+01
3.083333333333332149e+01
3.041666666666665364e+01
3.027777777777776436e+01
3.041666666666665364e+01
3.083333333333331794e+01
3.152777777777776436e+01
3.249999999999998579e+01
3.374999999999998579e+01
3.527777777777776436e+01
3.708333333333331439e+01
3.916666666666665009e+01
4.152777777777776436e+01
4.416666666666664298e+01
4.708333333333331439e+01
5.027777777777776436e+01
5.374999999999997158e+01
5.749999999999998579e+01
6.152777777777777146e+01
6.361111111111110006e+01
5.958333333333332860e+01
5.583333333333331439e+01
5.236111111111110006e+01
4.916666666666665719e+01
4.624999999999998579e+01
4.361111111111110006e+01
4.124999999999998579e+01
3.916666666666665719e+01
3.736111111111110006e+01
3.583333333333332149e+01
3.458333333333332149e+01
3.361111111111110006e+01
3.291666666666665009e+01
3.249999999999998579e+01
3.236111111111110006e+01
3.249999999999998579e+01
3.291666666666665009e+01
3.361111111111110006e+01
3.458333333333331439e+01
3.583333333333331439e+01
3.736111111111110006e+01
3.916666666666665009e+01
4.124999999999998579e+01
4.361111111111110006e+01
4.624999999999997158e+01
4.916666666666664298e+01
5.236111111111110006e+01
5.583333333333331439e+01
5.958333333333331439e+01
6.361111111111110006e+01
6.597222222222221433e+01
6.194444444444444287e+01
5.819444444444442865e+01
5.472222222222221433e+01
5.152777777777777146e+01
4.861111111111110006e+01
4.597222222222221433e+01
4.361111111111110006e+01
4.152777777777777146e+01
3.972222222222221433e+01
3.819444444444443576e+01
3.694444444444443576e+01
3.597222222222221433e+01
3.527777777777776436e+01
3.486111111111110006e+01
3.472222222222221433e+01
3.486111111111110006e+01
3.527777777777776436e+01
3.597222222222221433e+01
3.694444444444442865e+01
3.819444444444442865e+01
3.972222222222221433e+01
4.152777777777776436e+01
4.361111111111110006e+01
4.597222222222221433e+01
4.861111111111108585e+01
5.152777777777775725e+01
5.472222222222221433e+01
5.819444444444442865e+01
6.194444444444442865e+01
6.597222222222221433e+01
6.861111111111108585e+01
6.458333333333331439e+01
6.083333333333331439e+01
5.736111111111108585e+01
5.416666666666664298e+01
5.124999999999998579e+01
4.861111111111108585e+01
4.624999999999998579e+01
4.416666666666664298e+01
4.236111111111108585e+01
4.083333333333331439e+01
3.958333333333331439e+01
3.861111111111108585e+01
3.791666666666664298e+01
3.749999999999997868e+01
3.736111111111108585e+01
3.749999999999997868e+01
3.791666666666664298e+01
3.861111111111108585e+01
3.958333333333331439e+01
4.083333333333331439e+01
4.236111111111108585e+01
4.416666666666664298e+01
4.624999999999997158e+01
4.861111111111108585e+01
5.124999999999997158e+01
5.416666666666664298e+01
5.736111111111108585e+01
6.083333333333330017e+01
6.458333333333330017e+01
6.861111111111108585e+01
7.152777777777775725e+01
6.749999999999998579e+01
6.374999999999998579e+01
6.027777777777775725e+01
5.708333333333331439e+01
5.416666666666665719e+01
5.152777777777775725e+01
4.916666666666665719e+01
4.708333333333331439e+01
4.527777777777775725e+01
4.374999999999998579e+01
4.249999999999998579e+01
4.152777777777775725e+01
4.083333333333331439e+01
4.041666666666665009e+01
4.027777777777775725e+01
4.041666666666665009e+01
4.083333333333331439e+01
4.152777777777775725e+01
4.249999999999998579e+01
4.374999999999998579e+01
4.527777777777775725e+01
4.708333333333331439e+01
4.916666666666664298e+01
5.152777777777775725e+01
5.416666666666664298e+01
5.708333333333331439e+01
6.027777777777775725e+01
6.374999999999997158e+01
6.749999999999997158e+01
7.152777777777775725e+01
7.472222222222221433e+01
7.069444444444444287e+01
6.694444444444442865e+01
6.347222222222221433e+01
6.027777777777777146e+01
5.736111111111110006e+01
5.472222222222221433e+01
5.236111111111110006e+01
5.027777777777777146e+01
4.847222222222221433e+01
4.694444444444442865e+01
4.569444444444442865e+01
4.472222222222221433e+01
4.402777777777777146e+01
4.361111111111110006e+01
4.347222222222221433e+01
4.361111111111110006e+01
4.402777777777776436e+01
4.472222222222221433e+01
4.569444444444442865e+01
4.694444444444442865e+01
4.847222222222221433e+01
5.027777777777776436e+01
5.236111111111110006e+01
5.472222222222221433e+01
5.736111111111108585e+01
6.027777777777775725e+01
6.347222222222221433e+01
6.694444444444442865e+01
7.069444444444442865e+01
7.472222222222221433e+01
7.819444444444442865e+01
7.416666666666665719e+01
7.041666666666664298e+01
6.694444444444442865e+01
6.374999999999998579e+01
6.083333333333331439e+01
5.819444444444442865e+01
5.583333333333331439e+01
5.374999999999997868e+01
5.194444444444442155e+01
5.041666666666664298e+01
4.916666666666664298e+01
4.819444444444442155e+01
4.749999999999997868e+01
4.708333333333331439e+01
4.694444444444442155e+01
4.708333333333331439e+01
4.749999999999997158e+01
4.819444444444442155e+01
4.916666666666664298e+01
5.041666666666664298e+01
5.194444444444442155e+01
5.374999999999997158e+01
5.583333333333331439e+01
5.819444444444442865e+01
6.083333333333330017e+01
6.374999999999997158e+01
6.694444444444442865e+01
7.041666666666662877e+01
7.416666666666664298e+01
7.819444444444442865e+01
8.194444444444442865e+01
7.791666666666665719e+01
7.416666666666664298e+01
7.069444444444442865e+01
6.749999999999998579e+01
6.458333333333331439e+01
6.194444444444442865e+01
5.958333333333331439e+01
5.749999999999998579e+01
5.569444444444442865e+01
5.416666666666664298e+01
5.291666666666664298e+01
5.194444444444442865e+01
5.124999999999998579e+01
5.083333333333331439e+01
5.069444444444442865e+01
5.083333333333331439e+01
5.124999999999997868e+01
5.194444444444442865e+01
5.291666666666664298e+01
5.416666666666664298e+01
5.569444444444442865e+01
5.749999999999998579e+01
5.958333333333331439e+01
6.194444444444442865e+01
6.458333333333330017e+01
6.749999999999997158e+01
7.069444444444442865e+01
7.416666666666664298e+01
7.791666666666664298e+01
8.194444444444442865e+01
8.597222222222221433e+01
8.194444444444444287e+01
7.819444444444442865e+01
7.472222222222221433e+01
7.152777777777777146e+01
6.861111111111110006e+01
6.597222222222221433e+01
6.361111111111110006e+01
6.152777777777777146e+01
5.972222222222221433e+01
5.819444444444442865e+01
5.694444444444442865e+01
5.597222222222221433e+01
5.527777777777777146e+01
5.486111111111110006e+01
5.472222222222221433e+01
5.486111111111110006e+01
5.527777777777776436e+01
5.597222222222221433e+01
5.694444444444442865e+01
5.819444444444442865e+01
5.972222222222221433e+01
6.152777777777777146e+01
6.361111111111110006e+01
6.597222222222221433e+01
6.861111111111108585e+01
7.152777777777775725e+01
7.472222222222221433e+01
7.819444444444442865e+01
8.194444444444442865e+01
8.597222222222221433e+01
8.972222222222221433e+01
8.569444444444444287e+01
8.194444444444442865e+01
7.847222222222221433e+01
7.527777777777777146e+01
7.236111111111111427e+01
6.972222222222221433e+01
6.736111111111111427e+01
6.527777777777777146e+01
6.347222222222221433e+01
6.194444444444443576e+01
6.069444444444443576e+01
5.972222222222221433e+01
5.902777777777777146e+01
5.861111111111110006e+01
5.847222222222221433e+01
5.861111111111110006e+01
5.902777777777777146e+01
5.972222222222221433e+01
6.069444444444443576e+01
6.194444444444443576e+01
6.347222222222221433e+01
6.527777777777777146e+01
6.736111111111110006e+01
6.972222222222221433e+01
7.236111111111108585e+01
7.527777777777777146e+01
7.847222222222221433e+01
8.194444444444442865e+01
8.569444444444442865e+01
8.972222222222221433e+01
8.569444444444444287e+01
8.166666666666667140e+01
7.791666666666665719e+01
7.444444444444444287e+01
7.125000000000000000e+01
6.833333333333334281e+01
6.569444444444444287e+01
6.333333333333333570e+01
6.125000000000000000e+01
5.944444444444444287e+01
5.791666666666666430e+01
5.666666666666666430e+01
5.569444444444444287e+01
5.500000000000000000e+01
5.458333333333332860e+01
5.444444444444444287e+01
5.458333333333332860e+01
5.500000000000000000e+01
5.569444444444444287e+01
5.666666666666666430e+01
5.791666666666666430e+01
5.944444444444444287e+01
6.125000000000000000e+01
6.333333333333332860e+01
6.569444444444444287e+01
6.833333333333331439e+01
7.125000000000000000e+01
7.444444444444444287e+01
7.791666666666665719e+01
8.166666666666665719e+01
8.569444444444444287e+01
8.194444444444442865e+01
7.791666666666665719e+01
7.416666666666665719e+01
7.069444444444442865e+01
6.749999999999998579e+01
6.458333333333331439e+01
6.194444444444442865e+01
5.958333333333332149e+01
5.749999999999998579e+01
5.569444444444442865e+01
5.416666666666665719e+01
5.291666666666665719e+01
5.194444444444442865e+01
5.124999999999998579e+01
5.083333333333332149e+01
5.069444444444442865e+01
5.083333333333332149e+01
5.124999999999998579e+01
5.194444444444442865e+01
5.291666666666665719e+01
5.416666666666665009e+01
5.569444444444442865e+01
5.749999999999998579e+01
5.958333333333331439e+01
6.194444444444442865e+01
6.458333333333331439e+01
6.749999999999998579e+01
7.069444444444442865e+01
7.416666666666664298e+01
7.791666666666664298e+01
8.194444444444442865e+01
7.847222222222221433e+01
7.444444444444444287e+01
7.069444444444442865e+01
6.722222222222221433e+01
6.402777777777777146e+01
6.111111111111110716e+01
5.847222222222221433e+01
5.611111111111110716e+01
5.402777777777777146e+01
5.222222222222221433e+01
5.069444444444443576e+01
4.944444444444443576e+01
4.847222222222221433e+01
4.777777777777777146e+01
4.736111111111110006e+01
4.722222222222221433e+01
4.736111111111110006e+01
4.777777777777777146e+01
4.847222222222221433e+01
4.944444444444443576e+01
5.069444444444443576e+01
5.222222222222221433e+01
5.402777777777777146e+01
5.611111111111110006e+01
5.847222222222221433e+01
6.111111111111109295e+01
6.402777777777777146e+01
6.722222222222221433e+01
7.069444444444442865e+01
7.444444444444442865e+01
7.847222222222221433e+01
7.527777777777777146e+01
7.125000000000000000e+01
6.749999999999998579e+01
6.402777777777777146e+01
6.083333333333332860e+01
5.791666666666666430e+01
5.527777777777777146e+01
5.291666666666666430e+01
5.083333333333332860e+01
4.902777777777777146e+01
4.749999999999999289e+01
4.624999999999999289e+01
4.527777777777777146e+01
4.458333333333332860e+01
4.416666666666665719e+01
4.402777777777777146e+01
4.416666666666665719e+01
4.458333333333332860e+01
4.527777777777777146e+01
4.624999999999999289e+01
4.749999999999999289e+01
4.902777777777777146e+01
5.083333333333332860e+01
5.291666666666665719e+01
5.527777777777777146e+01
5.791666666666665009e+01
6.083333333333332149e+01
6.402777777777777146e+01
6.749999999999998579e+01
7.124999999999998579e+01
7.527777777777777146e+01
7.236111111111111427e+01
6.833333333333334281e+01
6.458333333333331439e+01
6.111111111111110716e+01
5.791666666666666430e+01
5.500000000000000000e+01
5.236111111111110716e+01
5.000000000000000000e+01
4.791666666666666430e+01
4.611111111111110716e+01
4.458333333333332860e+01
4.333333333333332860e+01
4.236111111111110716e+01
4.166666666666665719e+01
4.124999999999999289e+01
4.111111111111110716e+01
4.124999999999999289e+01
4.166666666666665719e+01
4.236111111111110716e+01
4.333333333333332860e+01
4.458333333333332860e+01
4.611111111111110716e+01
4.791666666666665719e+01
4.999999999999999289e+01
5.236111111111110716e+01
5.499999999999998579e+01
5.791666666666665719e+01
6.111111111111110716e+01
6.458333333333331439e+01
6.833333333333331439e+01
7.236111111111111427e+01
6.972222222222221433e+01
6.569444444444444287e+01
6.194444444444442865e+01
5.847222222222221433e+01
5.527777777777777146e+01
5.236111111111110716e+01
4.972222222222221433e+01
4.736111111111110716e+01
4.527777777777777146e+01
4.347222222222221433e+01
4.194444444444443576e+01
4.069444444444443576e+01
3.972222222222221433e+01
3.902777777777777146e+01
3.861111111111110006e+01
3.847222222222221433e+01
3.861111111111110006e+01
3.902777777777777146e+01
3.972222222222221433e+01
4.069444444444443576e+01
4.194444444444443576e+01
4.347222222222221433e+01
4.527777777777777146e+01
4.736111111111110006e+01
4.972222222222221433e+01
5.236111111111109295e+01
5.527777777777776436e+01
5.847222222222221433e+01
6.194444444444442865e+01
6.569444444444442865e+01
6.972222222222221433e+01
6.736111111111111427e+01
6.333333333333333570e+01
5.958333333333332149e+01
5.611111111111110716e+01
5.291666666666666430e+01
5.000000000000000000e+01
4.736111111111110716e+01
4.500000000000000000e+01
4.291666666666666430e+01
4.111111111111110716e+01
3.958333333333332860e+01
3.833333333333332860e+01
3.736111111111110716e+01
3.666666666666665719e+01
3.624999999999999289e+01
3.611111111111110716e+01
3.624999999999999289e+01
3.666666666666665719e+01
3.736111111111110716e+01
3.833333333333332860e+01
3.958333333333332860e+01
4.111111111111110716e+01
4.291666666666665719e+01
4.499999999999999289e+01
4.736111111111110716e+01
4.999999999999998579e+01
5.291666666666665719e+01
5.611111111111110716e+01
5.958333333333331439e+01
6.333333333333332149e+01
6.736111111111111427e+01
6.527777777777777146e+01
6.125000000000000000e+01
5.749999999999998579e+01
5.402777777777777146e+01
5.083333333333332860e+01
4.791666666666666430e+01
4.527777777777777146e+01
4.291666666666666430e+01
4.083333333333332860e+01
3.902777777777777146e+01
3.749999999999999289e+01
3.624999999999999289e+01
3.527777777777777146e+01
3.458333333333332860e+01
3.416666666666665719e+01
3.402777777777777146e+01
3.416666666666665719e+01
3.458333333333332860e+01
3.527777777777777146e+01
3.624999999999999289e+01
3.749999999999999289e+01
3.902777777777777146e+01
4.083333333333332860e+01
4.291666666666665719e+01
4.527777777777777146e+01
4.791666666666665009e+01
5.083333333333332149e+01
5.402777777777777146e+01
5.749999999999998579e+01
6.124999999999998579e+01
6.527777777777777146e+01
6.347222222222221433e+01
5.944444444444444287e+01
5.569444444444442865e+01
5.222222222222221433e+01
4.902777777777777146e+01
4.611111111111110716e+01
4.347222222222221433e+01
4.111111111111110716e+01
3.902777777777777146e+01
3.722222222222221433e+01
3.569444444444443576e+01
3.444444444444443576e+01
3.347222222222221433e+01
3.277777777777777146e+01
3.236111111111110006e+01
3.222222222222221433e+01
3.236111111111110006e+01
3.277777777777777146e+01
3.347222222222221433e+01
3.444444444444443576e+01
3.569444444444443576e+01
3.722222222222221433e+01
3.902777777777777146e+01
4.111111111111110006e+01
4.347222222222221433e+01
4.611111111111109295e+01
4.902777777777776436e+01
5.222222222222221433e+01
5.569444444444442865e+01
5.944444444444442865e+01
6.347222222222221433e+01
6.194444444444443576e+01
5.791666666666666430e+01
5.416666666666665719e+01
5.069444444444443576e+01
4.749999999999999289e+01
4.458333333333332860e+01
4.194444444444443576e+01
3.958333333333332860e+01
3.749999999999999289e+01
3.569444444444443576e+01
3.416666666666665719e+01
3.291666666666665719e+01
3.194444444444443576e+01
3.124999999999999289e+01
3.083333333333332860e+01
3.069444444444443576e+01
3.083333333333332504e+01
3.124999999999999289e+01
3.194444444444443576e+01
3.291666666666665719e+01
3.416666666666665719e+01
3.569444444444443576e+01
3.749999999999999289e+01
3.958333333333332149e+01
4.194444444444443576e+01
4.458333333333331439e+01
4.749999999999998579e+01
5.069444444444443576e+01
5.416666666666665009e+01
5.791666666666665009e+01
6.194444444444443576e+01
6.069444444444443576e+01
5.666666666666666430e+01
5.291666666666665719e+01
4.944444444444443576e+01
4.624999999999999289e+01
4.333333333333332860e+01
4.069444444444443576e+01
3.833333333333332860e+01
3.624999999999999289e+01
3.444444444444443576e+01
3.291666666666665719e+01
3.166666666666666075e+01
3.069444444444443576e+01
2.999999999999999289e+01
2.958333333333332504e+01
2.944444444444443576e+01
2.958333333333332504e+01
2.999999999999999289e+01
3.069444444444443576e+01
3.166666666666665719e+01
3.291666666666665719e+01
3.444444444444443576e+01
3.624999999999999289e+01
3.833333333333332149e+01
4.069444444444443576e+01
4.333333333333331439e+01
4.624999999999998579e+01
4.944444444444443576e+01
5.291666666666664298e+01
5.666666666666665009e+01
6.069444444444443576e+01
5.972222222222221433e+01
5.569444444444444287e+01
5.194444444444442865e+01
4.847222222222221433e+01
4.527777777777777146e+01
4.236111111111110716e+01
3.972222222222221433e+01
3.736111111111110716e+01
3.527777777777777146e+01
3.347222222222221433e+01
3.194444444444443576e+01
3.069444444444443576e+01
2.972222222222221433e+01
2.902777777777777146e+01
2.861111111111110361e+01
2.847222222222221433e+01
2.861111111111110361e+01
2.902777777777776791e+01
2.972222222222221433e+01
3.069444444444443576e+01
3.194444444444443576e+01
3.347222222222221433e+01
3.527777777777777146e+01
3.736111111111110006e+01
3.972222222222221433e+01
4.236111111111109295e+01
4.527777777777776436e+01
4.847222222222221433e+01
5.194444444444442865e+01
5.569444444444442865e+01
5.972222222222221433e+01
5.902777777777777146e+01
5.500000000000000000e+01
5.124999999999998579e+01
4.777777777777777146e+01
4.458333333333332860e+01
4.166666666666665719e+01
3.902777777777777146e+01
3.666666666666665719e+01
3.458333333333332860e+01
3.277777777777777146e+01
3.124999999999999289e+01
2.999999999999999289e+01
2.902777777777777146e+01
2.833333333333332504e+01
2.791666666666666075e+01
2.777777777777777146e+01
2.791666666666665719e+01
2.833333333333332504e+01
2.902777777777777146e+01
2.999999999999999289e+01
3.124999999999998934e+01
3.277777777777777146e+01
3.458333333333332149e+01
3.666666666666665719e+01
3.902777777777777146e+01
4.166666666666665009e+01
4.458333333333332149e+01
4.777777777777777146e+01
5.124999999999998579e+01
5.499999999999998579e+01
5.902777777777777146e+01
5.861111111111110006e+01
5.458333333333332860e+01
5.083333333333332149e+01
4.736111111111110006e+01
4.416666666666665719e+01
4.124999999999999289e+01
3.861111111111110006e+01
3.624999999999999289e+01
3.416666666666665719e+01
3.236111111111110006e+01
3.083333333333332860e+01
2.958333333333332504e+01
2.861111111111110361e+01
2.791666666666666075e+01
2.749999999999999289e+01
2.736111111111110361e+01
2.749999999999999289e+01
2.791666666666665719e+01
2.861111111111110361e+01
2.958333333333332504e+01
3.083333333333332149e+01
3.236111111111110006e+01
3.416666666666665719e+01
3.624999999999998579e+01
3.861111111111110006e+01
4.124999999999998579e+01
4.416666666666665719e+01
4.736111111111110006e+01
5.083333333333331439e+01
5.458333333333331439e+01
5.861111111111110006e+01
5.847222222222221433e+01
5.444444444444444287e+01
5.069444444444442865e+01
4.722222222222221433e+01
4.402777777777777146e+01
4.111111111111110716e+01
3.847222222222221433e+01
3.611111111111110716e+01
3.402777777777777146e+01
3.222222222222221433e+01
3.069444444444443576e+01
2.944444444444443576e+01
2.847222222222221433e+01
2.777777777777777146e+01
2.736111111111110361e+01
2.722222222222221433e+01
2.736111111111110361e+01
2.777777777777776791e+01
2.847222222222221433e+01
2.944444444444443576e+01
3.069444444444443576e+01
3.222222222222221433e+01
3.402777777777777146e+01
3.611111111111110006e+01
3.847222222222221433e+01
4.111111111111109295e+01
4.402777777777776436e+01
4.722222222222221433e+01
5.069444444444442865e+01
5.444444444444442865e+01
5.847222222222221433e+01
5.861111111111110006e+01
5.458333333333332860e+01
5.083333333333332149e+01
4.736111111111110006e+01
4.416666666666665719e+01
4.124999999999999289e+01
3.861111111111110006e+01
3.624999999999999289e+01
3.416666666666665719e+01
3.236111111111110006e+01
3.083333333333332504e+01
2.958333333333332504e+01
2.861111111111110361e+01
2.791666666666665719e+01
2.749999999999999289e+01
2.736111111111110361e+01
2.749999999999999289e+01
2.791666666666665719e+01
2.861111111111110361e+01
2.958333333333332504e+01
3.083333333333332149e+01
3.236111111111110006e+01
3.416666666666665719e+01
3.624999999999998579e+01
3.861111111111110006e+01
4.124999999999998579e+01
4.416666666666665719e+01
4.736111111111110006e+01
5.083333333333331439e+01
5.458333333333331439e+01
5.861111111111110006e+01
5.902777777777777146e+01
5.500000000000000000e+01
5.124999999999998579e+01
4.777777777777777146e+01
4.458333333333332860e+01
4.166666666666665719e+01
3.902777777777777146e+01
3.666666666666665719e+01
3.458333333333332860e+01
3.277777777777777146e+01
3.124999999999999289e+01
2.999999999999999289e+01
2.902777777777776791e+01
2.833333333333332504e+01
2.791666666666665719e+01
2.777777777777776791e+01
2.791666666666665719e+01
2.833333333333332504e+01
2.902777777777776791e+01
2.999999999999998934e+01
3.124999999999998934e+01
3.277777777777777146e+01
3.458333333333332149e+01
3.666666666666665719e+01
3.902777777777777146e+01
4.166666666666665009e+01
4.458333333333331439e+01
4.777777777777777146e+01
5.124999999999997868e+01
5.499999999999998579e+01
5.902777777777777146e+01
5.972222222222221433e+01
5.569444444444444287e+01
5.194444444444442865e+01
4.847222222222221433e+01
4.527777777777777146e+01
4.236111111111110716e+01
3.972222222222221433e+01
3.736111111111110716e+01
3.527777777777777146e+01
3.347222222222221433e+01
3.194444444444443576e+01
3.069444444444443576e+01
2.972222222222221433e+01
2.902777777777777146e+01
2.861111111111110361e+01
2.847222222222221433e+01
2.861111111111110361e+01
2.902777777777776791e+01
2.972222222222221433e+01
3.069444444444443576e+01
3.194444444444443576e+01
3.347222222222221433e+01
3.527777777777777146e+01
3.736111111111110006e+01
3.972222222222221433e+01
4.236111111111109295e+01
4.527777777777776436e+01
4.847222222222221433e+01
5.194444444444442865e+01
5.569444444444442865e+01
5.972222222222221433e+01
6.069444444444443576e+01
5.666666666666666430e+01
5.291666666666665719e+01
4.944444444444443576e+01
4.624999999999999289e+01
4.333333333333332860e+01
4.069444444444443576e+01
3.833333333333332860e+01
3.624999999999999289e+01
3.444444444444443576e+01
3.291666666666665719e+01
3.166666666666665719e+01
3.069444444444443576e+01
2.999999999999999289e+01
2.958333333333332504e+01
2.944444444444443576e+01
2.958333333333332504e+01
2.999999999999998934e+01
3.069444444444443576e+01
3.166666666666665719e+01
3.291666666666665719e+01
3.444444444444443576e+01
3.624999999999998579e+01
3.833333333333332149e+01
4.069444444444443576e+01
4.333333333333331439e+01
4.624999999999998579e+01
4.944444444444443576e+01
5.291666666666664298e+01
5.666666666666665009e+01
6.069444444444443576e+01
6.194444444444443576e+01
5.791666666666666430e+01
5.416666666666665009e+01
5.069444444444443576e+01
4.749999999999999289e+01
4.458333333333332860e+01
4.194444444444443576e+01
3.958333333333332860e+01
3.749999999999999289e+01
3.569444444444443576e+01
3.416666666666665719e+01
3.291666666666665719e+01
3.194444444444443576e+01
3.124999999999998934e+01
3.083333333333332149e+01
3.069444444444443576e+01
3.083333333333332149e+01
3.124999999999998934e+01
3.194444444444443576e+01
3.291666666666665719e+01
3.416666666666665719e+01
3.569444444444443576e+01
3.749999999999998579e+01
3.958333333333332149e+01
4.194444444444443576e+01
4.458333333333331439e+01
4.749999999999998579e+01
5.069444444444443576e+01
5.416666666666664298e+01
5.791666666666665009e+01
6.194444444444443576e+01
6.347222222222221433e+01
5.944444444444444287e+01
5.569444444444442865e+01
5.222222222222221433e+01
4.902777777777777146e+01
4.611111111111110716e+01
4.347222222222221433e+01
4.111111111111110716e+01
3.902777777777777146e+01
3.722222222222221433e+01
3.569444444444443576e+01
3.444444444444443576e+01
3.347222222222221433e+01
3.277777777777777146e+01
3.236111111111110006e+01
3.222222222222221433e+01
3.236111111111110006e+01
3.277777777777777146e+01
3.347222222222221433e+01
3.444444444444443576e+01
3.569444444444443576e+01
3.722222222222221433e+01
3.902777777777777146e+01
4.111111111111110006e+01
4.347222222222221433e+01
4.611111111111109295e+01
4.902777777777776436e+01
5.222222222222221433e+01
5.569444444444442865e+01
5.944444444444442865e+01
6.347222222222221433e+01
6.527777777777777146e+01
6.125000000000000000e+01
5.749999999999998579e+01
5.402777777777777146e+01
5.083333333333332860e+01
4.791666666666665719e+01
4.527777777777777146e+01
4.291666666666665719e+01
4.083333333333332860e+01
3.902777777777777146e+01
3.749999999999999289e+01
3.624999999999999289e+01
3.527777777777777146e+01
3.458333333333332149e+01
3.416666666666665719e+01
3.402777777777777146e+01
3.416666666666665719e+01
3.458333333333332149e+01
3.527777777777777146e+01
3.624999999999998579e+01
3.749999999999998579e+01
3.902777777777777146e+01
4.083333333333332149e+01
4.291666666666665719e+01
4.527777777777777146e+01
4.791666666666664298e+01
5.083333333333331439e+01
5.402777777777777146e+01
5.749999999999997868e+01
6.124999999999998579e+01
6.527777777777777146e+01
6.736111111111110006e+01
6.333333333333332860e+01
5.958333333333331439e+01
5.611111111111110006e+01
5.291666666666665719e+01
4.999999999999999289e+01
4.736111111111110006e+01
4.499999999999999289e+01
4.291666666666665719e+01
4.111111111111110006e+01
3.958333333333332149e+01
3.833333333333332149e+01
3.736111111111110006e+01
3.666666666666665719e+01
3.624999999999998579e+01
3.611111111111110006e+01
3.624999999999998579e+01
3.666666666666665719e+01
3.736111111111110006e+01
3.833333333333332149e+01
3.958333333333332149e+01
4.111111111111110006e+01
4.291666666666665719e+01
4.499999999999998579e+01
4.736111111111110006e+01
4.999999999999997868e+01
5.291666666666665009e+01
5.611111111111110006e+01
5.958333333333331439e+01
6.333333333333331439e+01
6.736111111111110006e+01
6.972222222222221433e+01
6.569444444444444287e+01
6.194444444444442865e+01
5.847222222222221433e+01
5.527777777777777146e+01
5.236111111111110716e+01
4.972222222222221433e+01
4.736111111111110716e+01
4.527777777777777146e+01
4.347222222222221433e+01
4.194444444444443576e+01
4.069444444444443576e+01
3.972222222222221433e+01
3.902777777777777146e+01
3.861111111111110006e+01
3.847222222222221433e+01
3.861111111111110006e+01
3.902777777777777146e+01
3.972222222222221433e+01
4.069444444444443576e+01
4.194444444444443576e+01
4.347222222222221433e+01
4.527777777777777146e+01
4.736111111111110006e+01
4.972222222222221433e+01
5.236111111111109295e+01
5.527777777777776436e+01
5.847222222222221433e+01
6.194444444444442865e+01
6.569444444444442865e+01
6.972222222222221433e+01
7.236111111111108585e+01
6.833333333333331439e+01
6.458333333333331439e+01
6.111111111111109295e+01
5.791666666666665009e+01
5.499999999999998579e+01
5.236111111111109295e+01
4.999999999999998579e+01
4.791666666666665009e+01
4.611111111111109295e+01
4.458333333333331439e+01
4.333333333333331439e+01
4.236111111111109295e+01
4.166666666666665009e+01
4.124999999999998579e+01
4.111111111111109295e+01
4.124999999999998579e+01
4.166666666666665009e+01
4.236111111111109295e+01
4.333333333333331439e+01
4.458333333333331439e+01
4.611111111111109295e+01
4.791666666666664298e+01
4.999999999999997868e+01
5.236111111111109295e+01
5.499999999999997158e+01
5.791666666666664298e+01
6.111111111111109295e+01
6.458333333333330017e+01
6.833333333333331439e+01
7.236111111111108585e+01
7.527777777777777146e+01
7.125000000000000000e+01
6.749999999999998579e+01
6.402777777777777146e+01
6.083333333333332149e+01
5.791666666666665719e+01
5.527777777777776436e+01
5.291666666666665719e+01
5.083333333333332149e+01
4.902777777777776436e+01
4.749999999999998579e+01
4.624999999999998579e+01
4.527777777777776436e+01
4.458333333333332149e+01
4.416666666666665719e+01
4.402777777777776436e+01
4.416666666666665719e+01
4.458333333333331439e+01
4.527777777777776436e+01
4.624999999999998579e+01
4.749999999999998579e+01
4.902777777777776436e+01
5.083333333333331439e+01
5.291666666666665009e+01
5.527777777777776436e+01
5.791666666666664298e+01
6.083333333333331439e+01
6.402777777777777146e+01
6.749999999999997158e+01
7.124999999999997158e+01
7.527777777777777146e+01
7.847222222222221433e+01
7.444444444444444287e+01
7.069444444444442865e+01
6.722222222222221433e+01
6.402777777777777146e+01
6.111111111111110716e+01
5.847222222222221433e+01
5.611111111111110716e+01
5.402777777777777146e+01
5.222222222222221433e+01
5.069444444444443576e+01
4.944444444444443576e+01
4.847222222222221433e+01
4.777777777777777146e+01
4.736111111111110006e+01
4.722222222222221433e+01
4.736111111111110006e+01
4.777777777777777146e+01
4.847222222222221433e+01
4.944444444444443576e+01
5.069444444444443576e+01
5.222222222222221433e+01
5.402777777777777146e+01
5.611111111111110006e+01
5.847222222222221433e+01
6.111111111111109295e+01
6.402777777777777146e+01
6.722222222222221433e+01
7.069444444444442865e+01
7.444444444444442865e+01
7.847222222222221433e+01
8.194444444444442865e+01
7.791666666666665719e+01
7.416666666666664298e+01
7.069444444444442865e+01
6.749999999999998579e+01
6.458333333333331439e+01
6.194444444444442865e+01
5.958333333333331439e+01
5.749999999999998579e+01
5.569444444444442865e+01
5.416666666666665009e+01
5.291666666666664298e+01
5.194444444444442865e+01
5.124999999999998579e+01
5.083333333333331439e+01
5.069444444444442865e+01
5.083333333333331439e+01
5.124999999999997868e+01
5.194444444444442865e+01
5.291666666666664298e+01
5.416666666666664298e+01
5.569444444444442865e+01
5.749999999999997868e+01
5.958333333333331439e+01
6.194444444444442865e+01
6.458333333333330017e+01
6.749999999999997158e+01
7.069444444444442865e+01
7.416666666666662877e+01
7.791666666666664298e+01
8.194444444444442865e+01
8.569444444444442865e+01
8.166666666666665719e+01
7.791666666666664298e+01
7.444444444444442865e+01
7.124999999999998579e+01
6.833333333333331439e+01
6.569444444444442865e+01
6.333333333333332149e+01
6.124999999999998579e+01
5.944444444444442865e+01
5.791666666666665009e+01
5.666666666666665009e+01
5.569444444444442865e+01
5.499999999999998579e+01
5.458333333333331439e+01
5.444444444444442865e+01
5.458333333333331439e+01
5.499999999999998579e+01
5.569444444444442865e+01
5.666666666666665009e+01
5.791666666666665009e+01
5.944444444444442865e+01
6.124999999999998579e+01
6.333333333333331439e+01
6.569444444444442865e+01
6.833333333333331439e+01
7.124999999999997158e+01
7.444444444444442865e+01
7.791666666666664298e+01
8.166666666666664298e+01
8.569444444444442865e+01
8.972222222222221433e+01
8.569444444444444287e+01
8.194444444444442865e+01
7.847222222222221433e+01
7.527777777777777146e+01
7.236111111111111427e+01
6.972222222222221433e+01
6.736111111111111427e+01
6.527777777777777146e+01
6.347222222222221433e+01
6.194444444444443576e+01
6.069444444444443576e+01
5.972222222222221433e+01
5.902777777777777146e+01
5.861111111111110006e+01
5.847222222222221433e+01
5.861111111111110006e+01
5.902777777777777146e+01
5.972222222222221433e+01
6.069444444444443576e+01
6.194444444444443576e+01
6.347222222222221433e+01
6.527777777777777146e+01
6.736111111111110006e+01
6.972222222222221433e+01
7.236111111111108585e+01
7.527777777777777146e+01
7.847222222222221433e+01
8.194444444444442865e+01
8.569444444444442865e+01
8.972222222222221433e+01
9.375000000000000000e+01
8.972222222222222854e+01
8.597222222222221433e+01
8.250000000000000000e+01
7.930555555555555713e+01
7.638888888888888573e+01
7.375000000000000000e+01
7.138888888888888573e+01
6.930555555555555713e+01
6.750000000000000000e+01
6.597222222222222854e+01
6.472222222222222854e+01
6.375000000000000000e+01
6.305555555555555713e+01
6.263888888888888573e+01
6.250000000000000000e+01
6.263888888888888573e+01
6.305555555555555713e+01
6.375000000000000000e+01
6.472222222222222854e+01
6.597222222222222854e+01
6.750000000000000000e+01
6.930555555555555713e+01
7.138888888888888573e+01
7.375000000000000000e+01
7.638888888888888573e+01
7.930555555555554292e+01
8.250000000000000000e+01
8.597222222222221433e+01
8.972222222222221433e+01
9.375000000000000000e+01
8.972222222222222854e+01
8.569444444444445708e+01
8.194444444444444287e+01
7.847222222222222854e+01
7.527777777777778567e+01
7.236111111111111427e+01
6.972222222222222854e+01
6.736111111111111427e+01
6.527777777777778567e+01
6.347222222222222854e+01
6.194444444444444997e+01
6.069444444444444997e+01
5.972222222222222854e+01
5.902777777777778567e+01
5.861111111111111427e+01
5.847222222222222854e+01
5.861111111111111427e+01
5.902777777777778567e+01
5.972222222222222854e+01
6.069444444444444997e+01
6.194444444444444997e+01
6.347222222222222854e+01
6.527777777777778567e+01
6.736111111111111427e+01
6.972222222222222854e+01
7.236111111111111427e+01
7.527777777777777146e+01
7.847222222222222854e+01
8.194444444444444287e+01
8.569444444444444287e+01
8.972222222222222854e+01
8.597222222222221433e+01
8.194444444444444287e+01
7.819444444444442865e+01
7.472222222222221433e+01
7.152777777777777146e+01
6.861111111111111427e+01
6.597222222222221433e+01
6.361111111111110716e+01
6.152777777777777146e+01
5.972222222222221433e+01
5.819444444444444287e+01
5.694444444444444287e+01
5.597222222222221433e+01
5.527777777777777146e+01
5.486111111111110716e+01
5.472222222222221433e+01
5.486111111111110716e+01
5.527777777777777146e+01
5.597222222222221433e+01
5.694444444444444287e+01
5.819444444444443576e+01
5.972222222222221433e+01
6.152777777777777146e+01
6.361111111111110006e+01
6.597222222222221433e+01
6.861111111111110006e+01
7.152777777777777146e+01
7.472222222222221433e+01
7.819444444444442865e+01
8.194444444444442865e+01
8.597222222222221433e+01
8.250000000000000000e+01
7.847222222222222854e+01
7.472222222222221433e+01
7.125000000000000000e+01
6.805555555555555713e+01
6.513888888888888573e+01
6.250000000000000000e+01
6.013888888888889284e+01
5.805555555555555713e+01
5.625000000000000000e+01
5.472222222222222143e+01
5.347222222222222143e+01
5.250000000000000000e+01
5.180555555555555713e+01
5.138888888888888573e+01
5.125000000000000000e+01
5.138888888888888573e+01
5.180555555555555713e+01
5.250000000000000000e+01
5.347222222222222143e+01
5.472222222222222143e+01
5.625000000000000000e+01
5.805555555555555713e+01
6.013888888888888573e+01
6.250000000000000000e+01
6.513888888888888573e+01
6.805555555555554292e+01
7.125000000000000000e+01
7.472222222222221433e+01
7.847222222222221433e+01
8.250000000000000000e+01
7.930555555555555713e+01
7.527777777777778567e+01
7.152777777777777146e+01
6.805555555555555713e+01
6.486111111111111427e+01
6.194444444444444997e+01
5.930555555555555713e+01
5.694444444444444997e+01
5.486111111111111427e+01
5.305555555555555713e+01
5.152777777777777857e+01
5.027777777777777857e+01
4.930555555555555713e+01
4.861111111111111427e+01
4.819444444444444287e+01
4.805555555555555713e+01
4.819444444444444287e+01
4.861111111111111427e+01
4.930555555555555713e+01
5.027777777777777857e+01
5.152777777777777857e+01
5.305555555555555713e+01
5.486111111111111427e+01
5.694444444444444287e+01
5.930555555555555713e+01
6.194444444444443576e+01
6.486111111111111427e+01
6.805555555555555713e+01
7.152777777777777146e+01
7.527777777777777146e+01
7.930555555555555713e+01
7.638888888888888573e+01
7.236111111111111427e+01
6.861111111111111427e+01
6.513888888888888573e+01
6.194444444444444997e+01
5.902777777777778567e+01
5.638888888888889284e+01
5.402777777777778567e+01
5.194444444444444997e+01
5.013888888888889284e+01
4.861111111111111427e+01
4.736111111111111427e+01
4.638888888888889284e+01
4.569444444444444287e+01
4.527777777777777857e+01
4.513888888888889284e+01
4.527777777777777857e+01
4.569444444444444287e+01
4.638888888888889284e+01
4.736111111111111427e+01
4.861111111111111427e+01
5.013888888888889284e+01
5.194444444444444287e+01
5.402777777777777857e+01
5.638888888888889284e+01
5.902777777777777146e+01
6.194444444444444287e+01
6.513888888888888573e+01
6.861111111111110006e+01
7.236111111111111427e+01
7.638888888888888573e+01
7.375000000000000000e+01
6.972222222222222854e+01
6.597222222222221433e+01
6.250000000000000000e+01
5.930555555555555713e+01
5.638888888888889284e+01
5.375000000000000000e+01
5.138888888888889284e+01
4.930555555555555713e+01
4.750000000000000000e+01
4.597222222222222143e+01
4.472222222222222143e+01
4.375000000000000000e+01
4.305555555555555713e+01
4.263888888888888573e+01
4.250000000000000000e+01
4.263888888888888573e+01
4.305555555555555713e+01
4.375000000000000000e+01
4.472222222222222143e+01
4.597222222222222143e+01
4.750000000000000000e+01
4.930555555555555713e+01
5.138888888888888573e+01
5.375000000000000000e+01
5.638888888888887863e+01
5.930555555555555003e+01
6.250000000000000000e+01
6.597222222222221433e+01
6.972222222222221433e+01
7.375000000000000000e+01
7.138888888888888573e+01
6.736111111111111427e+01
6.361111111111110716e+01
6.013888888888889284e+01
5.694444444444444997e+01
5.402777777777778567e+01
5.138888888888889284e+01
4.902777777777778567e+01
4.694444444444444997e+01
4.513888888888889284e+01
4.361111111111111427e+01
4.236111111111111427e+01
4.138888888888889284e+01
4.069444444444444287e+01
4.027777777777777857e+01
4.013888888888889284e+01
4.027777777777777857e+01
4.069444444444444287e+01
4.138888888888889284e+01
4.236111111111111427e+01
4.361111111111111427e+01
4.513888888888889284e+01
4.694444444444444287e+01
4.902777777777777857e+01
5.138888888888889284e+01
5.402777777777777146e+01
5.694444444444444287e+01
6.013888888888889284e+01
6.361111111111110006e+01
6.736111111111111427e+01
7.138888888888888573e+01
6.930555555555555713e+01
6.527777777777778567e+01
6.152777777777777146e+01
5.805555555555555713e+01
5.486111111111111427e+01
5.194444444444444997e+01
4.930555555555555713e+01
4.694444444444444997e+01
4.486111111111111427e+01
4.305555555555555713e+01
4.152777777777777857e+01
4.027777777777777857e+01
3.930555555555555713e+01
3.861111111111111427e+01
3.819444444444444287e+01
3.805555555555555713e+01
3.819444444444444287e+01
3.861111111111111427e+01
3.930555555555555713e+01
4.027777777777777857e+01
4.152777777777777857e+01
4.305555555555555713e+01
4.486111111111111427e+01
4.694444444444444287e+01
4.930555555555555713e+01
5.194444444444443576e+01
5.486111111111110716e+01
5.805555555555555713e+01
6.152777777777777146e+01
6.527777777777777146e+01
6.930555555555555713e+01
6.750000000000000000e+01
6.347222222222222854e+01
5.972222222222221433e+01
5.625000000000000000e+01
5.305555555555555713e+01
5.013888888888889284e+01
4.750000000000000000e+01
4.513888888888889284e+01
4.305555555555555713e+01
4.125000000000000000e+01
3.972222222222222143e+01
3.847222222222222143e+01
3.750000000000000000e+01
3.680555555555555713e+01
3.638888888888888573e+01
3.625000000000000000e+01
3.638888888888888573e+01
3.680555555555555713e+01
3.750000000000000000e+01
3.847222222222222143e+01
3.972222222222222143e+01
4.125000000000000000e+01
4.305555555555555713e+01
4.513888888888888573e+01
4.750000000000000000e+01
5.013888888888887863e+01
5.305555555555555003e+01
5.625000000000000000e+01
5.972222222222221433e+01
6.347222222222221433e+01
6.750000000000000000e+01
6.597222222222222854e+01
6.194444444444444997e+01
5.819444444444444287e+01
5.472222222222222143e+01
5.152777777777777857e+01
4.861111111111111427e+01
4.597222222222222143e+01
4.361111111111111427e+01
4.152777777777777857e+01
3.972222222222222143e+01
3.819444444444444287e+01
3.694444444444444287e+01
3.597222222222222143e+01
3.527777777777777857e+01
3.486111111111111427e+01
3.472222222222222143e+01
3.486111111111111427e+01
3.527777777777777857e+01
3.597222222222222143e+01
3.694444444444444287e+01
3.819444444444444287e+01
3.972222222222222143e+01
4.152777777777777857e+01
4.361111111111110716e+01
4.597222222222222143e+01
4.861111111111110006e+01
5.152777777777777146e+01
5.472222222222222143e+01
5.819444444444443576e+01
6.194444444444443576e+01
6.597222222222222854e+01
6.472222222222222854e+01
6.069444444444444997e+01
5.694444444444444287e+01
5.347222222222222143e+01
5.027777777777777857e+01
4.736111111111111427e+01
4.472222222222222143e+01
4.236111111111111427e+01
4.027777777777777857e+01
3.847222222222222143e+01
3.694444444444444287e+01
3.569444444444444287e+01
3.472222222222222143e+01
3.402777777777777857e+01
3.361111111111111427e+01
3.347222222222222143e+01
3.361111111111111427e+01
3.402777777777777857e+01
3.472222222222222143e+01
3.569444444444444287e+01
3.694444444444444287e+01
3.847222222222222143e+01
4.027777777777777857e+01
4.236111111111110716e+01
4.472222222222222143e+01
4.736111111111110006e+01
5.027777777777777146e+01
5.347222222222222143e+01
5.694444444444442865e+01
6.069444444444443576e+01
6.472222222222222854e+01
6.375000000000000000e+01
5.972222222222222854e+01
5.597222222222221433e+01
5.250000000000000000e+01
4.930555555555555713e+01
4.638888888888889284e+01
4.375000000000000000e+01
4.138888888888889284e+01
3.930555555555555713e+01
3.750000000000000000e+01
3.597222222222222143e+01
3.472222222222222143e+01
3.375000000000000000e+01
3.305555555555555713e+01
3.263888888888888573e+01
3.250000000000000000e+01
3.263888888888888573e+01
3.305555555555555713e+01
3.375000000000000000e+01
3.472222222222222143e+01
3.597222222222222143e+01
3.750000000000000000e+01
3.930555555555555713e+01
4.138888888888888573e+01
4.375000000000000000e+01
4.638888888888887863e+01
4.930555555555555003e+01
5.250000000000000000e+01
5.597222222222221433e+01
5.972222222222221433e+01
6.375000000000000000e+01
6.305555555555555713e+01
5.902777777777778567e+01
5.527777777777777146e+01
5.180555555555555713e+01
4.861111111111111427e+01
4.569444444444444287e+01
4.305555555555555713e+01
4.069444444444444287e+01
3.861111111111111427e+01
3.680555555555555713e+01
3.527777777777777857e+01
3.402777777777777857e+01
3.305555555555555713e+01
3.236111111111111427e+01
3.194444444444444642e+01
3.180555555555555713e+01
3.194444444444444287e+01
3.236111111111111427e+01
3.305555555555555713e+01
3.402777777777777857e+01
3.527777777777777857e+01
3.680555555555555713e+01
3.861111111111110716e+01
4.069444444444444287e+01
4.305555555555555713e+01
4.569444444444443576e+01
4.861111111111110716e+01
5.180555555555555713e+01
5.527777777777777146e+01
5.902777777777777146e+01
6.305555555555555713e+01
6.263888888888888573e+01
5.861111111111111427e+01
5.486111111111110716e+01
5.138888888888888573e+01
4.819444444444444287e+01
4.527777777777777857e+01
4.263888888888888573e+01
4.027777777777777857e+01
3.819444444444444287e+01
3.638888888888888573e+01
3.486111111111111427e+01
3.361111111111111427e+01
3.263888888888888573e+01
3.194444444444444642e+01
3.152777777777777857e+01
3.138888888888888928e+01
3.152777777777777857e+01
3.194444444444444287e+01
3.263888888888888573e+01
3.361111111111111427e+01
3.486111111111110716e+01
3.638888888888888573e+01
3.819444444444444287e+01
4.027777777777777146e+01
4.263888888888888573e+01
4.527777777777777146e+01
4.819444444444444287e+01
5.138888888888888573e+01
5.486111111111110006e+01
5.861111111111110006e+01
6.263888888888888573e+01
6.250000000000000000e+01
5.847222222222222854e+01
5.472222222222221433e+01
5.125000000000000000e+01
4.805555555555555713e+01
4.513888888888889284e+01
4.250000000000000000e+01
4.013888888888889284e+01
3.805555555555555713e+01
3.625000000000000000e+01
3.472222222222222143e+01
3.347222222222222143e+01
3.250000000000000000e+01
3.180555555555555713e+01
3.138888888888888928e+01
3.125000000000000000e+01
3.138888888888888928e+01
3.180555555555555358e+01
3.250000000000000000e+01
3.347222222222222143e+01
3.472222222222222143e+01
3.625000000000000000e+01
3.805555555555555713e+01
4.013888888888888573e+01
4.250000000000000000e+01
4.513888888888887863e+01
4.805555555555555003e+01
5.125000000000000000e+01
5.472222222222221433e+01
5.847222222222221433e+01
6.250000000000000000e+01
6.263888888888888573e+01
5.861111111111111427e+01
5.486111111111110716e+01
5.138888888888888573e+01
4.819444444444444287e+01
4.527777777777777857e+01
4.263888888888888573e+01
4.027777777777777857e+01
3.819444444444444287e+01
3.638888888888888573e+01
3.486111111111111427e+01
3.361111111111111427e+01
3.263888888888888573e+01
3.194444444444444287e+01
3.152777777777777857e+01
3.138888888888888928e+01
3.152777777777777857e+01
3.194444444444444287e+01
3.263888888888888573e+01
3.361111111111110716e+01
3.486111111111110716e+01
3.638888888888888573e+01
3.819444444444444287e+01
4.027777777777777146e+01
4.263888888888888573e+01
4.527777777777777146e+01
4.819444444444444287e+01
5.138888888888888573e+01
5.486111111111110006e+01
5.861111111111110006e+01
6.263888888888888573e+01
6.305555555555555713e+01
5.902777777777778567e+01
5.527777777777777146e+01
5.180555555555555713e+01
4.861111111111111427e+01
4.569444444444444287e+01
4.305555555555555713e+01
4.069444444444444287e+01
3.861111111111111427e+01
3.680555555555555713e+01
3.527777777777777857e+01
3.402777777777777857e+01
3.305555555555555713e+01
3.236111111111111427e+01
3.194444444444444287e+01
3.180555555555555358e+01
3.194444444444444287e+01
3.236111111111110716e+01
3.305555555555555713e+01
3.402777777777777857e+01
3.527777777777777146e+01
3.680555555555555713e+01
3.861111111111110716e+01
4.069444444444444287e+01
4.305555555555555713e+01
4.569444444444443576e+01
4.861111111111110006e+01
5.180555555555555713e+01
5.527777777777776436e+01
5.902777777777777146e+01
6.305555555555555713e+01
6.375000000000000000e+01
5.972222222222222854e+01
5.597222222222221433e+01
5.250000000000000000e+01
4.930555555555555713e+01
4.638888888888889284e+01
4.375000000000000000e+01
4.138888888888889284e+01
3.930555555555555713e+01
3.750000000000000000e+01
3.597222222222222143e+01
3.472222222222222143e+01
3.375000000000000000e+01
3.305555555555555713e+01
3.263888888888888573e+01
3.250000000000000000e+01
3.263888888888888573e+01
3.305555555555555713e+01
3.375000000000000000e+01
3.472222222222222143e+01
3.597222222222222143e+01
3.750000000000000000e+01
3.930555555555555713e+01
4.138888888888888573e+01
4.375000000000000000e+01
4.638888888888887863e+01
4.930555555555555003e+01
5.250000000000000000e+01
5.597222222222221433e+01
5.972222222222221433e+01
6.375000000000000000e+01
6.472222222222222854e+01
6.069444444444444997e+01
5.694444444444444287e+01
5.347222222222222143e+01
5.027777777777777857e+01
4.736111111111111427e+01
4.472222222222222143e+01
4.236111111111111427e+01
4.027777777777777857e+01
3.847222222222222143e+01
3.694444444444444287e+01
3.569444444444444287e+01
3.472222222222222143e+01
3.402777777777777857e+01
3.361111111111111427e+01
3.347222222222222143e+01
3.361111111111110716e+01
3.402777777777777857e+01
3.472222222222222143e+01
3.569444444444444287e+01
3.694444444444444287e+01
3.847222222222222143e+01
4.027777777777777146e+01
4.236111111111110716e+01
4.472222222222222143e+01
4.736111111111110006e+01
5.027777777777777146e+01
5.347222222222222143e+01
5.694444444444442865e+01
6.069444444444443576e+01
6.472222222222222854e+01
6.597222222222222854e+01
6.194444444444444997e+01
5.819444444444443576e+01
5.472222222222222143e+01
5.152777777777777857e+01
4.861111111111111427e+01
4.597222222222222143e+01
4.361111111111111427e+01
4.152777777777777857e+01
3.972222222222222143e+01
3.819444444444444287e+01
3.694444444444444287e+01
3.597222222222222143e+01
3.527777777777777857e+01
3.486111111111110716e+01
3.472222222222222143e+01
3.486111111111110716e+01
3.527777777777777146e+01
3.597222222222222143e+01
3.694444444444444287e+01
3.819444444444444287e+01
3.972222222222222143e+01
4.152777777777777146e+01
4.361111111111110716e+01
4.597222222222222143e+01
4.861111111111110006e+01
5.152777777777777146e+01
5.472222222222222143e+01
5.819444444444442865e+01
6.194444444444443576e+01
6.597222222222222854e+01
6.750000000000000000e+01
6.347222222222222854e+01
5.972222222222221433e+01
5.625000000000000000e+01
5.305555555555555713e+01
5.013888888888889284e+01
4.750000000000000000e+01
4.513888888888889284e+01
4.305555555555555713e+01
4.125000000000000000e+01
3.972222222222222143e+01
3.847222222222222143e+01
3.750000000000000000e+01
3.680555555555555713e+01
3.638888888888888573e+01
3.625000000000000000e+01
3.638888888888888573e+01
3.680555555555555713e+01
3.750000000000000000e+01
3.847222222222222143e+01
3.972222222222222143e+01
4.125000000000000000e+01
4.305555555555555713e+01
4.513888888888888573e+01
4.750000000000000000e+01
5.013888888888887863e+01
5.305555555555555003e+01
5.625000000000000000e+01
5.972222222222221433e+01
6.347222222222221433e+01
6.750000000000000000e+01
6.930555555555555713e+01
6.527777777777778567e+01
6.152777777777777146e+01
5.805555555555555713e+01
5.486111111111111427e+01
5.194444444444444287e+01
4.930555555555555713e+01
4.694444444444444287e+01
4.486111111111111427e+01
4.305555555555555713e+01
4.152777777777777857e+01
4.027777777777777857e+01
3.930555555555555713e+01
3.861111111111110716e+01
3.819444444444444287e+01
3.805555555555555713e+01
3.819444444444444287e+01
3.861111111111110716e+01
3.930555555555555713e+01
4.027777777777777146e+01
4.152777777777777146e+01
4.305555555555555713e+01
4.486111111111110716e+01
4.694444444444444287e+01
4.930555555555555713e+01
5.194444444444442865e+01
5.486111111111110006e+01
5.805555555555555713e+01
6.152777777777776436e+01
6.527777777777777146e+01
6.930555555555555713e+01
7.138888888888888573e+01
6.736111111111111427e+01
6.361111111111110006e+01
6.013888888888888573e+01
5.694444444444444287e+01
5.402777777777777857e+01
5.138888888888888573e+01
4.902777777777777857e+01
4.694444444444444287e+01
4.513888888888888573e+01
4.361111111111110716e+01
4.236111111111110716e+01
4.138888888888888573e+01
4.069444444444444287e+01
4.027777777777777146e+01
4.013888888888888573e+01
4.027777777777777146e+01
4.069444444444444287e+01
4.138888888888888573e+01
4.236111111111110716e+01
4.361111111111110716e+01
4.513888888888888573e+01
4.694444444444444287e+01
4.902777777777777146e+01
5.138888888888888573e+01
5.402777777777776436e+01
5.694444444444443576e+01
6.013888888888888573e+01
6.361111111111110006e+01
6.736111111111110006e+01
7.138888888888888573e+01
7.375000000000000000e+01
6.972222222222222854e+01
6.597222222222221433e+01
6.250000000000000000e+01
5.930555555555555713e+01
5.638888888888889284e+01
5.375000000000000000e+01
5.138888888888889284e+01
4.930555555555555713e+01
4.750000000000000000e+01
4.597222222222222143e+01
4.472222222222222143e+01
4.375000000000000000e+01
4.305555555555555713e+01
4.263888888888888573e+01
4.250000000000000000e+01
4.263888888888888573e+01
4.305555555555555713e+01
4.375000000000000000e+01
4.472222222222222143e+01
4.597222222222222143e+01
4.750000000000000000e+01
4.930555555555555713e+01
5.138888888888888573e+01
5.375000000000000000e+01
5.638888888888887863e+01
5.930555555555555003e+01
6.250000000000000000e+01
6.597222222222221433e+01
6.972222222222221433e+01
7.375000000000000000e+01
7.638888888888888573e+01
7.236111111111111427e+01
6.861111111111110006e+01
6.513888888888888573e+01
6.194444444444443576e+01
5.902777777777777146e+01
5.638888888888887863e+01
5.402777777777777146e+01
5.194444444444443576e+01
5.013888888888887863e+01
4.861111111111110006e+01
4.736111111111110006e+01
4.638888888888887863e+01
4.569444444444443576e+01
4.527777777777777146e+01
4.513888888888887863e+01
4.527777777777777146e+01
4.569444444444443576e+01
4.638888888888887863e+01
4.736111111111110006e+01
4.861111111111110006e+01
5.013888888888887863e+01
5.194444444444442865e+01
5.402777777777776436e+01
5.638888888888887863e+01
5.902777777777775725e+01
6.194444444444442865e+01
6.513888888888888573e+01
6.861111111111108585e+01
7.236111111111108585e+01
7.638888888888888573e+01
7.930555555555554292e+01
7.527777777777777146e+01
7.152777777777777146e+01
6.805555555555554292e+01
6.486111111111111427e+01
6.194444444444444287e+01
5.930555555555555003e+01
5.694444444444444287e+01
5.486111111111110716e+01
5.305555555555555003e+01
5.152777777777777146e+01
5.027777777777777146e+01
4.930555555555555003e+01
4.861111111111110716e+01
4.819444444444444287e+01
4.805555555555555003e+01
4.819444444444444287e+01
4.861111111111110006e+01
4.930555555555555003e+01
5.027777777777777146e+01
5.152777777777777146e+01
5.305555555555555003e+01
5.486111111111110006e+01
5.694444444444443576e+01
5.930555555555555003e+01
6.194444444444442865e+01
6.486111111111110006e+01
6.805555555555554292e+01
7.152777777777775725e+01
7.527777777777777146e+01
7.930555555555554292e+01
8.250000000000000000e+01
7.847222222222222854e+01
7.472222222222221433e+01
7.125000000000000000e+01
6.805555555555555713e+01
6.513888888888888573e+01
6.250000000000000000e+01
6.013888888888889284e+01
5.805555555555555713e+01
5.625000000000000000e+01
5.472222222222222143e+01
5.347222222222222143e+01
5.250000000000000000e+01
5.180555555555555713e+01
5.138888888888888573e+01
5.125000000000000000e+01
5.138888888888888573e+01
5.180555555555555713e+01
5.250000000000000000e+01
5.347222222222222143e+01
5.472222222222222143e+01
5.625000000000000000e+01
5.805555555555555713e+01
6.013888888888888573e+01
6.250000000000000000e+01
6.513888888888888573e+01
6.805555555555554292e+01
7.125000000000000000e+01
7.472222222222221433e+01
7.847222222222221433e+01
8.250000000000000000e+01
8.597222222222221433e+01
8.194444444444444287e+01
7.819444444444442865e+01
7.472222222222221433e+01
7.152777777777777146e+01
6.861111111111110006e+01
6.597222222222221433e+01
6.361111111111110006e+01
6.152777777777777146e+01
5.972222222222221433e+01
5.819444444444443576e+01
5.694444444444442865e+01
5.597222222222221433e+01
5.527777777777777146e+01
5.486111111111110006e+01
5.472222222222221433e+01
5.486111111111110006e+01
5.527777777777776436e+01
5.597222222222221433e+01
5.694444444444442865e+01
5.819444444444442865e+01
5.972222222222221433e+01
6.152777777777776436e+01
6.361111111111110006e+01
6.597222222222221433e+01
6.861111111111108585e+01
7.152777777777775725e+01
7.472222222222221433e+01
7.819444444444442865e+01
8.194444444444442865e+01
8.597222222222221433e+01
8.972222222222221433e+01
8.569444444444444287e+01
8.194444444444442865e+01
7.847222222222221433e+01
7.527777777777777146e+01
7.236111111111111427e+01
6.972222222222221433e+01
6.736111111111111427e+01
6.527777777777777146e+01
6.347222222222221433e+01
6.194444444444443576e+01
6.069444444444443576e+01
5.972222222222221433e+01
5.902777777777777146e+01
5.861111111111110006e+01
5.847222222222221433e+01
5.861111111111110006e+01
5.902777777777777146e+01
5.972222222222221433e+01
6.069444444444443576e+01
6.194444444444443576e+01
6.347222222222221433e+01
6.527777777777777146e+01
6.736111111111110006e+01
6.972222222222221433e+01
7.236111111111108585e+01
7.527777777777777146e+01
7.847222222222221433e+01
8.194444444444442865e+01
8.569444444444442865e+01
8.972222222222221433e+01
9.375000000000000000e+01
8.972222222222222854e+01
8.597222222222221433e+01
8.250000000000000000e+01
7.930555555555555713e+01
7.638888888888888573e+01
7.375000000000000000e+01
7.138888888888888573e+01
6.930555555555555713e+01
6.750000000000000000e+01
6.597222222222222854e+01
6.472222222222222854e+01
6.375000000000000000e+01
6.305555555555555713e+01
6.263888888888888573e+01
6.250000000000000000e+01
6.263888888888888573e+01
6.305555555555555713e+01
6.375000000000000000e+01
6.472222222222222854e+01
6.597222222222222854e+01
6.750000000000000000e+01
6.930555555555555713e+01
7.138888888888888573e+01
7.375000000000000000e+01
7.638888888888888573e+01
7.930555555555554292e+01
8.250000000000000000e+01
8.597222222222221433e+01
8.972222222222221433e+01
9.375000000000000000e+01
