# 29791
3.750000000000000000e+00
3.588888888888889461e+00
3.438888888888888662e+00
3.299999999999999822e+00
3.172222222222222499e+00
3.055555555555555802e+00
2.950000000000000178e+00
2.855555555555555625e+00
2.772222222222222143e+00
2.700000000000000178e+00
2.638888888888888840e+00
2.588888888888889017e+00
2.549999999999999822e+00
2.522222222222222143e+00
2.505555555555555536e+00
2.500000000000000000e+00
2.505555555555555536e+00
2.522222222222222143e+00
2.549999999999999822e+00
2.588888888888888573e+00
2.638888888888888840e+00
2.700000000000000178e+00
2.772222222222222143e+00
2.855555555555555181e+00
2.950000000000000178e+00
3.055555555555555358e+00
3.172222222222222054e+00
3.299999999999999822e+00
3.438888888888888218e+00
3.588888888888888573e+00
3.750000000000000000e+00
3.588888888888889461e+00
3.427777777777778478e+00
3.277777777777778123e+00
3.138888888888889284e+00
3.011111111111111516e+00
2.894444444444444819e+00
2.788888888888889195e+00
2.694444444444444642e+00
2.611111111111111605e+00
2.538888888888889195e+00
2.477777777777777857e+00
2.427777777777778034e+00
2.388888888888889284e+00
2.361111111111111605e+00
2.344444444444444997e+00
2.338888888888889461e+00
2.344444444444444997e+00
2.361111111111111605e+00
2.388888888888889284e+00
2.427777777777778034e+00
2.477777777777777857e+00
2.538888888888889195e+00
2.611111111111111605e+00
2.694444444444444642e+00
2.788888888888889195e+00
2.894444444444444375e+00
3.011111111111111072e+00
3.138888888888889284e+00
3.277777777777777679e+00
3.427777777777778034e+00
3.588888888888889461e+00
3.438888888888888662e+00
3.277777777777778123e+00
3.127777777777777324e+00
2.988888888888888928e+00
2.861111111111111160e+00
2.744444444444444464e+00
2.638888888888888840e+00
2.544444444444444287e+00
2.461111111111111249e+00
2.388888888888888840e+00
2.327777777777777501e+00
2.277777777777777679e+00
2.238888888888888928e+00
2.211111111111111249e+00
2.194444444444444198e+00
2.188888888888888662e+00
2.194444444444444198e+00
2.211111111111110805e+00
2.238888888888888928e+00
2.277777777777777679e+00
2.327777777777777501e+00
2.388888888888888840e+00
2.461111111111110805e+00
2.544444444444444287e+00
2.638888888888888840e+00
2.744444444444444020e+00
2.861111111111110716e+00
2.988888888888888928e+00
3.127777777777777324e+00
3.277777777777777235e+00
3.438888888888888662e+00
3.299999999999999822e+00
3.138888888888889284e+00
2.988888888888888928e+00
2.850000000000000089e+00
2.722222222222222321e+00
2.605555555555555625e+00
2.500000000000000000e+00
2.405555555555555891e+00
2.322222222222222410e+00
2.250000000000000000e+00
2.188888888888889106e+00
2.138888888888888840e+00
2.100000000000000089e+00
2.072222222222222410e+00
2.055555555555555358e+00
2.049999999999999822e+00
2.055555555555555358e+00
2.072222222222221966e+00
2.100000000000000089e+00
2.138888888888888840e+00
2.188888888888889106e+00
2.250000000000000000e+00
2.322222222222221966e+00
2.405555555555555447e+00
2.500000000000000000e+00
2.605555555555555181e+00
2.722222222222222321e+00
2.850000000000000089e+00
2.988888888888888484e+00
3.138888888888888395e+00
3.299999999999999822e+00
3.172222222222222499e+00
3.011111111111111516e+00
2.861111111111111160e+00
2.722222222222222321e+00
2.594444444444444997e+00
2.477777777777777857e+00
2.372222222222222676e+00
2.277777777777778123e+00
2.194444444444444642e+00
2.122222222222222676e+00
2.061111111111111338e+00
2.011111111111111072e+00
1.972222222222222321e+00
1.944444444444444642e+00
1.927777777777778034e+00
1.922222222222222499e+00
1.927777777777778034e+00
1.944444444444444642e+00
1.972222222222222321e+00
2.011111111111111072e+00
2.061111111111111338e+00
2.122222222222222676e+00
2.194444444444444642e+00
2.277777777777777679e+00
2.372222222222222676e+00
2.477777777777777857e+00
2.594444444444444553e+00
2.722222222222222321e+00
2.861111111111110716e+00
3.011111111111111072e+00
3.172222222222222499e+00
3.055555555555555802e+00
2.894444444444444819e+00
2.744444444444444464e+00
2.605555555555555625e+00
2.477777777777777857e+00
2.361111111111111605e+00
2.255555555555555536e+00
2.161111111111111427e+00
2.077777777777777946e+00
2.005555555555555536e+00
1.944444444444444642e+00
1.894444444444444597e+00
1.855555555555555625e+00
1.827777777777777946e+00
1.811111111111111338e+00
1.805555555555555802e+00
1.811111111111111338e+00
1.827777777777777946e+00
1.855555555555555625e+00
1.894444444444444597e+00
1.944444444444444642e+00
2.005555555555555536e+00
2.077777777777777946e+00
2.161111111111110983e+00
2.255555555555555536e+00
2.361111111111110716e+00
2.477777777777777857e+00
2.605555555555555625e+00
2.744444444444444020e+00
2.894444444444444375e+00
3.055555555555555802e+00
2.950000000000000178e+00
2.788888888888889195e+00
2.638888888888888840e+00
2.500000000000000000e+00
2.372222222222222676e+00
2.255555555555555536e+00
2.149999999999999911e+00
2.055555555555555358e+00
1.972222222222222321e+00
1.899999999999999911e+00
1.838888888888889017e+00
1.788888888888888973e+00
1.750000000000000000e+00
1.722222222222222321e+00
1.705555555555555713e+00
1.699999999999999956e+00
1.705555555555555491e+00
1.722222222222222321e+00
1.750000000000000000e+00
1.788888888888888751e+00
1.838888888888888795e+00
1.899999999999999911e+00
1.972222222222222099e+00
2.055555555555555358e+00
2.149999999999999911e+00
2.255555555555555536e+00
2.372222222222221788e+00
2.500000000000000000e+00
2.638888888888888395e+00
2.788888888888888751e+00
2.950000000000000178e+00
2.855555555555555625e+00
2.694444444444444642e+00
2.544444444444444287e+00
2.405555555555555891e+00
2.277777777777778123e+00
2.161111111111111427e+00
2.055555555555555358e+00
1.961111111111111249e+00
1.877777777777777990e+00
1.805555555555555580e+00
1.744444444444444464e+00
1.694444444444444642e+00
1.655555555555555669e+00
1.627777777777777768e+00
1.611111111111111160e+00
1.605555555555555625e+00
1.611111111111111160e+00
1.627777777777777768e+00
1.655555555555555669e+00
1.694444444444444420e+00
1.744444444444444464e+00
1.805555555555555580e+00
1.877777777777777768e+00
1.961111111111111027e+00
2.055555555555555358e+00
2.161111111111110983e+00
2.277777777777777679e+00
2.405555555555555891e+00
2.544444444444444287e+00
2.694444444444444198e+00
2.855555555555555625e+00
2.772222222222222143e+00
2.611111111111111605e+00
2.461111111111111249e+00
2.322222222222222410e+00
2.194444444444444642e+00
2.077777777777777946e+00
1.972222222222222321e+00
1.877777777777777990e+00
1.794444444444444731e+00
1.722222222222222321e+00
1.661111111111111205e+00
1.611111111111111160e+00
1.572222222222222410e+00
1.544444444444444509e+00
1.527777777777777901e+00
1.522222222222222365e+00
1.527777777777777901e+00
1.544444444444444509e+00
1.572222222222222410e+00
1.611111111111111160e+00
1.661111111111110983e+00
1.722222222222222321e+00
1.794444444444444509e+00
1.877777777777777768e+00
1.972222222222222321e+00
2.077777777777777501e+00
2.194444444444444642e+00
2.322222222222222410e+00
2.461111111111110805e+00
2.611111111111110716e+00
2.772222222222222143e+00
2.700000000000000178e+00
2.538888888888889195e+00
2.388888888888888840e+00
2.250000000000000000e+00
2.122222222222222676e+00
2.005555555555555536e+00
1.899999999999999911e+00
1.805555555555555580e+00
1.722222222222222321e+00
1.649999999999999911e+00
1.588888888888889017e+00
1.538888888888888973e+00
1.500000000000000000e+00
1.472222222222222321e+00
1.455555555555555491e+00
1.449999999999999956e+00
1.455555555555555491e+00
1.472222222222222321e+00
1.500000000000000000e+00
1.538888888888888751e+00
1.588888888888888795e+00
1.649999999999999911e+00
1.722222222222222099e+00
1.805555555555555358e+00
1.899999999999999911e+00
2.005555555555555536e+00
2.122222222222221788e+00
2.250000000000000000e+00
2.388888888888888395e+00
2.538888888888888751e+00
2.700000000000000178e+00
2.638888888888888840e+00
2.477777777777777857e+00
2.327777777777777501e+00
2.188888888888889106e+00
2.061111111111111338e+00
1.944444444444444642e+00
1.838888888888889017e+00
1.744444444444444464e+00
1.661111111111111205e+00
1.588888888888889017e+00
1.527777777777777901e+00
1.477777777777777857e+00
1.438888888888888884e+00
1.411111111111111205e+00
1.394444444444444375e+00
1.388888888888888840e+00
1.394444444444444375e+00
1.411111111111110983e+00
1.438888888888888884e+00
1.477777777777777857e+00
1.527777777777777679e+00
1.588888888888889017e+00
1.661111111111110983e+00
1.744444444444444464e+00
1.838888888888889017e+00
1.944444444444444198e+00
2.061111111111110894e+00
2.188888888888889106e+00
2.327777777777777501e+00
2.477777777777777413e+00
2.638888888888888840e+00
2.588888888888889017e+00
2.427777777777778034e+00
2.277777777777777679e+00
2.138888888888888840e+00
2.011111111111111072e+00
1.894444444444444597e+00
1.788888888888888973e+00
1.694444444444444642e+00
1.611111111111111160e+00
1.538888888888888973e+00
1.477777777777777857e+00
1.427777777777777812e+00
1.388888888888888840e+00
1.361111111111111160e+00
1.344444444444444553e+00
1.338888888888889017e+00
1.344444444444444553e+00
1.361111111111111160e+00
1.388888888888888840e+00
1.427777777777777812e+00
1.477777777777777635e+00
1.538888888888888973e+00
1.611111111111111160e+00
1.694444444444444198e+00
1.788888888888888973e+00
1.894444444444444153e+00
2.011111111111111072e+00
2.138888888888888840e+00
2.277777777777777235e+00
2.427777777777777590e+00
2.588888888888889017e+00
2.549999999999999822e+00
2.388888888888889284e+00
2.238888888888888928e+00
2.100000000000000089e+00
1.972222222222222321e+00
1.855555555555555625e+00
1.750000000000000000e+00
1.655555555555555669e+00
1.572222222222222410e+00
1.500000000000000000e+00
1.438888888888888884e+00
1.388888888888888840e+00
1.350000000000000089e+00
1.322222222222222188e+00
1.305555555555555580e+00
1.300000000000000044e+00
1.305555555555555580e+00
1.322222222222222188e+00
1.350000000000000089e+00
1.388888888888888840e+00
1.438888888888888884e+00
1.500000000000000000e+00
1.572222222222222188e+00
1.655555555555555447e+00
1.750000000000000000e+00
1.855555555555555181e+00
1.972222222222222099e+00
2.100000000000000089e+00
2.238888888888888484e+00
2.388888888888888395e+00
2.549999999999999822e+00
2.522222222222222143e+00
2.361111111111111605e+00
2.211111111111111249e+00
2.072222222222222410e+00
1.944444444444444642e+00
1.827777777777777946e+00
1.722222222222222321e+00
1.627777777777777768e+00
1.544444444444444509e+00
1.472222222222222321e+00
1.411111111111111205e+00
1.361111111111111160e+00
1.322222222222222188e+00
1.294444444444444509e+00
1.277777777777777901e+00
1.272222222222222143e+00
1.277777777777777679e+00
1.294444444444444509e+00
1.322222222222222188e+00
1.361111111111111160e+00
1.411111111111110983e+00
1.472222222222222321e+00
1.544444444444444287e+00
1.627777777777777768e+00
1.722222222222222321e+00
1.827777777777777501e+00
1.944444444444444198e+00
2.072222222222222410e+00
2.211111111111110805e+00
2.361111111111110716e+00
2.522222222222222143e+00
2.505555555555555536e+00
2.344444444444444997e+00
2.194444444444444198e+00
2.055555555555555358e+00
1.927777777777778034e+00
1.811111111111111338e+00
1.705555555555555713e+00
1.611111111111111160e+00
1.527777777777777901e+00
1.455555555555555491e+00
1.394444444444444375e+00
1.344444444444444553e+00
1.305555555555555580e+00
1.277777777777777901e+00
1.261111111111111072e+00
1.255555555555555536e+00
1.261111111111111072e+00
1.277777777777777679e+00
1.305555555555555580e+00
1.344444444444444331e+00
1.394444444444444375e+00
1.455555555555555491e+00
1.527777777777777679e+00
1.611111111111110938e+00
1.705555555555555713e+00
1.811111111111110894e+00
1.927777777777777590e+00
2.055555555555555358e+00
2.194444444444443754e+00
2.344444444444444109e+00
2.505555555555555536e+00
2.500000000000000000e+00
2.338888888888889461e+00
2.188888888888888662e+00
2.049999999999999822e+00
1.922222222222222499e+00
1.805555555555555802e+00
1.699999999999999956e+00
1.605555555555555625e+00
1.522222222222222365e+00
1.449999999999999956e+00
1.388888888888888840e+00
1.338888888888889017e+00
1.300000000000000044e+00
1.272222222222222143e+00
1.255555555555555536e+00
1.250000000000000000e+00
1.255555555555555536e+00
1.272222222222222143e+00
1.300000000000000044e+00
1.338888888888888795e+00
1.388888888888888840e+00
1.449999999999999956e+00
1.522222222222222143e+00
1.605555555555555403e+00
1.699999999999999956e+00
1.805555555555555358e+00
1.922222222222222054e+00
2.049999999999999822e+00
2.188888888888888218e+00
2.338888888888888573e+00
2.500000000000000000e+00
2.505555555555555536e+00
2.344444444444444997e+00
2.194444444444444198e+00
2.055555555555555358e+00
1.927777777777778034e+00
1.811111111111111338e+00
1.705555555555555491e+00
1.611111111111111160e+00
1.527777777777777901e+00
1.455555555555555491e+00
1.394444444444444375e+00
1.344444444444444553e+00
1.305555555555555580e+00
1.277777777777777679e+00
1.261111111111111072e+00
1.255555555555555536e+00
1.261111111111111072e+00
1.277777777777777679e+00
1.305555555555555580e+00
1.344444444444444331e+00
1.394444444444444375e+00
1.455555555555555491e+00
1.527777777777777679e+00
1.611111111111110938e+00
1.705555555555555491e+00
1.811111111111110894e+00
1.927777777777777590e+00
2.055555555555555358e+00
2.194444444444443754e+00
2.344444444444444109e+00
2.505555555555555536e+00
2.522222222222222143e+00
2.361111111111111605e+00
2.211111111111110805e+00
2.072222222222221966e+00
1.944444444444444642e+00
1.827777777777777946e+00
1.722222222222222321e+00
1.627777777777777768e+00
1.544444444444444509e+00
1.472222222222222321e+00
1.411111111111110983e+00
1.361111111111111160e+00
1.322222222222222188e+00
1.294444444444444509e+00
1.277777777777777679e+00
1.272222222222222143e+00
1.277777777777777679e+00
1.294444444444444287e+00
1.322222222222222188e+00
1.361111111111110938e+00
1.411111111111110983e+00
1.472222222222222321e+00
1.544444444444444287e+00
1.627777777777777546e+00
1.722222222222222321e+00
1.827777777777777501e+00
1.944444444444444198e+00
2.072222222222221966e+00
2.211111111111110361e+00
2.361111111111110716e+00
2.522222222222222143e+00
2.549999999999999822e+00
2.388888888888889284e+00
2.238888888888888928e+00
2.100000000000000089e+00
1.972222222222222321e+00
1.855555555555555625e+00
1.750000000000000000e+00
1.655555555555555669e+00
1.572222222222222410e+00
1.500000000000000000e+00
1.438888888888888884e+00
1.388888888888888840e+00
1.350000000000000089e+00
1.322222222222222188e+00
1.305555555555555580e+00
1.300000000000000044e+00
1.305555555555555580e+00
1.322222222222222188e+00
1.350000000000000089e+00
1.388888888888888840e+00
1.438888888888888884e+00
1.500000000000000000e+00
1.572222222222222188e+00
1.655555555555555447e+00
1.750000000000000000e+00
1.855555555555555181e+00
1.972222222222222099e+00
2.100000000000000089e+00
2.238888888888888484e+00
2.388888888888888395e+00
2.549999999999999822e+00
2.588888888888888573e+00
2.427777777777778034e+00
2.277777777777777679e+00
2.138888888888888840e+00
2.011111111111111072e+00
1.894444444444444597e+00
1.788888888888888751e+00
1.694444444444444420e+00
1.611111111111111160e+00
1.538888888888888751e+00
1.477777777777777857e+00
1.427777777777777812e+00
1.388888888888888840e+00
1.361111111111111160e+00
1.344444444444444331e+00
1.338888888888888795e+00
1.344444444444444331e+00
1.361111111111110938e+00
1.388888888888888840e+00
1.427777777777777590e+00
1.477777777777777635e+00
1.538888888888888751e+00
1.611111111111110938e+00
1.694444444444444198e+00
1.788888888888888751e+00
1.894444444444444153e+00
2.011111111111111072e+00
2.138888888888888840e+00
2.277777777777777235e+00
2.427777777777777146e+00
2.588888888888888573e+00
2.638888888888888840e+00
2.477777777777777857e+00
2.327777777777777501e+00
2.188888888888889106e+00
2.061111111111111338e+00
1.944444444444444642e+00
1.838888888888888795e+00
1.744444444444444464e+00
1.661111111111110983e+00
1.588888888888888795e+00
1.527777777777777679e+00
1.477777777777777635e+00
1.438888888888888884e+00
1.411111111111110983e+00
1.394444444444444375e+00
1.388888888888888840e+00
1.394444444444444375e+00
1.411111111111110983e+00
1.438888888888888884e+00
1.477777777777777635e+00
1.527777777777777679e+00
1.588888888888888795e+00
1.661111111111110983e+00
1.744444444444444242e+00
1.838888888888888795e+00
1.944444444444444198e+00
2.061111111111110894e+00
2.188888888888889106e+00
2.327777777777777501e+00
2.477777777777777413e+00
2.638888888888888840e+00
2.700000000000000178e+00
2.538888888888889195e+00
2.388888888888888840e+00
2.250000000000000000e+00
2.122222222222222676e+00
2.005555555555555536e+00
1.899999999999999911e+00
1.805555555555555580e+00
1.722222222222222321e+00
1.649999999999999911e+00
1.588888888888889017e+00
1.538888888888888973e+00
1.500000000000000000e+00
1.472222222222222321e+00
1.455555555555555491e+00
1.449999999999999956e+00
1.455555555555555491e+00
1.472222222222222321e+00
1.500000000000000000e+00
1.538888888888888751e+00
1.588888888888888795e+00
1.649999999999999911e+00
1.722222222222222099e+00
1.805555555555555358e+00
1.899999999999999911e+00
2.005555555555555536e+00
2.122222222222221788e+00
2.250000000000000000e+00
2.388888888888888395e+00
2.538888888888888751e+00
2.700000000000000178e+00
2.772222222222222143e+00
2.611111111111111605e+00
2.461111111111110805e+00
2.322222222222221966e+00
2.194444444444444642e+00
2.077777777777777946e+00
1.972222222222222099e+00
1.877777777777777768e+00
1.794444444444444509e+00
1.722222222222222099e+00
1.661111111111110983e+00
1.611111111111111160e+00
1.572222222222222188e+00
1.544444444444444287e+00
1.527777777777777679e+00
1.522222222222222143e+00
1.527777777777777679e+00
1.544444444444444287e+00
1.572222222222222188e+00
1.611111111111110938e+00
1.661111111111110983e+00
1.722222222222222099e+00
1.794444444444444287e+00
1.877777777777777546e+00
1.972222222222222099e+00
2.077777777777777501e+00
2.194444444444444198e+00
2.322222222222221966e+00
2.461111111111110361e+00
2.611111111111110716e+00
2.772222222222222143e+00
2.855555555555555181e+00
2.694444444444444642e+00
2.544444444444444287e+00
2.405555555555555447e+00
2.277777777777777679e+00
2.161111111111110983e+00
2.055555555555555358e+00
1.961111111111111027e+00
1.877777777777777768e+00
1.805555555555555358e+00
1.744444444444444464e+00
1.694444444444444198e+00
1.655555555555555447e+00
1.627777777777777768e+00
1.611111111111110938e+00
1.605555555555555403e+00
1.611111111111110938e+00
1.627777777777777546e+00
1.655555555555555447e+00
1.694444444444444198e+00
1.744444444444444242e+00
1.805555555555555358e+00
1.877777777777777546e+00
1.961111111111110805e+00
2.055555555555555358e+00
2.161111111111110539e+00
2.277777777777777679e+00
2.405555555555555447e+00
2.544444444444443842e+00
2.694444444444443754e+00
2.855555555555555181e+00
2.950000000000000178e+00
2.788888888888889195e+00
2.638888888888888840e+00
2.500000000000000000e+00
2.372222222222222676e+00
2.255555555555555536e+00
2.149999999999999911e+00
2.055555555555555358e+00
1.972222222222222321e+00
1.899999999999999911e+00
1.838888888888889017e+00
1.788888888888888973e+00
1.750000000000000000e+00
1.722222222222222321e+00
1.705555555555555713e+00
1.699999999999999956e+00
1.705555555555555491e+00
1.722222222222222321e+00
1.750000000000000000e+00
1.788888888888888751e+00
1.838888888888888795e+00
1.899999999999999911e+00
1.972222222222222099e+00
2.055555555555555358e+00
2.149999999999999911e+00
2.255555555555555536e+00
2.372222222222221788e+00
2.500000000000000000e+00
2.638888888888888395e+00
2.788888888888888751e+00
2.950000000000000178e+00
3.055555555555555358e+00
2.894444444444444375e+00
2.744444444444444020e+00
2.605555555555555181e+00
2.477777777777777857e+00
2.361111111111110716e+00
2.255555555555555536e+00
2.161111111111110983e+00
2.077777777777777501e+00
2.005555555555555536e+00
1.944444444444444198e+00
1.894444444444444153e+00
1.855555555555555181e+00
1.827777777777777501e+00
1.811111111111110894e+00
1.805555555555555358e+00
1.811111111111110894e+00
1.827777777777777501e+00
1.855555555555555181e+00
1.894444444444444153e+00
1.944444444444444198e+00
2.005555555555555536e+00
2.077777777777777501e+00
2.161111111111110539e+00
2.255555555555555536e+00
2.361111111111110716e+00
2.477777777777777413e+00
2.605555555555555181e+00
2.744444444444443576e+00
2.894444444444443931e+00
3.055555555555555358e+00
3.172222222222222054e+00
3.011111111111111072e+00
2.861111111111110716e+00
2.722222222222222321e+00
2.594444444444444553e+00
2.477777777777777857e+00
2.372222222222221788e+00
2.277777777777777679e+00
2.194444444444444642e+00
2.122222222222221788e+00
2.061111111111110894e+00
2.011111111111111072e+00
1.972222222222222099e+00
1.944444444444444198e+00
1.927777777777777590e+00
1.922222222222222054e+00
1.927777777777777590e+00
1.944444444444444198e+00
1.972222222222222099e+00
2.011111111111111072e+00
2.061111111111110894e+00
2.122222222222221788e+00
2.194444444444444198e+00
2.277777777777777679e+00
2.372222222222221788e+00
2.477777777777777413e+00
2.594444444444444109e+00
2.722222222222222321e+00
2.861111111111110716e+00
3.011111111111110628e+00
3.172222222222222054e+00
3.299999999999999822e+00
3.138888888888889284e+00
2.988888888888888928e+00
2.850000000000000089e+00
2.722222222222222321e+00
2.605555555555555625e+00
2.500000000000000000e+00
2.405555555555555891e+00
2.322222222222222410e+00
2.250000000000000000e+00
2.188888888888889106e+00
2.138888888888888840e+00
2.100000000000000089e+00
2.072222222222222410e+00
2.055555555555555358e+00
2.049999999999999822e+00
2.055555555555555358e+00
2.072222222222221966e+00
2.100000000000000089e+00
2.138888888888888840e+00
2.188888888888889106e+00
2.250000000000000000e+00
2.322222222222221966e+00
2.405555555555555447e+00
2.500000000000000000e+00
2.605555555555555181e+00
2.722222222222222321e+00
2.850000000000000089e+00
2.988888888888888484e+00
3.138888888888888395e+00
3.299999999999999822e+00
3.438888888888888218e+00
3.277777777777777679e+00
3.127777777777777324e+00
2.988888888888888484e+00
2.861111111111110716e+00
2.744444444444444020e+00
2.638888888888888395e+00
2.544444444444444287e+00
2.461111111111110805e+00
2.388888888888888395e+00
2.327777777777777501e+00
2.277777777777777235e+00
2.238888888888888484e+00
2.211111111111110805e+00
2.194444444444443754e+00
2.188888888888888218e+00
2.194444444444443754e+00
2.211111111111110361e+00
2.238888888888888484e+00
2.277777777777777235e+00
2.327777777777777501e+00
2.388888888888888395e+00
2.461111111111110361e+00
2.544444444444443842e+00
2.638888888888888395e+00
2.744444444444443576e+00
2.861111111111110716e+00
2.988888888888888484e+00
3.127777777777776880e+00
3.277777777777776791e+00
3.438888888888888218e+00
3.588888888888888573e+00
3.427777777777778034e+00
3.277777777777777235e+00
3.138888888888888395e+00
3.011111111111111072e+00
2.894444444444444375e+00
2.788888888888888751e+00
2.694444444444444198e+00
2.611111111111110716e+00
2.538888888888888751e+00
2.477777777777777413e+00
2.427777777777777590e+00
2.388888888888888395e+00
2.361111111111110716e+00
2.344444444444444109e+00
2.338888888888888573e+00
2.344444444444444109e+00
2.361111111111110716e+00
2.388888888888888395e+00
2.427777777777777146e+00
2.477777777777777413e+00
2.538888888888888751e+00
2.611111111111110716e+00
2.694444444444443754e+00
2.788888888888888751e+00
2.894444444444443931e+00
3.011111111111110628e+00
3.138888888888888395e+00
3.277777777777776791e+00
3.427777777777777146e+00
3.588888888888888573e+00
3.750000000000000000e+00
3.588888888888889461e+00
3.438888888888888662e+00
3.299999999999999822e+00
3.172222222222222499e+00
3.055555555555555802e+00
2.950000000000000178e+00
2.855555555555555625e+00
2.772222222222222143e+00
2.700000000000000178e+00
2.638888888888888840e+00
2.588888888888889017e+00
2.549999999999999822e+00
2.522222222222222143e+00
2.505555555555555536e+00
2.500000000000000000e+00
2.505555555555555536e+00
2.522222222222222143e+00
2.549999999999999822e+00
2.588888888888888573e+00
2.638888888888888840e+00
2.700000000000000178e+00
2.772222222222222143e+00
2.855555555555555181e+00
2.950000000000000178e+00
3.055555555555555358e+00
3.172222222222222054e+00
3.299999999999999822e+00
3.438888888888888218e+00
3.588888888888888573e+00
3.750000000000000000e+00
3.588888888888889461e+00
3.427777777777778923e+00
3.277777777777777679e+00
3.138888888888889284e+00
3.011111111111111960e+00
2.894444444444444819e+00
2.788888888888889195e+00
2.694444444444444642e+00
2.611111111111111605e+00
2.538888888888889195e+00
2.477777777777777857e+00
2.427777777777778034e+00
2.388888888888889284e+00
2.361111111111111605e+00
2.344444444444444997e+00
2.338888888888889461e+00
2.344444444444444997e+00
2.361111111111111605e+00
2.388888888888889284e+00
2.427777777777778034e+00
2.477777777777777857e+00
2.538888888888889195e+00
2.611111111111111605e+00
2.694444444444444642e+00
2.788888888888889195e+00
2.894444444444444819e+00
3.011111111111111072e+00
3.138888888888889284e+00
3.277777777777777679e+00
3.427777777777778034e+00
3.588888888888889461e+00
3.427777777777778923e+00
3.266666666666667496e+00
3.116666666666667140e+00
2.977777777777778745e+00
2.850000000000000533e+00
2.733333333333334281e+00
2.627777777777778212e+00
2.533333333333334103e+00
2.450000000000001066e+00
2.377777777777778212e+00
2.316666666666667318e+00
2.266666666666667496e+00
2.227777777777778745e+00
2.200000000000000622e+00
2.183333333333334014e+00
2.177777777777778478e+00
2.183333333333334014e+00
2.200000000000000622e+00
2.227777777777778745e+00
2.266666666666667496e+00
2.316666666666667318e+00
2.377777777777778212e+00
2.450000000000000622e+00
2.533333333333334103e+00
2.627777777777778212e+00
2.733333333333333393e+00
2.850000000000000533e+00
2.977777777777778745e+00
3.116666666666667140e+00
3.266666666666667496e+00
3.427777777777778923e+00
3.277777777777777679e+00
3.116666666666667140e+00
2.966666666666666785e+00
2.827777777777778390e+00
2.700000000000000178e+00
2.583333333333333925e+00
2.477777777777777857e+00
2.383333333333333748e+00
2.300000000000000266e+00
2.227777777777777857e+00
2.166666666666666963e+00
2.116666666666667140e+00
2.077777777777777946e+00
2.050000000000000266e+00
2.033333333333333659e+00
2.027777777777778123e+00
2.033333333333333659e+00
2.050000000000000266e+00
2.077777777777777946e+00
2.116666666666667140e+00
2.166666666666666963e+00
2.227777777777777857e+00
2.299999999999999822e+00
2.383333333333333748e+00
2.477777777777777857e+00
2.583333333333333037e+00
2.700000000000000178e+00
2.827777777777778390e+00
2.966666666666666785e+00
3.116666666666666252e+00
3.277777777777777679e+00
3.138888888888889284e+00
2.977777777777778745e+00
2.827777777777778390e+00
2.688888888888889106e+00
2.561111111111111782e+00
2.444444444444444642e+00
2.338888888888889461e+00
2.244444444444444908e+00
2.161111111111111427e+00
2.088888888888889461e+00
2.027777777777778123e+00
1.977777777777778301e+00
1.938888888888889328e+00
1.911111111111111427e+00
1.894444444444444819e+00
1.888888888888889284e+00
1.894444444444444819e+00
1.911111111111111427e+00
1.938888888888889328e+00
1.977777777777778079e+00
2.027777777777778123e+00
2.088888888888889461e+00
2.161111111111111427e+00
2.244444444444444464e+00
2.338888888888889461e+00
2.444444444444444642e+00
2.561111111111111338e+00
2.688888888888889106e+00
2.827777777777777501e+00
2.977777777777777857e+00
3.138888888888889284e+00
3.011111111111111960e+00
2.850000000000000533e+00
2.700000000000000178e+00
2.561111111111111782e+00
2.433333333333334014e+00
2.316666666666667318e+00
2.211111111111111693e+00
2.116666666666667140e+00
2.033333333333334103e+00
1.961111111111111693e+00
1.900000000000000577e+00
1.850000000000000533e+00
1.811111111111111782e+00
1.783333333333333881e+00
1.766666666666667052e+00
1.761111111111111516e+00
1.766666666666667052e+00
1.783333333333333659e+00
1.811111111111111782e+00
1.850000000000000533e+00
1.900000000000000355e+00
1.961111111111111693e+00
2.033333333333333659e+00
2.116666666666667140e+00
2.211111111111111693e+00
2.316666666666666874e+00
2.433333333333333570e+00
2.561111111111111782e+00
2.700000000000000178e+00
2.850000000000000533e+00
3.011111111111111960e+00
2.894444444444444819e+00
2.733333333333334281e+00
2.583333333333333925e+00
2.444444444444444642e+00
2.316666666666667318e+00
2.200000000000000622e+00
2.094444444444444997e+00
2.000000000000000444e+00
1.916666666666667185e+00
1.844444444444444997e+00
1.783333333333333881e+00
1.733333333333333837e+00
1.694444444444445086e+00
1.666666666666667185e+00
1.650000000000000355e+00
1.644444444444444819e+00
1.650000000000000355e+00
1.666666666666666963e+00
1.694444444444445086e+00
1.733333333333333837e+00
1.783333333333333659e+00
1.844444444444444997e+00
1.916666666666666963e+00
2.000000000000000444e+00
2.094444444444444997e+00
2.200000000000000178e+00
2.316666666666667318e+00
2.444444444444444642e+00
2.583333333333333037e+00
2.733333333333333393e+00
2.894444444444444819e+00
2.788888888888889195e+00
2.627777777777778212e+00
2.477777777777777857e+00
2.338888888888889461e+00
2.211111111111111693e+00
2.094444444444444997e+00
1.988888888888889372e+00
1.894444444444444819e+00
1.811111111111111560e+00
1.738888888888889372e+00
1.677777777777778034e+00
1.627777777777778212e+00
1.588888888888889239e+00
1.561111111111111560e+00
1.544444444444444731e+00
1.538888888888889195e+00
1.544444444444444731e+00
1.561111111111111338e+00
1.588888888888889239e+00
1.627777777777778212e+00
1.677777777777778034e+00
1.738888888888889372e+00
1.811111111111111338e+00
1.894444444444444597e+00
1.988888888888889372e+00
2.094444444444444553e+00
2.211111111111111249e+00
2.338888888888889461e+00
2.477777777777777857e+00
2.627777777777777768e+00
2.788888888888889195e+00
2.694444444444444642e+00
2.533333333333334103e+00
2.383333333333333748e+00
2.244444444444444908e+00
2.116666666666667140e+00
2.000000000000000444e+00
1.894444444444444819e+00
1.800000000000000488e+00
1.716666666666667229e+00
1.644444444444444819e+00
1.583333333333333925e+00
1.533333333333333659e+00
1.494444444444444908e+00
1.466666666666667229e+00
1.450000000000000400e+00
1.444444444444444864e+00
1.450000000000000400e+00
1.466666666666667007e+00
1.494444444444444908e+00
1.533333333333333659e+00
1.583333333333333703e+00
1.644444444444444819e+00
1.716666666666667007e+00
1.800000000000000266e+00
1.894444444444444819e+00
2.000000000000000000e+00
2.116666666666667140e+00
2.244444444444444908e+00
2.383333333333333304e+00
2.533333333333333215e+00
2.694444444444444642e+00
2.611111111111111605e+00
2.450000000000001066e+00
2.300000000000000266e+00
2.161111111111111427e+00
2.033333333333334103e+00
1.916666666666667185e+00
1.811111111111111560e+00
1.716666666666667229e+00
1.633333333333333748e+00
1.561111111111111560e+00
1.500000000000000444e+00
1.450000000000000400e+00
1.411111111111111427e+00
1.383333333333333748e+00
1.366666666666667140e+00
1.361111111111111605e+00
1.366666666666667140e+00
1.383333333333333748e+00
1.411111111111111427e+00
1.450000000000000400e+00
1.500000000000000444e+00
1.561111111111111560e+00
1.633333333333333748e+00
1.716666666666667007e+00
1.811111111111111560e+00
1.916666666666666741e+00
2.033333333333333659e+00
2.161111111111111427e+00
2.299999999999999822e+00
2.450000000000000178e+00
2.611111111111111605e+00
2.538888888888889195e+00
2.377777777777778212e+00
2.227777777777777857e+00
2.088888888888889461e+00
1.961111111111111693e+00
1.844444444444444997e+00
1.738888888888889372e+00
1.644444444444444819e+00
1.561111111111111560e+00
1.488888888888889372e+00
1.427777777777778034e+00
1.377777777777778212e+00
1.338888888888889239e+00
1.311111111111111560e+00
1.294444444444444731e+00
1.288888888888889195e+00
1.294444444444444731e+00
1.311111111111111338e+00
1.338888888888889239e+00
1.377777777777778212e+00
1.427777777777778034e+00
1.488888888888889372e+00
1.561111111111111338e+00
1.644444444444444597e+00
1.738888888888889372e+00
1.844444444444444553e+00
1.961111111111111249e+00
2.088888888888889461e+00
2.227777777777777857e+00
2.377777777777777768e+00
2.538888888888889195e+00
2.477777777777777857e+00
2.316666666666667318e+00
2.166666666666666963e+00
2.027777777777778123e+00
1.900000000000000577e+00
1.783333333333333881e+00
1.677777777777778034e+00
1.583333333333333925e+00
1.500000000000000444e+00
1.427777777777778034e+00
1.366666666666667140e+00
1.316666666666667096e+00
1.277777777777778123e+00
1.250000000000000444e+00
1.233333333333333837e+00
1.227777777777778079e+00
1.233333333333333615e+00
1.250000000000000444e+00
1.277777777777778123e+00
1.316666666666667096e+00
1.366666666666666918e+00
1.427777777777778034e+00
1.500000000000000444e+00
1.583333333333333481e+00
1.677777777777778034e+00
1.783333333333333437e+00
1.900000000000000355e+00
2.027777777777778123e+00
2.166666666666666519e+00
2.316666666666666430e+00
2.477777777777777857e+00
2.427777777777778034e+00
2.266666666666667496e+00
2.116666666666667140e+00
1.977777777777778301e+00
1.850000000000000533e+00
1.733333333333333837e+00
1.627777777777778212e+00
1.533333333333333659e+00
1.450000000000000400e+00
1.377777777777778212e+00
1.316666666666667096e+00
1.266666666666667052e+00
1.227777777777778079e+00
1.200000000000000400e+00
1.183333333333333792e+00
1.177777777777778034e+00
1.183333333333333792e+00
1.200000000000000400e+00
1.227777777777778079e+00
1.266666666666667052e+00
1.316666666666666874e+00
1.377777777777778212e+00
1.450000000000000178e+00
1.533333333333333659e+00
1.627777777777778212e+00
1.733333333333333393e+00
1.850000000000000089e+00
1.977777777777778301e+00
2.116666666666666252e+00
2.266666666666666607e+00
2.427777777777778034e+00
2.388888888888889284e+00
2.227777777777778745e+00
2.077777777777777946e+00
1.938888888888889328e+00
1.811111111111111782e+00
1.694444444444445086e+00
1.588888888888889239e+00
1.494444444444444908e+00
1.411111111111111427e+00
1.338888888888889239e+00
1.277777777777778123e+00
1.227777777777778079e+00
1.188888888888889328e+00
1.161111111111111427e+00
1.144444444444444819e+00
1.138888888888889284e+00
1.144444444444444819e+00
1.161111111111111427e+00
1.188888888888889328e+00
1.227777777777778079e+00
1.277777777777778123e+00
1.338888888888889239e+00
1.411111111111111427e+00
1.494444444444444686e+00
1.588888888888889239e+00
1.694444444444444642e+00
1.811111111111111338e+00
1.938888888888889328e+00
2.077777777777777501e+00
2.227777777777777857e+00
2.388888888888889284e+00
2.361111111111111605e+00
2.200000000000000622e+00
2.050000000000000266e+00
1.911111111111111427e+00
1.783333333333333881e+00
1.666666666666667185e+00
1.561111111111111560e+00
1.466666666666667229e+00
1.383333333333333748e+00
1.311111111111111560e+00
1.250000000000000444e+00
1.200000000000000400e+00
1.161111111111111427e+00
1.133333333333333748e+00
1.116666666666667140e+00
1.111111111111111382e+00
1.116666666666667140e+00
1.133333333333333748e+00
1.161111111111111427e+00
1.200000000000000400e+00
1.250000000000000222e+00
1.311111111111111560e+00
1.383333333333333748e+00
1.466666666666666785e+00
1.561111111111111560e+00
1.666666666666666741e+00
1.783333333333333659e+00
1.911111111111111427e+00
2.049999999999999822e+00
2.200000000000000178e+00
2.361111111111111605e+00
2.344444444444444997e+00
2.183333333333334014e+00
2.033333333333333659e+00
1.894444444444444819e+00
1.766666666666667052e+00
1.650000000000000355e+00
1.544444444444444731e+00
1.450000000000000400e+00
1.366666666666667140e+00
1.294444444444444731e+00
1.233333333333333837e+00
1.183333333333333792e+00
1.144444444444444819e+00
1.116666666666667140e+00
1.100000000000000311e+00
1.094444444444444775e+00
1.100000000000000311e+00
1.116666666666666918e+00
1.144444444444444819e+00
1.183333333333333570e+00
1.233333333333333615e+00
1.294444444444444731e+00
1.366666666666666918e+00
1.450000000000000178e+00
1.544444444444444731e+00
1.649999999999999911e+00
1.766666666666666829e+00
1.894444444444444819e+00
2.033333333333333215e+00
2.183333333333333570e+00
2.344444444444444997e+00
2.338888888888889461e+00
2.177777777777778478e+00
2.027777777777778123e+00
1.888888888888889284e+00
1.761111111111111516e+00
1.644444444444444819e+00
1.538888888888889195e+00
1.444444444444444864e+00
1.361111111111111605e+00
1.288888888888889195e+00
1.227777777777778079e+00
1.177777777777778034e+00
1.138888888888889284e+00
1.111111111111111382e+00
1.094444444444444775e+00
1.088888888888889239e+00
1.094444444444444775e+00
1.111111111111111382e+00
1.138888888888889284e+00
1.177777777777778034e+00
1.227777777777778079e+00
1.288888888888889195e+00
1.361111111111111382e+00
1.444444444444444642e+00
1.538888888888889195e+00
1.644444444444444375e+00
1.761111111111111294e+00
1.888888888888889284e+00
2.027777777777777679e+00
2.177777777777778034e+00
2.338888888888889461e+00
2.344444444444444997e+00
2.183333333333334014e+00
2.033333333333333659e+00
1.894444444444444819e+00
1.766666666666667052e+00
1.650000000000000355e+00
1.544444444444444731e+00
1.450000000000000400e+00
1.366666666666667140e+00
1.294444444444444731e+00
1.233333333333333615e+00
1.183333333333333792e+00
1.144444444444444819e+00
1.116666666666667140e+00
1.100000000000000311e+00
1.094444444444444775e+00
1.100000000000000311e+00
1.116666666666666918e+00
1.144444444444444819e+00
1.183333333333333570e+00
1.233333333333333615e+00
1.294444444444444731e+00
1.366666666666666918e+00
1.450000000000000178e+00
1.544444444444444731e+00
1.649999999999999911e+00
1.766666666666666829e+00
1.894444444444444819e+00
2.033333333333333215e+00
2.183333333333333570e+00
2.344444444444444997e+00
2.361111111111111605e+00
2.200000000000000622e+00
2.050000000000000266e+00
1.911111111111111427e+00
1.783333333333333659e+00
1.666666666666666963e+00
1.561111111111111338e+00
1.466666666666667007e+00
1.383333333333333748e+00
1.311111111111111338e+00
1.250000000000000444e+00
1.200000000000000400e+00
1.161111111111111427e+00
1.133333333333333748e+00
1.116666666666666918e+00
1.111111111111111382e+00
1.116666666666666918e+00
1.133333333333333526e+00
1.161111111111111427e+00
1.200000000000000178e+00
1.250000000000000222e+00
1.311111111111111338e+00
1.383333333333333526e+00
1.466666666666666785e+00
1.561111111111111338e+00
1.666666666666666519e+00
1.783333333333333437e+00
1.911111111111111427e+00
2.049999999999999822e+00
2.200000000000000178e+00
2.361111111111111605e+00
2.388888888888889284e+00
2.227777777777778745e+00
2.077777777777777946e+00
1.938888888888889328e+00
1.811111111111111782e+00
1.694444444444445086e+00
1.588888888888889239e+00
1.494444444444444908e+00
1.411111111111111427e+00
1.338888888888889239e+00
1.277777777777778123e+00
1.227777777777778079e+00
1.188888888888889328e+00
1.161111111111111427e+00
1.144444444444444819e+00
1.138888888888889284e+00
1.144444444444444819e+00
1.161111111111111427e+00
1.188888888888889328e+00
1.227777777777778079e+00
1.277777777777778123e+00
1.338888888888889239e+00
1.411111111111111427e+00
1.494444444444444686e+00
1.588888888888889239e+00
1.694444444444444642e+00
1.811111111111111338e+00
1.938888888888889328e+00
2.077777777777777501e+00
2.227777777777777857e+00
2.388888888888889284e+00
2.427777777777778034e+00
2.266666666666667496e+00
2.116666666666667140e+00
1.977777777777778079e+00
1.850000000000000533e+00
1.733333333333333837e+00
1.627777777777778212e+00
1.533333333333333659e+00
1.450000000000000400e+00
1.377777777777778212e+00
1.316666666666667096e+00
1.266666666666667052e+00
1.227777777777778079e+00
1.200000000000000400e+00
1.183333333333333570e+00
1.177777777777778034e+00
1.183333333333333570e+00
1.200000000000000178e+00
1.227777777777778079e+00
1.266666666666667052e+00
1.316666666666666874e+00
1.377777777777778212e+00
1.450000000000000178e+00
1.533333333333333437e+00
1.627777777777778212e+00
1.733333333333333393e+00
1.850000000000000089e+00
1.977777777777778079e+00
2.116666666666666252e+00
2.266666666666666607e+00
2.427777777777778034e+00
2.477777777777777857e+00
2.316666666666667318e+00
2.166666666666666963e+00
2.027777777777778123e+00
1.900000000000000355e+00
1.783333333333333659e+00
1.677777777777778034e+00
1.583333333333333703e+00
1.500000000000000444e+00
1.427777777777778034e+00
1.366666666666666918e+00
1.316666666666666874e+00
1.277777777777778123e+00
1.250000000000000222e+00
1.233333333333333615e+00
1.227777777777778079e+00
1.233333333333333615e+00
1.250000000000000222e+00
1.277777777777778123e+00
1.316666666666666874e+00
1.366666666666666918e+00
1.427777777777778034e+00
1.500000000000000222e+00
1.583333333333333481e+00
1.677777777777778034e+00
1.783333333333333215e+00
1.900000000000000133e+00
2.027777777777778123e+00
2.166666666666666519e+00
2.316666666666666430e+00
2.477777777777777857e+00
2.538888888888889195e+00
2.377777777777778212e+00
2.227777777777777857e+00
2.088888888888889461e+00
1.961111111111111693e+00
1.844444444444444997e+00
1.738888888888889372e+00
1.644444444444444819e+00
1.561111111111111560e+00
1.488888888888889372e+00
1.427777777777778034e+00
1.377777777777778212e+00
1.338888888888889239e+00
1.311111111111111560e+00
1.294444444444444731e+00
1.288888888888889195e+00
1.294444444444444731e+00
1.311111111111111338e+00
1.338888888888889239e+00
1.377777777777778212e+00
1.427777777777778034e+00
1.488888888888889372e+00
1.561111111111111338e+00
1.644444444444444597e+00
1.738888888888889372e+00
1.844444444444444553e+00
1.961111111111111249e+00
2.088888888888889461e+00
2.227777777777777857e+00
2.377777777777777768e+00
2.538888888888889195e+00
2.611111111111111605e+00
2.450000000000000622e+00
2.299999999999999822e+00
2.161111111111111427e+00
2.033333333333333659e+00
1.916666666666666963e+00
1.811111111111111338e+00
1.716666666666667007e+00
1.633333333333333748e+00
1.561111111111111338e+00
1.500000000000000444e+00
1.450000000000000178e+00
1.411111111111111427e+00
1.383333333333333748e+00
1.366666666666666918e+00
1.361111111111111382e+00
1.366666666666666918e+00
1.383333333333333526e+00
1.411111111111111427e+00
1.450000000000000178e+00
1.500000000000000222e+00
1.561111111111111338e+00
1.633333333333333526e+00
1.716666666666666785e+00
1.811111111111111338e+00
1.916666666666666519e+00
2.033333333333333215e+00
2.161111111111111427e+00
2.299999999999999822e+00
2.450000000000000178e+00
2.611111111111111605e+00
2.694444444444444642e+00
2.533333333333334103e+00
2.383333333333333748e+00
2.244444444444444464e+00
2.116666666666667140e+00
2.000000000000000444e+00
1.894444444444444597e+00
1.800000000000000266e+00
1.716666666666667007e+00
1.644444444444444597e+00
1.583333333333333481e+00
1.533333333333333659e+00
1.494444444444444686e+00
1.466666666666666785e+00
1.450000000000000178e+00
1.444444444444444642e+00
1.450000000000000178e+00
1.466666666666666785e+00
1.494444444444444686e+00
1.533333333333333437e+00
1.583333333333333481e+00
1.644444444444444597e+00
1.716666666666666785e+00
1.800000000000000044e+00
1.894444444444444597e+00
2.000000000000000000e+00
2.116666666666666696e+00
2.244444444444444464e+00
2.383333333333332860e+00
2.533333333333333215e+00
2.694444444444444642e+00
2.788888888888889195e+00
2.627777777777778212e+00
2.477777777777777857e+00
2.338888888888889461e+00
2.211111111111111693e+00
2.094444444444444997e+00
1.988888888888889372e+00
1.894444444444444819e+00
1.811111111111111560e+00
1.738888888888889372e+00
1.677777777777778034e+00
1.627777777777778212e+00
1.588888888888889239e+00
1.561111111111111560e+00
1.544444444444444731e+00
1.538888888888889195e+00
1.544444444444444731e+00
1.561111111111111338e+00
1.588888888888889239e+00
1.627777777777778212e+00
1.677777777777778034e+00
1.738888888888889372e+00
1.811111111111111338e+00
1.894444444444444597e+00
1.988888888888889372e+00
2.094444444444444553e+00
2.211111111111111249e+00
2.338888888888889461e+00
2.477777777777777857e+00
2.627777777777777768e+00
2.788888888888889195e+00
2.894444444444444819e+00
2.733333333333333393e+00
2.583333333333333037e+00
2.444444444444444642e+00
2.316666666666666874e+00
2.200000000000000178e+00
2.094444444444444553e+00
2.000000000000000000e+00
1.916666666666666741e+00
1.844444444444444553e+00
1.783333333333333437e+00
1.733333333333333393e+00
1.694444444444444642e+00
1.666666666666666741e+00
1.649999999999999911e+00
1.644444444444444375e+00
1.649999999999999911e+00
1.666666666666666519e+00
1.694444444444444642e+00
1.733333333333333393e+00
1.783333333333333215e+00
1.844444444444444553e+00
1.916666666666666519e+00
2.000000000000000000e+00
2.094444444444444553e+00
2.199999999999999734e+00
2.316666666666666430e+00
2.444444444444444642e+00
2.583333333333333037e+00
2.733333333333333393e+00
2.894444444444444819e+00
3.011111111111111072e+00
2.850000000000000533e+00
2.700000000000000178e+00
2.561111111111111338e+00
2.433333333333333570e+00
2.316666666666667318e+00
2.211111111111111249e+00
2.116666666666667140e+00
2.033333333333333659e+00
1.961111111111111249e+00
1.900000000000000355e+00
1.850000000000000089e+00
1.811111111111111338e+00
1.783333333333333659e+00
1.766666666666666829e+00
1.761111111111111294e+00
1.766666666666666829e+00
1.783333333333333437e+00
1.811111111111111338e+00
1.850000000000000089e+00
1.900000000000000133e+00
1.961111111111111249e+00
2.033333333333333215e+00
2.116666666666666696e+00
2.211111111111111249e+00
2.316666666666666430e+00
2.433333333333333570e+00
2.561111111111111338e+00
2.699999999999999734e+00
2.849999999999999645e+00
3.011111111111111072e+00
3.138888888888889284e+00
2.977777777777778745e+00
2.827777777777778390e+00
2.688888888888889106e+00
2.561111111111111782e+00
2.444444444444444642e+00
2.338888888888889461e+00
2.244444444444444908e+00
2.161111111111111427e+00
2.088888888888889461e+00
2.027777777777778123e+00
1.977777777777778301e+00
1.938888888888889328e+00
1.911111111111111427e+00
1.894444444444444819e+00
1.888888888888889284e+00
1.894444444444444819e+00
1.911111111111111427e+00
1.938888888888889328e+00
1.977777777777778079e+00
2.027777777777778123e+00
2.088888888888889461e+00
2.161111111111111427e+00
2.244444444444444464e+00
2.338888888888889461e+00
2.444444444444444642e+00
2.561111111111111338e+00
2.688888888888889106e+00
2.827777777777777501e+00
2.977777777777777857e+00
3.138888888888889284e+00
3.277777777777777679e+00
3.116666666666667140e+00
2.966666666666666785e+00
2.827777777777777501e+00
2.700000000000000178e+00
2.583333333333333037e+00
2.477777777777777857e+00
2.383333333333333304e+00
2.299999999999999822e+00
2.227777777777777857e+00
2.166666666666666519e+00
2.116666666666666252e+00
2.077777777777777501e+00
2.049999999999999822e+00
2.033333333333333215e+00
2.027777777777777679e+00
2.033333333333333215e+00
2.049999999999999822e+00
2.077777777777777501e+00
2.116666666666666252e+00
2.166666666666666519e+00
2.227777777777777857e+00
2.299999999999999822e+00
2.383333333333332860e+00
2.477777777777777857e+00
2.583333333333333037e+00
2.699999999999999734e+00
2.827777777777777501e+00
2.966666666666665897e+00
3.116666666666666252e+00
3.277777777777777679e+00
3.427777777777778034e+00
3.266666666666667496e+00
3.116666666666666252e+00
2.977777777777777857e+00
2.850000000000000533e+00
2.733333333333333393e+00
2.627777777777777768e+00
2.533333333333333215e+00
2.450000000000000178e+00
2.377777777777777768e+00
2.316666666666666430e+00
2.266666666666666607e+00
2.227777777777777857e+00
2.200000000000000178e+00
2.183333333333333570e+00
2.177777777777778034e+00
2.183333333333333570e+00
2.200000000000000178e+00
2.227777777777777857e+00
2.266666666666666607e+00
2.316666666666666430e+00
2.377777777777777768e+00
2.450000000000000178e+00
2.533333333333333215e+00
2.627777777777777768e+00
2.733333333333333393e+00
2.849999999999999645e+00
2.977777777777777857e+00
3.116666666666666252e+00
3.266666666666666607e+00
3.427777777777778034e+00
3.588888888888889461e+00
3.427777777777778923e+00
3.277777777777777679e+00
3.138888888888889284e+00
3.011111111111111960e+00
2.894444444444444819e+00
2.788888888888889195e+00
2.694444444444444642e+00
2.611111111111111605e+00
2.538888888888889195e+00
2.477777777777777857e+00
2.427777777777778034e+00
2.388888888888889284e+00
2.361111111111111605e+00
2.344444444444444997e+00
2.338888888888889461e+00
2.344444444444444997e+00
2.361111111111111605e+00
2.388888888888889284e+00
2.427777777777778034e+00
2.477777777777777857e+00
2.538888888888889195e+00
2.611111111111111605e+00
2.694444444444444642e+00
2.788888888888889195e+00
2.894444444444444819e+00
3.011111111111111072e+00
3.138888888888889284e+00
3.277777777777777679e+00
3.427777777777778034e+00
3.588888888888889461e+00
3.438888888888888662e+00
3.277777777777778123e+00
3.127777777777777324e+00
2.988888888888888484e+00
2.861111111111111160e+00
2.744444444444444464e+00
2.638888888888888840e+00
2.544444444444444287e+00
2.461111111111111249e+00
2.388888888888888840e+00
2.327777777777777501e+00
2.277777777777777679e+00
2.238888888888888928e+00
2.211111111111110805e+00
2.194444444444444198e+00
2.188888888888888662e+00
2.194444444444444198e+00
2.211111111111110805e+00
2.238888888888888928e+00
2.277777777777777679e+00
2.327777777777777501e+00
2.388888888888888840e+00
2.461111111111110805e+00
2.544444444444444287e+00
2.638888888888888840e+00
2.744444444444444020e+00
2.861111111111110716e+00
2.988888888888888484e+00
3.127777777777776880e+00
3.277777777777777235e+00
3.438888888888888662e+00
3.277777777777778123e+00
3.116666666666667140e+00
2.966666666666666785e+00
2.827777777777777946e+00
2.700000000000000178e+00
2.583333333333333481e+00
2.477777777777777857e+00
2.383333333333333748e+00
2.300000000000000266e+00
2.227777777777777857e+00
2.166666666666666963e+00
2.116666666666666696e+00
2.077777777777777946e+00
2.050000000000000266e+00
2.033333333333333659e+00
2.027777777777778123e+00
2.033333333333333659e+00
2.050000000000000266e+00
2.077777777777777946e+00
2.116666666666666696e+00
2.166666666666666963e+00
2.227777777777777857e+00
2.300000000000000266e+00
2.383333333333333304e+00
2.477777777777777857e+00
2.583333333333333037e+00
2.700000000000000178e+00
2.827777777777777946e+00
2.966666666666666341e+00
3.116666666666666696e+00
3.277777777777778123e+00
3.127777777777777324e+00
2.966666666666666785e+00
2.816666666666666430e+00
2.677777777777777590e+00
2.549999999999999822e+00
2.433333333333333126e+00
2.327777777777777501e+00
2.233333333333332948e+00
2.149999999999999911e+00
2.077777777777777501e+00
2.016666666666666607e+00
1.966666666666666341e+00
1.927777777777777590e+00
1.899999999999999911e+00
1.883333333333333082e+00
1.877777777777777546e+00
1.883333333333333082e+00
1.899999999999999689e+00
1.927777777777777590e+00
1.966666666666666341e+00
2.016666666666666163e+00
2.077777777777777501e+00
2.149999999999999467e+00
2.233333333333332948e+00
2.327777777777777501e+00
2.433333333333332682e+00
2.549999999999999378e+00
2.677777777777777590e+00
2.816666666666665986e+00
2.966666666666665897e+00
3.127777777777777324e+00
2.988888888888888484e+00
2.827777777777777946e+00
2.677777777777777590e+00
2.538888888888888751e+00
2.411111111111110983e+00
2.294444444444444287e+00
2.188888888888888662e+00
2.094444444444444553e+00
2.011111111111111072e+00
1.938888888888888662e+00
1.877777777777777768e+00
1.827777777777777724e+00
1.788888888888888751e+00
1.761111111111111072e+00
1.744444444444444464e+00
1.738888888888888928e+00
1.744444444444444464e+00
1.761111111111111072e+00
1.788888888888888751e+00
1.827777777777777501e+00
1.877777777777777768e+00
1.938888888888888662e+00
2.011111111111111072e+00
2.094444444444444109e+00
2.188888888888888662e+00
2.294444444444443842e+00
2.411111111111110983e+00
2.538888888888888751e+00
2.677777777777777146e+00
2.827777777777777501e+00
2.988888888888888484e+00
2.861111111111111160e+00
2.700000000000000178e+00
2.549999999999999822e+00
2.411111111111110983e+00
2.283333333333333659e+00
2.166666666666666963e+00
2.061111111111111338e+00
1.966666666666666785e+00
1.883333333333333304e+00
1.811111111111111338e+00
1.750000000000000000e+00
1.700000000000000178e+00
1.661111111111111205e+00
1.633333333333333304e+00
1.616666666666666696e+00
1.611111111111111160e+00
1.616666666666666696e+00
1.633333333333333304e+00
1.661111111111111205e+00
1.700000000000000178e+00
1.750000000000000000e+00
1.811111111111111338e+00
1.883333333333333304e+00
1.966666666666666341e+00
2.061111111111111338e+00
2.166666666666666519e+00
2.283333333333333215e+00
2.411111111111110983e+00
2.549999999999999378e+00
2.699999999999999734e+00
2.861111111111111160e+00
2.744444444444444464e+00
2.583333333333333481e+00
2.433333333333333126e+00
2.294444444444444287e+00
2.166666666666666963e+00
2.050000000000000266e+00
1.944444444444444642e+00
1.850000000000000089e+00
1.766666666666666607e+00
1.694444444444444642e+00
1.633333333333333304e+00
1.583333333333333481e+00
1.544444444444444509e+00
1.516666666666666607e+00
1.500000000000000000e+00
1.494444444444444464e+00
1.500000000000000000e+00
1.516666666666666607e+00
1.544444444444444509e+00
1.583333333333333481e+00
1.633333333333333304e+00
1.694444444444444642e+00
1.766666666666666607e+00
1.849999999999999867e+00
1.944444444444444642e+00
2.049999999999999822e+00
2.166666666666666519e+00
2.294444444444444287e+00
2.433333333333332682e+00
2.583333333333333037e+00
2.744444444444444464e+00
2.638888888888888840e+00
2.477777777777777857e+00
2.327777777777777501e+00
2.188888888888888662e+00
2.061111111111111338e+00
1.944444444444444642e+00
1.838888888888888795e+00
1.744444444444444464e+00
1.661111111111110983e+00
1.588888888888888795e+00
1.527777777777777679e+00
1.477777777777777857e+00
1.438888888888888662e+00
1.411111111111110983e+00
1.394444444444444375e+00
1.388888888888888840e+00
1.394444444444444375e+00
1.411111111111110983e+00
1.438888888888888662e+00
1.477777777777777635e+00
1.527777777777777679e+00
1.588888888888888795e+00
1.661111111111110983e+00
1.744444444444444020e+00
1.838888888888888795e+00
1.944444444444444198e+00
2.061111111111110894e+00
2.188888888888888662e+00
2.327777777777777057e+00
2.477777777777777413e+00
2.638888888888888840e+00
2.544444444444444287e+00
2.383333333333333748e+00
2.233333333333332948e+00
2.094444444444444553e+00
1.966666666666666785e+00
1.850000000000000089e+00
1.744444444444444464e+00
1.649999999999999911e+00
1.566666666666666874e+00
1.494444444444444464e+00
1.433333333333333348e+00
1.383333333333333304e+00
1.344444444444444331e+00
1.316666666666666652e+00
1.300000000000000044e+00
1.294444444444444287e+00
1.299999999999999822e+00
1.316666666666666652e+00
1.344444444444444331e+00
1.383333333333333304e+00
1.433333333333333126e+00
1.494444444444444464e+00
1.566666666666666430e+00
1.649999999999999911e+00
1.744444444444444464e+00
1.849999999999999645e+00
1.966666666666666341e+00
2.094444444444444553e+00
2.233333333333332948e+00
2.383333333333332860e+00
2.544444444444444287e+00
2.461111111111111249e+00
2.300000000000000266e+00
2.149999999999999911e+00
2.011111111111111072e+00
1.883333333333333304e+00
1.766666666666666607e+00
1.661111111111110983e+00
1.566666666666666874e+00
1.483333333333333393e+00
1.411111111111110983e+00
1.350000000000000089e+00
1.300000000000000044e+00
1.261111111111111072e+00
1.233333333333333393e+00
1.216666666666666785e+00
1.211111111111111027e+00
1.216666666666666563e+00
1.233333333333333393e+00
1.261111111111111072e+00
1.299999999999999822e+00
1.349999999999999867e+00
1.411111111111110983e+00
1.483333333333333393e+00
1.566666666666666430e+00
1.661111111111110983e+00
1.766666666666666163e+00
1.883333333333333304e+00
2.011111111111111072e+00
2.149999999999999467e+00
2.299999999999999822e+00
2.461111111111111249e+00
2.388888888888888840e+00
2.227777777777777857e+00
2.077777777777777501e+00
1.938888888888888662e+00
1.811111111111111338e+00
1.694444444444444642e+00
1.588888888888888795e+00
1.494444444444444464e+00
1.411111111111110983e+00
1.338888888888888795e+00
1.277777777777777679e+00
1.227777777777777635e+00
1.188888888888888662e+00
1.161111111111110983e+00
1.144444444444444375e+00
1.138888888888888840e+00
1.144444444444444375e+00
1.161111111111110983e+00
1.188888888888888662e+00
1.227777777777777635e+00
1.277777777777777679e+00
1.338888888888888795e+00
1.411111111111110983e+00
1.494444444444444020e+00
1.588888888888888795e+00
1.694444444444444198e+00
1.811111111111110894e+00
1.938888888888888662e+00
2.077777777777777057e+00
2.227777777777777413e+00
2.388888888888888840e+00
2.327777777777777501e+00
2.166666666666666963e+00
2.016666666666666607e+00
1.877777777777777768e+00
1.750000000000000000e+00
1.633333333333333304e+00
1.527777777777777679e+00
1.433333333333333348e+00
1.350000000000000089e+00
1.277777777777777679e+00
1.216666666666666563e+00
1.166666666666666519e+00
1.127777777777777768e+00
1.099999999999999867e+00
1.083333333333333259e+00
1.077777777777777724e+00
1.083333333333333259e+00
1.099999999999999867e+00
1.127777777777777768e+00
1.166666666666666519e+00
1.216666666666666563e+00
1.277777777777777679e+00
1.349999999999999867e+00
1.433333333333333126e+00
1.527777777777777679e+00
1.633333333333332860e+00
1.749999999999999778e+00
1.877777777777777768e+00
2.016666666666666163e+00
2.166666666666666075e+00
2.327777777777777501e+00
2.277777777777777679e+00
2.116666666666666696e+00
1.966666666666666341e+00
1.827777777777777724e+00
1.700000000000000178e+00
1.583333333333333481e+00
1.477777777777777857e+00
1.383333333333333304e+00
1.300000000000000044e+00
1.227777777777777635e+00
1.166666666666666519e+00
1.116666666666666696e+00
1.077777777777777724e+00
1.049999999999999822e+00
1.033333333333333215e+00
1.027777777777777679e+00
1.033333333333333215e+00
1.049999999999999822e+00
1.077777777777777724e+00
1.116666666666666474e+00
1.166666666666666519e+00
1.227777777777777635e+00
1.299999999999999822e+00
1.383333333333333082e+00
1.477777777777777857e+00
1.583333333333333037e+00
1.699999999999999734e+00
1.827777777777777724e+00
1.966666666666665897e+00
2.116666666666666252e+00
2.277777777777777679e+00
2.238888888888888928e+00
2.077777777777777946e+00
1.927777777777777590e+00
1.788888888888888751e+00
1.661111111111111205e+00
1.544444444444444509e+00
1.438888888888888662e+00
1.344444444444444331e+00
1.261111111111111072e+00
1.188888888888888662e+00
1.127777777777777768e+00
1.077777777777777724e+00
1.038888888888888751e+00
1.011111111111111072e+00
9.944444444444443532e-01
9.888888888888888173e-01
9.944444444444443532e-01
1.011111111111111072e+00
1.038888888888888751e+00
1.077777777777777501e+00
1.127777777777777546e+00
1.188888888888888662e+00
1.261111111111110850e+00
1.344444444444444109e+00
1.438888888888888662e+00
1.544444444444444065e+00
1.661111111111110983e+00
1.788888888888888751e+00
1.927777777777777146e+00
2.077777777777777501e+00
2.238888888888888928e+00
2.211111111111110805e+00
2.050000000000000266e+00
1.899999999999999911e+00
1.761111111111111072e+00
1.633333333333333304e+00
1.516666666666666607e+00
1.411111111111110983e+00
1.316666666666666652e+00
1.233333333333333393e+00
1.161111111111110983e+00
1.099999999999999867e+00
1.049999999999999822e+00
1.011111111111111072e+00
9.833333333333332815e-01
9.666666666666665630e-01
9.611111111111110272e-01
9.666666666666665630e-01
9.833333333333331705e-01
1.011111111111111072e+00
1.049999999999999822e+00
1.099999999999999867e+00
1.161111111111110983e+00
1.233333333333333171e+00
1.316666666666666430e+00
1.411111111111110983e+00
1.516666666666666163e+00
1.633333333333333082e+00
1.761111111111111072e+00
1.899999999999999467e+00
2.049999999999999378e+00
2.211111111111110805e+00
2.194444444444444198e+00
2.033333333333333659e+00
1.883333333333333082e+00
1.744444444444444464e+00
1.616666666666666696e+00
1.500000000000000000e+00
1.394444444444444375e+00
1.300000000000000044e+00
1.216666666666666785e+00
1.144444444444444375e+00
1.083333333333333259e+00
1.033333333333333215e+00
9.944444444444443532e-01
9.666666666666665630e-01
9.499999999999999556e-01
9.444444444444443088e-01
9.499999999999998446e-01
9.666666666666665630e-01
9.944444444444443532e-01
1.033333333333333215e+00
1.083333333333333037e+00
1.144444444444444375e+00
1.216666666666666563e+00
1.299999999999999822e+00
1.394444444444444375e+00
1.499999999999999556e+00
1.616666666666666252e+00
1.744444444444444464e+00
1.883333333333332860e+00
2.033333333333332771e+00
2.194444444444444198e+00
2.188888888888888662e+00
2.027777777777778123e+00
1.877777777777777546e+00
1.738888888888888928e+00
1.611111111111111160e+00
1.494444444444444464e+00
1.388888888888888840e+00
1.294444444444444287e+00
1.211111111111111027e+00
1.138888888888888840e+00
1.077777777777777724e+00
1.027777777777777679e+00
9.888888888888888173e-01
9.611111111111110272e-01
9.444444444444443088e-01
9.388888888888887729e-01
9.444444444444443088e-01
9.611111111111109162e-01
9.888888888888888173e-01
1.027777777777777679e+00
1.077777777777777501e+00
1.138888888888888840e+00
1.211111111111110805e+00
1.294444444444444287e+00
1.388888888888888840e+00
1.494444444444444020e+00
1.611111111111110716e+00
1.738888888888888928e+00
1.877777777777777324e+00
2.027777777777777235e+00
2.188888888888888662e+00
2.194444444444444198e+00
2.033333333333333659e+00
1.883333333333333082e+00
1.744444444444444464e+00
1.616666666666666696e+00
1.500000000000000000e+00
1.394444444444444375e+00
1.299999999999999822e+00
1.216666666666666563e+00
1.144444444444444375e+00
1.083333333333333259e+00
1.033333333333333215e+00
9.944444444444443532e-01
9.666666666666665630e-01
9.499999999999998446e-01
9.444444444444443088e-01
9.499999999999998446e-01
9.666666666666664520e-01
9.944444444444443532e-01
1.033333333333333215e+00
1.083333333333333037e+00
1.144444444444444375e+00
1.216666666666666341e+00
1.299999999999999822e+00
1.394444444444444375e+00
1.499999999999999556e+00
1.616666666666666252e+00
1.744444444444444464e+00
1.883333333333332860e+00
2.033333333333332771e+00
2.194444444444444198e+00
2.211111111111110805e+00
2.050000000000000266e+00
1.899999999999999689e+00
1.761111111111111072e+00
1.633333333333333304e+00
1.516666666666666607e+00
1.411111111111110983e+00
1.316666666666666652e+00
1.233333333333333393e+00
1.161111111111110983e+00
1.099999999999999867e+00
1.049999999999999822e+00
1.011111111111111072e+00
9.833333333333331705e-01
9.666666666666665630e-01
9.611111111111109162e-01
9.666666666666664520e-01
9.833333333333331705e-01
1.011111111111111072e+00
1.049999999999999822e+00
1.099999999999999645e+00
1.161111111111110983e+00
1.233333333333333171e+00
1.316666666666666430e+00
1.411111111111110983e+00
1.516666666666666163e+00
1.633333333333332860e+00
1.761111111111111072e+00
1.899999999999999467e+00
2.049999999999999378e+00
2.211111111111110805e+00
2.238888888888888928e+00
2.077777777777777946e+00
1.927777777777777590e+00
1.788888888888888751e+00
1.661111111111111205e+00
1.544444444444444509e+00
1.438888888888888662e+00
1.344444444444444331e+00
1.261111111111111072e+00
1.188888888888888662e+00
1.127777777777777768e+00
1.077777777777777724e+00
1.038888888888888751e+00
1.011111111111111072e+00
9.944444444444443532e-01
9.888888888888888173e-01
9.944444444444443532e-01
1.011111111111111072e+00
1.038888888888888751e+00
1.077777777777777501e+00
1.127777777777777546e+00
1.188888888888888662e+00
1.261111111111110850e+00
1.344444444444444109e+00
1.438888888888888662e+00
1.544444444444444065e+00
1.661111111111110983e+00
1.788888888888888751e+00
1.927777777777777146e+00
2.077777777777777501e+00
2.238888888888888928e+00
2.277777777777777679e+00
2.116666666666666696e+00
1.966666666666666341e+00
1.827777777777777501e+00
1.700000000000000178e+00
1.583333333333333481e+00
1.477777777777777635e+00
1.383333333333333304e+00
1.299999999999999822e+00
1.227777777777777635e+00
1.166666666666666519e+00
1.116666666666666474e+00
1.077777777777777501e+00
1.049999999999999822e+00
1.033333333333333215e+00
1.027777777777777679e+00
1.033333333333333215e+00
1.049999999999999822e+00
1.077777777777777501e+00
1.116666666666666474e+00
1.166666666666666519e+00
1.227777777777777635e+00
1.299999999999999822e+00
1.383333333333333082e+00
1.477777777777777635e+00
1.583333333333333037e+00
1.699999999999999734e+00
1.827777777777777501e+00
1.966666666666665897e+00
2.116666666666666252e+00
2.277777777777777679e+00
2.327777777777777501e+00
2.166666666666666963e+00
2.016666666666666163e+00
1.877777777777777768e+00
1.750000000000000000e+00
1.633333333333333304e+00
1.527777777777777679e+00
1.433333333333333126e+00
1.349999999999999867e+00
1.277777777777777679e+00
1.216666666666666563e+00
1.166666666666666519e+00
1.127777777777777546e+00
1.099999999999999867e+00
1.083333333333333037e+00
1.077777777777777501e+00
1.083333333333333037e+00
1.099999999999999645e+00
1.127777777777777546e+00
1.166666666666666519e+00
1.216666666666666341e+00
1.277777777777777679e+00
1.349999999999999645e+00
1.433333333333333126e+00
1.527777777777777679e+00
1.633333333333332860e+00
1.749999999999999556e+00
1.877777777777777768e+00
2.016666666666666163e+00
2.166666666666666075e+00
2.327777777777777501e+00
2.388888888888888840e+00
2.227777777777777857e+00
2.077777777777777501e+00
1.938888888888888662e+00
1.811111111111111338e+00
1.694444444444444642e+00
1.588888888888888795e+00
1.494444444444444464e+00
1.411111111111110983e+00
1.338888888888888795e+00
1.277777777777777679e+00
1.227777777777777635e+00
1.188888888888888662e+00
1.161111111111110983e+00
1.144444444444444375e+00
1.138888888888888840e+00
1.144444444444444375e+00
1.161111111111110983e+00
1.188888888888888662e+00
1.227777777777777635e+00
1.277777777777777679e+00
1.338888888888888795e+00
1.411111111111110983e+00
1.494444444444444020e+00
1.588888888888888795e+00
1.694444444444444198e+00
1.811111111111110894e+00
1.938888888888888662e+00
2.077777777777777057e+00
2.227777777777777413e+00
2.388888888888888840e+00
2.461111111111110805e+00
2.300000000000000266e+00
2.149999999999999467e+00
2.011111111111111072e+00
1.883333333333333304e+00
1.766666666666666607e+00
1.661111111111110983e+00
1.566666666666666430e+00
1.483333333333333393e+00
1.411111111111110983e+00
1.349999999999999867e+00
1.299999999999999822e+00
1.261111111111110850e+00
1.233333333333333171e+00
1.216666666666666563e+00
1.211111111111110805e+00
1.216666666666666341e+00
1.233333333333333171e+00
1.261111111111110850e+00
1.299999999999999822e+00
1.349999999999999645e+00
1.411111111111110983e+00
1.483333333333332948e+00
1.566666666666666430e+00
1.661111111111110983e+00
1.766666666666666163e+00
1.883333333333332860e+00
2.011111111111111072e+00
2.149999999999999467e+00
2.299999999999999378e+00
2.461111111111110805e+00
2.544444444444444287e+00
2.383333333333333304e+00
2.233333333333332948e+00
2.094444444444444109e+00
1.966666666666666341e+00
1.849999999999999867e+00
1.744444444444444020e+00
1.649999999999999911e+00
1.566666666666666430e+00
1.494444444444444020e+00
1.433333333333333126e+00
1.383333333333333082e+00
1.344444444444444109e+00
1.316666666666666430e+00
1.299999999999999822e+00
1.294444444444444287e+00
1.299999999999999822e+00
1.316666666666666430e+00
1.344444444444444109e+00
1.383333333333333082e+00
1.433333333333333126e+00
1.494444444444444020e+00
1.566666666666666430e+00
1.649999999999999467e+00
1.744444444444444020e+00
1.849999999999999423e+00
1.966666666666666341e+00
2.094444444444444109e+00
2.233333333333332504e+00
2.383333333333332860e+00
2.544444444444444287e+00
2.638888888888888840e+00
2.477777777777777857e+00
2.327777777777777501e+00
2.188888888888888662e+00
2.061111111111111338e+00
1.944444444444444642e+00
1.838888888888888795e+00
1.744444444444444464e+00
1.661111111111110983e+00
1.588888888888888795e+00
1.527777777777777679e+00
1.477777777777777857e+00
1.438888888888888662e+00
1.411111111111110983e+00
1.394444444444444375e+00
1.388888888888888840e+00
1.394444444444444375e+00
1.411111111111110983e+00
1.438888888888888662e+00
1.477777777777777635e+00
1.527777777777777679e+00
1.588888888888888795e+00
1.661111111111110983e+00
1.744444444444444020e+00
1.838888888888888795e+00
1.944444444444444198e+00
2.061111111111110894e+00
2.188888888888888662e+00
2.327777777777777057e+00
2.477777777777777413e+00
2.638888888888888840e+00
2.744444444444444020e+00
2.583333333333333037e+00
2.433333333333332682e+00
2.294444444444443842e+00
2.166666666666666519e+00
2.049999999999999822e+00
1.944444444444444198e+00
1.849999999999999645e+00
1.766666666666666163e+00
1.694444444444444198e+00
1.633333333333332860e+00
1.583333333333333037e+00
1.544444444444444065e+00
1.516666666666666163e+00
1.499999999999999556e+00
1.494444444444444020e+00
1.499999999999999556e+00
1.516666666666666163e+00
1.544444444444444065e+00
1.583333333333333037e+00
1.633333333333332860e+00
1.694444444444444198e+00
1.766666666666666163e+00
1.849999999999999423e+00
1.944444444444444198e+00
2.049999999999999378e+00
2.166666666666666075e+00
2.294444444444443842e+00
2.433333333333332238e+00
2.583333333333332593e+00
2.744444444444444020e+00
2.861111111111110716e+00
2.700000000000000178e+00
2.549999999999999378e+00
2.411111111111110983e+00
2.283333333333333215e+00
2.166666666666666519e+00
2.061111111111110894e+00
1.966666666666666341e+00
1.883333333333333304e+00
1.811111111111110894e+00
1.749999999999999778e+00
1.699999999999999734e+00
1.661111111111110983e+00
1.633333333333333082e+00
1.616666666666666252e+00
1.611111111111110716e+00
1.616666666666666252e+00
1.633333333333332860e+00
1.661111111111110983e+00
1.699999999999999734e+00
1.749999999999999556e+00
1.811111111111110894e+00
1.883333333333332860e+00
1.966666666666666341e+00
2.061111111111110894e+00
2.166666666666666075e+00
2.283333333333332771e+00
2.411111111111110983e+00
2.549999999999999378e+00
2.699999999999999289e+00
2.861111111111110716e+00
2.988888888888888484e+00
2.827777777777777946e+00
2.677777777777777590e+00
2.538888888888888751e+00
2.411111111111110983e+00
2.294444444444444287e+00
2.188888888888888662e+00
2.094444444444444553e+00
2.011111111111111072e+00
1.938888888888888662e+00
1.877777777777777768e+00
1.827777777777777724e+00
1.788888888888888751e+00
1.761111111111111072e+00
1.744444444444444464e+00
1.738888888888888928e+00
1.744444444444444464e+00
1.761111111111111072e+00
1.788888888888888751e+00
1.827777777777777501e+00
1.877777777777777768e+00
1.938888888888888662e+00
2.011111111111111072e+00
2.094444444444444109e+00
2.188888888888888662e+00
2.294444444444443842e+00
2.411111111111110983e+00
2.538888888888888751e+00
2.677777777777777146e+00
2.827777777777777501e+00
2.988888888888888484e+00
3.127777777777776880e+00
2.966666666666666341e+00
2.816666666666665986e+00
2.677777777777777146e+00
2.549999999999999378e+00
2.433333333333332682e+00
2.327777777777777057e+00
2.233333333333332948e+00
2.149999999999999467e+00
2.077777777777777057e+00
2.016666666666666163e+00
1.966666666666665897e+00
1.927777777777777146e+00
1.899999999999999467e+00
1.883333333333332860e+00
1.877777777777777324e+00
1.883333333333332860e+00
1.899999999999999467e+00
1.927777777777777146e+00
1.966666666666665897e+00
2.016666666666666163e+00
2.077777777777777057e+00
2.149999999999999467e+00
2.233333333333332504e+00
2.327777777777777057e+00
2.433333333333332238e+00
2.549999999999999378e+00
2.677777777777777146e+00
2.816666666666665542e+00
2.966666666666665453e+00
3.127777777777776880e+00
3.277777777777777235e+00
3.116666666666666696e+00
2.966666666666665897e+00
2.827777777777777501e+00
2.699999999999999734e+00
2.583333333333333037e+00
2.477777777777777413e+00
2.383333333333332860e+00
2.299999999999999822e+00
2.227777777777777413e+00
2.166666666666666075e+00
2.116666666666666252e+00
2.077777777777777501e+00
2.049999999999999378e+00
2.033333333333332771e+00
2.027777777777777235e+00
2.033333333333332771e+00
2.049999999999999378e+00
2.077777777777777501e+00
2.116666666666666252e+00
2.166666666666666075e+00
2.227777777777777413e+00
2.299999999999999378e+00
2.383333333333332860e+00
2.477777777777777413e+00
2.583333333333332593e+00
2.699999999999999289e+00
2.827777777777777501e+00
2.966666666666665453e+00
3.116666666666665808e+00
3.277777777777777235e+00
3.438888888888888662e+00
3.277777777777778123e+00
3.127777777777777324e+00
2.988888888888888484e+00
2.861111111111111160e+00
2.744444444444444464e+00
2.638888888888888840e+00
2.544444444444444287e+00
2.461111111111111249e+00
2.388888888888888840e+00
2.327777777777777501e+00
2.277777777777777679e+00
2.238888888888888928e+00
2.211111111111110805e+00
2.194444444444444198e+00
2.188888888888888662e+00
2.194444444444444198e+00
2.211111111111110805e+00
2.238888888888888928e+00
2.277777777777777679e+00
2.327777777777777501e+00
2.388888888888888840e+00
2.461111111111110805e+00
2.544444444444444287e+00
2.638888888888888840e+00
2.744444444444444020e+00
2.861111111111110716e+00
2.988888888888888484e+00
3.127777777777776880e+00
3.277777777777777235e+00
3.438888888888888662e+00
3.299999999999999822e+00
3.138888888888889284e+00
2.988888888888888928e+00
2.849999999999999645e+00
2.722222222222222321e+00
2.605555555555556069e+00
2.500000000000000000e+00
2.405555555555555891e+00
2.322222222222222410e+00
2.250000000000000000e+00
2.188888888888889106e+00
2.138888888888889284e+00
2.100000000000000089e+00
2.072222222222221966e+00
2.055555555555555358e+00
2.049999999999999822e+00
2.055555555555555358e+00
2.072222222222221966e+00
2.100000000000000089e+00
2.138888888888888840e+00
2.188888888888889106e+00
2.250000000000000000e+00
2.322222222222221966e+00
2.405555555555555447e+00
2.500000000000000000e+00
2.605555555555555181e+00
2.722222222222222321e+00
2.849999999999999645e+00
2.988888888888888040e+00
3.138888888888888395e+00
3.299999999999999822e+00
3.138888888888889284e+00
2.977777777777778745e+00
2.827777777777778390e+00
2.688888888888889106e+00
2.561111111111111782e+00
2.444444444444444642e+00
2.338888888888889461e+00
2.244444444444444908e+00
2.161111111111111427e+00
2.088888888888889461e+00
2.027777777777778123e+00
1.977777777777778079e+00
1.938888888888889328e+00
1.911111111111111427e+00
1.894444444444444819e+00
1.888888888888889284e+00
1.894444444444444819e+00
1.911111111111111427e+00
1.938888888888889328e+00
1.977777777777778079e+00
2.027777777777778123e+00
2.088888888888889461e+00
2.161111111111111427e+00
2.244444444444444464e+00
2.338888888888889461e+00
2.444444444444444642e+00
2.561111111111111338e+00
2.688888888888889106e+00
2.827777777777777501e+00
2.977777777777777857e+00
3.138888888888889284e+00
2.988888888888888928e+00
2.827777777777778390e+00
2.677777777777777590e+00
2.538888888888888751e+00
2.411111111111111427e+00
2.294444444444444287e+00
2.188888888888889106e+00
2.094444444444444109e+00
2.011111111111111072e+00
1.938888888888888884e+00
1.877777777777777768e+00
1.827777777777777724e+00
1.788888888888888751e+00
1.761111111111111072e+00
1.744444444444444464e+00
1.738888888888888928e+00
1.744444444444444464e+00
1.761111111111111072e+00
1.788888888888888751e+00
1.827777777777777724e+00
1.877777777777777546e+00
1.938888888888888884e+00
2.011111111111111072e+00
2.094444444444444109e+00
2.188888888888889106e+00
2.294444444444444287e+00
2.411111111111110539e+00
2.538888888888888751e+00
2.677777777777777146e+00
2.827777777777777501e+00
2.988888888888888928e+00
2.849999999999999645e+00
2.688888888888889106e+00
2.538888888888888751e+00
2.400000000000000355e+00
2.272222222222222143e+00
2.155555555555555891e+00
2.049999999999999822e+00
1.955555555555555713e+00
1.872222222222222454e+00
1.800000000000000044e+00
1.738888888888888928e+00
1.688888888888889106e+00
1.650000000000000133e+00
1.622222222222222232e+00
1.605555555555555625e+00
1.600000000000000089e+00
1.605555555555555625e+00
1.622222222222222232e+00
1.650000000000000133e+00
1.688888888888888884e+00
1.738888888888888928e+00
1.800000000000000044e+00
1.872222222222222232e+00
1.955555555555555491e+00
2.049999999999999822e+00
2.155555555555555003e+00
2.272222222222222143e+00
2.400000000000000355e+00
2.538888888888888751e+00
2.688888888888888662e+00
2.849999999999999645e+00
2.722222222222222321e+00
2.561111111111111782e+00
2.411111111111111427e+00
2.272222222222222143e+00
2.144444444444444819e+00
2.027777777777778123e+00
1.922222222222222499e+00
1.827777777777778168e+00
1.744444444444444686e+00
1.672222222222222499e+00
1.611111111111111382e+00
1.561111111111111338e+00
1.522222222222222587e+00
1.494444444444444686e+00
1.477777777777777857e+00
1.472222222222222321e+00
1.477777777777777857e+00
1.494444444444444464e+00
1.522222222222222587e+00
1.561111111111111338e+00
1.611111111111111160e+00
1.672222222222222499e+00
1.744444444444444464e+00
1.827777777777777724e+00
1.922222222222222499e+00
2.027777777777777679e+00
2.144444444444444819e+00
2.272222222222222143e+00
2.411111111111110539e+00
2.561111111111110894e+00
2.722222222222222321e+00
2.605555555555556069e+00
2.444444444444444642e+00
2.294444444444444287e+00
2.155555555555555891e+00
2.027777777777778123e+00
1.911111111111111427e+00
1.805555555555555802e+00
1.711111111111111249e+00
1.627777777777777990e+00
1.555555555555555802e+00
1.494444444444444686e+00
1.444444444444444642e+00
1.405555555555555891e+00
1.377777777777777990e+00
1.361111111111111160e+00
1.355555555555555625e+00
1.361111111111111160e+00
1.377777777777777768e+00
1.405555555555555891e+00
1.444444444444444642e+00
1.494444444444444464e+00
1.555555555555555802e+00
1.627777777777777768e+00
1.711111111111111249e+00
1.805555555555555802e+00
1.911111111111110983e+00
2.027777777777777679e+00
2.155555555555555891e+00
2.294444444444444287e+00
2.444444444444444642e+00
2.605555555555556069e+00
2.500000000000000000e+00
2.338888888888889461e+00
2.188888888888889106e+00
2.049999999999999822e+00
1.922222222222222499e+00
1.805555555555555802e+00
1.700000000000000178e+00
1.605555555555555625e+00
1.522222222222222365e+00
1.450000000000000178e+00
1.388888888888888840e+00
1.338888888888889017e+00
1.300000000000000044e+00
1.272222222222222365e+00
1.255555555555555536e+00
1.250000000000000000e+00
1.255555555555555536e+00
1.272222222222222143e+00
1.300000000000000044e+00
1.338888888888889017e+00
1.388888888888888840e+00
1.450000000000000178e+00
1.522222222222222143e+00
1.605555555555555403e+00
1.700000000000000178e+00
1.805555555555555358e+00
1.922222222222222054e+00
2.049999999999999822e+00
2.188888888888888218e+00
2.338888888888888573e+00
2.500000000000000000e+00
2.405555555555555891e+00
2.244444444444444908e+00
2.094444444444444109e+00
1.955555555555555713e+00
1.827777777777778168e+00
1.711111111111111249e+00
1.605555555555555625e+00
1.511111111111111294e+00
1.427777777777778034e+00
1.355555555555555625e+00
1.294444444444444731e+00
1.244444444444444464e+00
1.205555555555555713e+00
1.177777777777778034e+00
1.161111111111111205e+00
1.155555555555555669e+00
1.161111111111111205e+00
1.177777777777777812e+00
1.205555555555555713e+00
1.244444444444444464e+00
1.294444444444444509e+00
1.355555555555555625e+00
1.427777777777777812e+00
1.511111111111111072e+00
1.605555555555555625e+00
1.711111111111110805e+00
1.827777777777777724e+00
1.955555555555555713e+00
2.094444444444444109e+00
2.244444444444444464e+00
2.405555555555555891e+00
2.322222222222222410e+00
2.161111111111111427e+00
2.011111111111111072e+00
1.872222222222222454e+00
1.744444444444444686e+00
1.627777777777777990e+00
1.522222222222222365e+00
1.427777777777778034e+00
1.344444444444444553e+00
1.272222222222222365e+00
1.211111111111111249e+00
1.161111111111111205e+00
1.122222222222222232e+00
1.094444444444444553e+00
1.077777777777777946e+00
1.072222222222222410e+00
1.077777777777777946e+00
1.094444444444444553e+00
1.122222222222222232e+00
1.161111111111111205e+00
1.211111111111111249e+00
1.272222222222222365e+00
1.344444444444444553e+00
1.427777777777777812e+00
1.522222222222222365e+00
1.627777777777777546e+00
1.744444444444444464e+00
1.872222222222222454e+00
2.011111111111111072e+00
2.161111111111110983e+00
2.322222222222222410e+00
2.250000000000000000e+00
2.088888888888889461e+00
1.938888888888888884e+00
1.800000000000000044e+00
1.672222222222222499e+00
1.555555555555555802e+00
1.450000000000000178e+00
1.355555555555555625e+00
1.272222222222222365e+00
1.200000000000000178e+00
1.138888888888888840e+00
1.088888888888889017e+00
1.050000000000000044e+00
1.022222222222222365e+00
1.005555555555555536e+00
1.000000000000000000e+00
1.005555555555555536e+00
1.022222222222222143e+00
1.050000000000000044e+00
1.088888888888889017e+00
1.138888888888888840e+00
1.200000000000000178e+00
1.272222222222222143e+00
1.355555555555555403e+00
1.450000000000000178e+00
1.555555555555555358e+00
1.672222222222222054e+00
1.800000000000000044e+00
1.938888888888888440e+00
2.088888888888888573e+00
2.250000000000000000e+00
2.188888888888889106e+00
2.027777777777778123e+00
1.877777777777777768e+00
1.738888888888888928e+00
1.611111111111111382e+00
1.494444444444444686e+00
1.388888888888888840e+00
1.294444444444444731e+00
1.211111111111111249e+00
1.138888888888888840e+00
1.077777777777777946e+00
1.027777777777777901e+00
9.888888888888889284e-01
9.611111111111112493e-01
9.444444444444445308e-01
9.388888888888889950e-01
9.444444444444445308e-01
9.611111111111111382e-01
9.888888888888889284e-01
1.027777777777777901e+00
1.077777777777777724e+00
1.138888888888888840e+00
1.211111111111111249e+00
1.294444444444444287e+00
1.388888888888888840e+00
1.494444444444444242e+00
1.611111111111111160e+00
1.738888888888888928e+00
1.877777777777777324e+00
2.027777777777777679e+00
2.188888888888889106e+00
2.138888888888889284e+00
1.977777777777778079e+00
1.827777777777777724e+00
1.688888888888889106e+00
1.561111111111111338e+00
1.444444444444444642e+00
1.338888888888889017e+00
1.244444444444444464e+00
1.161111111111111205e+00
1.088888888888889017e+00
1.027777777777777901e+00
9.777777777777778567e-01
9.388888888888888840e-01
9.111111111111112049e-01
8.944444444444444864e-01
8.888888888888889506e-01
8.944444444444444864e-01
9.111111111111110938e-01
9.388888888888888840e-01
9.777777777777778567e-01
1.027777777777777679e+00
1.088888888888889017e+00
1.161111111111110983e+00
1.244444444444444464e+00
1.338888888888889017e+00
1.444444444444444198e+00
1.561111111111110894e+00
1.688888888888889106e+00
1.827777777777777279e+00
1.977777777777777635e+00
2.138888888888889284e+00
2.100000000000000089e+00
1.938888888888889328e+00
1.788888888888888751e+00
1.650000000000000133e+00
1.522222222222222587e+00
1.405555555555555891e+00
1.300000000000000044e+00
1.205555555555555713e+00
1.122222222222222232e+00
1.050000000000000044e+00
9.888888888888889284e-01
9.388888888888888840e-01
9.000000000000000222e-01
8.722222222222222321e-01
8.555555555555556246e-01
8.500000000000000888e-01
8.555555555555556246e-01
8.722222222222222321e-01
9.000000000000000222e-01
9.388888888888888840e-01
9.888888888888889284e-01
1.050000000000000044e+00
1.122222222222222232e+00
1.205555555555555491e+00
1.300000000000000044e+00
1.405555555555555447e+00
1.522222222222222143e+00
1.650000000000000133e+00
1.788888888888888529e+00
1.938888888888888662e+00
2.100000000000000089e+00
2.072222222222221966e+00
1.911111111111111427e+00
1.761111111111111072e+00
1.622222222222222232e+00
1.494444444444444686e+00
1.377777777777777990e+00
1.272222222222222365e+00
1.177777777777778034e+00
1.094444444444444553e+00
1.022222222222222365e+00
9.611111111111112493e-01
9.111111111111112049e-01
8.722222222222222321e-01
8.444444444444445530e-01
8.277777777777778345e-01
8.222222222222222987e-01
8.277777777777778345e-01
8.444444444444444420e-01
8.722222222222222321e-01
9.111111111111110938e-01
9.611111111111111382e-01
1.022222222222222365e+00
1.094444444444444553e+00
1.177777777777777590e+00
1.272222222222222365e+00
1.377777777777777546e+00
1.494444444444444464e+00
1.622222222222222232e+00
1.761111111111110628e+00
1.911111111111110761e+00
2.072222222222221966e+00
2.055555555555555358e+00
1.894444444444444819e+00
1.744444444444444464e+00
1.605555555555555625e+00
1.477777777777777857e+00
1.361111111111111160e+00
1.255555555555555536e+00
1.161111111111111205e+00
1.077777777777777946e+00
1.005555555555555536e+00
9.444444444444445308e-01
8.944444444444444864e-01
8.555555555555556246e-01
8.277777777777778345e-01
8.111111111111112271e-01
8.055555555555555802e-01
8.111111111111111160e-01
8.277777777777778345e-01
8.555555555555556246e-01
8.944444444444444864e-01
9.444444444444444198e-01
1.005555555555555536e+00
1.077777777777777724e+00
1.161111111111110983e+00
1.255555555555555536e+00
1.361111111111110716e+00
1.477777777777777635e+00
1.605555555555555625e+00
1.744444444444444020e+00
1.894444444444444153e+00
2.055555555555555358e+00
2.049999999999999822e+00
1.888888888888889284e+00
1.738888888888888928e+00
1.600000000000000089e+00
1.472222222222222321e+00
1.355555555555555625e+00
1.250000000000000000e+00
1.155555555555555669e+00
1.072222222222222410e+00
1.000000000000000000e+00
9.388888888888889950e-01
8.888888888888889506e-01
8.500000000000000888e-01
8.222222222222222987e-01
8.055555555555555802e-01
8.000000000000000444e-01
8.055555555555555802e-01
8.222222222222221877e-01
8.500000000000000888e-01
8.888888888888888395e-01
9.388888888888888840e-01
1.000000000000000000e+00
1.072222222222222188e+00
1.155555555555555447e+00
1.250000000000000000e+00
1.355555555555555181e+00
1.472222222222222099e+00
1.600000000000000089e+00
1.738888888888888484e+00
1.888888888888888618e+00
2.049999999999999822e+00
2.055555555555555358e+00
1.894444444444444819e+00
1.744444444444444464e+00
1.605555555555555625e+00
1.477777777777777857e+00
1.361111111111111160e+00
1.255555555555555536e+00
1.161111111111111205e+00
1.077777777777777946e+00
1.005555555555555536e+00
9.444444444444445308e-01
8.944444444444444864e-01
8.555555555555556246e-01
8.277777777777778345e-01
8.111111111111111160e-01
8.055555555555555802e-01
8.111111111111111160e-01
8.277777777777777235e-01
8.555555555555556246e-01
8.944444444444444864e-01
9.444444444444444198e-01
1.005555555555555536e+00
1.077777777777777724e+00
1.161111111111110983e+00
1.255555555555555536e+00
1.361111111111110716e+00
1.477777777777777635e+00
1.605555555555555625e+00
1.744444444444444020e+00
1.894444444444444153e+00
2.055555555555555358e+00
2.072222222222221966e+00
1.911111111111111427e+00
1.761111111111111072e+00
1.622222222222222232e+00
1.494444444444444464e+00
1.377777777777777768e+00
1.272222222222222143e+00
1.177777777777777812e+00
1.094444444444444553e+00
1.022222222222222143e+00
9.611111111111111382e-01
9.111111111111110938e-01
8.722222222222222321e-01
8.444444444444444420e-01
8.277777777777778345e-01
8.222222222222221877e-01
8.277777777777777235e-01
8.444444444444444420e-01
8.722222222222222321e-01
9.111111111111110938e-01
9.611111111111110272e-01
1.022222222222222143e+00
1.094444444444444331e+00
1.177777777777777590e+00
1.272222222222222143e+00
1.377777777777777324e+00
1.494444444444444242e+00
1.622222222222222232e+00
1.761111111111110628e+00
1.911111111111110761e+00
2.072222222222221966e+00
2.100000000000000089e+00
1.938888888888889328e+00
1.788888888888888751e+00
1.650000000000000133e+00
1.522222222222222587e+00
1.405555555555555891e+00
1.300000000000000044e+00
1.205555555555555713e+00
1.122222222222222232e+00
1.050000000000000044e+00
9.888888888888889284e-01
9.388888888888888840e-01
9.000000000000000222e-01
8.722222222222222321e-01
8.555555555555556246e-01
8.500000000000000888e-01
8.555555555555556246e-01
8.722222222222222321e-01
9.000000000000000222e-01
9.388888888888888840e-01
9.888888888888889284e-01
1.050000000000000044e+00
1.122222222222222232e+00
1.205555555555555491e+00
1.300000000000000044e+00
1.405555555555555447e+00
1.522222222222222143e+00
1.650000000000000133e+00
1.788888888888888529e+00
1.938888888888888662e+00
2.100000000000000089e+00
2.138888888888888840e+00
1.977777777777778079e+00
1.827777777777777724e+00
1.688888888888888884e+00
1.561111111111111338e+00
1.444444444444444642e+00
1.338888888888889017e+00
1.244444444444444464e+00
1.161111111111111205e+00
1.088888888888889017e+00
1.027777777777777901e+00
9.777777777777778567e-01
9.388888888888888840e-01
9.111111111111110938e-01
8.944444444444444864e-01
8.888888888888888395e-01
8.944444444444444864e-01
9.111111111111110938e-01
9.388888888888888840e-01
9.777777777777777457e-01
1.027777777777777679e+00
1.088888888888889017e+00
1.161111111111110983e+00
1.244444444444444242e+00
1.338888888888889017e+00
1.444444444444444198e+00
1.561111111111110894e+00
1.688888888888888884e+00
1.827777777777777279e+00
1.977777777777777413e+00
2.138888888888888840e+00
2.188888888888889106e+00
2.027777777777778123e+00
1.877777777777777546e+00
1.738888888888888928e+00
1.611111111111111160e+00
1.494444444444444464e+00
1.388888888888888840e+00
1.294444444444444509e+00
1.211111111111111249e+00
1.138888888888888840e+00
1.077777777777777724e+00
1.027777777777777679e+00
9.888888888888889284e-01
9.611111111111111382e-01
9.444444444444444198e-01
9.388888888888888840e-01
9.444444444444444198e-01
9.611111111111110272e-01
9.888888888888889284e-01
1.027777777777777679e+00
1.077777777777777724e+00
1.138888888888888840e+00
1.211111111111111027e+00
1.294444444444444287e+00
1.388888888888888840e+00
1.494444444444444020e+00
1.611111111111110938e+00
1.738888888888888928e+00
1.877777777777777324e+00
2.027777777777777679e+00
2.188888888888889106e+00
2.250000000000000000e+00
2.088888888888889461e+00
1.938888888888888884e+00
1.800000000000000044e+00
1.672222222222222499e+00
1.555555555555555802e+00
1.450000000000000178e+00
1.355555555555555625e+00
1.272222222222222365e+00
1.200000000000000178e+00
1.138888888888888840e+00
1.088888888888889017e+00
1.050000000000000044e+00
1.022222222222222365e+00
1.005555555555555536e+00
1.000000000000000000e+00
1.005555555555555536e+00
1.022222222222222143e+00
1.050000000000000044e+00
1.088888888888889017e+00
1.138888888888888840e+00
1.200000000000000178e+00
1.272222222222222143e+00
1.355555555555555403e+00
1.450000000000000178e+00
1.555555555555555358e+00
1.672222222222222054e+00
1.800000000000000044e+00
1.938888888888888440e+00
2.088888888888888573e+00
2.250000000000000000e+00
2.322222222222221966e+00
2.161111111111111427e+00
2.011111111111111072e+00
1.872222222222222232e+00
1.744444444444444464e+00
1.627777777777777768e+00
1.522222222222222143e+00
1.427777777777777812e+00
1.344444444444444553e+00
1.272222222222222143e+00
1.211111111111111249e+00
1.161111111111110983e+00
1.122222222222222232e+00
1.094444444444444553e+00
1.077777777777777724e+00
1.072222222222222188e+00
1.077777777777777724e+00
1.094444444444444331e+00
1.122222222222222232e+00
1.161111111111110983e+00
1.211111111111111027e+00
1.272222222222222143e+00
1.344444444444444331e+00
1.427777777777777590e+00
1.522222222222222143e+00
1.627777777777777324e+00
1.744444444444444242e+00
1.872222222222222232e+00
2.011111111111110628e+00
2.161111111111110539e+00
2.322222222222221966e+00
2.405555555555555447e+00
2.244444444444444464e+00
2.094444444444444109e+00
1.955555555555555491e+00
1.827777777777777724e+00
1.711111111111111249e+00
1.605555555555555403e+00
1.511111111111111072e+00
1.427777777777777812e+00
1.355555555555555403e+00
1.294444444444444287e+00
1.244444444444444464e+00
1.205555555555555491e+00
1.177777777777777590e+00
1.161111111111110983e+00
1.155555555555555447e+00
1.161111111111110983e+00
1.177777777777777590e+00
1.205555555555555491e+00
1.244444444444444242e+00
1.294444444444444287e+00
1.355555555555555403e+00
1.427777777777777590e+00
1.511111111111110850e+00
1.605555555555555403e+00
1.711111111111110805e+00
1.827777777777777501e+00
1.955555555555555491e+00
2.094444444444444109e+00
2.244444444444444020e+00
2.405555555555555447e+00
2.500000000000000000e+00
2.338888888888889461e+00
2.188888888888889106e+00
2.049999999999999822e+00
1.922222222222222499e+00
1.805555555555555802e+00
1.700000000000000178e+00
1.605555555555555625e+00
1.522222222222222365e+00
1.450000000000000178e+00
1.388888888888888840e+00
1.338888888888889017e+00
1.300000000000000044e+00
1.272222222222222365e+00
1.255555555555555536e+00
1.250000000000000000e+00
1.255555555555555536e+00
1.272222222222222143e+00
1.300000000000000044e+00
1.338888888888889017e+00
1.388888888888888840e+00
1.450000000000000178e+00
1.522222222222222143e+00
1.605555555555555403e+00
1.700000000000000178e+00
1.805555555555555358e+00
1.922222222222222054e+00
2.049999999999999822e+00
2.188888888888888218e+00
2.338888888888888573e+00
2.500000000000000000e+00
2.605555555555555181e+00
2.444444444444444642e+00
2.294444444444444287e+00
2.155555555555555003e+00
2.027777777777777679e+00
1.911111111111110983e+00
1.805555555555555358e+00
1.711111111111110805e+00
1.627777777777777546e+00
1.555555555555555358e+00
1.494444444444444242e+00
1.444444444444444198e+00
1.405555555555555447e+00
1.377777777777777546e+00
1.361111111111110716e+00
1.355555555555555181e+00
1.361111111111110716e+00
1.377777777777777324e+00
1.405555555555555447e+00
1.444444444444444198e+00
1.494444444444444020e+00
1.555555555555555358e+00
1.627777777777777324e+00
1.711111111111110805e+00
1.805555555555555358e+00
1.911111111111110539e+00
2.027777777777777679e+00
2.155555555555555003e+00
2.294444444444443398e+00
2.444444444444443754e+00
2.605555555555555181e+00
2.722222222222222321e+00
2.561111111111111338e+00
2.411111111111110539e+00
2.272222222222222143e+00
2.144444444444444819e+00
2.027777777777777679e+00
1.922222222222222054e+00
1.827777777777777724e+00
1.744444444444444464e+00
1.672222222222222054e+00
1.611111111111111160e+00
1.561111111111110894e+00
1.522222222222222143e+00
1.494444444444444464e+00
1.477777777777777635e+00
1.472222222222222099e+00
1.477777777777777635e+00
1.494444444444444242e+00
1.522222222222222143e+00
1.561111111111110894e+00
1.611111111111110938e+00
1.672222222222222054e+00
1.744444444444444242e+00
1.827777777777777501e+00
1.922222222222222054e+00
2.027777777777777679e+00
2.144444444444443931e+00
2.272222222222222143e+00
2.411111111111110539e+00
2.561111111111110894e+00
2.722222222222222321e+00
2.849999999999999645e+00
2.688888888888889106e+00
2.538888888888888751e+00
2.400000000000000355e+00
2.272222222222222143e+00
2.155555555555555891e+00
2.049999999999999822e+00
1.955555555555555713e+00
1.872222222222222454e+00
1.800000000000000044e+00
1.738888888888888928e+00
1.688888888888889106e+00
1.650000000000000133e+00
1.622222222222222232e+00
1.605555555555555625e+00
1.600000000000000089e+00
1.605555555555555625e+00
1.622222222222222232e+00
1.650000000000000133e+00
1.688888888888888884e+00
1.738888888888888928e+00
1.800000000000000044e+00
1.872222222222222232e+00
1.955555555555555491e+00
2.049999999999999822e+00
2.155555555555555003e+00
2.272222222222222143e+00
2.400000000000000355e+00
2.538888888888888751e+00
2.688888888888888662e+00
2.849999999999999645e+00
2.988888888888888040e+00
2.827777777777777501e+00
2.677777777777777146e+00
2.538888888888888751e+00
2.411111111111110539e+00
2.294444444444444287e+00
2.188888888888888218e+00
2.094444444444444109e+00
2.011111111111111072e+00
1.938888888888888440e+00
1.877777777777777324e+00
1.827777777777777279e+00
1.788888888888888529e+00
1.761111111111110628e+00
1.744444444444444020e+00
1.738888888888888484e+00
1.744444444444444020e+00
1.761111111111110628e+00
1.788888888888888529e+00
1.827777777777777279e+00
1.877777777777777324e+00
1.938888888888888440e+00
2.011111111111110628e+00
2.094444444444444109e+00
2.188888888888888218e+00
2.294444444444443398e+00
2.411111111111110539e+00
2.538888888888888751e+00
2.677777777777777146e+00
2.827777777777776613e+00
2.988888888888888040e+00
3.138888888888888395e+00
2.977777777777777857e+00
2.827777777777777501e+00
2.688888888888888662e+00
2.561111111111110894e+00
2.444444444444444642e+00
2.338888888888888573e+00
2.244444444444444464e+00
2.161111111111110983e+00
2.088888888888888573e+00
2.027777777777777679e+00
1.977777777777777635e+00
1.938888888888888662e+00
1.911111111111110761e+00
1.894444444444444153e+00
1.888888888888888618e+00
1.894444444444444153e+00
1.911111111111110761e+00
1.938888888888888662e+00
1.977777777777777413e+00
2.027777777777777679e+00
2.088888888888888573e+00
2.161111111111110539e+00
2.244444444444444020e+00
2.338888888888888573e+00
2.444444444444443754e+00
2.561111111111110894e+00
2.688888888888888662e+00
2.827777777777776613e+00
2.977777777777776969e+00
3.138888888888888395e+00
3.299999999999999822e+00
3.138888888888889284e+00
2.988888888888888928e+00
2.849999999999999645e+00
2.722222222222222321e+00
2.605555555555556069e+00
2.500000000000000000e+00
2.405555555555555891e+00
2.322222222222222410e+00
2.250000000000000000e+00
2.188888888888889106e+00
2.138888888888889284e+00
2.100000000000000089e+00
2.072222222222221966e+00
2.055555555555555358e+00
2.049999999999999822e+00
2.055555555555555358e+00
2.072222222222221966e+00
2.100000000000000089e+00
2.138888888888888840e+00
2.188888888888889106e+00
2.250000000000000000e+00
2.322222222222221966e+00
2.405555555555555447e+00
2.500000000000000000e+00
2.605555555555555181e+00
2.722222222222222321e+00
2.849999999999999645e+00
2.988888888888888040e+00
3.138888888888888395e+00
3.299999999999999822e+00
3.172222222222222499e+00
3.011111111111111960e+00
2.861111111111111160e+00
2.722222222222222321e+00
2.594444444444444997e+00
2.477777777777778301e+00
2.372222222222222232e+00
2.277777777777778123e+00
2.194444444444444642e+00
2.122222222222222232e+00
2.061111111111111338e+00
2.011111111111111516e+00
1.972222222222222321e+00
1.944444444444444642e+00
1.927777777777778034e+00
1.922222222222222499e+00
1.927777777777778034e+00
1.944444444444444642e+00
1.972222222222222321e+00
2.011111111111111072e+00
2.061111111111111338e+00
2.122222222222222232e+00
2.194444444444444642e+00
2.277777777777777679e+00
2.372222222222222232e+00
2.477777777777777857e+00
2.594444444444444553e+00
2.722222222222222321e+00
2.861111111111110716e+00
3.011111111111111072e+00
3.172222222222222499e+00
3.011111111111111960e+00
2.850000000000000977e+00
2.700000000000000622e+00
2.561111111111111782e+00
2.433333333333334014e+00
2.316666666666667318e+00
2.211111111111111693e+00
2.116666666666667140e+00
2.033333333333334103e+00
1.961111111111111693e+00
1.900000000000000355e+00
1.850000000000000533e+00
1.811111111111111782e+00
1.783333333333333659e+00
1.766666666666667052e+00
1.761111111111111516e+00
1.766666666666667052e+00
1.783333333333333659e+00
1.811111111111111782e+00
1.850000000000000533e+00
1.900000000000000355e+00
1.961111111111111693e+00
2.033333333333333659e+00
2.116666666666667140e+00
2.211111111111111693e+00
2.316666666666666874e+00
2.433333333333333570e+00
2.561111111111111782e+00
2.700000000000000178e+00
2.850000000000000533e+00
3.011111111111111960e+00
2.861111111111111160e+00
2.700000000000000622e+00
2.549999999999999822e+00
2.411111111111111427e+00
2.283333333333333659e+00
2.166666666666666963e+00
2.061111111111111338e+00
1.966666666666666785e+00
1.883333333333333304e+00
1.811111111111111338e+00
1.750000000000000000e+00
1.700000000000000178e+00
1.661111111111111205e+00
1.633333333333333304e+00
1.616666666666666696e+00
1.611111111111111160e+00
1.616666666666666696e+00
1.633333333333333304e+00
1.661111111111111205e+00
1.700000000000000178e+00
1.750000000000000000e+00
1.811111111111111338e+00
1.883333333333333304e+00
1.966666666666666785e+00
2.061111111111111338e+00
2.166666666666666519e+00
2.283333333333333215e+00
2.411111111111111427e+00
2.549999999999999822e+00
2.699999999999999734e+00
2.861111111111111160e+00
2.722222222222222321e+00
2.561111111111111782e+00
2.411111111111111427e+00
2.272222222222222587e+00
2.144444444444444819e+00
2.027777777777778123e+00
1.922222222222222499e+00
1.827777777777777946e+00
1.744444444444444908e+00
1.672222222222222499e+00
1.611111111111111382e+00
1.561111111111111338e+00
1.522222222222222587e+00
1.494444444444444686e+00
1.477777777777777857e+00
1.472222222222222321e+00
1.477777777777777857e+00
1.494444444444444464e+00
1.522222222222222587e+00
1.561111111111111338e+00
1.611111111111111160e+00
1.672222222222222499e+00
1.744444444444444464e+00
1.827777777777777946e+00
1.922222222222222499e+00
2.027777777777777679e+00
2.144444444444444375e+00
2.272222222222222587e+00
2.411111111111110983e+00
2.561111111111110894e+00
2.722222222222222321e+00
2.594444444444444997e+00
2.433333333333334014e+00
2.283333333333333659e+00
2.144444444444444819e+00
2.016666666666667052e+00
1.900000000000000355e+00
1.794444444444444731e+00
1.700000000000000622e+00
1.616666666666667140e+00
1.544444444444444731e+00
1.483333333333333837e+00
1.433333333333333570e+00
1.394444444444444819e+00
1.366666666666667140e+00
1.350000000000000311e+00
1.344444444444444775e+00
1.350000000000000311e+00
1.366666666666666918e+00
1.394444444444444819e+00
1.433333333333333570e+00
1.483333333333333615e+00
1.544444444444444731e+00
1.616666666666666918e+00
1.700000000000000178e+00
1.794444444444444731e+00
1.899999999999999911e+00
2.016666666666667052e+00
2.144444444444444819e+00
2.283333333333333215e+00
2.433333333333333570e+00
2.594444444444444997e+00
2.477777777777778301e+00
2.316666666666667318e+00
2.166666666666666963e+00
2.027777777777778123e+00
1.900000000000000355e+00
1.783333333333333659e+00
1.677777777777778034e+00
1.583333333333333703e+00
1.500000000000000444e+00
1.427777777777778034e+00
1.366666666666667140e+00
1.316666666666666874e+00
1.277777777777778123e+00
1.250000000000000444e+00
1.233333333333333615e+00
1.227777777777778079e+00
1.233333333333333615e+00
1.250000000000000222e+00
1.277777777777778123e+00
1.316666666666666874e+00
1.366666666666666918e+00
1.427777777777778034e+00
1.500000000000000222e+00
1.583333333333333481e+00
1.677777777777778034e+00
1.783333333333333215e+00
1.900000000000000355e+00
2.027777777777778123e+00
2.166666666666666519e+00
2.316666666666666874e+00
2.477777777777778301e+00
2.372222222222222232e+00
2.211111111111111693e+00
2.061111111111111338e+00
1.922222222222222499e+00
1.794444444444444731e+00
1.677777777777778034e+00
1.572222222222222410e+00
1.477777777777777857e+00
1.394444444444444819e+00
1.322222222222222410e+00
1.261111111111111294e+00
1.211111111111111249e+00
1.172222222222222499e+00
1.144444444444444597e+00
1.127777777777777990e+00
1.122222222222222454e+00
1.127777777777777990e+00
1.144444444444444597e+00
1.172222222222222499e+00
1.211111111111111249e+00
1.261111111111111072e+00
1.322222222222222410e+00
1.394444444444444375e+00
1.477777777777777857e+00
1.572222222222222410e+00
1.677777777777777590e+00
1.794444444444444287e+00
1.922222222222222499e+00
2.061111111111110894e+00
2.211111111111110805e+00
2.372222222222222232e+00
2.277777777777778123e+00
2.116666666666667140e+00
1.966666666666666785e+00
1.827777777777777946e+00
1.700000000000000622e+00
1.583333333333333703e+00
1.477777777777777857e+00
1.383333333333333748e+00
1.300000000000000266e+00
1.227777777777777857e+00
1.166666666666666963e+00
1.116666666666666918e+00
1.077777777777777946e+00
1.050000000000000266e+00
1.033333333333333659e+00
1.027777777777778123e+00
1.033333333333333659e+00
1.050000000000000266e+00
1.077777777777777946e+00
1.116666666666666918e+00
1.166666666666666963e+00
1.227777777777777857e+00
1.300000000000000266e+00
1.383333333333333304e+00
1.477777777777777857e+00
1.583333333333333259e+00
1.700000000000000178e+00
1.827777777777777946e+00
1.966666666666666341e+00
2.116666666666666696e+00
2.277777777777778123e+00
2.194444444444444642e+00
2.033333333333334103e+00
1.883333333333333304e+00
1.744444444444444908e+00
1.616666666666667140e+00
1.500000000000000444e+00
1.394444444444444819e+00
1.300000000000000266e+00
1.216666666666667007e+00
1.144444444444444819e+00
1.083333333333333481e+00
1.033333333333333659e+00
9.944444444444446862e-01
9.666666666666670071e-01
9.500000000000002887e-01
9.444444444444446418e-01
9.500000000000001776e-01
9.666666666666668961e-01
9.944444444444446862e-01
1.033333333333333659e+00
1.083333333333333481e+00
1.144444444444444819e+00
1.216666666666666785e+00
1.300000000000000266e+00
1.394444444444444819e+00
1.500000000000000000e+00
1.616666666666666696e+00
1.744444444444444908e+00
1.883333333333333304e+00
2.033333333333333215e+00
2.194444444444444642e+00
2.122222222222222232e+00
1.961111111111111693e+00
1.811111111111111338e+00
1.672222222222222499e+00
1.544444444444444731e+00
1.427777777777778034e+00
1.322222222222222410e+00
1.227777777777777857e+00
1.144444444444444819e+00
1.072222222222222410e+00
1.011111111111111294e+00
9.611111111111112493e-01
9.222222222222223875e-01
8.944444444444445974e-01
8.777777777777779900e-01
8.722222222222224541e-01
8.777777777777779900e-01
8.944444444444445974e-01
9.222222222222223875e-01
9.611111111111112493e-01
1.011111111111111072e+00
1.072222222222222410e+00
1.144444444444444597e+00
1.227777777777777857e+00
1.322222222222222410e+00
1.427777777777777590e+00
1.544444444444444287e+00
1.672222222222222499e+00
1.811111111111110894e+00
1.961111111111110805e+00
2.122222222222222232e+00
2.061111111111111338e+00
1.900000000000000355e+00
1.750000000000000000e+00
1.611111111111111382e+00
1.483333333333333837e+00
1.366666666666667140e+00
1.261111111111111294e+00
1.166666666666666963e+00
1.083333333333333481e+00
1.011111111111111294e+00
9.500000000000001776e-01
9.000000000000002442e-01
8.611111111111113825e-01
8.333333333333335924e-01
8.166666666666668739e-01
8.111111111111113381e-01
8.166666666666668739e-01
8.333333333333334814e-01
8.611111111111113825e-01
9.000000000000001332e-01
9.500000000000001776e-01
1.011111111111111294e+00
1.083333333333333481e+00
1.166666666666666741e+00
1.261111111111111294e+00
1.366666666666666696e+00
1.483333333333333393e+00
1.611111111111111382e+00
1.749999999999999556e+00
1.899999999999999911e+00
2.061111111111111338e+00
2.011111111111111516e+00
1.850000000000000533e+00
1.700000000000000178e+00
1.561111111111111338e+00
1.433333333333333570e+00
1.316666666666666874e+00
1.211111111111111249e+00
1.116666666666666918e+00
1.033333333333333659e+00
9.611111111111112493e-01
9.000000000000002442e-01
8.500000000000001998e-01
8.111111111111113381e-01
7.833333333333335480e-01
7.666666666666668295e-01
7.611111111111112937e-01
7.666666666666668295e-01
7.833333333333334370e-01
8.111111111111113381e-01
8.500000000000000888e-01
9.000000000000001332e-01
9.611111111111112493e-01
1.033333333333333437e+00
1.116666666666666696e+00
1.211111111111111249e+00
1.316666666666666430e+00
1.433333333333333348e+00
1.561111111111111338e+00
1.699999999999999734e+00
1.850000000000000089e+00
2.011111111111111516e+00
1.972222222222222321e+00
1.811111111111111782e+00
1.661111111111111205e+00
1.522222222222222587e+00
1.394444444444444819e+00
1.277777777777778123e+00
1.172222222222222499e+00
1.077777777777777946e+00
9.944444444444446862e-01
9.222222222222223875e-01
8.611111111111113825e-01
8.111111111111113381e-01
7.722222222222223653e-01
7.444444444444446862e-01
7.277777777777779677e-01
7.222222222222224319e-01
7.277777777777779677e-01
7.444444444444445752e-01
7.722222222222223653e-01
8.111111111111112271e-01
8.611111111111111605e-01
9.222222222222223875e-01
9.944444444444444642e-01
1.077777777777777724e+00
1.172222222222222499e+00
1.277777777777777679e+00
1.394444444444444375e+00
1.522222222222222587e+00
1.661111111111110983e+00
1.811111111111110894e+00
1.972222222222222321e+00
1.944444444444444642e+00
1.783333333333333659e+00
1.633333333333333304e+00
1.494444444444444686e+00
1.366666666666667140e+00
1.250000000000000444e+00
1.144444444444444597e+00
1.050000000000000266e+00
9.666666666666670071e-01
8.944444444444445974e-01
8.333333333333335924e-01
7.833333333333335480e-01
7.444444444444446862e-01
7.166666666666668961e-01
7.000000000000001776e-01
6.944444444444446418e-01
7.000000000000001776e-01
7.166666666666667851e-01
7.444444444444446862e-01
7.833333333333334370e-01
8.333333333333334814e-01
8.944444444444445974e-01
9.666666666666667851e-01
1.050000000000000044e+00
1.144444444444444597e+00
1.250000000000000000e+00
1.366666666666666696e+00
1.494444444444444686e+00
1.633333333333333082e+00
1.783333333333333215e+00
1.944444444444444642e+00
1.927777777777778034e+00
1.766666666666667052e+00
1.616666666666666696e+00
1.477777777777777857e+00
1.350000000000000311e+00
1.233333333333333615e+00
1.127777777777777990e+00
1.033333333333333659e+00
9.500000000000002887e-01
8.777777777777779900e-01
8.166666666666668739e-01
7.666666666666668295e-01
7.277777777777779677e-01
7.000000000000001776e-01
6.833333333333335702e-01
6.777777777777779233e-01
6.833333333333334592e-01
7.000000000000001776e-01
7.277777777777779677e-01
7.666666666666668295e-01
8.166666666666667629e-01
8.777777777777779900e-01
9.500000000000001776e-01
1.033333333333333437e+00
1.127777777777777990e+00
1.233333333333333171e+00
1.350000000000000089e+00
1.477777777777777857e+00
1.616666666666666252e+00
1.766666666666666607e+00
1.927777777777778034e+00
1.922222222222222499e+00
1.761111111111111516e+00
1.611111111111111160e+00
1.472222222222222321e+00
1.344444444444444775e+00
1.227777777777778079e+00
1.122222222222222454e+00
1.027777777777778123e+00
9.444444444444446418e-01
8.722222222222224541e-01
8.111111111111113381e-01
7.611111111111112937e-01
7.222222222222224319e-01
6.944444444444446418e-01
6.777777777777779233e-01
6.722222222222223875e-01
6.777777777777779233e-01
6.944444444444445308e-01
7.222222222222224319e-01
7.611111111111112937e-01
8.111111111111112271e-01
8.722222222222224541e-01
9.444444444444445308e-01
1.027777777777777679e+00
1.122222222222222454e+00
1.227777777777777635e+00
1.344444444444444553e+00
1.472222222222222321e+00
1.611111111111110716e+00
1.761111111111111072e+00
1.922222222222222499e+00
1.927777777777778034e+00
1.766666666666667052e+00
1.616666666666666696e+00
1.477777777777777857e+00
1.350000000000000311e+00
1.233333333333333615e+00
1.127777777777777990e+00
1.033333333333333659e+00
9.500000000000001776e-01
8.777777777777779900e-01
8.166666666666668739e-01
7.666666666666668295e-01
7.277777777777779677e-01
7.000000000000001776e-01
6.833333333333334592e-01
6.777777777777779233e-01
6.833333333333334592e-01
7.000000000000000666e-01
7.277777777777779677e-01
7.666666666666668295e-01
8.166666666666667629e-01
8.777777777777779900e-01
9.500000000000000666e-01
1.033333333333333215e+00
1.127777777777777990e+00
1.233333333333333171e+00
1.350000000000000089e+00
1.477777777777777857e+00
1.616666666666666252e+00
1.766666666666666607e+00
1.927777777777778034e+00
1.944444444444444642e+00
1.783333333333333659e+00
1.633333333333333304e+00
1.494444444444444464e+00
1.366666666666666918e+00
1.250000000000000222e+00
1.144444444444444597e+00
1.050000000000000266e+00
9.666666666666668961e-01
8.944444444444445974e-01
8.333333333333334814e-01
7.833333333333334370e-01
7.444444444444445752e-01
7.166666666666667851e-01
7.000000000000001776e-01
6.944444444444445308e-01
7.000000000000000666e-01
7.166666666666667851e-01
7.444444444444445752e-01
7.833333333333334370e-01
8.333333333333333703e-01
8.944444444444445974e-01
9.666666666666667851e-01
1.050000000000000044e+00
1.144444444444444597e+00
1.249999999999999778e+00
1.366666666666666696e+00
1.494444444444444464e+00
1.633333333333332860e+00
1.783333333333333215e+00
1.944444444444444642e+00
1.972222222222222321e+00
1.811111111111111782e+00
1.661111111111111205e+00
1.522222222222222587e+00
1.394444444444444819e+00
1.277777777777778123e+00
1.172222222222222499e+00
1.077777777777777946e+00
9.944444444444446862e-01
9.222222222222223875e-01
8.611111111111113825e-01
8.111111111111113381e-01
7.722222222222223653e-01
7.444444444444446862e-01
7.277777777777779677e-01
7.222222222222224319e-01
7.277777777777779677e-01
7.444444444444445752e-01
7.722222222222223653e-01
8.111111111111112271e-01
8.611111111111111605e-01
9.222222222222223875e-01
9.944444444444444642e-01
1.077777777777777724e+00
1.172222222222222499e+00
1.277777777777777679e+00
1.394444444444444375e+00
1.522222222222222587e+00
1.661111111111110983e+00
1.811111111111110894e+00
1.972222222222222321e+00
2.011111111111111072e+00
1.850000000000000533e+00
1.700000000000000178e+00
1.561111111111111338e+00
1.433333333333333570e+00
1.316666666666666874e+00
1.211111111111111249e+00
1.116666666666666918e+00
1.033333333333333659e+00
9.611111111111112493e-01
9.000000000000001332e-01
8.500000000000000888e-01
8.111111111111112271e-01
7.833333333333334370e-01
7.666666666666668295e-01
7.611111111111112937e-01
7.666666666666668295e-01
7.833333333333334370e-01
8.111111111111112271e-01
8.500000000000000888e-01
9.000000000000000222e-01
9.611111111111112493e-01
1.033333333333333437e+00
1.116666666666666696e+00
1.211111111111111249e+00
1.316666666666666430e+00
1.433333333333333126e+00
1.561111111111111338e+00
1.699999999999999734e+00
1.849999999999999645e+00
2.011111111111111072e+00
2.061111111111111338e+00
1.900000000000000355e+00
1.750000000000000000e+00
1.611111111111111160e+00
1.483333333333333615e+00
1.366666666666666918e+00
1.261111111111111072e+00
1.166666666666666963e+00
1.083333333333333481e+00
1.011111111111111072e+00
9.500000000000001776e-01
9.000000000000001332e-01
8.611111111111111605e-01
8.333333333333334814e-01
8.166666666666667629e-01
8.111111111111112271e-01
8.166666666666667629e-01
8.333333333333333703e-01
8.611111111111111605e-01
9.000000000000000222e-01
9.499999999999999556e-01
1.011111111111111072e+00
1.083333333333333481e+00
1.166666666666666519e+00
1.261111111111111072e+00
1.366666666666666474e+00
1.483333333333333393e+00
1.611111111111111160e+00
1.749999999999999556e+00
1.899999999999999911e+00
2.061111111111111338e+00
2.122222222222222232e+00
1.961111111111111693e+00
1.811111111111111338e+00
1.672222222222222499e+00
1.544444444444444731e+00
1.427777777777778034e+00
1.322222222222222410e+00
1.227777777777777857e+00
1.144444444444444819e+00
1.072222222222222410e+00
1.011111111111111294e+00
9.611111111111112493e-01
9.222222222222223875e-01
8.944444444444445974e-01
8.777777777777779900e-01
8.722222222222224541e-01
8.777777777777779900e-01
8.944444444444445974e-01
9.222222222222223875e-01
9.611111111111112493e-01
1.011111111111111072e+00
1.072222222222222410e+00
1.144444444444444597e+00
1.227777777777777857e+00
1.322222222222222410e+00
1.427777777777777590e+00
1.544444444444444287e+00
1.672222222222222499e+00
1.811111111111110894e+00
1.961111111111110805e+00
2.122222222222222232e+00
2.194444444444444642e+00
2.033333333333333659e+00
1.883333333333333304e+00
1.744444444444444464e+00
1.616666666666666918e+00
1.500000000000000222e+00
1.394444444444444375e+00
1.300000000000000266e+00
1.216666666666666785e+00
1.144444444444444597e+00
1.083333333333333481e+00
1.033333333333333437e+00
9.944444444444444642e-01
9.666666666666667851e-01
9.500000000000001776e-01
9.444444444444445308e-01
9.500000000000000666e-01
9.666666666666667851e-01
9.944444444444444642e-01
1.033333333333333437e+00
1.083333333333333481e+00
1.144444444444444597e+00
1.216666666666666785e+00
1.299999999999999822e+00
1.394444444444444375e+00
1.499999999999999778e+00
1.616666666666666696e+00
1.744444444444444464e+00
1.883333333333332860e+00
2.033333333333333215e+00
2.194444444444444642e+00
2.277777777777777679e+00
2.116666666666667140e+00
1.966666666666666785e+00
1.827777777777777946e+00
1.700000000000000178e+00
1.583333333333333481e+00
1.477777777777777857e+00
1.383333333333333304e+00
1.300000000000000266e+00
1.227777777777777857e+00
1.166666666666666741e+00
1.116666666666666696e+00
1.077777777777777724e+00
1.050000000000000044e+00
1.033333333333333437e+00
1.027777777777777679e+00
1.033333333333333215e+00
1.050000000000000044e+00
1.077777777777777724e+00
1.116666666666666696e+00
1.166666666666666519e+00
1.227777777777777857e+00
1.299999999999999822e+00
1.383333333333333304e+00
1.477777777777777857e+00
1.583333333333333037e+00
1.699999999999999734e+00
1.827777777777777946e+00
1.966666666666666341e+00
2.116666666666666252e+00
2.277777777777777679e+00
2.372222222222222232e+00
2.211111111111111693e+00
2.061111111111111338e+00
1.922222222222222499e+00
1.794444444444444731e+00
1.677777777777778034e+00
1.572222222222222410e+00
1.477777777777777857e+00
1.394444444444444819e+00
1.322222222222222410e+00
1.261111111111111294e+00
1.211111111111111249e+00
1.172222222222222499e+00
1.144444444444444597e+00
1.127777777777777990e+00
1.122222222222222454e+00
1.127777777777777990e+00
1.144444444444444597e+00
1.172222222222222499e+00
1.211111111111111249e+00
1.261111111111111072e+00
1.322222222222222410e+00
1.394444444444444375e+00
1.477777777777777857e+00
1.572222222222222410e+00
1.677777777777777590e+00
1.794444444444444287e+00
1.922222222222222499e+00
2.061111111111110894e+00
2.211111111111110805e+00
2.372222222222222232e+00
2.477777777777777857e+00
2.316666666666666874e+00
2.166666666666666519e+00
2.027777777777777679e+00
1.899999999999999911e+00
1.783333333333333215e+00
1.677777777777777590e+00
1.583333333333333259e+00
1.500000000000000000e+00
1.427777777777777590e+00
1.366666666666666696e+00
1.316666666666666430e+00
1.277777777777777679e+00
1.250000000000000000e+00
1.233333333333333171e+00
1.227777777777777635e+00
1.233333333333333171e+00
1.249999999999999778e+00
1.277777777777777679e+00
1.316666666666666430e+00
1.366666666666666474e+00
1.427777777777777590e+00
1.499999999999999778e+00
1.583333333333333037e+00
1.677777777777777590e+00
1.783333333333332771e+00
1.899999999999999911e+00
2.027777777777777679e+00
2.166666666666666075e+00
2.316666666666666430e+00
2.477777777777777857e+00
2.594444444444444553e+00
2.433333333333333570e+00
2.283333333333333215e+00
2.144444444444444375e+00
2.016666666666667052e+00
1.900000000000000355e+00
1.794444444444444287e+00
1.700000000000000178e+00
1.616666666666666696e+00
1.544444444444444287e+00
1.483333333333333393e+00
1.433333333333333348e+00
1.394444444444444375e+00
1.366666666666666696e+00
1.350000000000000089e+00
1.344444444444444553e+00
1.350000000000000089e+00
1.366666666666666696e+00
1.394444444444444375e+00
1.433333333333333126e+00
1.483333333333333393e+00
1.544444444444444287e+00
1.616666666666666696e+00
1.699999999999999734e+00
1.794444444444444287e+00
1.899999999999999911e+00
2.016666666666666607e+00
2.144444444444444375e+00
2.283333333333332771e+00
2.433333333333333126e+00
2.594444444444444553e+00
2.722222222222222321e+00
2.561111111111111782e+00
2.411111111111111427e+00
2.272222222222222587e+00
2.144444444444444819e+00
2.027777777777778123e+00
1.922222222222222499e+00
1.827777777777777946e+00
1.744444444444444908e+00
1.672222222222222499e+00
1.611111111111111382e+00
1.561111111111111338e+00
1.522222222222222587e+00
1.494444444444444686e+00
1.477777777777777857e+00
1.472222222222222321e+00
1.477777777777777857e+00
1.494444444444444464e+00
1.522222222222222587e+00
1.561111111111111338e+00
1.611111111111111160e+00
1.672222222222222499e+00
1.744444444444444464e+00
1.827777777777777946e+00
1.922222222222222499e+00
2.027777777777777679e+00
2.144444444444444375e+00
2.272222222222222587e+00
2.411111111111110983e+00
2.561111111111110894e+00
2.722222222222222321e+00
2.861111111111110716e+00
2.700000000000000178e+00
2.549999999999999822e+00
2.411111111111110983e+00
2.283333333333333215e+00
2.166666666666666519e+00
2.061111111111110894e+00
1.966666666666666341e+00
1.883333333333333304e+00
1.811111111111110894e+00
1.749999999999999556e+00
1.699999999999999734e+00
1.661111111111110983e+00
1.633333333333333082e+00
1.616666666666666252e+00
1.611111111111110716e+00
1.616666666666666252e+00
1.633333333333332860e+00
1.661111111111110983e+00
1.699999999999999734e+00
1.749999999999999556e+00
1.811111111111110894e+00
1.883333333333332860e+00
1.966666666666666341e+00
2.061111111111110894e+00
2.166666666666666075e+00
2.283333333333332771e+00
2.411111111111110983e+00
2.549999999999999378e+00
2.699999999999999289e+00
2.861111111111110716e+00
3.011111111111111072e+00
2.850000000000000533e+00
2.699999999999999734e+00
2.561111111111110894e+00
2.433333333333333570e+00
2.316666666666666874e+00
2.211111111111110805e+00
2.116666666666666696e+00
2.033333333333333215e+00
1.961111111111110805e+00
1.899999999999999911e+00
1.850000000000000089e+00
1.811111111111110894e+00
1.783333333333333215e+00
1.766666666666666607e+00
1.761111111111111072e+00
1.766666666666666607e+00
1.783333333333333215e+00
1.811111111111110894e+00
1.849999999999999645e+00
1.899999999999999911e+00
1.961111111111110805e+00
2.033333333333333215e+00
2.116666666666666252e+00
2.211111111111110805e+00
2.316666666666666430e+00
2.433333333333333126e+00
2.561111111111110894e+00
2.699999999999999289e+00
2.849999999999999645e+00
3.011111111111111072e+00
3.172222222222222499e+00
3.011111111111111960e+00
2.861111111111111160e+00
2.722222222222222321e+00
2.594444444444444997e+00
2.477777777777778301e+00
2.372222222222222232e+00
2.277777777777778123e+00
2.194444444444444642e+00
2.122222222222222232e+00
2.061111111111111338e+00
2.011111111111111516e+00
1.972222222222222321e+00
1.944444444444444642e+00
1.927777777777778034e+00
1.922222222222222499e+00
1.927777777777778034e+00
1.944444444444444642e+00
1.972222222222222321e+00
2.011111111111111072e+00
2.061111111111111338e+00
2.122222222222222232e+00
2.194444444444444642e+00
2.277777777777777679e+00
2.372222222222222232e+00
2.477777777777777857e+00
2.594444444444444553e+00
2.722222222222222321e+00
2.861111111111110716e+00
3.011111111111111072e+00
3.172222222222222499e+00
3.055555555555555802e+00
2.894444444444445264e+00
2.744444444444444464e+00
2.605555555555555625e+00
2.477777777777778301e+00
2.361111111111111605e+00
2.255555555555555536e+00
2.161111111111111427e+00
2.077777777777777946e+00
2.005555555555555536e+00
1.944444444444444642e+00
1.894444444444444819e+00
1.855555555555555625e+00
1.827777777777777946e+00
1.811111111111111338e+00
1.805555555555555802e+00
1.811111111111111338e+00
1.827777777777777946e+00
1.855555555555555625e+00
1.894444444444444375e+00
1.944444444444444642e+00
2.005555555555555536e+00
2.077777777777777946e+00
2.161111111111110983e+00
2.255555555555555536e+00
2.361111111111111160e+00
2.477777777777777857e+00
2.605555555555555625e+00
2.744444444444444020e+00
2.894444444444444375e+00
3.055555555555555802e+00
2.894444444444445264e+00
2.733333333333334281e+00
2.583333333333333925e+00
2.444444444444445086e+00
2.316666666666667318e+00
2.200000000000000622e+00
2.094444444444444997e+00
2.000000000000000444e+00
1.916666666666667407e+00
1.844444444444444997e+00
1.783333333333333659e+00
1.733333333333333837e+00
1.694444444444445086e+00
1.666666666666666963e+00
1.650000000000000355e+00
1.644444444444444819e+00
1.650000000000000355e+00
1.666666666666666963e+00
1.694444444444445086e+00
1.733333333333333837e+00
1.783333333333333659e+00
1.844444444444444997e+00
1.916666666666666963e+00
2.000000000000000444e+00
2.094444444444444997e+00
2.200000000000000178e+00
2.316666666666666874e+00
2.444444444444445086e+00
2.583333333333333481e+00
2.733333333333333837e+00
2.894444444444445264e+00
2.744444444444444464e+00
2.583333333333333925e+00
2.433333333333333126e+00
2.294444444444444731e+00
2.166666666666666963e+00
2.050000000000000266e+00
1.944444444444444642e+00
1.850000000000000089e+00
1.766666666666666607e+00
1.694444444444444642e+00
1.633333333333333304e+00
1.583333333333333481e+00
1.544444444444444509e+00
1.516666666666666607e+00
1.500000000000000000e+00
1.494444444444444464e+00
1.500000000000000000e+00
1.516666666666666607e+00
1.544444444444444509e+00
1.583333333333333481e+00
1.633333333333333304e+00
1.694444444444444642e+00
1.766666666666666607e+00
1.850000000000000089e+00
1.944444444444444642e+00
2.049999999999999822e+00
2.166666666666666519e+00
2.294444444444444731e+00
2.433333333333333126e+00
2.583333333333333037e+00
2.744444444444444464e+00
2.605555555555555625e+00
2.444444444444445086e+00
2.294444444444444731e+00
2.155555555555555891e+00
2.027777777777778123e+00
1.911111111111111427e+00
1.805555555555555802e+00
1.711111111111111249e+00
1.627777777777778212e+00
1.555555555555555802e+00
1.494444444444444686e+00
1.444444444444444642e+00
1.405555555555555891e+00
1.377777777777777990e+00
1.361111111111111160e+00
1.355555555555555625e+00
1.361111111111111160e+00
1.377777777777777768e+00
1.405555555555555891e+00
1.444444444444444642e+00
1.494444444444444464e+00
1.555555555555555802e+00
1.627777777777777768e+00
1.711111111111111249e+00
1.805555555555555802e+00
1.911111111111110983e+00
2.027777777777777679e+00
2.155555555555555891e+00
2.294444444444444287e+00
2.444444444444444198e+00
2.605555555555555625e+00
2.477777777777778301e+00
2.316666666666667318e+00
2.166666666666666963e+00
2.027777777777778123e+00
1.900000000000000355e+00
1.783333333333333659e+00
1.677777777777778034e+00
1.583333333333333925e+00
1.500000000000000444e+00
1.427777777777778034e+00
1.366666666666667140e+00
1.316666666666666874e+00
1.277777777777778123e+00
1.250000000000000444e+00
1.233333333333333615e+00
1.227777777777778079e+00
1.233333333333333615e+00
1.250000000000000222e+00
1.277777777777778123e+00
1.316666666666666874e+00
1.366666666666666918e+00
1.427777777777778034e+00
1.500000000000000222e+00
1.583333333333333481e+00
1.677777777777778034e+00
1.783333333333333215e+00
1.900000000000000355e+00
2.027777777777778123e+00
2.166666666666666519e+00
2.316666666666666874e+00
2.477777777777778301e+00
2.361111111111111605e+00
2.200000000000000622e+00
2.050000000000000266e+00
1.911111111111111427e+00
1.783333333333333659e+00
1.666666666666666963e+00
1.561111111111111338e+00
1.466666666666667007e+00
1.383333333333333748e+00
1.311111111111111338e+00
1.250000000000000444e+00
1.200000000000000178e+00
1.161111111111111427e+00
1.133333333333333748e+00
1.116666666666666918e+00
1.111111111111111382e+00
1.116666666666666918e+00
1.133333333333333526e+00
1.161111111111111427e+00
1.200000000000000178e+00
1.250000000000000222e+00
1.311111111111111338e+00
1.383333333333333526e+00
1.466666666666666785e+00
1.561111111111111338e+00
1.666666666666666519e+00
1.783333333333333659e+00
1.911111111111111427e+00
2.049999999999999822e+00
2.200000000000000178e+00
2.361111111111111605e+00
2.255555555555555536e+00
2.094444444444444997e+00
1.944444444444444642e+00
1.805555555555555802e+00
1.677777777777778034e+00
1.561111111111111338e+00
1.455555555555555713e+00
1.361111111111111160e+00
1.277777777777778123e+00
1.205555555555555713e+00
1.144444444444444597e+00
1.094444444444444553e+00
1.055555555555555802e+00
1.027777777777777901e+00
1.011111111111111294e+00
1.005555555555555758e+00
1.011111111111111294e+00
1.027777777777777901e+00
1.055555555555555802e+00
1.094444444444444553e+00
1.144444444444444375e+00
1.205555555555555713e+00
1.277777777777777679e+00
1.361111111111111160e+00
1.455555555555555713e+00
1.561111111111110894e+00
1.677777777777777590e+00
1.805555555555555802e+00
1.944444444444444198e+00
2.094444444444444109e+00
2.255555555555555536e+00
2.161111111111111427e+00
2.000000000000000444e+00
1.850000000000000089e+00
1.711111111111111249e+00
1.583333333333333925e+00
1.466666666666667007e+00
1.361111111111111160e+00
1.266666666666667052e+00
1.183333333333333570e+00
1.111111111111111160e+00
1.050000000000000266e+00
1.000000000000000222e+00
9.611111111111112493e-01
9.333333333333335702e-01
9.166666666666669627e-01
9.111111111111113159e-01
9.166666666666668517e-01
9.333333333333335702e-01
9.611111111111112493e-01
1.000000000000000222e+00
1.050000000000000266e+00
1.111111111111111160e+00
1.183333333333333570e+00
1.266666666666666607e+00
1.361111111111111160e+00
1.466666666666666563e+00
1.583333333333333481e+00
1.711111111111111249e+00
1.849999999999999645e+00
2.000000000000000000e+00
2.161111111111111427e+00
2.077777777777777946e+00
1.916666666666667407e+00
1.766666666666666607e+00
1.627777777777778212e+00
1.500000000000000444e+00
1.383333333333333748e+00
1.277777777777778123e+00
1.183333333333333570e+00
1.100000000000000311e+00
1.027777777777778123e+00
9.666666666666668961e-01
9.166666666666669627e-01
8.777777777777779900e-01
8.500000000000003109e-01
8.333333333333335924e-01
8.277777777777779455e-01
8.333333333333334814e-01
8.500000000000001998e-01
8.777777777777779900e-01
9.166666666666668517e-01
9.666666666666667851e-01
1.027777777777778123e+00
1.100000000000000089e+00
1.183333333333333570e+00
1.277777777777778123e+00
1.383333333333333304e+00
1.500000000000000000e+00
1.627777777777778212e+00
1.766666666666666607e+00
1.916666666666666519e+00
2.077777777777777946e+00
2.005555555555555536e+00
1.844444444444444997e+00
1.694444444444444642e+00
1.555555555555555802e+00
1.427777777777778034e+00
1.311111111111111338e+00
1.205555555555555713e+00
1.111111111111111160e+00
1.027777777777778123e+00
9.555555555555557135e-01
8.944444444444445974e-01
8.444444444444445530e-01
8.055555555555556912e-01
7.777777777777779011e-01
7.611111111111112937e-01
7.555555555555557579e-01
7.611111111111112937e-01
7.777777777777779011e-01
8.055555555555556912e-01
8.444444444444445530e-01
8.944444444444444864e-01
9.555555555555557135e-01
1.027777777777777901e+00
1.111111111111111160e+00
1.205555555555555713e+00
1.311111111111110894e+00
1.427777777777777590e+00
1.555555555555555802e+00
1.694444444444444198e+00
1.844444444444444109e+00
2.005555555555555536e+00
1.944444444444444642e+00
1.783333333333333659e+00
1.633333333333333304e+00
1.494444444444444686e+00
1.366666666666667140e+00
1.250000000000000444e+00
1.144444444444444597e+00
1.050000000000000266e+00
9.666666666666668961e-01
8.944444444444445974e-01
8.333333333333334814e-01
7.833333333333335480e-01
7.444444444444446862e-01
7.166666666666668961e-01
7.000000000000001776e-01
6.944444444444446418e-01
7.000000000000001776e-01
7.166666666666667851e-01
7.444444444444446862e-01
7.833333333333334370e-01
8.333333333333334814e-01
8.944444444444445974e-01
9.666666666666667851e-01
1.050000000000000044e+00
1.144444444444444597e+00
1.250000000000000000e+00
1.366666666666666696e+00
1.494444444444444686e+00
1.633333333333332860e+00
1.783333333333333215e+00
1.944444444444444642e+00
1.894444444444444819e+00
1.733333333333333837e+00
1.583333333333333481e+00
1.444444444444444642e+00
1.316666666666666874e+00
1.200000000000000178e+00
1.094444444444444553e+00
1.000000000000000222e+00
9.166666666666669627e-01
8.444444444444445530e-01
7.833333333333335480e-01
7.333333333333335036e-01
6.944444444444446418e-01
6.666666666666668517e-01
6.500000000000001332e-01
6.444444444444445974e-01
6.500000000000001332e-01
6.666666666666667407e-01
6.944444444444446418e-01
7.333333333333333925e-01
7.833333333333334370e-01
8.444444444444445530e-01
9.166666666666667407e-01
1.000000000000000000e+00
1.094444444444444553e+00
1.199999999999999734e+00
1.316666666666666652e+00
1.444444444444444642e+00
1.583333333333333037e+00
1.733333333333333393e+00
1.894444444444444819e+00
1.855555555555555625e+00
1.694444444444445086e+00
1.544444444444444509e+00
1.405555555555555891e+00
1.277777777777778123e+00
1.161111111111111427e+00
1.055555555555555802e+00
9.611111111111112493e-01
8.777777777777779900e-01
8.055555555555556912e-01
7.444444444444446862e-01
6.944444444444446418e-01
6.555555555555556690e-01
6.277777777777779900e-01
6.111111111111112715e-01
6.055555555555557357e-01
6.111111111111112715e-01
6.277777777777778789e-01
6.555555555555556690e-01
6.944444444444445308e-01
7.444444444444444642e-01
8.055555555555556912e-01
8.777777777777777679e-01
9.611111111111110272e-01
1.055555555555555802e+00
1.161111111111110983e+00
1.277777777777777679e+00
1.405555555555555891e+00
1.544444444444444287e+00
1.694444444444444198e+00
1.855555555555555625e+00
1.827777777777777946e+00
1.666666666666666963e+00
1.516666666666666607e+00
1.377777777777777990e+00
1.250000000000000444e+00
1.133333333333333748e+00
1.027777777777777901e+00
9.333333333333335702e-01
8.500000000000003109e-01
7.777777777777779011e-01
7.166666666666668961e-01
6.666666666666668517e-01
6.277777777777779900e-01
6.000000000000001998e-01
5.833333333333334814e-01
5.777777777777779455e-01
5.833333333333334814e-01
6.000000000000000888e-01
6.277777777777779900e-01
6.666666666666667407e-01
7.166666666666667851e-01
7.777777777777779011e-01
8.500000000000000888e-01
9.333333333333333481e-01
1.027777777777777901e+00
1.133333333333333304e+00
1.250000000000000000e+00
1.377777777777777990e+00
1.516666666666666385e+00
1.666666666666666519e+00
1.827777777777777946e+00
1.811111111111111338e+00
1.650000000000000355e+00
1.500000000000000000e+00
1.361111111111111160e+00
1.233333333333333615e+00
1.116666666666666918e+00
1.011111111111111294e+00
9.166666666666669627e-01
8.333333333333335924e-01
7.611111111111112937e-01
7.000000000000001776e-01
6.500000000000001332e-01
6.111111111111112715e-01
5.833333333333334814e-01
5.666666666666668739e-01
5.611111111111112271e-01
5.666666666666667629e-01
5.833333333333334814e-01
6.111111111111112715e-01
6.500000000000001332e-01
7.000000000000000666e-01
7.611111111111112937e-01
8.333333333333334814e-01
9.166666666666667407e-01
1.011111111111111294e+00
1.116666666666666474e+00
1.233333333333333393e+00
1.361111111111111160e+00
1.499999999999999556e+00
1.649999999999999911e+00
1.811111111111111338e+00
1.805555555555555802e+00
1.644444444444444819e+00
1.494444444444444464e+00
1.355555555555555625e+00
1.227777777777778079e+00
1.111111111111111382e+00
1.005555555555555758e+00
9.111111111111113159e-01
8.277777777777779455e-01
7.555555555555557579e-01
6.944444444444446418e-01
6.444444444444445974e-01
6.055555555555557357e-01
5.777777777777779455e-01
5.611111111111112271e-01
5.555555555555556912e-01
5.611111111111112271e-01
5.777777777777778345e-01
6.055555555555557357e-01
6.444444444444445974e-01
6.944444444444445308e-01
7.555555555555557579e-01
8.277777777777778345e-01
9.111111111111110938e-01
1.005555555555555758e+00
1.111111111111110938e+00
1.227777777777777857e+00
1.355555555555555625e+00
1.494444444444444020e+00
1.644444444444444375e+00
1.805555555555555802e+00
1.811111111111111338e+00
1.650000000000000355e+00
1.500000000000000000e+00
1.361111111111111160e+00
1.233333333333333615e+00
1.116666666666666918e+00
1.011111111111111294e+00
9.166666666666668517e-01
8.333333333333334814e-01
7.611111111111112937e-01
7.000000000000001776e-01
6.500000000000001332e-01
6.111111111111112715e-01
5.833333333333334814e-01
5.666666666666667629e-01
5.611111111111112271e-01
5.666666666666667629e-01
5.833333333333333703e-01
6.111111111111112715e-01
6.500000000000001332e-01
7.000000000000000666e-01
7.611111111111112937e-01
8.333333333333333703e-01
9.166666666666666297e-01
1.011111111111111294e+00
1.116666666666666474e+00
1.233333333333333393e+00
1.361111111111111160e+00
1.499999999999999556e+00
1.649999999999999911e+00
1.811111111111111338e+00
1.827777777777777946e+00
1.666666666666666963e+00
1.516666666666666607e+00
1.377777777777777768e+00
1.250000000000000222e+00
1.133333333333333526e+00
1.027777777777777901e+00
9.333333333333335702e-01
8.500000000000001998e-01
7.777777777777779011e-01
7.166666666666667851e-01
6.666666666666667407e-01
6.277777777777778789e-01
6.000000000000000888e-01
5.833333333333334814e-01
5.777777777777778345e-01
5.833333333333333703e-01
6.000000000000000888e-01
6.277777777777778789e-01
6.666666666666667407e-01
7.166666666666666741e-01
7.777777777777779011e-01
8.500000000000000888e-01
9.333333333333333481e-01
1.027777777777777901e+00
1.133333333333333082e+00
1.250000000000000000e+00
1.377777777777777768e+00
1.516666666666666163e+00
1.666666666666666519e+00
1.827777777777777946e+00
1.855555555555555625e+00
1.694444444444445086e+00
1.544444444444444509e+00
1.405555555555555891e+00
1.277777777777778123e+00
1.161111111111111427e+00
1.055555555555555802e+00
9.611111111111112493e-01
8.777777777777779900e-01
8.055555555555556912e-01
7.444444444444446862e-01
6.944444444444446418e-01
6.555555555555556690e-01
6.277777777777779900e-01
6.111111111111112715e-01
6.055555555555557357e-01
6.111111111111112715e-01
6.277777777777778789e-01
6.555555555555556690e-01
6.944444444444445308e-01
7.444444444444444642e-01
8.055555555555556912e-01
8.777777777777777679e-01
9.611111111111110272e-01
1.055555555555555802e+00
1.161111111111110983e+00
1.277777777777777679e+00
1.405555555555555891e+00
1.544444444444444287e+00
1.694444444444444198e+00
1.855555555555555625e+00
1.894444444444444375e+00
1.733333333333333837e+00
1.583333333333333481e+00
1.444444444444444642e+00
1.316666666666666874e+00
1.200000000000000178e+00
1.094444444444444553e+00
1.000000000000000222e+00
9.166666666666668517e-01
8.444444444444445530e-01
7.833333333333334370e-01
7.333333333333333925e-01
6.944444444444445308e-01
6.666666666666667407e-01
6.500000000000001332e-01
6.444444444444445974e-01
6.500000000000001332e-01
6.666666666666667407e-01
6.944444444444445308e-01
7.333333333333333925e-01
7.833333333333333259e-01
8.444444444444445530e-01
9.166666666666667407e-01
1.000000000000000000e+00
1.094444444444444553e+00
1.199999999999999734e+00
1.316666666666666430e+00
1.444444444444444642e+00
1.583333333333333037e+00
1.733333333333332948e+00
1.894444444444444375e+00
1.944444444444444642e+00
1.783333333333333659e+00
1.633333333333333304e+00
1.494444444444444464e+00
1.366666666666666918e+00
1.250000000000000222e+00
1.144444444444444375e+00
1.050000000000000266e+00
9.666666666666667851e-01
8.944444444444444864e-01
8.333333333333334814e-01
7.833333333333334370e-01
7.444444444444444642e-01
7.166666666666667851e-01
7.000000000000000666e-01
6.944444444444445308e-01
7.000000000000000666e-01
7.166666666666666741e-01
7.444444444444444642e-01
7.833333333333333259e-01
8.333333333333332593e-01
8.944444444444444864e-01
9.666666666666666741e-01
1.049999999999999822e+00
1.144444444444444375e+00
1.249999999999999778e+00
1.366666666666666696e+00
1.494444444444444464e+00
1.633333333333332860e+00
1.783333333333333215e+00
1.944444444444444642e+00
2.005555555555555536e+00
1.844444444444444997e+00
1.694444444444444642e+00
1.555555555555555802e+00
1.427777777777778034e+00
1.311111111111111338e+00
1.205555555555555713e+00
1.111111111111111160e+00
1.027777777777778123e+00
9.555555555555557135e-01
8.944444444444445974e-01
8.444444444444445530e-01
8.055555555555556912e-01
7.777777777777779011e-01
7.611111111111112937e-01
7.555555555555557579e-01
7.611111111111112937e-01
7.777777777777779011e-01
8.055555555555556912e-01
8.444444444444445530e-01
8.944444444444444864e-01
9.555555555555557135e-01
1.027777777777777901e+00
1.111111111111111160e+00
1.205555555555555713e+00
1.311111111111110894e+00
1.427777777777777590e+00
1.555555555555555802e+00
1.694444444444444198e+00
1.844444444444444109e+00
2.005555555555555536e+00
2.077777777777777946e+00
1.916666666666666963e+00
1.766666666666666607e+00
1.627777777777777768e+00
1.500000000000000222e+00
1.383333333333333526e+00
1.277777777777777679e+00
1.183333333333333570e+00
1.100000000000000089e+00
1.027777777777777901e+00
9.666666666666667851e-01
9.166666666666667407e-01
8.777777777777777679e-01
8.500000000000000888e-01
8.333333333333334814e-01
8.277777777777778345e-01
8.333333333333333703e-01
8.500000000000000888e-01
8.777777777777777679e-01
9.166666666666667407e-01
9.666666666666666741e-01
1.027777777777777901e+00
1.100000000000000089e+00
1.183333333333333126e+00
1.277777777777777679e+00
1.383333333333333082e+00
1.500000000000000000e+00
1.627777777777777768e+00
1.766666666666666163e+00
1.916666666666666519e+00
2.077777777777777946e+00
2.161111111111110983e+00
2.000000000000000444e+00
1.850000000000000089e+00
1.711111111111111249e+00
1.583333333333333481e+00
1.466666666666666785e+00
1.361111111111111160e+00
1.266666666666666607e+00
1.183333333333333570e+00
1.111111111111111160e+00
1.050000000000000044e+00
1.000000000000000000e+00
9.611111111111110272e-01
9.333333333333333481e-01
9.166666666666667407e-01
9.111111111111110938e-01
9.166666666666666297e-01
9.333333333333333481e-01
9.611111111111110272e-01
1.000000000000000000e+00
1.049999999999999822e+00
1.111111111111111160e+00
1.183333333333333126e+00
1.266666666666666607e+00
1.361111111111111160e+00
1.466666666666666341e+00
1.583333333333333037e+00
1.711111111111111249e+00
1.849999999999999645e+00
1.999999999999999556e+00
2.161111111111110983e+00
2.255555555555555536e+00
2.094444444444444997e+00
1.944444444444444642e+00
1.805555555555555802e+00
1.677777777777778034e+00
1.561111111111111338e+00
1.455555555555555713e+00
1.361111111111111160e+00
1.277777777777778123e+00
1.205555555555555713e+00
1.144444444444444597e+00
1.094444444444444553e+00
1.055555555555555802e+00
1.027777777777777901e+00
1.011111111111111294e+00
1.005555555555555758e+00
1.011111111111111294e+00
1.027777777777777901e+00
1.055555555555555802e+00
1.094444444444444553e+00
1.144444444444444375e+00
1.205555555555555713e+00
1.277777777777777679e+00
1.361111111111111160e+00
1.455555555555555713e+00
1.561111111111110894e+00
1.677777777777777590e+00
1.805555555555555802e+00
1.944444444444444198e+00
2.094444444444444109e+00
2.255555555555555536e+00
2.361111111111111160e+00
2.200000000000000178e+00
2.049999999999999822e+00
1.911111111111110983e+00
1.783333333333333215e+00
1.666666666666666519e+00
1.561111111111110894e+00
1.466666666666666563e+00
1.383333333333333304e+00
1.311111111111110894e+00
1.250000000000000000e+00
1.199999999999999734e+00
1.161111111111110983e+00
1.133333333333333304e+00
1.116666666666666474e+00
1.111111111111110938e+00
1.116666666666666474e+00
1.133333333333333082e+00
1.161111111111110983e+00
1.199999999999999734e+00
1.249999999999999778e+00
1.311111111111110894e+00
1.383333333333333082e+00
1.466666666666666341e+00
1.561111111111110894e+00
1.666666666666666075e+00
1.783333333333333215e+00
1.911111111111110983e+00
2.049999999999999378e+00
2.199999999999999734e+00
2.361111111111111160e+00
2.477777777777777857e+00
2.316666666666666874e+00
2.166666666666666519e+00
2.027777777777777679e+00
1.900000000000000355e+00
1.783333333333333659e+00
1.677777777777777590e+00
1.583333333333333481e+00
1.500000000000000000e+00
1.427777777777777590e+00
1.366666666666666696e+00
1.316666666666666652e+00
1.277777777777777679e+00
1.250000000000000000e+00
1.233333333333333393e+00
1.227777777777777857e+00
1.233333333333333393e+00
1.250000000000000000e+00
1.277777777777777679e+00
1.316666666666666430e+00
1.366666666666666696e+00
1.427777777777777590e+00
1.500000000000000000e+00
1.583333333333333037e+00
1.677777777777777590e+00
1.783333333333333215e+00
1.899999999999999911e+00
2.027777777777777679e+00
2.166666666666666075e+00
2.316666666666666430e+00
2.477777777777777857e+00
2.605555555555555625e+00
2.444444444444445086e+00
2.294444444444444731e+00
2.155555555555555891e+00
2.027777777777778123e+00
1.911111111111111427e+00
1.805555555555555802e+00
1.711111111111111249e+00
1.627777777777778212e+00
1.555555555555555802e+00
1.494444444444444686e+00
1.444444444444444642e+00
1.405555555555555891e+00
1.377777777777777990e+00
1.361111111111111160e+00
1.355555555555555625e+00
1.361111111111111160e+00
1.377777777777777768e+00
1.405555555555555891e+00
1.444444444444444642e+00
1.494444444444444464e+00
1.555555555555555802e+00
1.627777777777777768e+00
1.711111111111111249e+00
1.805555555555555802e+00
1.911111111111110983e+00
2.027777777777777679e+00
2.155555555555555891e+00
2.294444444444444287e+00
2.444444444444444198e+00
2.605555555555555625e+00
2.744444444444444020e+00
2.583333333333333481e+00
2.433333333333333126e+00
2.294444444444444287e+00
2.166666666666666519e+00
2.049999999999999822e+00
1.944444444444444198e+00
1.849999999999999645e+00
1.766666666666666607e+00
1.694444444444444198e+00
1.633333333333332860e+00
1.583333333333333037e+00
1.544444444444444287e+00
1.516666666666666385e+00
1.499999999999999556e+00
1.494444444444444020e+00
1.499999999999999556e+00
1.516666666666666163e+00
1.544444444444444287e+00
1.583333333333333037e+00
1.633333333333332860e+00
1.694444444444444198e+00
1.766666666666666163e+00
1.849999999999999645e+00
1.944444444444444198e+00
2.049999999999999378e+00
2.166666666666666075e+00
2.294444444444444287e+00
2.433333333333332682e+00
2.583333333333332593e+00
2.744444444444444020e+00
2.894444444444444375e+00
2.733333333333333837e+00
2.583333333333333037e+00
2.444444444444444198e+00
2.316666666666666874e+00
2.200000000000000178e+00
2.094444444444444109e+00
2.000000000000000000e+00
1.916666666666666519e+00
1.844444444444444109e+00
1.783333333333333215e+00
1.733333333333333393e+00
1.694444444444444198e+00
1.666666666666666519e+00
1.649999999999999911e+00
1.644444444444444375e+00
1.649999999999999911e+00
1.666666666666666519e+00
1.694444444444444198e+00
1.733333333333332948e+00
1.783333333333333215e+00
1.844444444444444109e+00
1.916666666666666519e+00
1.999999999999999556e+00
2.094444444444444109e+00
2.199999999999999734e+00
2.316666666666666430e+00
2.444444444444444198e+00
2.583333333333332593e+00
2.733333333333332948e+00
2.894444444444444375e+00
3.055555555555555802e+00
2.894444444444445264e+00
2.744444444444444464e+00
2.605555555555555625e+00
2.477777777777778301e+00
2.361111111111111605e+00
2.255555555555555536e+00
2.161111111111111427e+00
2.077777777777777946e+00
2.005555555555555536e+00
1.944444444444444642e+00
1.894444444444444819e+00
1.855555555555555625e+00
1.827777777777777946e+00
1.811111111111111338e+00
1.805555555555555802e+00
1.811111111111111338e+00
1.827777777777777946e+00
1.855555555555555625e+00
1.894444444444444375e+00
1.944444444444444642e+00
2.005555555555555536e+00
2.077777777777777946e+00
2.161111111111110983e+00
2.255555555555555536e+00
2.361111111111111160e+00
2.477777777777777857e+00
2.605555555555555625e+00
2.744444444444444020e+00
2.894444444444444375e+00
3.055555555555555802e+00
2.950000000000000178e+00
2.788888888888889639e+00
2.638888888888888840e+00
2.500000000000000000e+00
2.372222222222222676e+00
2.255555555555555980e+00
2.149999999999999911e+00
2.055555555555555802e+00
1.972222222222222321e+00
1.899999999999999911e+00
1.838888888888888795e+00
1.788888888888888973e+00
1.750000000000000000e+00
1.722222222222222099e+00
1.705555555555555491e+00
1.699999999999999956e+00
1.705555555555555491e+00
1.722222222222222099e+00
1.750000000000000000e+00
1.788888888888888751e+00
1.838888888888888795e+00
1.899999999999999911e+00
1.972222222222222099e+00
2.055555555555555358e+00
2.149999999999999911e+00
2.255555555555555536e+00
2.372222222222222232e+00
2.500000000000000000e+00
2.638888888888888395e+00
2.788888888888888751e+00
2.950000000000000178e+00
2.788888888888889639e+00
2.627777777777778656e+00
2.477777777777778301e+00
2.338888888888889461e+00
2.211111111111111693e+00
2.094444444444444997e+00
1.988888888888889150e+00
1.894444444444444819e+00
1.811111111111111560e+00
1.738888888888889150e+00
1.677777777777778034e+00
1.627777777777777990e+00
1.588888888888889239e+00
1.561111111111111338e+00
1.544444444444444731e+00
1.538888888888889195e+00
1.544444444444444731e+00
1.561111111111111338e+00
1.588888888888889239e+00
1.627777777777777990e+00
1.677777777777778034e+00
1.738888888888889150e+00
1.811111111111111338e+00
1.894444444444444597e+00
1.988888888888889150e+00
2.094444444444444553e+00
2.211111111111111249e+00
2.338888888888889461e+00
2.477777777777777857e+00
2.627777777777778212e+00
2.788888888888889639e+00
2.638888888888888840e+00
2.477777777777778301e+00
2.327777777777777501e+00
2.188888888888889106e+00
2.061111111111111338e+00
1.944444444444444420e+00
1.838888888888888795e+00
1.744444444444444242e+00
1.661111111111110983e+00
1.588888888888888795e+00
1.527777777777777679e+00
1.477777777777777635e+00
1.438888888888888884e+00
1.411111111111110983e+00
1.394444444444444375e+00
1.388888888888888840e+00
1.394444444444444375e+00
1.411111111111110983e+00
1.438888888888888884e+00
1.477777777777777635e+00
1.527777777777777457e+00
1.588888888888888795e+00
1.661111111111110761e+00
1.744444444444444242e+00
1.838888888888888795e+00
1.944444444444443976e+00
2.061111111111110894e+00
2.188888888888889106e+00
2.327777777777777501e+00
2.477777777777777413e+00
2.638888888888888840e+00
2.500000000000000000e+00
2.338888888888889461e+00
2.188888888888889106e+00
2.050000000000000266e+00
1.922222222222222276e+00
1.805555555555555580e+00
1.699999999999999956e+00
1.605555555555555625e+00
1.522222222222222365e+00
1.449999999999999956e+00
1.388888888888889062e+00
1.338888888888889017e+00
1.300000000000000044e+00
1.272222222222222365e+00
1.255555555555555536e+00
1.250000000000000000e+00
1.255555555555555536e+00
1.272222222222222143e+00
1.300000000000000044e+00
1.338888888888888795e+00
1.388888888888888840e+00
1.449999999999999956e+00
1.522222222222222143e+00
1.605555555555555403e+00
1.699999999999999956e+00
1.805555555555555136e+00
1.922222222222222054e+00
2.050000000000000266e+00
2.188888888888888662e+00
2.338888888888888573e+00
2.500000000000000000e+00
2.372222222222222676e+00
2.211111111111111693e+00
2.061111111111111338e+00
1.922222222222222276e+00
1.794444444444444731e+00
1.677777777777778034e+00
1.572222222222222410e+00
1.477777777777778079e+00
1.394444444444444597e+00
1.322222222222222410e+00
1.261111111111111294e+00
1.211111111111111249e+00
1.172222222222222499e+00
1.144444444444444597e+00
1.127777777777777990e+00
1.122222222222222454e+00
1.127777777777777990e+00
1.144444444444444597e+00
1.172222222222222499e+00
1.211111111111111249e+00
1.261111111111111294e+00
1.322222222222222410e+00
1.394444444444444597e+00
1.477777777777777635e+00
1.572222222222222410e+00
1.677777777777777590e+00
1.794444444444444509e+00
1.922222222222222276e+00
2.061111111111110894e+00
2.211111111111111249e+00
2.372222222222222676e+00
2.255555555555555980e+00
2.094444444444444997e+00
1.944444444444444420e+00
1.805555555555555580e+00
1.677777777777778034e+00
1.561111111111111338e+00
1.455555555555555713e+00
1.361111111111111382e+00
1.277777777777777901e+00
1.205555555555555713e+00
1.144444444444444597e+00
1.094444444444444553e+00
1.055555555555555802e+00
1.027777777777777901e+00
1.011111111111111294e+00
1.005555555555555758e+00
1.011111111111111294e+00
1.027777777777777901e+00
1.055555555555555802e+00
1.094444444444444553e+00
1.144444444444444597e+00
1.205555555555555713e+00
1.277777777777777901e+00
1.361111111111111160e+00
1.455555555555555713e+00
1.561111111111110894e+00
1.677777777777777812e+00
1.805555555555555580e+00
1.944444444444443976e+00
2.094444444444444553e+00
2.255555555555555980e+00
2.149999999999999911e+00
1.988888888888889150e+00
1.838888888888888795e+00
1.699999999999999956e+00
1.572222222222222410e+00
1.455555555555555713e+00
1.350000000000000089e+00
1.255555555555555536e+00
1.172222222222222276e+00
1.100000000000000089e+00
1.038888888888888973e+00
9.888888888888889284e-01
9.499999999999999556e-01
9.222222222222222765e-01
9.055555555555556690e-01
9.000000000000000222e-01
9.055555555555555580e-01
9.222222222222222765e-01
9.499999999999999556e-01
9.888888888888889284e-01
1.038888888888888751e+00
1.100000000000000089e+00
1.172222222222222054e+00
1.255555555555555314e+00
1.350000000000000089e+00
1.455555555555555269e+00
1.572222222222221966e+00
1.699999999999999956e+00
1.838888888888888351e+00
1.988888888888888484e+00
2.149999999999999911e+00
2.055555555555555802e+00
1.894444444444444819e+00
1.744444444444444242e+00
1.605555555555555625e+00
1.477777777777778079e+00
1.361111111111111382e+00
1.255555555555555536e+00
1.161111111111111205e+00
1.077777777777777946e+00
1.005555555555555536e+00
9.444444444444446418e-01
8.944444444444445974e-01
8.555555555555556246e-01
8.277777777777779455e-01
8.111111111111112271e-01
8.055555555555555802e-01
8.111111111111111160e-01
8.277777777777778345e-01
8.555555555555556246e-01
8.944444444444444864e-01
9.444444444444444198e-01
1.005555555555555536e+00
1.077777777777777724e+00
1.161111111111110983e+00
1.255555555555555536e+00
1.361111111111110938e+00
1.477777777777777635e+00
1.605555555555555625e+00
1.744444444444444020e+00
1.894444444444444153e+00
2.055555555555555802e+00
1.972222222222222321e+00
1.811111111111111560e+00
1.661111111111110983e+00
1.522222222222222365e+00
1.394444444444444597e+00
1.277777777777777901e+00
1.172222222222222276e+00
1.077777777777777946e+00
9.944444444444446862e-01
9.222222222222222765e-01
8.611111111111111605e-01
8.111111111111112271e-01
7.722222222222223653e-01
7.444444444444445752e-01
7.277777777777778567e-01
7.222222222222223209e-01
7.277777777777778567e-01
7.444444444444444642e-01
7.722222222222223653e-01
8.111111111111111160e-01
8.611111111111111605e-01
9.222222222222222765e-01
9.944444444444444642e-01
1.077777777777777724e+00
1.172222222222222276e+00
1.277777777777777457e+00
1.394444444444444375e+00
1.522222222222222365e+00
1.661111111111110761e+00
1.811111111111110894e+00
1.972222222222222321e+00
1.899999999999999911e+00
1.738888888888889150e+00
1.588888888888888795e+00
1.449999999999999956e+00
1.322222222222222410e+00
1.205555555555555713e+00
1.100000000000000089e+00
1.005555555555555536e+00
9.222222222222222765e-01
8.500000000000000888e-01
7.888888888888889728e-01
7.388888888888889284e-01
6.999999999999999556e-01
6.722222222222222765e-01
6.555555555555555580e-01
6.500000000000000222e-01
6.555555555555555580e-01
6.722222222222222765e-01
6.999999999999999556e-01
7.388888888888889284e-01
7.888888888888887507e-01
8.500000000000000888e-01
9.222222222222221655e-01
1.005555555555555314e+00
1.100000000000000089e+00
1.205555555555555269e+00
1.322222222222221966e+00
1.449999999999999956e+00
1.588888888888888351e+00
1.738888888888888484e+00
1.899999999999999911e+00
1.838888888888888795e+00
1.677777777777778034e+00
1.527777777777777679e+00
1.388888888888889062e+00
1.261111111111111294e+00
1.144444444444444597e+00
1.038888888888888973e+00
9.444444444444446418e-01
8.611111111111111605e-01
7.888888888888889728e-01
7.277777777777778567e-01
6.777777777777778123e-01
6.388888888888889506e-01
6.111111111111111605e-01
5.944444444444445530e-01
5.888888888888889062e-01
5.944444444444444420e-01
6.111111111111111605e-01
6.388888888888889506e-01
6.777777777777778123e-01
7.277777777777777457e-01
7.888888888888889728e-01
8.611111111111111605e-01
9.444444444444444198e-01
1.038888888888888973e+00
1.144444444444444153e+00
1.261111111111111072e+00
1.388888888888889062e+00
1.527777777777777235e+00
1.677777777777777368e+00
1.838888888888888795e+00
1.788888888888888973e+00
1.627777777777777990e+00
1.477777777777777635e+00
1.338888888888889017e+00
1.211111111111111249e+00
1.094444444444444553e+00
9.888888888888889284e-01
8.944444444444445974e-01
8.111111111111112271e-01
7.388888888888889284e-01
6.777777777777778123e-01
6.277777777777777679e-01
5.888888888888889062e-01
5.611111111111111160e-01
5.444444444444445086e-01
5.388888888888889728e-01
5.444444444444445086e-01
5.611111111111111160e-01
5.888888888888889062e-01
6.277777777777777679e-01
6.777777777777777013e-01
7.388888888888889284e-01
8.111111111111111160e-01
8.944444444444443754e-01
9.888888888888889284e-01
1.094444444444444109e+00
1.211111111111111027e+00
1.338888888888889017e+00
1.477777777777777191e+00
1.627777777777777546e+00
1.788888888888888973e+00
1.750000000000000000e+00
1.588888888888889239e+00
1.438888888888888884e+00
1.300000000000000044e+00
1.172222222222222499e+00
1.055555555555555802e+00
9.499999999999999556e-01
8.555555555555556246e-01
7.722222222222223653e-01
6.999999999999999556e-01
6.388888888888889506e-01
5.888888888888889062e-01
5.500000000000000444e-01
5.222222222222222543e-01
5.055555555555555358e-01
5.000000000000000000e-01
5.055555555555555358e-01
5.222222222222221433e-01
5.500000000000000444e-01
5.888888888888887951e-01
6.388888888888888395e-01
6.999999999999999556e-01
7.722222222222221433e-01
8.555555555555554026e-01
9.499999999999999556e-01
1.055555555555555358e+00
1.172222222222222054e+00
1.300000000000000044e+00
1.438888888888888440e+00
1.588888888888888573e+00
1.750000000000000000e+00
1.722222222222222099e+00
1.561111111111111338e+00
1.411111111111110983e+00
1.272222222222222365e+00
1.144444444444444597e+00
1.027777777777777901e+00
9.222222222222222765e-01
8.277777777777779455e-01
7.444444444444445752e-01
6.722222222222222765e-01
6.111111111111111605e-01
5.611111111111111160e-01
5.222222222222222543e-01
4.944444444444445197e-01
4.777777777777778567e-01
4.722222222222222654e-01
4.777777777777778012e-01
4.944444444444444642e-01
5.222222222222222543e-01
5.611111111111111160e-01
6.111111111111110494e-01
6.722222222222222765e-01
7.444444444444444642e-01
8.277777777777777235e-01
9.222222222222222765e-01
1.027777777777777457e+00
1.144444444444444375e+00
1.272222222222222365e+00
1.411111111111110761e+00
1.561111111111110672e+00
1.722222222222222099e+00
1.705555555555555491e+00
1.544444444444444731e+00
1.394444444444444375e+00
1.255555555555555536e+00
1.127777777777777990e+00
1.011111111111111294e+00
9.055555555555556690e-01
8.111111111111112271e-01
7.277777777777778567e-01
6.555555555555555580e-01
5.944444444444445530e-01
5.444444444444445086e-01
5.055555555555555358e-01
4.777777777777778567e-01
4.611111111111111382e-01
4.555555555555556024e-01
4.611111111111111382e-01
4.777777777777777457e-01
5.055555555555555358e-01
5.444444444444443976e-01
5.944444444444443310e-01
6.555555555555555580e-01
7.277777777777777457e-01
8.111111111111110050e-01
9.055555555555556690e-01
1.011111111111110850e+00
1.127777777777777546e+00
1.255555555555555536e+00
1.394444444444443931e+00
1.544444444444444065e+00
1.705555555555555491e+00
1.699999999999999956e+00
1.538888888888889195e+00
1.388888888888888840e+00
1.250000000000000000e+00
1.122222222222222454e+00
1.005555555555555758e+00
9.000000000000000222e-01
8.055555555555555802e-01
7.222222222222223209e-01
6.500000000000000222e-01
5.888888888888889062e-01
5.388888888888889728e-01
5.000000000000000000e-01
4.722222222222222654e-01
4.555555555555556024e-01
4.500000000000000111e-01
4.555555555555555469e-01
4.722222222222222099e-01
5.000000000000000000e-01
5.388888888888888618e-01
5.888888888888887951e-01
6.500000000000000222e-01
7.222222222222220989e-01
8.055555555555553582e-01
9.000000000000000222e-01
1.005555555555555314e+00
1.122222222222222010e+00
1.250000000000000000e+00
1.388888888888888395e+00
1.538888888888888529e+00
1.699999999999999956e+00
1.705555555555555491e+00
1.544444444444444731e+00
1.394444444444444375e+00
1.255555555555555536e+00
1.127777777777777990e+00
1.011111111111111294e+00
9.055555555555555580e-01
8.111111111111111160e-01
7.277777777777778567e-01
6.555555555555555580e-01
5.944444444444444420e-01
5.444444444444445086e-01
5.055555555555555358e-01
4.777777777777778012e-01
4.611111111111111382e-01
4.555555555555555469e-01
4.611111111111110827e-01
4.777777777777777457e-01
5.055555555555555358e-01
5.444444444444443976e-01
5.944444444444443310e-01
6.555555555555555580e-01
7.277777777777776347e-01
8.111111111111108940e-01
9.055555555555555580e-01
1.011111111111110850e+00
1.127777777777777546e+00
1.255555555555555536e+00
1.394444444444443931e+00
1.544444444444444065e+00
1.705555555555555491e+00
1.722222222222222099e+00
1.561111111111111338e+00
1.411111111111110983e+00
1.272222222222222143e+00
1.144444444444444597e+00
1.027777777777777901e+00
9.222222222222222765e-01
8.277777777777778345e-01
7.444444444444444642e-01
6.722222222222222765e-01
6.111111111111111605e-01
5.611111111111111160e-01
5.222222222222221433e-01
4.944444444444444642e-01
4.777777777777777457e-01
4.722222222222222099e-01
4.777777777777777457e-01
4.944444444444443532e-01
5.222222222222221433e-01
5.611111111111110050e-01
6.111111111111109384e-01
6.722222222222222765e-01
7.444444444444443532e-01
8.277777777777776125e-01
9.222222222222222765e-01
1.027777777777777457e+00
1.144444444444444153e+00
1.272222222222222143e+00
1.411111111111110539e+00
1.561111111111110672e+00
1.722222222222222099e+00
1.750000000000000000e+00
1.588888888888889239e+00
1.438888888888888884e+00
1.300000000000000044e+00
1.172222222222222499e+00
1.055555555555555802e+00
9.499999999999999556e-01
8.555555555555556246e-01
7.722222222222223653e-01
6.999999999999999556e-01
6.388888888888889506e-01
5.888888888888889062e-01
5.500000000000000444e-01
5.222222222222222543e-01
5.055555555555555358e-01
5.000000000000000000e-01
5.055555555555555358e-01
5.222222222222221433e-01
5.500000000000000444e-01
5.888888888888887951e-01
6.388888888888888395e-01
6.999999999999999556e-01
7.722222222222221433e-01
8.555555555555554026e-01
9.499999999999999556e-01
1.055555555555555358e+00
1.172222222222222054e+00
1.300000000000000044e+00
1.438888888888888440e+00
1.588888888888888573e+00
1.750000000000000000e+00
1.788888888888888751e+00
1.627777777777777990e+00
1.477777777777777635e+00
1.338888888888888795e+00
1.211111111111111249e+00
1.094444444444444553e+00
9.888888888888889284e-01
8.944444444444444864e-01
8.111111111111111160e-01
7.388888888888889284e-01
6.777777777777778123e-01
6.277777777777777679e-01
5.888888888888887951e-01
5.611111111111111160e-01
5.444444444444443976e-01
5.388888888888888618e-01
5.444444444444443976e-01
5.611111111111110050e-01
5.888888888888887951e-01
6.277777777777777679e-01
6.777777777777777013e-01
7.388888888888889284e-01
8.111111111111110050e-01
8.944444444444442643e-01
9.888888888888889284e-01
1.094444444444444109e+00
1.211111111111110805e+00
1.338888888888888795e+00
1.477777777777777191e+00
1.627777777777777324e+00
1.788888888888888751e+00
1.838888888888888795e+00
1.677777777777778034e+00
1.527777777777777457e+00
1.388888888888888840e+00
1.261111111111111294e+00
1.144444444444444597e+00
1.038888888888888751e+00
9.444444444444444198e-01
8.611111111111111605e-01
7.888888888888887507e-01
7.277777777777777457e-01
6.777777777777777013e-01
6.388888888888888395e-01
6.111111111111110494e-01
5.944444444444443310e-01
5.888888888888887951e-01
5.944444444444443310e-01
6.111111111111109384e-01
6.388888888888888395e-01
6.777777777777777013e-01
7.277777777777776347e-01
7.888888888888887507e-01
8.611111111111109384e-01
9.444444444444441977e-01
1.038888888888888751e+00
1.144444444444444153e+00
1.261111111111110850e+00
1.388888888888888840e+00
1.527777777777777235e+00
1.677777777777777368e+00
1.838888888888888795e+00
1.899999999999999911e+00
1.738888888888889150e+00
1.588888888888888795e+00
1.449999999999999956e+00
1.322222222222222410e+00
1.205555555555555713e+00
1.100000000000000089e+00
1.005555555555555536e+00
9.222222222222222765e-01
8.500000000000000888e-01
7.888888888888889728e-01
7.388888888888889284e-01
6.999999999999999556e-01
6.722222222222222765e-01
6.555555555555555580e-01
6.500000000000000222e-01
6.555555555555555580e-01
6.722222222222222765e-01
6.999999999999999556e-01
7.388888888888889284e-01
7.888888888888887507e-01
8.500000000000000888e-01
9.222222222222221655e-01
1.005555555555555314e+00
1.100000000000000089e+00
1.205555555555555269e+00
1.322222222222221966e+00
1.449999999999999956e+00
1.588888888888888351e+00
1.738888888888888484e+00
1.899999999999999911e+00
1.972222222222222099e+00
1.811111111111111338e+00
1.661111111111110761e+00
1.522222222222222143e+00
1.394444444444444597e+00
1.277777777777777901e+00
1.172222222222222054e+00
1.077777777777777724e+00
9.944444444444444642e-01
9.222222222222221655e-01
8.611111111111111605e-01
8.111111111111111160e-01
7.722222222222221433e-01
7.444444444444444642e-01
7.277777777777777457e-01
7.222222222222220989e-01
7.277777777777776347e-01
7.444444444444443532e-01
7.722222222222221433e-01
8.111111111111110050e-01
8.611111111111109384e-01
9.222222222222221655e-01
9.944444444444442421e-01
1.077777777777777501e+00
1.172222222222222054e+00
1.277777777777777457e+00
1.394444444444444153e+00
1.522222222222222143e+00
1.661111111111110539e+00
1.811111111111110672e+00
1.972222222222222099e+00
2.055555555555555358e+00
1.894444444444444597e+00
1.744444444444444242e+00
1.605555555555555403e+00
1.477777777777777635e+00
1.361111111111111160e+00
1.255555555555555314e+00
1.161111111111110983e+00
1.077777777777777724e+00
1.005555555555555314e+00
9.444444444444444198e-01
8.944444444444443754e-01
8.555555555555554026e-01
8.277777777777777235e-01
8.111111111111110050e-01
8.055555555555553582e-01
8.111111111111108940e-01
8.277777777777776125e-01
8.555555555555554026e-01
8.944444444444442643e-01
9.444444444444441977e-01
1.005555555555555314e+00
1.077777777777777501e+00
1.161111111111110761e+00
1.255555555555555314e+00
1.361111111111110716e+00
1.477777777777777413e+00
1.605555555555555403e+00
1.744444444444443798e+00
1.894444444444443931e+00
2.055555555555555358e+00
2.149999999999999911e+00
1.988888888888889150e+00
1.838888888888888795e+00
1.699999999999999956e+00
1.572222222222222410e+00
1.455555555555555713e+00
1.350000000000000089e+00
1.255555555555555536e+00
1.172222222222222276e+00
1.100000000000000089e+00
1.038888888888888973e+00
9.888888888888889284e-01
9.499999999999999556e-01
9.222222222222222765e-01
9.055555555555556690e-01
9.000000000000000222e-01
9.055555555555555580e-01
9.222222222222222765e-01
9.499999999999999556e-01
9.888888888888889284e-01
1.038888888888888751e+00
1.100000000000000089e+00
1.172222222222222054e+00
1.255555555555555314e+00
1.350000000000000089e+00
1.455555555555555269e+00
1.572222222222221966e+00
1.699999999999999956e+00
1.838888888888888351e+00
1.988888888888888484e+00
2.149999999999999911e+00
2.255555555555555536e+00
2.094444444444444553e+00
1.944444444444443976e+00
1.805555555555555136e+00
1.677777777777777590e+00
1.561111111111110894e+00
1.455555555555555269e+00
1.361111111111110938e+00
1.277777777777777457e+00
1.205555555555555269e+00
1.144444444444444153e+00
1.094444444444444109e+00
1.055555555555555358e+00
1.027777777777777457e+00
1.011111111111110850e+00
1.005555555555555314e+00
1.011111111111110850e+00
1.027777777777777457e+00
1.055555555555555358e+00
1.094444444444444109e+00
1.144444444444444153e+00
1.205555555555555269e+00
1.277777777777777457e+00
1.361111111111110716e+00
1.455555555555555269e+00
1.561111111111110450e+00
1.677777777777777368e+00
1.805555555555555136e+00
1.944444444444443532e+00
2.094444444444444109e+00
2.255555555555555536e+00
2.372222222222222232e+00
2.211111111111111249e+00
2.061111111111110894e+00
1.922222222222222054e+00
1.794444444444444509e+00
1.677777777777777812e+00
1.572222222222221966e+00
1.477777777777777635e+00
1.394444444444444375e+00
1.322222222222221966e+00
1.261111111111111072e+00
1.211111111111111027e+00
1.172222222222222054e+00
1.144444444444444375e+00
1.127777777777777546e+00
1.122222222222222010e+00
1.127777777777777546e+00
1.144444444444444153e+00
1.172222222222222054e+00
1.211111111111110805e+00
1.261111111111110850e+00
1.322222222222221966e+00
1.394444444444444153e+00
1.477777777777777413e+00
1.572222222222221966e+00
1.677777777777777368e+00
1.794444444444444065e+00
1.922222222222222054e+00
2.061111111111110450e+00
2.211111111111110805e+00
2.372222222222222232e+00
2.500000000000000000e+00
2.338888888888889461e+00
2.188888888888889106e+00
2.050000000000000266e+00
1.922222222222222276e+00
1.805555555555555580e+00
1.699999999999999956e+00
1.605555555555555625e+00
1.522222222222222365e+00
1.449999999999999956e+00
1.388888888888889062e+00
1.338888888888889017e+00
1.300000000000000044e+00
1.272222222222222365e+00
1.255555555555555536e+00
1.250000000000000000e+00
1.255555555555555536e+00
1.272222222222222143e+00
1.300000000000000044e+00
1.338888888888888795e+00
1.388888888888888840e+00
1.449999999999999956e+00
1.522222222222222143e+00
1.605555555555555403e+00
1.699999999999999956e+00
1.805555555555555136e+00
1.922222222222222054e+00
2.050000000000000266e+00
2.188888888888888662e+00
2.338888888888888573e+00
2.500000000000000000e+00
2.638888888888888395e+00
2.477777777777777857e+00
2.327777777777777501e+00
2.188888888888888662e+00
2.061111111111110894e+00
1.944444444444443976e+00
1.838888888888888351e+00
1.744444444444444020e+00
1.661111111111110761e+00
1.588888888888888351e+00
1.527777777777777235e+00
1.477777777777777191e+00
1.438888888888888440e+00
1.411111111111110761e+00
1.394444444444443931e+00
1.388888888888888395e+00
1.394444444444443931e+00
1.411111111111110539e+00
1.438888888888888440e+00
1.477777777777777191e+00
1.527777777777777235e+00
1.588888888888888351e+00
1.661111111111110539e+00
1.744444444444443798e+00
1.838888888888888351e+00
1.944444444444443532e+00
2.061111111111110450e+00
2.188888888888888662e+00
2.327777777777777057e+00
2.477777777777776969e+00
2.638888888888888395e+00
2.788888888888888751e+00
2.627777777777778212e+00
2.477777777777777413e+00
2.338888888888888573e+00
2.211111111111111249e+00
2.094444444444444553e+00
1.988888888888888484e+00
1.894444444444444153e+00
1.811111111111110894e+00
1.738888888888888484e+00
1.677777777777777368e+00
1.627777777777777546e+00
1.588888888888888573e+00
1.561111111111110672e+00
1.544444444444444065e+00
1.538888888888888529e+00
1.544444444444444065e+00
1.561111111111110672e+00
1.588888888888888573e+00
1.627777777777777324e+00
1.677777777777777368e+00
1.738888888888888484e+00
1.811111111111110672e+00
1.894444444444443931e+00
1.988888888888888484e+00
2.094444444444444109e+00
2.211111111111110805e+00
2.338888888888888573e+00
2.477777777777776969e+00
2.627777777777777324e+00
2.788888888888888751e+00
2.950000000000000178e+00
2.788888888888889639e+00
2.638888888888888840e+00
2.500000000000000000e+00
2.372222222222222676e+00
2.255555555555555980e+00
2.149999999999999911e+00
2.055555555555555802e+00
1.972222222222222321e+00
1.899999999999999911e+00
1.838888888888888795e+00
1.788888888888888973e+00
1.750000000000000000e+00
1.722222222222222099e+00
1.705555555555555491e+00
1.699999999999999956e+00
1.705555555555555491e+00
1.722222222222222099e+00
1.750000000000000000e+00
1.788888888888888751e+00
1.838888888888888795e+00
1.899999999999999911e+00
1.972222222222222099e+00
2.055555555555555358e+00
2.149999999999999911e+00
2.255555555555555536e+00
2.372222222222222232e+00
2.500000000000000000e+00
2.638888888888888395e+00
2.788888888888888751e+00
2.950000000000000178e+00
2.855555555555555625e+00
2.694444444444445086e+00
2.544444444444444287e+00
2.405555555555555447e+00
2.277777777777778123e+00
2.161111111111111427e+00
2.055555555555555358e+00
1.961111111111111249e+00
1.877777777777777990e+00
1.805555555555555580e+00
1.744444444444444464e+00
1.694444444444444642e+00
1.655555555555555669e+00
1.627777777777777768e+00
1.611111111111111160e+00
1.605555555555555625e+00
1.611111111111111160e+00
1.627777777777777768e+00
1.655555555555555669e+00
1.694444444444444420e+00
1.744444444444444464e+00
1.805555555555555580e+00
1.877777777777777768e+00
1.961111111111111027e+00
2.055555555555555358e+00
2.161111111111110983e+00
2.277777777777777679e+00
2.405555555555555447e+00
2.544444444444443842e+00
2.694444444444444198e+00
2.855555555555555625e+00
2.694444444444445086e+00
2.533333333333334103e+00
2.383333333333333748e+00
2.244444444444444908e+00
2.116666666666667140e+00
2.000000000000000444e+00
1.894444444444444819e+00
1.800000000000000488e+00
1.716666666666667229e+00
1.644444444444444819e+00
1.583333333333333703e+00
1.533333333333333659e+00
1.494444444444444908e+00
1.466666666666667007e+00
1.450000000000000400e+00
1.444444444444444864e+00
1.450000000000000400e+00
1.466666666666667007e+00
1.494444444444444908e+00
1.533333333333333659e+00
1.583333333333333703e+00
1.644444444444444819e+00
1.716666666666667007e+00
1.800000000000000266e+00
1.894444444444444819e+00
2.000000000000000000e+00
2.116666666666667140e+00
2.244444444444444908e+00
2.383333333333333304e+00
2.533333333333333659e+00
2.694444444444445086e+00
2.544444444444444287e+00
2.383333333333333748e+00
2.233333333333333393e+00
2.094444444444444553e+00
1.966666666666666785e+00
1.850000000000000089e+00
1.744444444444444464e+00
1.649999999999999911e+00
1.566666666666666652e+00
1.494444444444444464e+00
1.433333333333333348e+00
1.383333333333333304e+00
1.344444444444444553e+00
1.316666666666666652e+00
1.299999999999999822e+00
1.294444444444444287e+00
1.299999999999999822e+00
1.316666666666666430e+00
1.344444444444444553e+00
1.383333333333333304e+00
1.433333333333333126e+00
1.494444444444444464e+00
1.566666666666666430e+00
1.649999999999999911e+00
1.744444444444444464e+00
1.849999999999999645e+00
1.966666666666666341e+00
2.094444444444444553e+00
2.233333333333332948e+00
2.383333333333332860e+00
2.544444444444444287e+00
2.405555555555555447e+00
2.244444444444444908e+00
2.094444444444444553e+00
1.955555555555555713e+00
1.827777777777777946e+00
1.711111111111111249e+00
1.605555555555555625e+00
1.511111111111111294e+00
1.427777777777778034e+00
1.355555555555555625e+00
1.294444444444444731e+00
1.244444444444444464e+00
1.205555555555555713e+00
1.177777777777778034e+00
1.161111111111111205e+00
1.155555555555555669e+00
1.161111111111111205e+00
1.177777777777777812e+00
1.205555555555555713e+00
1.244444444444444464e+00
1.294444444444444509e+00
1.355555555555555625e+00
1.427777777777777812e+00
1.511111111111111072e+00
1.605555555555555625e+00
1.711111111111110805e+00
1.827777777777777724e+00
1.955555555555555713e+00
2.094444444444444109e+00
2.244444444444444464e+00
2.405555555555555447e+00
2.277777777777778123e+00
2.116666666666667140e+00
1.966666666666666785e+00
1.827777777777777946e+00
1.700000000000000400e+00
1.583333333333333703e+00
1.477777777777778079e+00
1.383333333333333748e+00
1.300000000000000266e+00
1.227777777777778079e+00
1.166666666666666963e+00
1.116666666666666918e+00
1.077777777777777946e+00
1.050000000000000266e+00
1.033333333333333659e+00
1.027777777777778123e+00
1.033333333333333659e+00
1.050000000000000266e+00
1.077777777777777946e+00
1.116666666666666918e+00
1.166666666666666963e+00
1.227777777777778079e+00
1.300000000000000266e+00
1.383333333333333304e+00
1.477777777777778079e+00
1.583333333333333259e+00
1.700000000000000178e+00
1.827777777777777946e+00
1.966666666666666341e+00
2.116666666666666696e+00
2.277777777777778123e+00
2.161111111111111427e+00
2.000000000000000444e+00
1.850000000000000089e+00
1.711111111111111249e+00
1.583333333333333703e+00
1.466666666666667007e+00
1.361111111111111382e+00
1.266666666666667052e+00
1.183333333333333570e+00
1.111111111111111382e+00
1.050000000000000266e+00
1.000000000000000222e+00
9.611111111111113603e-01
9.333333333333335702e-01
9.166666666666668517e-01
9.111111111111113159e-01
9.166666666666668517e-01
9.333333333333334592e-01
9.611111111111113603e-01
1.000000000000000222e+00
1.050000000000000266e+00
1.111111111111111382e+00
1.183333333333333570e+00
1.266666666666666607e+00
1.361111111111111382e+00
1.466666666666666563e+00
1.583333333333333481e+00
1.711111111111111249e+00
1.849999999999999645e+00
2.000000000000000000e+00
2.161111111111111427e+00
2.055555555555555358e+00
1.894444444444444819e+00
1.744444444444444464e+00
1.605555555555555625e+00
1.477777777777778079e+00
1.361111111111111382e+00
1.255555555555555536e+00
1.161111111111111205e+00
1.077777777777777946e+00
1.005555555555555536e+00
9.444444444444445308e-01
8.944444444444445974e-01
8.555555555555556246e-01
8.277777777777779455e-01
8.111111111111112271e-01
8.055555555555555802e-01
8.111111111111111160e-01
8.277777777777778345e-01
8.555555555555556246e-01
8.944444444444444864e-01
9.444444444444444198e-01
1.005555555555555536e+00
1.077777777777777724e+00
1.161111111111110983e+00
1.255555555555555536e+00
1.361111111111110938e+00
1.477777777777777635e+00
1.605555555555555625e+00
1.744444444444444020e+00
1.894444444444444153e+00
2.055555555555555358e+00
1.961111111111111249e+00
1.800000000000000488e+00
1.649999999999999911e+00
1.511111111111111294e+00
1.383333333333333748e+00
1.266666666666667052e+00
1.161111111111111205e+00
1.066666666666666874e+00
9.833333333333336146e-01
9.111111111111112049e-01
8.500000000000001998e-01
8.000000000000001554e-01
7.611111111111112937e-01
7.333333333333335036e-01
7.166666666666667851e-01
7.111111111111112493e-01
7.166666666666667851e-01
7.333333333333333925e-01
7.611111111111112937e-01
8.000000000000000444e-01
8.500000000000000888e-01
9.111111111111112049e-01
9.833333333333333925e-01
1.066666666666666652e+00
1.161111111111111205e+00
1.266666666666666607e+00
1.383333333333333304e+00
1.511111111111111294e+00
1.649999999999999689e+00
1.799999999999999822e+00
1.961111111111111249e+00
1.877777777777777990e+00
1.716666666666667229e+00
1.566666666666666652e+00
1.427777777777778034e+00
1.300000000000000266e+00
1.183333333333333570e+00
1.077777777777777946e+00
9.833333333333336146e-01
9.000000000000002442e-01
8.277777777777779455e-01
7.666666666666668295e-01
7.166666666666667851e-01
6.777777777777779233e-01
6.500000000000001332e-01
6.333333333333335258e-01
6.277777777777779900e-01
6.333333333333335258e-01
6.500000000000001332e-01
6.777777777777779233e-01
7.166666666666667851e-01
7.666666666666667185e-01
8.277777777777779455e-01
9.000000000000001332e-01
9.833333333333333925e-01
1.077777777777777946e+00
1.183333333333333126e+00
1.300000000000000044e+00
1.427777777777778034e+00
1.566666666666666430e+00
1.716666666666666563e+00
1.877777777777777990e+00
1.805555555555555580e+00
1.644444444444444819e+00
1.494444444444444464e+00
1.355555555555555625e+00
1.227777777777778079e+00
1.111111111111111382e+00
1.005555555555555536e+00
9.111111111111112049e-01
8.277777777777779455e-01
7.555555555555556468e-01
6.944444444444445308e-01
6.444444444444445974e-01
6.055555555555556246e-01
5.777777777777779455e-01
5.611111111111112271e-01
5.555555555555555802e-01
5.611111111111111160e-01
5.777777777777778345e-01
6.055555555555556246e-01
6.444444444444444864e-01
6.944444444444444198e-01
7.555555555555556468e-01
8.277777777777777235e-01
9.111111111111109828e-01
1.005555555555555536e+00
1.111111111111110938e+00
1.227777777777777635e+00
1.355555555555555625e+00
1.494444444444444020e+00
1.644444444444444153e+00
1.805555555555555580e+00
1.744444444444444464e+00
1.583333333333333703e+00
1.433333333333333348e+00
1.294444444444444731e+00
1.166666666666666963e+00
1.050000000000000266e+00
9.444444444444445308e-01
8.500000000000001998e-01
7.666666666666668295e-01
6.944444444444445308e-01
6.333333333333335258e-01
5.833333333333334814e-01
5.444444444444445086e-01
5.166666666666668295e-01
5.000000000000001110e-01
4.944444444444445752e-01
5.000000000000001110e-01
5.166666666666667185e-01
5.444444444444445086e-01
5.833333333333333703e-01
6.333333333333333037e-01
6.944444444444445308e-01
7.666666666666667185e-01
8.499999999999999778e-01
9.444444444444445308e-01
1.049999999999999822e+00
1.166666666666666519e+00
1.294444444444444731e+00
1.433333333333332904e+00
1.583333333333333037e+00
1.744444444444444464e+00
1.694444444444444642e+00
1.533333333333333659e+00
1.383333333333333304e+00
1.244444444444444464e+00
1.116666666666666918e+00
1.000000000000000222e+00
8.944444444444445974e-01
8.000000000000001554e-01
7.166666666666667851e-01
6.444444444444445974e-01
5.833333333333334814e-01
5.333333333333334370e-01
4.944444444444445197e-01
4.666666666666667851e-01
4.500000000000001221e-01
4.444444444444445308e-01
4.500000000000000666e-01
4.666666666666667296e-01
4.944444444444445197e-01
5.333333333333334370e-01
5.833333333333333703e-01
6.444444444444445974e-01
7.166666666666666741e-01
7.999999999999999334e-01
8.944444444444445974e-01
9.999999999999997780e-01
1.116666666666666696e+00
1.244444444444444464e+00
1.383333333333332860e+00
1.533333333333333215e+00
1.694444444444444642e+00
1.655555555555555669e+00
1.494444444444444908e+00
1.344444444444444553e+00
1.205555555555555713e+00
1.077777777777777946e+00
9.611111111111113603e-01
8.555555555555556246e-01
7.611111111111112937e-01
6.777777777777779233e-01
6.055555555555556246e-01
5.444444444444445086e-01
4.944444444444445197e-01
4.555555555555556024e-01
4.277777777777778678e-01
4.111111111111112049e-01
4.055555555555556135e-01
4.111111111111112049e-01
4.277777777777778123e-01
4.555555555555556024e-01
4.944444444444444642e-01
5.444444444444445086e-01
6.055555555555556246e-01
6.777777777777778123e-01
7.611111111111110716e-01
8.555555555555556246e-01
9.611111111111109162e-01
1.077777777777777724e+00
1.205555555555555713e+00
1.344444444444444109e+00
1.494444444444444242e+00
1.655555555555555669e+00
1.627777777777777768e+00
1.466666666666667007e+00
1.316666666666666652e+00
1.177777777777778034e+00
1.050000000000000266e+00
9.333333333333335702e-01
8.277777777777779455e-01
7.333333333333335036e-01
6.500000000000001332e-01
5.777777777777779455e-01
5.166666666666668295e-01
4.666666666666667851e-01
4.277777777777778678e-01
4.000000000000001332e-01
3.833333333333334147e-01
3.777777777777778789e-01
3.833333333333334147e-01
4.000000000000000222e-01
4.277777777777778678e-01
4.666666666666667296e-01
5.166666666666667185e-01
5.777777777777779455e-01
6.500000000000000222e-01
7.333333333333332815e-01
8.277777777777779455e-01
9.333333333333331261e-01
1.049999999999999822e+00
1.177777777777778034e+00
1.316666666666666430e+00
1.466666666666666341e+00
1.627777777777777768e+00
1.611111111111111160e+00
1.450000000000000400e+00
1.299999999999999822e+00
1.161111111111111205e+00
1.033333333333333659e+00
9.166666666666668517e-01
8.111111111111112271e-01
7.166666666666667851e-01
6.333333333333335258e-01
5.611111111111112271e-01
5.000000000000001110e-01
4.500000000000001221e-01
4.111111111111112049e-01
3.833333333333334147e-01
3.666666666666667518e-01
3.611111111111112160e-01
3.666666666666667518e-01
3.833333333333334147e-01
4.111111111111112049e-01
4.500000000000000666e-01
5.000000000000000000e-01
5.611111111111112271e-01
6.333333333333333037e-01
7.166666666666665630e-01
8.111111111111112271e-01
9.166666666666664076e-01
1.033333333333333215e+00
1.161111111111111205e+00
1.299999999999999600e+00
1.449999999999999734e+00
1.611111111111111160e+00
1.605555555555555625e+00
1.444444444444444864e+00
1.294444444444444287e+00
1.155555555555555669e+00
1.027777777777778123e+00
9.111111111111113159e-01
8.055555555555555802e-01
7.111111111111112493e-01
6.277777777777779900e-01
5.555555555555555802e-01
4.944444444444445752e-01
4.444444444444445308e-01
4.055555555555556135e-01
3.777777777777778789e-01
3.611111111111112160e-01
3.555555555555556246e-01
3.611111111111111605e-01
3.777777777777778234e-01
4.055555555555556135e-01
4.444444444444444753e-01
4.944444444444444642e-01
5.555555555555555802e-01
6.277777777777777679e-01
7.111111111111110272e-01
8.055555555555555802e-01
9.111111111111108718e-01
1.027777777777777679e+00
1.155555555555555669e+00
1.294444444444444065e+00
1.444444444444444198e+00
1.605555555555555625e+00
1.611111111111111160e+00
1.450000000000000400e+00
1.299999999999999822e+00
1.161111111111111205e+00
1.033333333333333659e+00
9.166666666666668517e-01
8.111111111111111160e-01
7.166666666666667851e-01
6.333333333333335258e-01
5.611111111111111160e-01
5.000000000000001110e-01
4.500000000000000666e-01
4.111111111111112049e-01
3.833333333333334147e-01
3.666666666666667518e-01
3.611111111111111605e-01
3.666666666666666963e-01
3.833333333333333592e-01
4.111111111111112049e-01
4.500000000000000111e-01
5.000000000000000000e-01
5.611111111111111160e-01
6.333333333333333037e-01
7.166666666666665630e-01
8.111111111111111160e-01
9.166666666666664076e-01
1.033333333333333215e+00
1.161111111111111205e+00
1.299999999999999600e+00
1.449999999999999734e+00
1.611111111111111160e+00
1.627777777777777768e+00
1.466666666666667007e+00
1.316666666666666430e+00
1.177777777777777812e+00
1.050000000000000266e+00
9.333333333333334592e-01
8.277777777777778345e-01
7.333333333333333925e-01
6.500000000000001332e-01
5.777777777777778345e-01
5.166666666666667185e-01
4.666666666666667296e-01
4.277777777777778123e-01
4.000000000000000222e-01
3.833333333333334147e-01
3.777777777777778234e-01
3.833333333333333592e-01
4.000000000000000222e-01
4.277777777777778123e-01
4.666666666666666741e-01
5.166666666666666075e-01
5.777777777777778345e-01
6.499999999999999112e-01
7.333333333333331705e-01
8.277777777777778345e-01
9.333333333333330151e-01
1.049999999999999822e+00
1.177777777777777812e+00
1.316666666666666208e+00
1.466666666666666341e+00
1.627777777777777768e+00
1.655555555555555669e+00
1.494444444444444908e+00
1.344444444444444553e+00
1.205555555555555713e+00
1.077777777777777946e+00
9.611111111111113603e-01
8.555555555555556246e-01
7.611111111111112937e-01
6.777777777777779233e-01
6.055555555555556246e-01
5.444444444444445086e-01
4.944444444444445197e-01
4.555555555555556024e-01
4.277777777777778678e-01
4.111111111111112049e-01
4.055555555555556135e-01
4.111111111111112049e-01
4.277777777777778123e-01
4.555555555555556024e-01
4.944444444444444642e-01
5.444444444444445086e-01
6.055555555555556246e-01
6.777777777777778123e-01
7.611111111111110716e-01
8.555555555555556246e-01
9.611111111111109162e-01
1.077777777777777724e+00
1.205555555555555713e+00
1.344444444444444109e+00
1.494444444444444242e+00
1.655555555555555669e+00
1.694444444444444420e+00
1.533333333333333659e+00
1.383333333333333304e+00
1.244444444444444464e+00
1.116666666666666918e+00
1.000000000000000222e+00
8.944444444444444864e-01
8.000000000000000444e-01
7.166666666666667851e-01
6.444444444444444864e-01
5.833333333333333703e-01
5.333333333333334370e-01
4.944444444444444642e-01
4.666666666666667296e-01
4.500000000000000666e-01
4.444444444444444753e-01
4.500000000000000111e-01
4.666666666666666741e-01
4.944444444444444642e-01
5.333333333333333259e-01
5.833333333333332593e-01
6.444444444444444864e-01
7.166666666666665630e-01
7.999999999999998224e-01
8.944444444444444864e-01
9.999999999999997780e-01
1.116666666666666474e+00
1.244444444444444464e+00
1.383333333333332860e+00
1.533333333333332993e+00
1.694444444444444420e+00
1.744444444444444464e+00
1.583333333333333703e+00
1.433333333333333126e+00
1.294444444444444509e+00
1.166666666666666963e+00
1.050000000000000266e+00
9.444444444444444198e-01
8.500000000000000888e-01
7.666666666666667185e-01
6.944444444444444198e-01
6.333333333333333037e-01
5.833333333333333703e-01
5.444444444444445086e-01
5.166666666666667185e-01
5.000000000000000000e-01
4.944444444444444642e-01
5.000000000000000000e-01
5.166666666666666075e-01
5.444444444444445086e-01
5.833333333333332593e-01
6.333333333333333037e-01
6.944444444444444198e-01
7.666666666666666075e-01
8.499999999999998668e-01
9.444444444444444198e-01
1.049999999999999822e+00
1.166666666666666519e+00
1.294444444444444509e+00
1.433333333333332904e+00
1.583333333333333037e+00
1.744444444444444464e+00
1.805555555555555580e+00
1.644444444444444819e+00
1.494444444444444464e+00
1.355555555555555625e+00
1.227777777777778079e+00
1.111111111111111382e+00
1.005555555555555536e+00
9.111111111111112049e-01
8.277777777777779455e-01
7.555555555555556468e-01
6.944444444444445308e-01
6.444444444444445974e-01
6.055555555555556246e-01
5.777777777777779455e-01
5.611111111111112271e-01
5.555555555555555802e-01
5.611111111111111160e-01
5.777777777777778345e-01
6.055555555555556246e-01
6.444444444444444864e-01
6.944444444444444198e-01
7.555555555555556468e-01
8.277777777777777235e-01
9.111111111111109828e-01
1.005555555555555536e+00
1.111111111111110938e+00
1.227777777777777635e+00
1.355555555555555625e+00
1.494444444444444020e+00
1.644444444444444153e+00
1.805555555555555580e+00
1.877777777777777768e+00
1.716666666666667007e+00
1.566666666666666430e+00
1.427777777777777812e+00
1.300000000000000266e+00
1.183333333333333570e+00
1.077777777777777724e+00
9.833333333333333925e-01
9.000000000000001332e-01
8.277777777777777235e-01
7.666666666666667185e-01
7.166666666666666741e-01
6.777777777777778123e-01
6.500000000000000222e-01
6.333333333333333037e-01
6.277777777777777679e-01
6.333333333333333037e-01
6.499999999999999112e-01
6.777777777777778123e-01
7.166666666666665630e-01
7.666666666666666075e-01
8.277777777777777235e-01
8.999999999999999112e-01
9.833333333333331705e-01
1.077777777777777724e+00
1.183333333333333126e+00
1.299999999999999822e+00
1.427777777777777812e+00
1.566666666666666208e+00
1.716666666666666341e+00
1.877777777777777768e+00
1.961111111111111027e+00
1.800000000000000266e+00
1.649999999999999911e+00
1.511111111111111072e+00
1.383333333333333304e+00
1.266666666666666607e+00
1.161111111111110983e+00
1.066666666666666652e+00
9.833333333333333925e-01
9.111111111111109828e-01
8.499999999999999778e-01
7.999999999999999334e-01
7.611111111111110716e-01
7.333333333333332815e-01
7.166666666666665630e-01
7.111111111111110272e-01
7.166666666666665630e-01
7.333333333333331705e-01
7.611111111111110716e-01
7.999999999999998224e-01
8.499999999999998668e-01
9.111111111111109828e-01
9.833333333333331705e-01
1.066666666666666430e+00
1.161111111111110983e+00
1.266666666666666163e+00
1.383333333333333082e+00
1.511111111111111072e+00
1.649999999999999467e+00
1.799999999999999600e+00
1.961111111111111027e+00
2.055555555555555358e+00
1.894444444444444819e+00
1.744444444444444464e+00
1.605555555555555625e+00
1.477777777777778079e+00
1.361111111111111382e+00
1.255555555555555536e+00
1.161111111111111205e+00
1.077777777777777946e+00
1.005555555555555536e+00
9.444444444444445308e-01
8.944444444444445974e-01
8.555555555555556246e-01
8.277777777777779455e-01
8.111111111111112271e-01
8.055555555555555802e-01
8.111111111111111160e-01
8.277777777777778345e-01
8.555555555555556246e-01
8.944444444444444864e-01
9.444444444444444198e-01
1.005555555555555536e+00
1.077777777777777724e+00
1.161111111111110983e+00
1.255555555555555536e+00
1.361111111111110938e+00
1.477777777777777635e+00
1.605555555555555625e+00
1.744444444444444020e+00
1.894444444444444153e+00
2.055555555555555358e+00
2.161111111111110983e+00
2.000000000000000000e+00
1.849999999999999645e+00
1.711111111111110805e+00
1.583333333333333259e+00
1.466666666666666563e+00
1.361111111111110938e+00
1.266666666666666607e+00
1.183333333333333126e+00
1.111111111111110938e+00
1.049999999999999822e+00
9.999999999999997780e-01
9.611111111111109162e-01
9.333333333333331261e-01
9.166666666666664076e-01
9.111111111111108718e-01
9.166666666666664076e-01
9.333333333333330151e-01
9.611111111111109162e-01
9.999999999999997780e-01
1.049999999999999822e+00
1.111111111111110938e+00
1.183333333333333126e+00
1.266666666666666163e+00
1.361111111111110938e+00
1.466666666666666119e+00
1.583333333333333037e+00
1.711111111111110805e+00
1.849999999999999201e+00
1.999999999999999556e+00
2.161111111111110983e+00
2.277777777777777679e+00
2.116666666666667140e+00
1.966666666666666341e+00
1.827777777777777724e+00
1.700000000000000178e+00
1.583333333333333481e+00
1.477777777777777635e+00
1.383333333333333304e+00
1.300000000000000044e+00
1.227777777777777635e+00
1.166666666666666519e+00
1.116666666666666696e+00
1.077777777777777724e+00
1.049999999999999822e+00
1.033333333333333215e+00
1.027777777777777679e+00
1.033333333333333215e+00
1.049999999999999822e+00
1.077777777777777724e+00
1.116666666666666474e+00
1.166666666666666519e+00
1.227777777777777635e+00
1.299999999999999822e+00
1.383333333333333082e+00
1.477777777777777635e+00
1.583333333333333037e+00
1.699999999999999734e+00
1.827777777777777724e+00
1.966666666666666119e+00
2.116666666666666252e+00
2.277777777777777679e+00
2.405555555555555447e+00
2.244444444444444908e+00
2.094444444444444553e+00
1.955555555555555713e+00
1.827777777777777946e+00
1.711111111111111249e+00
1.605555555555555625e+00
1.511111111111111294e+00
1.427777777777778034e+00
1.355555555555555625e+00
1.294444444444444731e+00
1.244444444444444464e+00
1.205555555555555713e+00
1.177777777777778034e+00
1.161111111111111205e+00
1.155555555555555669e+00
1.161111111111111205e+00
1.177777777777777812e+00
1.205555555555555713e+00
1.244444444444444464e+00
1.294444444444444509e+00
1.355555555555555625e+00
1.427777777777777812e+00
1.511111111111111072e+00
1.605555555555555625e+00
1.711111111111110805e+00
1.827777777777777724e+00
1.955555555555555713e+00
2.094444444444444109e+00
2.244444444444444464e+00
2.405555555555555447e+00
2.544444444444443842e+00
2.383333333333333304e+00
2.233333333333332948e+00
2.094444444444444109e+00
1.966666666666666341e+00
1.849999999999999645e+00
1.744444444444444020e+00
1.649999999999999689e+00
1.566666666666666430e+00
1.494444444444444020e+00
1.433333333333332904e+00
1.383333333333332860e+00
1.344444444444444109e+00
1.316666666666666430e+00
1.299999999999999600e+00
1.294444444444444065e+00
1.299999999999999600e+00
1.316666666666666208e+00
1.344444444444444109e+00
1.383333333333332860e+00
1.433333333333332904e+00
1.494444444444444020e+00
1.566666666666666208e+00
1.649999999999999467e+00
1.744444444444444020e+00
1.849999999999999201e+00
1.966666666666666119e+00
2.094444444444444109e+00
2.233333333333332504e+00
2.383333333333332416e+00
2.544444444444443842e+00
2.694444444444444198e+00
2.533333333333333659e+00
2.383333333333332860e+00
2.244444444444444464e+00
2.116666666666666696e+00
2.000000000000000000e+00
1.894444444444444153e+00
1.799999999999999822e+00
1.716666666666666563e+00
1.644444444444444153e+00
1.583333333333333037e+00
1.533333333333333215e+00
1.494444444444444242e+00
1.466666666666666341e+00
1.449999999999999734e+00
1.444444444444444198e+00
1.449999999999999734e+00
1.466666666666666341e+00
1.494444444444444242e+00
1.533333333333332993e+00
1.583333333333333037e+00
1.644444444444444153e+00
1.716666666666666341e+00
1.799999999999999600e+00
1.894444444444444153e+00
1.999999999999999556e+00
2.116666666666666252e+00
2.244444444444444464e+00
2.383333333333332416e+00
2.533333333333332771e+00
2.694444444444444198e+00
2.855555555555555625e+00
2.694444444444445086e+00
2.544444444444444287e+00
2.405555555555555447e+00
2.277777777777778123e+00
2.161111111111111427e+00
2.055555555555555358e+00
1.961111111111111249e+00
1.877777777777777990e+00
1.805555555555555580e+00
1.744444444444444464e+00
1.694444444444444642e+00
1.655555555555555669e+00
1.627777777777777768e+00
1.611111111111111160e+00
1.605555555555555625e+00
1.611111111111111160e+00
1.627777777777777768e+00
1.655555555555555669e+00
1.694444444444444420e+00
1.744444444444444464e+00
1.805555555555555580e+00
1.877777777777777768e+00
1.961111111111111027e+00
2.055555555555555358e+00
2.161111111111110983e+00
2.277777777777777679e+00
2.405555555555555447e+00
2.544444444444443842e+00
2.694444444444444198e+00
2.855555555555555625e+00
2.772222222222222143e+00
2.611111111111111605e+00
2.461111111111110805e+00
2.322222222222221966e+00
2.194444444444444642e+00
2.077777777777777946e+00
1.972222222222222321e+00
1.877777777777777990e+00
1.794444444444444731e+00
1.722222222222222321e+00
1.661111111111111205e+00
1.611111111111111382e+00
1.572222222222222410e+00
1.544444444444444509e+00
1.527777777777777901e+00
1.522222222222222365e+00
1.527777777777777901e+00
1.544444444444444509e+00
1.572222222222222410e+00
1.611111111111111160e+00
1.661111111111111205e+00
1.722222222222222321e+00
1.794444444444444509e+00
1.877777777777777768e+00
1.972222222222222321e+00
2.077777777777777501e+00
2.194444444444444198e+00
2.322222222222221966e+00
2.461111111111110361e+00
2.611111111111110716e+00
2.772222222222222143e+00
2.611111111111111605e+00
2.450000000000000622e+00
2.300000000000000266e+00
2.161111111111111427e+00
2.033333333333333659e+00
1.916666666666667185e+00
1.811111111111111560e+00
1.716666666666667229e+00
1.633333333333333970e+00
1.561111111111111560e+00
1.500000000000000444e+00
1.450000000000000400e+00
1.411111111111111649e+00
1.383333333333333748e+00
1.366666666666667140e+00
1.361111111111111605e+00
1.366666666666667140e+00
1.383333333333333748e+00
1.411111111111111649e+00
1.450000000000000400e+00
1.500000000000000444e+00
1.561111111111111560e+00
1.633333333333333748e+00
1.716666666666667007e+00
1.811111111111111560e+00
1.916666666666666741e+00
2.033333333333333659e+00
2.161111111111111427e+00
2.299999999999999822e+00
2.450000000000000178e+00
2.611111111111111605e+00
2.461111111111110805e+00
2.300000000000000266e+00
2.149999999999999911e+00
2.011111111111111072e+00
1.883333333333333526e+00
1.766666666666666829e+00
1.661111111111111205e+00
1.566666666666666652e+00
1.483333333333333393e+00
1.411111111111111205e+00
1.350000000000000089e+00
1.300000000000000044e+00
1.261111111111111072e+00
1.233333333333333393e+00
1.216666666666666563e+00
1.211111111111111027e+00
1.216666666666666563e+00
1.233333333333333171e+00
1.261111111111111072e+00
1.300000000000000044e+00
1.349999999999999867e+00
1.411111111111111205e+00
1.483333333333333171e+00
1.566666666666666652e+00
1.661111111111111205e+00
1.766666666666666385e+00
1.883333333333333082e+00
2.011111111111111072e+00
2.149999999999999467e+00
2.299999999999999378e+00
2.461111111111110805e+00
2.322222222222221966e+00
2.161111111111111427e+00
2.011111111111111072e+00
1.872222222222222454e+00
1.744444444444444686e+00
1.627777777777777990e+00
1.522222222222222365e+00
1.427777777777778034e+00
1.344444444444444775e+00
1.272222222222222365e+00
1.211111111111111249e+00
1.161111111111111205e+00
1.122222222222222454e+00
1.094444444444444553e+00
1.077777777777777946e+00
1.072222222222222410e+00
1.077777777777777946e+00
1.094444444444444553e+00
1.122222222222222454e+00
1.161111111111111205e+00
1.211111111111111249e+00
1.272222222222222365e+00
1.344444444444444553e+00
1.427777777777777812e+00
1.522222222222222365e+00
1.627777777777777546e+00
1.744444444444444464e+00
1.872222222222222454e+00
2.011111111111110628e+00
2.161111111111110983e+00
2.322222222222221966e+00
2.194444444444444642e+00
2.033333333333333659e+00
1.883333333333333526e+00
1.744444444444444686e+00
1.616666666666667140e+00
1.500000000000000444e+00
1.394444444444444819e+00
1.300000000000000488e+00
1.216666666666667007e+00
1.144444444444444819e+00
1.083333333333333703e+00
1.033333333333333659e+00
9.944444444444446862e-01
9.666666666666670071e-01
9.500000000000001776e-01
9.444444444444446418e-01
9.500000000000001776e-01
9.666666666666667851e-01
9.944444444444446862e-01
1.033333333333333659e+00
1.083333333333333481e+00
1.144444444444444819e+00
1.216666666666666785e+00
1.300000000000000044e+00
1.394444444444444819e+00
1.500000000000000000e+00
1.616666666666666918e+00
1.744444444444444686e+00
1.883333333333333082e+00
2.033333333333333215e+00
2.194444444444444642e+00
2.077777777777777946e+00
1.916666666666667185e+00
1.766666666666666829e+00
1.627777777777777990e+00
1.500000000000000444e+00
1.383333333333333748e+00
1.277777777777778123e+00
1.183333333333333570e+00
1.100000000000000311e+00
1.027777777777778123e+00
9.666666666666670071e-01
9.166666666666669627e-01
8.777777777777779900e-01
8.500000000000003109e-01
8.333333333333334814e-01
8.277777777777779455e-01
8.333333333333334814e-01
8.500000000000000888e-01
8.777777777777779900e-01
9.166666666666669627e-01
9.666666666666667851e-01
1.027777777777778123e+00
1.100000000000000089e+00
1.183333333333333348e+00
1.277777777777778123e+00
1.383333333333333304e+00
1.500000000000000222e+00
1.627777777777777990e+00
1.766666666666666385e+00
1.916666666666666741e+00
2.077777777777777946e+00
1.972222222222222321e+00
1.811111111111111560e+00
1.661111111111111205e+00
1.522222222222222365e+00
1.394444444444444819e+00
1.277777777777778123e+00
1.172222222222222276e+00
1.077777777777777946e+00
9.944444444444446862e-01
9.222222222222222765e-01
8.611111111111111605e-01
8.111111111111113381e-01
7.722222222222223653e-01
7.444444444444445752e-01
7.277777777777778567e-01
7.222222222222223209e-01
7.277777777777778567e-01
7.444444444444444642e-01
7.722222222222223653e-01
8.111111111111111160e-01
8.611111111111111605e-01
9.222222222222222765e-01
9.944444444444444642e-01
1.077777777777777724e+00
1.172222222222222276e+00
1.277777777777777679e+00
1.394444444444444375e+00
1.522222222222222365e+00
1.661111111111110761e+00
1.811111111111110894e+00
1.972222222222222321e+00
1.877777777777777990e+00
1.716666666666667229e+00
1.566666666666666652e+00
1.427777777777778034e+00
1.300000000000000488e+00
1.183333333333333570e+00
1.077777777777777946e+00
9.833333333333336146e-01
9.000000000000003553e-01
8.277777777777779455e-01
7.666666666666668295e-01
7.166666666666667851e-01
6.777777777777779233e-01
6.500000000000001332e-01
6.333333333333335258e-01
6.277777777777779900e-01
6.333333333333335258e-01
6.500000000000001332e-01
6.777777777777779233e-01
7.166666666666667851e-01
7.666666666666668295e-01
8.277777777777779455e-01
9.000000000000001332e-01
9.833333333333333925e-01
1.077777777777777946e+00
1.183333333333333126e+00
1.300000000000000044e+00
1.427777777777778034e+00
1.566666666666666430e+00
1.716666666666666563e+00
1.877777777777777990e+00
1.794444444444444731e+00
1.633333333333333970e+00
1.483333333333333393e+00
1.344444444444444775e+00
1.216666666666667007e+00
1.100000000000000311e+00
9.944444444444446862e-01
9.000000000000003553e-01
8.166666666666668739e-01
7.444444444444446862e-01
6.833333333333335702e-01
6.333333333333335258e-01
5.944444444444445530e-01
5.666666666666668739e-01
5.500000000000002665e-01
5.444444444444446196e-01
5.500000000000001554e-01
5.666666666666668739e-01
5.944444444444445530e-01
6.333333333333335258e-01
6.833333333333333481e-01
7.444444444444446862e-01
8.166666666666668739e-01
9.000000000000001332e-01
9.944444444444446862e-01
1.099999999999999867e+00
1.216666666666666785e+00
1.344444444444444775e+00
1.483333333333333171e+00
1.633333333333333304e+00
1.794444444444444731e+00
1.722222222222222321e+00
1.561111111111111560e+00
1.411111111111111205e+00
1.272222222222222365e+00
1.144444444444444819e+00
1.027777777777778123e+00
9.222222222222222765e-01
8.277777777777779455e-01
7.444444444444446862e-01
6.722222222222222765e-01
6.111111111111111605e-01
5.611111111111112271e-01
5.222222222222223653e-01
4.944444444444445752e-01
4.777777777777778567e-01
4.722222222222223209e-01
4.777777777777778567e-01
4.944444444444445197e-01
5.222222222222223653e-01
5.611111111111111160e-01
6.111111111111111605e-01
6.722222222222222765e-01
7.444444444444444642e-01
8.277777777777777235e-01
9.222222222222222765e-01
1.027777777777777679e+00
1.144444444444444375e+00
1.272222222222222365e+00
1.411111111111110761e+00
1.561111111111110894e+00
1.722222222222222321e+00
1.661111111111111205e+00
1.500000000000000444e+00
1.350000000000000089e+00
1.211111111111111249e+00
1.083333333333333703e+00
9.666666666666670071e-01
8.611111111111111605e-01
7.666666666666668295e-01
6.833333333333335702e-01
6.111111111111111605e-01
5.500000000000001554e-01
5.000000000000001110e-01
4.611111111111112493e-01
4.333333333333334592e-01
4.166666666666667962e-01
4.111111111111112049e-01
4.166666666666667407e-01
4.333333333333334036e-01
4.611111111111112493e-01
5.000000000000001110e-01
5.500000000000000444e-01
6.111111111111111605e-01
6.833333333333333481e-01
7.666666666666666075e-01
8.611111111111111605e-01
9.666666666666665630e-01
1.083333333333333259e+00
1.211111111111111249e+00
1.349999999999999645e+00
1.499999999999999778e+00
1.661111111111111205e+00
1.611111111111111382e+00
1.450000000000000400e+00
1.300000000000000044e+00
1.161111111111111205e+00
1.033333333333333659e+00
9.166666666666669627e-01
8.111111111111113381e-01
7.166666666666667851e-01
6.333333333333335258e-01
5.611111111111112271e-01
5.000000000000001110e-01
4.500000000000001221e-01
4.111111111111112049e-01
3.833333333333334703e-01
3.666666666666668073e-01
3.611111111111112160e-01
3.666666666666667518e-01
3.833333333333334147e-01
4.111111111111112049e-01
4.500000000000000666e-01
5.000000000000000000e-01
5.611111111111112271e-01
6.333333333333333037e-01
7.166666666666665630e-01
8.111111111111113381e-01
9.166666666666665186e-01
1.033333333333333215e+00
1.161111111111111205e+00
1.299999999999999600e+00
1.449999999999999956e+00
1.611111111111111382e+00
1.572222222222222410e+00
1.411111111111111649e+00
1.261111111111111072e+00
1.122222222222222454e+00
9.944444444444446862e-01
8.777777777777779900e-01
7.722222222222223653e-01
6.777777777777779233e-01
5.944444444444445530e-01
5.222222222222223653e-01
4.611111111111112493e-01
4.111111111111112049e-01
3.722222222222223431e-01
3.444444444444445530e-01
3.277777777777778900e-01
3.222222222222222987e-01
3.277777777777778345e-01
3.444444444444444975e-01
3.722222222222223431e-01
4.111111111111111494e-01
4.611111111111111382e-01
5.222222222222223653e-01
5.944444444444444420e-01
6.777777777777777013e-01
7.722222222222223653e-01
8.777777777777775459e-01
9.944444444444444642e-01
1.122222222222222454e+00
1.261111111111110850e+00
1.411111111111110983e+00
1.572222222222222410e+00
1.544444444444444509e+00
1.383333333333333748e+00
1.233333333333333393e+00
1.094444444444444553e+00
9.666666666666670071e-01
8.500000000000003109e-01
7.444444444444445752e-01
6.500000000000001332e-01
5.666666666666668739e-01
4.944444444444445752e-01
4.333333333333334592e-01
3.833333333333334703e-01
3.444444444444445530e-01
3.166666666666668184e-01
3.000000000000001554e-01
2.944444444444445641e-01
3.000000000000000999e-01
3.166666666666667629e-01
3.444444444444445530e-01
3.833333333333334147e-01
4.333333333333333481e-01
4.944444444444445752e-01
5.666666666666666519e-01
6.499999999999999112e-01
7.444444444444445752e-01
8.499999999999998668e-01
9.666666666666665630e-01
1.094444444444444553e+00
1.233333333333332948e+00
1.383333333333333082e+00
1.544444444444444509e+00
1.527777777777777901e+00
1.366666666666667140e+00
1.216666666666666563e+00
1.077777777777777946e+00
9.500000000000001776e-01
8.333333333333334814e-01
7.277777777777778567e-01
6.333333333333335258e-01
5.500000000000002665e-01
4.777777777777778567e-01
4.166666666666667962e-01
3.666666666666668073e-01
3.277777777777778900e-01
3.000000000000001554e-01
2.833333333333334370e-01
2.777777777777779011e-01
2.833333333333334370e-01
3.000000000000000444e-01
3.277777777777778900e-01
3.666666666666667518e-01
4.166666666666666852e-01
4.777777777777778567e-01
5.500000000000000444e-01
6.333333333333333037e-01
7.277777777777778567e-01
8.333333333333330373e-01
9.499999999999999556e-01
1.077777777777777946e+00
1.216666666666666341e+00
1.366666666666666474e+00
1.527777777777777901e+00
1.522222222222222365e+00
1.361111111111111605e+00
1.211111111111111027e+00
1.072222222222222410e+00
9.444444444444446418e-01
8.277777777777779455e-01
7.222222222222223209e-01
6.277777777777779900e-01
5.444444444444446196e-01
4.722222222222223209e-01
4.111111111111112049e-01
3.611111111111112160e-01
3.222222222222222987e-01
2.944444444444445641e-01
2.777777777777779011e-01
2.722222222222223098e-01
2.777777777777778456e-01
2.944444444444445086e-01
3.222222222222222987e-01
3.611111111111111605e-01
4.111111111111110938e-01
4.722222222222223209e-01
5.444444444444445086e-01
6.277777777777777679e-01
7.222222222222223209e-01
8.277777777777775015e-01
9.444444444444444198e-01
1.072222222222222410e+00
1.211111111111110805e+00
1.361111111111110938e+00
1.522222222222222365e+00
1.527777777777777901e+00
1.366666666666667140e+00
1.216666666666666563e+00
1.077777777777777946e+00
9.500000000000001776e-01
8.333333333333334814e-01
7.277777777777778567e-01
6.333333333333335258e-01
5.500000000000001554e-01
4.777777777777778567e-01
4.166666666666667407e-01
3.666666666666667518e-01
3.277777777777778345e-01
3.000000000000000999e-01
2.833333333333334370e-01
2.777777777777778456e-01
2.833333333333333814e-01
3.000000000000000444e-01
3.277777777777778345e-01
3.666666666666666963e-01
4.166666666666666297e-01
4.777777777777778567e-01
5.500000000000000444e-01
6.333333333333333037e-01
7.277777777777778567e-01
8.333333333333330373e-01
9.499999999999999556e-01
1.077777777777777946e+00
1.216666666666666341e+00
1.366666666666666474e+00
1.527777777777777901e+00
1.544444444444444509e+00
1.383333333333333748e+00
1.233333333333333171e+00
1.094444444444444553e+00
9.666666666666667851e-01
8.500000000000000888e-01
7.444444444444444642e-01
6.500000000000001332e-01
5.666666666666668739e-01
4.944444444444445197e-01
4.333333333333334036e-01
3.833333333333334147e-01
3.444444444444444975e-01
3.166666666666667629e-01
3.000000000000000444e-01
2.944444444444445086e-01
3.000000000000000444e-01
3.166666666666666519e-01
3.444444444444444975e-01
3.833333333333333592e-01
4.333333333333332926e-01
4.944444444444445197e-01
5.666666666666666519e-01
6.499999999999999112e-01
7.444444444444444642e-01
8.499999999999996447e-01
9.666666666666665630e-01
1.094444444444444553e+00
1.233333333333332948e+00
1.383333333333333082e+00
1.544444444444444509e+00
1.572222222222222410e+00
1.411111111111111649e+00
1.261111111111111072e+00
1.122222222222222454e+00
9.944444444444446862e-01
8.777777777777779900e-01
7.722222222222223653e-01
6.777777777777779233e-01
5.944444444444445530e-01
5.222222222222223653e-01
4.611111111111112493e-01
4.111111111111112049e-01
3.722222222222223431e-01
3.444444444444445530e-01
3.277777777777778900e-01
3.222222222222222987e-01
3.277777777777778345e-01
3.444444444444444975e-01
3.722222222222223431e-01
4.111111111111111494e-01
4.611111111111111382e-01
5.222222222222223653e-01
5.944444444444444420e-01
6.777777777777777013e-01
7.722222222222223653e-01
8.777777777777775459e-01
9.944444444444444642e-01
1.122222222222222454e+00
1.261111111111110850e+00
1.411111111111110983e+00
1.572222222222222410e+00
1.611111111111111160e+00
1.450000000000000400e+00
1.300000000000000044e+00
1.161111111111111205e+00
1.033333333333333659e+00
9.166666666666669627e-01
8.111111111111111160e-01
7.166666666666667851e-01
6.333333333333335258e-01
5.611111111111111160e-01
5.000000000000001110e-01
4.500000000000000666e-01
4.111111111111111494e-01
3.833333333333334147e-01
3.666666666666667518e-01
3.611111111111111605e-01
3.666666666666666963e-01
3.833333333333333592e-01
4.111111111111111494e-01
4.500000000000000111e-01
5.000000000000000000e-01
5.611111111111111160e-01
6.333333333333333037e-01
7.166666666666665630e-01
8.111111111111111160e-01
9.166666666666665186e-01
1.033333333333333215e+00
1.161111111111111205e+00
1.299999999999999600e+00
1.449999999999999734e+00
1.611111111111111160e+00
1.661111111111111205e+00
1.500000000000000444e+00
1.349999999999999867e+00
1.211111111111111249e+00
1.083333333333333481e+00
9.666666666666667851e-01
8.611111111111111605e-01
7.666666666666668295e-01
6.833333333333333481e-01
6.111111111111111605e-01
5.500000000000000444e-01
5.000000000000000000e-01
4.611111111111111382e-01
4.333333333333333481e-01
4.166666666666666852e-01
4.111111111111110938e-01
4.166666666666666297e-01
4.333333333333332926e-01
4.611111111111111382e-01
5.000000000000000000e-01
5.499999999999999334e-01
6.111111111111111605e-01
6.833333333333333481e-01
7.666666666666666075e-01
8.611111111111111605e-01
9.666666666666663410e-01
1.083333333333333259e+00
1.211111111111111249e+00
1.349999999999999645e+00
1.499999999999999778e+00
1.661111111111111205e+00
1.722222222222222321e+00
1.561111111111111560e+00
1.411111111111111205e+00
1.272222222222222365e+00
1.144444444444444819e+00
1.027777777777778123e+00
9.222222222222222765e-01
8.277777777777779455e-01
7.444444444444446862e-01
6.722222222222222765e-01
6.111111111111111605e-01
5.611111111111112271e-01
5.222222222222223653e-01
4.944444444444445752e-01
4.777777777777778567e-01
4.722222222222223209e-01
4.777777777777778567e-01
4.944444444444445197e-01
5.222222222222223653e-01
5.611111111111111160e-01
6.111111111111111605e-01
6.722222222222222765e-01
7.444444444444444642e-01
8.277777777777777235e-01
9.222222222222222765e-01
1.027777777777777679e+00
1.144444444444444375e+00
1.272222222222222365e+00
1.411111111111110761e+00
1.561111111111110894e+00
1.722222222222222321e+00
1.794444444444444509e+00
1.633333333333333748e+00
1.483333333333333171e+00
1.344444444444444553e+00
1.216666666666666785e+00
1.100000000000000089e+00
9.944444444444444642e-01
9.000000000000001332e-01
8.166666666666668739e-01
7.444444444444444642e-01
6.833333333333333481e-01
6.333333333333333037e-01
5.944444444444444420e-01
5.666666666666666519e-01
5.500000000000000444e-01
5.444444444444445086e-01
5.500000000000000444e-01
5.666666666666666519e-01
5.944444444444444420e-01
6.333333333333333037e-01
6.833333333333333481e-01
7.444444444444444642e-01
8.166666666666666519e-01
8.999999999999999112e-01
9.944444444444444642e-01
1.099999999999999645e+00
1.216666666666666563e+00
1.344444444444444553e+00
1.483333333333332948e+00
1.633333333333333082e+00
1.794444444444444509e+00
1.877777777777777768e+00
1.716666666666667007e+00
1.566666666666666652e+00
1.427777777777777812e+00
1.300000000000000044e+00
1.183333333333333348e+00
1.077777777777777724e+00
9.833333333333333925e-01
9.000000000000001332e-01
8.277777777777777235e-01
7.666666666666666075e-01
7.166666666666665630e-01
6.777777777777777013e-01
6.499999999999999112e-01
6.333333333333333037e-01
6.277777777777777679e-01
6.333333333333333037e-01
6.499999999999999112e-01
6.777777777777777013e-01
7.166666666666665630e-01
7.666666666666666075e-01
8.277777777777777235e-01
8.999999999999999112e-01
9.833333333333331705e-01
1.077777777777777724e+00
1.183333333333332904e+00
1.299999999999999822e+00
1.427777777777777812e+00
1.566666666666666208e+00
1.716666666666666341e+00
1.877777777777777768e+00
1.972222222222222321e+00
1.811111111111111560e+00
1.661111111111111205e+00
1.522222222222222365e+00
1.394444444444444819e+00
1.277777777777778123e+00
1.172222222222222276e+00
1.077777777777777946e+00
9.944444444444446862e-01
9.222222222222222765e-01
8.611111111111111605e-01
8.111111111111113381e-01
7.722222222222223653e-01
7.444444444444445752e-01
7.277777777777778567e-01
7.222222222222223209e-01
7.277777777777778567e-01
7.444444444444444642e-01
7.722222222222223653e-01
8.111111111111111160e-01
8.611111111111111605e-01
9.222222222222222765e-01
9.944444444444444642e-01
1.077777777777777724e+00
1.172222222222222276e+00
1.277777777777777679e+00
1.394444444444444375e+00
1.522222222222222365e+00
1.661111111111110761e+00
1.811111111111110894e+00
1.972222222222222321e+00
2.077777777777777501e+00
1.916666666666666741e+00
1.766666666666666385e+00
1.627777777777777546e+00
1.500000000000000000e+00
1.383333333333333304e+00
1.277777777777777679e+00
1.183333333333333126e+00
1.099999999999999867e+00
1.027777777777777679e+00
9.666666666666665630e-01
9.166666666666665186e-01
8.777777777777775459e-01
8.499999999999998668e-01
8.333333333333330373e-01
8.277777777777775015e-01
8.333333333333330373e-01
8.499999999999996447e-01
8.777777777777775459e-01
9.166666666666665186e-01
9.666666666666663410e-01
1.027777777777777679e+00
1.099999999999999645e+00
1.183333333333332904e+00
1.277777777777777679e+00
1.383333333333332860e+00
1.499999999999999778e+00
1.627777777777777546e+00
1.766666666666665941e+00
1.916666666666666297e+00
2.077777777777777501e+00
2.194444444444444198e+00
2.033333333333333659e+00
1.883333333333333082e+00
1.744444444444444464e+00
1.616666666666666918e+00
1.500000000000000222e+00
1.394444444444444375e+00
1.300000000000000044e+00
1.216666666666666785e+00
1.144444444444444375e+00
1.083333333333333259e+00
1.033333333333333215e+00
9.944444444444444642e-01
9.666666666666665630e-01
9.499999999999999556e-01
9.444444444444444198e-01
9.499999999999999556e-01
9.666666666666665630e-01
9.944444444444444642e-01
1.033333333333333215e+00
1.083333333333333259e+00
1.144444444444444375e+00
1.216666666666666563e+00
1.299999999999999822e+00
1.394444444444444375e+00
1.499999999999999778e+00
1.616666666666666474e+00
1.744444444444444464e+00
1.883333333333332860e+00
2.033333333333332771e+00
2.194444444444444198e+00
2.322222222222221966e+00
2.161111111111111427e+00
2.011111111111111072e+00
1.872222222222222454e+00
1.744444444444444686e+00
1.627777777777777990e+00
1.522222222222222365e+00
1.427777777777778034e+00
1.344444444444444775e+00
1.272222222222222365e+00
1.211111111111111249e+00
1.161111111111111205e+00
1.122222222222222454e+00
1.094444444444444553e+00
1.077777777777777946e+00
1.072222222222222410e+00
1.077777777777777946e+00
1.094444444444444553e+00
1.122222222222222454e+00
1.161111111111111205e+00
1.211111111111111249e+00
1.272222222222222365e+00
1.344444444444444553e+00
1.427777777777777812e+00
1.522222222222222365e+00
1.627777777777777546e+00
1.744444444444444464e+00
1.872222222222222454e+00
2.011111111111110628e+00
2.161111111111110983e+00
2.322222222222221966e+00
2.461111111111110361e+00
2.299999999999999822e+00
2.149999999999999467e+00
2.011111111111110628e+00
1.883333333333333082e+00
1.766666666666666385e+00
1.661111111111110761e+00
1.566666666666666430e+00
1.483333333333333171e+00
1.411111111111110761e+00
1.349999999999999645e+00
1.299999999999999600e+00
1.261111111111110850e+00
1.233333333333332948e+00
1.216666666666666341e+00
1.211111111111110805e+00
1.216666666666666341e+00
1.233333333333332948e+00
1.261111111111110850e+00
1.299999999999999600e+00
1.349999999999999645e+00
1.411111111111110761e+00
1.483333333333332948e+00
1.566666666666666208e+00
1.661111111111110761e+00
1.766666666666665941e+00
1.883333333333332860e+00
2.011111111111110628e+00
2.149999999999999023e+00
2.299999999999998934e+00
2.461111111111110361e+00
2.611111111111110716e+00
2.450000000000000178e+00
2.299999999999999378e+00
2.161111111111110983e+00
2.033333333333333215e+00
1.916666666666666741e+00
1.811111111111110894e+00
1.716666666666666563e+00
1.633333333333333304e+00
1.561111111111110894e+00
1.499999999999999778e+00
1.449999999999999956e+00
1.411111111111110983e+00
1.383333333333333082e+00
1.366666666666666474e+00
1.361111111111110938e+00
1.366666666666666474e+00
1.383333333333333082e+00
1.411111111111110983e+00
1.449999999999999734e+00
1.499999999999999778e+00
1.561111111111110894e+00
1.633333333333333082e+00
1.716666666666666341e+00
1.811111111111110894e+00
1.916666666666666297e+00
2.033333333333332771e+00
2.161111111111110983e+00
2.299999999999998934e+00
2.449999999999999289e+00
2.611111111111110716e+00
2.772222222222222143e+00
2.611111111111111605e+00
2.461111111111110805e+00
2.322222222222221966e+00
2.194444444444444642e+00
2.077777777777777946e+00
1.972222222222222321e+00
1.877777777777777990e+00
1.794444444444444731e+00
1.722222222222222321e+00
1.661111111111111205e+00
1.611111111111111382e+00
1.572222222222222410e+00
1.544444444444444509e+00
1.527777777777777901e+00
1.522222222222222365e+00
1.527777777777777901e+00
1.544444444444444509e+00
1.572222222222222410e+00
1.611111111111111160e+00
1.661111111111111205e+00
1.722222222222222321e+00
1.794444444444444509e+00
1.877777777777777768e+00
1.972222222222222321e+00
2.077777777777777501e+00
2.194444444444444198e+00
2.322222222222221966e+00
2.461111111111110361e+00
2.611111111111110716e+00
2.772222222222222143e+00
2.700000000000000178e+00
2.538888888888889639e+00
2.388888888888888840e+00
2.250000000000000000e+00
2.122222222222222676e+00
2.005555555555555980e+00
1.899999999999999911e+00
1.805555555555555580e+00
1.722222222222222321e+00
1.649999999999999911e+00
1.588888888888888795e+00
1.538888888888888973e+00
1.500000000000000000e+00
1.472222222222222099e+00
1.455555555555555491e+00
1.449999999999999956e+00
1.455555555555555491e+00
1.472222222222222099e+00
1.500000000000000000e+00
1.538888888888888751e+00
1.588888888888888795e+00
1.649999999999999911e+00
1.722222222222222099e+00
1.805555555555555358e+00
1.899999999999999911e+00
2.005555555555555536e+00
2.122222222222222232e+00
2.250000000000000000e+00
2.388888888888888395e+00
2.538888888888888751e+00
2.700000000000000178e+00
2.538888888888889639e+00
2.377777777777778656e+00
2.227777777777778301e+00
2.088888888888889461e+00
1.961111111111111471e+00
1.844444444444444775e+00
1.738888888888889150e+00
1.644444444444444819e+00
1.561111111111111560e+00
1.488888888888889150e+00
1.427777777777778034e+00
1.377777777777777990e+00
1.338888888888889239e+00
1.311111111111111338e+00
1.294444444444444731e+00
1.288888888888889195e+00
1.294444444444444731e+00
1.311111111111111338e+00
1.338888888888889239e+00
1.377777777777777990e+00
1.427777777777778034e+00
1.488888888888889150e+00
1.561111111111111338e+00
1.644444444444444597e+00
1.738888888888889150e+00
1.844444444444444331e+00
1.961111111111111249e+00
2.088888888888889461e+00
2.227777777777777857e+00
2.377777777777778212e+00
2.538888888888889639e+00
2.388888888888888840e+00
2.227777777777778301e+00
2.077777777777777501e+00
1.938888888888888884e+00
1.811111111111111116e+00
1.694444444444444420e+00
1.588888888888888795e+00
1.494444444444444242e+00
1.411111111111110983e+00
1.338888888888888795e+00
1.277777777777777679e+00
1.227777777777777635e+00
1.188888888888888884e+00
1.161111111111110983e+00
1.144444444444444375e+00
1.138888888888888840e+00
1.144444444444444375e+00
1.161111111111110983e+00
1.188888888888888884e+00
1.227777777777777635e+00
1.277777777777777457e+00
1.338888888888888795e+00
1.411111111111110761e+00
1.494444444444444242e+00
1.588888888888888795e+00
1.694444444444443976e+00
1.811111111111110672e+00
1.938888888888888884e+00
2.077777777777777501e+00
2.227777777777777413e+00
2.388888888888888840e+00
2.250000000000000000e+00
2.088888888888889461e+00
1.938888888888888884e+00
1.800000000000000044e+00
1.672222222222222276e+00
1.555555555555555580e+00
1.449999999999999956e+00
1.355555555555555625e+00
1.272222222222222365e+00
1.199999999999999956e+00
1.138888888888889062e+00
1.088888888888889017e+00
1.050000000000000044e+00
1.022222222222222365e+00
1.005555555555555536e+00
1.000000000000000000e+00
1.005555555555555536e+00
1.022222222222222143e+00
1.050000000000000044e+00
1.088888888888888795e+00
1.138888888888888840e+00
1.199999999999999956e+00
1.272222222222222143e+00
1.355555555555555403e+00
1.449999999999999956e+00
1.555555555555555136e+00
1.672222222222222054e+00
1.800000000000000044e+00
1.938888888888888440e+00
2.088888888888888573e+00
2.250000000000000000e+00
2.122222222222222676e+00
1.961111111111111471e+00
1.811111111111111116e+00
1.672222222222222276e+00
1.544444444444444731e+00
1.427777777777778034e+00
1.322222222222222410e+00
1.227777777777778079e+00
1.144444444444444597e+00
1.072222222222222410e+00
1.011111111111111294e+00
9.611111111111112493e-01
9.222222222222224985e-01
8.944444444444445974e-01
8.777777777777779900e-01
8.722222222222224541e-01
8.777777777777779900e-01
8.944444444444445974e-01
9.222222222222224985e-01
9.611111111111112493e-01
1.011111111111111294e+00
1.072222222222222410e+00
1.144444444444444597e+00
1.227777777777777635e+00
1.322222222222222410e+00
1.427777777777777590e+00
1.544444444444444509e+00
1.672222222222222276e+00
1.811111111111110672e+00
1.961111111111111027e+00
2.122222222222222676e+00
2.005555555555555980e+00
1.844444444444444775e+00
1.694444444444444420e+00
1.555555555555555580e+00
1.427777777777778034e+00
1.311111111111111338e+00
1.205555555555555713e+00
1.111111111111111382e+00
1.027777777777777901e+00
9.555555555555557135e-01
8.944444444444445974e-01
8.444444444444445530e-01
8.055555555555558023e-01
7.777777777777779011e-01
7.611111111111112937e-01
7.555555555555557579e-01
7.611111111111112937e-01
7.777777777777779011e-01
8.055555555555558023e-01
8.444444444444445530e-01
8.944444444444445974e-01
9.555555555555557135e-01
1.027777777777777901e+00
1.111111111111111160e+00
1.205555555555555713e+00
1.311111111111110894e+00
1.427777777777777812e+00
1.555555555555555580e+00
1.694444444444443976e+00
1.844444444444444331e+00
2.005555555555555980e+00
1.899999999999999911e+00
1.738888888888889150e+00
1.588888888888888795e+00
1.449999999999999956e+00
1.322222222222222410e+00
1.205555555555555713e+00
1.100000000000000089e+00
1.005555555555555536e+00
9.222222222222222765e-01
8.500000000000000888e-01
7.888888888888889728e-01
7.388888888888889284e-01
6.999999999999999556e-01
6.722222222222222765e-01
6.555555555555556690e-01
6.500000000000000222e-01
6.555555555555555580e-01
6.722222222222222765e-01
6.999999999999999556e-01
7.388888888888889284e-01
7.888888888888887507e-01
8.500000000000000888e-01
9.222222222222220545e-01
1.005555555555555314e+00
1.100000000000000089e+00
1.205555555555555269e+00
1.322222222222221966e+00
1.449999999999999956e+00
1.588888888888888351e+00
1.738888888888888484e+00
1.899999999999999911e+00
1.805555555555555580e+00
1.644444444444444819e+00
1.494444444444444242e+00
1.355555555555555625e+00
1.227777777777778079e+00
1.111111111111111382e+00
1.005555555555555536e+00
9.111111111111112049e-01
8.277777777777779455e-01
7.555555555555555358e-01
6.944444444444446418e-01
6.444444444444445974e-01
6.055555555555556246e-01
5.777777777777779455e-01
5.611111111111112271e-01
5.555555555555555802e-01
5.611111111111111160e-01
5.777777777777778345e-01
6.055555555555556246e-01
6.444444444444444864e-01
6.944444444444444198e-01
7.555555555555555358e-01
8.277777777777777235e-01
9.111111111111109828e-01
1.005555555555555536e+00
1.111111111111110938e+00
1.227777777777777635e+00
1.355555555555555625e+00
1.494444444444444020e+00
1.644444444444444153e+00
1.805555555555555580e+00
1.722222222222222321e+00
1.561111111111111560e+00
1.411111111111110983e+00
1.272222222222222365e+00
1.144444444444444597e+00
1.027777777777777901e+00
9.222222222222222765e-01
8.277777777777779455e-01
7.444444444444446862e-01
6.722222222222222765e-01
6.111111111111111605e-01
5.611111111111112271e-01
5.222222222222223653e-01
4.944444444444445752e-01
4.777777777777779122e-01
4.722222222222223209e-01
4.777777777777778567e-01
4.944444444444445197e-01
5.222222222222223653e-01
5.611111111111111160e-01
6.111111111111111605e-01
6.722222222222222765e-01
7.444444444444444642e-01
8.277777777777777235e-01
9.222222222222222765e-01
1.027777777777777457e+00
1.144444444444444375e+00
1.272222222222222365e+00
1.411111111111110761e+00
1.561111111111110894e+00
1.722222222222222321e+00
1.649999999999999911e+00
1.488888888888889150e+00
1.338888888888888795e+00
1.199999999999999956e+00
1.072222222222222410e+00
9.555555555555557135e-01
8.500000000000000888e-01
7.555555555555555358e-01
6.722222222222222765e-01
6.000000000000000888e-01
5.388888888888889728e-01
4.888888888888889284e-01
4.500000000000000111e-01
4.222222222222222765e-01
4.055555555555555580e-01
4.000000000000000222e-01
4.055555555555555580e-01
4.222222222222222210e-01
4.500000000000000111e-01
4.888888888888888729e-01
5.388888888888887507e-01
6.000000000000000888e-01
6.722222222222221655e-01
7.555555555555553138e-01
8.500000000000000888e-01
9.555555555555552694e-01
1.072222222222221966e+00
1.199999999999999956e+00
1.338888888888888351e+00
1.488888888888888484e+00
1.649999999999999911e+00
1.588888888888888795e+00
1.427777777777778034e+00
1.277777777777777679e+00
1.138888888888889062e+00
1.011111111111111294e+00
8.944444444444445974e-01
7.888888888888889728e-01
6.944444444444446418e-01
6.111111111111111605e-01
5.388888888888889728e-01
4.777777777777778567e-01
4.277777777777778123e-01
3.888888888888889506e-01
3.611111111111111605e-01
3.444444444444444975e-01
3.388888888888889062e-01
3.444444444444444420e-01
3.611111111111111049e-01
3.888888888888889506e-01
4.277777777777778123e-01
4.777777777777777457e-01
5.388888888888889728e-01
6.111111111111111605e-01
6.944444444444444198e-01
7.888888888888889728e-01
8.944444444444441533e-01
1.011111111111111072e+00
1.138888888888889062e+00
1.277777777777777235e+00
1.427777777777777368e+00
1.588888888888888795e+00
1.538888888888888973e+00
1.377777777777777990e+00
1.227777777777777635e+00
1.088888888888889017e+00
9.611111111111112493e-01
8.444444444444445530e-01
7.388888888888889284e-01
6.444444444444445974e-01
5.611111111111112271e-01
4.888888888888889284e-01
4.277777777777778123e-01
3.777777777777778234e-01
3.388888888888889062e-01
3.111111111111111716e-01
2.944444444444445086e-01
2.888888888888889173e-01
2.944444444444444531e-01
3.111111111111111160e-01
3.388888888888889062e-01
3.777777777777777679e-01
4.277777777777777013e-01
4.888888888888889284e-01
5.611111111111111160e-01
6.444444444444443754e-01
7.388888888888889284e-01
8.444444444444441089e-01
9.611111111111110272e-01
1.088888888888889017e+00
1.227777777777777191e+00
1.377777777777777546e+00
1.538888888888888973e+00
1.500000000000000000e+00
1.338888888888889239e+00
1.188888888888888884e+00
1.050000000000000044e+00
9.222222222222224985e-01
8.055555555555558023e-01
6.999999999999999556e-01
6.055555555555556246e-01
5.222222222222223653e-01
4.500000000000000111e-01
3.888888888888889506e-01
3.388888888888889062e-01
3.000000000000000444e-01
2.722222222222222543e-01
2.555555555555555913e-01
2.500000000000000000e-01
2.555555555555555358e-01
2.722222222222221988e-01
3.000000000000000444e-01
3.388888888888888506e-01
3.888888888888888395e-01
4.500000000000000111e-01
5.222222222222221433e-01
6.055555555555554026e-01
6.999999999999999556e-01
8.055555555555553582e-01
9.222222222222220545e-01
1.050000000000000044e+00
1.188888888888888440e+00
1.338888888888888573e+00
1.500000000000000000e+00
1.472222222222222099e+00
1.311111111111111338e+00
1.161111111111110983e+00
1.022222222222222365e+00
8.944444444444445974e-01
7.777777777777779011e-01
6.722222222222222765e-01
5.777777777777779455e-01
4.944444444444445752e-01
4.222222222222222765e-01
3.611111111111111605e-01
3.111111111111111716e-01
2.722222222222222543e-01
2.444444444444444919e-01
2.277777777777778290e-01
2.222222222222222654e-01
2.277777777777778012e-01
2.444444444444444364e-01
2.722222222222222543e-01
3.111111111111111160e-01
3.611111111111110494e-01
4.222222222222222765e-01
4.944444444444444087e-01
5.777777777777777235e-01
6.722222222222222765e-01
7.777777777777774570e-01
8.944444444444443754e-01
1.022222222222222365e+00
1.161111111111110761e+00
1.311111111111110672e+00
1.472222222222222099e+00
1.455555555555555491e+00
1.294444444444444731e+00
1.144444444444444375e+00
1.005555555555555536e+00
8.777777777777779900e-01
7.611111111111112937e-01
6.555555555555556690e-01
5.611111111111112271e-01
4.777777777777779122e-01
4.055555555555555580e-01
3.444444444444444975e-01
2.944444444444445086e-01
2.555555555555555913e-01
2.277777777777778290e-01
2.111111111111111660e-01
2.055555555555555747e-01
2.111111111111111382e-01
2.277777777777777735e-01
2.555555555555555913e-01
2.944444444444444531e-01
3.444444444444443865e-01
4.055555555555555580e-01
4.777777777777777457e-01
5.611111111111110050e-01
6.555555555555556690e-01
7.611111111111108496e-01
8.777777777777775459e-01
1.005555555555555536e+00
1.144444444444443931e+00
1.294444444444444065e+00
1.455555555555555491e+00
1.449999999999999956e+00
1.288888888888889195e+00
1.138888888888888840e+00
1.000000000000000000e+00
8.722222222222224541e-01
7.555555555555557579e-01
6.500000000000000222e-01
5.555555555555555802e-01
4.722222222222223209e-01
4.000000000000000222e-01
3.388888888888889062e-01
2.888888888888889173e-01
2.500000000000000000e-01
2.222222222222222654e-01
2.055555555555555747e-01
2.000000000000000111e-01
2.055555555555555469e-01
2.222222222222222099e-01
2.500000000000000000e-01
2.888888888888888618e-01
3.388888888888887951e-01
4.000000000000000222e-01
4.722222222222221544e-01
5.555555555555553582e-01
6.500000000000000222e-01
7.555555555555553138e-01
8.722222222222220100e-01
1.000000000000000000e+00
1.138888888888888395e+00
1.288888888888888529e+00
1.449999999999999956e+00
1.455555555555555491e+00
1.294444444444444731e+00
1.144444444444444375e+00
1.005555555555555536e+00
8.777777777777779900e-01
7.611111111111112937e-01
6.555555555555555580e-01
5.611111111111111160e-01
4.777777777777778567e-01
4.055555555555555580e-01
3.444444444444444420e-01
2.944444444444444531e-01
2.555555555555555358e-01
2.277777777777778012e-01
2.111111111111111382e-01
2.055555555555555469e-01
2.111111111111111105e-01
2.277777777777777457e-01
2.555555555555555358e-01
2.944444444444443976e-01
3.444444444444443310e-01
4.055555555555555580e-01
4.777777777777776902e-01
5.611111111111108940e-01
6.555555555555555580e-01
7.611111111111108496e-01
8.777777777777775459e-01
1.005555555555555536e+00
1.144444444444443931e+00
1.294444444444444065e+00
1.455555555555555491e+00
1.472222222222222099e+00
1.311111111111111338e+00
1.161111111111110983e+00
1.022222222222222143e+00
8.944444444444445974e-01
7.777777777777779011e-01
6.722222222222222765e-01
5.777777777777778345e-01
4.944444444444445197e-01
4.222222222222222210e-01
3.611111111111111049e-01
3.111111111111111160e-01
2.722222222222221988e-01
2.444444444444444364e-01
2.277777777777777735e-01
2.222222222222222099e-01
2.277777777777777457e-01
2.444444444444443809e-01
2.722222222222221988e-01
3.111111111111110605e-01
3.611111111111109939e-01
4.222222222222222210e-01
4.944444444444443532e-01
5.777777777777776125e-01
6.722222222222222765e-01
7.777777777777774570e-01
8.944444444444441533e-01
1.022222222222222143e+00
1.161111111111110539e+00
1.311111111111110672e+00
1.472222222222222099e+00
1.500000000000000000e+00
1.338888888888889239e+00
1.188888888888888884e+00
1.050000000000000044e+00
9.222222222222224985e-01
8.055555555555558023e-01
6.999999999999999556e-01
6.055555555555556246e-01
5.222222222222223653e-01
4.500000000000000111e-01
3.888888888888889506e-01
3.388888888888889062e-01
3.000000000000000444e-01
2.722222222222222543e-01
2.555555555555555913e-01
2.500000000000000000e-01
2.555555555555555358e-01
2.722222222222221988e-01
3.000000000000000444e-01
3.388888888888888506e-01
3.888888888888888395e-01
4.500000000000000111e-01
5.222222222222221433e-01
6.055555555555554026e-01
6.999999999999999556e-01
8.055555555555553582e-01
9.222222222222220545e-01
1.050000000000000044e+00
1.188888888888888440e+00
1.338888888888888573e+00
1.500000000000000000e+00
1.538888888888888751e+00
1.377777777777777990e+00
1.227777777777777635e+00
1.088888888888888795e+00
9.611111111111112493e-01
8.444444444444445530e-01
7.388888888888889284e-01
6.444444444444444864e-01
5.611111111111111160e-01
4.888888888888888729e-01
4.277777777777778123e-01
3.777777777777777679e-01
3.388888888888888506e-01
3.111111111111111160e-01
2.944444444444444531e-01
2.888888888888888618e-01
2.944444444444443976e-01
3.111111111111110605e-01
3.388888888888888506e-01
3.777777777777777124e-01
4.277777777777777013e-01
4.888888888888888729e-01
5.611111111111110050e-01
6.444444444444442643e-01
7.388888888888889284e-01
8.444444444444441089e-01
9.611111111111108052e-01
1.088888888888888795e+00
1.227777777777777191e+00
1.377777777777777324e+00
1.538888888888888751e+00
1.588888888888888795e+00
1.427777777777778034e+00
1.277777777777777457e+00
1.138888888888888840e+00
1.011111111111111294e+00
8.944444444444445974e-01
7.888888888888887507e-01
6.944444444444444198e-01
6.111111111111111605e-01
5.388888888888887507e-01
4.777777777777777457e-01
4.277777777777777013e-01
3.888888888888888395e-01
3.611111111111110494e-01
3.444444444444443865e-01
3.388888888888887951e-01
3.444444444444443310e-01
3.611111111111109939e-01
3.888888888888888395e-01
4.277777777777777013e-01
4.777777777777776347e-01
5.388888888888887507e-01
6.111111111111109384e-01
6.944444444444441977e-01
7.888888888888887507e-01
8.944444444444441533e-01
1.011111111111110850e+00
1.138888888888888840e+00
1.277777777777777235e+00
1.427777777777777368e+00
1.588888888888888795e+00
1.649999999999999911e+00
1.488888888888889150e+00
1.338888888888888795e+00
1.199999999999999956e+00
1.072222222222222410e+00
9.555555555555557135e-01
8.500000000000000888e-01
7.555555555555555358e-01
6.722222222222222765e-01
6.000000000000000888e-01
5.388888888888889728e-01
4.888888888888889284e-01
4.500000000000000111e-01
4.222222222222222765e-01
4.055555555555555580e-01
4.000000000000000222e-01
4.055555555555555580e-01
4.222222222222222210e-01
4.500000000000000111e-01
4.888888888888888729e-01
5.388888888888887507e-01
6.000000000000000888e-01
6.722222222222221655e-01
7.555555555555553138e-01
8.500000000000000888e-01
9.555555555555552694e-01
1.072222222222221966e+00
1.199999999999999956e+00
1.338888888888888351e+00
1.488888888888888484e+00
1.649999999999999911e+00
1.722222222222222099e+00
1.561111111111111338e+00
1.411111111111110761e+00
1.272222222222222143e+00
1.144444444444444597e+00
1.027777777777777901e+00
9.222222222222220545e-01
8.277777777777777235e-01
7.444444444444444642e-01
6.722222222222221655e-01
6.111111111111111605e-01
5.611111111111111160e-01
5.222222222222221433e-01
4.944444444444444087e-01
4.777777777777777457e-01
4.722222222222221544e-01
4.777777777777776902e-01
4.944444444444443532e-01
5.222222222222221433e-01
5.611111111111110050e-01
6.111111111111109384e-01
6.722222222222221655e-01
7.444444444444442421e-01
8.277777777777775015e-01
9.222222222222220545e-01
1.027777777777777457e+00
1.144444444444444153e+00
1.272222222222222143e+00
1.411111111111110539e+00
1.561111111111110672e+00
1.722222222222222099e+00
1.805555555555555358e+00
1.644444444444444597e+00
1.494444444444444242e+00
1.355555555555555403e+00
1.227777777777777635e+00
1.111111111111111160e+00
1.005555555555555314e+00
9.111111111111109828e-01
8.277777777777777235e-01
7.555555555555553138e-01
6.944444444444444198e-01
6.444444444444443754e-01
6.055555555555554026e-01
5.777777777777777235e-01
5.611111111111110050e-01
5.555555555555553582e-01
5.611111111111108940e-01
5.777777777777776125e-01
6.055555555555554026e-01
6.444444444444442643e-01
6.944444444444441977e-01
7.555555555555553138e-01
8.277777777777775015e-01
9.111111111111107608e-01
1.005555555555555314e+00
1.111111111111110716e+00
1.227777777777777413e+00
1.355555555555555403e+00
1.494444444444443798e+00
1.644444444444443931e+00
1.805555555555555358e+00
1.899999999999999911e+00
1.738888888888889150e+00
1.588888888888888795e+00
1.449999999999999956e+00
1.322222222222222410e+00
1.205555555555555713e+00
1.100000000000000089e+00
1.005555555555555536e+00
9.222222222222222765e-01
8.500000000000000888e-01
7.888888888888889728e-01
7.388888888888889284e-01
6.999999999999999556e-01
6.722222222222222765e-01
6.555555555555556690e-01
6.500000000000000222e-01
6.555555555555555580e-01
6.722222222222222765e-01
6.999999999999999556e-01
7.388888888888889284e-01
7.888888888888887507e-01
8.500000000000000888e-01
9.222222222222220545e-01
1.005555555555555314e+00
1.100000000000000089e+00
1.205555555555555269e+00
1.322222222222221966e+00
1.449999999999999956e+00
1.588888888888888351e+00
1.738888888888888484e+00
1.899999999999999911e+00
2.005555555555555536e+00
1.844444444444444331e+00
1.694444444444443976e+00
1.555555555555555136e+00
1.427777777777777590e+00
1.311111111111110894e+00
1.205555555555555269e+00
1.111111111111110938e+00
1.027777777777777457e+00
9.555555555555552694e-01
8.944444444444441533e-01
8.444444444444441089e-01
8.055555555555553582e-01
7.777777777777774570e-01
7.611111111111108496e-01
7.555555555555553138e-01
7.611111111111108496e-01
7.777777777777774570e-01
8.055555555555553582e-01
8.444444444444441089e-01
8.944444444444441533e-01
9.555555555555552694e-01
1.027777777777777457e+00
1.111111111111110716e+00
1.205555555555555269e+00
1.311111111111110450e+00
1.427777777777777368e+00
1.555555555555555136e+00
1.694444444444443532e+00
1.844444444444443887e+00
2.005555555555555536e+00
2.122222222222222232e+00
1.961111111111111249e+00
1.811111111111110672e+00
1.672222222222222054e+00
1.544444444444444509e+00
1.427777777777777812e+00
1.322222222222221966e+00
1.227777777777777635e+00
1.144444444444444375e+00
1.072222222222221966e+00
1.011111111111111072e+00
9.611111111111110272e-01
9.222222222222220545e-01
8.944444444444443754e-01
8.777777777777775459e-01
8.722222222222220100e-01
8.777777777777775459e-01
8.944444444444441533e-01
9.222222222222220545e-01
9.611111111111108052e-01
1.011111111111110850e+00
1.072222222222221966e+00
1.144444444444444153e+00
1.227777777777777413e+00
1.322222222222221966e+00
1.427777777777777368e+00
1.544444444444444065e+00
1.672222222222222054e+00
1.811111111111110450e+00
1.961111111111110583e+00
2.122222222222222232e+00
2.250000000000000000e+00
2.088888888888889461e+00
1.938888888888888884e+00
1.800000000000000044e+00
1.672222222222222276e+00
1.555555555555555580e+00
1.449999999999999956e+00
1.355555555555555625e+00
1.272222222222222365e+00
1.199999999999999956e+00
1.138888888888889062e+00
1.088888888888889017e+00
1.050000000000000044e+00
1.022222222222222365e+00
1.005555555555555536e+00
1.000000000000000000e+00
1.005555555555555536e+00
1.022222222222222143e+00
1.050000000000000044e+00
1.088888888888888795e+00
1.138888888888888840e+00
1.199999999999999956e+00
1.272222222222222143e+00
1.355555555555555403e+00
1.449999999999999956e+00
1.555555555555555136e+00
1.672222222222222054e+00
1.800000000000000044e+00
1.938888888888888440e+00
2.088888888888888573e+00
2.250000000000000000e+00
2.388888888888888395e+00
2.227777777777777857e+00
2.077777777777777501e+00
1.938888888888888440e+00
1.811111111111110672e+00
1.694444444444443976e+00
1.588888888888888351e+00
1.494444444444444020e+00
1.411111111111110761e+00
1.338888888888888351e+00
1.277777777777777235e+00
1.227777777777777191e+00
1.188888888888888440e+00
1.161111111111110761e+00
1.144444444444443931e+00
1.138888888888888395e+00
1.144444444444443931e+00
1.161111111111110539e+00
1.188888888888888440e+00
1.227777777777777191e+00
1.277777777777777235e+00
1.338888888888888351e+00
1.411111111111110539e+00
1.494444444444443798e+00
1.588888888888888351e+00
1.694444444444443532e+00
1.811111111111110450e+00
1.938888888888888440e+00
2.077777777777777057e+00
2.227777777777776969e+00
2.388888888888888395e+00
2.538888888888888751e+00
2.377777777777778212e+00
2.227777777777777413e+00
2.088888888888888573e+00
1.961111111111111027e+00
1.844444444444444331e+00
1.738888888888888484e+00
1.644444444444444153e+00
1.561111111111110894e+00
1.488888888888888484e+00
1.427777777777777368e+00
1.377777777777777546e+00
1.338888888888888573e+00
1.311111111111110672e+00
1.294444444444444065e+00
1.288888888888888529e+00
1.294444444444444065e+00
1.311111111111110672e+00
1.338888888888888573e+00
1.377777777777777324e+00
1.427777777777777368e+00
1.488888888888888484e+00
1.561111111111110672e+00
1.644444444444443931e+00
1.738888888888888484e+00
1.844444444444443887e+00
1.961111111111110583e+00
2.088888888888888573e+00
2.227777777777776969e+00
2.377777777777777324e+00
2.538888888888888751e+00
2.700000000000000178e+00
2.538888888888889639e+00
2.388888888888888840e+00
2.250000000000000000e+00
2.122222222222222676e+00
2.005555555555555980e+00
1.899999999999999911e+00
1.805555555555555580e+00
1.722222222222222321e+00
1.649999999999999911e+00
1.588888888888888795e+00
1.538888888888888973e+00
1.500000000000000000e+00
1.472222222222222099e+00
1.455555555555555491e+00
1.449999999999999956e+00
1.455555555555555491e+00
1.472222222222222099e+00
1.500000000000000000e+00
1.538888888888888751e+00
1.588888888888888795e+00
1.649999999999999911e+00
1.722222222222222099e+00
1.805555555555555358e+00
1.899999999999999911e+00
2.005555555555555536e+00
2.122222222222222232e+00
2.250000000000000000e+00
2.388888888888888395e+00
2.538888888888888751e+00
2.700000000000000178e+00
2.638888888888888840e+00
2.477777777777778301e+00
2.327777777777777501e+00
2.188888888888888662e+00
2.061111111111111338e+00
1.944444444444444642e+00
1.838888888888888795e+00
1.744444444444444464e+00
1.661111111111111205e+00
1.588888888888888795e+00
1.527777777777777679e+00
1.477777777777777857e+00
1.438888888888888884e+00
1.411111111111110983e+00
1.394444444444444375e+00
1.388888888888888840e+00
1.394444444444444375e+00
1.411111111111110983e+00
1.438888888888888884e+00
1.477777777777777635e+00
1.527777777777777679e+00
1.588888888888888795e+00
1.661111111111110983e+00
1.744444444444444242e+00
1.838888888888888795e+00
1.944444444444444198e+00
2.061111111111110894e+00
2.188888888888888662e+00
2.327777777777777057e+00
2.477777777777777413e+00
2.638888888888888840e+00
2.477777777777778301e+00
2.316666666666667318e+00
2.166666666666666963e+00
2.027777777777778123e+00
1.900000000000000355e+00
1.783333333333333659e+00
1.677777777777778034e+00
1.583333333333333703e+00
1.500000000000000444e+00
1.427777777777778034e+00
1.366666666666666918e+00
1.316666666666666874e+00
1.277777777777778123e+00
1.250000000000000222e+00
1.233333333333333615e+00
1.227777777777778079e+00
1.233333333333333615e+00
1.250000000000000222e+00
1.277777777777778123e+00
1.316666666666666874e+00
1.366666666666666918e+00
1.427777777777778034e+00
1.500000000000000222e+00
1.583333333333333481e+00
1.677777777777778034e+00
1.783333333333333215e+00
1.900000000000000133e+00
2.027777777777778123e+00
2.166666666666666519e+00
2.316666666666666874e+00
2.477777777777778301e+00
2.327777777777777501e+00
2.166666666666666963e+00
2.016666666666666607e+00
1.877777777777777768e+00
1.750000000000000000e+00
1.633333333333333304e+00
1.527777777777777679e+00
1.433333333333333126e+00
1.349999999999999867e+00
1.277777777777777679e+00
1.216666666666666563e+00
1.166666666666666519e+00
1.127777777777777768e+00
1.099999999999999867e+00
1.083333333333333259e+00
1.077777777777777724e+00
1.083333333333333259e+00
1.099999999999999867e+00
1.127777777777777768e+00
1.166666666666666519e+00
1.216666666666666341e+00
1.277777777777777679e+00
1.349999999999999645e+00
1.433333333333333126e+00
1.527777777777777679e+00
1.633333333333332860e+00
1.749999999999999556e+00
1.877777777777777768e+00
2.016666666666666163e+00
2.166666666666666075e+00
2.327777777777777501e+00
2.188888888888888662e+00
2.027777777777778123e+00
1.877777777777777768e+00
1.738888888888888928e+00
1.611111111111111160e+00
1.494444444444444464e+00
1.388888888888888840e+00
1.294444444444444509e+00
1.211111111111111249e+00
1.138888888888888840e+00
1.077777777777777946e+00
1.027777777777777901e+00
9.888888888888890394e-01
9.611111111111112493e-01
9.444444444444445308e-01
9.388888888888889950e-01
9.444444444444445308e-01
9.611111111111111382e-01
9.888888888888890394e-01
1.027777777777777679e+00
1.077777777777777724e+00
1.138888888888888840e+00
1.211111111111111027e+00
1.294444444444444287e+00
1.388888888888888840e+00
1.494444444444444020e+00
1.611111111111110938e+00
1.738888888888888928e+00
1.877777777777777324e+00
2.027777777777777679e+00
2.188888888888888662e+00
2.061111111111111338e+00
1.900000000000000355e+00
1.750000000000000000e+00
1.611111111111111160e+00
1.483333333333333615e+00
1.366666666666666918e+00
1.261111111111111294e+00
1.166666666666666963e+00
1.083333333333333481e+00
1.011111111111111294e+00
9.500000000000002887e-01
9.000000000000002442e-01
8.611111111111113825e-01
8.333333333333335924e-01
8.166666666666668739e-01
8.111111111111113381e-01
8.166666666666668739e-01
8.333333333333334814e-01
8.611111111111113825e-01
9.000000000000002442e-01
9.500000000000001776e-01
1.011111111111111294e+00
1.083333333333333481e+00
1.166666666666666519e+00
1.261111111111111294e+00
1.366666666666666474e+00
1.483333333333333393e+00
1.611111111111111160e+00
1.749999999999999556e+00
1.899999999999999911e+00
2.061111111111111338e+00
1.944444444444444642e+00
1.783333333333333659e+00
1.633333333333333304e+00
1.494444444444444464e+00
1.366666666666666918e+00
1.250000000000000222e+00
1.144444444444444597e+00
1.050000000000000266e+00
9.666666666666668961e-01
8.944444444444447084e-01
8.333333333333335924e-01
7.833333333333335480e-01
7.444444444444446862e-01
7.166666666666668961e-01
7.000000000000001776e-01
6.944444444444446418e-01
7.000000000000001776e-01
7.166666666666667851e-01
7.444444444444446862e-01
7.833333333333335480e-01
8.333333333333334814e-01
8.944444444444447084e-01
9.666666666666667851e-01
1.050000000000000044e+00
1.144444444444444597e+00
1.249999999999999778e+00
1.366666666666666696e+00
1.494444444444444464e+00
1.633333333333332860e+00
1.783333333333333215e+00
1.944444444444444642e+00
1.838888888888888795e+00
1.677777777777778034e+00
1.527777777777777679e+00
1.388888888888888840e+00
1.261111111111111294e+00
1.144444444444444597e+00
1.038888888888888973e+00
9.444444444444445308e-01
8.611111111111112715e-01
7.888888888888889728e-01
7.277777777777778567e-01
6.777777777777779233e-01
6.388888888888889506e-01
6.111111111111111605e-01
5.944444444444445530e-01
5.888888888888889062e-01
5.944444444444444420e-01
6.111111111111111605e-01
6.388888888888889506e-01
6.777777777777778123e-01
7.277777777777777457e-01
7.888888888888889728e-01
8.611111111111110494e-01
9.444444444444443088e-01
1.038888888888888973e+00
1.144444444444444153e+00
1.261111111111110850e+00
1.388888888888888840e+00
1.527777777777777235e+00
1.677777777777777368e+00
1.838888888888888795e+00
1.744444444444444464e+00
1.583333333333333703e+00
1.433333333333333126e+00
1.294444444444444509e+00
1.166666666666666963e+00
1.050000000000000266e+00
9.444444444444445308e-01
8.500000000000001998e-01
7.666666666666669405e-01
6.944444444444445308e-01
6.333333333333335258e-01
5.833333333333334814e-01
5.444444444444445086e-01
5.166666666666668295e-01
5.000000000000001110e-01
4.944444444444445752e-01
5.000000000000001110e-01
5.166666666666667185e-01
5.444444444444445086e-01
5.833333333333333703e-01
6.333333333333334147e-01
6.944444444444445308e-01
7.666666666666667185e-01
8.499999999999999778e-01
9.444444444444445308e-01
1.049999999999999822e+00
1.166666666666666519e+00
1.294444444444444509e+00
1.433333333333332904e+00
1.583333333333333037e+00
1.744444444444444464e+00
1.661111111111111205e+00
1.500000000000000444e+00
1.349999999999999867e+00
1.211111111111111249e+00
1.083333333333333481e+00
9.666666666666668961e-01
8.611111111111112715e-01
7.666666666666669405e-01
6.833333333333335702e-01
6.111111111111112715e-01
5.500000000000001554e-01
5.000000000000001110e-01
4.611111111111112493e-01
4.333333333333334592e-01
4.166666666666668517e-01
4.111111111111112049e-01
4.166666666666667407e-01
4.333333333333334592e-01
4.611111111111112493e-01
5.000000000000001110e-01
5.500000000000000444e-01
6.111111111111112715e-01
6.833333333333334592e-01
7.666666666666667185e-01
8.611111111111112715e-01
9.666666666666664520e-01
1.083333333333333259e+00
1.211111111111111249e+00
1.349999999999999645e+00
1.499999999999999778e+00
1.661111111111111205e+00
1.588888888888888795e+00
1.427777777777778034e+00
1.277777777777777679e+00
1.138888888888888840e+00
1.011111111111111294e+00
8.944444444444447084e-01
7.888888888888889728e-01
6.944444444444445308e-01
6.111111111111112715e-01
5.388888888888889728e-01
4.777777777777778567e-01
4.277777777777778123e-01
3.888888888888889506e-01
3.611111111111111605e-01
3.444444444444444975e-01
3.388888888888889062e-01
3.444444444444444420e-01
3.611111111111111605e-01
3.888888888888889506e-01
4.277777777777778123e-01
4.777777777777777457e-01
5.388888888888889728e-01
6.111111111111110494e-01
6.944444444444443088e-01
7.888888888888889728e-01
8.944444444444442643e-01
1.011111111111110850e+00
1.138888888888888840e+00
1.277777777777777235e+00
1.427777777777777368e+00
1.588888888888888795e+00
1.527777777777777679e+00
1.366666666666666918e+00
1.216666666666666563e+00
1.077777777777777946e+00
9.500000000000002887e-01
8.333333333333335924e-01
7.277777777777778567e-01
6.333333333333335258e-01
5.500000000000001554e-01
4.777777777777778567e-01
4.166666666666667407e-01
3.666666666666667518e-01
3.277777777777778345e-01
3.000000000000000999e-01
2.833333333333334370e-01
2.777777777777778456e-01
2.833333333333333814e-01
3.000000000000000444e-01
3.277777777777778345e-01
3.666666666666666963e-01
4.166666666666666297e-01
4.777777777777778567e-01
5.500000000000000444e-01
6.333333333333333037e-01
7.277777777777778567e-01
8.333333333333331483e-01
9.499999999999999556e-01
1.077777777777777946e+00
1.216666666666666119e+00
1.366666666666666252e+00
1.527777777777777679e+00
1.477777777777777857e+00
1.316666666666666874e+00
1.166666666666666519e+00
1.027777777777777901e+00
9.000000000000002442e-01
7.833333333333335480e-01
6.777777777777779233e-01
5.833333333333334814e-01
5.000000000000001110e-01
4.277777777777778123e-01
3.666666666666667518e-01
3.166666666666667629e-01
2.777777777777777901e-01
2.500000000000000555e-01
2.333333333333333925e-01
2.277777777777778290e-01
2.333333333333333925e-01
2.500000000000000000e-01
2.777777777777777901e-01
3.166666666666666519e-01
3.666666666666666408e-01
4.277777777777778123e-01
5.000000000000000000e-01
5.833333333333332593e-01
6.777777777777779233e-01
7.833333333333331039e-01
8.999999999999999112e-01
1.027777777777777901e+00
1.166666666666666075e+00
1.316666666666666430e+00
1.477777777777777857e+00
1.438888888888888884e+00
1.277777777777778123e+00
1.127777777777777768e+00
9.888888888888890394e-01
8.611111111111113825e-01
7.444444444444446862e-01
6.388888888888889506e-01
5.444444444444445086e-01
4.611111111111112493e-01
3.888888888888889506e-01
3.277777777777778345e-01
2.777777777777777901e-01
2.388888888888889284e-01
2.111111111111111660e-01
1.944444444444445030e-01
1.888888888888889395e-01
1.944444444444444753e-01
2.111111111111111105e-01
2.388888888888889284e-01
2.777777777777777901e-01
3.277777777777777235e-01
3.888888888888889506e-01
4.611111111111110272e-01
5.444444444444442865e-01
6.388888888888889506e-01
7.444444444444442421e-01
8.611111111111110494e-01
9.888888888888890394e-01
1.127777777777777324e+00
1.277777777777777457e+00
1.438888888888888884e+00
1.411111111111110983e+00
1.250000000000000222e+00
1.099999999999999867e+00
9.611111111111112493e-01
8.333333333333335924e-01
7.166666666666668961e-01
6.111111111111111605e-01
5.166666666666668295e-01
4.333333333333334592e-01
3.611111111111111605e-01
3.000000000000000999e-01
2.500000000000000555e-01
2.111111111111111660e-01
1.833333333333334036e-01
1.666666666666667407e-01
1.611111111111111771e-01
1.666666666666667129e-01
1.833333333333333481e-01
2.111111111111111660e-01
2.500000000000000000e-01
2.999999999999999889e-01
3.611111111111111605e-01
4.333333333333333481e-01
5.166666666666666075e-01
6.111111111111111605e-01
7.166666666666664520e-01
8.333333333333332593e-01
9.611111111111112493e-01
1.099999999999999645e+00
1.249999999999999556e+00
1.411111111111110983e+00
1.394444444444444375e+00
1.233333333333333615e+00
1.083333333333333259e+00
9.444444444444445308e-01
8.166666666666668739e-01
7.000000000000001776e-01
5.944444444444445530e-01
5.000000000000001110e-01
4.166666666666668517e-01
3.444444444444444975e-01
2.833333333333334370e-01
2.333333333333333925e-01
1.944444444444445030e-01
1.666666666666667407e-01
1.500000000000000777e-01
1.444444444444444864e-01
1.500000000000000500e-01
1.666666666666666852e-01
1.944444444444445030e-01
2.333333333333333370e-01
2.833333333333333259e-01
3.444444444444444975e-01
4.166666666666666297e-01
4.999999999999998890e-01
5.944444444444445530e-01
6.999999999999997335e-01
8.166666666666665408e-01
9.444444444444445308e-01
1.083333333333332815e+00
1.233333333333332948e+00
1.394444444444444375e+00
1.388888888888888840e+00
1.227777777777778079e+00
1.077777777777777724e+00
9.388888888888889950e-01
8.111111111111113381e-01
6.944444444444446418e-01
5.888888888888889062e-01
4.944444444444445752e-01
4.111111111111112049e-01
3.388888888888889062e-01
2.777777777777778456e-01
2.277777777777778290e-01
1.888888888888889395e-01
1.611111111111111771e-01
1.444444444444444864e-01
1.388888888888889228e-01
1.444444444444444586e-01
1.611111111111110938e-01
1.888888888888889395e-01
2.277777777777777735e-01
2.777777777777777346e-01
3.388888888888889062e-01
4.111111111111110938e-01
4.944444444444443532e-01
5.888888888888889062e-01
6.944444444444441977e-01
8.111111111111110050e-01
9.388888888888889950e-01
1.077777777777777279e+00
1.227777777777777413e+00
1.388888888888888840e+00
1.394444444444444375e+00
1.233333333333333615e+00
1.083333333333333259e+00
9.444444444444445308e-01
8.166666666666668739e-01
7.000000000000001776e-01
5.944444444444444420e-01
5.000000000000001110e-01
4.166666666666667407e-01
3.444444444444444420e-01
2.833333333333333814e-01
2.333333333333333925e-01
1.944444444444444753e-01
1.666666666666667129e-01
1.500000000000000500e-01
1.444444444444444586e-01
1.500000000000000222e-01
1.666666666666666574e-01
1.944444444444444753e-01
2.333333333333333370e-01
2.833333333333332704e-01
3.444444444444444420e-01
4.166666666666666297e-01
4.999999999999998890e-01
5.944444444444444420e-01
6.999999999999997335e-01
8.166666666666665408e-01
9.444444444444445308e-01
1.083333333333332815e+00
1.233333333333332948e+00
1.394444444444444375e+00
1.411111111111110983e+00
1.250000000000000222e+00
1.099999999999999867e+00
9.611111111111111382e-01
8.333333333333334814e-01
7.166666666666667851e-01
6.111111111111111605e-01
5.166666666666667185e-01
4.333333333333334592e-01
3.611111111111111605e-01
3.000000000000000444e-01
2.500000000000000000e-01
2.111111111111111105e-01
1.833333333333333481e-01
1.666666666666666852e-01
1.611111111111110938e-01
1.666666666666666574e-01
1.833333333333332926e-01
2.111111111111111105e-01
2.499999999999999445e-01
2.999999999999999334e-01
3.611111111111111605e-01
4.333333333333332371e-01
5.166666666666664964e-01
6.111111111111111605e-01
7.166666666666663410e-01
8.333333333333331483e-01
9.611111111111111382e-01
1.099999999999999423e+00
1.249999999999999556e+00
1.411111111111110983e+00
1.438888888888888884e+00
1.277777777777778123e+00
1.127777777777777768e+00
9.888888888888890394e-01
8.611111111111113825e-01
7.444444444444446862e-01
6.388888888888889506e-01
5.444444444444445086e-01
4.611111111111112493e-01
3.888888888888889506e-01
3.277777777777778345e-01
2.777777777777777901e-01
2.388888888888889284e-01
2.111111111111111660e-01
1.944444444444445030e-01
1.888888888888889395e-01
1.944444444444444753e-01
2.111111111111111105e-01
2.388888888888889284e-01
2.777777777777777901e-01
3.277777777777777235e-01
3.888888888888889506e-01
4.611111111111110272e-01
5.444444444444442865e-01
6.388888888888889506e-01
7.444444444444442421e-01
8.611111111111110494e-01
9.888888888888890394e-01
1.127777777777777324e+00
1.277777777777777457e+00
1.438888888888888884e+00
1.477777777777777635e+00
1.316666666666666874e+00
1.166666666666666519e+00
1.027777777777777679e+00
9.000000000000002442e-01
7.833333333333335480e-01
6.777777777777778123e-01
5.833333333333333703e-01
5.000000000000001110e-01
4.277777777777778123e-01
3.666666666666666963e-01
3.166666666666666519e-01
2.777777777777777901e-01
2.500000000000000000e-01
2.333333333333333370e-01
2.277777777777777735e-01
2.333333333333333370e-01
2.499999999999999445e-01
2.777777777777777901e-01
3.166666666666666519e-01
3.666666666666665853e-01
4.277777777777778123e-01
4.999999999999998890e-01
5.833333333333331483e-01
6.777777777777778123e-01
7.833333333333331039e-01
8.999999999999998002e-01
1.027777777777777679e+00
1.166666666666666075e+00
1.316666666666666208e+00
1.477777777777777635e+00
1.527777777777777679e+00
1.366666666666666918e+00
1.216666666666666341e+00
1.077777777777777724e+00
9.500000000000001776e-01
8.333333333333334814e-01
7.277777777777777457e-01
6.333333333333334147e-01
5.500000000000000444e-01
4.777777777777777457e-01
4.166666666666666297e-01
3.666666666666666408e-01
3.277777777777777235e-01
2.999999999999999889e-01
2.833333333333333259e-01
2.777777777777777346e-01
2.833333333333332704e-01
2.999999999999999334e-01
3.277777777777777235e-01
3.666666666666665853e-01
4.166666666666665186e-01
4.777777777777777457e-01
5.499999999999999334e-01
6.333333333333331927e-01
7.277777777777777457e-01
8.333333333333330373e-01
9.499999999999998446e-01
1.077777777777777724e+00
1.216666666666666119e+00
1.366666666666666252e+00
1.527777777777777679e+00
1.588888888888888795e+00
1.427777777777778034e+00
1.277777777777777679e+00
1.138888888888888840e+00
1.011111111111111294e+00
8.944444444444447084e-01
7.888888888888889728e-01
6.944444444444445308e-01
6.111111111111112715e-01
5.388888888888889728e-01
4.777777777777778567e-01
4.277777777777778123e-01
3.888888888888889506e-01
3.611111111111111605e-01
3.444444444444444975e-01
3.388888888888889062e-01
3.444444444444444420e-01
3.611111111111111605e-01
3.888888888888889506e-01
4.277777777777778123e-01
4.777777777777777457e-01
5.388888888888889728e-01
6.111111111111110494e-01
6.944444444444443088e-01
7.888888888888889728e-01
8.944444444444442643e-01
1.011111111111110850e+00
1.138888888888888840e+00
1.277777777777777235e+00
1.427777777777777368e+00
1.588888888888888795e+00
1.661111111111110983e+00
1.500000000000000222e+00
1.349999999999999645e+00
1.211111111111111027e+00
1.083333333333333481e+00
9.666666666666667851e-01
8.611111111111110494e-01
7.666666666666667185e-01
6.833333333333334592e-01
6.111111111111110494e-01
5.500000000000000444e-01
5.000000000000000000e-01
4.611111111111110272e-01
4.333333333333333481e-01
4.166666666666666297e-01
4.111111111111110938e-01
4.166666666666666297e-01
4.333333333333332371e-01
4.611111111111110272e-01
4.999999999999998890e-01
5.499999999999999334e-01
6.111111111111110494e-01
6.833333333333332371e-01
7.666666666666664964e-01
8.611111111111110494e-01
9.666666666666663410e-01
1.083333333333333037e+00
1.211111111111111027e+00
1.349999999999999423e+00
1.499999999999999556e+00
1.661111111111110983e+00
1.744444444444444242e+00
1.583333333333333481e+00
1.433333333333333126e+00
1.294444444444444287e+00
1.166666666666666519e+00
1.050000000000000044e+00
9.444444444444443088e-01
8.499999999999999778e-01
7.666666666666667185e-01
6.944444444444443088e-01
6.333333333333333037e-01
5.833333333333332593e-01
5.444444444444442865e-01
5.166666666666666075e-01
4.999999999999998890e-01
4.944444444444443532e-01
4.999999999999998890e-01
5.166666666666664964e-01
5.444444444444442865e-01
5.833333333333331483e-01
6.333333333333331927e-01
6.944444444444443088e-01
7.666666666666664964e-01
8.499999999999997558e-01
9.444444444444443088e-01
1.049999999999999600e+00
1.166666666666666297e+00
1.294444444444444287e+00
1.433333333333332682e+00
1.583333333333332815e+00
1.744444444444444242e+00
1.838888888888888795e+00
1.677777777777778034e+00
1.527777777777777679e+00
1.388888888888888840e+00
1.261111111111111294e+00
1.144444444444444597e+00
1.038888888888888973e+00
9.444444444444445308e-01
8.611111111111112715e-01
7.888888888888889728e-01
7.277777777777778567e-01
6.777777777777779233e-01
6.388888888888889506e-01
6.111111111111111605e-01
5.944444444444445530e-01
5.888888888888889062e-01
5.944444444444444420e-01
6.111111111111111605e-01
6.388888888888889506e-01
6.777777777777778123e-01
7.277777777777777457e-01
7.888888888888889728e-01
8.611111111111110494e-01
9.444444444444443088e-01
1.038888888888888973e+00
1.144444444444444153e+00
1.261111111111110850e+00
1.388888888888888840e+00
1.527777777777777235e+00
1.677777777777777368e+00
1.838888888888888795e+00
1.944444444444444198e+00
1.783333333333333215e+00
1.633333333333332860e+00
1.494444444444444020e+00
1.366666666666666474e+00
1.249999999999999778e+00
1.144444444444444153e+00
1.049999999999999822e+00
9.666666666666664520e-01
8.944444444444442643e-01
8.333333333333331483e-01
7.833333333333331039e-01
7.444444444444442421e-01
7.166666666666664520e-01
6.999999999999997335e-01
6.944444444444441977e-01
6.999999999999997335e-01
7.166666666666663410e-01
7.444444444444442421e-01
7.833333333333331039e-01
8.333333333333330373e-01
8.944444444444442643e-01
9.666666666666663410e-01
1.049999999999999600e+00
1.144444444444444153e+00
1.249999999999999334e+00
1.366666666666666252e+00
1.494444444444444020e+00
1.633333333333332416e+00
1.783333333333332771e+00
1.944444444444444198e+00
2.061111111111110894e+00
1.900000000000000133e+00
1.749999999999999556e+00
1.611111111111110938e+00
1.483333333333333393e+00
1.366666666666666696e+00
1.261111111111110850e+00
1.166666666666666519e+00
1.083333333333333259e+00
1.011111111111110850e+00
9.499999999999999556e-01
8.999999999999999112e-01
8.611111111111110494e-01
8.333333333333332593e-01
8.166666666666665408e-01
8.111111111111110050e-01
8.166666666666665408e-01
8.333333333333331483e-01
8.611111111111110494e-01
8.999999999999998002e-01
9.499999999999998446e-01
1.011111111111110850e+00
1.083333333333333037e+00
1.166666666666666297e+00
1.261111111111110850e+00
1.366666666666666252e+00
1.483333333333332948e+00
1.611111111111110938e+00
1.749999999999999334e+00
1.899999999999999467e+00
2.061111111111110894e+00
2.188888888888888662e+00
2.027777777777778123e+00
1.877777777777777768e+00
1.738888888888888928e+00
1.611111111111111160e+00
1.494444444444444464e+00
1.388888888888888840e+00
1.294444444444444509e+00
1.211111111111111249e+00
1.138888888888888840e+00
1.077777777777777946e+00
1.027777777777777901e+00
9.888888888888890394e-01
9.611111111111112493e-01
9.444444444444445308e-01
9.388888888888889950e-01
9.444444444444445308e-01
9.611111111111111382e-01
9.888888888888890394e-01
1.027777777777777679e+00
1.077777777777777724e+00
1.138888888888888840e+00
1.211111111111111027e+00
1.294444444444444287e+00
1.388888888888888840e+00
1.494444444444444020e+00
1.611111111111110938e+00
1.738888888888888928e+00
1.877777777777777324e+00
2.027777777777777679e+00
2.188888888888888662e+00
2.327777777777777057e+00
2.166666666666666519e+00
2.016666666666666163e+00
1.877777777777777324e+00
1.749999999999999556e+00
1.633333333333332860e+00
1.527777777777777235e+00
1.433333333333332904e+00
1.349999999999999645e+00
1.277777777777777235e+00
1.216666666666666119e+00
1.166666666666666075e+00
1.127777777777777324e+00
1.099999999999999645e+00
1.083333333333332815e+00
1.077777777777777279e+00
1.083333333333332815e+00
1.099999999999999423e+00
1.127777777777777324e+00
1.166666666666666075e+00
1.216666666666666119e+00
1.277777777777777235e+00
1.349999999999999423e+00
1.433333333333332682e+00
1.527777777777777235e+00
1.633333333333332416e+00
1.749999999999999334e+00
1.877777777777777324e+00
2.016666666666665719e+00
2.166666666666665630e+00
2.327777777777777057e+00
2.477777777777777413e+00
2.316666666666666874e+00
2.166666666666666075e+00
2.027777777777777679e+00
1.899999999999999911e+00
1.783333333333333215e+00
1.677777777777777368e+00
1.583333333333333037e+00
1.499999999999999778e+00
1.427777777777777368e+00
1.366666666666666252e+00
1.316666666666666430e+00
1.277777777777777457e+00
1.249999999999999556e+00
1.233333333333332948e+00
1.227777777777777413e+00
1.233333333333332948e+00
1.249999999999999556e+00
1.277777777777777457e+00
1.316666666666666208e+00
1.366666666666666252e+00
1.427777777777777368e+00
1.499999999999999556e+00
1.583333333333332815e+00
1.677777777777777368e+00
1.783333333333332771e+00
1.899999999999999467e+00
2.027777777777777679e+00
2.166666666666665630e+00
2.316666666666665986e+00
2.477777777777777413e+00
2.638888888888888840e+00
2.477777777777778301e+00
2.327777777777777501e+00
2.188888888888888662e+00
2.061111111111111338e+00
1.944444444444444642e+00
1.838888888888888795e+00
1.744444444444444464e+00
1.661111111111111205e+00
1.588888888888888795e+00
1.527777777777777679e+00
1.477777777777777857e+00
1.438888888888888884e+00
1.411111111111110983e+00
1.394444444444444375e+00
1.388888888888888840e+00
1.394444444444444375e+00
1.411111111111110983e+00
1.438888888888888884e+00
1.477777777777777635e+00
1.527777777777777679e+00
1.588888888888888795e+00
1.661111111111110983e+00
1.744444444444444242e+00
1.838888888888888795e+00
1.944444444444444198e+00
2.061111111111110894e+00
2.188888888888888662e+00
2.327777777777777057e+00
2.477777777777777413e+00
2.638888888888888840e+00
2.588888888888889017e+00
2.427777777777778478e+00
2.277777777777777679e+00
2.138888888888888840e+00
2.011111111111111516e+00
1.894444444444444819e+00
1.788888888888888751e+00
1.694444444444444642e+00
1.611111111111111160e+00
1.538888888888888751e+00
1.477777777777777857e+00
1.427777777777778034e+00
1.388888888888888840e+00
1.361111111111111160e+00
1.344444444444444553e+00
1.338888888888889017e+00
1.344444444444444553e+00
1.361111111111111160e+00
1.388888888888888840e+00
1.427777777777777590e+00
1.477777777777777857e+00
1.538888888888888751e+00
1.611111111111111160e+00
1.694444444444444198e+00
1.788888888888888751e+00
1.894444444444444375e+00
2.011111111111111072e+00
2.138888888888888840e+00
2.277777777777777235e+00
2.427777777777777590e+00
2.588888888888889017e+00
2.427777777777778478e+00
2.266666666666667496e+00
2.116666666666667140e+00
1.977777777777778301e+00
1.850000000000000533e+00
1.733333333333333837e+00
1.627777777777778212e+00
1.533333333333333659e+00
1.450000000000000622e+00
1.377777777777778212e+00
1.316666666666666874e+00
1.266666666666667052e+00
1.227777777777778301e+00
1.200000000000000178e+00
1.183333333333333570e+00
1.177777777777778034e+00
1.183333333333333570e+00
1.200000000000000178e+00
1.227777777777778301e+00
1.266666666666667052e+00
1.316666666666666874e+00
1.377777777777778212e+00
1.450000000000000178e+00
1.533333333333333659e+00
1.627777777777778212e+00
1.733333333333333393e+00
1.850000000000000089e+00
1.977777777777778301e+00
2.116666666666666696e+00
2.266666666666667052e+00
2.427777777777778478e+00
2.277777777777777679e+00
2.116666666666667140e+00
1.966666666666666341e+00
1.827777777777777946e+00
1.700000000000000178e+00
1.583333333333333481e+00
1.477777777777777857e+00
1.383333333333333304e+00
1.299999999999999822e+00
1.227777777777777857e+00
1.166666666666666519e+00
1.116666666666666696e+00
1.077777777777777724e+00
1.049999999999999822e+00
1.033333333333333215e+00
1.027777777777777679e+00
1.033333333333333215e+00
1.049999999999999822e+00
1.077777777777777724e+00
1.116666666666666696e+00
1.166666666666666519e+00
1.227777777777777857e+00
1.299999999999999822e+00
1.383333333333333304e+00
1.477777777777777857e+00
1.583333333333333037e+00
1.699999999999999734e+00
1.827777777777777946e+00
1.966666666666666341e+00
2.116666666666666252e+00
2.277777777777777679e+00
2.138888888888888840e+00
1.977777777777778301e+00
1.827777777777777946e+00
1.688888888888889106e+00
1.561111111111111338e+00
1.444444444444444642e+00
1.338888888888889017e+00
1.244444444444444464e+00
1.161111111111111427e+00
1.088888888888889017e+00
1.027777777777777901e+00
9.777777777777778567e-01
9.388888888888889950e-01
9.111111111111112049e-01
8.944444444444444864e-01
8.888888888888889506e-01
8.944444444444444864e-01
9.111111111111110938e-01
9.388888888888889950e-01
9.777777777777777457e-01
1.027777777777777679e+00
1.088888888888889017e+00
1.161111111111110983e+00
1.244444444444444464e+00
1.338888888888889017e+00
1.444444444444444198e+00
1.561111111111110894e+00
1.688888888888889106e+00
1.827777777777777501e+00
1.977777777777777413e+00
2.138888888888888840e+00
2.011111111111111516e+00
1.850000000000000533e+00
1.700000000000000178e+00
1.561111111111111338e+00
1.433333333333333570e+00
1.316666666666666874e+00
1.211111111111111249e+00
1.116666666666667140e+00
1.033333333333333659e+00
9.611111111111113603e-01
9.000000000000002442e-01
8.500000000000001998e-01
8.111111111111113381e-01
7.833333333333335480e-01
7.666666666666668295e-01
7.611111111111112937e-01
7.666666666666668295e-01
7.833333333333334370e-01
8.111111111111113381e-01
8.500000000000001998e-01
9.000000000000001332e-01
9.611111111111113603e-01
1.033333333333333437e+00
1.116666666666666696e+00
1.211111111111111249e+00
1.316666666666666430e+00
1.433333333333333570e+00
1.561111111111111338e+00
1.699999999999999734e+00
1.850000000000000089e+00
2.011111111111111516e+00
1.894444444444444819e+00
1.733333333333333837e+00
1.583333333333333481e+00
1.444444444444444642e+00
1.316666666666666874e+00
1.200000000000000178e+00
1.094444444444444553e+00
1.000000000000000222e+00
9.166666666666668517e-01
8.444444444444446640e-01
7.833333333333335480e-01
7.333333333333335036e-01
6.944444444444446418e-01
6.666666666666668517e-01
6.500000000000001332e-01
6.444444444444445974e-01
6.500000000000001332e-01
6.666666666666667407e-01
6.944444444444446418e-01
7.333333333333335036e-01
7.833333333333334370e-01
8.444444444444446640e-01
9.166666666666667407e-01
1.000000000000000000e+00
1.094444444444444553e+00
1.199999999999999734e+00
1.316666666666666874e+00
1.444444444444444642e+00
1.583333333333333037e+00
1.733333333333333393e+00
1.894444444444444819e+00
1.788888888888888751e+00
1.627777777777778212e+00
1.477777777777777857e+00
1.338888888888889017e+00
1.211111111111111249e+00
1.094444444444444553e+00
9.888888888888889284e-01
8.944444444444444864e-01
8.111111111111112271e-01
7.388888888888889284e-01
6.777777777777778123e-01
6.277777777777778789e-01
5.888888888888889062e-01
5.611111111111111160e-01
5.444444444444445086e-01
5.388888888888889728e-01
5.444444444444445086e-01
5.611111111111111160e-01
5.888888888888889062e-01
6.277777777777777679e-01
6.777777777777777013e-01
7.388888888888889284e-01
8.111111111111110050e-01
8.944444444444442643e-01
9.888888888888889284e-01
1.094444444444444109e+00
1.211111111111110805e+00
1.338888888888889017e+00
1.477777777777777413e+00
1.627777777777777324e+00
1.788888888888888751e+00
1.694444444444444642e+00
1.533333333333333659e+00
1.383333333333333304e+00
1.244444444444444464e+00
1.116666666666667140e+00
1.000000000000000222e+00
8.944444444444444864e-01
8.000000000000001554e-01
7.166666666666668961e-01
6.444444444444444864e-01
5.833333333333334814e-01
5.333333333333334370e-01
4.944444444444445197e-01
4.666666666666667851e-01
4.500000000000001221e-01
4.444444444444445308e-01
4.500000000000000666e-01
4.666666666666667296e-01
4.944444444444445197e-01
5.333333333333334370e-01
5.833333333333333703e-01
6.444444444444444864e-01
7.166666666666666741e-01
7.999999999999999334e-01
8.944444444444444864e-01
9.999999999999997780e-01
1.116666666666666696e+00
1.244444444444444464e+00
1.383333333333332860e+00
1.533333333333333215e+00
1.694444444444444642e+00
1.611111111111111160e+00
1.450000000000000622e+00
1.299999999999999822e+00
1.161111111111111427e+00
1.033333333333333659e+00
9.166666666666668517e-01
8.111111111111112271e-01
7.166666666666668961e-01
6.333333333333335258e-01
5.611111111111112271e-01
5.000000000000001110e-01
4.500000000000001221e-01
4.111111111111112049e-01
3.833333333333334703e-01
3.666666666666668073e-01
3.611111111111112160e-01
3.666666666666667518e-01
3.833333333333334147e-01
4.111111111111112049e-01
4.500000000000000666e-01
5.000000000000000000e-01
5.611111111111112271e-01
6.333333333333334147e-01
7.166666666666666741e-01
8.111111111111112271e-01
9.166666666666664076e-01
1.033333333333333215e+00
1.161111111111111427e+00
1.299999999999999822e+00
1.449999999999999734e+00
1.611111111111111160e+00
1.538888888888888751e+00
1.377777777777778212e+00
1.227777777777777857e+00
1.088888888888889017e+00
9.611111111111113603e-01
8.444444444444446640e-01
7.388888888888889284e-01
6.444444444444444864e-01
5.611111111111112271e-01
4.888888888888889284e-01
4.277777777777778123e-01
3.777777777777778234e-01
3.388888888888889062e-01
3.111111111111111716e-01
2.944444444444445086e-01
2.888888888888889173e-01
2.944444444444444531e-01
3.111111111111111160e-01
3.388888888888889062e-01
3.777777777777777679e-01
4.277777777777777013e-01
4.888888888888889284e-01
5.611111111111111160e-01
6.444444444444442643e-01
7.388888888888889284e-01
8.444444444444442199e-01
9.611111111111109162e-01
1.088888888888889017e+00
1.227777777777777413e+00
1.377777777777777324e+00
1.538888888888888751e+00
1.477777777777777857e+00
1.316666666666666874e+00
1.166666666666666519e+00
1.027777777777777901e+00
9.000000000000002442e-01
7.833333333333335480e-01
6.777777777777778123e-01
5.833333333333334814e-01
5.000000000000001110e-01
4.277777777777778123e-01
3.666666666666667518e-01
3.166666666666667629e-01
2.777777777777778456e-01
2.500000000000001110e-01
2.333333333333333925e-01
2.277777777777778290e-01
2.333333333333333648e-01
2.500000000000000000e-01
2.777777777777778456e-01
3.166666666666666519e-01
3.666666666666666408e-01
4.277777777777778123e-01
5.000000000000000000e-01
5.833333333333332593e-01
6.777777777777778123e-01
7.833333333333331039e-01
8.999999999999999112e-01
1.027777777777777901e+00
1.166666666666666075e+00
1.316666666666666430e+00
1.477777777777777857e+00
1.427777777777778034e+00
1.266666666666667052e+00
1.116666666666666696e+00
9.777777777777778567e-01
8.500000000000001998e-01
7.333333333333335036e-01
6.277777777777778789e-01
5.333333333333334370e-01
4.500000000000001221e-01
3.777777777777778234e-01
3.166666666666667629e-01
2.666666666666667185e-01
2.277777777777778012e-01
2.000000000000000666e-01
1.833333333333334036e-01
1.777777777777778123e-01
1.833333333333333481e-01
2.000000000000000111e-01
2.277777777777778012e-01
2.666666666666666630e-01
3.166666666666666519e-01
3.777777777777778234e-01
4.499999999999999556e-01
5.333333333333332149e-01
6.277777777777778789e-01
7.333333333333330595e-01
8.499999999999998668e-01
9.777777777777778567e-01
1.116666666666666252e+00
1.266666666666666607e+00
1.427777777777778034e+00
1.388888888888888840e+00
1.227777777777778301e+00
1.077777777777777724e+00
9.388888888888889950e-01
8.111111111111113381e-01
6.944444444444446418e-01
5.888888888888889062e-01
4.944444444444445197e-01
4.111111111111112049e-01
3.388888888888889062e-01
2.777777777777778456e-01
2.277777777777778012e-01
1.888888888888889117e-01
1.611111111111111494e-01
1.444444444444444864e-01
1.388888888888888951e-01
1.444444444444444586e-01
1.611111111111110938e-01
1.888888888888889117e-01
2.277777777777777457e-01
2.777777777777777346e-01
3.388888888888889062e-01
4.111111111111110383e-01
4.944444444444442976e-01
5.888888888888889062e-01
6.944444444444441977e-01
8.111111111111110050e-01
9.388888888888889950e-01
1.077777777777777501e+00
1.227777777777777413e+00
1.388888888888888840e+00
1.361111111111111160e+00
1.200000000000000178e+00
1.049999999999999822e+00
9.111111111111112049e-01
7.833333333333335480e-01
6.666666666666668517e-01
5.611111111111111160e-01
4.666666666666667851e-01
3.833333333333334703e-01
3.111111111111111716e-01
2.500000000000001110e-01
2.000000000000000666e-01
1.611111111111111494e-01
1.333333333333333870e-01
1.166666666666667240e-01
1.111111111111111466e-01
1.166666666666666963e-01
1.333333333333333315e-01
1.611111111111111494e-01
2.000000000000000111e-01
2.499999999999999722e-01
3.111111111111111716e-01
3.833333333333333037e-01
4.666666666666665630e-01
5.611111111111111160e-01
6.666666666666664076e-01
7.833333333333332149e-01
9.111111111111112049e-01
1.049999999999999600e+00
1.199999999999999734e+00
1.361111111111111160e+00
1.344444444444444553e+00
1.183333333333333570e+00
1.033333333333333215e+00
8.944444444444444864e-01
7.666666666666668295e-01
6.500000000000001332e-01
5.444444444444445086e-01
4.500000000000001221e-01
3.666666666666668073e-01
2.944444444444445086e-01
2.333333333333333925e-01
1.833333333333334036e-01
1.444444444444444864e-01
1.166666666666667240e-01
1.000000000000000611e-01
9.444444444444448361e-02
1.000000000000000333e-01
1.166666666666666685e-01
1.444444444444444864e-01
1.833333333333333481e-01
2.333333333333332815e-01
2.944444444444445086e-01
3.666666666666666408e-01
4.499999999999999001e-01
5.444444444444445086e-01
6.499999999999996891e-01
7.666666666666664964e-01
8.944444444444444864e-01
1.033333333333332771e+00
1.183333333333333126e+00
1.344444444444444553e+00
1.338888888888889017e+00
1.177777777777778034e+00
1.027777777777777679e+00
8.888888888888889506e-01
7.611111111111112937e-01
6.444444444444445974e-01
5.388888888888889728e-01
4.444444444444445308e-01
3.611111111111112160e-01
2.888888888888889173e-01
2.277777777777778290e-01
1.777777777777778123e-01
1.388888888888888951e-01
1.111111111111111466e-01
9.444444444444448361e-02
8.888888888888890616e-02
9.444444444444445586e-02
1.111111111111110911e-01
1.388888888888888951e-01
1.777777777777777568e-01
2.277777777777777179e-01
2.888888888888889173e-01
3.611111111111110494e-01
4.444444444444443088e-01
5.388888888888889728e-01
6.444444444444441533e-01
7.611111111111109606e-01
8.888888888888889506e-01
1.027777777777777235e+00
1.177777777777777590e+00
1.338888888888889017e+00
1.344444444444444553e+00
1.183333333333333570e+00
1.033333333333333215e+00
8.944444444444444864e-01
7.666666666666668295e-01
6.500000000000001332e-01
5.444444444444445086e-01
4.500000000000000666e-01
3.666666666666667518e-01
2.944444444444444531e-01
2.333333333333333648e-01
1.833333333333333481e-01
1.444444444444444586e-01
1.166666666666666963e-01
1.000000000000000333e-01
9.444444444444445586e-02
1.000000000000000056e-01
1.166666666666666408e-01
1.444444444444444586e-01
1.833333333333332926e-01
2.333333333333332538e-01
2.944444444444444531e-01
3.666666666666665853e-01
4.499999999999998446e-01
5.444444444444445086e-01
6.499999999999996891e-01
7.666666666666664964e-01
8.944444444444444864e-01
1.033333333333332771e+00
1.183333333333333126e+00
1.344444444444444553e+00
1.361111111111111160e+00
1.200000000000000178e+00
1.049999999999999822e+00
9.111111111111110938e-01
7.833333333333334370e-01
6.666666666666667407e-01
5.611111111111111160e-01
4.666666666666667296e-01
3.833333333333334147e-01
3.111111111111111160e-01
2.500000000000000000e-01
2.000000000000000111e-01
1.611111111111110938e-01
1.333333333333333315e-01
1.166666666666666685e-01
1.111111111111110911e-01
1.166666666666666408e-01
1.333333333333332760e-01
1.611111111111110938e-01
1.999999999999999556e-01
2.499999999999998890e-01
3.111111111111111160e-01
3.833333333333332482e-01
4.666666666666665075e-01
5.611111111111111160e-01
6.666666666666662966e-01
7.833333333333331039e-01
9.111111111111110938e-01
1.049999999999999378e+00
1.199999999999999734e+00
1.361111111111111160e+00
1.388888888888888840e+00
1.227777777777778301e+00
1.077777777777777724e+00
9.388888888888889950e-01
8.111111111111113381e-01
6.944444444444446418e-01
5.888888888888889062e-01
4.944444444444445197e-01
4.111111111111112049e-01
3.388888888888889062e-01
2.777777777777778456e-01
2.277777777777778012e-01
1.888888888888889117e-01
1.611111111111111494e-01
1.444444444444444864e-01
1.388888888888888951e-01
1.444444444444444586e-01
1.611111111111110938e-01
1.888888888888889117e-01
2.277777777777777457e-01
2.777777777777777346e-01
3.388888888888889062e-01
4.111111111111110383e-01
4.944444444444442976e-01
5.888888888888889062e-01
6.944444444444441977e-01
8.111111111111110050e-01
9.388888888888889950e-01
1.077777777777777501e+00
1.227777777777777413e+00
1.388888888888888840e+00
1.427777777777777590e+00
1.266666666666667052e+00
1.116666666666666696e+00
9.777777777777777457e-01
8.500000000000001998e-01
7.333333333333335036e-01
6.277777777777777679e-01
5.333333333333334370e-01
4.500000000000000666e-01
3.777777777777777679e-01
3.166666666666666519e-01
2.666666666666666630e-01
2.277777777777777457e-01
2.000000000000000111e-01
1.833333333333333481e-01
1.777777777777777568e-01
1.833333333333332926e-01
1.999999999999999556e-01
2.277777777777777457e-01
2.666666666666666075e-01
3.166666666666665408e-01
3.777777777777777679e-01
4.499999999999999001e-01
5.333333333333332149e-01
6.277777777777777679e-01
7.333333333333330595e-01
8.499999999999997558e-01
9.777777777777777457e-01
1.116666666666666252e+00
1.266666666666666163e+00
1.427777777777777590e+00
1.477777777777777857e+00
1.316666666666666874e+00
1.166666666666666519e+00
1.027777777777777679e+00
9.000000000000001332e-01
7.833333333333334370e-01
6.777777777777777013e-01
5.833333333333333703e-01
5.000000000000000000e-01
4.277777777777777013e-01
3.666666666666666408e-01
3.166666666666666519e-01
2.777777777777777346e-01
2.499999999999999722e-01
2.333333333333332815e-01
2.277777777777777179e-01
2.333333333333332538e-01
2.499999999999998890e-01
2.777777777777777346e-01
3.166666666666665408e-01
3.666666666666665297e-01
4.277777777777777013e-01
4.999999999999998890e-01
5.833333333333331483e-01
6.777777777777777013e-01
7.833333333333329929e-01
8.999999999999998002e-01
1.027777777777777679e+00
1.166666666666666075e+00
1.316666666666666430e+00
1.477777777777777857e+00
1.538888888888888751e+00
1.377777777777778212e+00
1.227777777777777857e+00
1.088888888888889017e+00
9.611111111111113603e-01
8.444444444444446640e-01
7.388888888888889284e-01
6.444444444444444864e-01
5.611111111111112271e-01
4.888888888888889284e-01
4.277777777777778123e-01
3.777777777777778234e-01
3.388888888888889062e-01
3.111111111111111716e-01
2.944444444444445086e-01
2.888888888888889173e-01
2.944444444444444531e-01
3.111111111111111160e-01
3.388888888888889062e-01
3.777777777777777679e-01
4.277777777777777013e-01
4.888888888888889284e-01
5.611111111111111160e-01
6.444444444444442643e-01
7.388888888888889284e-01
8.444444444444442199e-01
9.611111111111109162e-01
1.088888888888889017e+00
1.227777777777777413e+00
1.377777777777777324e+00
1.538888888888888751e+00
1.611111111111111160e+00
1.450000000000000178e+00
1.299999999999999822e+00
1.161111111111110983e+00
1.033333333333333437e+00
9.166666666666667407e-01
8.111111111111110050e-01
7.166666666666666741e-01
6.333333333333334147e-01
5.611111111111111160e-01
5.000000000000000000e-01
4.499999999999999556e-01
4.111111111111110383e-01
3.833333333333333037e-01
3.666666666666666408e-01
3.611111111111110494e-01
3.666666666666665853e-01
3.833333333333332482e-01
4.111111111111110383e-01
4.499999999999999001e-01
4.999999999999998890e-01
5.611111111111111160e-01
6.333333333333331927e-01
7.166666666666664520e-01
8.111111111111110050e-01
9.166666666666662966e-01
1.033333333333333215e+00
1.161111111111110983e+00
1.299999999999999378e+00
1.449999999999999734e+00
1.611111111111111160e+00
1.694444444444444198e+00
1.533333333333333659e+00
1.383333333333333304e+00
1.244444444444444464e+00
1.116666666666666696e+00
1.000000000000000000e+00
8.944444444444442643e-01
7.999999999999999334e-01
7.166666666666666741e-01
6.444444444444442643e-01
5.833333333333332593e-01
5.333333333333332149e-01
4.944444444444442976e-01
4.666666666666665630e-01
4.499999999999999001e-01
4.444444444444443088e-01
4.499999999999998446e-01
4.666666666666665075e-01
4.944444444444442976e-01
5.333333333333332149e-01
5.833333333333331483e-01
6.444444444444442643e-01
7.166666666666664520e-01
7.999999999999997113e-01
8.944444444444442643e-01
9.999999999999995559e-01
1.116666666666666252e+00
1.244444444444444464e+00
1.383333333333332860e+00
1.533333333333332771e+00
1.694444444444444198e+00
1.788888888888888751e+00
1.627777777777778212e+00
1.477777777777777857e+00
1.338888888888889017e+00
1.211111111111111249e+00
1.094444444444444553e+00
9.888888888888889284e-01
8.944444444444444864e-01
8.111111111111112271e-01
7.388888888888889284e-01
6.777777777777778123e-01
6.277777777777778789e-01
5.888888888888889062e-01
5.611111111111111160e-01
5.444444444444445086e-01
5.388888888888889728e-01
5.444444444444445086e-01
5.611111111111111160e-01
5.888888888888889062e-01
6.277777777777777679e-01
6.777777777777777013e-01
7.388888888888889284e-01
8.111111111111110050e-01
8.944444444444442643e-01
9.888888888888889284e-01
1.094444444444444109e+00
1.211111111111110805e+00
1.338888888888889017e+00
1.477777777777777413e+00
1.627777777777777324e+00
1.788888888888888751e+00
1.894444444444444375e+00
1.733333333333333393e+00
1.583333333333333037e+00
1.444444444444444198e+00
1.316666666666666430e+00
1.199999999999999734e+00
1.094444444444444109e+00
9.999999999999997780e-01
9.166666666666664076e-01
8.444444444444442199e-01
7.833333333333331039e-01
7.333333333333330595e-01
6.944444444444441977e-01
6.666666666666664076e-01
6.499999999999996891e-01
6.444444444444441533e-01
6.499999999999996891e-01
6.666666666666662966e-01
6.944444444444441977e-01
7.333333333333330595e-01
7.833333333333329929e-01
8.444444444444442199e-01
9.166666666666662966e-01
9.999999999999995559e-01
1.094444444444444109e+00
1.199999999999999289e+00
1.316666666666666430e+00
1.444444444444444198e+00
1.583333333333332593e+00
1.733333333333332948e+00
1.894444444444444375e+00
2.011111111111111072e+00
1.850000000000000089e+00
1.699999999999999734e+00
1.561111111111110894e+00
1.433333333333333570e+00
1.316666666666666874e+00
1.211111111111110805e+00
1.116666666666666696e+00
1.033333333333333215e+00
9.611111111111109162e-01
8.999999999999999112e-01
8.499999999999998668e-01
8.111111111111110050e-01
7.833333333333332149e-01
7.666666666666664964e-01
7.611111111111109606e-01
7.666666666666664964e-01
7.833333333333331039e-01
8.111111111111110050e-01
8.499999999999997558e-01
8.999999999999998002e-01
9.611111111111109162e-01
1.033333333333333215e+00
1.116666666666666252e+00
1.211111111111110805e+00
1.316666666666666430e+00
1.433333333333333126e+00
1.561111111111110894e+00
1.699999999999999289e+00
1.849999999999999645e+00
2.011111111111111072e+00
2.138888888888888840e+00
1.977777777777778301e+00
1.827777777777777946e+00
1.688888888888889106e+00
1.561111111111111338e+00
1.444444444444444642e+00
1.338888888888889017e+00
1.244444444444444464e+00
1.161111111111111427e+00
1.088888888888889017e+00
1.027777777777777901e+00
9.777777777777778567e-01
9.388888888888889950e-01
9.111111111111112049e-01
8.944444444444444864e-01
8.888888888888889506e-01
8.944444444444444864e-01
9.111111111111110938e-01
9.388888888888889950e-01
9.777777777777777457e-01
1.027777777777777679e+00
1.088888888888889017e+00
1.161111111111110983e+00
1.244444444444444464e+00
1.338888888888889017e+00
1.444444444444444198e+00
1.561111111111110894e+00
1.688888888888889106e+00
1.827777777777777501e+00
1.977777777777777413e+00
2.138888888888888840e+00
2.277777777777777235e+00
2.116666666666666696e+00
1.966666666666666341e+00
1.827777777777777501e+00
1.699999999999999734e+00
1.583333333333333037e+00
1.477777777777777413e+00
1.383333333333332860e+00
1.299999999999999822e+00
1.227777777777777413e+00
1.166666666666666075e+00
1.116666666666666252e+00
1.077777777777777501e+00
1.049999999999999600e+00
1.033333333333332771e+00
1.027777777777777235e+00
1.033333333333332771e+00
1.049999999999999378e+00
1.077777777777777501e+00
1.116666666666666252e+00
1.166666666666666075e+00
1.227777777777777413e+00
1.299999999999999378e+00
1.383333333333332860e+00
1.477777777777777413e+00
1.583333333333332593e+00
1.699999999999999289e+00
1.827777777777777501e+00
1.966666666666665897e+00
2.116666666666665808e+00
2.277777777777777235e+00
2.427777777777777590e+00
2.266666666666667052e+00
2.116666666666666252e+00
1.977777777777777413e+00
1.850000000000000089e+00
1.733333333333333393e+00
1.627777777777777324e+00
1.533333333333333215e+00
1.449999999999999734e+00
1.377777777777777324e+00
1.316666666666666430e+00
1.266666666666666607e+00
1.227777777777777413e+00
1.199999999999999734e+00
1.183333333333333126e+00
1.177777777777777590e+00
1.183333333333333126e+00
1.199999999999999734e+00
1.227777777777777413e+00
1.266666666666666163e+00
1.316666666666666430e+00
1.377777777777777324e+00
1.449999999999999734e+00
1.533333333333332771e+00
1.627777777777777324e+00
1.733333333333332948e+00
1.849999999999999645e+00
1.977777777777777413e+00
2.116666666666665808e+00
2.266666666666666163e+00
2.427777777777777590e+00
2.588888888888889017e+00
2.427777777777778478e+00
2.277777777777777679e+00
2.138888888888888840e+00
2.011111111111111516e+00
1.894444444444444819e+00
1.788888888888888751e+00
1.694444444444444642e+00
1.611111111111111160e+00
1.538888888888888751e+00
1.477777777777777857e+00
1.427777777777778034e+00
1.388888888888888840e+00
1.361111111111111160e+00
1.344444444444444553e+00
1.338888888888889017e+00
1.344444444444444553e+00
1.361111111111111160e+00
1.388888888888888840e+00
1.427777777777777590e+00
1.477777777777777857e+00
1.538888888888888751e+00
1.611111111111111160e+00
1.694444444444444198e+00
1.788888888888888751e+00
1.894444444444444375e+00
2.011111111111111072e+00
2.138888888888888840e+00
2.277777777777777235e+00
2.427777777777777590e+00
2.588888888888889017e+00
2.549999999999999822e+00
2.388888888888889284e+00
2.238888888888888484e+00
2.099999999999999645e+00
1.972222222222222543e+00
1.855555555555555847e+00
1.750000000000000000e+00
1.655555555555555669e+00
1.572222222222222410e+00
1.500000000000000000e+00
1.438888888888888884e+00
1.388888888888889062e+00
1.350000000000000089e+00
1.322222222222222188e+00
1.305555555555555580e+00
1.300000000000000044e+00
1.305555555555555580e+00
1.322222222222222188e+00
1.350000000000000089e+00
1.388888888888888840e+00
1.438888888888888884e+00
1.500000000000000000e+00
1.572222222222222188e+00
1.655555555555555447e+00
1.750000000000000000e+00
1.855555555555555403e+00
1.972222222222222099e+00
2.099999999999999645e+00
2.238888888888888040e+00
2.388888888888888395e+00
2.549999999999999822e+00
2.388888888888889284e+00
2.227777777777778301e+00
2.077777777777777946e+00
1.938888888888889328e+00
1.811111111111111560e+00
1.694444444444444864e+00
1.588888888888889239e+00
1.494444444444444908e+00
1.411111111111111649e+00
1.338888888888889239e+00
1.277777777777778123e+00
1.227777777777778079e+00
1.188888888888889328e+00
1.161111111111111427e+00
1.144444444444444819e+00
1.138888888888889284e+00
1.144444444444444819e+00
1.161111111111111427e+00
1.188888888888889328e+00
1.227777777777778079e+00
1.277777777777778123e+00
1.338888888888889239e+00
1.411111111111111427e+00
1.494444444444444686e+00
1.588888888888889239e+00
1.694444444444444420e+00
1.811111111111111338e+00
1.938888888888889328e+00
2.077777777777777501e+00
2.227777777777777857e+00
2.388888888888889284e+00
2.238888888888888484e+00
2.077777777777777946e+00
1.927777777777777590e+00
1.788888888888888973e+00
1.661111111111111205e+00
1.544444444444444509e+00
1.438888888888888884e+00
1.344444444444444331e+00
1.261111111111111072e+00
1.188888888888888884e+00
1.127777777777777768e+00
1.077777777777777724e+00
1.038888888888888751e+00
1.011111111111111072e+00
9.944444444444443532e-01
9.888888888888888173e-01
9.944444444444443532e-01
1.011111111111110850e+00
1.038888888888888751e+00
1.077777777777777724e+00
1.127777777777777546e+00
1.188888888888888884e+00
1.261111111111110850e+00
1.344444444444444331e+00
1.438888888888888884e+00
1.544444444444444065e+00
1.661111111111110761e+00
1.788888888888888973e+00
1.927777777777777368e+00
2.077777777777777057e+00
2.238888888888888484e+00
2.099999999999999645e+00
1.938888888888889328e+00
1.788888888888888973e+00
1.650000000000000133e+00
1.522222222222222365e+00
1.405555555555555669e+00
1.300000000000000044e+00
1.205555555555555713e+00
1.122222222222222454e+00
1.050000000000000044e+00
9.888888888888890394e-01
9.388888888888889950e-01
9.000000000000001332e-01
8.722222222222223431e-01
8.555555555555556246e-01
8.500000000000000888e-01
8.555555555555556246e-01
8.722222222222222321e-01
9.000000000000001332e-01
9.388888888888888840e-01
9.888888888888889284e-01
1.050000000000000044e+00
1.122222222222222232e+00
1.205555555555555491e+00
1.300000000000000044e+00
1.405555555555555225e+00
1.522222222222222143e+00
1.650000000000000133e+00
1.788888888888888529e+00
1.938888888888888662e+00
2.099999999999999645e+00
1.972222222222222543e+00
1.811111111111111560e+00
1.661111111111111205e+00
1.522222222222222365e+00
1.394444444444444819e+00
1.277777777777778123e+00
1.172222222222222499e+00
1.077777777777778168e+00
9.944444444444446862e-01
9.222222222222224985e-01
8.611111111111113825e-01
8.111111111111113381e-01
7.722222222222224763e-01
7.444444444444446862e-01
7.277777777777779677e-01
7.222222222222224319e-01
7.277777777777779677e-01
7.444444444444445752e-01
7.722222222222224763e-01
8.111111111111113381e-01
8.611111111111112715e-01
9.222222222222224985e-01
9.944444444444445752e-01
1.077777777777777724e+00
1.172222222222222499e+00
1.277777777777777679e+00
1.394444444444444597e+00
1.522222222222222365e+00
1.661111111111110761e+00
1.811111111111111116e+00
1.972222222222222543e+00
1.855555555555555847e+00
1.694444444444444864e+00
1.544444444444444509e+00
1.405555555555555669e+00
1.277777777777778123e+00
1.161111111111111427e+00
1.055555555555555802e+00
9.611111111111113603e-01
8.777777777777779900e-01
8.055555555555558023e-01
7.444444444444446862e-01
6.944444444444446418e-01
6.555555555555557801e-01
6.277777777777779900e-01
6.111111111111112715e-01
6.055555555555557357e-01
6.111111111111112715e-01
6.277777777777778789e-01
6.555555555555557801e-01
6.944444444444446418e-01
7.444444444444445752e-01
8.055555555555558023e-01
8.777777777777778789e-01
9.611111111111111382e-01
1.055555555555555802e+00
1.161111111111110983e+00
1.277777777777777901e+00
1.405555555555555669e+00
1.544444444444444065e+00
1.694444444444444420e+00
1.855555555555555847e+00
1.750000000000000000e+00
1.588888888888889239e+00
1.438888888888888884e+00
1.300000000000000044e+00
1.172222222222222499e+00
1.055555555555555802e+00
9.500000000000000666e-01
8.555555555555556246e-01
7.722222222222223653e-01
7.000000000000000666e-01
6.388888888888889506e-01
5.888888888888890172e-01
5.500000000000000444e-01
5.222222222222222543e-01
5.055555555555556468e-01
5.000000000000000000e-01
5.055555555555555358e-01
5.222222222222222543e-01
5.500000000000000444e-01
5.888888888888889062e-01
6.388888888888888395e-01
7.000000000000000666e-01
7.722222222222221433e-01
8.555555555555554026e-01
9.500000000000000666e-01
1.055555555555555358e+00
1.172222222222222054e+00
1.300000000000000044e+00
1.438888888888888440e+00
1.588888888888888573e+00
1.750000000000000000e+00
1.655555555555555669e+00
1.494444444444444908e+00
1.344444444444444331e+00
1.205555555555555713e+00
1.077777777777778168e+00
9.611111111111113603e-01
8.555555555555556246e-01
7.611111111111112937e-01
6.777777777777780344e-01
6.055555555555556246e-01
5.444444444444446196e-01
4.944444444444445197e-01
4.555555555555556024e-01
4.277777777777778678e-01
4.111111111111112049e-01
4.055555555555556135e-01
4.111111111111111494e-01
4.277777777777778123e-01
4.555555555555556024e-01
4.944444444444444642e-01
5.444444444444445086e-01
6.055555555555556246e-01
6.777777777777778123e-01
7.611111111111110716e-01
8.555555555555556246e-01
9.611111111111109162e-01
1.077777777777777724e+00
1.205555555555555713e+00
1.344444444444444109e+00
1.494444444444444242e+00
1.655555555555555669e+00
1.572222222222222410e+00
1.411111111111111649e+00
1.261111111111111072e+00
1.122222222222222454e+00
9.944444444444446862e-01
8.777777777777779900e-01
7.722222222222223653e-01
6.777777777777780344e-01
5.944444444444446640e-01
5.222222222222223653e-01
4.611111111111111938e-01
4.111111111111112049e-01
3.722222222222222876e-01
3.444444444444445530e-01
3.277777777777778900e-01
3.222222222222222987e-01
3.277777777777778345e-01
3.444444444444444975e-01
3.722222222222222876e-01
4.111111111111111494e-01
4.611111111111110827e-01
5.222222222222223653e-01
5.944444444444445530e-01
6.777777777777778123e-01
7.722222222222223653e-01
8.777777777777775459e-01
9.944444444444444642e-01
1.122222222222222454e+00
1.261111111111110850e+00
1.411111111111110983e+00
1.572222222222222410e+00
1.500000000000000000e+00
1.338888888888889239e+00
1.188888888888888884e+00
1.050000000000000044e+00
9.222222222222224985e-01
8.055555555555558023e-01
7.000000000000000666e-01
6.055555555555556246e-01
5.222222222222223653e-01
4.500000000000000111e-01
3.888888888888888951e-01
3.388888888888889062e-01
2.999999999999999889e-01
2.722222222222222543e-01
2.555555555555555913e-01
2.500000000000000000e-01
2.555555555555555358e-01
2.722222222222221988e-01
2.999999999999999889e-01
3.388888888888888506e-01
3.888888888888887840e-01
4.500000000000000111e-01
5.222222222222221433e-01
6.055555555555554026e-01
7.000000000000000666e-01
8.055555555555553582e-01
9.222222222222220545e-01
1.050000000000000044e+00
1.188888888888888440e+00
1.338888888888888573e+00
1.500000000000000000e+00
1.438888888888888884e+00
1.277777777777778123e+00
1.127777777777777768e+00
9.888888888888890394e-01
8.611111111111113825e-01
7.444444444444446862e-01
6.388888888888889506e-01
5.444444444444446196e-01
4.611111111111111938e-01
3.888888888888888951e-01
3.277777777777778345e-01
2.777777777777778456e-01
2.388888888888889284e-01
2.111111111111111938e-01
1.944444444444444753e-01
1.888888888888889395e-01
1.944444444444444753e-01
2.111111111111110827e-01
2.388888888888889284e-01
2.777777777777777901e-01
3.277777777777777235e-01
3.888888888888888951e-01
4.611111111111110827e-01
5.444444444444443976e-01
6.388888888888889506e-01
7.444444444444442421e-01
8.611111111111110494e-01
9.888888888888890394e-01
1.127777777777777324e+00
1.277777777777777457e+00
1.438888888888888884e+00
1.388888888888889062e+00
1.227777777777778079e+00
1.077777777777777724e+00
9.388888888888889950e-01
8.111111111111113381e-01
6.944444444444446418e-01
5.888888888888890172e-01
4.944444444444445197e-01
4.111111111111112049e-01
3.388888888888889062e-01
2.777777777777778456e-01
2.277777777777778012e-01
1.888888888888888840e-01
1.611111111111111494e-01
1.444444444444444864e-01
1.388888888888888951e-01
1.444444444444444586e-01
1.611111111111110938e-01
1.888888888888888840e-01
2.277777777777777457e-01
2.777777777777777346e-01
3.388888888888889062e-01
4.111111111111110383e-01
4.944444444444442976e-01
5.888888888888890172e-01
6.944444444444441977e-01
8.111111111111110050e-01
9.388888888888889950e-01
1.077777777777777279e+00
1.227777777777777635e+00
1.388888888888889062e+00
1.350000000000000089e+00
1.188888888888889328e+00
1.038888888888888751e+00
9.000000000000001332e-01
7.722222222222224763e-01
6.555555555555557801e-01
5.500000000000000444e-01
4.555555555555556024e-01
3.722222222222222876e-01
2.999999999999999889e-01
2.388888888888889284e-01
1.888888888888888840e-01
1.500000000000000222e-01
1.222222222222222460e-01
1.055555555555555830e-01
1.000000000000000056e-01
1.055555555555555552e-01
1.222222222222221905e-01
1.500000000000000222e-01
1.888888888888888284e-01
2.388888888888888173e-01
2.999999999999999889e-01
3.722222222222221211e-01
4.555555555555553804e-01
5.500000000000000444e-01
6.555555555555553360e-01
7.722222222222221433e-01
9.000000000000001332e-01
1.038888888888888529e+00
1.188888888888888662e+00
1.350000000000000089e+00
1.322222222222222188e+00
1.161111111111111427e+00
1.011111111111111072e+00
8.722222222222223431e-01
7.444444444444446862e-01
6.277777777777779900e-01
5.222222222222222543e-01
4.277777777777778678e-01
3.444444444444445530e-01
2.722222222222222543e-01
2.111111111111111938e-01
1.611111111111111494e-01
1.222222222222222460e-01
9.444444444444449749e-02
7.777777777777782064e-02
7.222222222222224319e-02
7.777777777777779289e-02
9.444444444444442810e-02
1.222222222222222460e-01
1.611111111111110938e-01
2.111111111111110827e-01
2.722222222222222543e-01
3.444444444444443865e-01
4.277777777777776458e-01
5.222222222222222543e-01
6.277777777777775459e-01
7.444444444444443532e-01
8.722222222222223431e-01
1.011111111111110628e+00
1.161111111111110761e+00
1.322222222222222188e+00
1.305555555555555580e+00
1.144444444444444819e+00
9.944444444444443532e-01
8.555555555555556246e-01
7.277777777777779677e-01
6.111111111111112715e-01
5.055555555555556468e-01
4.111111111111112049e-01
3.277777777777778900e-01
2.555555555555555913e-01
1.944444444444444753e-01
1.444444444444444864e-01
1.055555555555555830e-01
7.777777777777782064e-02
6.111111111111115768e-02
5.555555555555558023e-02
6.111111111111112298e-02
7.777777777777776513e-02
1.055555555555555830e-01
1.444444444444444309e-01
1.944444444444443643e-01
2.555555555555555913e-01
3.277777777777777235e-01
4.111111111111109828e-01
5.055555555555556468e-01
6.111111111111108274e-01
7.277777777777776347e-01
8.555555555555556246e-01
9.944444444444440201e-01
1.144444444444444153e+00
1.305555555555555580e+00
1.300000000000000044e+00
1.138888888888889284e+00
9.888888888888888173e-01
8.500000000000000888e-01
7.222222222222224319e-01
6.055555555555557357e-01
5.000000000000000000e-01
4.055555555555556135e-01
3.222222222222222987e-01
2.500000000000000000e-01
1.888888888888889395e-01
1.388888888888888951e-01
1.000000000000000056e-01
7.222222222222224319e-02
5.555555555555558023e-02
5.000000000000000278e-02
5.555555555555555247e-02
7.222222222222218768e-02
1.000000000000000056e-01
1.388888888888888395e-01
1.888888888888888284e-01
2.500000000000000000e-01
3.222222222222221322e-01
4.055555555555553915e-01
5.000000000000000000e-01
6.055555555555552916e-01
7.222222222222220989e-01
8.500000000000000888e-01
9.888888888888884843e-01
1.138888888888888618e+00
1.300000000000000044e+00
1.305555555555555580e+00
1.144444444444444819e+00
9.944444444444443532e-01
8.555555555555556246e-01
7.277777777777779677e-01
6.111111111111112715e-01
5.055555555555555358e-01
4.111111111111111494e-01
3.277777777777778345e-01
2.555555555555555358e-01
1.944444444444444753e-01
1.444444444444444586e-01
1.055555555555555552e-01
7.777777777777779289e-02
6.111111111111112298e-02
5.555555555555555247e-02
6.111111111111109523e-02
7.777777777777773738e-02
1.055555555555555552e-01
1.444444444444444031e-01
1.944444444444443643e-01
2.555555555555555358e-01
3.277777777777776680e-01
4.111111111111109273e-01
5.055555555555555358e-01
6.111111111111108274e-01
7.277777777777776347e-01
8.555555555555556246e-01
9.944444444444440201e-01
1.144444444444444153e+00
1.305555555555555580e+00
1.322222222222222188e+00
1.161111111111111427e+00
1.011111111111110850e+00
8.722222222222222321e-01
7.444444444444445752e-01
6.277777777777778789e-01
5.222222222222222543e-01
4.277777777777778123e-01
3.444444444444444975e-01
2.722222222222221988e-01
2.111111111111110827e-01
1.611111111111110938e-01
1.222222222222221905e-01
9.444444444444442810e-02
7.777777777777776513e-02
7.222222222222218768e-02
7.777777777777773738e-02
9.444444444444437259e-02
1.222222222222221905e-01
1.611111111111110383e-01
2.111111111111109717e-01
2.722222222222221988e-01
3.444444444444443310e-01
4.277777777777775903e-01
5.222222222222222543e-01
6.277777777777774348e-01
7.444444444444442421e-01
8.722222222222222321e-01
1.011111111111110628e+00
1.161111111111110761e+00
1.322222222222222188e+00
1.350000000000000089e+00
1.188888888888889328e+00
1.038888888888888751e+00
9.000000000000001332e-01
7.722222222222224763e-01
6.555555555555557801e-01
5.500000000000000444e-01
4.555555555555556024e-01
3.722222222222222876e-01
2.999999999999999889e-01
2.388888888888889284e-01
1.888888888888888840e-01
1.500000000000000222e-01
1.222222222222222460e-01
1.055555555555555830e-01
1.000000000000000056e-01
1.055555555555555552e-01
1.222222222222221905e-01
1.500000000000000222e-01
1.888888888888888284e-01
2.388888888888888173e-01
2.999999999999999889e-01
3.722222222222221211e-01
4.555555555555553804e-01
5.500000000000000444e-01
6.555555555555553360e-01
7.722222222222221433e-01
9.000000000000001332e-01
1.038888888888888529e+00
1.188888888888888662e+00
1.350000000000000089e+00
1.388888888888888840e+00
1.227777777777778079e+00
1.077777777777777724e+00
9.388888888888888840e-01
8.111111111111113381e-01
6.944444444444446418e-01
5.888888888888889062e-01
4.944444444444444642e-01
4.111111111111111494e-01
3.388888888888888506e-01
2.777777777777777901e-01
2.277777777777777457e-01
1.888888888888888284e-01
1.611111111111110938e-01
1.444444444444444309e-01
1.388888888888888395e-01
1.444444444444444031e-01
1.611111111111110383e-01
1.888888888888888284e-01
2.277777777777776902e-01
2.777777777777776791e-01
3.388888888888888506e-01
4.111111111111109828e-01
4.944444444444442421e-01
5.888888888888889062e-01
6.944444444444441977e-01
8.111111111111108940e-01
9.388888888888888840e-01
1.077777777777777279e+00
1.227777777777777413e+00
1.388888888888888840e+00
1.438888888888888884e+00
1.277777777777778123e+00
1.127777777777777546e+00
9.888888888888889284e-01
8.611111111111112715e-01
7.444444444444445752e-01
6.388888888888888395e-01
5.444444444444445086e-01
4.611111111111110827e-01
3.888888888888887840e-01
3.277777777777777235e-01
2.777777777777777346e-01
2.388888888888888173e-01
2.111111111111110827e-01
1.944444444444443643e-01
1.888888888888888284e-01
1.944444444444443643e-01
2.111111111111109717e-01
2.388888888888888173e-01
2.777777777777776791e-01
3.277777777777776125e-01
3.888888888888887840e-01
4.611111111111109717e-01
5.444444444444442865e-01
6.388888888888888395e-01
7.444444444444441311e-01
8.611111111111109384e-01
9.888888888888889284e-01
1.127777777777777324e+00
1.277777777777777457e+00
1.438888888888888884e+00
1.500000000000000000e+00
1.338888888888889239e+00
1.188888888888888884e+00
1.050000000000000044e+00
9.222222222222224985e-01
8.055555555555558023e-01
7.000000000000000666e-01
6.055555555555556246e-01
5.222222222222223653e-01
4.500000000000000111e-01
3.888888888888888951e-01
3.388888888888889062e-01
2.999999999999999889e-01
2.722222222222222543e-01
2.555555555555555913e-01
2.500000000000000000e-01
2.555555555555555358e-01
2.722222222222221988e-01
2.999999999999999889e-01
3.388888888888888506e-01
3.888888888888887840e-01
4.500000000000000111e-01
5.222222222222221433e-01
6.055555555555554026e-01
7.000000000000000666e-01
8.055555555555553582e-01
9.222222222222220545e-01
1.050000000000000044e+00
1.188888888888888440e+00
1.338888888888888573e+00
1.500000000000000000e+00
1.572222222222222188e+00
1.411111111111111427e+00
1.261111111111110850e+00
1.122222222222222232e+00
9.944444444444445752e-01
8.777777777777778789e-01
7.722222222222221433e-01
6.777777777777778123e-01
5.944444444444445530e-01
5.222222222222221433e-01
4.611111111111110827e-01
4.111111111111110383e-01
3.722222222222221211e-01
3.444444444444443865e-01
3.277777777777777235e-01
3.222222222222221322e-01
3.277777777777776680e-01
3.444444444444443310e-01
3.722222222222221211e-01
4.111111111111109828e-01
4.611111111111109717e-01
5.222222222222221433e-01
5.944444444444443310e-01
6.777777777777775903e-01
7.722222222222221433e-01
8.777777777777774348e-01
9.944444444444442421e-01
1.122222222222222232e+00
1.261111111111110628e+00
1.411111111111110761e+00
1.572222222222222188e+00
1.655555555555555447e+00
1.494444444444444686e+00
1.344444444444444331e+00
1.205555555555555491e+00
1.077777777777777724e+00
9.611111111111111382e-01
8.555555555555554026e-01
7.611111111111110716e-01
6.777777777777778123e-01
6.055555555555554026e-01
5.444444444444443976e-01
4.944444444444442976e-01
4.555555555555553804e-01
4.277777777777776458e-01
4.111111111111109828e-01
4.055555555555553915e-01
4.111111111111109273e-01
4.277777777777775903e-01
4.555555555555553804e-01
4.944444444444442421e-01
5.444444444444442865e-01
6.055555555555554026e-01
6.777777777777775903e-01
7.611111111111108496e-01
8.555555555555554026e-01
9.611111111111106942e-01
1.077777777777777501e+00
1.205555555555555491e+00
1.344444444444443887e+00
1.494444444444444020e+00
1.655555555555555447e+00
1.750000000000000000e+00
1.588888888888889239e+00
1.438888888888888884e+00
1.300000000000000044e+00
1.172222222222222499e+00
1.055555555555555802e+00
9.500000000000000666e-01
8.555555555555556246e-01
7.722222222222223653e-01
7.000000000000000666e-01
6.388888888888889506e-01
5.888888888888890172e-01
5.500000000000000444e-01
5.222222222222222543e-01
5.055555555555556468e-01
5.000000000000000000e-01
5.055555555555555358e-01
5.222222222222222543e-01
5.500000000000000444e-01
5.888888888888889062e-01
6.388888888888888395e-01
7.000000000000000666e-01
7.722222222222221433e-01
8.555555555555554026e-01
9.500000000000000666e-01
1.055555555555555358e+00
1.172222222222222054e+00
1.300000000000000044e+00
1.438888888888888440e+00
1.588888888888888573e+00
1.750000000000000000e+00
1.855555555555555403e+00
1.694444444444444420e+00
1.544444444444444065e+00
1.405555555555555225e+00
1.277777777777777679e+00
1.161111111111110983e+00
1.055555555555555358e+00
9.611111111111109162e-01
8.777777777777775459e-01
8.055555555555553582e-01
7.444444444444442421e-01
6.944444444444441977e-01
6.555555555555553360e-01
6.277777777777775459e-01
6.111111111111108274e-01
6.055555555555552916e-01
6.111111111111108274e-01
6.277777777777774348e-01
6.555555555555553360e-01
6.944444444444441977e-01
7.444444444444441311e-01
8.055555555555553582e-01
8.777777777777774348e-01
9.611111111111106942e-01
1.055555555555555358e+00
1.161111111111110539e+00
1.277777777777777457e+00
1.405555555555555225e+00
1.544444444444443620e+00
1.694444444444443976e+00
1.855555555555555403e+00
1.972222222222222099e+00
1.811111111111111338e+00
1.661111111111110761e+00
1.522222222222222143e+00
1.394444444444444597e+00
1.277777777777777901e+00
1.172222222222222054e+00
1.077777777777777724e+00
9.944444444444444642e-01
9.222222222222220545e-01
8.611111111111110494e-01
8.111111111111110050e-01
7.722222222222221433e-01
7.444444444444443532e-01
7.277777777777776347e-01
7.222222222222220989e-01
7.277777777777776347e-01
7.444444444444442421e-01
7.722222222222221433e-01
8.111111111111108940e-01
8.611111111111109384e-01
9.222222222222220545e-01
9.944444444444442421e-01
1.077777777777777501e+00
1.172222222222222054e+00
1.277777777777777457e+00
1.394444444444444153e+00
1.522222222222222143e+00
1.661111111111110539e+00
1.811111111111110672e+00
1.972222222222222099e+00
2.099999999999999645e+00
1.938888888888889328e+00
1.788888888888888973e+00
1.650000000000000133e+00
1.522222222222222365e+00
1.405555555555555669e+00
1.300000000000000044e+00
1.205555555555555713e+00
1.122222222222222454e+00
1.050000000000000044e+00
9.888888888888890394e-01
9.388888888888889950e-01
9.000000000000001332e-01
8.722222222222223431e-01
8.555555555555556246e-01
8.500000000000000888e-01
8.555555555555556246e-01
8.722222222222222321e-01
9.000000000000001332e-01
9.388888888888888840e-01
9.888888888888889284e-01
1.050000000000000044e+00
1.122222222222222232e+00
1.205555555555555491e+00
1.300000000000000044e+00
1.405555555555555225e+00
1.522222222222222143e+00
1.650000000000000133e+00
1.788888888888888529e+00
1.938888888888888662e+00
2.099999999999999645e+00
2.238888888888888040e+00
2.077777777777777501e+00
1.927777777777777368e+00
1.788888888888888529e+00
1.661111111111110761e+00
1.544444444444444065e+00
1.438888888888888440e+00
1.344444444444444109e+00
1.261111111111110850e+00
1.188888888888888440e+00
1.127777777777777324e+00
1.077777777777777279e+00
1.038888888888888529e+00
1.011111111111110628e+00
9.944444444444440201e-01
9.888888888888884843e-01
9.944444444444440201e-01
1.011111111111110628e+00
1.038888888888888529e+00
1.077777777777777279e+00
1.127777777777777324e+00
1.188888888888888440e+00
1.261111111111110628e+00
1.344444444444443887e+00
1.438888888888888440e+00
1.544444444444443620e+00
1.661111111111110539e+00
1.788888888888888529e+00
1.927777777777776924e+00
2.077777777777776613e+00
2.238888888888888040e+00
2.388888888888888395e+00
2.227777777777777857e+00
2.077777777777777057e+00
1.938888888888888662e+00
1.811111111111111116e+00
1.694444444444444420e+00
1.588888888888888573e+00
1.494444444444444242e+00
1.411111111111110983e+00
1.338888888888888573e+00
1.277777777777777457e+00
1.227777777777777635e+00
1.188888888888888662e+00
1.161111111111110761e+00
1.144444444444444153e+00
1.138888888888888618e+00
1.144444444444444153e+00
1.161111111111110761e+00
1.188888888888888662e+00
1.227777777777777413e+00
1.277777777777777457e+00
1.338888888888888573e+00
1.411111111111110761e+00
1.494444444444444020e+00
1.588888888888888573e+00
1.694444444444443976e+00
1.811111111111110672e+00
1.938888888888888662e+00
2.077777777777776613e+00
2.227777777777776969e+00
2.388888888888888395e+00
2.549999999999999822e+00
2.388888888888889284e+00
2.238888888888888484e+00
2.099999999999999645e+00
1.972222222222222543e+00
1.855555555555555847e+00
1.750000000000000000e+00
1.655555555555555669e+00
1.572222222222222410e+00
1.500000000000000000e+00
1.438888888888888884e+00
1.388888888888889062e+00
1.350000000000000089e+00
1.322222222222222188e+00
1.305555555555555580e+00
1.300000000000000044e+00
1.305555555555555580e+00
1.322222222222222188e+00
1.350000000000000089e+00
1.388888888888888840e+00
1.438888888888888884e+00
1.500000000000000000e+00
1.572222222222222188e+00
1.655555555555555447e+00
1.750000000000000000e+00
1.855555555555555403e+00
1.972222222222222099e+00
2.099999999999999645e+00
2.238888888888888040e+00
2.388888888888888395e+00
2.549999999999999822e+00
2.522222222222222143e+00
2.361111111111111605e+00
2.211111111111110805e+00
2.072222222222221966e+00
1.944444444444444642e+00
1.827777777777777946e+00
1.722222222222222099e+00
1.627777777777777768e+00
1.544444444444444509e+00
1.472222222222222099e+00
1.411111111111110983e+00
1.361111111111111160e+00
1.322222222222222188e+00
1.294444444444444287e+00
1.277777777777777679e+00
1.272222222222222143e+00
1.277777777777777679e+00
1.294444444444444287e+00
1.322222222222222188e+00
1.361111111111110938e+00
1.411111111111110983e+00
1.472222222222222099e+00
1.544444444444444287e+00
1.627777777777777546e+00
1.722222222222222099e+00
1.827777777777777501e+00
1.944444444444444198e+00
2.072222222222221966e+00
2.211111111111110361e+00
2.361111111111110716e+00
2.522222222222222143e+00
2.361111111111111605e+00
2.200000000000000622e+00
2.050000000000000266e+00
1.911111111111111427e+00
1.783333333333333659e+00
1.666666666666666963e+00
1.561111111111111338e+00
1.466666666666667007e+00
1.383333333333333748e+00
1.311111111111111338e+00
1.250000000000000222e+00
1.200000000000000178e+00
1.161111111111111427e+00
1.133333333333333526e+00
1.116666666666666918e+00
1.111111111111111382e+00
1.116666666666666918e+00
1.133333333333333526e+00
1.161111111111111427e+00
1.200000000000000178e+00
1.250000000000000222e+00
1.311111111111111338e+00
1.383333333333333526e+00
1.466666666666666785e+00
1.561111111111111338e+00
1.666666666666666519e+00
1.783333333333333437e+00
1.911111111111111427e+00
2.049999999999999822e+00
2.200000000000000178e+00
2.361111111111111605e+00
2.211111111111110805e+00
2.050000000000000266e+00
1.899999999999999689e+00
1.761111111111111072e+00
1.633333333333333304e+00
1.516666666666666607e+00
1.411111111111110983e+00
1.316666666666666430e+00
1.233333333333333171e+00
1.161111111111110983e+00
1.099999999999999867e+00
1.049999999999999822e+00
1.011111111111111072e+00
9.833333333333332815e-01
9.666666666666665630e-01
9.611111111111110272e-01
9.666666666666665630e-01
9.833333333333331705e-01
1.011111111111111072e+00
1.049999999999999822e+00
1.099999999999999645e+00
1.161111111111110983e+00
1.233333333333332948e+00
1.316666666666666430e+00
1.411111111111110983e+00
1.516666666666666163e+00
1.633333333333332860e+00
1.761111111111111072e+00
1.899999999999999467e+00
2.049999999999999378e+00
2.211111111111110805e+00
2.072222222222221966e+00
1.911111111111111427e+00
1.761111111111111072e+00
1.622222222222222232e+00
1.494444444444444464e+00
1.377777777777777768e+00
1.272222222222222143e+00
1.177777777777777812e+00
1.094444444444444553e+00
1.022222222222222143e+00
9.611111111111112493e-01
9.111111111111112049e-01
8.722222222222223431e-01
8.444444444444445530e-01
8.277777777777778345e-01
8.222222222222222987e-01
8.277777777777778345e-01
8.444444444444444420e-01
8.722222222222223431e-01
9.111111111111110938e-01
9.611111111111111382e-01
1.022222222222222143e+00
1.094444444444444331e+00
1.177777777777777590e+00
1.272222222222222143e+00
1.377777777777777324e+00
1.494444444444444242e+00
1.622222222222222232e+00
1.761111111111110628e+00
1.911111111111110761e+00
2.072222222222221966e+00
1.944444444444444642e+00
1.783333333333333659e+00
1.633333333333333304e+00
1.494444444444444464e+00
1.366666666666666918e+00
1.250000000000000222e+00
1.144444444444444597e+00
1.050000000000000266e+00
9.666666666666668961e-01
8.944444444444447084e-01
8.333333333333335924e-01
7.833333333333335480e-01
7.444444444444446862e-01
7.166666666666668961e-01
7.000000000000001776e-01
6.944444444444446418e-01
7.000000000000001776e-01
7.166666666666667851e-01
7.444444444444446862e-01
7.833333333333335480e-01
8.333333333333334814e-01
8.944444444444447084e-01
9.666666666666667851e-01
1.049999999999999822e+00
1.144444444444444597e+00
1.249999999999999778e+00
1.366666666666666696e+00
1.494444444444444464e+00
1.633333333333332860e+00
1.783333333333333215e+00
1.944444444444444642e+00
1.827777777777777946e+00
1.666666666666666963e+00
1.516666666666666607e+00
1.377777777777777768e+00
1.250000000000000222e+00
1.133333333333333526e+00
1.027777777777777901e+00
9.333333333333335702e-01
8.500000000000001998e-01
7.777777777777780122e-01
7.166666666666668961e-01
6.666666666666668517e-01
6.277777777777779900e-01
6.000000000000001998e-01
5.833333333333334814e-01
5.777777777777779455e-01
5.833333333333334814e-01
6.000000000000000888e-01
6.277777777777779900e-01
6.666666666666668517e-01
7.166666666666667851e-01
7.777777777777780122e-01
8.500000000000000888e-01
9.333333333333333481e-01
1.027777777777777901e+00
1.133333333333333082e+00
1.250000000000000000e+00
1.377777777777777768e+00
1.516666666666666163e+00
1.666666666666666519e+00
1.827777777777777946e+00
1.722222222222222099e+00
1.561111111111111338e+00
1.411111111111110983e+00
1.272222222222222143e+00
1.144444444444444597e+00
1.027777777777777901e+00
9.222222222222222765e-01
8.277777777777778345e-01
7.444444444444445752e-01
6.722222222222222765e-01
6.111111111111111605e-01
5.611111111111112271e-01
5.222222222222222543e-01
4.944444444444445197e-01
4.777777777777778567e-01
4.722222222222222654e-01
4.777777777777778012e-01
4.944444444444444642e-01
5.222222222222222543e-01
5.611111111111111160e-01
6.111111111111110494e-01
6.722222222222222765e-01
7.444444444444443532e-01
8.277777777777776125e-01
9.222222222222222765e-01
1.027777777777777457e+00
1.144444444444444153e+00
1.272222222222222143e+00
1.411111111111110539e+00
1.561111111111110672e+00
1.722222222222222099e+00
1.627777777777777768e+00
1.466666666666667007e+00
1.316666666666666430e+00
1.177777777777777812e+00
1.050000000000000266e+00
9.333333333333335702e-01
8.277777777777778345e-01
7.333333333333335036e-01
6.500000000000002442e-01
5.777777777777778345e-01
5.166666666666668295e-01
4.666666666666667851e-01
4.277777777777778678e-01
4.000000000000001332e-01
3.833333333333334703e-01
3.777777777777778789e-01
3.833333333333334147e-01
4.000000000000000777e-01
4.277777777777778678e-01
4.666666666666667296e-01
5.166666666666667185e-01
5.777777777777778345e-01
6.500000000000000222e-01
7.333333333333332815e-01
8.277777777777778345e-01
9.333333333333331261e-01
1.049999999999999822e+00
1.177777777777777812e+00
1.316666666666666208e+00
1.466666666666666341e+00
1.627777777777777768e+00
1.544444444444444509e+00
1.383333333333333748e+00
1.233333333333333171e+00
1.094444444444444553e+00
9.666666666666668961e-01
8.500000000000001998e-01
7.444444444444445752e-01
6.500000000000002442e-01
5.666666666666668739e-01
4.944444444444445752e-01
4.333333333333334592e-01
3.833333333333334703e-01
3.444444444444445530e-01
3.166666666666668184e-01
3.000000000000001554e-01
2.944444444444445641e-01
3.000000000000000999e-01
3.166666666666667629e-01
3.444444444444445530e-01
3.833333333333334147e-01
4.333333333333333481e-01
4.944444444444445752e-01
5.666666666666667629e-01
6.500000000000000222e-01
7.444444444444445752e-01
8.499999999999997558e-01
9.666666666666666741e-01
1.094444444444444553e+00
1.233333333333332948e+00
1.383333333333333082e+00
1.544444444444444509e+00
1.472222222222222099e+00
1.311111111111111338e+00
1.161111111111110983e+00
1.022222222222222143e+00
8.944444444444447084e-01
7.777777777777780122e-01
6.722222222222222765e-01
5.777777777777778345e-01
4.944444444444445752e-01
4.222222222222222765e-01
3.611111111111111605e-01
3.111111111111111716e-01
2.722222222222222543e-01
2.444444444444445197e-01
2.277777777777778290e-01
2.222222222222222654e-01
2.277777777777778012e-01
2.444444444444444642e-01
2.722222222222222543e-01
3.111111111111111160e-01
3.611111111111110494e-01
4.222222222222222765e-01
4.944444444444444087e-01
5.777777777777776125e-01
6.722222222222222765e-01
7.777777777777775681e-01
8.944444444444442643e-01
1.022222222222222143e+00
1.161111111111110539e+00
1.311111111111110672e+00
1.472222222222222099e+00
1.411111111111110983e+00
1.250000000000000222e+00
1.099999999999999867e+00
9.611111111111112493e-01
8.333333333333335924e-01
7.166666666666668961e-01
6.111111111111111605e-01
5.166666666666668295e-01
4.333333333333334592e-01
3.611111111111111605e-01
3.000000000000000999e-01
2.500000000000000555e-01
2.111111111111111938e-01
1.833333333333334314e-01
1.666666666666667407e-01
1.611111111111111771e-01
1.666666666666667129e-01
1.833333333333333481e-01
2.111111111111111938e-01
2.500000000000000000e-01
2.999999999999999889e-01
3.611111111111111605e-01
4.333333333333333481e-01
5.166666666666666075e-01
6.111111111111111605e-01
7.166666666666664520e-01
8.333333333333332593e-01
9.611111111111112493e-01
1.099999999999999423e+00
1.249999999999999556e+00
1.411111111111110983e+00
1.361111111111111160e+00
1.200000000000000178e+00
1.049999999999999822e+00
9.111111111111112049e-01
7.833333333333335480e-01
6.666666666666668517e-01
5.611111111111112271e-01
4.666666666666667851e-01
3.833333333333334703e-01
3.111111111111111716e-01
2.500000000000000555e-01
2.000000000000000666e-01
1.611111111111111494e-01
1.333333333333333870e-01
1.166666666666667240e-01
1.111111111111111466e-01
1.166666666666666963e-01
1.333333333333333315e-01
1.611111111111111494e-01
2.000000000000000111e-01
2.499999999999999722e-01
3.111111111111111716e-01
3.833333333333333037e-01
4.666666666666665630e-01
5.611111111111112271e-01
6.666666666666664076e-01
7.833333333333332149e-01
9.111111111111112049e-01
1.049999999999999378e+00
1.199999999999999734e+00
1.361111111111111160e+00
1.322222222222222188e+00
1.161111111111111427e+00
1.011111111111111072e+00
8.722222222222223431e-01
7.444444444444446862e-01
6.277777777777779900e-01
5.222222222222222543e-01
4.277777777777778678e-01
3.444444444444445530e-01
2.722222222222222543e-01
2.111111111111111938e-01
1.611111111111111494e-01
1.222222222222222460e-01
9.444444444444448361e-02
7.777777777777782064e-02
7.222222222222224319e-02
7.777777777777779289e-02
9.444444444444442810e-02
1.222222222222222460e-01
1.611111111111110938e-01
2.111111111111110827e-01
2.722222222222222543e-01
3.444444444444443865e-01
4.277777777777776458e-01
5.222222222222222543e-01
6.277777777777775459e-01
7.444444444444443532e-01
8.722222222222223431e-01
1.011111111111110628e+00
1.161111111111110761e+00
1.322222222222222188e+00
1.294444444444444287e+00
1.133333333333333526e+00
9.833333333333332815e-01
8.444444444444445530e-01
7.166666666666668961e-01
6.000000000000001998e-01
4.944444444444445197e-01
4.000000000000001332e-01
3.166666666666668184e-01
2.444444444444445197e-01
1.833333333333334314e-01
1.333333333333333870e-01
9.444444444444448361e-02
6.666666666666673513e-02
5.000000000000005829e-02
4.444444444444448777e-02
5.000000000000003053e-02
6.666666666666666574e-02
9.444444444444448361e-02
1.333333333333333315e-01
1.833333333333333204e-01
2.444444444444445197e-01
3.166666666666666519e-01
3.999999999999999112e-01
4.944444444444445197e-01
5.999999999999997558e-01
7.166666666666665630e-01
8.444444444444445530e-01
9.833333333333329485e-01
1.133333333333332860e+00
1.294444444444444287e+00
1.277777777777777679e+00
1.116666666666666918e+00
9.666666666666665630e-01
8.277777777777778345e-01
7.000000000000001776e-01
5.833333333333334814e-01
4.777777777777778567e-01
3.833333333333334703e-01
3.000000000000001554e-01
2.277777777777778290e-01
1.666666666666667407e-01
1.166666666666667240e-01
7.777777777777782064e-02
5.000000000000005829e-02
3.333333333333339532e-02
2.777777777777781787e-02
3.333333333333336757e-02
5.000000000000000278e-02
7.777777777777782064e-02
1.166666666666666685e-01
1.666666666666666297e-01
2.277777777777778290e-01
2.999999999999999889e-01
3.833333333333332482e-01
4.777777777777778567e-01
5.833333333333330373e-01
6.999999999999998446e-01
8.277777777777778345e-01
9.666666666666662300e-01
1.116666666666666252e+00
1.277777777777777679e+00
1.272222222222222143e+00
1.111111111111111382e+00
9.611111111111110272e-01
8.222222222222222987e-01
6.944444444444446418e-01
5.777777777777779455e-01
4.722222222222222654e-01
3.777777777777778789e-01
2.944444444444445641e-01
2.222222222222222654e-01
1.611111111111111771e-01
1.111111111111111466e-01
7.222222222222224319e-02
4.444444444444448777e-02
2.777777777777781787e-02
2.222222222222224389e-02
2.777777777777779011e-02
4.444444444444442532e-02
7.222222222222224319e-02
1.111111111111110911e-01
1.611111111111110661e-01
2.222222222222222654e-01
2.944444444444443976e-01
3.777777777777776569e-01
4.722222222222222654e-01
5.777777777777775015e-01
6.944444444444443088e-01
8.222222222222222987e-01
9.611111111111106942e-01
1.111111111111110716e+00
1.272222222222222143e+00
1.277777777777777679e+00
1.116666666666666918e+00
9.666666666666665630e-01
8.277777777777778345e-01
7.000000000000001776e-01
5.833333333333334814e-01
4.777777777777778012e-01
3.833333333333334147e-01
3.000000000000000999e-01
2.277777777777778012e-01
1.666666666666667129e-01
1.166666666666666963e-01
7.777777777777779289e-02
5.000000000000003053e-02
3.333333333333336757e-02
2.777777777777779011e-02
3.333333333333333981e-02
4.999999999999997502e-02
7.777777777777779289e-02
1.166666666666666408e-01
1.666666666666666019e-01
2.277777777777778012e-01
2.999999999999999334e-01
3.833333333333331927e-01
4.777777777777778012e-01
5.833333333333330373e-01
6.999999999999998446e-01
8.277777777777778345e-01
9.666666666666662300e-01
1.116666666666666252e+00
1.277777777777777679e+00
1.294444444444444287e+00
1.133333333333333526e+00
9.833333333333331705e-01
8.444444444444444420e-01
7.166666666666667851e-01
6.000000000000000888e-01
4.944444444444444642e-01
4.000000000000000777e-01
3.166666666666667629e-01
2.444444444444444642e-01
1.833333333333333481e-01
1.333333333333333315e-01
9.444444444444442810e-02
6.666666666666666574e-02
5.000000000000000278e-02
4.444444444444442532e-02
4.999999999999997502e-02
6.666666666666661023e-02
9.444444444444442810e-02
1.333333333333332760e-01
1.833333333333332371e-01
2.444444444444444642e-01
3.166666666666665964e-01
3.999999999999998557e-01
4.944444444444444642e-01
5.999999999999996447e-01
7.166666666666664520e-01
8.444444444444444420e-01
9.833333333333328374e-01
1.133333333333332860e+00
1.294444444444444287e+00
1.322222222222222188e+00
1.161111111111111427e+00
1.011111111111111072e+00
8.722222222222223431e-01
7.444444444444446862e-01
6.277777777777779900e-01
5.222222222222222543e-01
4.277777777777778678e-01
3.444444444444445530e-01
2.722222222222222543e-01
2.111111111111111938e-01
1.611111111111111494e-01
1.222222222222222460e-01
9.444444444444448361e-02
7.777777777777782064e-02
7.222222222222224319e-02
7.777777777777779289e-02
9.444444444444442810e-02
1.222222222222222460e-01
1.611111111111110938e-01
2.111111111111110827e-01
2.722222222222222543e-01
3.444444444444443865e-01
4.277777777777776458e-01
5.222222222222222543e-01
6.277777777777775459e-01
7.444444444444443532e-01
8.722222222222223431e-01
1.011111111111110628e+00
1.161111111111110761e+00
1.322222222222222188e+00
1.361111111111110938e+00
1.200000000000000178e+00
1.049999999999999822e+00
9.111111111111110938e-01
7.833333333333335480e-01
6.666666666666668517e-01
5.611111111111111160e-01
4.666666666666667296e-01
3.833333333333334147e-01
3.111111111111111160e-01
2.500000000000000000e-01
2.000000000000000111e-01
1.611111111111110938e-01
1.333333333333333315e-01
1.166666666666666685e-01
1.111111111111110911e-01
1.166666666666666408e-01
1.333333333333332760e-01
1.611111111111110938e-01
1.999999999999999556e-01
2.499999999999999167e-01
3.111111111111111160e-01
3.833333333333332482e-01
4.666666666666665075e-01
5.611111111111111160e-01
6.666666666666664076e-01
7.833333333333331039e-01
9.111111111111110938e-01
1.049999999999999378e+00
1.199999999999999512e+00
1.361111111111110938e+00
1.411111111111110983e+00
1.250000000000000222e+00
1.099999999999999645e+00
9.611111111111111382e-01
8.333333333333334814e-01
7.166666666666667851e-01
6.111111111111110494e-01
5.166666666666667185e-01
4.333333333333333481e-01
3.611111111111110494e-01
2.999999999999999889e-01
2.499999999999999722e-01
2.111111111111110827e-01
1.833333333333333204e-01
1.666666666666666297e-01
1.611111111111110661e-01
1.666666666666666019e-01
1.833333333333332371e-01
2.111111111111110827e-01
2.499999999999999167e-01
2.999999999999998779e-01
3.611111111111110494e-01
4.333333333333332371e-01
5.166666666666664964e-01
6.111111111111110494e-01
7.166666666666663410e-01
8.333333333333331483e-01
9.611111111111111382e-01
1.099999999999999423e+00
1.249999999999999556e+00
1.411111111111110983e+00
1.472222222222222099e+00
1.311111111111111338e+00
1.161111111111110983e+00
1.022222222222222143e+00
8.944444444444447084e-01
7.777777777777780122e-01
6.722222222222222765e-01
5.777777777777778345e-01
4.944444444444445752e-01
4.222222222222222765e-01
3.611111111111111605e-01
3.111111111111111716e-01
2.722222222222222543e-01
2.444444444444445197e-01
2.277777777777778290e-01
2.222222222222222654e-01
2.277777777777778012e-01
2.444444444444444642e-01
2.722222222222222543e-01
3.111111111111111160e-01
3.611111111111110494e-01
4.222222222222222765e-01
4.944444444444444087e-01
5.777777777777776125e-01
6.722222222222222765e-01
7.777777777777775681e-01
8.944444444444442643e-01
1.022222222222222143e+00
1.161111111111110539e+00
1.311111111111110672e+00
1.472222222222222099e+00
1.544444444444444287e+00
1.383333333333333526e+00
1.233333333333332948e+00
1.094444444444444331e+00
9.666666666666667851e-01
8.500000000000000888e-01
7.444444444444443532e-01
6.500000000000000222e-01
5.666666666666667629e-01
4.944444444444444087e-01
4.333333333333333481e-01
3.833333333333333037e-01
3.444444444444443865e-01
3.166666666666666519e-01
2.999999999999999889e-01
2.944444444444443976e-01
2.999999999999999334e-01
3.166666666666665964e-01
3.444444444444443865e-01
3.833333333333332482e-01
4.333333333333332371e-01
4.944444444444444087e-01
5.666666666666665408e-01
6.499999999999998002e-01
7.444444444444443532e-01
8.499999999999996447e-01
9.666666666666664520e-01
1.094444444444444331e+00
1.233333333333332726e+00
1.383333333333332860e+00
1.544444444444444287e+00
1.627777777777777546e+00
1.466666666666666785e+00
1.316666666666666430e+00
1.177777777777777590e+00
1.049999999999999822e+00
9.333333333333333481e-01
8.277777777777776125e-01
7.333333333333332815e-01
6.500000000000000222e-01
5.777777777777776125e-01
5.166666666666666075e-01
4.666666666666665630e-01
4.277777777777776458e-01
3.999999999999999112e-01
3.833333333333332482e-01
3.777777777777776569e-01
3.833333333333331927e-01
3.999999999999998557e-01
4.277777777777776458e-01
4.666666666666665075e-01
5.166666666666664964e-01
5.777777777777776125e-01
6.499999999999998002e-01
7.333333333333330595e-01
8.277777777777776125e-01
9.333333333333329040e-01
1.049999999999999600e+00
1.177777777777777590e+00
1.316666666666665986e+00
1.466666666666666119e+00
1.627777777777777546e+00
1.722222222222222099e+00
1.561111111111111338e+00
1.411111111111110983e+00
1.272222222222222143e+00
1.144444444444444597e+00
1.027777777777777901e+00
9.222222222222222765e-01
8.277777777777778345e-01
7.444444444444445752e-01
6.722222222222222765e-01
6.111111111111111605e-01
5.611111111111112271e-01
5.222222222222222543e-01
4.944444444444445197e-01
4.777777777777778567e-01
4.722222222222222654e-01
4.777777777777778012e-01
4.944444444444444642e-01
5.222222222222222543e-01
5.611111111111111160e-01
6.111111111111110494e-01
6.722222222222222765e-01
7.444444444444443532e-01
8.277777777777776125e-01
9.222222222222222765e-01
1.027777777777777457e+00
1.144444444444444153e+00
1.272222222222222143e+00
1.411111111111110539e+00
1.561111111111110672e+00
1.722222222222222099e+00
1.827777777777777501e+00
1.666666666666666519e+00
1.516666666666666163e+00
1.377777777777777324e+00
1.249999999999999778e+00
1.133333333333333082e+00
1.027777777777777457e+00
9.333333333333331261e-01
8.499999999999997558e-01
7.777777777777775681e-01
7.166666666666664520e-01
6.666666666666664076e-01
6.277777777777775459e-01
5.999999999999997558e-01
5.833333333333330373e-01
5.777777777777775015e-01
5.833333333333330373e-01
5.999999999999996447e-01
6.277777777777775459e-01
6.666666666666664076e-01
7.166666666666663410e-01
7.777777777777775681e-01
8.499999999999996447e-01
9.333333333333329040e-01
1.027777777777777457e+00
1.133333333333332638e+00
1.249999999999999556e+00
1.377777777777777324e+00
1.516666666666665719e+00
1.666666666666666075e+00
1.827777777777777501e+00
1.944444444444444198e+00
1.783333333333333437e+00
1.633333333333332860e+00
1.494444444444444242e+00
1.366666666666666696e+00
1.250000000000000000e+00
1.144444444444444153e+00
1.049999999999999822e+00
9.666666666666666741e-01
8.944444444444442643e-01
8.333333333333332593e-01
7.833333333333332149e-01
7.444444444444443532e-01
7.166666666666665630e-01
6.999999999999998446e-01
6.944444444444443088e-01
6.999999999999998446e-01
7.166666666666664520e-01
7.444444444444443532e-01
7.833333333333331039e-01
8.333333333333331483e-01
8.944444444444442643e-01
9.666666666666664520e-01
1.049999999999999600e+00
1.144444444444444153e+00
1.249999999999999556e+00
1.366666666666666252e+00
1.494444444444444242e+00
1.633333333333332638e+00
1.783333333333332771e+00
1.944444444444444198e+00
2.072222222222221966e+00
1.911111111111111427e+00
1.761111111111111072e+00
1.622222222222222232e+00
1.494444444444444464e+00
1.377777777777777768e+00
1.272222222222222143e+00
1.177777777777777812e+00
1.094444444444444553e+00
1.022222222222222143e+00
9.611111111111112493e-01
9.111111111111112049e-01
8.722222222222223431e-01
8.444444444444445530e-01
8.277777777777778345e-01
8.222222222222222987e-01
8.277777777777778345e-01
8.444444444444444420e-01
8.722222222222223431e-01
9.111111111111110938e-01
9.611111111111111382e-01
1.022222222222222143e+00
1.094444444444444331e+00
1.177777777777777590e+00
1.272222222222222143e+00
1.377777777777777324e+00
1.494444444444444242e+00
1.622222222222222232e+00
1.761111111111110628e+00
1.911111111111110761e+00
2.072222222222221966e+00
2.211111111111110361e+00
2.049999999999999822e+00
1.899999999999999467e+00
1.761111111111110628e+00
1.633333333333332860e+00
1.516666666666666163e+00
1.411111111111110539e+00
1.316666666666666208e+00
1.233333333333332948e+00
1.161111111111110539e+00
1.099999999999999423e+00
1.049999999999999378e+00
1.011111111111110628e+00
9.833333333333329485e-01
9.666666666666662300e-01
9.611111111111106942e-01
9.666666666666662300e-01
9.833333333333328374e-01
1.011111111111110628e+00
1.049999999999999378e+00
1.099999999999999423e+00
1.161111111111110539e+00
1.233333333333332726e+00
1.316666666666665986e+00
1.411111111111110539e+00
1.516666666666665719e+00
1.633333333333332638e+00
1.761111111111110628e+00
1.899999999999999023e+00
2.049999999999998934e+00
2.211111111111110361e+00
2.361111111111110716e+00
2.200000000000000178e+00
2.049999999999999378e+00
1.911111111111110761e+00
1.783333333333333215e+00
1.666666666666666519e+00
1.561111111111110672e+00
1.466666666666666341e+00
1.383333333333333082e+00
1.311111111111110672e+00
1.249999999999999556e+00
1.199999999999999734e+00
1.161111111111110761e+00
1.133333333333332860e+00
1.116666666666666252e+00
1.111111111111110716e+00
1.116666666666666252e+00
1.133333333333332860e+00
1.161111111111110761e+00
1.199999999999999512e+00
1.249999999999999556e+00
1.311111111111110672e+00
1.383333333333332860e+00
1.466666666666666119e+00
1.561111111111110672e+00
1.666666666666666075e+00
1.783333333333332771e+00
1.911111111111110761e+00
2.049999999999998934e+00
2.199999999999999289e+00
2.361111111111110716e+00
2.522222222222222143e+00
2.361111111111111605e+00
2.211111111111110805e+00
2.072222222222221966e+00
1.944444444444444642e+00
1.827777777777777946e+00
1.722222222222222099e+00
1.627777777777777768e+00
1.544444444444444509e+00
1.472222222222222099e+00
1.411111111111110983e+00
1.361111111111111160e+00
1.322222222222222188e+00
1.294444444444444287e+00
1.277777777777777679e+00
1.272222222222222143e+00
1.277777777777777679e+00
1.294444444444444287e+00
1.322222222222222188e+00
1.361111111111110938e+00
1.411111111111110983e+00
1.472222222222222099e+00
1.544444444444444287e+00
1.627777777777777546e+00
1.722222222222222099e+00
1.827777777777777501e+00
1.944444444444444198e+00
2.072222222222221966e+00
2.211111111111110361e+00
2.361111111111110716e+00
2.522222222222222143e+00
2.505555555555555536e+00
2.344444444444444997e+00
2.194444444444444198e+00
2.055555555555555358e+00
1.927777777777778034e+00
1.811111111111111338e+00
1.705555555555555491e+00
1.611111111111111160e+00
1.527777777777777901e+00
1.455555555555555491e+00
1.394444444444444375e+00
1.344444444444444553e+00
1.305555555555555580e+00
1.277777777777777679e+00
1.261111111111111072e+00
1.255555555555555536e+00
1.261111111111111072e+00
1.277777777777777679e+00
1.305555555555555580e+00
1.344444444444444331e+00
1.394444444444444375e+00
1.455555555555555491e+00
1.527777777777777679e+00
1.611111111111110938e+00
1.705555555555555491e+00
1.811111111111110894e+00
1.927777777777777590e+00
2.055555555555555358e+00
2.194444444444443754e+00
2.344444444444444109e+00
2.505555555555555536e+00
2.344444444444444997e+00
2.183333333333334014e+00
2.033333333333333659e+00
1.894444444444444819e+00
1.766666666666667052e+00
1.650000000000000355e+00
1.544444444444444731e+00
1.450000000000000400e+00
1.366666666666667140e+00
1.294444444444444731e+00
1.233333333333333615e+00
1.183333333333333570e+00
1.144444444444444819e+00
1.116666666666666918e+00
1.100000000000000311e+00
1.094444444444444775e+00
1.100000000000000311e+00
1.116666666666666918e+00
1.144444444444444819e+00
1.183333333333333570e+00
1.233333333333333615e+00
1.294444444444444731e+00
1.366666666666666918e+00
1.450000000000000178e+00
1.544444444444444731e+00
1.649999999999999911e+00
1.766666666666666829e+00
1.894444444444444819e+00
2.033333333333333215e+00
2.183333333333333570e+00
2.344444444444444997e+00
2.194444444444444198e+00
2.033333333333333659e+00
1.883333333333333082e+00
1.744444444444444464e+00
1.616666666666666696e+00
1.500000000000000000e+00
1.394444444444444375e+00
1.299999999999999822e+00
1.216666666666666563e+00
1.144444444444444375e+00
1.083333333333333259e+00
1.033333333333333215e+00
9.944444444444443532e-01
9.666666666666665630e-01
9.499999999999998446e-01
9.444444444444443088e-01
9.499999999999998446e-01
9.666666666666664520e-01
9.944444444444443532e-01
1.033333333333333215e+00
1.083333333333333037e+00
1.144444444444444375e+00
1.216666666666666341e+00
1.299999999999999822e+00
1.394444444444444375e+00
1.499999999999999556e+00
1.616666666666666252e+00
1.744444444444444464e+00
1.883333333333332860e+00
2.033333333333332771e+00
2.194444444444444198e+00
2.055555555555555358e+00
1.894444444444444819e+00
1.744444444444444464e+00
1.605555555555555625e+00
1.477777777777777857e+00
1.361111111111111160e+00
1.255555555555555536e+00
1.161111111111111205e+00
1.077777777777777946e+00
1.005555555555555536e+00
9.444444444444445308e-01
8.944444444444444864e-01
8.555555555555556246e-01
8.277777777777778345e-01
8.111111111111111160e-01
8.055555555555555802e-01
8.111111111111111160e-01
8.277777777777777235e-01
8.555555555555556246e-01
8.944444444444443754e-01
9.444444444444444198e-01
1.005555555555555536e+00
1.077777777777777724e+00
1.161111111111110983e+00
1.255555555555555536e+00
1.361111111111110716e+00
1.477777777777777635e+00
1.605555555555555625e+00
1.744444444444444020e+00
1.894444444444444153e+00
2.055555555555555358e+00
1.927777777777778034e+00
1.766666666666667052e+00
1.616666666666666696e+00
1.477777777777777857e+00
1.350000000000000311e+00
1.233333333333333615e+00
1.127777777777777990e+00
1.033333333333333659e+00
9.500000000000001776e-01
8.777777777777779900e-01
8.166666666666668739e-01
7.666666666666668295e-01
7.277777777777779677e-01
7.000000000000001776e-01
6.833333333333334592e-01
6.777777777777779233e-01
6.833333333333334592e-01
7.000000000000000666e-01
7.277777777777779677e-01
7.666666666666668295e-01
8.166666666666667629e-01
8.777777777777779900e-01
9.500000000000000666e-01
1.033333333333333215e+00
1.127777777777777990e+00
1.233333333333333171e+00
1.350000000000000089e+00
1.477777777777777857e+00
1.616666666666666252e+00
1.766666666666666607e+00
1.927777777777778034e+00
1.811111111111111338e+00
1.650000000000000355e+00
1.500000000000000000e+00
1.361111111111111160e+00
1.233333333333333615e+00
1.116666666666666918e+00
1.011111111111111294e+00
9.166666666666668517e-01
8.333333333333334814e-01
7.611111111111112937e-01
7.000000000000001776e-01
6.500000000000001332e-01
6.111111111111112715e-01
5.833333333333334814e-01
5.666666666666667629e-01
5.611111111111112271e-01
5.666666666666667629e-01
5.833333333333333703e-01
6.111111111111112715e-01
6.500000000000001332e-01
7.000000000000000666e-01
7.611111111111112937e-01
8.333333333333333703e-01
9.166666666666666297e-01
1.011111111111111294e+00
1.116666666666666474e+00
1.233333333333333393e+00
1.361111111111111160e+00
1.499999999999999556e+00
1.649999999999999911e+00
1.811111111111111338e+00
1.705555555555555491e+00
1.544444444444444731e+00
1.394444444444444375e+00
1.255555555555555536e+00
1.127777777777777990e+00
1.011111111111111294e+00
9.055555555555555580e-01
8.111111111111111160e-01
7.277777777777778567e-01
6.555555555555555580e-01
5.944444444444444420e-01
5.444444444444445086e-01
5.055555555555555358e-01
4.777777777777778567e-01
4.611111111111111938e-01
4.555555555555556024e-01
4.611111111111111382e-01
4.777777777777778012e-01
5.055555555555555358e-01
5.444444444444443976e-01
5.944444444444443310e-01
6.555555555555555580e-01
7.277777777777776347e-01
8.111111111111108940e-01
9.055555555555555580e-01
1.011111111111110850e+00
1.127777777777777546e+00
1.255555555555555536e+00
1.394444444444443931e+00
1.544444444444444065e+00
1.705555555555555491e+00
1.611111111111111160e+00
1.450000000000000400e+00
1.299999999999999822e+00
1.161111111111111205e+00
1.033333333333333659e+00
9.166666666666668517e-01
8.111111111111111160e-01
7.166666666666667851e-01
6.333333333333335258e-01
5.611111111111111160e-01
5.000000000000001110e-01
4.500000000000001221e-01
4.111111111111112049e-01
3.833333333333334703e-01
3.666666666666668073e-01
3.611111111111112160e-01
3.666666666666667518e-01
3.833333333333334147e-01
4.111111111111112049e-01
4.500000000000000666e-01
5.000000000000000000e-01
5.611111111111111160e-01
6.333333333333333037e-01
7.166666666666665630e-01
8.111111111111111160e-01
9.166666666666664076e-01
1.033333333333333215e+00
1.161111111111111205e+00
1.299999999999999600e+00
1.449999999999999734e+00
1.611111111111111160e+00
1.527777777777777901e+00
1.366666666666667140e+00
1.216666666666666563e+00
1.077777777777777946e+00
9.500000000000001776e-01
8.333333333333334814e-01
7.277777777777778567e-01
6.333333333333335258e-01
5.500000000000001554e-01
4.777777777777779122e-01
4.166666666666667962e-01
3.666666666666668073e-01
3.277777777777778900e-01
3.000000000000001554e-01
2.833333333333334925e-01
2.777777777777779011e-01
2.833333333333334370e-01
3.000000000000000999e-01
3.277777777777778900e-01
3.666666666666667518e-01
4.166666666666666852e-01
4.777777777777779122e-01
5.500000000000000444e-01
6.333333333333333037e-01
7.277777777777778567e-01
8.333333333333330373e-01
9.499999999999999556e-01
1.077777777777777946e+00
1.216666666666666341e+00
1.366666666666666474e+00
1.527777777777777901e+00
1.455555555555555491e+00
1.294444444444444731e+00
1.144444444444444375e+00
1.005555555555555536e+00
8.777777777777779900e-01
7.611111111111112937e-01
6.555555555555555580e-01
5.611111111111111160e-01
4.777777777777779122e-01
4.055555555555556135e-01
3.444444444444444975e-01
2.944444444444445086e-01
2.555555555555555913e-01
2.277777777777778290e-01
2.111111111111111382e-01
2.055555555555555747e-01
2.111111111111111105e-01
2.277777777777777735e-01
2.555555555555555913e-01
2.944444444444444531e-01
3.444444444444443865e-01
4.055555555555556135e-01
4.777777777777777457e-01
5.611111111111108940e-01
6.555555555555555580e-01
7.611111111111108496e-01
8.777777777777775459e-01
1.005555555555555536e+00
1.144444444444443931e+00
1.294444444444444065e+00
1.455555555555555491e+00
1.394444444444444375e+00
1.233333333333333615e+00
1.083333333333333259e+00
9.444444444444445308e-01
8.166666666666668739e-01
7.000000000000001776e-01
5.944444444444444420e-01
5.000000000000001110e-01
4.166666666666667962e-01
3.444444444444444975e-01
2.833333333333334370e-01
2.333333333333333925e-01
1.944444444444445030e-01
1.666666666666667407e-01
1.500000000000000500e-01
1.444444444444444864e-01
1.500000000000000222e-01
1.666666666666666574e-01
1.944444444444445030e-01
2.333333333333333370e-01
2.833333333333333259e-01
3.444444444444444975e-01
4.166666666666666852e-01
4.999999999999999445e-01
5.944444444444444420e-01
6.999999999999997335e-01
8.166666666666665408e-01
9.444444444444445308e-01
1.083333333333332815e+00
1.233333333333332948e+00
1.394444444444444375e+00
1.344444444444444553e+00
1.183333333333333570e+00
1.033333333333333215e+00
8.944444444444444864e-01
7.666666666666668295e-01
6.500000000000001332e-01
5.444444444444445086e-01
4.500000000000001221e-01
3.666666666666668073e-01
2.944444444444445086e-01
2.333333333333333925e-01
1.833333333333333759e-01
1.444444444444444586e-01
1.166666666666667240e-01
1.000000000000000611e-01
9.444444444444448361e-02
1.000000000000000333e-01
1.166666666666666685e-01
1.444444444444444586e-01
1.833333333333333204e-01
2.333333333333332815e-01
2.944444444444445086e-01
3.666666666666666408e-01
4.499999999999999001e-01
5.444444444444445086e-01
6.499999999999996891e-01
7.666666666666664964e-01
8.944444444444444864e-01
1.033333333333332771e+00
1.183333333333333126e+00
1.344444444444444553e+00
1.305555555555555580e+00
1.144444444444444819e+00
9.944444444444443532e-01
8.555555555555556246e-01
7.277777777777779677e-01
6.111111111111112715e-01
5.055555555555555358e-01
4.111111111111112049e-01
3.277777777777778900e-01
2.555555555555555913e-01
1.944444444444445030e-01
1.444444444444444586e-01
1.055555555555555830e-01
7.777777777777782064e-02
6.111111111111115768e-02
5.555555555555558023e-02
6.111111111111112992e-02
7.777777777777776513e-02
1.055555555555555830e-01
1.444444444444444031e-01
1.944444444444443920e-01
2.555555555555555913e-01
3.277777777777777235e-01
4.111111111111109828e-01
5.055555555555555358e-01
6.111111111111108274e-01
7.277777777777776347e-01
8.555555555555556246e-01
9.944444444444440201e-01
1.144444444444444153e+00
1.305555555555555580e+00
1.277777777777777679e+00
1.116666666666666918e+00
9.666666666666665630e-01
8.277777777777778345e-01
7.000000000000001776e-01
5.833333333333334814e-01
4.777777777777778567e-01
3.833333333333334703e-01
3.000000000000001554e-01
2.277777777777778290e-01
1.666666666666667407e-01
1.166666666666667240e-01
7.777777777777782064e-02
5.000000000000006523e-02
3.333333333333339532e-02
2.777777777777781787e-02
3.333333333333336757e-02
5.000000000000000278e-02
7.777777777777782064e-02
1.166666666666666685e-01
1.666666666666666297e-01
2.277777777777778290e-01
2.999999999999999889e-01
3.833333333333332482e-01
4.777777777777778567e-01
5.833333333333330373e-01
6.999999999999998446e-01
8.277777777777778345e-01
9.666666666666662300e-01
1.116666666666666252e+00
1.277777777777777679e+00
1.261111111111111072e+00
1.100000000000000311e+00
9.499999999999998446e-01
8.111111111111111160e-01
6.833333333333334592e-01
5.666666666666667629e-01
4.611111111111111938e-01
3.666666666666668073e-01
2.833333333333334925e-01
2.111111111111111382e-01
1.500000000000000500e-01
1.000000000000000611e-01
6.111111111111115768e-02
3.333333333333339532e-02
1.666666666666672542e-02
1.111111111111115143e-02
1.666666666666669766e-02
3.333333333333333981e-02
6.111111111111115768e-02
1.000000000000000056e-01
1.499999999999999389e-01
2.111111111111111382e-01
2.833333333333333259e-01
3.666666666666665853e-01
4.611111111111111938e-01
5.666666666666663188e-01
6.833333333333331261e-01
8.111111111111111160e-01
9.499999999999995115e-01
1.099999999999999645e+00
1.261111111111111072e+00
1.255555555555555536e+00
1.094444444444444775e+00
9.444444444444443088e-01
8.055555555555555802e-01
6.777777777777779233e-01
5.611111111111112271e-01
4.555555555555556024e-01
3.611111111111112160e-01
2.777777777777779011e-01
2.055555555555555747e-01
1.444444444444444864e-01
9.444444444444448361e-02
5.555555555555558023e-02
2.777777777777781787e-02
1.111111111111115143e-02
5.555555555555575717e-03
1.111111111111112194e-02
2.777777777777776236e-02
5.555555555555558023e-02
9.444444444444442810e-02
1.444444444444443754e-01
2.055555555555555747e-01
2.777777777777777346e-01
3.611111111111109939e-01
4.555555555555556024e-01
5.611111111111107830e-01
6.777777777777775903e-01
8.055555555555555802e-01
9.444444444444439757e-01
1.094444444444444109e+00
1.255555555555555536e+00
1.261111111111111072e+00
1.100000000000000311e+00
9.499999999999998446e-01
8.111111111111111160e-01
6.833333333333334592e-01
5.666666666666667629e-01
4.611111111111111382e-01
3.666666666666667518e-01
2.833333333333334370e-01
2.111111111111111105e-01
1.500000000000000222e-01
1.000000000000000333e-01
6.111111111111112992e-02
3.333333333333336757e-02
1.666666666666669766e-02
1.111111111111112194e-02
1.666666666666666990e-02
3.333333333333330512e-02
6.111111111111112992e-02
9.999999999999997780e-02
1.499999999999999112e-01
2.111111111111111105e-01
2.833333333333332704e-01
3.666666666666665297e-01
4.611111111111111382e-01
5.666666666666663188e-01
6.833333333333331261e-01
8.111111111111111160e-01
9.499999999999995115e-01
1.099999999999999645e+00
1.261111111111111072e+00
1.277777777777777679e+00
1.116666666666666918e+00
9.666666666666664520e-01
8.277777777777777235e-01
7.000000000000000666e-01
5.833333333333333703e-01
4.777777777777778012e-01
3.833333333333334147e-01
3.000000000000000999e-01
2.277777777777777735e-01
1.666666666666666574e-01
1.166666666666666685e-01
7.777777777777776513e-02
5.000000000000000278e-02
3.333333333333333981e-02
2.777777777777776236e-02
3.333333333333330512e-02
4.999999999999994726e-02
7.777777777777776513e-02
1.166666666666666130e-01
1.666666666666665464e-01
2.277777777777777735e-01
2.999999999999999334e-01
3.833333333333331927e-01
4.777777777777778012e-01
5.833333333333329263e-01
6.999999999999997335e-01
8.277777777777777235e-01
9.666666666666661190e-01
1.116666666666666252e+00
1.277777777777777679e+00
1.305555555555555580e+00
1.144444444444444819e+00
9.944444444444443532e-01
8.555555555555556246e-01
7.277777777777779677e-01
6.111111111111112715e-01
5.055555555555555358e-01
4.111111111111112049e-01
3.277777777777778900e-01
2.555555555555555913e-01
1.944444444444445030e-01
1.444444444444444586e-01
1.055555555555555830e-01
7.777777777777782064e-02
6.111111111111115768e-02
5.555555555555558023e-02
6.111111111111112992e-02
7.777777777777776513e-02
1.055555555555555830e-01
1.444444444444444031e-01
1.944444444444443920e-01
2.555555555555555913e-01
3.277777777777777235e-01
4.111111111111109828e-01
5.055555555555555358e-01
6.111111111111108274e-01
7.277777777777776347e-01
8.555555555555556246e-01
9.944444444444440201e-01
1.144444444444444153e+00
1.305555555555555580e+00
1.344444444444444331e+00
1.183333333333333570e+00
1.033333333333333215e+00
8.944444444444443754e-01
7.666666666666668295e-01
6.500000000000001332e-01
5.444444444444443976e-01
4.500000000000000666e-01
3.666666666666667518e-01
2.944444444444444531e-01
2.333333333333333370e-01
1.833333333333333204e-01
1.444444444444444031e-01
1.166666666666666685e-01
1.000000000000000056e-01
9.444444444444442810e-02
9.999999999999997780e-02
1.166666666666666130e-01
1.444444444444444031e-01
1.833333333333332649e-01
2.333333333333332260e-01
2.944444444444444531e-01
3.666666666666665853e-01
4.499999999999998446e-01
5.444444444444443976e-01
6.499999999999996891e-01
7.666666666666663854e-01
8.944444444444443754e-01
1.033333333333332771e+00
1.183333333333332904e+00
1.344444444444444331e+00
1.394444444444444375e+00
1.233333333333333615e+00
1.083333333333333037e+00
9.444444444444444198e-01
8.166666666666667629e-01
7.000000000000000666e-01
5.944444444444443310e-01
5.000000000000000000e-01
4.166666666666666852e-01
3.444444444444443865e-01
2.833333333333333259e-01
2.333333333333332815e-01
1.944444444444443920e-01
1.666666666666666297e-01
1.499999999999999389e-01
1.444444444444443754e-01
1.499999999999999112e-01
1.666666666666665464e-01
1.944444444444443920e-01
2.333333333333332260e-01
2.833333333333332149e-01
3.444444444444443865e-01
4.166666666666665741e-01
4.999999999999998335e-01
5.944444444444443310e-01
6.999999999999996225e-01
8.166666666666664298e-01
9.444444444444444198e-01
1.083333333333332815e+00
1.233333333333332948e+00
1.394444444444444375e+00
1.455555555555555491e+00
1.294444444444444731e+00
1.144444444444444375e+00
1.005555555555555536e+00
8.777777777777779900e-01
7.611111111111112937e-01
6.555555555555555580e-01
5.611111111111111160e-01
4.777777777777779122e-01
4.055555555555556135e-01
3.444444444444444975e-01
2.944444444444445086e-01
2.555555555555555913e-01
2.277777777777778290e-01
2.111111111111111382e-01
2.055555555555555747e-01
2.111111111111111105e-01
2.277777777777777735e-01
2.555555555555555913e-01
2.944444444444444531e-01
3.444444444444443865e-01
4.055555555555556135e-01
4.777777777777777457e-01
5.611111111111108940e-01
6.555555555555555580e-01
7.611111111111108496e-01
8.777777777777775459e-01
1.005555555555555536e+00
1.144444444444443931e+00
1.294444444444444065e+00
1.455555555555555491e+00
1.527777777777777679e+00
1.366666666666666918e+00
1.216666666666666341e+00
1.077777777777777724e+00
9.500000000000000666e-01
8.333333333333333703e-01
7.277777777777776347e-01
6.333333333333333037e-01
5.500000000000000444e-01
4.777777777777777457e-01
4.166666666666666852e-01
3.666666666666666408e-01
3.277777777777777235e-01
2.999999999999999889e-01
2.833333333333333259e-01
2.777777777777777346e-01
2.833333333333332704e-01
2.999999999999999334e-01
3.277777777777777235e-01
3.666666666666665853e-01
4.166666666666665741e-01
4.777777777777777457e-01
5.499999999999998224e-01
6.333333333333330817e-01
7.277777777777776347e-01
8.333333333333329263e-01
9.499999999999997335e-01
1.077777777777777724e+00
1.216666666666666119e+00
1.366666666666666252e+00
1.527777777777777679e+00
1.611111111111110938e+00
1.450000000000000178e+00
1.299999999999999822e+00
1.161111111111110983e+00
1.033333333333333215e+00
9.166666666666666297e-01
8.111111111111108940e-01
7.166666666666665630e-01
6.333333333333333037e-01
5.611111111111108940e-01
4.999999999999999445e-01
4.499999999999999001e-01
4.111111111111109828e-01
3.833333333333332482e-01
3.666666666666665853e-01
3.611111111111109939e-01
3.666666666666665297e-01
3.833333333333331927e-01
4.111111111111109828e-01
4.499999999999998446e-01
4.999999999999998335e-01
5.611111111111108940e-01
6.333333333333330817e-01
7.166666666666663410e-01
8.111111111111108940e-01
9.166666666666661856e-01
1.033333333333332993e+00
1.161111111111110983e+00
1.299999999999999378e+00
1.449999999999999512e+00
1.611111111111110938e+00
1.705555555555555491e+00
1.544444444444444731e+00
1.394444444444444375e+00
1.255555555555555536e+00
1.127777777777777990e+00
1.011111111111111294e+00
9.055555555555555580e-01
8.111111111111111160e-01
7.277777777777778567e-01
6.555555555555555580e-01
5.944444444444444420e-01
5.444444444444445086e-01
5.055555555555555358e-01
4.777777777777778567e-01
4.611111111111111938e-01
4.555555555555556024e-01
4.611111111111111382e-01
4.777777777777778012e-01
5.055555555555555358e-01
5.444444444444443976e-01
5.944444444444443310e-01
6.555555555555555580e-01
7.277777777777776347e-01
8.111111111111108940e-01
9.055555555555555580e-01
1.011111111111110850e+00
1.127777777777777546e+00
1.255555555555555536e+00
1.394444444444443931e+00
1.544444444444444065e+00
1.705555555555555491e+00
1.811111111111110894e+00
1.649999999999999911e+00
1.499999999999999556e+00
1.361111111111110716e+00
1.233333333333333171e+00
1.116666666666666474e+00
1.011111111111110850e+00
9.166666666666664076e-01
8.333333333333330373e-01
7.611111111111108496e-01
6.999999999999997335e-01
6.499999999999996891e-01
6.111111111111108274e-01
5.833333333333330373e-01
5.666666666666663188e-01
5.611111111111107830e-01
5.666666666666663188e-01
5.833333333333329263e-01
6.111111111111108274e-01
6.499999999999996891e-01
6.999999999999996225e-01
7.611111111111108496e-01
8.333333333333329263e-01
9.166666666666661856e-01
1.011111111111110850e+00
1.116666666666666030e+00
1.233333333333332948e+00
1.361111111111110716e+00
1.499999999999999112e+00
1.649999999999999467e+00
1.811111111111110894e+00
1.927777777777777590e+00
1.766666666666666829e+00
1.616666666666666252e+00
1.477777777777777635e+00
1.350000000000000089e+00
1.233333333333333393e+00
1.127777777777777546e+00
1.033333333333333215e+00
9.499999999999999556e-01
8.777777777777775459e-01
8.166666666666665408e-01
7.666666666666664964e-01
7.277777777777776347e-01
6.999999999999998446e-01
6.833333333333331261e-01
6.777777777777775903e-01
6.833333333333331261e-01
6.999999999999997335e-01
7.277777777777776347e-01
7.666666666666663854e-01
8.166666666666664298e-01
8.777777777777775459e-01
9.499999999999997335e-01
1.033333333333332993e+00
1.127777777777777546e+00
1.233333333333332948e+00
1.349999999999999645e+00
1.477777777777777635e+00
1.616666666666666030e+00
1.766666666666666163e+00
1.927777777777777590e+00
2.055555555555555358e+00
1.894444444444444819e+00
1.744444444444444464e+00
1.605555555555555625e+00
1.477777777777777857e+00
1.361111111111111160e+00
1.255555555555555536e+00
1.161111111111111205e+00
1.077777777777777946e+00
1.005555555555555536e+00
9.444444444444445308e-01
8.944444444444444864e-01
8.555555555555556246e-01
8.277777777777778345e-01
8.111111111111111160e-01
8.055555555555555802e-01
8.111111111111111160e-01
8.277777777777777235e-01
8.555555555555556246e-01
8.944444444444443754e-01
9.444444444444444198e-01
1.005555555555555536e+00
1.077777777777777724e+00
1.161111111111110983e+00
1.255555555555555536e+00
1.361111111111110716e+00
1.477777777777777635e+00
1.605555555555555625e+00
1.744444444444444020e+00
1.894444444444444153e+00
2.055555555555555358e+00
2.194444444444443754e+00
2.033333333333333215e+00
1.883333333333332860e+00
1.744444444444444020e+00
1.616666666666666252e+00
1.499999999999999556e+00
1.394444444444443931e+00
1.299999999999999600e+00
1.216666666666666341e+00
1.144444444444443931e+00
1.083333333333332815e+00
1.033333333333332771e+00
9.944444444444440201e-01
9.666666666666662300e-01
9.499999999999995115e-01
9.444444444444439757e-01
9.499999999999995115e-01
9.666666666666661190e-01
9.944444444444440201e-01
1.033333333333332771e+00
1.083333333333332815e+00
1.144444444444443931e+00
1.216666666666666119e+00
1.299999999999999378e+00
1.394444444444443931e+00
1.499999999999999112e+00
1.616666666666666030e+00
1.744444444444444020e+00
1.883333333333332416e+00
2.033333333333332327e+00
2.194444444444443754e+00
2.344444444444444109e+00
2.183333333333333570e+00
2.033333333333332771e+00
1.894444444444444153e+00
1.766666666666666607e+00
1.649999999999999911e+00
1.544444444444444065e+00
1.449999999999999734e+00
1.366666666666666474e+00
1.294444444444444065e+00
1.233333333333332948e+00
1.183333333333333126e+00
1.144444444444444153e+00
1.116666666666666252e+00
1.099999999999999645e+00
1.094444444444444109e+00
1.099999999999999645e+00
1.116666666666666252e+00
1.144444444444444153e+00
1.183333333333332904e+00
1.233333333333332948e+00
1.294444444444444065e+00
1.366666666666666252e+00
1.449999999999999512e+00
1.544444444444444065e+00
1.649999999999999467e+00
1.766666666666666163e+00
1.894444444444444153e+00
2.033333333333332327e+00
2.183333333333332682e+00
2.344444444444444109e+00
2.505555555555555536e+00
2.344444444444444997e+00
2.194444444444444198e+00
2.055555555555555358e+00
1.927777777777778034e+00
1.811111111111111338e+00
1.705555555555555491e+00
1.611111111111111160e+00
1.527777777777777901e+00
1.455555555555555491e+00
1.394444444444444375e+00
1.344444444444444553e+00
1.305555555555555580e+00
1.277777777777777679e+00
1.261111111111111072e+00
1.255555555555555536e+00
1.261111111111111072e+00
1.277777777777777679e+00
1.305555555555555580e+00
1.344444444444444331e+00
1.394444444444444375e+00
1.455555555555555491e+00
1.527777777777777679e+00
1.611111111111110938e+00
1.705555555555555491e+00
1.811111111111110894e+00
1.927777777777777590e+00
2.055555555555555358e+00
2.194444444444443754e+00
2.344444444444444109e+00
2.505555555555555536e+00
2.500000000000000000e+00
2.338888888888889461e+00
2.188888888888888662e+00
2.049999999999999822e+00
1.922222222222222499e+00
1.805555555555555802e+00
1.699999999999999956e+00
1.605555555555555625e+00
1.522222222222222365e+00
1.449999999999999956e+00
1.388888888888888840e+00
1.338888888888889017e+00
1.300000000000000044e+00
1.272222222222222143e+00
1.255555555555555536e+00
1.250000000000000000e+00
1.255555555555555536e+00
1.272222222222222143e+00
1.300000000000000044e+00
1.338888888888888795e+00
1.388888888888888840e+00
1.449999999999999956e+00
1.522222222222222143e+00
1.605555555555555403e+00
1.699999999999999956e+00
1.805555555555555358e+00
1.922222222222222054e+00
2.049999999999999822e+00
2.188888888888888218e+00
2.338888888888888573e+00
2.500000000000000000e+00
2.338888888888889461e+00
2.177777777777778478e+00
2.027777777777778123e+00
1.888888888888889284e+00
1.761111111111111516e+00
1.644444444444444819e+00
1.538888888888889195e+00
1.444444444444444864e+00
1.361111111111111605e+00
1.288888888888889195e+00
1.227777777777778079e+00
1.177777777777778034e+00
1.138888888888889284e+00
1.111111111111111382e+00
1.094444444444444775e+00
1.088888888888889239e+00
1.094444444444444775e+00
1.111111111111111382e+00
1.138888888888889284e+00
1.177777777777778034e+00
1.227777777777778079e+00
1.288888888888889195e+00
1.361111111111111382e+00
1.444444444444444642e+00
1.538888888888889195e+00
1.644444444444444375e+00
1.761111111111111294e+00
1.888888888888889284e+00
2.027777777777777679e+00
2.177777777777778034e+00
2.338888888888889461e+00
2.188888888888888662e+00
2.027777777777778123e+00
1.877777777777777546e+00
1.738888888888888928e+00
1.611111111111111160e+00
1.494444444444444464e+00
1.388888888888888840e+00
1.294444444444444287e+00
1.211111111111111027e+00
1.138888888888888840e+00
1.077777777777777724e+00
1.027777777777777679e+00
9.888888888888888173e-01
9.611111111111110272e-01
9.444444444444443088e-01
9.388888888888887729e-01
9.444444444444443088e-01
9.611111111111109162e-01
9.888888888888888173e-01
1.027777777777777679e+00
1.077777777777777501e+00
1.138888888888888840e+00
1.211111111111110805e+00
1.294444444444444287e+00
1.388888888888888840e+00
1.494444444444444020e+00
1.611111111111110716e+00
1.738888888888888928e+00
1.877777777777777324e+00
2.027777777777777235e+00
2.188888888888888662e+00
2.049999999999999822e+00
1.888888888888889284e+00
1.738888888888888928e+00
1.600000000000000089e+00
1.472222222222222321e+00
1.355555555555555625e+00
1.250000000000000000e+00
1.155555555555555669e+00
1.072222222222222410e+00
1.000000000000000000e+00
9.388888888888889950e-01
8.888888888888889506e-01
8.500000000000000888e-01
8.222222222222222987e-01
8.055555555555555802e-01
8.000000000000000444e-01
8.055555555555555802e-01
8.222222222222221877e-01
8.500000000000000888e-01
8.888888888888888395e-01
9.388888888888888840e-01
1.000000000000000000e+00
1.072222222222222188e+00
1.155555555555555447e+00
1.250000000000000000e+00
1.355555555555555181e+00
1.472222222222222099e+00
1.600000000000000089e+00
1.738888888888888484e+00
1.888888888888888618e+00
2.049999999999999822e+00
1.922222222222222499e+00
1.761111111111111516e+00
1.611111111111111160e+00
1.472222222222222321e+00
1.344444444444444775e+00
1.227777777777778079e+00
1.122222222222222454e+00
1.027777777777778123e+00
9.444444444444446418e-01
8.722222222222224541e-01
8.111111111111113381e-01
7.611111111111112937e-01
7.222222222222224319e-01
6.944444444444446418e-01
6.777777777777779233e-01
6.722222222222223875e-01
6.777777777777779233e-01
6.944444444444445308e-01
7.222222222222224319e-01
7.611111111111112937e-01
8.111111111111112271e-01
8.722222222222224541e-01
9.444444444444445308e-01
1.027777777777777679e+00
1.122222222222222454e+00
1.227777777777777635e+00
1.344444444444444553e+00
1.472222222222222321e+00
1.611111111111110716e+00
1.761111111111111072e+00
1.922222222222222499e+00
1.805555555555555802e+00
1.644444444444444819e+00
1.494444444444444464e+00
1.355555555555555625e+00
1.227777777777778079e+00
1.111111111111111382e+00
1.005555555555555758e+00
9.111111111111113159e-01
8.277777777777779455e-01
7.555555555555557579e-01
6.944444444444446418e-01
6.444444444444445974e-01
6.055555555555557357e-01
5.777777777777779455e-01
5.611111111111112271e-01
5.555555555555556912e-01
5.611111111111112271e-01
5.777777777777778345e-01
6.055555555555557357e-01
6.444444444444445974e-01
6.944444444444445308e-01
7.555555555555557579e-01
8.277777777777778345e-01
9.111111111111110938e-01
1.005555555555555758e+00
1.111111111111110938e+00
1.227777777777777857e+00
1.355555555555555625e+00
1.494444444444444020e+00
1.644444444444444375e+00
1.805555555555555802e+00
1.699999999999999956e+00
1.538888888888889195e+00
1.388888888888888840e+00
1.250000000000000000e+00
1.122222222222222454e+00
1.005555555555555758e+00
9.000000000000000222e-01
8.055555555555555802e-01
7.222222222222223209e-01
6.500000000000000222e-01
5.888888888888889062e-01
5.388888888888889728e-01
5.000000000000000000e-01
4.722222222222222654e-01
4.555555555555556024e-01
4.500000000000000111e-01
4.555555555555555469e-01
4.722222222222222099e-01
5.000000000000000000e-01
5.388888888888888618e-01
5.888888888888887951e-01
6.500000000000000222e-01
7.222222222222220989e-01
8.055555555555553582e-01
9.000000000000000222e-01
1.005555555555555314e+00
1.122222222222222010e+00
1.250000000000000000e+00
1.388888888888888395e+00
1.538888888888888529e+00
1.699999999999999956e+00
1.605555555555555625e+00
1.444444444444444864e+00
1.294444444444444287e+00
1.155555555555555669e+00
1.027777777777778123e+00
9.111111111111113159e-01
8.055555555555555802e-01
7.111111111111112493e-01
6.277777777777779900e-01
5.555555555555555802e-01
4.944444444444445752e-01
4.444444444444445308e-01
4.055555555555556135e-01
3.777777777777778789e-01
3.611111111111112160e-01
3.555555555555556246e-01
3.611111111111111605e-01
3.777777777777778234e-01
4.055555555555556135e-01
4.444444444444444753e-01
4.944444444444444642e-01
5.555555555555555802e-01
6.277777777777777679e-01
7.111111111111110272e-01
8.055555555555555802e-01
9.111111111111108718e-01
1.027777777777777679e+00
1.155555555555555669e+00
1.294444444444444065e+00
1.444444444444444198e+00
1.605555555555555625e+00
1.522222222222222365e+00
1.361111111111111605e+00
1.211111111111111027e+00
1.072222222222222410e+00
9.444444444444446418e-01
8.277777777777779455e-01
7.222222222222223209e-01
6.277777777777779900e-01
5.444444444444446196e-01
4.722222222222223209e-01
4.111111111111112049e-01
3.611111111111112160e-01
3.222222222222222987e-01
2.944444444444445641e-01
2.777777777777779011e-01
2.722222222222223098e-01
2.777777777777778456e-01
2.944444444444445086e-01
3.222222222222222987e-01
3.611111111111111605e-01
4.111111111111110938e-01
4.722222222222223209e-01
5.444444444444445086e-01
6.277777777777777679e-01
7.222222222222223209e-01
8.277777777777775015e-01
9.444444444444444198e-01
1.072222222222222410e+00
1.211111111111110805e+00
1.361111111111110938e+00
1.522222222222222365e+00
1.449999999999999956e+00
1.288888888888889195e+00
1.138888888888888840e+00
1.000000000000000000e+00
8.722222222222224541e-01
7.555555555555557579e-01
6.500000000000000222e-01
5.555555555555555802e-01
4.722222222222223209e-01
4.000000000000000222e-01
3.388888888888889062e-01
2.888888888888889173e-01
2.500000000000000000e-01
2.222222222222222654e-01
2.055555555555555747e-01
2.000000000000000111e-01
2.055555555555555469e-01
2.222222222222222099e-01
2.500000000000000000e-01
2.888888888888888618e-01
3.388888888888887951e-01
4.000000000000000222e-01
4.722222222222221544e-01
5.555555555555553582e-01
6.500000000000000222e-01
7.555555555555553138e-01
8.722222222222220100e-01
1.000000000000000000e+00
1.138888888888888395e+00
1.288888888888888529e+00
1.449999999999999956e+00
1.388888888888888840e+00
1.227777777777778079e+00
1.077777777777777724e+00
9.388888888888889950e-01
8.111111111111113381e-01
6.944444444444446418e-01
5.888888888888889062e-01
4.944444444444445752e-01
4.111111111111112049e-01
3.388888888888889062e-01
2.777777777777778456e-01
2.277777777777778290e-01
1.888888888888889395e-01
1.611111111111111771e-01
1.444444444444444864e-01
1.388888888888889228e-01
1.444444444444444586e-01
1.611111111111110938e-01
1.888888888888889395e-01
2.277777777777777735e-01
2.777777777777777346e-01
3.388888888888889062e-01
4.111111111111110938e-01
4.944444444444443532e-01
5.888888888888889062e-01
6.944444444444441977e-01
8.111111111111110050e-01
9.388888888888889950e-01
1.077777777777777279e+00
1.227777777777777413e+00
1.388888888888888840e+00
1.338888888888889017e+00
1.177777777777778034e+00
1.027777777777777679e+00
8.888888888888889506e-01
7.611111111111112937e-01
6.444444444444445974e-01
5.388888888888889728e-01
4.444444444444445308e-01
3.611111111111112160e-01
2.888888888888889173e-01
2.277777777777778290e-01
1.777777777777778123e-01
1.388888888888888951e-01
1.111111111111111466e-01
9.444444444444448361e-02
8.888888888888890616e-02
9.444444444444445586e-02
1.111111111111110911e-01
1.388888888888888951e-01
1.777777777777777568e-01
2.277777777777777179e-01
2.888888888888889173e-01
3.611111111111110494e-01
4.444444444444443088e-01
5.388888888888889728e-01
6.444444444444441533e-01
7.611111111111109606e-01
8.888888888888889506e-01
1.027777777777777235e+00
1.177777777777777590e+00
1.338888888888889017e+00
1.300000000000000044e+00
1.138888888888889284e+00
9.888888888888888173e-01
8.500000000000000888e-01
7.222222222222224319e-01
6.055555555555557357e-01
5.000000000000000000e-01
4.055555555555556135e-01
3.222222222222222987e-01
2.500000000000000000e-01
1.888888888888889395e-01
1.388888888888888951e-01
1.000000000000000056e-01
7.222222222222224319e-02
5.555555555555558023e-02
5.000000000000000278e-02
5.555555555555555247e-02
7.222222222222218768e-02
1.000000000000000056e-01
1.388888888888888395e-01
1.888888888888888284e-01
2.500000000000000000e-01
3.222222222222221322e-01
4.055555555555553915e-01
5.000000000000000000e-01
6.055555555555552916e-01
7.222222222222220989e-01
8.500000000000000888e-01
9.888888888888884843e-01
1.138888888888888618e+00
1.300000000000000044e+00
1.272222222222222143e+00
1.111111111111111382e+00
9.611111111111110272e-01
8.222222222222222987e-01
6.944444444444446418e-01
5.777777777777779455e-01
4.722222222222222654e-01
3.777777777777778789e-01
2.944444444444445641e-01
2.222222222222222654e-01
1.611111111111111771e-01
1.111111111111111466e-01
7.222222222222224319e-02
4.444444444444448777e-02
2.777777777777781787e-02
2.222222222222224389e-02
2.777777777777779011e-02
4.444444444444442532e-02
7.222222222222224319e-02
1.111111111111110911e-01
1.611111111111110661e-01
2.222222222222222654e-01
2.944444444444443976e-01
3.777777777777776569e-01
4.722222222222222654e-01
5.777777777777775015e-01
6.944444444444443088e-01
8.222222222222222987e-01
9.611111111111106942e-01
1.111111111111110716e+00
1.272222222222222143e+00
1.255555555555555536e+00
1.094444444444444775e+00
9.444444444444443088e-01
8.055555555555555802e-01
6.777777777777779233e-01
5.611111111111112271e-01
4.555555555555556024e-01
3.611111111111112160e-01
2.777777777777779011e-01
2.055555555555555747e-01
1.444444444444444864e-01
9.444444444444448361e-02
5.555555555555558023e-02
2.777777777777781787e-02
1.111111111111115143e-02
5.555555555555575717e-03
1.111111111111112194e-02
2.777777777777776236e-02
5.555555555555558023e-02
9.444444444444442810e-02
1.444444444444443754e-01
2.055555555555555747e-01
2.777777777777777346e-01
3.611111111111109939e-01
4.555555555555556024e-01
5.611111111111107830e-01
6.777777777777775903e-01
8.055555555555555802e-01
9.444444444444439757e-01
1.094444444444444109e+00
1.255555555555555536e+00
1.250000000000000000e+00
1.088888888888889239e+00
9.388888888888887729e-01
8.000000000000000444e-01
6.722222222222223875e-01
5.555555555555556912e-01
4.500000000000000111e-01
3.555555555555556246e-01
2.722222222222223098e-01
2.000000000000000111e-01
1.388888888888889228e-01
8.888888888888890616e-02
5.000000000000000278e-02
2.222222222222224389e-02
5.555555555555575717e-03
0.000000000000000000e+00
5.555555555555546227e-03
2.222222222222218491e-02
5.000000000000000278e-02
8.888888888888885065e-02
1.388888888888888118e-01
2.000000000000000111e-01
2.722222222222221433e-01
3.555555555555554026e-01
4.500000000000000111e-01
5.555555555555552472e-01
6.722222222222220545e-01
8.000000000000000444e-01
9.388888888888884399e-01
1.088888888888888573e+00
1.250000000000000000e+00
1.255555555555555536e+00
1.094444444444444775e+00
9.444444444444443088e-01
8.055555555555555802e-01
6.777777777777779233e-01
5.611111111111112271e-01
4.555555555555555469e-01
3.611111111111111605e-01
2.777777777777778456e-01
2.055555555555555469e-01
1.444444444444444586e-01
9.444444444444445586e-02
5.555555555555555247e-02
2.777777777777779011e-02
1.111111111111112194e-02
5.555555555555546227e-03
1.111111111111109245e-02
2.777777777777773113e-02
5.555555555555555247e-02
9.444444444444440034e-02
1.444444444444443476e-01
2.055555555555555469e-01
2.777777777777776791e-01
3.611111111111109384e-01
4.555555555555555469e-01
5.611111111111107830e-01
6.777777777777775903e-01
8.055555555555555802e-01
9.444444444444439757e-01
1.094444444444444109e+00
1.255555555555555536e+00
1.272222222222222143e+00
1.111111111111111382e+00
9.611111111111109162e-01
8.222222222222221877e-01
6.944444444444445308e-01
5.777777777777778345e-01
4.722222222222222099e-01
3.777777777777778234e-01
2.944444444444445086e-01
2.222222222222222099e-01
1.611111111111110938e-01
1.111111111111110911e-01
7.222222222222218768e-02
4.444444444444442532e-02
2.777777777777776236e-02
2.222222222222218491e-02
2.777777777777773113e-02
4.444444444444436981e-02
7.222222222222218768e-02
1.111111111111110356e-01
1.611111111111109828e-01
2.222222222222222099e-01
2.944444444444443421e-01
3.777777777777776014e-01
4.722222222222222099e-01
5.777777777777773904e-01
6.944444444444441977e-01
8.222222222222221877e-01
9.611111111111105831e-01
1.111111111111110716e+00
1.272222222222222143e+00
1.300000000000000044e+00
1.138888888888889284e+00
9.888888888888888173e-01
8.500000000000000888e-01
7.222222222222224319e-01
6.055555555555557357e-01
5.000000000000000000e-01
4.055555555555556135e-01
3.222222222222222987e-01
2.500000000000000000e-01
1.888888888888889395e-01
1.388888888888888951e-01
1.000000000000000056e-01
7.222222222222224319e-02
5.555555555555558023e-02
5.000000000000000278e-02
5.555555555555555247e-02
7.222222222222218768e-02
1.000000000000000056e-01
1.388888888888888395e-01
1.888888888888888284e-01
2.500000000000000000e-01
3.222222222222221322e-01
4.055555555555553915e-01
5.000000000000000000e-01
6.055555555555552916e-01
7.222222222222220989e-01
8.500000000000000888e-01
9.888888888888884843e-01
1.138888888888888618e+00
1.300000000000000044e+00
1.338888888888888795e+00
1.177777777777778034e+00
1.027777777777777679e+00
8.888888888888888395e-01
7.611111111111112937e-01
6.444444444444445974e-01
5.388888888888888618e-01
4.444444444444444753e-01
3.611111111111111605e-01
2.888888888888888618e-01
2.277777777777777735e-01
1.777777777777777568e-01
1.388888888888888395e-01
1.111111111111110911e-01
9.444444444444442810e-02
8.888888888888885065e-02
9.444444444444440034e-02
1.111111111111110356e-01
1.388888888888888395e-01
1.777777777777777013e-01
2.277777777777776624e-01
2.888888888888888618e-01
3.611111111111109939e-01
4.444444444444442532e-01
5.388888888888888618e-01
6.444444444444441533e-01
7.611111111111108496e-01
8.888888888888888395e-01
1.027777777777777235e+00
1.177777777777777368e+00
1.338888888888888795e+00
1.388888888888888840e+00
1.227777777777778079e+00
1.077777777777777501e+00
9.388888888888888840e-01
8.111111111111112271e-01
6.944444444444445308e-01
5.888888888888887951e-01
4.944444444444444642e-01
4.111111111111110938e-01
3.388888888888887951e-01
2.777777777777777346e-01
2.277777777777777179e-01
1.888888888888888284e-01
1.611111111111110661e-01
1.444444444444443754e-01
1.388888888888888118e-01
1.444444444444443476e-01
1.611111111111109828e-01
1.888888888888888284e-01
2.277777777777776624e-01
2.777777777777776236e-01
3.388888888888887951e-01
4.111111111111109828e-01
4.944444444444442421e-01
5.888888888888887951e-01
6.944444444444440867e-01
8.111111111111108940e-01
9.388888888888888840e-01
1.077777777777777279e+00
1.227777777777777413e+00
1.388888888888888840e+00
1.449999999999999956e+00
1.288888888888889195e+00
1.138888888888888840e+00
1.000000000000000000e+00
8.722222222222224541e-01
7.555555555555557579e-01
6.500000000000000222e-01
5.555555555555555802e-01
4.722222222222223209e-01
4.000000000000000222e-01
3.388888888888889062e-01
2.888888888888889173e-01
2.500000000000000000e-01
2.222222222222222654e-01
2.055555555555555747e-01
2.000000000000000111e-01
2.055555555555555469e-01
2.222222222222222099e-01
2.500000000000000000e-01
2.888888888888888618e-01
3.388888888888887951e-01
4.000000000000000222e-01
4.722222222222221544e-01
5.555555555555553582e-01
6.500000000000000222e-01
7.555555555555553138e-01
8.722222222222220100e-01
1.000000000000000000e+00
1.138888888888888395e+00
1.288888888888888529e+00
1.449999999999999956e+00
1.522222222222222143e+00
1.361111111111111382e+00
1.211111111111110805e+00
1.072222222222222188e+00
9.444444444444445308e-01
8.277777777777778345e-01
7.222222222222220989e-01
6.277777777777777679e-01
5.444444444444445086e-01
4.722222222222221544e-01
4.111111111111110938e-01
3.611111111111110494e-01
3.222222222222221322e-01
2.944444444444443976e-01
2.777777777777777346e-01
2.722222222222221433e-01
2.777777777777776791e-01
2.944444444444443421e-01
3.222222222222221322e-01
3.611111111111109939e-01
4.111111111111109828e-01
4.722222222222221544e-01
5.444444444444442865e-01
6.277777777777775459e-01
7.222222222222220989e-01
8.277777777777773904e-01
9.444444444444441977e-01
1.072222222222222188e+00
1.211111111111110583e+00
1.361111111111110716e+00
1.522222222222222143e+00
1.605555555555555403e+00
1.444444444444444642e+00
1.294444444444444287e+00
1.155555555555555447e+00
1.027777777777777679e+00
9.111111111111110938e-01
8.055555555555553582e-01
7.111111111111110272e-01
6.277777777777777679e-01
5.555555555555553582e-01
4.944444444444443532e-01
4.444444444444443088e-01
4.055555555555553915e-01
3.777777777777776569e-01
3.611111111111109939e-01
3.555555555555554026e-01
3.611111111111109384e-01
3.777777777777776014e-01
4.055555555555553915e-01
4.444444444444442532e-01
4.944444444444442421e-01
5.555555555555553582e-01
6.277777777777775459e-01
7.111111111111108052e-01
8.055555555555553582e-01
9.111111111111106498e-01
1.027777777777777457e+00
1.155555555555555447e+00
1.294444444444443842e+00
1.444444444444443976e+00
1.605555555555555403e+00
1.699999999999999956e+00
1.538888888888889195e+00
1.388888888888888840e+00
1.250000000000000000e+00
1.122222222222222454e+00
1.005555555555555758e+00
9.000000000000000222e-01
8.055555555555555802e-01
7.222222222222223209e-01
6.500000000000000222e-01
5.888888888888889062e-01
5.388888888888889728e-01
5.000000000000000000e-01
4.722222222222222654e-01
4.555555555555556024e-01
4.500000000000000111e-01
4.555555555555555469e-01
4.722222222222222099e-01
5.000000000000000000e-01
5.388888888888888618e-01
5.888888888888887951e-01
6.500000000000000222e-01
7.222222222222220989e-01
8.055555555555553582e-01
9.000000000000000222e-01
1.005555555555555314e+00
1.122222222222222010e+00
1.250000000000000000e+00
1.388888888888888395e+00
1.538888888888888529e+00
1.699999999999999956e+00
1.805555555555555358e+00
1.644444444444444375e+00
1.494444444444444020e+00
1.355555555555555181e+00
1.227777777777777635e+00
1.111111111111110938e+00
1.005555555555555314e+00
9.111111111111108718e-01
8.277777777777775015e-01
7.555555555555553138e-01
6.944444444444441977e-01
6.444444444444441533e-01
6.055555555555552916e-01
5.777777777777775015e-01
5.611111111111107830e-01
5.555555555555552472e-01
5.611111111111107830e-01
5.777777777777773904e-01
6.055555555555552916e-01
6.444444444444441533e-01
6.944444444444440867e-01
7.555555555555553138e-01
8.277777777777773904e-01
9.111111111111106498e-01
1.005555555555555314e+00
1.111111111111110494e+00
1.227777777777777413e+00
1.355555555555555181e+00
1.494444444444443576e+00
1.644444444444443931e+00
1.805555555555555358e+00
1.922222222222222054e+00
1.761111111111111294e+00
1.611111111111110716e+00
1.472222222222222099e+00
1.344444444444444553e+00
1.227777777777777857e+00
1.122222222222222010e+00
1.027777777777777679e+00
9.444444444444444198e-01
8.722222222222220100e-01
8.111111111111110050e-01
7.611111111111109606e-01
7.222222222222220989e-01
6.944444444444443088e-01
6.777777777777775903e-01
6.722222222222220545e-01
6.777777777777775903e-01
6.944444444444441977e-01
7.222222222222220989e-01
7.611111111111108496e-01
8.111111111111108940e-01
8.722222222222220100e-01
9.444444444444441977e-01
1.027777777777777457e+00
1.122222222222222010e+00
1.227777777777777413e+00
1.344444444444444109e+00
1.472222222222222099e+00
1.611111111111110494e+00
1.761111111111110628e+00
1.922222222222222054e+00
2.049999999999999822e+00
1.888888888888889284e+00
1.738888888888888928e+00
1.600000000000000089e+00
1.472222222222222321e+00
1.355555555555555625e+00
1.250000000000000000e+00
1.155555555555555669e+00
1.072222222222222410e+00
1.000000000000000000e+00
9.388888888888889950e-01
8.888888888888889506e-01
8.500000000000000888e-01
8.222222222222222987e-01
8.055555555555555802e-01
8.000000000000000444e-01
8.055555555555555802e-01
8.222222222222221877e-01
8.500000000000000888e-01
8.888888888888888395e-01
9.388888888888888840e-01
1.000000000000000000e+00
1.072222222222222188e+00
1.155555555555555447e+00
1.250000000000000000e+00
1.355555555555555181e+00
1.472222222222222099e+00
1.600000000000000089e+00
1.738888888888888484e+00
1.888888888888888618e+00
2.049999999999999822e+00
2.188888888888888218e+00
2.027777777777777679e+00
1.877777777777777324e+00
1.738888888888888484e+00
1.611111111111110716e+00
1.494444444444444020e+00
1.388888888888888395e+00
1.294444444444444065e+00
1.211111111111110805e+00
1.138888888888888395e+00
1.077777777777777279e+00
1.027777777777777235e+00
9.888888888888884843e-01
9.611111111111106942e-01
9.444444444444439757e-01
9.388888888888884399e-01
9.444444444444439757e-01
9.611111111111105831e-01
9.888888888888884843e-01
1.027777777777777235e+00
1.077777777777777279e+00
1.138888888888888395e+00
1.211111111111110583e+00
1.294444444444443842e+00
1.388888888888888395e+00
1.494444444444443576e+00
1.611111111111110494e+00
1.738888888888888484e+00
1.877777777777776880e+00
2.027777777777776791e+00
2.188888888888888218e+00
2.338888888888888573e+00
2.177777777777778034e+00
2.027777777777777235e+00
1.888888888888888618e+00
1.761111111111111072e+00
1.644444444444444375e+00
1.538888888888888529e+00
1.444444444444444198e+00
1.361111111111110938e+00
1.288888888888888529e+00
1.227777777777777413e+00
1.177777777777777590e+00
1.138888888888888618e+00
1.111111111111110716e+00
1.094444444444444109e+00
1.088888888888888573e+00
1.094444444444444109e+00
1.111111111111110716e+00
1.138888888888888618e+00
1.177777777777777368e+00
1.227777777777777413e+00
1.288888888888888529e+00
1.361111111111110716e+00
1.444444444444443976e+00
1.538888888888888529e+00
1.644444444444443931e+00
1.761111111111110628e+00
1.888888888888888618e+00
2.027777777777776791e+00
2.177777777777777146e+00
2.338888888888888573e+00
2.500000000000000000e+00
2.338888888888889461e+00
2.188888888888888662e+00
2.049999999999999822e+00
1.922222222222222499e+00
1.805555555555555802e+00
1.699999999999999956e+00
1.605555555555555625e+00
1.522222222222222365e+00
1.449999999999999956e+00
1.388888888888888840e+00
1.338888888888889017e+00
1.300000000000000044e+00
1.272222222222222143e+00
1.255555555555555536e+00
1.250000000000000000e+00
1.255555555555555536e+00
1.272222222222222143e+00
1.300000000000000044e+00
1.338888888888888795e+00
1.388888888888888840e+00
1.449999999999999956e+00
1.522222222222222143e+00
1.605555555555555403e+00
1.699999999999999956e+00
1.805555555555555358e+00
1.922222222222222054e+00
2.049999999999999822e+00
2.188888888888888218e+00
2.338888888888888573e+00
2.500000000000000000e+00
2.505555555555555536e+00
2.344444444444444997e+00
2.194444444444444198e+00
2.055555555555555358e+00
1.927777777777778034e+00
1.811111111111111338e+00
1.705555555555555491e+00
1.611111111111111160e+00
1.527777777777777901e+00
1.455555555555555491e+00
1.394444444444444375e+00
1.344444444444444553e+00
1.305555555555555580e+00
1.277777777777777679e+00
1.261111111111111072e+00
1.255555555555555536e+00
1.261111111111111072e+00
1.277777777777777679e+00
1.305555555555555580e+00
1.344444444444444331e+00
1.394444444444444375e+00
1.455555555555555491e+00
1.527777777777777679e+00
1.611111111111110938e+00
1.705555555555555491e+00
1.811111111111110894e+00
1.927777777777777590e+00
2.055555555555555358e+00
2.194444444444443754e+00
2.344444444444444109e+00
2.505555555555555536e+00
2.344444444444444997e+00
2.183333333333334014e+00
2.033333333333333659e+00
1.894444444444444819e+00
1.766666666666667052e+00
1.650000000000000355e+00
1.544444444444444731e+00
1.450000000000000400e+00
1.366666666666667140e+00
1.294444444444444731e+00
1.233333333333333615e+00
1.183333333333333570e+00
1.144444444444444819e+00
1.116666666666666918e+00
1.100000000000000311e+00
1.094444444444444775e+00
1.100000000000000311e+00
1.116666666666666918e+00
1.144444444444444819e+00
1.183333333333333570e+00
1.233333333333333615e+00
1.294444444444444731e+00
1.366666666666666918e+00
1.450000000000000178e+00
1.544444444444444731e+00
1.649999999999999911e+00
1.766666666666666829e+00
1.894444444444444819e+00
2.033333333333333215e+00
2.183333333333333570e+00
2.344444444444444997e+00
2.194444444444444198e+00
2.033333333333333659e+00
1.883333333333333082e+00
1.744444444444444464e+00
1.616666666666666696e+00
1.500000000000000000e+00
1.394444444444444375e+00
1.299999999999999822e+00
1.216666666666666563e+00
1.144444444444444375e+00
1.083333333333333259e+00
1.033333333333333215e+00
9.944444444444443532e-01
9.666666666666665630e-01
9.499999999999998446e-01
9.444444444444443088e-01
9.499999999999998446e-01
9.666666666666664520e-01
9.944444444444443532e-01
1.033333333333333215e+00
1.083333333333333037e+00
1.144444444444444375e+00
1.216666666666666341e+00
1.299999999999999822e+00
1.394444444444444375e+00
1.499999999999999556e+00
1.616666666666666252e+00
1.744444444444444464e+00
1.883333333333332860e+00
2.033333333333332771e+00
2.194444444444444198e+00
2.055555555555555358e+00
1.894444444444444819e+00
1.744444444444444464e+00
1.605555555555555625e+00
1.477777777777777857e+00
1.361111111111111160e+00
1.255555555555555536e+00
1.161111111111111205e+00
1.077777777777777946e+00
1.005555555555555536e+00
9.444444444444445308e-01
8.944444444444444864e-01
8.555555555555556246e-01
8.277777777777778345e-01
8.111111111111111160e-01
8.055555555555555802e-01
8.111111111111111160e-01
8.277777777777777235e-01
8.555555555555556246e-01
8.944444444444443754e-01
9.444444444444444198e-01
1.005555555555555536e+00
1.077777777777777724e+00
1.161111111111110983e+00
1.255555555555555536e+00
1.361111111111110716e+00
1.477777777777777635e+00
1.605555555555555625e+00
1.744444444444444020e+00
1.894444444444444153e+00
2.055555555555555358e+00
1.927777777777778034e+00
1.766666666666667052e+00
1.616666666666666696e+00
1.477777777777777857e+00
1.350000000000000311e+00
1.233333333333333615e+00
1.127777777777777990e+00
1.033333333333333659e+00
9.500000000000001776e-01
8.777777777777779900e-01
8.166666666666668739e-01
7.666666666666668295e-01
7.277777777777779677e-01
7.000000000000001776e-01
6.833333333333334592e-01
6.777777777777779233e-01
6.833333333333334592e-01
7.000000000000000666e-01
7.277777777777779677e-01
7.666666666666668295e-01
8.166666666666667629e-01
8.777777777777779900e-01
9.500000000000000666e-01
1.033333333333333215e+00
1.127777777777777990e+00
1.233333333333333171e+00
1.350000000000000089e+00
1.477777777777777857e+00
1.616666666666666252e+00
1.766666666666666607e+00
1.927777777777778034e+00
1.811111111111111338e+00
1.650000000000000355e+00
1.500000000000000000e+00
1.361111111111111160e+00
1.233333333333333615e+00
1.116666666666666918e+00
1.011111111111111294e+00
9.166666666666668517e-01
8.333333333333334814e-01
7.611111111111112937e-01
7.000000000000001776e-01
6.500000000000001332e-01
6.111111111111112715e-01
5.833333333333334814e-01
5.666666666666667629e-01
5.611111111111112271e-01
5.666666666666667629e-01
5.833333333333333703e-01
6.111111111111112715e-01
6.500000000000001332e-01
7.000000000000000666e-01
7.611111111111112937e-01
8.333333333333333703e-01
9.166666666666666297e-01
1.011111111111111294e+00
1.116666666666666474e+00
1.233333333333333393e+00
1.361111111111111160e+00
1.499999999999999556e+00
1.649999999999999911e+00
1.811111111111111338e+00
1.705555555555555491e+00
1.544444444444444731e+00
1.394444444444444375e+00
1.255555555555555536e+00
1.127777777777777990e+00
1.011111111111111294e+00
9.055555555555555580e-01
8.111111111111111160e-01
7.277777777777778567e-01
6.555555555555555580e-01
5.944444444444444420e-01
5.444444444444445086e-01
5.055555555555555358e-01
4.777777777777778012e-01
4.611111111111111382e-01
4.555555555555555469e-01
4.611111111111110827e-01
4.777777777777777457e-01
5.055555555555555358e-01
5.444444444444443976e-01
5.944444444444443310e-01
6.555555555555555580e-01
7.277777777777776347e-01
8.111111111111108940e-01
9.055555555555555580e-01
1.011111111111110850e+00
1.127777777777777546e+00
1.255555555555555536e+00
1.394444444444443931e+00
1.544444444444444065e+00
1.705555555555555491e+00
1.611111111111111160e+00
1.450000000000000400e+00
1.299999999999999822e+00
1.161111111111111205e+00
1.033333333333333659e+00
9.166666666666668517e-01
8.111111111111111160e-01
7.166666666666667851e-01
6.333333333333335258e-01
5.611111111111111160e-01
5.000000000000001110e-01
4.500000000000000666e-01
4.111111111111111494e-01
3.833333333333334147e-01
3.666666666666667518e-01
3.611111111111111605e-01
3.666666666666666963e-01
3.833333333333333592e-01
4.111111111111111494e-01
4.500000000000000111e-01
5.000000000000000000e-01
5.611111111111111160e-01
6.333333333333333037e-01
7.166666666666665630e-01
8.111111111111111160e-01
9.166666666666664076e-01
1.033333333333333215e+00
1.161111111111111205e+00
1.299999999999999600e+00
1.449999999999999734e+00
1.611111111111111160e+00
1.527777777777777901e+00
1.366666666666667140e+00
1.216666666666666563e+00
1.077777777777777946e+00
9.500000000000001776e-01
8.333333333333334814e-01
7.277777777777778567e-01
6.333333333333335258e-01
5.500000000000001554e-01
4.777777777777778567e-01
4.166666666666667407e-01
3.666666666666667518e-01
3.277777777777778345e-01
3.000000000000000999e-01
2.833333333333334370e-01
2.777777777777778456e-01
2.833333333333333814e-01
3.000000000000000444e-01
3.277777777777778345e-01
3.666666666666666963e-01
4.166666666666666297e-01
4.777777777777778567e-01
5.500000000000000444e-01
6.333333333333333037e-01
7.277777777777778567e-01
8.333333333333330373e-01
9.499999999999999556e-01
1.077777777777777946e+00
1.216666666666666341e+00
1.366666666666666474e+00
1.527777777777777901e+00
1.455555555555555491e+00
1.294444444444444731e+00
1.144444444444444375e+00
1.005555555555555536e+00
8.777777777777779900e-01
7.611111111111112937e-01
6.555555555555555580e-01
5.611111111111111160e-01
4.777777777777778567e-01
4.055555555555555580e-01
3.444444444444444420e-01
2.944444444444444531e-01
2.555555555555555358e-01
2.277777777777778012e-01
2.111111111111111105e-01
2.055555555555555469e-01
2.111111111111110827e-01
2.277777777777777457e-01
2.555555555555555358e-01
2.944444444444443976e-01
3.444444444444443310e-01
4.055555555555555580e-01
4.777777777777776902e-01
5.611111111111108940e-01
6.555555555555555580e-01
7.611111111111108496e-01
8.777777777777775459e-01
1.005555555555555536e+00
1.144444444444443931e+00
1.294444444444444065e+00
1.455555555555555491e+00
1.394444444444444375e+00
1.233333333333333615e+00
1.083333333333333259e+00
9.444444444444445308e-01
8.166666666666668739e-01
7.000000000000001776e-01
5.944444444444444420e-01
5.000000000000001110e-01
4.166666666666667407e-01
3.444444444444444420e-01
2.833333333333333814e-01
2.333333333333333648e-01
1.944444444444444753e-01
1.666666666666667129e-01
1.500000000000000222e-01
1.444444444444444586e-01
1.499999999999999944e-01
1.666666666666666297e-01
1.944444444444444753e-01
2.333333333333333093e-01
2.833333333333332704e-01
3.444444444444444420e-01
4.166666666666666297e-01
4.999999999999998890e-01
5.944444444444444420e-01
6.999999999999997335e-01
8.166666666666665408e-01
9.444444444444445308e-01
1.083333333333332815e+00
1.233333333333332948e+00
1.394444444444444375e+00
1.344444444444444553e+00
1.183333333333333570e+00
1.033333333333333215e+00
8.944444444444444864e-01
7.666666666666668295e-01
6.500000000000001332e-01
5.444444444444445086e-01
4.500000000000000666e-01
3.666666666666667518e-01
2.944444444444444531e-01
2.333333333333333648e-01
1.833333333333333481e-01
1.444444444444444309e-01
1.166666666666666963e-01
1.000000000000000333e-01
9.444444444444445586e-02
1.000000000000000056e-01
1.166666666666666408e-01
1.444444444444444309e-01
1.833333333333332926e-01
2.333333333333332538e-01
2.944444444444444531e-01
3.666666666666665853e-01
4.499999999999998446e-01
5.444444444444445086e-01
6.499999999999996891e-01
7.666666666666664964e-01
8.944444444444444864e-01
1.033333333333332771e+00
1.183333333333333126e+00
1.344444444444444553e+00
1.305555555555555580e+00
1.144444444444444819e+00
9.944444444444443532e-01
8.555555555555556246e-01
7.277777777777779677e-01
6.111111111111112715e-01
5.055555555555555358e-01
4.111111111111111494e-01
3.277777777777778345e-01
2.555555555555555358e-01
1.944444444444444753e-01
1.444444444444444309e-01
1.055555555555555552e-01
7.777777777777779289e-02
6.111111111111112992e-02
5.555555555555555247e-02
6.111111111111110217e-02
7.777777777777773738e-02
1.055555555555555552e-01
1.444444444444443754e-01
1.944444444444443643e-01
2.555555555555555358e-01
3.277777777777776680e-01
4.111111111111109273e-01
5.055555555555555358e-01
6.111111111111108274e-01
7.277777777777776347e-01
8.555555555555556246e-01
9.944444444444440201e-01
1.144444444444444153e+00
1.305555555555555580e+00
1.277777777777777679e+00
1.116666666666666918e+00
9.666666666666665630e-01
8.277777777777778345e-01
7.000000000000001776e-01
5.833333333333334814e-01
4.777777777777778012e-01
3.833333333333334147e-01
3.000000000000000999e-01
2.277777777777778012e-01
1.666666666666667129e-01
1.166666666666666963e-01
7.777777777777779289e-02
5.000000000000003053e-02
3.333333333333336757e-02
2.777777777777779011e-02
3.333333333333333981e-02
4.999999999999997502e-02
7.777777777777779289e-02
1.166666666666666408e-01
1.666666666666666019e-01
2.277777777777778012e-01
2.999999999999999334e-01
3.833333333333331927e-01
4.777777777777778012e-01
5.833333333333330373e-01
6.999999999999998446e-01
8.277777777777778345e-01
9.666666666666662300e-01
1.116666666666666252e+00
1.277777777777777679e+00
1.261111111111111072e+00
1.100000000000000311e+00
9.499999999999998446e-01
8.111111111111111160e-01
6.833333333333334592e-01
5.666666666666667629e-01
4.611111111111111382e-01
3.666666666666667518e-01
2.833333333333334370e-01
2.111111111111111105e-01
1.500000000000000222e-01
1.000000000000000333e-01
6.111111111111112992e-02
3.333333333333336757e-02
1.666666666666669766e-02
1.111111111111112194e-02
1.666666666666666990e-02
3.333333333333331205e-02
6.111111111111112992e-02
9.999999999999997780e-02
1.499999999999999112e-01
2.111111111111111105e-01
2.833333333333332704e-01
3.666666666666665297e-01
4.611111111111111382e-01
5.666666666666663188e-01
6.833333333333331261e-01
8.111111111111111160e-01
9.499999999999995115e-01
1.099999999999999645e+00
1.261111111111111072e+00
1.255555555555555536e+00
1.094444444444444775e+00
9.444444444444443088e-01
8.055555555555555802e-01
6.777777777777779233e-01
5.611111111111112271e-01
4.555555555555555469e-01
3.611111111111111605e-01
2.777777777777778456e-01
2.055555555555555469e-01
1.444444444444444586e-01
9.444444444444445586e-02
5.555555555555555247e-02
2.777777777777779011e-02
1.111111111111112194e-02
5.555555555555546227e-03
1.111111111111109245e-02
2.777777777777773113e-02
5.555555555555555247e-02
9.444444444444440034e-02
1.444444444444443476e-01
2.055555555555555469e-01
2.777777777777776791e-01
3.611111111111109384e-01
4.555555555555555469e-01
5.611111111111107830e-01
6.777777777777775903e-01
8.055555555555555802e-01
9.444444444444439757e-01
1.094444444444444109e+00
1.255555555555555536e+00
1.261111111111111072e+00
1.100000000000000311e+00
9.499999999999998446e-01
8.111111111111111160e-01
6.833333333333334592e-01
5.666666666666667629e-01
4.611111111111110827e-01
3.666666666666666963e-01
2.833333333333333814e-01
2.111111111111110827e-01
1.499999999999999944e-01
1.000000000000000056e-01
6.111111111111110217e-02
3.333333333333333981e-02
1.666666666666666990e-02
1.111111111111109245e-02
1.666666666666663868e-02
3.333333333333327736e-02
6.111111111111110217e-02
9.999999999999995004e-02
1.499999999999998834e-01
2.111111111111110827e-01
2.833333333333332149e-01
3.666666666666664742e-01
4.611111111111110827e-01
5.666666666666663188e-01
6.833333333333331261e-01
8.111111111111111160e-01
9.499999999999995115e-01
1.099999999999999645e+00
1.261111111111111072e+00
1.277777777777777679e+00
1.116666666666666918e+00
9.666666666666664520e-01
8.277777777777777235e-01
7.000000000000000666e-01
5.833333333333333703e-01
4.777777777777777457e-01
3.833333333333333592e-01
3.000000000000000444e-01
2.277777777777777457e-01
1.666666666666666297e-01
1.166666666666666408e-01
7.777777777777773738e-02
4.999999999999997502e-02
3.333333333333331205e-02
2.777777777777773113e-02
3.333333333333327736e-02
4.999999999999991951e-02
7.777777777777773738e-02
1.166666666666665853e-01
1.666666666666665186e-01
2.277777777777777457e-01
2.999999999999998779e-01
3.833333333333331372e-01
4.777777777777777457e-01
5.833333333333329263e-01
6.999999999999997335e-01
8.277777777777777235e-01
9.666666666666661190e-01
1.116666666666666252e+00
1.277777777777777679e+00
1.305555555555555580e+00
1.144444444444444819e+00
9.944444444444443532e-01
8.555555555555556246e-01
7.277777777777779677e-01
6.111111111111112715e-01
5.055555555555555358e-01
4.111111111111111494e-01
3.277777777777778345e-01
2.555555555555555358e-01
1.944444444444444753e-01
1.444444444444444309e-01
1.055555555555555552e-01
7.777777777777779289e-02
6.111111111111112992e-02
5.555555555555555247e-02
6.111111111111110217e-02
7.777777777777773738e-02
1.055555555555555552e-01
1.444444444444443754e-01
1.944444444444443643e-01
2.555555555555555358e-01
3.277777777777776680e-01
4.111111111111109273e-01
5.055555555555555358e-01
6.111111111111108274e-01
7.277777777777776347e-01
8.555555555555556246e-01
9.944444444444440201e-01
1.144444444444444153e+00
1.305555555555555580e+00
1.344444444444444331e+00
1.183333333333333570e+00
1.033333333333333215e+00
8.944444444444443754e-01
7.666666666666668295e-01
6.500000000000001332e-01
5.444444444444443976e-01
4.500000000000000111e-01
3.666666666666666963e-01
2.944444444444443976e-01
2.333333333333333093e-01
1.833333333333332926e-01
1.444444444444443754e-01
1.166666666666666408e-01
9.999999999999997780e-02
9.444444444444440034e-02
9.999999999999995004e-02
1.166666666666665853e-01
1.444444444444443754e-01
1.833333333333332371e-01
2.333333333333331983e-01
2.944444444444443976e-01
3.666666666666665297e-01
4.499999999999997891e-01
5.444444444444443976e-01
6.499999999999996891e-01
7.666666666666663854e-01
8.944444444444443754e-01
1.033333333333332771e+00
1.183333333333332904e+00
1.344444444444444331e+00
1.394444444444444375e+00
1.233333333333333615e+00
1.083333333333333037e+00
9.444444444444444198e-01
8.166666666666667629e-01
7.000000000000000666e-01
5.944444444444443310e-01
5.000000000000000000e-01
4.166666666666666297e-01
3.444444444444443310e-01
2.833333333333332704e-01
2.333333333333332538e-01
1.944444444444443643e-01
1.666666666666666019e-01
1.499999999999999112e-01
1.444444444444443476e-01
1.499999999999998834e-01
1.666666666666665186e-01
1.944444444444443643e-01
2.333333333333331983e-01
2.833333333333331594e-01
3.444444444444443310e-01
4.166666666666665186e-01
4.999999999999997780e-01
5.944444444444443310e-01
6.999999999999996225e-01
8.166666666666664298e-01
9.444444444444444198e-01
1.083333333333332815e+00
1.233333333333332948e+00
1.394444444444444375e+00
1.455555555555555491e+00
1.294444444444444731e+00
1.144444444444444375e+00
1.005555555555555536e+00
8.777777777777779900e-01
7.611111111111112937e-01
6.555555555555555580e-01
5.611111111111111160e-01
4.777777777777778567e-01
4.055555555555555580e-01
3.444444444444444420e-01
2.944444444444444531e-01
2.555555555555555358e-01
2.277777777777778012e-01
2.111111111111111105e-01
2.055555555555555469e-01
2.111111111111110827e-01
2.277777777777777457e-01
2.555555555555555358e-01
2.944444444444443976e-01
3.444444444444443310e-01
4.055555555555555580e-01
4.777777777777776902e-01
5.611111111111108940e-01
6.555555555555555580e-01
7.611111111111108496e-01
8.777777777777775459e-01
1.005555555555555536e+00
1.144444444444443931e+00
1.294444444444444065e+00
1.455555555555555491e+00
1.527777777777777679e+00
1.366666666666666918e+00
1.216666666666666341e+00
1.077777777777777724e+00
9.500000000000000666e-01
8.333333333333333703e-01
7.277777777777776347e-01
6.333333333333333037e-01
5.500000000000000444e-01
4.777777777777776902e-01
4.166666666666666297e-01
3.666666666666665853e-01
3.277777777777776680e-01
2.999999999999999334e-01
2.833333333333332704e-01
2.777777777777776791e-01
2.833333333333332149e-01
2.999999999999998779e-01
3.277777777777776680e-01
3.666666666666665297e-01
4.166666666666665186e-01
4.777777777777776902e-01
5.499999999999998224e-01
6.333333333333330817e-01
7.277777777777776347e-01
8.333333333333329263e-01
9.499999999999997335e-01
1.077777777777777724e+00
1.216666666666666119e+00
1.366666666666666252e+00
1.527777777777777679e+00
1.611111111111110938e+00
1.450000000000000178e+00
1.299999999999999822e+00
1.161111111111110983e+00
1.033333333333333215e+00
9.166666666666666297e-01
8.111111111111108940e-01
7.166666666666665630e-01
6.333333333333333037e-01
5.611111111111108940e-01
4.999999999999998890e-01
4.499999999999998446e-01
4.111111111111109273e-01
3.833333333333331927e-01
3.666666666666665297e-01
3.611111111111109384e-01
3.666666666666664742e-01
3.833333333333331372e-01
4.111111111111109273e-01
4.499999999999997891e-01
4.999999999999997780e-01
5.611111111111108940e-01
6.333333333333330817e-01
7.166666666666663410e-01
8.111111111111108940e-01
9.166666666666661856e-01
1.033333333333332993e+00
1.161111111111110983e+00
1.299999999999999378e+00
1.449999999999999512e+00
1.611111111111110938e+00
1.705555555555555491e+00
1.544444444444444731e+00
1.394444444444444375e+00
1.255555555555555536e+00
1.127777777777777990e+00
1.011111111111111294e+00
9.055555555555555580e-01
8.111111111111111160e-01
7.277777777777778567e-01
6.555555555555555580e-01
5.944444444444444420e-01
5.444444444444445086e-01
5.055555555555555358e-01
4.777777777777778012e-01
4.611111111111111382e-01
4.555555555555555469e-01
4.611111111111110827e-01
4.777777777777777457e-01
5.055555555555555358e-01
5.444444444444443976e-01
5.944444444444443310e-01
6.555555555555555580e-01
7.277777777777776347e-01
8.111111111111108940e-01
9.055555555555555580e-01
1.011111111111110850e+00
1.127777777777777546e+00
1.255555555555555536e+00
1.394444444444443931e+00
1.544444444444444065e+00
1.705555555555555491e+00
1.811111111111110894e+00
1.649999999999999911e+00
1.499999999999999556e+00
1.361111111111110716e+00
1.233333333333333171e+00
1.116666666666666474e+00
1.011111111111110850e+00
9.166666666666664076e-01
8.333333333333330373e-01
7.611111111111108496e-01
6.999999999999997335e-01
6.499999999999996891e-01
6.111111111111108274e-01
5.833333333333330373e-01
5.666666666666663188e-01
5.611111111111107830e-01
5.666666666666663188e-01
5.833333333333329263e-01
6.111111111111108274e-01
6.499999999999996891e-01
6.999999999999996225e-01
7.611111111111108496e-01
8.333333333333329263e-01
9.166666666666661856e-01
1.011111111111110850e+00
1.116666666666666030e+00
1.233333333333332948e+00
1.361111111111110716e+00
1.499999999999999112e+00
1.649999999999999467e+00
1.811111111111110894e+00
1.927777777777777590e+00
1.766666666666666829e+00
1.616666666666666252e+00
1.477777777777777635e+00
1.350000000000000089e+00
1.233333333333333393e+00
1.127777777777777546e+00
1.033333333333333215e+00
9.499999999999999556e-01
8.777777777777775459e-01
8.166666666666665408e-01
7.666666666666664964e-01
7.277777777777776347e-01
6.999999999999998446e-01
6.833333333333331261e-01
6.777777777777775903e-01
6.833333333333331261e-01
6.999999999999997335e-01
7.277777777777776347e-01
7.666666666666663854e-01
8.166666666666664298e-01
8.777777777777775459e-01
9.499999999999997335e-01
1.033333333333332993e+00
1.127777777777777546e+00
1.233333333333332948e+00
1.349999999999999645e+00
1.477777777777777635e+00
1.616666666666666030e+00
1.766666666666666163e+00
1.927777777777777590e+00
2.055555555555555358e+00
1.894444444444444819e+00
1.744444444444444464e+00
1.605555555555555625e+00
1.477777777777777857e+00
1.361111111111111160e+00
1.255555555555555536e+00
1.161111111111111205e+00
1.077777777777777946e+00
1.005555555555555536e+00
9.444444444444445308e-01
8.944444444444444864e-01
8.555555555555556246e-01
8.277777777777778345e-01
8.111111111111111160e-01
8.055555555555555802e-01
8.111111111111111160e-01
8.277777777777777235e-01
8.555555555555556246e-01
8.944444444444443754e-01
9.444444444444444198e-01
1.005555555555555536e+00
1.077777777777777724e+00
1.161111111111110983e+00
1.255555555555555536e+00
1.361111111111110716e+00
1.477777777777777635e+00
1.605555555555555625e+00
1.744444444444444020e+00
1.894444444444444153e+00
2.055555555555555358e+00
2.194444444444443754e+00
2.033333333333333215e+00
1.883333333333332860e+00
1.744444444444444020e+00
1.616666666666666252e+00
1.499999999999999556e+00
1.394444444444443931e+00
1.299999999999999600e+00
1.216666666666666341e+00
1.144444444444443931e+00
1.083333333333332815e+00
1.033333333333332771e+00
9.944444444444440201e-01
9.666666666666662300e-01
9.499999999999995115e-01
9.444444444444439757e-01
9.499999999999995115e-01
9.666666666666661190e-01
9.944444444444440201e-01
1.033333333333332771e+00
1.083333333333332815e+00
1.144444444444443931e+00
1.216666666666666119e+00
1.299999999999999378e+00
1.394444444444443931e+00
1.499999999999999112e+00
1.616666666666666030e+00
1.744444444444444020e+00
1.883333333333332416e+00
2.033333333333332327e+00
2.194444444444443754e+00
2.344444444444444109e+00
2.183333333333333570e+00
2.033333333333332771e+00
1.894444444444444153e+00
1.766666666666666607e+00
1.649999999999999911e+00
1.544444444444444065e+00
1.449999999999999734e+00
1.366666666666666474e+00
1.294444444444444065e+00
1.233333333333332948e+00
1.183333333333333126e+00
1.144444444444444153e+00
1.116666666666666252e+00
1.099999999999999645e+00
1.094444444444444109e+00
1.099999999999999645e+00
1.116666666666666252e+00
1.144444444444444153e+00
1.183333333333332904e+00
1.233333333333332948e+00
1.294444444444444065e+00
1.366666666666666252e+00
1.449999999999999512e+00
1.544444444444444065e+00
1.649999999999999467e+00
1.766666666666666163e+00
1.894444444444444153e+00
2.033333333333332327e+00
2.183333333333332682e+00
2.344444444444444109e+00
2.505555555555555536e+00
2.344444444444444997e+00
2.194444444444444198e+00
2.055555555555555358e+00
1.927777777777778034e+00
1.811111111111111338e+00
1.705555555555555491e+00
1.611111111111111160e+00
1.527777777777777901e+00
1.455555555555555491e+00
1.394444444444444375e+00
1.344444444444444553e+00
1.305555555555555580e+00
1.277777777777777679e+00
1.261111111111111072e+00
1.255555555555555536e+00
1.261111111111111072e+00
1.277777777777777679e+00
1.305555555555555580e+00
1.344444444444444331e+00
1.394444444444444375e+00
1.455555555555555491e+00
1.527777777777777679e+00
1.611111111111110938e+00
1.705555555555555491e+00
1.811111111111110894e+00
1.927777777777777590e+00
2.055555555555555358e+00
2.194444444444443754e+00
2.344444444444444109e+00
2.505555555555555536e+00
2.522222222222222143e+00
2.361111111111111605e+00
2.211111111111110805e+00
2.072222222222221966e+00
1.944444444444444642e+00
1.827777777777777946e+00
1.722222222222222099e+00
1.627777777777777768e+00
1.544444444444444509e+00
1.472222222222222099e+00
1.411111111111110983e+00
1.361111111111111160e+00
1.322222222222222188e+00
1.294444444444444287e+00
1.277777777777777679e+00
1.272222222222222143e+00
1.277777777777777679e+00
1.294444444444444287e+00
1.322222222222222188e+00
1.361111111111110938e+00
1.411111111111110983e+00
1.472222222222222099e+00
1.544444444444444287e+00
1.627777777777777546e+00
1.722222222222222099e+00
1.827777777777777501e+00
1.944444444444444198e+00
2.072222222222221966e+00
2.211111111111110361e+00
2.361111111111110716e+00
2.522222222222222143e+00
2.361111111111111605e+00
2.200000000000000622e+00
2.050000000000000266e+00
1.911111111111111427e+00
1.783333333333333659e+00
1.666666666666666963e+00
1.561111111111111338e+00
1.466666666666667007e+00
1.383333333333333748e+00
1.311111111111111338e+00
1.250000000000000222e+00
1.200000000000000178e+00
1.161111111111111427e+00
1.133333333333333526e+00
1.116666666666666918e+00
1.111111111111111382e+00
1.116666666666666918e+00
1.133333333333333526e+00
1.161111111111111427e+00
1.200000000000000178e+00
1.250000000000000222e+00
1.311111111111111338e+00
1.383333333333333526e+00
1.466666666666666785e+00
1.561111111111111338e+00
1.666666666666666519e+00
1.783333333333333437e+00
1.911111111111111427e+00
2.049999999999999822e+00
2.200000000000000178e+00
2.361111111111111605e+00
2.211111111111110805e+00
2.050000000000000266e+00
1.899999999999999689e+00
1.761111111111111072e+00
1.633333333333333304e+00
1.516666666666666607e+00
1.411111111111110983e+00
1.316666666666666430e+00
1.233333333333333171e+00
1.161111111111110983e+00
1.099999999999999867e+00
1.049999999999999822e+00
1.011111111111111072e+00
9.833333333333331705e-01
9.666666666666664520e-01
9.611111111111109162e-01
9.666666666666664520e-01
9.833333333333330595e-01
1.011111111111111072e+00
1.049999999999999822e+00
1.099999999999999645e+00
1.161111111111110983e+00
1.233333333333332948e+00
1.316666666666666430e+00
1.411111111111110983e+00
1.516666666666666163e+00
1.633333333333332860e+00
1.761111111111111072e+00
1.899999999999999467e+00
2.049999999999999378e+00
2.211111111111110805e+00
2.072222222222221966e+00
1.911111111111111427e+00
1.761111111111111072e+00
1.622222222222222232e+00
1.494444444444444464e+00
1.377777777777777768e+00
1.272222222222222143e+00
1.177777777777777812e+00
1.094444444444444553e+00
1.022222222222222143e+00
9.611111111111111382e-01
9.111111111111110938e-01
8.722222222222222321e-01
8.444444444444444420e-01
8.277777777777777235e-01
8.222222222222221877e-01
8.277777777777777235e-01
8.444444444444443310e-01
8.722222222222222321e-01
9.111111111111109828e-01
9.611111111111110272e-01
1.022222222222222143e+00
1.094444444444444331e+00
1.177777777777777590e+00
1.272222222222222143e+00
1.377777777777777324e+00
1.494444444444444242e+00
1.622222222222222232e+00
1.761111111111110628e+00
1.911111111111110761e+00
2.072222222222221966e+00
1.944444444444444642e+00
1.783333333333333659e+00
1.633333333333333304e+00
1.494444444444444464e+00
1.366666666666666918e+00
1.250000000000000222e+00
1.144444444444444597e+00
1.050000000000000266e+00
9.666666666666667851e-01
8.944444444444445974e-01
8.333333333333334814e-01
7.833333333333334370e-01
7.444444444444445752e-01
7.166666666666667851e-01
7.000000000000000666e-01
6.944444444444445308e-01
7.000000000000000666e-01
7.166666666666666741e-01
7.444444444444445752e-01
7.833333333333334370e-01
8.333333333333333703e-01
8.944444444444445974e-01
9.666666666666666741e-01
1.049999999999999822e+00
1.144444444444444597e+00
1.249999999999999778e+00
1.366666666666666696e+00
1.494444444444444464e+00
1.633333333333332860e+00
1.783333333333333215e+00
1.944444444444444642e+00
1.827777777777777946e+00
1.666666666666666963e+00
1.516666666666666607e+00
1.377777777777777768e+00
1.250000000000000222e+00
1.133333333333333526e+00
1.027777777777777901e+00
9.333333333333334592e-01
8.500000000000000888e-01
7.777777777777779011e-01
7.166666666666667851e-01
6.666666666666667407e-01
6.277777777777778789e-01
6.000000000000000888e-01
5.833333333333333703e-01
5.777777777777778345e-01
5.833333333333333703e-01
5.999999999999999778e-01
6.277777777777778789e-01
6.666666666666667407e-01
7.166666666666666741e-01
7.777777777777779011e-01
8.499999999999999778e-01
9.333333333333332371e-01
1.027777777777777901e+00
1.133333333333333082e+00
1.250000000000000000e+00
1.377777777777777768e+00
1.516666666666666163e+00
1.666666666666666519e+00
1.827777777777777946e+00
1.722222222222222099e+00
1.561111111111111338e+00
1.411111111111110983e+00
1.272222222222222143e+00
1.144444444444444597e+00
1.027777777777777901e+00
9.222222222222221655e-01
8.277777777777777235e-01
7.444444444444444642e-01
6.722222222222221655e-01
6.111111111111110494e-01
5.611111111111111160e-01
5.222222222222221433e-01
4.944444444444444642e-01
4.777777777777778012e-01
4.722222222222222099e-01
4.777777777777777457e-01
4.944444444444444087e-01
5.222222222222221433e-01
5.611111111111110050e-01
6.111111111111109384e-01
6.722222222222221655e-01
7.444444444444442421e-01
8.277777777777775015e-01
9.222222222222221655e-01
1.027777777777777457e+00
1.144444444444444153e+00
1.272222222222222143e+00
1.411111111111110539e+00
1.561111111111110672e+00
1.722222222222222099e+00
1.627777777777777768e+00
1.466666666666667007e+00
1.316666666666666430e+00
1.177777777777777812e+00
1.050000000000000266e+00
9.333333333333334592e-01
8.277777777777777235e-01
7.333333333333333925e-01
6.500000000000001332e-01
5.777777777777777235e-01
5.166666666666667185e-01
4.666666666666667296e-01
4.277777777777778123e-01
4.000000000000000777e-01
3.833333333333334147e-01
3.777777777777778234e-01
3.833333333333333592e-01
4.000000000000000222e-01
4.277777777777778123e-01
4.666666666666666741e-01
5.166666666666666075e-01
5.777777777777777235e-01
6.499999999999999112e-01
7.333333333333331705e-01
8.277777777777777235e-01
9.333333333333330151e-01
1.049999999999999822e+00
1.177777777777777812e+00
1.316666666666666208e+00
1.466666666666666341e+00
1.627777777777777768e+00
1.544444444444444509e+00
1.383333333333333748e+00
1.233333333333333171e+00
1.094444444444444553e+00
9.666666666666667851e-01
8.500000000000000888e-01
7.444444444444444642e-01
6.500000000000001332e-01
5.666666666666667629e-01
4.944444444444445197e-01
4.333333333333334036e-01
3.833333333333334147e-01
3.444444444444444975e-01
3.166666666666667629e-01
3.000000000000000999e-01
2.944444444444445086e-01
3.000000000000000444e-01
3.166666666666667074e-01
3.444444444444444975e-01
3.833333333333333592e-01
4.333333333333332926e-01
4.944444444444445197e-01
5.666666666666666519e-01
6.499999999999999112e-01
7.444444444444444642e-01
8.499999999999996447e-01
9.666666666666665630e-01
1.094444444444444553e+00
1.233333333333332948e+00
1.383333333333333082e+00
1.544444444444444509e+00
1.472222222222222099e+00
1.311111111111111338e+00
1.161111111111110983e+00
1.022222222222222143e+00
8.944444444444445974e-01
7.777777777777779011e-01
6.722222222222221655e-01
5.777777777777777235e-01
4.944444444444445197e-01
4.222222222222222210e-01
3.611111111111111049e-01
3.111111111111111160e-01
2.722222222222221988e-01
2.444444444444444642e-01
2.277777777777777457e-01
2.222222222222222099e-01
2.277777777777777457e-01
2.444444444444444087e-01
2.722222222222221988e-01
3.111111111111110605e-01
3.611111111111109939e-01
4.222222222222222210e-01
4.944444444444443532e-01
5.777777777777775015e-01
6.722222222222221655e-01
7.777777777777774570e-01
8.944444444444441533e-01
1.022222222222222143e+00
1.161111111111110539e+00
1.311111111111110672e+00
1.472222222222222099e+00
1.411111111111110983e+00
1.250000000000000222e+00
1.099999999999999867e+00
9.611111111111111382e-01
8.333333333333334814e-01
7.166666666666667851e-01
6.111111111111110494e-01
5.166666666666667185e-01
4.333333333333334036e-01
3.611111111111111049e-01
3.000000000000000444e-01
2.500000000000000000e-01
2.111111111111111382e-01
1.833333333333333481e-01
1.666666666666666852e-01
1.611111111111110938e-01
1.666666666666666297e-01
1.833333333333332926e-01
2.111111111111111382e-01
2.499999999999999445e-01
2.999999999999999334e-01
3.611111111111111049e-01
4.333333333333332926e-01
5.166666666666664964e-01
6.111111111111110494e-01
7.166666666666663410e-01
8.333333333333331483e-01
9.611111111111111382e-01
1.099999999999999423e+00
1.249999999999999556e+00
1.411111111111110983e+00
1.361111111111111160e+00
1.200000000000000178e+00
1.049999999999999822e+00
9.111111111111110938e-01
7.833333333333334370e-01
6.666666666666667407e-01
5.611111111111111160e-01
4.666666666666667296e-01
3.833333333333334147e-01
3.111111111111111160e-01
2.500000000000000000e-01
2.000000000000000111e-01
1.611111111111110938e-01
1.333333333333333315e-01
1.166666666666666685e-01
1.111111111111110911e-01
1.166666666666666408e-01
1.333333333333332760e-01
1.611111111111110938e-01
1.999999999999999556e-01
2.499999999999998890e-01
3.111111111111111160e-01
3.833333333333332482e-01
4.666666666666665075e-01
5.611111111111111160e-01
6.666666666666662966e-01
7.833333333333331039e-01
9.111111111111110938e-01
1.049999999999999378e+00
1.199999999999999734e+00
1.361111111111111160e+00
1.322222222222222188e+00
1.161111111111111427e+00
1.011111111111111072e+00
8.722222222222222321e-01
7.444444444444445752e-01
6.277777777777778789e-01
5.222222222222221433e-01
4.277777777777778123e-01
3.444444444444444975e-01
2.722222222222221988e-01
2.111111111111111382e-01
1.611111111111110938e-01
1.222222222222221905e-01
9.444444444444442810e-02
7.777777777777776513e-02
7.222222222222218768e-02
7.777777777777773738e-02
9.444444444444437259e-02
1.222222222222221905e-01
1.611111111111110383e-01
2.111111111111110272e-01
2.722222222222221988e-01
3.444444444444443310e-01
4.277777777777775903e-01
5.222222222222221433e-01
6.277777777777774348e-01
7.444444444444442421e-01
8.722222222222222321e-01
1.011111111111110628e+00
1.161111111111110761e+00
1.322222222222222188e+00
1.294444444444444287e+00
1.133333333333333526e+00
9.833333333333331705e-01
8.444444444444444420e-01
7.166666666666667851e-01
6.000000000000000888e-01
4.944444444444444642e-01
4.000000000000000777e-01
3.166666666666667629e-01
2.444444444444444642e-01
1.833333333333333481e-01
1.333333333333333315e-01
9.444444444444442810e-02
6.666666666666667962e-02
5.000000000000000278e-02
4.444444444444442532e-02
4.999999999999997502e-02
6.666666666666661023e-02
9.444444444444442810e-02
1.333333333333332760e-01
1.833333333333332371e-01
2.444444444444444642e-01
3.166666666666665964e-01
3.999999999999998557e-01
4.944444444444444642e-01
5.999999999999996447e-01
7.166666666666664520e-01
8.444444444444444420e-01
9.833333333333328374e-01
1.133333333333332860e+00
1.294444444444444287e+00
1.277777777777777679e+00
1.116666666666666918e+00
9.666666666666664520e-01
8.277777777777777235e-01
7.000000000000000666e-01
5.833333333333333703e-01
4.777777777777778012e-01
3.833333333333334147e-01
3.000000000000000999e-01
2.277777777777777457e-01
1.666666666666666852e-01
1.166666666666666685e-01
7.777777777777776513e-02
5.000000000000000278e-02
3.333333333333333981e-02
2.777777777777776236e-02
3.333333333333330512e-02
4.999999999999994726e-02
7.777777777777776513e-02
1.166666666666666130e-01
1.666666666666665741e-01
2.277777777777777457e-01
2.999999999999999334e-01
3.833333333333331927e-01
4.777777777777778012e-01
5.833333333333329263e-01
6.999999999999997335e-01
8.277777777777777235e-01
9.666666666666661190e-01
1.116666666666666252e+00
1.277777777777777679e+00
1.272222222222222143e+00
1.111111111111111382e+00
9.611111111111109162e-01
8.222222222222221877e-01
6.944444444444445308e-01
5.777777777777778345e-01
4.722222222222222099e-01
3.777777777777778234e-01
2.944444444444445086e-01
2.222222222222222099e-01
1.611111111111110938e-01
1.111111111111110911e-01
7.222222222222218768e-02
4.444444444444442532e-02
2.777777777777776236e-02
2.222222222222218491e-02
2.777777777777773113e-02
4.444444444444436981e-02
7.222222222222218768e-02
1.111111111111110356e-01
1.611111111111109828e-01
2.222222222222222099e-01
2.944444444444443421e-01
3.777777777777776014e-01
4.722222222222222099e-01
5.777777777777773904e-01
6.944444444444441977e-01
8.222222222222221877e-01
9.611111111111105831e-01
1.111111111111110716e+00
1.272222222222222143e+00
1.277777777777777679e+00
1.116666666666666918e+00
9.666666666666664520e-01
8.277777777777777235e-01
7.000000000000000666e-01
5.833333333333333703e-01
4.777777777777777457e-01
3.833333333333333592e-01
3.000000000000000444e-01
2.277777777777777457e-01
1.666666666666666297e-01
1.166666666666666408e-01
7.777777777777773738e-02
4.999999999999997502e-02
3.333333333333330512e-02
2.777777777777773113e-02
3.333333333333327736e-02
4.999999999999991951e-02
7.777777777777773738e-02
1.166666666666665853e-01
1.666666666666665186e-01
2.277777777777777457e-01
2.999999999999998779e-01
3.833333333333331372e-01
4.777777777777777457e-01
5.833333333333329263e-01
6.999999999999997335e-01
8.277777777777777235e-01
9.666666666666661190e-01
1.116666666666666252e+00
1.277777777777777679e+00
1.294444444444444287e+00
1.133333333333333526e+00
9.833333333333330595e-01
8.444444444444443310e-01
7.166666666666666741e-01
5.999999999999999778e-01
4.944444444444444087e-01
4.000000000000000222e-01
3.166666666666667074e-01
2.444444444444444087e-01
1.833333333333332926e-01
1.333333333333332760e-01
9.444444444444437259e-02
6.666666666666661023e-02
4.999999999999994726e-02
4.444444444444436981e-02
4.999999999999991951e-02
6.666666666666655472e-02
9.444444444444437259e-02
1.333333333333332205e-01
1.833333333333331816e-01
2.444444444444444087e-01
3.166666666666665408e-01
3.999999999999998002e-01
4.944444444444444087e-01
5.999999999999995337e-01
7.166666666666663410e-01
8.444444444444443310e-01
9.833333333333327264e-01
1.133333333333332860e+00
1.294444444444444287e+00
1.322222222222222188e+00
1.161111111111111427e+00
1.011111111111111072e+00
8.722222222222222321e-01
7.444444444444445752e-01
6.277777777777778789e-01
5.222222222222221433e-01
4.277777777777778123e-01
3.444444444444444975e-01
2.722222222222221988e-01
2.111111111111111382e-01
1.611111111111110938e-01
1.222222222222221905e-01
9.444444444444442810e-02
7.777777777777776513e-02
7.222222222222218768e-02
7.777777777777773738e-02
9.444444444444437259e-02
1.222222222222221905e-01
1.611111111111110383e-01
2.111111111111110272e-01
2.722222222222221988e-01
3.444444444444443310e-01
4.277777777777775903e-01
5.222222222222221433e-01
6.277777777777774348e-01
7.444444444444442421e-01
8.722222222222222321e-01
1.011111111111110628e+00
1.161111111111110761e+00
1.322222222222222188e+00
1.361111111111110938e+00
1.200000000000000178e+00
1.049999999999999822e+00
9.111111111111109828e-01
7.833333333333334370e-01
6.666666666666667407e-01
5.611111111111110050e-01
4.666666666666666741e-01
3.833333333333333592e-01
3.111111111111110605e-01
2.499999999999999445e-01
1.999999999999999556e-01
1.611111111111110383e-01
1.333333333333332760e-01
1.166666666666666130e-01
1.111111111111110356e-01
1.166666666666665853e-01
1.333333333333332205e-01
1.611111111111110383e-01
1.999999999999999001e-01
2.499999999999998335e-01
3.111111111111110605e-01
3.833333333333331927e-01
4.666666666666664520e-01
5.611111111111110050e-01
6.666666666666662966e-01
7.833333333333329929e-01
9.111111111111109828e-01
1.049999999999999378e+00
1.199999999999999512e+00
1.361111111111110938e+00
1.411111111111110983e+00
1.250000000000000222e+00
1.099999999999999645e+00
9.611111111111110272e-01
8.333333333333333703e-01
7.166666666666666741e-01
6.111111111111109384e-01
5.166666666666666075e-01
4.333333333333332926e-01
3.611111111111109939e-01
2.999999999999999334e-01
2.499999999999998890e-01
2.111111111111110272e-01
1.833333333333332371e-01
1.666666666666665741e-01
1.611111111111109828e-01
1.666666666666665186e-01
1.833333333333331816e-01
2.111111111111110272e-01
2.499999999999998335e-01
2.999999999999998224e-01
3.611111111111109939e-01
4.333333333333331816e-01
5.166666666666663854e-01
6.111111111111109384e-01
7.166666666666662300e-01
8.333333333333330373e-01
9.611111111111110272e-01
1.099999999999999423e+00
1.249999999999999556e+00
1.411111111111110983e+00
1.472222222222222099e+00
1.311111111111111338e+00
1.161111111111110983e+00
1.022222222222222143e+00
8.944444444444445974e-01
7.777777777777779011e-01
6.722222222222221655e-01
5.777777777777777235e-01
4.944444444444445197e-01
4.222222222222222210e-01
3.611111111111111049e-01
3.111111111111111160e-01
2.722222222222221988e-01
2.444444444444444642e-01
2.277777777777777457e-01
2.222222222222222099e-01
2.277777777777777457e-01
2.444444444444444087e-01
2.722222222222221988e-01
3.111111111111110605e-01
3.611111111111109939e-01
4.222222222222222210e-01
4.944444444444443532e-01
5.777777777777775015e-01
6.722222222222221655e-01
7.777777777777774570e-01
8.944444444444441533e-01
1.022222222222222143e+00
1.161111111111110539e+00
1.311111111111110672e+00
1.472222222222222099e+00
1.544444444444444287e+00
1.383333333333333526e+00
1.233333333333332948e+00
1.094444444444444331e+00
9.666666666666666741e-01
8.499999999999999778e-01
7.444444444444442421e-01
6.499999999999999112e-01
5.666666666666666519e-01
4.944444444444443532e-01
4.333333333333332926e-01
3.833333333333332482e-01
3.444444444444443310e-01
3.166666666666665964e-01
2.999999999999999334e-01
2.944444444444443421e-01
2.999999999999998779e-01
3.166666666666665408e-01
3.444444444444443310e-01
3.833333333333331927e-01
4.333333333333331816e-01
4.944444444444443532e-01
5.666666666666664298e-01
6.499999999999996891e-01
7.444444444444442421e-01
8.499999999999995337e-01
9.666666666666663410e-01
1.094444444444444331e+00
1.233333333333332726e+00
1.383333333333332860e+00
1.544444444444444287e+00
1.627777777777777546e+00
1.466666666666666785e+00
1.316666666666666430e+00
1.177777777777777590e+00
1.049999999999999822e+00
9.333333333333332371e-01
8.277777777777775015e-01
7.333333333333331705e-01
6.499999999999999112e-01
5.777777777777775015e-01
5.166666666666664964e-01
4.666666666666665075e-01
4.277777777777775903e-01
3.999999999999998557e-01
3.833333333333331927e-01
3.777777777777776014e-01
3.833333333333331372e-01
3.999999999999998002e-01
4.277777777777775903e-01
4.666666666666664520e-01
5.166666666666663854e-01
5.777777777777775015e-01
6.499999999999996891e-01
7.333333333333329485e-01
8.277777777777775015e-01
9.333333333333327930e-01
1.049999999999999600e+00
1.177777777777777590e+00
1.316666666666665986e+00
1.466666666666666119e+00
1.627777777777777546e+00
1.722222222222222099e+00
1.561111111111111338e+00
1.411111111111110983e+00
1.272222222222222143e+00
1.144444444444444597e+00
1.027777777777777901e+00
9.222222222222221655e-01
8.277777777777777235e-01
7.444444444444444642e-01
6.722222222222221655e-01
6.111111111111110494e-01
5.611111111111111160e-01
5.222222222222221433e-01
4.944444444444444642e-01
4.777777777777778012e-01
4.722222222222222099e-01
4.777777777777777457e-01
4.944444444444444087e-01
5.222222222222221433e-01
5.611111111111110050e-01
6.111111111111109384e-01
6.722222222222221655e-01
7.444444444444442421e-01
8.277777777777775015e-01
9.222222222222221655e-01
1.027777777777777457e+00
1.144444444444444153e+00
1.272222222222222143e+00
1.411111111111110539e+00
1.561111111111110672e+00
1.722222222222222099e+00
1.827777777777777501e+00
1.666666666666666519e+00
1.516666666666666163e+00
1.377777777777777324e+00
1.249999999999999778e+00
1.133333333333333082e+00
1.027777777777777457e+00
9.333333333333330151e-01
8.499999999999996447e-01
7.777777777777774570e-01
7.166666666666663410e-01
6.666666666666662966e-01
6.277777777777774348e-01
5.999999999999996447e-01
5.833333333333329263e-01
5.777777777777773904e-01
5.833333333333329263e-01
5.999999999999995337e-01
6.277777777777774348e-01
6.666666666666662966e-01
7.166666666666662300e-01
7.777777777777774570e-01
8.499999999999995337e-01
9.333333333333327930e-01
1.027777777777777457e+00
1.133333333333332638e+00
1.249999999999999556e+00
1.377777777777777324e+00
1.516666666666665719e+00
1.666666666666666075e+00
1.827777777777777501e+00
1.944444444444444198e+00
1.783333333333333437e+00
1.633333333333332860e+00
1.494444444444444242e+00
1.366666666666666696e+00
1.250000000000000000e+00
1.144444444444444153e+00
1.049999999999999822e+00
9.666666666666665630e-01
8.944444444444441533e-01
8.333333333333331483e-01
7.833333333333331039e-01
7.444444444444442421e-01
7.166666666666664520e-01
6.999999999999997335e-01
6.944444444444441977e-01
6.999999999999997335e-01
7.166666666666663410e-01
7.444444444444442421e-01
7.833333333333329929e-01
8.333333333333330373e-01
8.944444444444441533e-01
9.666666666666663410e-01
1.049999999999999600e+00
1.144444444444444153e+00
1.249999999999999556e+00
1.366666666666666252e+00
1.494444444444444242e+00
1.633333333333332638e+00
1.783333333333332771e+00
1.944444444444444198e+00
2.072222222222221966e+00
1.911111111111111427e+00
1.761111111111111072e+00
1.622222222222222232e+00
1.494444444444444464e+00
1.377777777777777768e+00
1.272222222222222143e+00
1.177777777777777812e+00
1.094444444444444553e+00
1.022222222222222143e+00
9.611111111111111382e-01
9.111111111111110938e-01
8.722222222222222321e-01
8.444444444444444420e-01
8.277777777777777235e-01
8.222222222222221877e-01
8.277777777777777235e-01
8.444444444444443310e-01
8.722222222222222321e-01
9.111111111111109828e-01
9.611111111111110272e-01
1.022222222222222143e+00
1.094444444444444331e+00
1.177777777777777590e+00
1.272222222222222143e+00
1.377777777777777324e+00
1.494444444444444242e+00
1.622222222222222232e+00
1.761111111111110628e+00
1.911111111111110761e+00
2.072222222222221966e+00
2.211111111111110361e+00
2.049999999999999822e+00
1.899999999999999467e+00
1.761111111111110628e+00
1.633333333333332860e+00
1.516666666666666163e+00
1.411111111111110539e+00
1.316666666666666208e+00
1.233333333333332948e+00
1.161111111111110539e+00
1.099999999999999423e+00
1.049999999999999378e+00
1.011111111111110628e+00
9.833333333333328374e-01
9.666666666666661190e-01
9.611111111111105831e-01
9.666666666666661190e-01
9.833333333333327264e-01
1.011111111111110628e+00
1.049999999999999378e+00
1.099999999999999423e+00
1.161111111111110539e+00
1.233333333333332726e+00
1.316666666666665986e+00
1.411111111111110539e+00
1.516666666666665719e+00
1.633333333333332638e+00
1.761111111111110628e+00
1.899999999999999023e+00
2.049999999999998934e+00
2.211111111111110361e+00
2.361111111111110716e+00
2.200000000000000178e+00
2.049999999999999378e+00
1.911111111111110761e+00
1.783333333333333215e+00
1.666666666666666519e+00
1.561111111111110672e+00
1.466666666666666341e+00
1.383333333333333082e+00
1.311111111111110672e+00
1.249999999999999556e+00
1.199999999999999734e+00
1.161111111111110761e+00
1.133333333333332860e+00
1.116666666666666252e+00
1.111111111111110716e+00
1.116666666666666252e+00
1.133333333333332860e+00
1.161111111111110761e+00
1.199999999999999512e+00
1.249999999999999556e+00
1.311111111111110672e+00
1.383333333333332860e+00
1.466666666666666119e+00
1.561111111111110672e+00
1.666666666666666075e+00
1.783333333333332771e+00
1.911111111111110761e+00
2.049999999999998934e+00
2.199999999999999289e+00
2.361111111111110716e+00
2.522222222222222143e+00
2.361111111111111605e+00
2.211111111111110805e+00
2.072222222222221966e+00
1.944444444444444642e+00
1.827777777777777946e+00
1.722222222222222099e+00
1.627777777777777768e+00
1.544444444444444509e+00
1.472222222222222099e+00
1.411111111111110983e+00
1.361111111111111160e+00
1.322222222222222188e+00
1.294444444444444287e+00
1.277777777777777679e+00
1.272222222222222143e+00
1.277777777777777679e+00
1.294444444444444287e+00
1.322222222222222188e+00
1.361111111111110938e+00
1.411111111111110983e+00
1.472222222222222099e+00
1.544444444444444287e+00
1.627777777777777546e+00
1.722222222222222099e+00
1.827777777777777501e+00
1.944444444444444198e+00
2.072222222222221966e+00
2.211111111111110361e+00
2.361111111111110716e+00
2.522222222222222143e+00
2.549999999999999822e+00
2.388888888888889284e+00
2.238888888888888484e+00
2.099999999999999645e+00
1.972222222222222543e+00
1.855555555555555847e+00
1.750000000000000000e+00
1.655555555555555669e+00
1.572222222222222410e+00
1.500000000000000000e+00
1.438888888888888884e+00
1.388888888888889062e+00
1.350000000000000089e+00
1.322222222222222188e+00
1.305555555555555580e+00
1.300000000000000044e+00
1.305555555555555580e+00
1.322222222222222188e+00
1.350000000000000089e+00
1.388888888888888840e+00
1.438888888888888884e+00
1.500000000000000000e+00
1.572222222222222188e+00
1.655555555555555447e+00
1.750000000000000000e+00
1.855555555555555403e+00
1.972222222222222099e+00
2.099999999999999645e+00
2.238888888888888040e+00
2.388888888888888395e+00
2.549999999999999822e+00
2.388888888888889284e+00
2.227777777777778301e+00
2.077777777777777946e+00
1.938888888888889328e+00
1.811111111111111560e+00
1.694444444444444864e+00
1.588888888888889239e+00
1.494444444444444908e+00
1.411111111111111649e+00
1.338888888888889239e+00
1.277777777777778123e+00
1.227777777777778079e+00
1.188888888888889328e+00
1.161111111111111427e+00
1.144444444444444819e+00
1.138888888888889284e+00
1.144444444444444819e+00
1.161111111111111427e+00
1.188888888888889328e+00
1.227777777777778079e+00
1.277777777777778123e+00
1.338888888888889239e+00
1.411111111111111427e+00
1.494444444444444686e+00
1.588888888888889239e+00
1.694444444444444420e+00
1.811111111111111338e+00
1.938888888888889328e+00
2.077777777777777501e+00
2.227777777777777857e+00
2.388888888888889284e+00
2.238888888888888484e+00
2.077777777777777946e+00
1.927777777777777590e+00
1.788888888888888973e+00
1.661111111111111205e+00
1.544444444444444509e+00
1.438888888888888884e+00
1.344444444444444331e+00
1.261111111111111072e+00
1.188888888888888884e+00
1.127777777777777768e+00
1.077777777777777724e+00
1.038888888888888751e+00
1.011111111111111072e+00
9.944444444444443532e-01
9.888888888888888173e-01
9.944444444444443532e-01
1.011111111111110850e+00
1.038888888888888751e+00
1.077777777777777724e+00
1.127777777777777546e+00
1.188888888888888884e+00
1.261111111111110850e+00
1.344444444444444331e+00
1.438888888888888884e+00
1.544444444444444065e+00
1.661111111111110761e+00
1.788888888888888973e+00
1.927777777777777368e+00
2.077777777777777057e+00
2.238888888888888484e+00
2.099999999999999645e+00
1.938888888888889328e+00
1.788888888888888973e+00
1.650000000000000133e+00
1.522222222222222365e+00
1.405555555555555669e+00
1.300000000000000044e+00
1.205555555555555713e+00
1.122222222222222454e+00
1.050000000000000044e+00
9.888888888888890394e-01
9.388888888888889950e-01
9.000000000000001332e-01
8.722222222222223431e-01
8.555555555555556246e-01
8.500000000000000888e-01
8.555555555555556246e-01
8.722222222222222321e-01
9.000000000000001332e-01
9.388888888888888840e-01
9.888888888888889284e-01
1.050000000000000044e+00
1.122222222222222232e+00
1.205555555555555491e+00
1.300000000000000044e+00
1.405555555555555225e+00
1.522222222222222143e+00
1.650000000000000133e+00
1.788888888888888529e+00
1.938888888888888662e+00
2.099999999999999645e+00
1.972222222222222543e+00
1.811111111111111560e+00
1.661111111111111205e+00
1.522222222222222365e+00
1.394444444444444819e+00
1.277777777777778123e+00
1.172222222222222499e+00
1.077777777777778168e+00
9.944444444444446862e-01
9.222222222222224985e-01
8.611111111111113825e-01
8.111111111111113381e-01
7.722222222222224763e-01
7.444444444444446862e-01
7.277777777777779677e-01
7.222222222222224319e-01
7.277777777777779677e-01
7.444444444444445752e-01
7.722222222222224763e-01
8.111111111111113381e-01
8.611111111111112715e-01
9.222222222222224985e-01
9.944444444444445752e-01
1.077777777777777724e+00
1.172222222222222499e+00
1.277777777777777679e+00
1.394444444444444597e+00
1.522222222222222365e+00
1.661111111111110761e+00
1.811111111111111116e+00
1.972222222222222543e+00
1.855555555555555847e+00
1.694444444444444864e+00
1.544444444444444509e+00
1.405555555555555669e+00
1.277777777777778123e+00
1.161111111111111427e+00
1.055555555555555802e+00
9.611111111111113603e-01
8.777777777777779900e-01
8.055555555555558023e-01
7.444444444444446862e-01
6.944444444444446418e-01
6.555555555555557801e-01
6.277777777777779900e-01
6.111111111111112715e-01
6.055555555555557357e-01
6.111111111111112715e-01
6.277777777777778789e-01
6.555555555555557801e-01
6.944444444444446418e-01
7.444444444444445752e-01
8.055555555555558023e-01
8.777777777777778789e-01
9.611111111111111382e-01
1.055555555555555802e+00
1.161111111111110983e+00
1.277777777777777901e+00
1.405555555555555669e+00
1.544444444444444065e+00
1.694444444444444420e+00
1.855555555555555847e+00
1.750000000000000000e+00
1.588888888888889239e+00
1.438888888888888884e+00
1.300000000000000044e+00
1.172222222222222499e+00
1.055555555555555802e+00
9.500000000000000666e-01
8.555555555555556246e-01
7.722222222222223653e-01
7.000000000000000666e-01
6.388888888888889506e-01
5.888888888888890172e-01
5.500000000000000444e-01
5.222222222222222543e-01
5.055555555555556468e-01
5.000000000000000000e-01
5.055555555555555358e-01
5.222222222222222543e-01
5.500000000000000444e-01
5.888888888888889062e-01
6.388888888888888395e-01
7.000000000000000666e-01
7.722222222222221433e-01
8.555555555555554026e-01
9.500000000000000666e-01
1.055555555555555358e+00
1.172222222222222054e+00
1.300000000000000044e+00
1.438888888888888440e+00
1.588888888888888573e+00
1.750000000000000000e+00
1.655555555555555669e+00
1.494444444444444908e+00
1.344444444444444331e+00
1.205555555555555713e+00
1.077777777777778168e+00
9.611111111111113603e-01
8.555555555555556246e-01
7.611111111111112937e-01
6.777777777777780344e-01
6.055555555555556246e-01
5.444444444444446196e-01
4.944444444444445197e-01
4.555555555555556024e-01
4.277777777777778678e-01
4.111111111111112049e-01
4.055555555555556135e-01
4.111111111111111494e-01
4.277777777777778123e-01
4.555555555555556024e-01
4.944444444444444642e-01
5.444444444444445086e-01
6.055555555555556246e-01
6.777777777777778123e-01
7.611111111111110716e-01
8.555555555555556246e-01
9.611111111111109162e-01
1.077777777777777724e+00
1.205555555555555713e+00
1.344444444444444109e+00
1.494444444444444242e+00
1.655555555555555669e+00
1.572222222222222410e+00
1.411111111111111649e+00
1.261111111111111072e+00
1.122222222222222454e+00
9.944444444444446862e-01
8.777777777777779900e-01
7.722222222222223653e-01
6.777777777777780344e-01
5.944444444444446640e-01
5.222222222222223653e-01
4.611111111111111938e-01
4.111111111111112049e-01
3.722222222222222876e-01
3.444444444444445530e-01
3.277777777777778900e-01
3.222222222222222987e-01
3.277777777777778345e-01
3.444444444444444975e-01
3.722222222222222876e-01
4.111111111111111494e-01
4.611111111111110827e-01
5.222222222222223653e-01
5.944444444444445530e-01
6.777777777777778123e-01
7.722222222222223653e-01
8.777777777777775459e-01
9.944444444444444642e-01
1.122222222222222454e+00
1.261111111111110850e+00
1.411111111111110983e+00
1.572222222222222410e+00
1.500000000000000000e+00
1.338888888888889239e+00
1.188888888888888884e+00
1.050000000000000044e+00
9.222222222222224985e-01
8.055555555555558023e-01
7.000000000000000666e-01
6.055555555555556246e-01
5.222222222222223653e-01
4.500000000000000111e-01
3.888888888888888951e-01
3.388888888888889062e-01
2.999999999999999889e-01
2.722222222222222543e-01
2.555555555555555913e-01
2.500000000000000000e-01
2.555555555555555358e-01
2.722222222222221988e-01
2.999999999999999889e-01
3.388888888888888506e-01
3.888888888888887840e-01
4.500000000000000111e-01
5.222222222222221433e-01
6.055555555555554026e-01
7.000000000000000666e-01
8.055555555555553582e-01
9.222222222222220545e-01
1.050000000000000044e+00
1.188888888888888440e+00
1.338888888888888573e+00
1.500000000000000000e+00
1.438888888888888884e+00
1.277777777777778123e+00
1.127777777777777768e+00
9.888888888888890394e-01
8.611111111111113825e-01
7.444444444444446862e-01
6.388888888888889506e-01
5.444444444444446196e-01
4.611111111111111938e-01
3.888888888888888951e-01
3.277777777777778345e-01
2.777777777777778456e-01
2.388888888888889284e-01
2.111111111111111938e-01
1.944444444444444753e-01
1.888888888888889395e-01
1.944444444444444753e-01
2.111111111111110827e-01
2.388888888888889284e-01
2.777777777777777901e-01
3.277777777777777235e-01
3.888888888888888951e-01
4.611111111111110827e-01
5.444444444444443976e-01
6.388888888888889506e-01
7.444444444444442421e-01
8.611111111111110494e-01
9.888888888888890394e-01
1.127777777777777324e+00
1.277777777777777457e+00
1.438888888888888884e+00
1.388888888888889062e+00
1.227777777777778079e+00
1.077777777777777724e+00
9.388888888888889950e-01
8.111111111111113381e-01
6.944444444444446418e-01
5.888888888888890172e-01
4.944444444444445197e-01
4.111111111111112049e-01
3.388888888888889062e-01
2.777777777777778456e-01
2.277777777777778012e-01
1.888888888888888840e-01
1.611111111111111494e-01
1.444444444444444864e-01
1.388888888888888951e-01
1.444444444444444586e-01
1.611111111111110938e-01
1.888888888888888840e-01
2.277777777777777457e-01
2.777777777777777346e-01
3.388888888888889062e-01
4.111111111111110383e-01
4.944444444444442976e-01
5.888888888888890172e-01
6.944444444444441977e-01
8.111111111111110050e-01
9.388888888888889950e-01
1.077777777777777279e+00
1.227777777777777635e+00
1.388888888888889062e+00
1.350000000000000089e+00
1.188888888888889328e+00
1.038888888888888751e+00
9.000000000000001332e-01
7.722222222222224763e-01
6.555555555555557801e-01
5.500000000000000444e-01
4.555555555555556024e-01
3.722222222222222876e-01
2.999999999999999889e-01
2.388888888888889284e-01
1.888888888888888840e-01
1.500000000000000222e-01
1.222222222222222460e-01
1.055555555555555830e-01
1.000000000000000056e-01
1.055555555555555552e-01
1.222222222222221905e-01
1.500000000000000222e-01
1.888888888888888284e-01
2.388888888888888173e-01
2.999999999999999889e-01
3.722222222222221211e-01
4.555555555555553804e-01
5.500000000000000444e-01
6.555555555555553360e-01
7.722222222222221433e-01
9.000000000000001332e-01
1.038888888888888529e+00
1.188888888888888662e+00
1.350000000000000089e+00
1.322222222222222188e+00
1.161111111111111427e+00
1.011111111111111072e+00
8.722222222222223431e-01
7.444444444444446862e-01
6.277777777777779900e-01
5.222222222222222543e-01
4.277777777777778678e-01
3.444444444444445530e-01
2.722222222222222543e-01
2.111111111111111938e-01
1.611111111111111494e-01
1.222222222222222460e-01
9.444444444444449749e-02
7.777777777777782064e-02
7.222222222222224319e-02
7.777777777777779289e-02
9.444444444444442810e-02
1.222222222222222460e-01
1.611111111111110938e-01
2.111111111111110827e-01
2.722222222222222543e-01
3.444444444444443865e-01
4.277777777777776458e-01
5.222222222222222543e-01
6.277777777777775459e-01
7.444444444444443532e-01
8.722222222222223431e-01
1.011111111111110628e+00
1.161111111111110761e+00
1.322222222222222188e+00
1.305555555555555580e+00
1.144444444444444819e+00
9.944444444444443532e-01
8.555555555555556246e-01
7.277777777777779677e-01
6.111111111111112715e-01
5.055555555555556468e-01
4.111111111111112049e-01
3.277777777777778900e-01
2.555555555555555913e-01
1.944444444444444753e-01
1.444444444444444864e-01
1.055555555555555830e-01
7.777777777777782064e-02
6.111111111111115768e-02
5.555555555555558023e-02
6.111111111111112298e-02
7.777777777777776513e-02
1.055555555555555830e-01
1.444444444444444309e-01
1.944444444444443643e-01
2.555555555555555913e-01
3.277777777777777235e-01
4.111111111111109828e-01
5.055555555555556468e-01
6.111111111111108274e-01
7.277777777777776347e-01
8.555555555555556246e-01
9.944444444444440201e-01
1.144444444444444153e+00
1.305555555555555580e+00
1.300000000000000044e+00
1.138888888888889284e+00
9.888888888888888173e-01
8.500000000000000888e-01
7.222222222222224319e-01
6.055555555555557357e-01
5.000000000000000000e-01
4.055555555555556135e-01
3.222222222222222987e-01
2.500000000000000000e-01
1.888888888888889395e-01
1.388888888888888951e-01
1.000000000000000056e-01
7.222222222222224319e-02
5.555555555555558023e-02
5.000000000000000278e-02
5.555555555555555247e-02
7.222222222222218768e-02
1.000000000000000056e-01
1.388888888888888395e-01
1.888888888888888284e-01
2.500000000000000000e-01
3.222222222222221322e-01
4.055555555555553915e-01
5.000000000000000000e-01
6.055555555555552916e-01
7.222222222222220989e-01
8.500000000000000888e-01
9.888888888888884843e-01
1.138888888888888618e+00
1.300000000000000044e+00
1.305555555555555580e+00
1.144444444444444819e+00
9.944444444444443532e-01
8.555555555555556246e-01
7.277777777777779677e-01
6.111111111111112715e-01
5.055555555555555358e-01
4.111111111111111494e-01
3.277777777777778345e-01
2.555555555555555358e-01
1.944444444444444753e-01
1.444444444444444586e-01
1.055555555555555552e-01
7.777777777777779289e-02
6.111111111111112298e-02
5.555555555555555247e-02
6.111111111111109523e-02
7.777777777777773738e-02
1.055555555555555552e-01
1.444444444444444031e-01
1.944444444444443643e-01
2.555555555555555358e-01
3.277777777777776680e-01
4.111111111111109273e-01
5.055555555555555358e-01
6.111111111111108274e-01
7.277777777777776347e-01
8.555555555555556246e-01
9.944444444444440201e-01
1.144444444444444153e+00
1.305555555555555580e+00
1.322222222222222188e+00
1.161111111111111427e+00
1.011111111111110850e+00
8.722222222222222321e-01
7.444444444444445752e-01
6.277777777777778789e-01
5.222222222222222543e-01
4.277777777777778123e-01
3.444444444444444975e-01
2.722222222222221988e-01
2.111111111111110827e-01
1.611111111111110938e-01
1.222222222222221905e-01
9.444444444444442810e-02
7.777777777777776513e-02
7.222222222222218768e-02
7.777777777777773738e-02
9.444444444444437259e-02
1.222222222222221905e-01
1.611111111111110383e-01
2.111111111111109717e-01
2.722222222222221988e-01
3.444444444444443310e-01
4.277777777777775903e-01
5.222222222222222543e-01
6.277777777777774348e-01
7.444444444444442421e-01
8.722222222222222321e-01
1.011111111111110628e+00
1.161111111111110761e+00
1.322222222222222188e+00
1.350000000000000089e+00
1.188888888888889328e+00
1.038888888888888751e+00
9.000000000000001332e-01
7.722222222222224763e-01
6.555555555555557801e-01
5.500000000000000444e-01
4.555555555555556024e-01
3.722222222222222876e-01
2.999999999999999889e-01
2.388888888888889284e-01
1.888888888888888840e-01
1.500000000000000222e-01
1.222222222222222460e-01
1.055555555555555830e-01
1.000000000000000056e-01
1.055555555555555552e-01
1.222222222222221905e-01
1.500000000000000222e-01
1.888888888888888284e-01
2.388888888888888173e-01
2.999999999999999889e-01
3.722222222222221211e-01
4.555555555555553804e-01
5.500000000000000444e-01
6.555555555555553360e-01
7.722222222222221433e-01
9.000000000000001332e-01
1.038888888888888529e+00
1.188888888888888662e+00
1.350000000000000089e+00
1.388888888888888840e+00
1.227777777777778079e+00
1.077777777777777724e+00
9.388888888888888840e-01
8.111111111111113381e-01
6.944444444444446418e-01
5.888888888888889062e-01
4.944444444444444642e-01
4.111111111111111494e-01
3.388888888888888506e-01
2.777777777777777901e-01
2.277777777777777457e-01
1.888888888888888284e-01
1.611111111111110938e-01
1.444444444444444309e-01
1.388888888888888395e-01
1.444444444444444031e-01
1.611111111111110383e-01
1.888888888888888284e-01
2.277777777777776902e-01
2.777777777777776791e-01
3.388888888888888506e-01
4.111111111111109828e-01
4.944444444444442421e-01
5.888888888888889062e-01
6.944444444444441977e-01
8.111111111111108940e-01
9.388888888888888840e-01
1.077777777777777279e+00
1.227777777777777413e+00
1.388888888888888840e+00
1.438888888888888884e+00
1.277777777777778123e+00
1.127777777777777546e+00
9.888888888888889284e-01
8.611111111111112715e-01
7.444444444444445752e-01
6.388888888888888395e-01
5.444444444444445086e-01
4.611111111111110827e-01
3.888888888888887840e-01
3.277777777777777235e-01
2.777777777777777346e-01
2.388888888888888173e-01
2.111111111111110827e-01
1.944444444444443643e-01
1.888888888888888284e-01
1.944444444444443643e-01
2.111111111111109717e-01
2.388888888888888173e-01
2.777777777777776791e-01
3.277777777777776125e-01
3.888888888888887840e-01
4.611111111111109717e-01
5.444444444444442865e-01
6.388888888888888395e-01
7.444444444444441311e-01
8.611111111111109384e-01
9.888888888888889284e-01
1.127777777777777324e+00
1.277777777777777457e+00
1.438888888888888884e+00
1.500000000000000000e+00
1.338888888888889239e+00
1.188888888888888884e+00
1.050000000000000044e+00
9.222222222222224985e-01
8.055555555555558023e-01
7.000000000000000666e-01
6.055555555555556246e-01
5.222222222222223653e-01
4.500000000000000111e-01
3.888888888888888951e-01
3.388888888888889062e-01
2.999999999999999889e-01
2.722222222222222543e-01
2.555555555555555913e-01
2.500000000000000000e-01
2.555555555555555358e-01
2.722222222222221988e-01
2.999999999999999889e-01
3.388888888888888506e-01
3.888888888888887840e-01
4.500000000000000111e-01
5.222222222222221433e-01
6.055555555555554026e-01
7.000000000000000666e-01
8.055555555555553582e-01
9.222222222222220545e-01
1.050000000000000044e+00
1.188888888888888440e+00
1.338888888888888573e+00
1.500000000000000000e+00
1.572222222222222188e+00
1.411111111111111427e+00
1.261111111111110850e+00
1.122222222222222232e+00
9.944444444444445752e-01
8.777777777777778789e-01
7.722222222222221433e-01
6.777777777777778123e-01
5.944444444444445530e-01
5.222222222222221433e-01
4.611111111111110827e-01
4.111111111111110383e-01
3.722222222222221211e-01
3.444444444444443865e-01
3.277777777777777235e-01
3.222222222222221322e-01
3.277777777777776680e-01
3.444444444444443310e-01
3.722222222222221211e-01
4.111111111111109828e-01
4.611111111111109717e-01
5.222222222222221433e-01
5.944444444444443310e-01
6.777777777777775903e-01
7.722222222222221433e-01
8.777777777777774348e-01
9.944444444444442421e-01
1.122222222222222232e+00
1.261111111111110628e+00
1.411111111111110761e+00
1.572222222222222188e+00
1.655555555555555447e+00
1.494444444444444686e+00
1.344444444444444331e+00
1.205555555555555491e+00
1.077777777777777724e+00
9.611111111111111382e-01
8.555555555555554026e-01
7.611111111111110716e-01
6.777777777777778123e-01
6.055555555555554026e-01
5.444444444444443976e-01
4.944444444444442976e-01
4.555555555555553804e-01
4.277777777777776458e-01
4.111111111111109828e-01
4.055555555555553915e-01
4.111111111111109273e-01
4.277777777777775903e-01
4.555555555555553804e-01
4.944444444444442421e-01
5.444444444444442865e-01
6.055555555555554026e-01
6.777777777777775903e-01
7.611111111111108496e-01
8.555555555555554026e-01
9.611111111111106942e-01
1.077777777777777501e+00
1.205555555555555491e+00
1.344444444444443887e+00
1.494444444444444020e+00
1.655555555555555447e+00
1.750000000000000000e+00
1.588888888888889239e+00
1.438888888888888884e+00
1.300000000000000044e+00
1.172222222222222499e+00
1.055555555555555802e+00
9.500000000000000666e-01
8.555555555555556246e-01
7.722222222222223653e-01
7.000000000000000666e-01
6.388888888888889506e-01
5.888888888888890172e-01
5.500000000000000444e-01
5.222222222222222543e-01
5.055555555555556468e-01
5.000000000000000000e-01
5.055555555555555358e-01
5.222222222222222543e-01
5.500000000000000444e-01
5.888888888888889062e-01
6.388888888888888395e-01
7.000000000000000666e-01
7.722222222222221433e-01
8.555555555555554026e-01
9.500000000000000666e-01
1.055555555555555358e+00
1.172222222222222054e+00
1.300000000000000044e+00
1.438888888888888440e+00
1.588888888888888573e+00
1.750000000000000000e+00
1.855555555555555403e+00
1.694444444444444420e+00
1.544444444444444065e+00
1.405555555555555225e+00
1.277777777777777679e+00
1.161111111111110983e+00
1.055555555555555358e+00
9.611111111111109162e-01
8.777777777777775459e-01
8.055555555555553582e-01
7.444444444444442421e-01
6.944444444444441977e-01
6.555555555555553360e-01
6.277777777777775459e-01
6.111111111111108274e-01
6.055555555555552916e-01
6.111111111111108274e-01
6.277777777777774348e-01
6.555555555555553360e-01
6.944444444444441977e-01
7.444444444444441311e-01
8.055555555555553582e-01
8.777777777777774348e-01
9.611111111111106942e-01
1.055555555555555358e+00
1.161111111111110539e+00
1.277777777777777457e+00
1.405555555555555225e+00
1.544444444444443620e+00
1.694444444444443976e+00
1.855555555555555403e+00
1.972222222222222099e+00
1.811111111111111338e+00
1.661111111111110761e+00
1.522222222222222143e+00
1.394444444444444597e+00
1.277777777777777901e+00
1.172222222222222054e+00
1.077777777777777724e+00
9.944444444444444642e-01
9.222222222222220545e-01
8.611111111111110494e-01
8.111111111111110050e-01
7.722222222222221433e-01
7.444444444444443532e-01
7.277777777777776347e-01
7.222222222222220989e-01
7.277777777777776347e-01
7.444444444444442421e-01
7.722222222222221433e-01
8.111111111111108940e-01
8.611111111111109384e-01
9.222222222222220545e-01
9.944444444444442421e-01
1.077777777777777501e+00
1.172222222222222054e+00
1.277777777777777457e+00
1.394444444444444153e+00
1.522222222222222143e+00
1.661111111111110539e+00
1.811111111111110672e+00
1.972222222222222099e+00
2.099999999999999645e+00
1.938888888888889328e+00
1.788888888888888973e+00
1.650000000000000133e+00
1.522222222222222365e+00
1.405555555555555669e+00
1.300000000000000044e+00
1.205555555555555713e+00
1.122222222222222454e+00
1.050000000000000044e+00
9.888888888888890394e-01
9.388888888888889950e-01
9.000000000000001332e-01
8.722222222222223431e-01
8.555555555555556246e-01
8.500000000000000888e-01
8.555555555555556246e-01
8.722222222222222321e-01
9.000000000000001332e-01
9.388888888888888840e-01
9.888888888888889284e-01
1.050000000000000044e+00
1.122222222222222232e+00
1.205555555555555491e+00
1.300000000000000044e+00
1.405555555555555225e+00
1.522222222222222143e+00
1.650000000000000133e+00
1.788888888888888529e+00
1.938888888888888662e+00
2.099999999999999645e+00
2.238888888888888040e+00
2.077777777777777501e+00
1.927777777777777368e+00
1.788888888888888529e+00
1.661111111111110761e+00
1.544444444444444065e+00
1.438888888888888440e+00
1.344444444444444109e+00
1.261111111111110850e+00
1.188888888888888440e+00
1.127777777777777324e+00
1.077777777777777279e+00
1.038888888888888529e+00
1.011111111111110628e+00
9.944444444444440201e-01
9.888888888888884843e-01
9.944444444444440201e-01
1.011111111111110628e+00
1.038888888888888529e+00
1.077777777777777279e+00
1.127777777777777324e+00
1.188888888888888440e+00
1.261111111111110628e+00
1.344444444444443887e+00
1.438888888888888440e+00
1.544444444444443620e+00
1.661111111111110539e+00
1.788888888888888529e+00
1.927777777777776924e+00
2.077777777777776613e+00
2.238888888888888040e+00
2.388888888888888395e+00
2.227777777777777857e+00
2.077777777777777057e+00
1.938888888888888662e+00
1.811111111111111116e+00
1.694444444444444420e+00
1.588888888888888573e+00
1.494444444444444242e+00
1.411111111111110983e+00
1.338888888888888573e+00
1.277777777777777457e+00
1.227777777777777635e+00
1.188888888888888662e+00
1.161111111111110761e+00
1.144444444444444153e+00
1.138888888888888618e+00
1.144444444444444153e+00
1.161111111111110761e+00
1.188888888888888662e+00
1.227777777777777413e+00
1.277777777777777457e+00
1.338888888888888573e+00
1.411111111111110761e+00
1.494444444444444020e+00
1.588888888888888573e+00
1.694444444444443976e+00
1.811111111111110672e+00
1.938888888888888662e+00
2.077777777777776613e+00
2.227777777777776969e+00
2.388888888888888395e+00
2.549999999999999822e+00
2.388888888888889284e+00
2.238888888888888484e+00
2.099999999999999645e+00
1.972222222222222543e+00
1.855555555555555847e+00
1.750000000000000000e+00
1.655555555555555669e+00
1.572222222222222410e+00
1.500000000000000000e+00
1.438888888888888884e+00
1.388888888888889062e+00
1.350000000000000089e+00
1.322222222222222188e+00
1.305555555555555580e+00
1.300000000000000044e+00
1.305555555555555580e+00
1.322222222222222188e+00
1.350000000000000089e+00
1.388888888888888840e+00
1.438888888888888884e+00
1.500000000000000000e+00
1.572222222222222188e+00
1.655555555555555447e+00
1.750000000000000000e+00
1.855555555555555403e+00
1.972222222222222099e+00
2.099999999999999645e+00
2.238888888888888040e+00
2.388888888888888395e+00
2.549999999999999822e+00
2.588888888888889017e+00
2.427777777777778478e+00
2.277777777777777679e+00
2.138888888888888840e+00
2.011111111111111516e+00
1.894444444444444597e+00
1.788888888888888751e+00
1.694444444444444420e+00
1.611111111111111160e+00
1.538888888888888751e+00
1.477777777777777635e+00
1.427777777777777812e+00
1.388888888888888840e+00
1.361111111111110938e+00
1.344444444444444331e+00
1.338888888888888795e+00
1.344444444444444331e+00
1.361111111111110938e+00
1.388888888888888840e+00
1.427777777777777590e+00
1.477777777777777635e+00
1.538888888888888751e+00
1.611111111111110938e+00
1.694444444444444198e+00
1.788888888888888751e+00
1.894444444444444153e+00
2.011111111111111072e+00
2.138888888888888840e+00
2.277777777777777235e+00
2.427777777777777590e+00
2.588888888888889017e+00
2.427777777777778478e+00
2.266666666666667496e+00
2.116666666666667140e+00
1.977777777777778079e+00
1.850000000000000311e+00
1.733333333333333615e+00
1.627777777777777990e+00
1.533333333333333659e+00
1.450000000000000400e+00
1.377777777777777990e+00
1.316666666666666874e+00
1.266666666666666829e+00
1.227777777777778079e+00
1.200000000000000178e+00
1.183333333333333570e+00
1.177777777777778034e+00
1.183333333333333570e+00
1.200000000000000178e+00
1.227777777777778079e+00
1.266666666666666829e+00
1.316666666666666874e+00
1.377777777777777990e+00
1.450000000000000178e+00
1.533333333333333437e+00
1.627777777777777990e+00
1.733333333333333171e+00
1.850000000000000089e+00
1.977777777777778079e+00
2.116666666666666696e+00
2.266666666666667052e+00
2.427777777777778478e+00
2.277777777777777679e+00
2.116666666666667140e+00
1.966666666666666341e+00
1.827777777777777724e+00
1.699999999999999956e+00
1.583333333333333259e+00
1.477777777777777635e+00
1.383333333333333082e+00
1.299999999999999822e+00
1.227777777777777635e+00
1.166666666666666519e+00
1.116666666666666474e+00
1.077777777777777724e+00
1.049999999999999822e+00
1.033333333333333215e+00
1.027777777777777679e+00
1.033333333333333215e+00
1.049999999999999822e+00
1.077777777777777724e+00
1.116666666666666474e+00
1.166666666666666297e+00
1.227777777777777635e+00
1.299999999999999600e+00
1.383333333333333082e+00
1.477777777777777635e+00
1.583333333333332815e+00
1.699999999999999512e+00
1.827777777777777724e+00
1.966666666666666119e+00
2.116666666666666252e+00
2.277777777777777679e+00
2.138888888888888840e+00
1.977777777777778079e+00
1.827777777777777724e+00
1.688888888888888884e+00
1.561111111111111116e+00
1.444444444444444420e+00
1.338888888888888795e+00
1.244444444444444464e+00
1.161111111111111205e+00
1.088888888888888795e+00
1.027777777777777901e+00
9.777777777777778567e-01
9.388888888888888840e-01
9.111111111111112049e-01
8.944444444444443754e-01
8.888888888888888395e-01
8.944444444444443754e-01
9.111111111111109828e-01
9.388888888888888840e-01
9.777777777777776347e-01
1.027777777777777679e+00
1.088888888888888795e+00
1.161111111111110983e+00
1.244444444444444242e+00
1.338888888888888795e+00
1.444444444444443976e+00
1.561111111111110894e+00
1.688888888888888884e+00
1.827777777777777279e+00
1.977777777777777413e+00
2.138888888888888840e+00
2.011111111111111516e+00
1.850000000000000311e+00
1.699999999999999956e+00
1.561111111111111116e+00
1.433333333333333570e+00
1.316666666666666874e+00
1.211111111111111249e+00
1.116666666666666918e+00
1.033333333333333437e+00
9.611111111111112493e-01
9.000000000000001332e-01
8.500000000000000888e-01
8.111111111111113381e-01
7.833333333333334370e-01
7.666666666666668295e-01
7.611111111111112937e-01
7.666666666666668295e-01
7.833333333333334370e-01
8.111111111111113381e-01
8.500000000000000888e-01
9.000000000000001332e-01
9.611111111111112493e-01
1.033333333333333437e+00
1.116666666666666474e+00
1.211111111111111249e+00
1.316666666666666430e+00
1.433333333333333348e+00
1.561111111111111116e+00
1.699999999999999512e+00
1.849999999999999867e+00
2.011111111111111516e+00
1.894444444444444597e+00
1.733333333333333615e+00
1.583333333333333259e+00
1.444444444444444420e+00
1.316666666666666874e+00
1.200000000000000178e+00
1.094444444444444553e+00
1.000000000000000222e+00
9.166666666666667407e-01
8.444444444444445530e-01
7.833333333333334370e-01
7.333333333333333925e-01
6.944444444444446418e-01
6.666666666666667407e-01
6.500000000000001332e-01
6.444444444444445974e-01
6.500000000000001332e-01
6.666666666666667407e-01
6.944444444444446418e-01
7.333333333333333925e-01
7.833333333333334370e-01
8.444444444444445530e-01
9.166666666666667407e-01
1.000000000000000000e+00
1.094444444444444553e+00
1.199999999999999734e+00
1.316666666666666652e+00
1.444444444444444420e+00
1.583333333333332815e+00
1.733333333333333171e+00
1.894444444444444597e+00
1.788888888888888751e+00
1.627777777777777990e+00
1.477777777777777635e+00
1.338888888888888795e+00
1.211111111111111249e+00
1.094444444444444553e+00
9.888888888888889284e-01
8.944444444444443754e-01
8.111111111111111160e-01
7.388888888888889284e-01
6.777777777777778123e-01
6.277777777777777679e-01
5.888888888888887951e-01
5.611111111111111160e-01
5.444444444444445086e-01
5.388888888888888618e-01
5.444444444444443976e-01
5.611111111111111160e-01
5.888888888888887951e-01
6.277777777777777679e-01
6.777777777777775903e-01
7.388888888888889284e-01
8.111111111111108940e-01
8.944444444444441533e-01
9.888888888888889284e-01
1.094444444444444109e+00
1.211111111111110805e+00
1.338888888888888795e+00
1.477777777777777191e+00
1.627777777777777324e+00
1.788888888888888751e+00
1.694444444444444420e+00
1.533333333333333659e+00
1.383333333333333082e+00
1.244444444444444464e+00
1.116666666666666918e+00
1.000000000000000222e+00
8.944444444444443754e-01
8.000000000000000444e-01
7.166666666666667851e-01
6.444444444444443754e-01
5.833333333333334814e-01
5.333333333333334370e-01
4.944444444444444642e-01
4.666666666666667296e-01
4.500000000000000666e-01
4.444444444444444753e-01
4.500000000000000111e-01
4.666666666666666741e-01
4.944444444444444642e-01
5.333333333333333259e-01
5.833333333333332593e-01
6.444444444444443754e-01
7.166666666666665630e-01
7.999999999999998224e-01
8.944444444444443754e-01
9.999999999999997780e-01
1.116666666666666474e+00
1.244444444444444464e+00
1.383333333333332860e+00
1.533333333333332993e+00
1.694444444444444420e+00
1.611111111111111160e+00
1.450000000000000400e+00
1.299999999999999822e+00
1.161111111111111205e+00
1.033333333333333437e+00
9.166666666666667407e-01
8.111111111111111160e-01
7.166666666666667851e-01
6.333333333333335258e-01
5.611111111111111160e-01
5.000000000000000000e-01
4.500000000000000666e-01
4.111111111111111494e-01
3.833333333333334147e-01
3.666666666666667518e-01
3.611111111111111605e-01
3.666666666666666963e-01
3.833333333333333592e-01
4.111111111111111494e-01
4.500000000000000111e-01
4.999999999999999445e-01
5.611111111111111160e-01
6.333333333333333037e-01
7.166666666666665630e-01
8.111111111111111160e-01
9.166666666666662966e-01
1.033333333333333215e+00
1.161111111111111205e+00
1.299999999999999600e+00
1.449999999999999734e+00
1.611111111111111160e+00
1.538888888888888751e+00
1.377777777777777990e+00
1.227777777777777635e+00
1.088888888888888795e+00
9.611111111111112493e-01
8.444444444444445530e-01
7.388888888888889284e-01
6.444444444444443754e-01
5.611111111111111160e-01
4.888888888888888729e-01
4.277777777777777568e-01
3.777777777777777679e-01
3.388888888888888506e-01
3.111111111111111160e-01
2.944444444444443976e-01
2.888888888888888618e-01
2.944444444444443976e-01
3.111111111111110605e-01
3.388888888888888506e-01
3.777777777777777124e-01
4.277777777777776458e-01
4.888888888888888729e-01
5.611111111111110050e-01
6.444444444444441533e-01
7.388888888888889284e-01
8.444444444444441089e-01
9.611111111111108052e-01
1.088888888888888795e+00
1.227777777777777191e+00
1.377777777777777324e+00
1.538888888888888751e+00
1.477777777777777635e+00
1.316666666666666874e+00
1.166666666666666519e+00
1.027777777777777901e+00
9.000000000000001332e-01
7.833333333333334370e-01
6.777777777777778123e-01
5.833333333333334814e-01
5.000000000000000000e-01
4.277777777777777568e-01
3.666666666666666963e-01
3.166666666666666519e-01
2.777777777777777901e-01
2.500000000000000000e-01
2.333333333333333370e-01
2.277777777777777735e-01
2.333333333333333093e-01
2.499999999999999445e-01
2.777777777777777901e-01
3.166666666666666519e-01
3.666666666666665853e-01
4.277777777777777568e-01
4.999999999999999445e-01
5.833333333333332593e-01
6.777777777777778123e-01
7.833333333333329929e-01
8.999999999999999112e-01
1.027777777777777901e+00
1.166666666666666075e+00
1.316666666666666208e+00
1.477777777777777635e+00
1.427777777777777812e+00
1.266666666666666829e+00
1.116666666666666474e+00
9.777777777777778567e-01
8.500000000000000888e-01
7.333333333333333925e-01
6.277777777777777679e-01
5.333333333333334370e-01
4.500000000000000666e-01
3.777777777777777679e-01
3.166666666666666519e-01
2.666666666666666630e-01
2.277777777777777457e-01
2.000000000000000111e-01
1.833333333333333481e-01
1.777777777777777568e-01
1.833333333333332926e-01
1.999999999999999556e-01
2.277777777777777457e-01
2.666666666666666075e-01
3.166666666666665408e-01
3.777777777777777679e-01
4.499999999999999001e-01
5.333333333333332149e-01
6.277777777777777679e-01
7.333333333333329485e-01
8.499999999999998668e-01
9.777777777777778567e-01
1.116666666666666030e+00
1.266666666666666385e+00
1.427777777777777812e+00
1.388888888888888840e+00
1.227777777777778079e+00
1.077777777777777724e+00
9.388888888888888840e-01
8.111111111111113381e-01
6.944444444444446418e-01
5.888888888888887951e-01
4.944444444444444642e-01
4.111111111111111494e-01
3.388888888888888506e-01
2.777777777777777901e-01
2.277777777777777457e-01
1.888888888888888562e-01
1.611111111111110938e-01
1.444444444444444309e-01
1.388888888888888395e-01
1.444444444444444031e-01
1.611111111111110383e-01
1.888888888888888562e-01
2.277777777777776902e-01
2.777777777777776791e-01
3.388888888888888506e-01
4.111111111111109828e-01
4.944444444444442421e-01
5.888888888888887951e-01
6.944444444444441977e-01
8.111111111111108940e-01
9.388888888888888840e-01
1.077777777777777279e+00
1.227777777777777413e+00
1.388888888888888840e+00
1.361111111111110938e+00
1.200000000000000178e+00
1.049999999999999822e+00
9.111111111111112049e-01
7.833333333333334370e-01
6.666666666666667407e-01
5.611111111111111160e-01
4.666666666666667296e-01
3.833333333333334147e-01
3.111111111111111160e-01
2.500000000000000000e-01
2.000000000000000111e-01
1.611111111111110938e-01
1.333333333333333315e-01
1.166666666666666685e-01
1.111111111111110911e-01
1.166666666666666408e-01
1.333333333333332760e-01
1.611111111111110938e-01
1.999999999999999556e-01
2.499999999999999167e-01
3.111111111111111160e-01
3.833333333333332482e-01
4.666666666666665075e-01
5.611111111111111160e-01
6.666666666666662966e-01
7.833333333333332149e-01
9.111111111111112049e-01
1.049999999999999600e+00
1.199999999999999512e+00
1.361111111111110938e+00
1.344444444444444331e+00
1.183333333333333570e+00
1.033333333333333215e+00
8.944444444444443754e-01
7.666666666666668295e-01
6.500000000000001332e-01
5.444444444444445086e-01
4.500000000000000666e-01
3.666666666666667518e-01
2.944444444444443976e-01
2.333333333333333370e-01
1.833333333333333481e-01
1.444444444444444309e-01
1.166666666666666685e-01
1.000000000000000056e-01
9.444444444444442810e-02
9.999999999999997780e-02
1.166666666666666130e-01
1.444444444444444309e-01
1.833333333333332926e-01
2.333333333333332260e-01
2.944444444444443976e-01
3.666666666666665853e-01
4.499999999999998446e-01
5.444444444444445086e-01
6.499999999999996891e-01
7.666666666666663854e-01
8.944444444444443754e-01
1.033333333333332771e+00
1.183333333333332904e+00
1.344444444444444331e+00
1.338888888888888795e+00
1.177777777777778034e+00
1.027777777777777679e+00
8.888888888888888395e-01
7.611111111111112937e-01
6.444444444444445974e-01
5.388888888888888618e-01
4.444444444444444753e-01
3.611111111111111605e-01
2.888888888888888618e-01
2.277777777777777735e-01
1.777777777777777568e-01
1.388888888888888395e-01
1.111111111111110911e-01
9.444444444444442810e-02
8.888888888888885065e-02
9.444444444444440034e-02
1.111111111111110356e-01
1.388888888888888395e-01
1.777777777777777013e-01
2.277777777777776624e-01
2.888888888888888618e-01
3.611111111111109939e-01
4.444444444444442532e-01
5.388888888888888618e-01
6.444444444444441533e-01
7.611111111111108496e-01
8.888888888888888395e-01
1.027777777777777235e+00
1.177777777777777368e+00
1.338888888888888795e+00
1.344444444444444331e+00
1.183333333333333570e+00
1.033333333333333215e+00
8.944444444444443754e-01
7.666666666666668295e-01
6.500000000000001332e-01
5.444444444444443976e-01
4.500000000000000111e-01
3.666666666666666963e-01
2.944444444444443976e-01
2.333333333333333093e-01
1.833333333333332926e-01
1.444444444444444031e-01
1.166666666666666408e-01
9.999999999999997780e-02
9.444444444444440034e-02
9.999999999999995004e-02
1.166666666666665853e-01
1.444444444444444031e-01
1.833333333333332371e-01
2.333333333333331983e-01
2.944444444444443976e-01
3.666666666666665297e-01
4.499999999999997891e-01
5.444444444444443976e-01
6.499999999999996891e-01
7.666666666666663854e-01
8.944444444444443754e-01
1.033333333333332771e+00
1.183333333333332904e+00
1.344444444444444331e+00
1.361111111111110938e+00
1.200000000000000178e+00
1.049999999999999822e+00
9.111111111111109828e-01
7.833333333333334370e-01
6.666666666666667407e-01
5.611111111111111160e-01
4.666666666666666741e-01
3.833333333333333592e-01
3.111111111111110605e-01
2.499999999999999445e-01
1.999999999999999556e-01
1.611111111111110383e-01
1.333333333333332760e-01
1.166666666666666130e-01
1.111111111111110356e-01
1.166666666666665853e-01
1.333333333333332205e-01
1.611111111111110383e-01
1.999999999999999001e-01
2.499999999999998335e-01
3.111111111111110605e-01
3.833333333333331927e-01
4.666666666666664520e-01
5.611111111111111160e-01
6.666666666666662966e-01
7.833333333333329929e-01
9.111111111111109828e-01
1.049999999999999378e+00
1.199999999999999512e+00
1.361111111111110938e+00
1.388888888888888840e+00
1.227777777777778079e+00
1.077777777777777724e+00
9.388888888888888840e-01
8.111111111111113381e-01
6.944444444444446418e-01
5.888888888888887951e-01
4.944444444444444642e-01
4.111111111111111494e-01
3.388888888888888506e-01
2.777777777777777901e-01
2.277777777777777457e-01
1.888888888888888562e-01
1.611111111111110938e-01
1.444444444444444309e-01
1.388888888888888395e-01
1.444444444444444031e-01
1.611111111111110383e-01
1.888888888888888562e-01
2.277777777777776902e-01
2.777777777777776791e-01
3.388888888888888506e-01
4.111111111111109828e-01
4.944444444444442421e-01
5.888888888888887951e-01
6.944444444444441977e-01
8.111111111111108940e-01
9.388888888888888840e-01
1.077777777777777279e+00
1.227777777777777413e+00
1.388888888888888840e+00
1.427777777777777590e+00
1.266666666666666829e+00
1.116666666666666474e+00
9.777777777777776347e-01
8.500000000000000888e-01
7.333333333333333925e-01
6.277777777777777679e-01
5.333333333333333259e-01
4.500000000000000111e-01
3.777777777777777124e-01
3.166666666666666519e-01
2.666666666666666075e-01
2.277777777777776902e-01
1.999999999999999556e-01
1.833333333333332926e-01
1.777777777777777013e-01
1.833333333333332371e-01
1.999999999999999001e-01
2.277777777777776902e-01
2.666666666666665519e-01
3.166666666666665408e-01
3.777777777777777124e-01
4.499999999999998446e-01
5.333333333333331039e-01
6.277777777777777679e-01
7.333333333333329485e-01
8.499999999999996447e-01
9.777777777777776347e-01
1.116666666666666030e+00
1.266666666666666163e+00
1.427777777777777590e+00
1.477777777777777635e+00
1.316666666666666874e+00
1.166666666666666297e+00
1.027777777777777679e+00
9.000000000000001332e-01
7.833333333333334370e-01
6.777777777777775903e-01
5.833333333333332593e-01
4.999999999999999445e-01
4.277777777777776458e-01
3.666666666666665853e-01
3.166666666666665408e-01
2.777777777777776791e-01
2.499999999999999167e-01
2.333333333333332260e-01
2.277777777777776624e-01
2.333333333333331983e-01
2.499999999999998335e-01
2.777777777777776791e-01
3.166666666666665408e-01
3.666666666666664742e-01
4.277777777777776458e-01
4.999999999999998335e-01
5.833333333333330373e-01
6.777777777777775903e-01
7.833333333333329929e-01
8.999999999999996891e-01
1.027777777777777679e+00
1.166666666666666075e+00
1.316666666666666208e+00
1.477777777777777635e+00
1.538888888888888751e+00
1.377777777777777990e+00
1.227777777777777635e+00
1.088888888888888795e+00
9.611111111111112493e-01
8.444444444444445530e-01
7.388888888888889284e-01
6.444444444444443754e-01
5.611111111111111160e-01
4.888888888888888729e-01
4.277777777777777568e-01
3.777777777777777679e-01
3.388888888888888506e-01
3.111111111111111160e-01
2.944444444444443976e-01
2.888888888888888618e-01
2.944444444444443976e-01
3.111111111111110605e-01
3.388888888888888506e-01
3.777777777777777124e-01
4.277777777777776458e-01
4.888888888888888729e-01
5.611111111111110050e-01
6.444444444444441533e-01
7.388888888888889284e-01
8.444444444444441089e-01
9.611111111111108052e-01
1.088888888888888795e+00
1.227777777777777191e+00
1.377777777777777324e+00
1.538888888888888751e+00
1.611111111111110938e+00
1.450000000000000178e+00
1.299999999999999600e+00
1.161111111111110983e+00
1.033333333333333437e+00
9.166666666666667407e-01
8.111111111111108940e-01
7.166666666666665630e-01
6.333333333333333037e-01
5.611111111111110050e-01
4.999999999999999445e-01
4.499999999999999001e-01
4.111111111111109828e-01
3.833333333333332482e-01
3.666666666666665853e-01
3.611111111111109939e-01
3.666666666666665297e-01
3.833333333333331927e-01
4.111111111111109828e-01
4.499999999999998446e-01
4.999999999999998335e-01
5.611111111111110050e-01
6.333333333333330817e-01
7.166666666666663410e-01
8.111111111111108940e-01
9.166666666666662966e-01
1.033333333333332993e+00
1.161111111111110983e+00
1.299999999999999378e+00
1.449999999999999512e+00
1.611111111111110938e+00
1.694444444444444198e+00
1.533333333333333437e+00
1.383333333333333082e+00
1.244444444444444242e+00
1.116666666666666474e+00
1.000000000000000000e+00
8.944444444444441533e-01
7.999999999999998224e-01
7.166666666666665630e-01
6.444444444444441533e-01
5.833333333333332593e-01
5.333333333333332149e-01
4.944444444444442421e-01
4.666666666666665075e-01
4.499999999999998446e-01
4.444444444444442532e-01
4.499999999999997891e-01
4.666666666666664520e-01
4.944444444444442421e-01
5.333333333333331039e-01
5.833333333333330373e-01
6.444444444444441533e-01
7.166666666666663410e-01
7.999999999999996003e-01
8.944444444444441533e-01
9.999999999999995559e-01
1.116666666666666252e+00
1.244444444444444242e+00
1.383333333333332638e+00
1.533333333333332771e+00
1.694444444444444198e+00
1.788888888888888751e+00
1.627777777777777990e+00
1.477777777777777635e+00
1.338888888888888795e+00
1.211111111111111249e+00
1.094444444444444553e+00
9.888888888888889284e-01
8.944444444444443754e-01
8.111111111111111160e-01
7.388888888888889284e-01
6.777777777777778123e-01
6.277777777777777679e-01
5.888888888888887951e-01
5.611111111111111160e-01
5.444444444444445086e-01
5.388888888888888618e-01
5.444444444444443976e-01
5.611111111111111160e-01
5.888888888888887951e-01
6.277777777777777679e-01
6.777777777777775903e-01
7.388888888888889284e-01
8.111111111111108940e-01
8.944444444444441533e-01
9.888888888888889284e-01
1.094444444444444109e+00
1.211111111111110805e+00
1.338888888888888795e+00
1.477777777777777191e+00
1.627777777777777324e+00
1.788888888888888751e+00
1.894444444444444153e+00
1.733333333333333171e+00
1.583333333333332815e+00
1.444444444444443976e+00
1.316666666666666430e+00
1.199999999999999734e+00
1.094444444444444109e+00
9.999999999999997780e-01
9.166666666666662966e-01
8.444444444444441089e-01
7.833333333333329929e-01
7.333333333333329485e-01
6.944444444444441977e-01
6.666666666666662966e-01
6.499999999999996891e-01
6.444444444444441533e-01
6.499999999999996891e-01
6.666666666666662966e-01
6.944444444444441977e-01
7.333333333333329485e-01
7.833333333333329929e-01
8.444444444444441089e-01
9.166666666666662966e-01
9.999999999999995559e-01
1.094444444444444109e+00
1.199999999999999289e+00
1.316666666666666208e+00
1.444444444444443976e+00
1.583333333333332371e+00
1.733333333333332726e+00
1.894444444444444153e+00
2.011111111111111072e+00
1.850000000000000089e+00
1.699999999999999512e+00
1.561111111111110894e+00
1.433333333333333348e+00
1.316666666666666652e+00
1.211111111111110805e+00
1.116666666666666474e+00
1.033333333333333215e+00
9.611111111111108052e-01
8.999999999999999112e-01
8.499999999999998668e-01
8.111111111111108940e-01
7.833333333333332149e-01
7.666666666666663854e-01
7.611111111111108496e-01
7.666666666666663854e-01
7.833333333333329929e-01
8.111111111111108940e-01
8.499999999999996447e-01
8.999999999999996891e-01
9.611111111111108052e-01
1.033333333333332993e+00
1.116666666666666252e+00
1.211111111111110805e+00
1.316666666666666208e+00
1.433333333333332904e+00
1.561111111111110894e+00
1.699999999999999289e+00
1.849999999999999423e+00
2.011111111111111072e+00
2.138888888888888840e+00
1.977777777777778079e+00
1.827777777777777724e+00
1.688888888888888884e+00
1.561111111111111116e+00
1.444444444444444420e+00
1.338888888888888795e+00
1.244444444444444464e+00
1.161111111111111205e+00
1.088888888888888795e+00
1.027777777777777901e+00
9.777777777777778567e-01
9.388888888888888840e-01
9.111111111111112049e-01
8.944444444444443754e-01
8.888888888888888395e-01
8.944444444444443754e-01
9.111111111111109828e-01
9.388888888888888840e-01
9.777777777777776347e-01
1.027777777777777679e+00
1.088888888888888795e+00
1.161111111111110983e+00
1.244444444444444242e+00
1.338888888888888795e+00
1.444444444444443976e+00
1.561111111111110894e+00
1.688888888888888884e+00
1.827777777777777279e+00
1.977777777777777413e+00
2.138888888888888840e+00
2.277777777777777235e+00
2.116666666666666696e+00
1.966666666666666119e+00
1.827777777777777279e+00
1.699999999999999512e+00
1.583333333333332815e+00
1.477777777777777191e+00
1.383333333333332860e+00
1.299999999999999600e+00
1.227777777777777191e+00
1.166666666666666075e+00
1.116666666666666030e+00
1.077777777777777279e+00
1.049999999999999600e+00
1.033333333333332771e+00
1.027777777777777235e+00
1.033333333333332771e+00
1.049999999999999378e+00
1.077777777777777279e+00
1.116666666666666030e+00
1.166666666666666075e+00
1.227777777777777191e+00
1.299999999999999378e+00
1.383333333333332638e+00
1.477777777777777191e+00
1.583333333333332371e+00
1.699999999999999289e+00
1.827777777777777279e+00
1.966666666666665675e+00
2.116666666666665808e+00
2.277777777777777235e+00
2.427777777777777590e+00
2.266666666666667052e+00
2.116666666666666252e+00
1.977777777777777413e+00
1.849999999999999867e+00
1.733333333333333171e+00
1.627777777777777324e+00
1.533333333333332993e+00
1.449999999999999734e+00
1.377777777777777324e+00
1.316666666666666208e+00
1.266666666666666385e+00
1.227777777777777413e+00
1.199999999999999512e+00
1.183333333333332904e+00
1.177777777777777368e+00
1.183333333333332904e+00
1.199999999999999512e+00
1.227777777777777413e+00
1.266666666666666163e+00
1.316666666666666208e+00
1.377777777777777324e+00
1.449999999999999512e+00
1.533333333333332771e+00
1.627777777777777324e+00
1.733333333333332726e+00
1.849999999999999423e+00
1.977777777777777413e+00
2.116666666666665808e+00
2.266666666666666163e+00
2.427777777777777590e+00
2.588888888888889017e+00
2.427777777777778478e+00
2.277777777777777679e+00
2.138888888888888840e+00
2.011111111111111516e+00
1.894444444444444597e+00
1.788888888888888751e+00
1.694444444444444420e+00
1.611111111111111160e+00
1.538888888888888751e+00
1.477777777777777635e+00
1.427777777777777812e+00
1.388888888888888840e+00
1.361111111111110938e+00
1.344444444444444331e+00
1.338888888888888795e+00
1.344444444444444331e+00
1.361111111111110938e+00
1.388888888888888840e+00
1.427777777777777590e+00
1.477777777777777635e+00
1.538888888888888751e+00
1.611111111111110938e+00
1.694444444444444198e+00
1.788888888888888751e+00
1.894444444444444153e+00
2.011111111111111072e+00
2.138888888888888840e+00
2.277777777777777235e+00
2.427777777777777590e+00
2.588888888888889017e+00
2.638888888888888840e+00
2.477777777777778301e+00
2.327777777777777501e+00
2.188888888888888662e+00
2.061111111111111338e+00
1.944444444444444642e+00
1.838888888888888795e+00
1.744444444444444464e+00
1.661111111111111205e+00
1.588888888888888795e+00
1.527777777777777679e+00
1.477777777777777857e+00
1.438888888888888884e+00
1.411111111111110983e+00
1.394444444444444375e+00
1.388888888888888840e+00
1.394444444444444375e+00
1.411111111111110983e+00
1.438888888888888884e+00
1.477777777777777635e+00
1.527777777777777679e+00
1.588888888888888795e+00
1.661111111111110983e+00
1.744444444444444242e+00
1.838888888888888795e+00
1.944444444444444198e+00
2.061111111111110894e+00
2.188888888888888662e+00
2.327777777777777057e+00
2.477777777777777413e+00
2.638888888888888840e+00
2.477777777777778301e+00
2.316666666666667318e+00
2.166666666666666963e+00
2.027777777777778123e+00
1.900000000000000355e+00
1.783333333333333659e+00
1.677777777777778034e+00
1.583333333333333703e+00
1.500000000000000444e+00
1.427777777777778034e+00
1.366666666666666918e+00
1.316666666666666874e+00
1.277777777777778123e+00
1.250000000000000222e+00
1.233333333333333615e+00
1.227777777777778079e+00
1.233333333333333615e+00
1.250000000000000222e+00
1.277777777777778123e+00
1.316666666666666874e+00
1.366666666666666918e+00
1.427777777777778034e+00
1.500000000000000222e+00
1.583333333333333481e+00
1.677777777777778034e+00
1.783333333333333215e+00
1.900000000000000133e+00
2.027777777777778123e+00
2.166666666666666519e+00
2.316666666666666874e+00
2.477777777777778301e+00
2.327777777777777501e+00
2.166666666666666963e+00
2.016666666666666163e+00
1.877777777777777768e+00
1.750000000000000000e+00
1.633333333333333304e+00
1.527777777777777679e+00
1.433333333333333126e+00
1.349999999999999867e+00
1.277777777777777679e+00
1.216666666666666563e+00
1.166666666666666519e+00
1.127777777777777546e+00
1.099999999999999867e+00
1.083333333333333037e+00
1.077777777777777501e+00
1.083333333333333037e+00
1.099999999999999645e+00
1.127777777777777546e+00
1.166666666666666519e+00
1.216666666666666341e+00
1.277777777777777679e+00
1.349999999999999645e+00
1.433333333333333126e+00
1.527777777777777679e+00
1.633333333333332860e+00
1.749999999999999556e+00
1.877777777777777768e+00
2.016666666666666163e+00
2.166666666666666075e+00
2.327777777777777501e+00
2.188888888888888662e+00
2.027777777777778123e+00
1.877777777777777768e+00
1.738888888888888928e+00
1.611111111111111160e+00
1.494444444444444464e+00
1.388888888888888840e+00
1.294444444444444509e+00
1.211111111111111249e+00
1.138888888888888840e+00
1.077777777777777724e+00
1.027777777777777679e+00
9.888888888888889284e-01
9.611111111111111382e-01
9.444444444444444198e-01
9.388888888888888840e-01
9.444444444444444198e-01
9.611111111111110272e-01
9.888888888888889284e-01
1.027777777777777679e+00
1.077777777777777724e+00
1.138888888888888840e+00
1.211111111111111027e+00
1.294444444444444287e+00
1.388888888888888840e+00
1.494444444444444020e+00
1.611111111111110938e+00
1.738888888888888928e+00
1.877777777777777324e+00
2.027777777777777235e+00
2.188888888888888662e+00
2.061111111111111338e+00
1.900000000000000355e+00
1.750000000000000000e+00
1.611111111111111160e+00
1.483333333333333615e+00
1.366666666666666918e+00
1.261111111111111294e+00
1.166666666666666963e+00
1.083333333333333481e+00
1.011111111111111294e+00
9.500000000000001776e-01
9.000000000000001332e-01
8.611111111111112715e-01
8.333333333333334814e-01
8.166666666666667629e-01
8.111111111111112271e-01
8.166666666666667629e-01
8.333333333333333703e-01
8.611111111111112715e-01
9.000000000000001332e-01
9.500000000000000666e-01
1.011111111111111294e+00
1.083333333333333259e+00
1.166666666666666519e+00
1.261111111111111294e+00
1.366666666666666474e+00
1.483333333333333393e+00
1.611111111111111160e+00
1.749999999999999556e+00
1.899999999999999911e+00
2.061111111111111338e+00
1.944444444444444642e+00
1.783333333333333659e+00
1.633333333333333304e+00
1.494444444444444464e+00
1.366666666666666918e+00
1.250000000000000222e+00
1.144444444444444597e+00
1.050000000000000044e+00
9.666666666666667851e-01
8.944444444444445974e-01
8.333333333333334814e-01
7.833333333333334370e-01
7.444444444444445752e-01
7.166666666666667851e-01
7.000000000000000666e-01
6.944444444444445308e-01
7.000000000000000666e-01
7.166666666666666741e-01
7.444444444444445752e-01
7.833333333333334370e-01
8.333333333333333703e-01
8.944444444444445974e-01
9.666666666666666741e-01
1.049999999999999822e+00
1.144444444444444597e+00
1.249999999999999778e+00
1.366666666666666696e+00
1.494444444444444464e+00
1.633333333333332860e+00
1.783333333333333215e+00
1.944444444444444642e+00
1.838888888888888795e+00
1.677777777777778034e+00
1.527777777777777679e+00
1.388888888888888840e+00
1.261111111111111294e+00
1.144444444444444597e+00
1.038888888888888751e+00
9.444444444444444198e-01
8.611111111111111605e-01
7.888888888888888618e-01
7.277777777777777457e-01
6.777777777777778123e-01
6.388888888888888395e-01
6.111111111111110494e-01
5.944444444444444420e-01
5.888888888888887951e-01
5.944444444444443310e-01
6.111111111111110494e-01
6.388888888888888395e-01
6.777777777777777013e-01
7.277777777777776347e-01
7.888888888888888618e-01
8.611111111111109384e-01
9.444444444444441977e-01
1.038888888888888751e+00
1.144444444444444153e+00
1.261111111111110850e+00
1.388888888888888840e+00
1.527777777777777235e+00
1.677777777777777368e+00
1.838888888888888795e+00
1.744444444444444464e+00
1.583333333333333703e+00
1.433333333333333126e+00
1.294444444444444509e+00
1.166666666666666963e+00
1.050000000000000044e+00
9.444444444444444198e-01
8.500000000000000888e-01
7.666666666666668295e-01
6.944444444444444198e-01
6.333333333333334147e-01
5.833333333333333703e-01
5.444444444444443976e-01
5.166666666666667185e-01
5.000000000000000000e-01
4.944444444444444642e-01
5.000000000000000000e-01
5.166666666666666075e-01
5.444444444444443976e-01
5.833333333333332593e-01
6.333333333333333037e-01
6.944444444444444198e-01
7.666666666666666075e-01
8.499999999999998668e-01
9.444444444444444198e-01
1.049999999999999600e+00
1.166666666666666519e+00
1.294444444444444509e+00
1.433333333333332904e+00
1.583333333333333037e+00
1.744444444444444464e+00
1.661111111111111205e+00
1.500000000000000444e+00
1.349999999999999867e+00
1.211111111111111249e+00
1.083333333333333481e+00
9.666666666666667851e-01
8.611111111111111605e-01
7.666666666666668295e-01
6.833333333333334592e-01
6.111111111111111605e-01
5.500000000000000444e-01
5.000000000000000000e-01
4.611111111111111382e-01
4.333333333333333481e-01
4.166666666666667407e-01
4.111111111111110938e-01
4.166666666666666297e-01
4.333333333333333481e-01
4.611111111111111382e-01
5.000000000000000000e-01
5.499999999999999334e-01
6.111111111111111605e-01
6.833333333333333481e-01
7.666666666666666075e-01
8.611111111111111605e-01
9.666666666666663410e-01
1.083333333333333259e+00
1.211111111111111249e+00
1.349999999999999645e+00
1.499999999999999778e+00
1.661111111111111205e+00
1.588888888888888795e+00
1.427777777777778034e+00
1.277777777777777679e+00
1.138888888888888840e+00
1.011111111111111294e+00
8.944444444444445974e-01
7.888888888888888618e-01
6.944444444444444198e-01
6.111111111111111605e-01
5.388888888888888618e-01
4.777777777777777457e-01
4.277777777777777013e-01
3.888888888888888395e-01
3.611111111111110494e-01
3.444444444444443865e-01
3.388888888888887951e-01
3.444444444444443310e-01
3.611111111111110494e-01
3.888888888888888395e-01
4.277777777777777013e-01
4.777777777777776347e-01
5.388888888888888618e-01
6.111111111111109384e-01
6.944444444444441977e-01
7.888888888888888618e-01
8.944444444444441533e-01
1.011111111111110850e+00
1.138888888888888840e+00
1.277777777777777235e+00
1.427777777777777368e+00
1.588888888888888795e+00
1.527777777777777679e+00
1.366666666666666918e+00
1.216666666666666563e+00
1.077777777777777724e+00
9.500000000000001776e-01
8.333333333333334814e-01
7.277777777777777457e-01
6.333333333333334147e-01
5.500000000000000444e-01
4.777777777777777457e-01
4.166666666666666297e-01
3.666666666666666408e-01
3.277777777777777235e-01
2.999999999999999889e-01
2.833333333333333259e-01
2.777777777777777346e-01
2.833333333333332704e-01
2.999999999999999334e-01
3.277777777777777235e-01
3.666666666666665853e-01
4.166666666666665186e-01
4.777777777777777457e-01
5.499999999999999334e-01
6.333333333333331927e-01
7.277777777777777457e-01
8.333333333333330373e-01
9.499999999999998446e-01
1.077777777777777724e+00
1.216666666666666119e+00
1.366666666666666252e+00
1.527777777777777679e+00
1.477777777777777857e+00
1.316666666666666874e+00
1.166666666666666519e+00
1.027777777777777679e+00
9.000000000000001332e-01
7.833333333333334370e-01
6.777777777777778123e-01
5.833333333333333703e-01
5.000000000000000000e-01
4.277777777777777013e-01
3.666666666666666408e-01
3.166666666666666519e-01
2.777777777777776791e-01
2.499999999999999445e-01
2.333333333333332815e-01
2.277777777777777179e-01
2.333333333333332815e-01
2.499999999999998890e-01
2.777777777777776791e-01
3.166666666666665408e-01
3.666666666666665297e-01
4.277777777777777013e-01
4.999999999999998890e-01
5.833333333333331483e-01
6.777777777777778123e-01
7.833333333333329929e-01
8.999999999999998002e-01
1.027777777777777679e+00
1.166666666666666075e+00
1.316666666666666430e+00
1.477777777777777857e+00
1.438888888888888884e+00
1.277777777777778123e+00
1.127777777777777546e+00
9.888888888888889284e-01
8.611111111111112715e-01
7.444444444444445752e-01
6.388888888888888395e-01
5.444444444444443976e-01
4.611111111111111382e-01
3.888888888888888395e-01
3.277777777777777235e-01
2.777777777777776791e-01
2.388888888888888173e-01
2.111111111111110550e-01
1.944444444444443920e-01
1.888888888888888284e-01
1.944444444444443643e-01
2.111111111111109995e-01
2.388888888888888173e-01
2.777777777777776791e-01
3.277777777777776125e-01
3.888888888888888395e-01
4.611111111111109162e-01
5.444444444444441755e-01
6.388888888888888395e-01
7.444444444444441311e-01
8.611111111111109384e-01
9.888888888888889284e-01
1.127777777777777324e+00
1.277777777777777457e+00
1.438888888888888884e+00
1.411111111111110983e+00
1.250000000000000222e+00
1.099999999999999867e+00
9.611111111111111382e-01
8.333333333333334814e-01
7.166666666666667851e-01
6.111111111111110494e-01
5.166666666666667185e-01
4.333333333333333481e-01
3.611111111111110494e-01
2.999999999999999889e-01
2.499999999999999445e-01
2.111111111111110550e-01
1.833333333333332926e-01
1.666666666666666297e-01
1.611111111111110661e-01
1.666666666666666019e-01
1.833333333333332371e-01
2.111111111111110550e-01
2.499999999999998890e-01
2.999999999999998779e-01
3.611111111111110494e-01
4.333333333333332371e-01
5.166666666666664964e-01
6.111111111111110494e-01
7.166666666666663410e-01
8.333333333333331483e-01
9.611111111111111382e-01
1.099999999999999423e+00
1.249999999999999556e+00
1.411111111111110983e+00
1.394444444444444375e+00
1.233333333333333615e+00
1.083333333333333037e+00
9.444444444444444198e-01
8.166666666666667629e-01
7.000000000000000666e-01
5.944444444444444420e-01
5.000000000000000000e-01
4.166666666666667407e-01
3.444444444444443865e-01
2.833333333333333259e-01
2.333333333333332815e-01
1.944444444444443920e-01
1.666666666666666297e-01
1.499999999999999667e-01
1.444444444444443754e-01
1.499999999999999389e-01
1.666666666666665741e-01
1.944444444444443920e-01
2.333333333333332260e-01
2.833333333333332149e-01
3.444444444444443865e-01
4.166666666666665186e-01
4.999999999999997780e-01
5.944444444444444420e-01
6.999999999999996225e-01
8.166666666666664298e-01
9.444444444444444198e-01
1.083333333333332815e+00
1.233333333333332948e+00
1.394444444444444375e+00
1.388888888888888840e+00
1.227777777777778079e+00
1.077777777777777501e+00
9.388888888888888840e-01
8.111111111111112271e-01
6.944444444444445308e-01
5.888888888888887951e-01
4.944444444444444642e-01
4.111111111111110938e-01
3.388888888888887951e-01
2.777777777777777346e-01
2.277777777777777179e-01
1.888888888888888284e-01
1.611111111111110661e-01
1.444444444444443754e-01
1.388888888888888118e-01
1.444444444444443476e-01
1.611111111111109828e-01
1.888888888888888284e-01
2.277777777777776624e-01
2.777777777777776236e-01
3.388888888888887951e-01
4.111111111111109828e-01
4.944444444444442421e-01
5.888888888888887951e-01
6.944444444444440867e-01
8.111111111111108940e-01
9.388888888888888840e-01
1.077777777777777279e+00
1.227777777777777413e+00
1.388888888888888840e+00
1.394444444444444375e+00
1.233333333333333615e+00
1.083333333333333037e+00
9.444444444444444198e-01
8.166666666666667629e-01
7.000000000000000666e-01
5.944444444444443310e-01
5.000000000000000000e-01
4.166666666666666297e-01
3.444444444444443310e-01
2.833333333333332704e-01
2.333333333333332815e-01
1.944444444444443643e-01
1.666666666666666019e-01
1.499999999999999389e-01
1.444444444444443476e-01
1.499999999999999112e-01
1.666666666666665464e-01
1.944444444444443643e-01
2.333333333333332260e-01
2.833333333333331594e-01
3.444444444444443310e-01
4.166666666666665186e-01
4.999999999999997780e-01
5.944444444444443310e-01
6.999999999999996225e-01
8.166666666666664298e-01
9.444444444444444198e-01
1.083333333333332815e+00
1.233333333333332948e+00
1.394444444444444375e+00
1.411111111111110983e+00
1.250000000000000222e+00
1.099999999999999645e+00
9.611111111111110272e-01
8.333333333333333703e-01
7.166666666666666741e-01
6.111111111111110494e-01
5.166666666666666075e-01
4.333333333333333481e-01
3.611111111111110494e-01
2.999999999999999334e-01
2.499999999999998890e-01
2.111111111111109995e-01
1.833333333333332371e-01
1.666666666666665741e-01
1.611111111111109828e-01
1.666666666666665464e-01
1.833333333333331816e-01
2.111111111111109995e-01
2.499999999999998335e-01
2.999999999999998224e-01
3.611111111111110494e-01
4.333333333333331261e-01
5.166666666666663854e-01
6.111111111111110494e-01
7.166666666666662300e-01
8.333333333333330373e-01
9.611111111111110272e-01
1.099999999999999423e+00
1.249999999999999556e+00
1.411111111111110983e+00
1.438888888888888884e+00
1.277777777777778123e+00
1.127777777777777546e+00
9.888888888888889284e-01
8.611111111111112715e-01
7.444444444444445752e-01
6.388888888888888395e-01
5.444444444444443976e-01
4.611111111111111382e-01
3.888888888888888395e-01
3.277777777777777235e-01
2.777777777777776791e-01
2.388888888888888173e-01
2.111111111111110550e-01
1.944444444444443920e-01
1.888888888888888284e-01
1.944444444444443643e-01
2.111111111111109995e-01
2.388888888888888173e-01
2.777777777777776791e-01
3.277777777777776125e-01
3.888888888888888395e-01
4.611111111111109162e-01
5.444444444444441755e-01
6.388888888888888395e-01
7.444444444444441311e-01
8.611111111111109384e-01
9.888888888888889284e-01
1.127777777777777324e+00
1.277777777777777457e+00
1.438888888888888884e+00
1.477777777777777635e+00
1.316666666666666874e+00
1.166666666666666519e+00
1.027777777777777679e+00
9.000000000000001332e-01
7.833333333333334370e-01
6.777777777777777013e-01
5.833333333333332593e-01
5.000000000000000000e-01
4.277777777777777013e-01
3.666666666666665853e-01
3.166666666666665408e-01
2.777777777777776791e-01
2.499999999999998890e-01
2.333333333333332260e-01
2.277777777777776624e-01
2.333333333333332260e-01
2.499999999999998335e-01
2.777777777777776791e-01
3.166666666666665408e-01
3.666666666666664742e-01
4.277777777777777013e-01
4.999999999999997780e-01
5.833333333333330373e-01
6.777777777777777013e-01
7.833333333333329929e-01
8.999999999999996891e-01
1.027777777777777679e+00
1.166666666666666075e+00
1.316666666666666208e+00
1.477777777777777635e+00
1.527777777777777679e+00
1.366666666666666918e+00
1.216666666666666341e+00
1.077777777777777724e+00
9.500000000000000666e-01
8.333333333333333703e-01
7.277777777777776347e-01
6.333333333333333037e-01
5.499999999999999334e-01
4.777777777777776347e-01
4.166666666666665186e-01
3.666666666666665297e-01
3.277777777777776125e-01
2.999999999999998779e-01
2.833333333333332149e-01
2.777777777777776236e-01
2.833333333333331594e-01
2.999999999999998224e-01
3.277777777777776125e-01
3.666666666666664742e-01
4.166666666666664076e-01
4.777777777777776347e-01
5.499999999999998224e-01
6.333333333333330817e-01
7.277777777777776347e-01
8.333333333333329263e-01
9.499999999999997335e-01
1.077777777777777724e+00
1.216666666666666119e+00
1.366666666666666252e+00
1.527777777777777679e+00
1.588888888888888795e+00
1.427777777777778034e+00
1.277777777777777679e+00
1.138888888888888840e+00
1.011111111111111294e+00
8.944444444444445974e-01
7.888888888888888618e-01
6.944444444444444198e-01
6.111111111111111605e-01
5.388888888888888618e-01
4.777777777777777457e-01
4.277777777777777013e-01
3.888888888888888395e-01
3.611111111111110494e-01
3.444444444444443865e-01
3.388888888888887951e-01
3.444444444444443310e-01
3.611111111111110494e-01
3.888888888888888395e-01
4.277777777777777013e-01
4.777777777777776347e-01
5.388888888888888618e-01
6.111111111111109384e-01
6.944444444444441977e-01
7.888888888888888618e-01
8.944444444444441533e-01
1.011111111111110850e+00
1.138888888888888840e+00
1.277777777777777235e+00
1.427777777777777368e+00
1.588888888888888795e+00
1.661111111111110983e+00
1.500000000000000222e+00
1.349999999999999645e+00
1.211111111111111027e+00
1.083333333333333259e+00
9.666666666666666741e-01
8.611111111111109384e-01
7.666666666666666075e-01
6.833333333333333481e-01
6.111111111111109384e-01
5.499999999999999334e-01
4.999999999999998890e-01
4.611111111111109162e-01
4.333333333333332371e-01
4.166666666666665186e-01
4.111111111111109828e-01
4.166666666666665186e-01
4.333333333333331261e-01
4.611111111111109162e-01
4.999999999999997780e-01
5.499999999999998224e-01
6.111111111111109384e-01
6.833333333333331261e-01
7.666666666666663854e-01
8.611111111111109384e-01
9.666666666666662300e-01
1.083333333333333037e+00
1.211111111111111027e+00
1.349999999999999423e+00
1.499999999999999556e+00
1.661111111111110983e+00
1.744444444444444242e+00
1.583333333333333481e+00
1.433333333333333126e+00
1.294444444444444287e+00
1.166666666666666519e+00
1.049999999999999822e+00
9.444444444444441977e-01
8.499999999999998668e-01
7.666666666666666075e-01
6.944444444444441977e-01
6.333333333333331927e-01
5.833333333333331483e-01
5.444444444444441755e-01
5.166666666666664964e-01
4.999999999999997780e-01
4.944444444444442421e-01
4.999999999999997780e-01
5.166666666666663854e-01
5.444444444444441755e-01
5.833333333333330373e-01
6.333333333333330817e-01
6.944444444444441977e-01
7.666666666666663854e-01
8.499999999999996447e-01
9.444444444444441977e-01
1.049999999999999378e+00
1.166666666666666297e+00
1.294444444444444287e+00
1.433333333333332682e+00
1.583333333333332815e+00
1.744444444444444242e+00
1.838888888888888795e+00
1.677777777777778034e+00
1.527777777777777679e+00
1.388888888888888840e+00
1.261111111111111294e+00
1.144444444444444597e+00
1.038888888888888751e+00
9.444444444444444198e-01
8.611111111111111605e-01
7.888888888888888618e-01
7.277777777777777457e-01
6.777777777777778123e-01
6.388888888888888395e-01
6.111111111111110494e-01
5.944444444444444420e-01
5.888888888888887951e-01
5.944444444444443310e-01
6.111111111111110494e-01
6.388888888888888395e-01
6.777777777777777013e-01
7.277777777777776347e-01
7.888888888888888618e-01
8.611111111111109384e-01
9.444444444444441977e-01
1.038888888888888751e+00
1.144444444444444153e+00
1.261111111111110850e+00
1.388888888888888840e+00
1.527777777777777235e+00
1.677777777777777368e+00
1.838888888888888795e+00
1.944444444444444198e+00
1.783333333333333215e+00
1.633333333333332860e+00
1.494444444444444020e+00
1.366666666666666474e+00
1.249999999999999778e+00
1.144444444444444153e+00
1.049999999999999600e+00
9.666666666666663410e-01
8.944444444444441533e-01
8.333333333333330373e-01
7.833333333333329929e-01
7.444444444444441311e-01
7.166666666666663410e-01
6.999999999999996225e-01
6.944444444444440867e-01
6.999999999999996225e-01
7.166666666666662300e-01
7.444444444444441311e-01
7.833333333333329929e-01
8.333333333333329263e-01
8.944444444444441533e-01
9.666666666666662300e-01
1.049999999999999378e+00
1.144444444444444153e+00
1.249999999999999334e+00
1.366666666666666252e+00
1.494444444444444020e+00
1.633333333333332416e+00
1.783333333333332771e+00
1.944444444444444198e+00
2.061111111111110894e+00
1.900000000000000133e+00
1.749999999999999556e+00
1.611111111111110938e+00
1.483333333333333393e+00
1.366666666666666696e+00
1.261111111111110850e+00
1.166666666666666519e+00
1.083333333333333259e+00
1.011111111111110850e+00
9.499999999999998446e-01
8.999999999999998002e-01
8.611111111111109384e-01
8.333333333333331483e-01
8.166666666666664298e-01
8.111111111111108940e-01
8.166666666666664298e-01
8.333333333333330373e-01
8.611111111111109384e-01
8.999999999999996891e-01
9.499999999999997335e-01
1.011111111111110850e+00
1.083333333333333037e+00
1.166666666666666297e+00
1.261111111111110850e+00
1.366666666666666252e+00
1.483333333333332948e+00
1.611111111111110938e+00
1.749999999999999334e+00
1.899999999999999467e+00
2.061111111111110894e+00
2.188888888888888662e+00
2.027777777777778123e+00
1.877777777777777768e+00
1.738888888888888928e+00
1.611111111111111160e+00
1.494444444444444464e+00
1.388888888888888840e+00
1.294444444444444509e+00
1.211111111111111249e+00
1.138888888888888840e+00
1.077777777777777724e+00
1.027777777777777679e+00
9.888888888888889284e-01
9.611111111111111382e-01
9.444444444444444198e-01
9.388888888888888840e-01
9.444444444444444198e-01
9.611111111111110272e-01
9.888888888888889284e-01
1.027777777777777679e+00
1.077777777777777724e+00
1.138888888888888840e+00
1.211111111111111027e+00
1.294444444444444287e+00
1.388888888888888840e+00
1.494444444444444020e+00
1.611111111111110938e+00
1.738888888888888928e+00
1.877777777777777324e+00
2.027777777777777235e+00
2.188888888888888662e+00
2.327777777777777057e+00
2.166666666666666519e+00
2.016666666666666163e+00
1.877777777777777324e+00
1.749999999999999556e+00
1.633333333333332860e+00
1.527777777777777235e+00
1.433333333333332904e+00
1.349999999999999645e+00
1.277777777777777235e+00
1.216666666666666119e+00
1.166666666666666075e+00
1.127777777777777324e+00
1.099999999999999423e+00
1.083333333333332815e+00
1.077777777777777279e+00
1.083333333333332815e+00
1.099999999999999423e+00
1.127777777777777324e+00
1.166666666666666075e+00
1.216666666666666119e+00
1.277777777777777235e+00
1.349999999999999423e+00
1.433333333333332682e+00
1.527777777777777235e+00
1.633333333333332416e+00
1.749999999999999334e+00
1.877777777777777324e+00
2.016666666666665719e+00
2.166666666666665630e+00
2.327777777777777057e+00
2.477777777777777413e+00
2.316666666666666874e+00
2.166666666666666075e+00
2.027777777777777235e+00
1.899999999999999911e+00
1.783333333333333215e+00
1.677777777777777368e+00
1.583333333333333037e+00
1.499999999999999778e+00
1.427777777777777368e+00
1.366666666666666252e+00
1.316666666666666430e+00
1.277777777777777457e+00
1.249999999999999556e+00
1.233333333333332948e+00
1.227777777777777413e+00
1.233333333333332948e+00
1.249999999999999556e+00
1.277777777777777457e+00
1.316666666666666208e+00
1.366666666666666252e+00
1.427777777777777368e+00
1.499999999999999556e+00
1.583333333333332815e+00
1.677777777777777368e+00
1.783333333333332771e+00
1.899999999999999467e+00
2.027777777777777235e+00
2.166666666666665630e+00
2.316666666666665986e+00
2.477777777777777413e+00
2.638888888888888840e+00
2.477777777777778301e+00
2.327777777777777501e+00
2.188888888888888662e+00
2.061111111111111338e+00
1.944444444444444642e+00
1.838888888888888795e+00
1.744444444444444464e+00
1.661111111111111205e+00
1.588888888888888795e+00
1.527777777777777679e+00
1.477777777777777857e+00
1.438888888888888884e+00
1.411111111111110983e+00
1.394444444444444375e+00
1.388888888888888840e+00
1.394444444444444375e+00
1.411111111111110983e+00
1.438888888888888884e+00
1.477777777777777635e+00
1.527777777777777679e+00
1.588888888888888795e+00
1.661111111111110983e+00
1.744444444444444242e+00
1.838888888888888795e+00
1.944444444444444198e+00
2.061111111111110894e+00
2.188888888888888662e+00
2.327777777777777057e+00
2.477777777777777413e+00
2.638888888888888840e+00
2.700000000000000178e+00
2.538888888888889639e+00
2.388888888888888840e+00
2.250000000000000000e+00
2.122222222222222676e+00
2.005555555555555980e+00
1.899999999999999911e+00
1.805555555555555580e+00
1.722222222222222321e+00
1.649999999999999911e+00
1.588888888888888795e+00
1.538888888888888973e+00
1.500000000000000000e+00
1.472222222222222099e+00
1.455555555555555491e+00
1.449999999999999956e+00
1.455555555555555491e+00
1.472222222222222099e+00
1.500000000000000000e+00
1.538888888888888751e+00
1.588888888888888795e+00
1.649999999999999911e+00
1.722222222222222099e+00
1.805555555555555358e+00
1.899999999999999911e+00
2.005555555555555536e+00
2.122222222222222232e+00
2.250000000000000000e+00
2.388888888888888395e+00
2.538888888888888751e+00
2.700000000000000178e+00
2.538888888888889639e+00
2.377777777777778656e+00
2.227777777777778301e+00
2.088888888888889461e+00
1.961111111111111471e+00
1.844444444444444775e+00
1.738888888888889150e+00
1.644444444444444819e+00
1.561111111111111560e+00
1.488888888888889150e+00
1.427777777777778034e+00
1.377777777777777990e+00
1.338888888888889239e+00
1.311111111111111338e+00
1.294444444444444731e+00
1.288888888888889195e+00
1.294444444444444731e+00
1.311111111111111338e+00
1.338888888888889239e+00
1.377777777777777990e+00
1.427777777777778034e+00
1.488888888888889150e+00
1.561111111111111338e+00
1.644444444444444597e+00
1.738888888888889150e+00
1.844444444444444331e+00
1.961111111111111249e+00
2.088888888888889461e+00
2.227777777777777857e+00
2.377777777777778212e+00
2.538888888888889639e+00
2.388888888888888840e+00
2.227777777777778301e+00
2.077777777777777501e+00
1.938888888888888884e+00
1.811111111111111116e+00
1.694444444444444420e+00
1.588888888888888795e+00
1.494444444444444242e+00
1.411111111111110983e+00
1.338888888888888795e+00
1.277777777777777679e+00
1.227777777777777635e+00
1.188888888888888884e+00
1.161111111111110983e+00
1.144444444444444375e+00
1.138888888888888840e+00
1.144444444444444375e+00
1.161111111111110983e+00
1.188888888888888884e+00
1.227777777777777635e+00
1.277777777777777457e+00
1.338888888888888795e+00
1.411111111111110761e+00
1.494444444444444242e+00
1.588888888888888795e+00
1.694444444444443976e+00
1.811111111111110672e+00
1.938888888888888884e+00
2.077777777777777501e+00
2.227777777777777413e+00
2.388888888888888840e+00
2.250000000000000000e+00
2.088888888888889461e+00
1.938888888888888884e+00
1.800000000000000044e+00
1.672222222222222276e+00
1.555555555555555580e+00
1.449999999999999956e+00
1.355555555555555625e+00
1.272222222222222365e+00
1.199999999999999956e+00
1.138888888888889062e+00
1.088888888888889017e+00
1.050000000000000044e+00
1.022222222222222365e+00
1.005555555555555536e+00
1.000000000000000000e+00
1.005555555555555536e+00
1.022222222222222143e+00
1.050000000000000044e+00
1.088888888888888795e+00
1.138888888888888840e+00
1.199999999999999956e+00
1.272222222222222143e+00
1.355555555555555403e+00
1.449999999999999956e+00
1.555555555555555136e+00
1.672222222222222054e+00
1.800000000000000044e+00
1.938888888888888440e+00
2.088888888888888573e+00
2.250000000000000000e+00
2.122222222222222676e+00
1.961111111111111471e+00
1.811111111111111116e+00
1.672222222222222276e+00
1.544444444444444731e+00
1.427777777777778034e+00
1.322222222222222410e+00
1.227777777777778079e+00
1.144444444444444597e+00
1.072222222222222410e+00
1.011111111111111294e+00
9.611111111111112493e-01
9.222222222222224985e-01
8.944444444444445974e-01
8.777777777777779900e-01
8.722222222222224541e-01
8.777777777777779900e-01
8.944444444444445974e-01
9.222222222222224985e-01
9.611111111111112493e-01
1.011111111111111294e+00
1.072222222222222410e+00
1.144444444444444597e+00
1.227777777777777635e+00
1.322222222222222410e+00
1.427777777777777590e+00
1.544444444444444509e+00
1.672222222222222276e+00
1.811111111111110672e+00
1.961111111111111027e+00
2.122222222222222676e+00
2.005555555555555980e+00
1.844444444444444775e+00
1.694444444444444420e+00
1.555555555555555580e+00
1.427777777777778034e+00
1.311111111111111338e+00
1.205555555555555713e+00
1.111111111111111382e+00
1.027777777777777901e+00
9.555555555555557135e-01
8.944444444444445974e-01
8.444444444444445530e-01
8.055555555555558023e-01
7.777777777777779011e-01
7.611111111111112937e-01
7.555555555555557579e-01
7.611111111111112937e-01
7.777777777777779011e-01
8.055555555555558023e-01
8.444444444444445530e-01
8.944444444444445974e-01
9.555555555555557135e-01
1.027777777777777901e+00
1.111111111111111160e+00
1.205555555555555713e+00
1.311111111111110894e+00
1.427777777777777812e+00
1.555555555555555580e+00
1.694444444444443976e+00
1.844444444444444331e+00
2.005555555555555980e+00
1.899999999999999911e+00
1.738888888888889150e+00
1.588888888888888795e+00
1.449999999999999956e+00
1.322222222222222410e+00
1.205555555555555713e+00
1.100000000000000089e+00
1.005555555555555536e+00
9.222222222222222765e-01
8.500000000000000888e-01
7.888888888888889728e-01
7.388888888888889284e-01
6.999999999999999556e-01
6.722222222222222765e-01
6.555555555555556690e-01
6.500000000000000222e-01
6.555555555555555580e-01
6.722222222222222765e-01
6.999999999999999556e-01
7.388888888888889284e-01
7.888888888888887507e-01
8.500000000000000888e-01
9.222222222222220545e-01
1.005555555555555314e+00
1.100000000000000089e+00
1.205555555555555269e+00
1.322222222222221966e+00
1.449999999999999956e+00
1.588888888888888351e+00
1.738888888888888484e+00
1.899999999999999911e+00
1.805555555555555580e+00
1.644444444444444819e+00
1.494444444444444242e+00
1.355555555555555625e+00
1.227777777777778079e+00
1.111111111111111382e+00
1.005555555555555536e+00
9.111111111111112049e-01
8.277777777777779455e-01
7.555555555555555358e-01
6.944444444444446418e-01
6.444444444444445974e-01
6.055555555555556246e-01
5.777777777777779455e-01
5.611111111111112271e-01
5.555555555555555802e-01
5.611111111111111160e-01
5.777777777777778345e-01
6.055555555555556246e-01
6.444444444444444864e-01
6.944444444444444198e-01
7.555555555555555358e-01
8.277777777777777235e-01
9.111111111111109828e-01
1.005555555555555536e+00
1.111111111111110938e+00
1.227777777777777635e+00
1.355555555555555625e+00
1.494444444444444020e+00
1.644444444444444153e+00
1.805555555555555580e+00
1.722222222222222321e+00
1.561111111111111560e+00
1.411111111111110983e+00
1.272222222222222365e+00
1.144444444444444597e+00
1.027777777777777901e+00
9.222222222222222765e-01
8.277777777777779455e-01
7.444444444444446862e-01
6.722222222222222765e-01
6.111111111111111605e-01
5.611111111111112271e-01
5.222222222222223653e-01
4.944444444444445752e-01
4.777777777777779122e-01
4.722222222222223209e-01
4.777777777777778567e-01
4.944444444444445197e-01
5.222222222222223653e-01
5.611111111111111160e-01
6.111111111111111605e-01
6.722222222222222765e-01
7.444444444444444642e-01
8.277777777777777235e-01
9.222222222222222765e-01
1.027777777777777457e+00
1.144444444444444375e+00
1.272222222222222365e+00
1.411111111111110761e+00
1.561111111111110894e+00
1.722222222222222321e+00
1.649999999999999911e+00
1.488888888888889150e+00
1.338888888888888795e+00
1.199999999999999956e+00
1.072222222222222410e+00
9.555555555555557135e-01
8.500000000000000888e-01
7.555555555555555358e-01
6.722222222222222765e-01
6.000000000000000888e-01
5.388888888888889728e-01
4.888888888888889284e-01
4.500000000000000111e-01
4.222222222222222765e-01
4.055555555555555580e-01
4.000000000000000222e-01
4.055555555555555580e-01
4.222222222222222210e-01
4.500000000000000111e-01
4.888888888888888729e-01
5.388888888888887507e-01
6.000000000000000888e-01
6.722222222222221655e-01
7.555555555555553138e-01
8.500000000000000888e-01
9.555555555555552694e-01
1.072222222222221966e+00
1.199999999999999956e+00
1.338888888888888351e+00
1.488888888888888484e+00
1.649999999999999911e+00
1.588888888888888795e+00
1.427777777777778034e+00
1.277777777777777679e+00
1.138888888888889062e+00
1.011111111111111294e+00
8.944444444444445974e-01
7.888888888888889728e-01
6.944444444444446418e-01
6.111111111111111605e-01
5.388888888888889728e-01
4.777777777777778567e-01
4.277777777777778123e-01
3.888888888888889506e-01
3.611111111111111605e-01
3.444444444444444975e-01
3.388888888888889062e-01
3.444444444444444420e-01
3.611111111111111049e-01
3.888888888888889506e-01
4.277777777777778123e-01
4.777777777777777457e-01
5.388888888888889728e-01
6.111111111111111605e-01
6.944444444444444198e-01
7.888888888888889728e-01
8.944444444444441533e-01
1.011111111111111072e+00
1.138888888888889062e+00
1.277777777777777235e+00
1.427777777777777368e+00
1.588888888888888795e+00
1.538888888888888973e+00
1.377777777777777990e+00
1.227777777777777635e+00
1.088888888888889017e+00
9.611111111111112493e-01
8.444444444444445530e-01
7.388888888888889284e-01
6.444444444444445974e-01
5.611111111111112271e-01
4.888888888888889284e-01
4.277777777777778123e-01
3.777777777777778234e-01
3.388888888888889062e-01
3.111111111111111716e-01
2.944444444444445086e-01
2.888888888888889173e-01
2.944444444444444531e-01
3.111111111111111160e-01
3.388888888888889062e-01
3.777777777777777679e-01
4.277777777777777013e-01
4.888888888888889284e-01
5.611111111111111160e-01
6.444444444444443754e-01
7.388888888888889284e-01
8.444444444444441089e-01
9.611111111111110272e-01
1.088888888888889017e+00
1.227777777777777191e+00
1.377777777777777546e+00
1.538888888888888973e+00
1.500000000000000000e+00
1.338888888888889239e+00
1.188888888888888884e+00
1.050000000000000044e+00
9.222222222222224985e-01
8.055555555555558023e-01
6.999999999999999556e-01
6.055555555555556246e-01
5.222222222222223653e-01
4.500000000000000111e-01
3.888888888888889506e-01
3.388888888888889062e-01
3.000000000000000444e-01
2.722222222222222543e-01
2.555555555555555913e-01
2.500000000000000000e-01
2.555555555555555358e-01
2.722222222222221988e-01
3.000000000000000444e-01
3.388888888888888506e-01
3.888888888888888395e-01
4.500000000000000111e-01
5.222222222222221433e-01
6.055555555555554026e-01
6.999999999999999556e-01
8.055555555555553582e-01
9.222222222222220545e-01
1.050000000000000044e+00
1.188888888888888440e+00
1.338888888888888573e+00
1.500000000000000000e+00
1.472222222222222099e+00
1.311111111111111338e+00
1.161111111111110983e+00
1.022222222222222365e+00
8.944444444444445974e-01
7.777777777777779011e-01
6.722222222222222765e-01
5.777777777777779455e-01
4.944444444444445752e-01
4.222222222222222765e-01
3.611111111111111605e-01
3.111111111111111716e-01
2.722222222222222543e-01
2.444444444444444919e-01
2.277777777777778290e-01
2.222222222222222654e-01
2.277777777777778012e-01
2.444444444444444364e-01
2.722222222222222543e-01
3.111111111111111160e-01
3.611111111111110494e-01
4.222222222222222765e-01
4.944444444444444087e-01
5.777777777777777235e-01
6.722222222222222765e-01
7.777777777777774570e-01
8.944444444444443754e-01
1.022222222222222365e+00
1.161111111111110761e+00
1.311111111111110672e+00
1.472222222222222099e+00
1.455555555555555491e+00
1.294444444444444731e+00
1.144444444444444375e+00
1.005555555555555536e+00
8.777777777777779900e-01
7.611111111111112937e-01
6.555555555555556690e-01
5.611111111111112271e-01
4.777777777777779122e-01
4.055555555555555580e-01
3.444444444444444975e-01
2.944444444444445086e-01
2.555555555555555913e-01
2.277777777777778290e-01
2.111111111111111660e-01
2.055555555555555747e-01
2.111111111111111382e-01
2.277777777777777735e-01
2.555555555555555913e-01
2.944444444444444531e-01
3.444444444444443865e-01
4.055555555555555580e-01
4.777777777777777457e-01
5.611111111111110050e-01
6.555555555555556690e-01
7.611111111111108496e-01
8.777777777777775459e-01
1.005555555555555536e+00
1.144444444444443931e+00
1.294444444444444065e+00
1.455555555555555491e+00
1.449999999999999956e+00
1.288888888888889195e+00
1.138888888888888840e+00
1.000000000000000000e+00
8.722222222222224541e-01
7.555555555555557579e-01
6.500000000000000222e-01
5.555555555555555802e-01
4.722222222222223209e-01
4.000000000000000222e-01
3.388888888888889062e-01
2.888888888888889173e-01
2.500000000000000000e-01
2.222222222222222654e-01
2.055555555555555747e-01
2.000000000000000111e-01
2.055555555555555469e-01
2.222222222222222099e-01
2.500000000000000000e-01
2.888888888888888618e-01
3.388888888888887951e-01
4.000000000000000222e-01
4.722222222222221544e-01
5.555555555555553582e-01
6.500000000000000222e-01
7.555555555555553138e-01
8.722222222222220100e-01
1.000000000000000000e+00
1.138888888888888395e+00
1.288888888888888529e+00
1.449999999999999956e+00
1.455555555555555491e+00
1.294444444444444731e+00
1.144444444444444375e+00
1.005555555555555536e+00
8.777777777777779900e-01
7.611111111111112937e-01
6.555555555555555580e-01
5.611111111111111160e-01
4.777777777777778567e-01
4.055555555555555580e-01
3.444444444444444420e-01
2.944444444444444531e-01
2.555555555555555358e-01
2.277777777777778012e-01
2.111111111111111382e-01
2.055555555555555469e-01
2.111111111111111105e-01
2.277777777777777457e-01
2.555555555555555358e-01
2.944444444444443976e-01
3.444444444444443310e-01
4.055555555555555580e-01
4.777777777777776902e-01
5.611111111111108940e-01
6.555555555555555580e-01
7.611111111111108496e-01
8.777777777777775459e-01
1.005555555555555536e+00
1.144444444444443931e+00
1.294444444444444065e+00
1.455555555555555491e+00
1.472222222222222099e+00
1.311111111111111338e+00
1.161111111111110983e+00
1.022222222222222143e+00
8.944444444444445974e-01
7.777777777777779011e-01
6.722222222222222765e-01
5.777777777777778345e-01
4.944444444444445197e-01
4.222222222222222210e-01
3.611111111111111049e-01
3.111111111111111160e-01
2.722222222222221988e-01
2.444444444444444364e-01
2.277777777777777735e-01
2.222222222222222099e-01
2.277777777777777457e-01
2.444444444444443809e-01
2.722222222222221988e-01
3.111111111111110605e-01
3.611111111111109939e-01
4.222222222222222210e-01
4.944444444444443532e-01
5.777777777777776125e-01
6.722222222222222765e-01
7.777777777777774570e-01
8.944444444444441533e-01
1.022222222222222143e+00
1.161111111111110539e+00
1.311111111111110672e+00
1.472222222222222099e+00
1.500000000000000000e+00
1.338888888888889239e+00
1.188888888888888884e+00
1.050000000000000044e+00
9.222222222222224985e-01
8.055555555555558023e-01
6.999999999999999556e-01
6.055555555555556246e-01
5.222222222222223653e-01
4.500000000000000111e-01
3.888888888888889506e-01
3.388888888888889062e-01
3.000000000000000444e-01
2.722222222222222543e-01
2.555555555555555913e-01
2.500000000000000000e-01
2.555555555555555358e-01
2.722222222222221988e-01
3.000000000000000444e-01
3.388888888888888506e-01
3.888888888888888395e-01
4.500000000000000111e-01
5.222222222222221433e-01
6.055555555555554026e-01
6.999999999999999556e-01
8.055555555555553582e-01
9.222222222222220545e-01
1.050000000000000044e+00
1.188888888888888440e+00
1.338888888888888573e+00
1.500000000000000000e+00
1.538888888888888751e+00
1.377777777777777990e+00
1.227777777777777635e+00
1.088888888888888795e+00
9.611111111111112493e-01
8.444444444444445530e-01
7.388888888888889284e-01
6.444444444444444864e-01
5.611111111111111160e-01
4.888888888888888729e-01
4.277777777777778123e-01
3.777777777777777679e-01
3.388888888888888506e-01
3.111111111111111160e-01
2.944444444444444531e-01
2.888888888888888618e-01
2.944444444444443976e-01
3.111111111111110605e-01
3.388888888888888506e-01
3.777777777777777124e-01
4.277777777777777013e-01
4.888888888888888729e-01
5.611111111111110050e-01
6.444444444444442643e-01
7.388888888888889284e-01
8.444444444444441089e-01
9.611111111111108052e-01
1.088888888888888795e+00
1.227777777777777191e+00
1.377777777777777324e+00
1.538888888888888751e+00
1.588888888888888795e+00
1.427777777777778034e+00
1.277777777777777457e+00
1.138888888888888840e+00
1.011111111111111294e+00
8.944444444444445974e-01
7.888888888888887507e-01
6.944444444444444198e-01
6.111111111111111605e-01
5.388888888888887507e-01
4.777777777777777457e-01
4.277777777777777013e-01
3.888888888888888395e-01
3.611111111111110494e-01
3.444444444444443865e-01
3.388888888888887951e-01
3.444444444444443310e-01
3.611111111111109939e-01
3.888888888888888395e-01
4.277777777777777013e-01
4.777777777777776347e-01
5.388888888888887507e-01
6.111111111111109384e-01
6.944444444444441977e-01
7.888888888888887507e-01
8.944444444444441533e-01
1.011111111111110850e+00
1.138888888888888840e+00
1.277777777777777235e+00
1.427777777777777368e+00
1.588888888888888795e+00
1.649999999999999911e+00
1.488888888888889150e+00
1.338888888888888795e+00
1.199999999999999956e+00
1.072222222222222410e+00
9.555555555555557135e-01
8.500000000000000888e-01
7.555555555555555358e-01
6.722222222222222765e-01
6.000000000000000888e-01
5.388888888888889728e-01
4.888888888888889284e-01
4.500000000000000111e-01
4.222222222222222765e-01
4.055555555555555580e-01
4.000000000000000222e-01
4.055555555555555580e-01
4.222222222222222210e-01
4.500000000000000111e-01
4.888888888888888729e-01
5.388888888888887507e-01
6.000000000000000888e-01
6.722222222222221655e-01
7.555555555555553138e-01
8.500000000000000888e-01
9.555555555555552694e-01
1.072222222222221966e+00
1.199999999999999956e+00
1.338888888888888351e+00
1.488888888888888484e+00
1.649999999999999911e+00
1.722222222222222099e+00
1.561111111111111338e+00
1.411111111111110761e+00
1.272222222222222143e+00
1.144444444444444597e+00
1.027777777777777901e+00
9.222222222222220545e-01
8.277777777777777235e-01
7.444444444444444642e-01
6.722222222222221655e-01
6.111111111111111605e-01
5.611111111111111160e-01
5.222222222222221433e-01
4.944444444444444087e-01
4.777777777777777457e-01
4.722222222222221544e-01
4.777777777777776902e-01
4.944444444444443532e-01
5.222222222222221433e-01
5.611111111111110050e-01
6.111111111111109384e-01
6.722222222222221655e-01
7.444444444444442421e-01
8.277777777777775015e-01
9.222222222222220545e-01
1.027777777777777457e+00
1.144444444444444153e+00
1.272222222222222143e+00
1.411111111111110539e+00
1.561111111111110672e+00
1.722222222222222099e+00
1.805555555555555358e+00
1.644444444444444597e+00
1.494444444444444242e+00
1.355555555555555403e+00
1.227777777777777635e+00
1.111111111111111160e+00
1.005555555555555314e+00
9.111111111111109828e-01
8.277777777777777235e-01
7.555555555555553138e-01
6.944444444444444198e-01
6.444444444444443754e-01
6.055555555555554026e-01
5.777777777777777235e-01
5.611111111111110050e-01
5.555555555555553582e-01
5.611111111111108940e-01
5.777777777777776125e-01
6.055555555555554026e-01
6.444444444444442643e-01
6.944444444444441977e-01
7.555555555555553138e-01
8.277777777777775015e-01
9.111111111111107608e-01
1.005555555555555314e+00
1.111111111111110716e+00
1.227777777777777413e+00
1.355555555555555403e+00
1.494444444444443798e+00
1.644444444444443931e+00
1.805555555555555358e+00
1.899999999999999911e+00
1.738888888888889150e+00
1.588888888888888795e+00
1.449999999999999956e+00
1.322222222222222410e+00
1.205555555555555713e+00
1.100000000000000089e+00
1.005555555555555536e+00
9.222222222222222765e-01
8.500000000000000888e-01
7.888888888888889728e-01
7.388888888888889284e-01
6.999999999999999556e-01
6.722222222222222765e-01
6.555555555555556690e-01
6.500000000000000222e-01
6.555555555555555580e-01
6.722222222222222765e-01
6.999999999999999556e-01
7.388888888888889284e-01
7.888888888888887507e-01
8.500000000000000888e-01
9.222222222222220545e-01
1.005555555555555314e+00
1.100000000000000089e+00
1.205555555555555269e+00
1.322222222222221966e+00
1.449999999999999956e+00
1.588888888888888351e+00
1.738888888888888484e+00
1.899999999999999911e+00
2.005555555555555536e+00
1.844444444444444331e+00
1.694444444444443976e+00
1.555555555555555136e+00
1.427777777777777590e+00
1.311111111111110894e+00
1.205555555555555269e+00
1.111111111111110938e+00
1.027777777777777457e+00
9.555555555555552694e-01
8.944444444444441533e-01
8.444444444444441089e-01
8.055555555555553582e-01
7.777777777777774570e-01
7.611111111111108496e-01
7.555555555555553138e-01
7.611111111111108496e-01
7.777777777777774570e-01
8.055555555555553582e-01
8.444444444444441089e-01
8.944444444444441533e-01
9.555555555555552694e-01
1.027777777777777457e+00
1.111111111111110716e+00
1.205555555555555269e+00
1.311111111111110450e+00
1.427777777777777368e+00
1.555555555555555136e+00
1.694444444444443532e+00
1.844444444444443887e+00
2.005555555555555536e+00
2.122222222222222232e+00
1.961111111111111249e+00
1.811111111111110672e+00
1.672222222222222054e+00
1.544444444444444509e+00
1.427777777777777812e+00
1.322222222222221966e+00
1.227777777777777635e+00
1.144444444444444375e+00
1.072222222222221966e+00
1.011111111111111072e+00
9.611111111111110272e-01
9.222222222222220545e-01
8.944444444444443754e-01
8.777777777777775459e-01
8.722222222222220100e-01
8.777777777777775459e-01
8.944444444444441533e-01
9.222222222222220545e-01
9.611111111111108052e-01
1.011111111111110850e+00
1.072222222222221966e+00
1.144444444444444153e+00
1.227777777777777413e+00
1.322222222222221966e+00
1.427777777777777368e+00
1.544444444444444065e+00
1.672222222222222054e+00
1.811111111111110450e+00
1.961111111111110583e+00
2.122222222222222232e+00
2.250000000000000000e+00
2.088888888888889461e+00
1.938888888888888884e+00
1.800000000000000044e+00
1.672222222222222276e+00
1.555555555555555580e+00
1.449999999999999956e+00
1.355555555555555625e+00
1.272222222222222365e+00
1.199999999999999956e+00
1.138888888888889062e+00
1.088888888888889017e+00
1.050000000000000044e+00
1.022222222222222365e+00
1.005555555555555536e+00
1.000000000000000000e+00
1.005555555555555536e+00
1.022222222222222143e+00
1.050000000000000044e+00
1.088888888888888795e+00
1.138888888888888840e+00
1.199999999999999956e+00
1.272222222222222143e+00
1.355555555555555403e+00
1.449999999999999956e+00
1.555555555555555136e+00
1.672222222222222054e+00
1.800000000000000044e+00
1.938888888888888440e+00
2.088888888888888573e+00
2.250000000000000000e+00
2.388888888888888395e+00
2.227777777777777857e+00
2.077777777777777501e+00
1.938888888888888440e+00
1.811111111111110672e+00
1.694444444444443976e+00
1.588888888888888351e+00
1.494444444444444020e+00
1.411111111111110761e+00
1.338888888888888351e+00
1.277777777777777235e+00
1.227777777777777191e+00
1.188888888888888440e+00
1.161111111111110761e+00
1.144444444444443931e+00
1.138888888888888395e+00
1.144444444444443931e+00
1.161111111111110539e+00
1.188888888888888440e+00
1.227777777777777191e+00
1.277777777777777235e+00
1.338888888888888351e+00
1.411111111111110539e+00
1.494444444444443798e+00
1.588888888888888351e+00
1.694444444444443532e+00
1.811111111111110450e+00
1.938888888888888440e+00
2.077777777777777057e+00
2.227777777777776969e+00
2.388888888888888395e+00
2.538888888888888751e+00
2.377777777777778212e+00
2.227777777777777413e+00
2.088888888888888573e+00
1.961111111111111027e+00
1.844444444444444331e+00
1.738888888888888484e+00
1.644444444444444153e+00
1.561111111111110894e+00
1.488888888888888484e+00
1.427777777777777368e+00
1.377777777777777546e+00
1.338888888888888573e+00
1.311111111111110672e+00
1.294444444444444065e+00
1.288888888888888529e+00
1.294444444444444065e+00
1.311111111111110672e+00
1.338888888888888573e+00
1.377777777777777324e+00
1.427777777777777368e+00
1.488888888888888484e+00
1.561111111111110672e+00
1.644444444444443931e+00
1.738888888888888484e+00
1.844444444444443887e+00
1.961111111111110583e+00
2.088888888888888573e+00
2.227777777777776969e+00
2.377777777777777324e+00
2.538888888888888751e+00
2.700000000000000178e+00
2.538888888888889639e+00
2.388888888888888840e+00
2.250000000000000000e+00
2.122222222222222676e+00
2.005555555555555980e+00
1.899999999999999911e+00
1.805555555555555580e+00
1.722222222222222321e+00
1.649999999999999911e+00
1.588888888888888795e+00
1.538888888888888973e+00
1.500000000000000000e+00
1.472222222222222099e+00
1.455555555555555491e+00
1.449999999999999956e+00
1.455555555555555491e+00
1.472222222222222099e+00
1.500000000000000000e+00
1.538888888888888751e+00
1.588888888888888795e+00
1.649999999999999911e+00
1.722222222222222099e+00
1.805555555555555358e+00
1.899999999999999911e+00
2.005555555555555536e+00
2.122222222222222232e+00
2.250000000000000000e+00
2.388888888888888395e+00
2.538888888888888751e+00
2.700000000000000178e+00
2.772222222222222143e+00
2.611111111111111605e+00
2.461111111111110805e+00
2.322222222222221966e+00
2.194444444444444642e+00
2.077777777777777946e+00
1.972222222222222099e+00
1.877777777777777768e+00
1.794444444444444509e+00
1.722222222222222099e+00
1.661111111111110983e+00
1.611111111111111160e+00
1.572222222222222188e+00
1.544444444444444287e+00
1.527777777777777679e+00
1.522222222222222143e+00
1.527777777777777679e+00
1.544444444444444287e+00
1.572222222222222188e+00
1.611111111111110938e+00
1.661111111111110983e+00
1.722222222222222099e+00
1.794444444444444287e+00
1.877777777777777546e+00
1.972222222222222099e+00
2.077777777777777501e+00
2.194444444444444198e+00
2.322222222222221966e+00
2.461111111111110361e+00
2.611111111111110716e+00
2.772222222222222143e+00
2.611111111111111605e+00
2.450000000000000622e+00
2.300000000000000266e+00
2.161111111111111427e+00
2.033333333333333659e+00
1.916666666666666963e+00
1.811111111111111338e+00
1.716666666666667007e+00
1.633333333333333748e+00
1.561111111111111338e+00
1.500000000000000222e+00
1.450000000000000178e+00
1.411111111111111427e+00
1.383333333333333526e+00
1.366666666666666918e+00
1.361111111111111382e+00
1.366666666666666918e+00
1.383333333333333526e+00
1.411111111111111427e+00
1.450000000000000178e+00
1.500000000000000222e+00
1.561111111111111338e+00
1.633333333333333526e+00
1.716666666666666785e+00
1.811111111111111338e+00
1.916666666666666519e+00
2.033333333333333215e+00
2.161111111111111427e+00
2.299999999999999822e+00
2.450000000000000178e+00
2.611111111111111605e+00
2.461111111111110805e+00
2.300000000000000266e+00
2.149999999999999467e+00
2.011111111111111072e+00
1.883333333333333304e+00
1.766666666666666607e+00
1.661111111111110983e+00
1.566666666666666430e+00
1.483333333333333171e+00
1.411111111111110983e+00
1.349999999999999867e+00
1.299999999999999822e+00
1.261111111111111072e+00
1.233333333333333171e+00
1.216666666666666341e+00
1.211111111111110805e+00
1.216666666666666341e+00
1.233333333333332948e+00
1.261111111111111072e+00
1.299999999999999822e+00
1.349999999999999645e+00
1.411111111111110983e+00
1.483333333333332948e+00
1.566666666666666430e+00
1.661111111111110983e+00
1.766666666666666163e+00
1.883333333333332860e+00
2.011111111111111072e+00
2.149999999999999467e+00
2.299999999999999378e+00
2.461111111111110805e+00
2.322222222222221966e+00
2.161111111111111427e+00
2.011111111111111072e+00
1.872222222222222232e+00
1.744444444444444464e+00
1.627777777777777768e+00
1.522222222222222143e+00
1.427777777777777812e+00
1.344444444444444553e+00
1.272222222222222143e+00
1.211111111111111249e+00
1.161111111111110983e+00
1.122222222222222232e+00
1.094444444444444553e+00
1.077777777777777724e+00
1.072222222222222188e+00
1.077777777777777724e+00
1.094444444444444331e+00
1.122222222222222232e+00
1.161111111111110983e+00
1.211111111111111027e+00
1.272222222222222143e+00
1.344444444444444331e+00
1.427777777777777590e+00
1.522222222222222143e+00
1.627777777777777324e+00
1.744444444444444242e+00
1.872222222222222232e+00
2.011111111111110628e+00
2.161111111111110539e+00
2.322222222222221966e+00
2.194444444444444642e+00
2.033333333333333659e+00
1.883333333333333304e+00
1.744444444444444464e+00
1.616666666666666918e+00
1.500000000000000222e+00
1.394444444444444597e+00
1.300000000000000266e+00
1.216666666666666785e+00
1.144444444444444597e+00
1.083333333333333481e+00
1.033333333333333437e+00
9.944444444444445752e-01
9.666666666666667851e-01
9.500000000000000666e-01
9.444444444444445308e-01
9.500000000000000666e-01
9.666666666666666741e-01
9.944444444444445752e-01
1.033333333333333437e+00
1.083333333333333481e+00
1.144444444444444597e+00
1.216666666666666785e+00
1.299999999999999822e+00
1.394444444444444597e+00
1.499999999999999778e+00
1.616666666666666696e+00
1.744444444444444464e+00
1.883333333333332860e+00
2.033333333333333215e+00
2.194444444444444642e+00
2.077777777777777946e+00
1.916666666666666963e+00
1.766666666666666607e+00
1.627777777777777768e+00
1.500000000000000222e+00
1.383333333333333526e+00
1.277777777777777901e+00
1.183333333333333570e+00
1.100000000000000089e+00
1.027777777777777901e+00
9.666666666666667851e-01
9.166666666666667407e-01
8.777777777777778789e-01
8.500000000000000888e-01
8.333333333333333703e-01
8.277777777777778345e-01
8.333333333333333703e-01
8.499999999999999778e-01
8.777777777777778789e-01
9.166666666666667407e-01
9.666666666666666741e-01
1.027777777777777901e+00
1.100000000000000089e+00
1.183333333333333126e+00
1.277777777777777901e+00
1.383333333333333082e+00
1.500000000000000000e+00
1.627777777777777768e+00
1.766666666666666163e+00
1.916666666666666519e+00
2.077777777777777946e+00
1.972222222222222099e+00
1.811111111111111338e+00
1.661111111111110983e+00
1.522222222222222143e+00
1.394444444444444597e+00
1.277777777777777901e+00
1.172222222222222054e+00
1.077777777777777724e+00
9.944444444444444642e-01
9.222222222222221655e-01
8.611111111111110494e-01
8.111111111111111160e-01
7.722222222222221433e-01
7.444444444444444642e-01
7.277777777777777457e-01
7.222222222222220989e-01
7.277777777777776347e-01
7.444444444444443532e-01
7.722222222222221433e-01
8.111111111111110050e-01
8.611111111111109384e-01
9.222222222222221655e-01
9.944444444444442421e-01
1.077777777777777501e+00
1.172222222222222054e+00
1.277777777777777457e+00
1.394444444444444153e+00
1.522222222222222143e+00
1.661111111111110539e+00
1.811111111111110672e+00
1.972222222222222099e+00
1.877777777777777768e+00
1.716666666666667007e+00
1.566666666666666430e+00
1.427777777777777812e+00
1.300000000000000266e+00
1.183333333333333570e+00
1.077777777777777724e+00
9.833333333333333925e-01
9.000000000000001332e-01
8.277777777777777235e-01
7.666666666666667185e-01
7.166666666666666741e-01
6.777777777777778123e-01
6.500000000000000222e-01
6.333333333333333037e-01
6.277777777777777679e-01
6.333333333333333037e-01
6.499999999999999112e-01
6.777777777777778123e-01
7.166666666666665630e-01
7.666666666666666075e-01
8.277777777777777235e-01
8.999999999999999112e-01
9.833333333333331705e-01
1.077777777777777724e+00
1.183333333333333126e+00
1.299999999999999822e+00
1.427777777777777812e+00
1.566666666666666208e+00
1.716666666666666341e+00
1.877777777777777768e+00
1.794444444444444509e+00
1.633333333333333748e+00
1.483333333333333171e+00
1.344444444444444553e+00
1.216666666666666785e+00
1.100000000000000089e+00
9.944444444444444642e-01
9.000000000000001332e-01
8.166666666666667629e-01
7.444444444444444642e-01
6.833333333333333481e-01
6.333333333333333037e-01
5.944444444444444420e-01
5.666666666666666519e-01
5.500000000000000444e-01
5.444444444444445086e-01
5.500000000000000444e-01
5.666666666666666519e-01
5.944444444444444420e-01
6.333333333333333037e-01
6.833333333333332371e-01
7.444444444444444642e-01
8.166666666666666519e-01
8.999999999999999112e-01
9.944444444444444642e-01
1.099999999999999645e+00
1.216666666666666563e+00
1.344444444444444553e+00
1.483333333333332948e+00
1.633333333333333082e+00
1.794444444444444509e+00
1.722222222222222099e+00
1.561111111111111338e+00
1.411111111111110983e+00
1.272222222222222143e+00
1.144444444444444597e+00
1.027777777777777901e+00
9.222222222222221655e-01
8.277777777777777235e-01
7.444444444444444642e-01
6.722222222222221655e-01
6.111111111111110494e-01
5.611111111111111160e-01
5.222222222222221433e-01
4.944444444444444087e-01
4.777777777777777457e-01
4.722222222222221544e-01
4.777777777777776902e-01
4.944444444444443532e-01
5.222222222222221433e-01
5.611111111111110050e-01
6.111111111111109384e-01
6.722222222222221655e-01
7.444444444444442421e-01
8.277777777777775015e-01
9.222222222222221655e-01
1.027777777777777457e+00
1.144444444444444153e+00
1.272222222222222143e+00
1.411111111111110539e+00
1.561111111111110672e+00
1.722222222222222099e+00
1.661111111111110983e+00
1.500000000000000222e+00
1.349999999999999867e+00
1.211111111111111249e+00
1.083333333333333481e+00
9.666666666666667851e-01
8.611111111111110494e-01
7.666666666666667185e-01
6.833333333333333481e-01
6.111111111111110494e-01
5.500000000000000444e-01
5.000000000000000000e-01
4.611111111111110827e-01
4.333333333333333481e-01
4.166666666666666297e-01
4.111111111111110938e-01
4.166666666666666297e-01
4.333333333333332371e-01
4.611111111111110827e-01
4.999999999999998890e-01
5.499999999999998224e-01
6.111111111111110494e-01
6.833333333333332371e-01
7.666666666666664964e-01
8.611111111111110494e-01
9.666666666666663410e-01
1.083333333333333037e+00
1.211111111111111249e+00
1.349999999999999423e+00
1.499999999999999556e+00
1.661111111111110983e+00
1.611111111111111160e+00
1.450000000000000178e+00
1.299999999999999822e+00
1.161111111111110983e+00
1.033333333333333437e+00
9.166666666666667407e-01
8.111111111111111160e-01
7.166666666666666741e-01
6.333333333333333037e-01
5.611111111111111160e-01
5.000000000000000000e-01
4.499999999999999556e-01
4.111111111111110383e-01
3.833333333333333037e-01
3.666666666666666408e-01
3.611111111111110494e-01
3.666666666666665853e-01
3.833333333333332482e-01
4.111111111111110383e-01
4.499999999999999001e-01
4.999999999999998890e-01
5.611111111111111160e-01
6.333333333333331927e-01
7.166666666666664520e-01
8.111111111111111160e-01
9.166666666666662966e-01
1.033333333333333215e+00
1.161111111111110983e+00
1.299999999999999378e+00
1.449999999999999734e+00
1.611111111111111160e+00
1.572222222222222188e+00
1.411111111111111427e+00
1.261111111111111072e+00
1.122222222222222232e+00
9.944444444444445752e-01
8.777777777777778789e-01
7.722222222222221433e-01
6.777777777777778123e-01
5.944444444444444420e-01
5.222222222222221433e-01
4.611111111111110827e-01
4.111111111111110383e-01
3.722222222222221211e-01
3.444444444444443865e-01
3.277777777777777235e-01
3.222222222222221322e-01
3.277777777777777235e-01
3.444444444444443310e-01
3.722222222222221211e-01
4.111111111111109828e-01
4.611111111111109717e-01
5.222222222222221433e-01
5.944444444444443310e-01
6.777777777777775903e-01
7.722222222222221433e-01
8.777777777777774348e-01
9.944444444444442421e-01
1.122222222222222232e+00
1.261111111111110628e+00
1.411111111111110761e+00
1.572222222222222188e+00
1.544444444444444287e+00
1.383333333333333526e+00
1.233333333333333171e+00
1.094444444444444553e+00
9.666666666666667851e-01
8.500000000000000888e-01
7.444444444444444642e-01
6.500000000000000222e-01
5.666666666666666519e-01
4.944444444444444087e-01
4.333333333333333481e-01
3.833333333333333037e-01
3.444444444444443865e-01
3.166666666666666519e-01
2.999999999999999334e-01
2.944444444444443976e-01
2.999999999999999334e-01
3.166666666666665408e-01
3.444444444444443865e-01
3.833333333333332482e-01
4.333333333333332371e-01
4.944444444444444087e-01
5.666666666666665408e-01
6.499999999999998002e-01
7.444444444444444642e-01
8.499999999999996447e-01
9.666666666666664520e-01
1.094444444444444553e+00
1.233333333333332948e+00
1.383333333333332860e+00
1.544444444444444287e+00
1.527777777777777679e+00
1.366666666666666918e+00
1.216666666666666341e+00
1.077777777777777724e+00
9.500000000000000666e-01
8.333333333333333703e-01
7.277777777777777457e-01
6.333333333333333037e-01
5.500000000000000444e-01
4.777777777777777457e-01
4.166666666666666297e-01
3.666666666666666408e-01
3.277777777777777235e-01
2.999999999999999334e-01
2.833333333333332704e-01
2.777777777777777346e-01
2.833333333333332704e-01
2.999999999999999334e-01
3.277777777777777235e-01
3.666666666666665853e-01
4.166666666666665186e-01
4.777777777777777457e-01
5.499999999999998224e-01
6.333333333333330817e-01
7.277777777777777457e-01
8.333333333333329263e-01
9.499999999999997335e-01
1.077777777777777724e+00
1.216666666666666119e+00
1.366666666666666252e+00
1.527777777777777679e+00
1.522222222222222143e+00
1.361111111111111382e+00
1.211111111111110805e+00
1.072222222222222188e+00
9.444444444444445308e-01
8.277777777777778345e-01
7.222222222222220989e-01
6.277777777777777679e-01
5.444444444444445086e-01
4.722222222222221544e-01
4.111111111111110938e-01
3.611111111111110494e-01
3.222222222222221322e-01
2.944444444444443976e-01
2.777777777777777346e-01
2.722222222222221433e-01
2.777777777777776791e-01
2.944444444444443421e-01
3.222222222222221322e-01
3.611111111111109939e-01
4.111111111111109828e-01
4.722222222222221544e-01
5.444444444444442865e-01
6.277777777777775459e-01
7.222222222222220989e-01
8.277777777777773904e-01
9.444444444444441977e-01
1.072222222222222188e+00
1.211111111111110583e+00
1.361111111111110716e+00
1.522222222222222143e+00
1.527777777777777679e+00
1.366666666666666918e+00
1.216666666666666341e+00
1.077777777777777724e+00
9.500000000000000666e-01
8.333333333333333703e-01
7.277777777777776347e-01
6.333333333333333037e-01
5.500000000000000444e-01
4.777777777777776902e-01
4.166666666666666297e-01
3.666666666666665853e-01
3.277777777777777235e-01
2.999999999999999334e-01
2.833333333333332704e-01
2.777777777777776791e-01
2.833333333333332149e-01
2.999999999999998779e-01
3.277777777777777235e-01
3.666666666666665297e-01
4.166666666666665186e-01
4.777777777777776902e-01
5.499999999999998224e-01
6.333333333333330817e-01
7.277777777777776347e-01
8.333333333333329263e-01
9.499999999999997335e-01
1.077777777777777724e+00
1.216666666666666119e+00
1.366666666666666252e+00
1.527777777777777679e+00
1.544444444444444287e+00
1.383333333333333526e+00
1.233333333333332948e+00
1.094444444444444331e+00
9.666666666666666741e-01
8.499999999999999778e-01
7.444444444444443532e-01
6.499999999999999112e-01
5.666666666666666519e-01
4.944444444444443532e-01
4.333333333333332371e-01
3.833333333333332482e-01
3.444444444444443310e-01
3.166666666666665408e-01
2.999999999999999334e-01
2.944444444444443421e-01
2.999999999999998779e-01
3.166666666666665408e-01
3.444444444444443310e-01
3.833333333333331927e-01
4.333333333333331261e-01
4.944444444444443532e-01
5.666666666666664298e-01
6.499999999999996891e-01
7.444444444444443532e-01
8.499999999999995337e-01
9.666666666666663410e-01
1.094444444444444331e+00
1.233333333333332726e+00
1.383333333333332860e+00
1.544444444444444287e+00
1.572222222222222188e+00
1.411111111111111427e+00
1.261111111111111072e+00
1.122222222222222232e+00
9.944444444444445752e-01
8.777777777777778789e-01
7.722222222222221433e-01
6.777777777777778123e-01
5.944444444444444420e-01
5.222222222222221433e-01
4.611111111111110827e-01
4.111111111111110383e-01
3.722222222222221211e-01
3.444444444444443865e-01
3.277777777777777235e-01
3.222222222222221322e-01
3.277777777777777235e-01
3.444444444444443310e-01
3.722222222222221211e-01
4.111111111111109828e-01
4.611111111111109717e-01
5.222222222222221433e-01
5.944444444444443310e-01
6.777777777777775903e-01
7.722222222222221433e-01
8.777777777777774348e-01
9.944444444444442421e-01
1.122222222222222232e+00
1.261111111111110628e+00
1.411111111111110761e+00
1.572222222222222188e+00
1.611111111111110938e+00
1.450000000000000178e+00
1.299999999999999822e+00
1.161111111111110983e+00
1.033333333333333437e+00
9.166666666666667407e-01
8.111111111111110050e-01
7.166666666666665630e-01
6.333333333333333037e-01
5.611111111111110050e-01
4.999999999999998890e-01
4.499999999999999001e-01
4.111111111111109828e-01
3.833333333333332482e-01
3.666666666666665853e-01
3.611111111111109939e-01
3.666666666666665297e-01
3.833333333333331927e-01
4.111111111111109828e-01
4.499999999999998446e-01
4.999999999999997780e-01
5.611111111111110050e-01
6.333333333333330817e-01
7.166666666666663410e-01
8.111111111111110050e-01
9.166666666666662966e-01
1.033333333333332993e+00
1.161111111111110983e+00
1.299999999999999378e+00
1.449999999999999512e+00
1.611111111111110938e+00
1.661111111111110983e+00
1.500000000000000222e+00
1.349999999999999645e+00
1.211111111111111027e+00
1.083333333333333481e+00
9.666666666666666741e-01
8.611111111111109384e-01
7.666666666666666075e-01
6.833333333333332371e-01
6.111111111111109384e-01
5.499999999999998224e-01
4.999999999999998890e-01
4.611111111111109717e-01
4.333333333333332371e-01
4.166666666666665186e-01
4.111111111111109828e-01
4.166666666666665186e-01
4.333333333333331261e-01
4.611111111111109717e-01
4.999999999999997780e-01
5.499999999999998224e-01
6.111111111111109384e-01
6.833333333333331261e-01
7.666666666666663854e-01
8.611111111111109384e-01
9.666666666666662300e-01
1.083333333333333037e+00
1.211111111111111027e+00
1.349999999999999423e+00
1.499999999999999556e+00
1.661111111111110983e+00
1.722222222222222099e+00
1.561111111111111338e+00
1.411111111111110983e+00
1.272222222222222143e+00
1.144444444444444597e+00
1.027777777777777901e+00
9.222222222222221655e-01
8.277777777777777235e-01
7.444444444444444642e-01
6.722222222222221655e-01
6.111111111111110494e-01
5.611111111111111160e-01
5.222222222222221433e-01
4.944444444444444087e-01
4.777777777777777457e-01
4.722222222222221544e-01
4.777777777777776902e-01
4.944444444444443532e-01
5.222222222222221433e-01
5.611111111111110050e-01
6.111111111111109384e-01
6.722222222222221655e-01
7.444444444444442421e-01
8.277777777777775015e-01
9.222222222222221655e-01
1.027777777777777457e+00
1.144444444444444153e+00
1.272222222222222143e+00
1.411111111111110539e+00
1.561111111111110672e+00
1.722222222222222099e+00
1.794444444444444287e+00
1.633333333333333526e+00
1.483333333333332948e+00
1.344444444444444331e+00
1.216666666666666785e+00
1.100000000000000089e+00
9.944444444444442421e-01
8.999999999999999112e-01
8.166666666666666519e-01
7.444444444444442421e-01
6.833333333333332371e-01
6.333333333333331927e-01
5.944444444444443310e-01
5.666666666666665408e-01
5.499999999999998224e-01
5.444444444444442865e-01
5.499999999999998224e-01
5.666666666666664298e-01
5.944444444444443310e-01
6.333333333333330817e-01
6.833333333333331261e-01
7.444444444444442421e-01
8.166666666666664298e-01
8.999999999999996891e-01
9.944444444444442421e-01
1.099999999999999645e+00
1.216666666666666341e+00
1.344444444444444331e+00
1.483333333333332726e+00
1.633333333333332860e+00
1.794444444444444287e+00
1.877777777777777546e+00
1.716666666666666785e+00
1.566666666666666430e+00
1.427777777777777590e+00
1.299999999999999822e+00
1.183333333333333126e+00
1.077777777777777501e+00
9.833333333333331705e-01
8.999999999999999112e-01
8.277777777777775015e-01
7.666666666666664964e-01
7.166666666666664520e-01
6.777777777777775903e-01
6.499999999999998002e-01
6.333333333333330817e-01
6.277777777777775459e-01
6.333333333333330817e-01
6.499999999999996891e-01
6.777777777777775903e-01
7.166666666666663410e-01
7.666666666666663854e-01
8.277777777777775015e-01
8.999999999999996891e-01
9.833333333333329485e-01
1.077777777777777501e+00
1.183333333333332682e+00
1.299999999999999600e+00
1.427777777777777590e+00
1.566666666666665986e+00
1.716666666666666119e+00
1.877777777777777546e+00
1.972222222222222099e+00
1.811111111111111338e+00
1.661111111111110983e+00
1.522222222222222143e+00
1.394444444444444597e+00
1.277777777777777901e+00
1.172222222222222054e+00
1.077777777777777724e+00
9.944444444444444642e-01
9.222222222222221655e-01
8.611111111111110494e-01
8.111111111111111160e-01
7.722222222222221433e-01
7.444444444444444642e-01
7.277777777777777457e-01
7.222222222222220989e-01
7.277777777777776347e-01
7.444444444444443532e-01
7.722222222222221433e-01
8.111111111111110050e-01
8.611111111111109384e-01
9.222222222222221655e-01
9.944444444444442421e-01
1.077777777777777501e+00
1.172222222222222054e+00
1.277777777777777457e+00
1.394444444444444153e+00
1.522222222222222143e+00
1.661111111111110539e+00
1.811111111111110672e+00
1.972222222222222099e+00
2.077777777777777501e+00
1.916666666666666519e+00
1.766666666666666163e+00
1.627777777777777324e+00
1.499999999999999778e+00
1.383333333333333082e+00
1.277777777777777457e+00
1.183333333333333126e+00
1.099999999999999645e+00
1.027777777777777457e+00
9.666666666666663410e-01
9.166666666666662966e-01
8.777777777777774348e-01
8.499999999999996447e-01
8.333333333333329263e-01
8.277777777777773904e-01
8.333333333333329263e-01
8.499999999999995337e-01
8.777777777777774348e-01
9.166666666666662966e-01
9.666666666666662300e-01
1.027777777777777457e+00
1.099999999999999645e+00
1.183333333333332682e+00
1.277777777777777457e+00
1.383333333333332638e+00
1.499999999999999556e+00
1.627777777777777324e+00
1.766666666666665719e+00
1.916666666666666075e+00
2.077777777777777501e+00
2.194444444444444198e+00
2.033333333333333215e+00
1.883333333333332860e+00
1.744444444444444242e+00
1.616666666666666696e+00
1.500000000000000000e+00
1.394444444444444153e+00
1.299999999999999822e+00
1.216666666666666563e+00
1.144444444444444153e+00
1.083333333333333037e+00
1.033333333333333215e+00
9.944444444444442421e-01
9.666666666666664520e-01
9.499999999999997335e-01
9.444444444444441977e-01
9.499999999999997335e-01
9.666666666666663410e-01
9.944444444444442421e-01
1.033333333333332993e+00
1.083333333333333037e+00
1.144444444444444153e+00
1.216666666666666341e+00
1.299999999999999600e+00
1.394444444444444153e+00
1.499999999999999556e+00
1.616666666666666252e+00
1.744444444444444242e+00
1.883333333333332638e+00
2.033333333333332771e+00
2.194444444444444198e+00
2.322222222222221966e+00
2.161111111111111427e+00
2.011111111111111072e+00
1.872222222222222232e+00
1.744444444444444464e+00
1.627777777777777768e+00
1.522222222222222143e+00
1.427777777777777812e+00
1.344444444444444553e+00
1.272222222222222143e+00
1.211111111111111249e+00
1.161111111111110983e+00
1.122222222222222232e+00
1.094444444444444553e+00
1.077777777777777724e+00
1.072222222222222188e+00
1.077777777777777724e+00
1.094444444444444331e+00
1.122222222222222232e+00
1.161111111111110983e+00
1.211111111111111027e+00
1.272222222222222143e+00
1.344444444444444331e+00
1.427777777777777590e+00
1.522222222222222143e+00
1.627777777777777324e+00
1.744444444444444242e+00
1.872222222222222232e+00
2.011111111111110628e+00
2.161111111111110539e+00
2.322222222222221966e+00
2.461111111111110361e+00
2.299999999999999822e+00
2.149999999999999467e+00
2.011111111111110628e+00
1.883333333333332860e+00
1.766666666666666163e+00
1.661111111111110539e+00
1.566666666666666208e+00
1.483333333333332948e+00
1.411111111111110539e+00
1.349999999999999423e+00
1.299999999999999378e+00
1.261111111111110628e+00
1.233333333333332948e+00
1.216666666666666119e+00
1.211111111111110583e+00
1.216666666666666119e+00
1.233333333333332726e+00
1.261111111111110628e+00
1.299999999999999378e+00
1.349999999999999423e+00
1.411111111111110539e+00
1.483333333333332726e+00
1.566666666666665986e+00
1.661111111111110539e+00
1.766666666666665719e+00
1.883333333333332638e+00
2.011111111111110628e+00
2.149999999999999023e+00
2.299999999999998934e+00
2.461111111111110361e+00
2.611111111111110716e+00
2.450000000000000178e+00
2.299999999999999378e+00
2.161111111111110539e+00
2.033333333333333215e+00
1.916666666666666519e+00
1.811111111111110672e+00
1.716666666666666341e+00
1.633333333333333082e+00
1.561111111111110672e+00
1.499999999999999556e+00
1.449999999999999734e+00
1.411111111111110761e+00
1.383333333333332860e+00
1.366666666666666252e+00
1.361111111111110716e+00
1.366666666666666252e+00
1.383333333333332860e+00
1.411111111111110761e+00
1.449999999999999512e+00
1.499999999999999556e+00
1.561111111111110672e+00
1.633333333333332860e+00
1.716666666666666119e+00
1.811111111111110672e+00
1.916666666666666075e+00
2.033333333333332771e+00
2.161111111111110539e+00
2.299999999999998934e+00
2.449999999999999289e+00
2.611111111111110716e+00
2.772222222222222143e+00
2.611111111111111605e+00
2.461111111111110805e+00
2.322222222222221966e+00
2.194444444444444642e+00
2.077777777777777946e+00
1.972222222222222099e+00
1.877777777777777768e+00
1.794444444444444509e+00
1.722222222222222099e+00
1.661111111111110983e+00
1.611111111111111160e+00
1.572222222222222188e+00
1.544444444444444287e+00
1.527777777777777679e+00
1.522222222222222143e+00
1.527777777777777679e+00
1.544444444444444287e+00
1.572222222222222188e+00
1.611111111111110938e+00
1.661111111111110983e+00
1.722222222222222099e+00
1.794444444444444287e+00
1.877777777777777546e+00
1.972222222222222099e+00
2.077777777777777501e+00
2.194444444444444198e+00
2.322222222222221966e+00
2.461111111111110361e+00
2.611111111111110716e+00
2.772222222222222143e+00
2.855555555555555181e+00
2.694444444444444642e+00
2.544444444444444287e+00
2.405555555555555003e+00
2.277777777777777679e+00
2.161111111111111427e+00
2.055555555555555358e+00
1.961111111111111027e+00
1.877777777777777768e+00
1.805555555555555358e+00
1.744444444444444242e+00
1.694444444444444420e+00
1.655555555555555447e+00
1.627777777777777546e+00
1.611111111111110938e+00
1.605555555555555403e+00
1.611111111111110938e+00
1.627777777777777546e+00
1.655555555555555447e+00
1.694444444444444198e+00
1.744444444444444242e+00
1.805555555555555358e+00
1.877777777777777546e+00
1.961111111111110805e+00
2.055555555555555358e+00
2.161111111111110539e+00
2.277777777777777679e+00
2.405555555555555003e+00
2.544444444444443398e+00
2.694444444444443754e+00
2.855555555555555181e+00
2.694444444444444642e+00
2.533333333333334103e+00
2.383333333333333748e+00
2.244444444444444464e+00
2.116666666666667140e+00
2.000000000000000000e+00
1.894444444444444597e+00
1.800000000000000266e+00
1.716666666666667007e+00
1.644444444444444597e+00
1.583333333333333481e+00
1.533333333333333437e+00
1.494444444444444686e+00
1.466666666666666785e+00
1.450000000000000178e+00
1.444444444444444642e+00
1.450000000000000178e+00
1.466666666666666785e+00
1.494444444444444686e+00
1.533333333333333437e+00
1.583333333333333481e+00
1.644444444444444597e+00
1.716666666666666785e+00
1.800000000000000044e+00
1.894444444444444597e+00
1.999999999999999778e+00
2.116666666666666696e+00
2.244444444444444464e+00
2.383333333333332860e+00
2.533333333333333215e+00
2.694444444444444642e+00
2.544444444444444287e+00
2.383333333333333748e+00
2.233333333333332948e+00
2.094444444444444109e+00
1.966666666666666563e+00
1.849999999999999867e+00
1.744444444444444242e+00
1.649999999999999689e+00
1.566666666666666430e+00
1.494444444444444242e+00
1.433333333333333126e+00
1.383333333333333082e+00
1.344444444444444109e+00
1.316666666666666430e+00
1.299999999999999822e+00
1.294444444444444287e+00
1.299999999999999822e+00
1.316666666666666430e+00
1.344444444444444109e+00
1.383333333333333082e+00
1.433333333333332904e+00
1.494444444444444242e+00
1.566666666666666208e+00
1.649999999999999689e+00
1.744444444444444242e+00
1.849999999999999423e+00
1.966666666666666119e+00
2.094444444444444109e+00
2.233333333333332504e+00
2.383333333333332860e+00
2.544444444444444287e+00
2.405555555555555003e+00
2.244444444444444464e+00
2.094444444444444109e+00
1.955555555555555491e+00
1.827777777777777724e+00
1.711111111111111027e+00
1.605555555555555403e+00
1.511111111111111072e+00
1.427777777777777812e+00
1.355555555555555403e+00
1.294444444444444287e+00
1.244444444444444464e+00
1.205555555555555491e+00
1.177777777777777590e+00
1.161111111111110983e+00
1.155555555555555447e+00
1.161111111111110983e+00
1.177777777777777590e+00
1.205555555555555491e+00
1.244444444444444242e+00
1.294444444444444287e+00
1.355555555555555403e+00
1.427777777777777590e+00
1.511111111111110850e+00
1.605555555555555403e+00
1.711111111111110583e+00
1.827777777777777501e+00
1.955555555555555491e+00
2.094444444444444109e+00
2.244444444444444020e+00
2.405555555555555003e+00
2.277777777777777679e+00
2.116666666666667140e+00
1.966666666666666563e+00
1.827777777777777724e+00
1.700000000000000178e+00
1.583333333333333481e+00
1.477777777777777857e+00
1.383333333333333526e+00
1.300000000000000044e+00
1.227777777777777857e+00
1.166666666666666741e+00
1.116666666666666696e+00
1.077777777777777946e+00
1.050000000000000044e+00
1.033333333333333215e+00
1.027777777777777679e+00
1.033333333333333215e+00
1.049999999999999822e+00
1.077777777777777946e+00
1.116666666666666696e+00
1.166666666666666519e+00
1.227777777777777857e+00
1.299999999999999822e+00
1.383333333333333082e+00
1.477777777777777857e+00
1.583333333333333037e+00
1.699999999999999956e+00
1.827777777777777724e+00
1.966666666666666119e+00
2.116666666666666252e+00
2.277777777777777679e+00
2.161111111111111427e+00
2.000000000000000000e+00
1.849999999999999867e+00
1.711111111111111027e+00
1.583333333333333481e+00
1.466666666666666785e+00
1.361111111111111160e+00
1.266666666666666607e+00
1.183333333333333348e+00
1.111111111111111160e+00
1.050000000000000044e+00
1.000000000000000000e+00
9.611111111111111382e-01
9.333333333333333481e-01
9.166666666666666297e-01
9.111111111111110938e-01
9.166666666666666297e-01
9.333333333333332371e-01
9.611111111111111382e-01
1.000000000000000000e+00
1.049999999999999822e+00
1.111111111111111160e+00
1.183333333333333126e+00
1.266666666666666607e+00
1.361111111111111160e+00
1.466666666666666341e+00
1.583333333333333259e+00
1.711111111111111027e+00
1.849999999999999423e+00
1.999999999999999778e+00
2.161111111111111427e+00
2.055555555555555358e+00
1.894444444444444597e+00
1.744444444444444242e+00
1.605555555555555403e+00
1.477777777777777857e+00
1.361111111111111160e+00
1.255555555555555536e+00
1.161111111111110983e+00
1.077777777777777724e+00
1.005555555555555536e+00
9.444444444444443088e-01
8.944444444444443754e-01
8.555555555555554026e-01
8.277777777777777235e-01
8.111111111111110050e-01
8.055555555555553582e-01
8.111111111111108940e-01
8.277777777777776125e-01
8.555555555555554026e-01
8.944444444444442643e-01
9.444444444444441977e-01
1.005555555555555536e+00
1.077777777777777501e+00
1.161111111111110761e+00
1.255555555555555536e+00
1.361111111111110716e+00
1.477777777777777413e+00
1.605555555555555403e+00
1.744444444444443798e+00
1.894444444444443931e+00
2.055555555555555358e+00
1.961111111111111027e+00
1.800000000000000266e+00
1.649999999999999689e+00
1.511111111111111072e+00
1.383333333333333526e+00
1.266666666666666607e+00
1.161111111111110983e+00
1.066666666666666652e+00
9.833333333333333925e-01
9.111111111111109828e-01
8.499999999999999778e-01
7.999999999999999334e-01
7.611111111111110716e-01
7.333333333333332815e-01
7.166666666666665630e-01
7.111111111111110272e-01
7.166666666666665630e-01
7.333333333333331705e-01
7.611111111111110716e-01
7.999999999999998224e-01
8.499999999999998668e-01
9.111111111111109828e-01
9.833333333333331705e-01
1.066666666666666430e+00
1.161111111111110983e+00
1.266666666666666163e+00
1.383333333333333082e+00
1.511111111111111072e+00
1.649999999999999467e+00
1.799999999999999600e+00
1.961111111111111027e+00
1.877777777777777768e+00
1.716666666666667007e+00
1.566666666666666430e+00
1.427777777777777812e+00
1.300000000000000044e+00
1.183333333333333348e+00
1.077777777777777724e+00
9.833333333333333925e-01
9.000000000000000222e-01
8.277777777777777235e-01
7.666666666666666075e-01
7.166666666666665630e-01
6.777777777777777013e-01
6.499999999999999112e-01
6.333333333333333037e-01
6.277777777777777679e-01
6.333333333333333037e-01
6.499999999999999112e-01
6.777777777777777013e-01
7.166666666666665630e-01
7.666666666666664964e-01
8.277777777777777235e-01
8.999999999999999112e-01
9.833333333333331705e-01
1.077777777777777724e+00
1.183333333333332904e+00
1.299999999999999822e+00
1.427777777777777812e+00
1.566666666666666208e+00
1.716666666666666341e+00
1.877777777777777768e+00
1.805555555555555358e+00
1.644444444444444597e+00
1.494444444444444242e+00
1.355555555555555403e+00
1.227777777777777857e+00
1.111111111111111160e+00
1.005555555555555536e+00
9.111111111111109828e-01
8.277777777777777235e-01
7.555555555555554248e-01
6.944444444444443088e-01
6.444444444444443754e-01
6.055555555555554026e-01
5.777777777777777235e-01
5.611111111111110050e-01
5.555555555555553582e-01
5.611111111111108940e-01
5.777777777777776125e-01
6.055555555555554026e-01
6.444444444444442643e-01
6.944444444444441977e-01
7.555555555555554248e-01
8.277777777777775015e-01
9.111111111111107608e-01
1.005555555555555536e+00
1.111111111111110716e+00
1.227777777777777413e+00
1.355555555555555403e+00
1.494444444444443798e+00
1.644444444444443931e+00
1.805555555555555358e+00
1.744444444444444242e+00
1.583333333333333481e+00
1.433333333333333126e+00
1.294444444444444287e+00
1.166666666666666741e+00
1.050000000000000044e+00
9.444444444444443088e-01
8.499999999999999778e-01
7.666666666666666075e-01
6.944444444444443088e-01
6.333333333333333037e-01
5.833333333333332593e-01
5.444444444444442865e-01
5.166666666666666075e-01
4.999999999999998890e-01
4.944444444444443532e-01
4.999999999999998890e-01
5.166666666666664964e-01
5.444444444444442865e-01
5.833333333333331483e-01
6.333333333333330817e-01
6.944444444444443088e-01
7.666666666666664964e-01
8.499999999999997558e-01
9.444444444444443088e-01
1.049999999999999600e+00
1.166666666666666519e+00
1.294444444444444287e+00
1.433333333333332682e+00
1.583333333333332815e+00
1.744444444444444242e+00
1.694444444444444420e+00
1.533333333333333437e+00
1.383333333333333082e+00
1.244444444444444464e+00
1.116666666666666696e+00
1.000000000000000000e+00
8.944444444444443754e-01
7.999999999999999334e-01
7.166666666666665630e-01
6.444444444444443754e-01
5.833333333333332593e-01
5.333333333333332149e-01
4.944444444444442976e-01
4.666666666666665630e-01
4.499999999999999001e-01
4.444444444444443088e-01
4.499999999999998446e-01
4.666666666666665075e-01
4.944444444444442976e-01
5.333333333333332149e-01
5.833333333333331483e-01
6.444444444444443754e-01
7.166666666666664520e-01
7.999999999999997113e-01
8.944444444444443754e-01
9.999999999999995559e-01
1.116666666666666252e+00
1.244444444444444464e+00
1.383333333333332638e+00
1.533333333333332993e+00
1.694444444444444420e+00
1.655555555555555447e+00
1.494444444444444686e+00
1.344444444444444109e+00
1.205555555555555491e+00
1.077777777777777946e+00
9.611111111111111382e-01
8.555555555555554026e-01
7.611111111111110716e-01
6.777777777777777013e-01
6.055555555555554026e-01
5.444444444444442865e-01
4.944444444444442976e-01
4.555555555555553804e-01
4.277777777777776458e-01
4.111111111111109828e-01
4.055555555555553915e-01
4.111111111111109828e-01
4.277777777777775903e-01
4.555555555555553804e-01
4.944444444444442421e-01
5.444444444444442865e-01
6.055555555555554026e-01
6.777777777777775903e-01
7.611111111111108496e-01
8.555555555555554026e-01
9.611111111111106942e-01
1.077777777777777501e+00
1.205555555555555491e+00
1.344444444444443887e+00
1.494444444444444020e+00
1.655555555555555447e+00
1.627777777777777546e+00
1.466666666666666785e+00
1.316666666666666430e+00
1.177777777777777590e+00
1.050000000000000044e+00
9.333333333333333481e-01
8.277777777777777235e-01
7.333333333333332815e-01
6.499999999999999112e-01
5.777777777777777235e-01
5.166666666666666075e-01
4.666666666666665630e-01
4.277777777777776458e-01
3.999999999999999112e-01
3.833333333333331927e-01
3.777777777777776569e-01
3.833333333333331927e-01
3.999999999999998002e-01
4.277777777777776458e-01
4.666666666666665075e-01
5.166666666666664964e-01
5.777777777777777235e-01
6.499999999999998002e-01
7.333333333333330595e-01
8.277777777777777235e-01
9.333333333333329040e-01
1.049999999999999822e+00
1.177777777777777590e+00
1.316666666666665986e+00
1.466666666666666119e+00
1.627777777777777546e+00
1.611111111111110938e+00
1.450000000000000178e+00
1.299999999999999822e+00
1.161111111111110983e+00
1.033333333333333215e+00
9.166666666666666297e-01
8.111111111111110050e-01
7.166666666666665630e-01
6.333333333333333037e-01
5.611111111111110050e-01
4.999999999999998890e-01
4.499999999999999001e-01
4.111111111111109828e-01
3.833333333333331927e-01
3.666666666666665297e-01
3.611111111111109939e-01
3.666666666666665297e-01
3.833333333333331927e-01
4.111111111111109828e-01
4.499999999999998446e-01
4.999999999999997780e-01
5.611111111111110050e-01
6.333333333333330817e-01
7.166666666666663410e-01
8.111111111111110050e-01
9.166666666666661856e-01
1.033333333333332993e+00
1.161111111111110983e+00
1.299999999999999378e+00
1.449999999999999512e+00
1.611111111111110938e+00
1.605555555555555403e+00
1.444444444444444642e+00
1.294444444444444287e+00
1.155555555555555447e+00
1.027777777777777679e+00
9.111111111111110938e-01
8.055555555555553582e-01
7.111111111111110272e-01
6.277777777777777679e-01
5.555555555555553582e-01
4.944444444444443532e-01
4.444444444444443088e-01
4.055555555555553915e-01
3.777777777777776569e-01
3.611111111111109939e-01
3.555555555555554026e-01
3.611111111111109384e-01
3.777777777777776014e-01
4.055555555555553915e-01
4.444444444444442532e-01
4.944444444444442421e-01
5.555555555555553582e-01
6.277777777777775459e-01
7.111111111111108052e-01
8.055555555555553582e-01
9.111111111111106498e-01
1.027777777777777457e+00
1.155555555555555447e+00
1.294444444444443842e+00
1.444444444444443976e+00
1.605555555555555403e+00
1.611111111111110938e+00
1.450000000000000178e+00
1.299999999999999822e+00
1.161111111111110983e+00
1.033333333333333215e+00
9.166666666666666297e-01
8.111111111111108940e-01
7.166666666666665630e-01
6.333333333333333037e-01
5.611111111111108940e-01
4.999999999999998890e-01
4.499999999999998446e-01
4.111111111111109828e-01
3.833333333333331927e-01
3.666666666666665297e-01
3.611111111111109384e-01
3.666666666666664742e-01
3.833333333333331372e-01
4.111111111111109828e-01
4.499999999999997891e-01
4.999999999999997780e-01
5.611111111111108940e-01
6.333333333333330817e-01
7.166666666666663410e-01
8.111111111111108940e-01
9.166666666666661856e-01
1.033333333333332993e+00
1.161111111111110983e+00
1.299999999999999378e+00
1.449999999999999512e+00
1.611111111111110938e+00
1.627777777777777546e+00
1.466666666666666785e+00
1.316666666666666430e+00
1.177777777777777590e+00
1.049999999999999822e+00
9.333333333333332371e-01
8.277777777777776125e-01
7.333333333333331705e-01
6.499999999999999112e-01
5.777777777777776125e-01
5.166666666666664964e-01
4.666666666666665075e-01
4.277777777777775903e-01
3.999999999999998002e-01
3.833333333333331927e-01
3.777777777777776014e-01
3.833333333333331372e-01
3.999999999999998002e-01
4.277777777777775903e-01
4.666666666666664520e-01
5.166666666666663854e-01
5.777777777777776125e-01
6.499999999999996891e-01
7.333333333333329485e-01
8.277777777777776125e-01
9.333333333333327930e-01
1.049999999999999600e+00
1.177777777777777590e+00
1.316666666666665986e+00
1.466666666666666119e+00
1.627777777777777546e+00
1.655555555555555447e+00
1.494444444444444686e+00
1.344444444444444109e+00
1.205555555555555491e+00
1.077777777777777946e+00
9.611111111111111382e-01
8.555555555555554026e-01
7.611111111111110716e-01
6.777777777777777013e-01
6.055555555555554026e-01
5.444444444444442865e-01
4.944444444444442976e-01
4.555555555555553804e-01
4.277777777777776458e-01
4.111111111111109828e-01
4.055555555555553915e-01
4.111111111111109828e-01
4.277777777777775903e-01
4.555555555555553804e-01
4.944444444444442421e-01
5.444444444444442865e-01
6.055555555555554026e-01
6.777777777777775903e-01
7.611111111111108496e-01
8.555555555555554026e-01
9.611111111111106942e-01
1.077777777777777501e+00
1.205555555555555491e+00
1.344444444444443887e+00
1.494444444444444020e+00
1.655555555555555447e+00
1.694444444444444198e+00
1.533333333333333437e+00
1.383333333333333082e+00
1.244444444444444242e+00
1.116666666666666696e+00
1.000000000000000000e+00
8.944444444444442643e-01
7.999999999999998224e-01
7.166666666666665630e-01
6.444444444444442643e-01
5.833333333333331483e-01
5.333333333333332149e-01
4.944444444444442421e-01
4.666666666666665075e-01
4.499999999999998446e-01
4.444444444444442532e-01
4.499999999999997891e-01
4.666666666666664520e-01
4.944444444444442421e-01
5.333333333333331039e-01
5.833333333333330373e-01
6.444444444444442643e-01
7.166666666666663410e-01
7.999999999999996003e-01
8.944444444444442643e-01
9.999999999999995559e-01
1.116666666666666252e+00
1.244444444444444242e+00
1.383333333333332638e+00
1.533333333333332771e+00
1.694444444444444198e+00
1.744444444444444242e+00
1.583333333333333481e+00
1.433333333333332904e+00
1.294444444444444287e+00
1.166666666666666519e+00
1.049999999999999822e+00
9.444444444444441977e-01
8.499999999999998668e-01
7.666666666666664964e-01
6.944444444444441977e-01
6.333333333333330817e-01
5.833333333333331483e-01
5.444444444444442865e-01
5.166666666666664964e-01
4.999999999999997780e-01
4.944444444444442421e-01
4.999999999999997780e-01
5.166666666666663854e-01
5.444444444444442865e-01
5.833333333333330373e-01
6.333333333333330817e-01
6.944444444444441977e-01
7.666666666666663854e-01
8.499999999999996447e-01
9.444444444444441977e-01
1.049999999999999378e+00
1.166666666666666297e+00
1.294444444444444287e+00
1.433333333333332682e+00
1.583333333333332815e+00
1.744444444444444242e+00
1.805555555555555358e+00
1.644444444444444597e+00
1.494444444444444242e+00
1.355555555555555403e+00
1.227777777777777857e+00
1.111111111111111160e+00
1.005555555555555536e+00
9.111111111111109828e-01
8.277777777777777235e-01
7.555555555555554248e-01
6.944444444444443088e-01
6.444444444444443754e-01
6.055555555555554026e-01
5.777777777777777235e-01
5.611111111111110050e-01
5.555555555555553582e-01
5.611111111111108940e-01
5.777777777777776125e-01
6.055555555555554026e-01
6.444444444444442643e-01
6.944444444444441977e-01
7.555555555555554248e-01
8.277777777777775015e-01
9.111111111111107608e-01
1.005555555555555536e+00
1.111111111111110716e+00
1.227777777777777413e+00
1.355555555555555403e+00
1.494444444444443798e+00
1.644444444444443931e+00
1.805555555555555358e+00
1.877777777777777546e+00
1.716666666666666785e+00
1.566666666666666208e+00
1.427777777777777590e+00
1.299999999999999822e+00
1.183333333333333126e+00
1.077777777777777501e+00
9.833333333333331705e-01
8.999999999999999112e-01
8.277777777777775015e-01
7.666666666666664964e-01
7.166666666666664520e-01
6.777777777777775903e-01
6.499999999999998002e-01
6.333333333333330817e-01
6.277777777777775459e-01
6.333333333333330817e-01
6.499999999999996891e-01
6.777777777777775903e-01
7.166666666666663410e-01
7.666666666666663854e-01
8.277777777777775015e-01
8.999999999999996891e-01
9.833333333333329485e-01
1.077777777777777501e+00
1.183333333333332682e+00
1.299999999999999600e+00
1.427777777777777590e+00
1.566666666666665986e+00
1.716666666666666119e+00
1.877777777777777546e+00
1.961111111111110805e+00
1.800000000000000044e+00
1.649999999999999689e+00
1.511111111111110850e+00
1.383333333333333082e+00
1.266666666666666607e+00
1.161111111111110761e+00
1.066666666666666430e+00
9.833333333333331705e-01
9.111111111111107608e-01
8.499999999999997558e-01
7.999999999999997113e-01
7.611111111111108496e-01
7.333333333333330595e-01
7.166666666666663410e-01
7.111111111111108052e-01
7.166666666666663410e-01
7.333333333333329485e-01
7.611111111111108496e-01
7.999999999999996003e-01
8.499999999999996447e-01
9.111111111111107608e-01
9.833333333333329485e-01
1.066666666666666208e+00
1.161111111111110761e+00
1.266666666666666163e+00
1.383333333333332860e+00
1.511111111111110850e+00
1.649999999999999245e+00
1.799999999999999378e+00
1.961111111111110805e+00
2.055555555555555358e+00
1.894444444444444597e+00
1.744444444444444242e+00
1.605555555555555403e+00
1.477777777777777857e+00
1.361111111111111160e+00
1.255555555555555536e+00
1.161111111111110983e+00
1.077777777777777724e+00
1.005555555555555536e+00
9.444444444444443088e-01
8.944444444444443754e-01
8.555555555555554026e-01
8.277777777777777235e-01
8.111111111111110050e-01
8.055555555555553582e-01
8.111111111111108940e-01
8.277777777777776125e-01
8.555555555555554026e-01
8.944444444444442643e-01
9.444444444444441977e-01
1.005555555555555536e+00
1.077777777777777501e+00
1.161111111111110761e+00
1.255555555555555536e+00
1.361111111111110716e+00
1.477777777777777413e+00
1.605555555555555403e+00
1.744444444444443798e+00
1.894444444444443931e+00
2.055555555555555358e+00
2.161111111111110539e+00
1.999999999999999778e+00
1.849999999999999423e+00
1.711111111111110583e+00
1.583333333333333037e+00
1.466666666666666341e+00
1.361111111111110716e+00
1.266666666666666163e+00
1.183333333333332904e+00
1.111111111111110716e+00
1.049999999999999600e+00
9.999999999999995559e-01
9.611111111111106942e-01
9.333333333333329040e-01
9.166666666666661856e-01
9.111111111111106498e-01
9.166666666666661856e-01
9.333333333333327930e-01
9.611111111111106942e-01
9.999999999999995559e-01
1.049999999999999378e+00
1.111111111111110716e+00
1.183333333333332682e+00
1.266666666666666163e+00
1.361111111111110716e+00
1.466666666666665897e+00
1.583333333333332815e+00
1.711111111111110583e+00
1.849999999999998979e+00
1.999999999999999334e+00
2.161111111111110539e+00
2.277777777777777679e+00
2.116666666666666696e+00
1.966666666666666119e+00
1.827777777777777501e+00
1.699999999999999956e+00
1.583333333333333259e+00
1.477777777777777413e+00
1.383333333333333082e+00
1.299999999999999822e+00
1.227777777777777413e+00
1.166666666666666519e+00
1.116666666666666252e+00
1.077777777777777501e+00
1.049999999999999822e+00
1.033333333333332993e+00
1.027777777777777457e+00
1.033333333333332993e+00
1.049999999999999600e+00
1.077777777777777501e+00
1.116666666666666252e+00
1.166666666666666297e+00
1.227777777777777413e+00
1.299999999999999600e+00
1.383333333333332860e+00
1.477777777777777413e+00
1.583333333333332815e+00
1.699999999999999512e+00
1.827777777777777501e+00
1.966666666666665897e+00
2.116666666666666252e+00
2.277777777777777679e+00
2.405555555555555003e+00
2.244444444444444464e+00
2.094444444444444109e+00
1.955555555555555491e+00
1.827777777777777724e+00
1.711111111111111027e+00
1.605555555555555403e+00
1.511111111111111072e+00
1.427777777777777812e+00
1.355555555555555403e+00
1.294444444444444287e+00
1.244444444444444464e+00
1.205555555555555491e+00
1.177777777777777590e+00
1.161111111111110983e+00
1.155555555555555447e+00
1.161111111111110983e+00
1.177777777777777590e+00
1.205555555555555491e+00
1.244444444444444242e+00
1.294444444444444287e+00
1.355555555555555403e+00
1.427777777777777590e+00
1.511111111111110850e+00
1.605555555555555403e+00
1.711111111111110583e+00
1.827777777777777501e+00
1.955555555555555491e+00
2.094444444444444109e+00
2.244444444444444020e+00
2.405555555555555003e+00
2.544444444444443398e+00
2.383333333333332860e+00
2.233333333333332504e+00
2.094444444444444109e+00
1.966666666666666119e+00
1.849999999999999423e+00
1.744444444444443798e+00
1.649999999999999467e+00
1.566666666666666208e+00
1.494444444444443798e+00
1.433333333333332682e+00
1.383333333333332638e+00
1.344444444444443887e+00
1.316666666666665986e+00
1.299999999999999378e+00
1.294444444444443842e+00
1.299999999999999378e+00
1.316666666666665986e+00
1.344444444444443887e+00
1.383333333333332638e+00
1.433333333333332682e+00
1.494444444444443798e+00
1.566666666666665986e+00
1.649999999999999245e+00
1.744444444444443798e+00
1.849999999999998979e+00
1.966666666666665897e+00
2.094444444444444109e+00
2.233333333333332504e+00
2.383333333333331971e+00
2.544444444444443398e+00
2.694444444444443754e+00
2.533333333333333215e+00
2.383333333333332860e+00
2.244444444444444020e+00
2.116666666666666252e+00
1.999999999999999778e+00
1.894444444444443931e+00
1.799999999999999600e+00
1.716666666666666341e+00
1.644444444444443931e+00
1.583333333333332815e+00
1.533333333333332993e+00
1.494444444444444020e+00
1.466666666666666119e+00
1.449999999999999512e+00
1.444444444444443976e+00
1.449999999999999512e+00
1.466666666666666119e+00
1.494444444444444020e+00
1.533333333333332771e+00
1.583333333333332815e+00
1.644444444444443931e+00
1.716666666666666119e+00
1.799999999999999378e+00
1.894444444444443931e+00
1.999999999999999334e+00
2.116666666666666252e+00
2.244444444444444020e+00
2.383333333333331971e+00
2.533333333333332327e+00
2.694444444444443754e+00
2.855555555555555181e+00
2.694444444444444642e+00
2.544444444444444287e+00
2.405555555555555003e+00
2.277777777777777679e+00
2.161111111111111427e+00
2.055555555555555358e+00
1.961111111111111027e+00
1.877777777777777768e+00
1.805555555555555358e+00
1.744444444444444242e+00
1.694444444444444420e+00
1.655555555555555447e+00
1.627777777777777546e+00
1.611111111111110938e+00
1.605555555555555403e+00
1.611111111111110938e+00
1.627777777777777546e+00
1.655555555555555447e+00
1.694444444444444198e+00
1.744444444444444242e+00
1.805555555555555358e+00
1.877777777777777546e+00
1.961111111111110805e+00
2.055555555555555358e+00
2.161111111111110539e+00
2.277777777777777679e+00
2.405555555555555003e+00
2.544444444444443398e+00
2.694444444444443754e+00
2.855555555555555181e+00
2.950000000000000178e+00
2.788888888888889639e+00
2.638888888888888840e+00
2.500000000000000000e+00
2.372222222222222676e+00
2.255555555555555980e+00
2.149999999999999911e+00
2.055555555555555802e+00
1.972222222222222321e+00
1.899999999999999911e+00
1.838888888888888795e+00
1.788888888888888973e+00
1.750000000000000000e+00
1.722222222222222099e+00
1.705555555555555491e+00
1.699999999999999956e+00
1.705555555555555491e+00
1.722222222222222099e+00
1.750000000000000000e+00
1.788888888888888751e+00
1.838888888888888795e+00
1.899999999999999911e+00
1.972222222222222099e+00
2.055555555555555358e+00
2.149999999999999911e+00
2.255555555555555536e+00
2.372222222222222232e+00
2.500000000000000000e+00
2.638888888888888395e+00
2.788888888888888751e+00
2.950000000000000178e+00
2.788888888888889639e+00
2.627777777777778656e+00
2.477777777777778301e+00
2.338888888888889461e+00
2.211111111111111693e+00
2.094444444444444997e+00
1.988888888888889150e+00
1.894444444444444819e+00
1.811111111111111560e+00
1.738888888888889150e+00
1.677777777777778034e+00
1.627777777777777990e+00
1.588888888888889239e+00
1.561111111111111338e+00
1.544444444444444731e+00
1.538888888888889195e+00
1.544444444444444731e+00
1.561111111111111338e+00
1.588888888888889239e+00
1.627777777777777990e+00
1.677777777777778034e+00
1.738888888888889150e+00
1.811111111111111338e+00
1.894444444444444597e+00
1.988888888888889150e+00
2.094444444444444553e+00
2.211111111111111249e+00
2.338888888888889461e+00
2.477777777777777857e+00
2.627777777777778212e+00
2.788888888888889639e+00
2.638888888888888840e+00
2.477777777777778301e+00
2.327777777777777501e+00
2.188888888888889106e+00
2.061111111111111338e+00
1.944444444444444420e+00
1.838888888888888795e+00
1.744444444444444242e+00
1.661111111111110983e+00
1.588888888888888795e+00
1.527777777777777679e+00
1.477777777777777635e+00
1.438888888888888884e+00
1.411111111111110983e+00
1.394444444444444375e+00
1.388888888888888840e+00
1.394444444444444375e+00
1.411111111111110983e+00
1.438888888888888884e+00
1.477777777777777635e+00
1.527777777777777457e+00
1.588888888888888795e+00
1.661111111111110761e+00
1.744444444444444242e+00
1.838888888888888795e+00
1.944444444444443976e+00
2.061111111111110894e+00
2.188888888888889106e+00
2.327777777777777501e+00
2.477777777777777413e+00
2.638888888888888840e+00
2.500000000000000000e+00
2.338888888888889461e+00
2.188888888888889106e+00
2.050000000000000266e+00
1.922222222222222276e+00
1.805555555555555580e+00
1.699999999999999956e+00
1.605555555555555625e+00
1.522222222222222365e+00
1.449999999999999956e+00
1.388888888888889062e+00
1.338888888888889017e+00
1.300000000000000044e+00
1.272222222222222365e+00
1.255555555555555536e+00
1.250000000000000000e+00
1.255555555555555536e+00
1.272222222222222143e+00
1.300000000000000044e+00
1.338888888888888795e+00
1.388888888888888840e+00
1.449999999999999956e+00
1.522222222222222143e+00
1.605555555555555403e+00
1.699999999999999956e+00
1.805555555555555136e+00
1.922222222222222054e+00
2.050000000000000266e+00
2.188888888888888662e+00
2.338888888888888573e+00
2.500000000000000000e+00
2.372222222222222676e+00
2.211111111111111693e+00
2.061111111111111338e+00
1.922222222222222276e+00
1.794444444444444731e+00
1.677777777777778034e+00
1.572222222222222410e+00
1.477777777777778079e+00
1.394444444444444597e+00
1.322222222222222410e+00
1.261111111111111294e+00
1.211111111111111249e+00
1.172222222222222499e+00
1.144444444444444597e+00
1.127777777777777990e+00
1.122222222222222454e+00
1.127777777777777990e+00
1.144444444444444597e+00
1.172222222222222499e+00
1.211111111111111249e+00
1.261111111111111294e+00
1.322222222222222410e+00
1.394444444444444597e+00
1.477777777777777635e+00
1.572222222222222410e+00
1.677777777777777590e+00
1.794444444444444509e+00
1.922222222222222276e+00
2.061111111111110894e+00
2.211111111111111249e+00
2.372222222222222676e+00
2.255555555555555980e+00
2.094444444444444997e+00
1.944444444444444420e+00
1.805555555555555580e+00
1.677777777777778034e+00
1.561111111111111338e+00
1.455555555555555713e+00
1.361111111111111382e+00
1.277777777777777901e+00
1.205555555555555713e+00
1.144444444444444597e+00
1.094444444444444553e+00
1.055555555555555802e+00
1.027777777777777901e+00
1.011111111111111294e+00
1.005555555555555758e+00
1.011111111111111294e+00
1.027777777777777901e+00
1.055555555555555802e+00
1.094444444444444553e+00
1.144444444444444597e+00
1.205555555555555713e+00
1.277777777777777901e+00
1.361111111111111160e+00
1.455555555555555713e+00
1.561111111111110894e+00
1.677777777777777812e+00
1.805555555555555580e+00
1.944444444444443976e+00
2.094444444444444553e+00
2.255555555555555980e+00
2.149999999999999911e+00
1.988888888888889150e+00
1.838888888888888795e+00
1.699999999999999956e+00
1.572222222222222410e+00
1.455555555555555713e+00
1.350000000000000089e+00
1.255555555555555536e+00
1.172222222222222276e+00
1.100000000000000089e+00
1.038888888888888973e+00
9.888888888888889284e-01
9.499999999999999556e-01
9.222222222222222765e-01
9.055555555555556690e-01
9.000000000000000222e-01
9.055555555555555580e-01
9.222222222222222765e-01
9.499999999999999556e-01
9.888888888888889284e-01
1.038888888888888751e+00
1.100000000000000089e+00
1.172222222222222054e+00
1.255555555555555314e+00
1.350000000000000089e+00
1.455555555555555269e+00
1.572222222222221966e+00
1.699999999999999956e+00
1.838888888888888351e+00
1.988888888888888484e+00
2.149999999999999911e+00
2.055555555555555802e+00
1.894444444444444819e+00
1.744444444444444242e+00
1.605555555555555625e+00
1.477777777777778079e+00
1.361111111111111382e+00
1.255555555555555536e+00
1.161111111111111205e+00
1.077777777777777946e+00
1.005555555555555536e+00
9.444444444444446418e-01
8.944444444444445974e-01
8.555555555555556246e-01
8.277777777777779455e-01
8.111111111111112271e-01
8.055555555555555802e-01
8.111111111111111160e-01
8.277777777777778345e-01
8.555555555555556246e-01
8.944444444444444864e-01
9.444444444444444198e-01
1.005555555555555536e+00
1.077777777777777724e+00
1.161111111111110983e+00
1.255555555555555536e+00
1.361111111111110938e+00
1.477777777777777635e+00
1.605555555555555625e+00
1.744444444444444020e+00
1.894444444444444153e+00
2.055555555555555802e+00
1.972222222222222321e+00
1.811111111111111560e+00
1.661111111111110983e+00
1.522222222222222365e+00
1.394444444444444597e+00
1.277777777777777901e+00
1.172222222222222276e+00
1.077777777777777946e+00
9.944444444444446862e-01
9.222222222222222765e-01
8.611111111111111605e-01
8.111111111111112271e-01
7.722222222222223653e-01
7.444444444444445752e-01
7.277777777777778567e-01
7.222222222222223209e-01
7.277777777777778567e-01
7.444444444444444642e-01
7.722222222222223653e-01
8.111111111111111160e-01
8.611111111111111605e-01
9.222222222222222765e-01
9.944444444444444642e-01
1.077777777777777724e+00
1.172222222222222276e+00
1.277777777777777457e+00
1.394444444444444375e+00
1.522222222222222365e+00
1.661111111111110761e+00
1.811111111111110894e+00
1.972222222222222321e+00
1.899999999999999911e+00
1.738888888888889150e+00
1.588888888888888795e+00
1.449999999999999956e+00
1.322222222222222410e+00
1.205555555555555713e+00
1.100000000000000089e+00
1.005555555555555536e+00
9.222222222222222765e-01
8.500000000000000888e-01
7.888888888888889728e-01
7.388888888888889284e-01
6.999999999999999556e-01
6.722222222222222765e-01
6.555555555555555580e-01
6.500000000000000222e-01
6.555555555555555580e-01
6.722222222222222765e-01
6.999999999999999556e-01
7.388888888888889284e-01
7.888888888888887507e-01
8.500000000000000888e-01
9.222222222222221655e-01
1.005555555555555314e+00
1.100000000000000089e+00
1.205555555555555269e+00
1.322222222222221966e+00
1.449999999999999956e+00
1.588888888888888351e+00
1.738888888888888484e+00
1.899999999999999911e+00
1.838888888888888795e+00
1.677777777777778034e+00
1.527777777777777679e+00
1.388888888888889062e+00
1.261111111111111294e+00
1.144444444444444597e+00
1.038888888888888973e+00
9.444444444444446418e-01
8.611111111111111605e-01
7.888888888888889728e-01
7.277777777777778567e-01
6.777777777777778123e-01
6.388888888888889506e-01
6.111111111111111605e-01
5.944444444444445530e-01
5.888888888888889062e-01
5.944444444444444420e-01
6.111111111111111605e-01
6.388888888888889506e-01
6.777777777777778123e-01
7.277777777777777457e-01
7.888888888888889728e-01
8.611111111111111605e-01
9.444444444444444198e-01
1.038888888888888973e+00
1.144444444444444153e+00
1.261111111111111072e+00
1.388888888888889062e+00
1.527777777777777235e+00
1.677777777777777368e+00
1.838888888888888795e+00
1.788888888888888973e+00
1.627777777777777990e+00
1.477777777777777635e+00
1.338888888888889017e+00
1.211111111111111249e+00
1.094444444444444553e+00
9.888888888888889284e-01
8.944444444444445974e-01
8.111111111111112271e-01
7.388888888888889284e-01
6.777777777777778123e-01
6.277777777777777679e-01
5.888888888888889062e-01
5.611111111111111160e-01
5.444444444444445086e-01
5.388888888888889728e-01
5.444444444444445086e-01
5.611111111111111160e-01
5.888888888888889062e-01
6.277777777777777679e-01
6.777777777777777013e-01
7.388888888888889284e-01
8.111111111111111160e-01
8.944444444444443754e-01
9.888888888888889284e-01
1.094444444444444109e+00
1.211111111111111027e+00
1.338888888888889017e+00
1.477777777777777191e+00
1.627777777777777546e+00
1.788888888888888973e+00
1.750000000000000000e+00
1.588888888888889239e+00
1.438888888888888884e+00
1.300000000000000044e+00
1.172222222222222499e+00
1.055555555555555802e+00
9.499999999999999556e-01
8.555555555555556246e-01
7.722222222222223653e-01
6.999999999999999556e-01
6.388888888888889506e-01
5.888888888888889062e-01
5.500000000000000444e-01
5.222222222222222543e-01
5.055555555555555358e-01
5.000000000000000000e-01
5.055555555555555358e-01
5.222222222222221433e-01
5.500000000000000444e-01
5.888888888888887951e-01
6.388888888888888395e-01
6.999999999999999556e-01
7.722222222222221433e-01
8.555555555555554026e-01
9.499999999999999556e-01
1.055555555555555358e+00
1.172222222222222054e+00
1.300000000000000044e+00
1.438888888888888440e+00
1.588888888888888573e+00
1.750000000000000000e+00
1.722222222222222099e+00
1.561111111111111338e+00
1.411111111111110983e+00
1.272222222222222365e+00
1.144444444444444597e+00
1.027777777777777901e+00
9.222222222222222765e-01
8.277777777777779455e-01
7.444444444444445752e-01
6.722222222222222765e-01
6.111111111111111605e-01
5.611111111111111160e-01
5.222222222222222543e-01
4.944444444444445197e-01
4.777777777777778567e-01
4.722222222222222654e-01
4.777777777777778012e-01
4.944444444444444642e-01
5.222222222222222543e-01
5.611111111111111160e-01
6.111111111111110494e-01
6.722222222222222765e-01
7.444444444444444642e-01
8.277777777777777235e-01
9.222222222222222765e-01
1.027777777777777457e+00
1.144444444444444375e+00
1.272222222222222365e+00
1.411111111111110761e+00
1.561111111111110672e+00
1.722222222222222099e+00
1.705555555555555491e+00
1.544444444444444731e+00
1.394444444444444375e+00
1.255555555555555536e+00
1.127777777777777990e+00
1.011111111111111294e+00
9.055555555555556690e-01
8.111111111111112271e-01
7.277777777777778567e-01
6.555555555555555580e-01
5.944444444444445530e-01
5.444444444444445086e-01
5.055555555555555358e-01
4.777777777777778567e-01
4.611111111111111382e-01
4.555555555555556024e-01
4.611111111111111382e-01
4.777777777777777457e-01
5.055555555555555358e-01
5.444444444444443976e-01
5.944444444444443310e-01
6.555555555555555580e-01
7.277777777777777457e-01
8.111111111111110050e-01
9.055555555555556690e-01
1.011111111111110850e+00
1.127777777777777546e+00
1.255555555555555536e+00
1.394444444444443931e+00
1.544444444444444065e+00
1.705555555555555491e+00
1.699999999999999956e+00
1.538888888888889195e+00
1.388888888888888840e+00
1.250000000000000000e+00
1.122222222222222454e+00
1.005555555555555758e+00
9.000000000000000222e-01
8.055555555555555802e-01
7.222222222222223209e-01
6.500000000000000222e-01
5.888888888888889062e-01
5.388888888888889728e-01
5.000000000000000000e-01
4.722222222222222654e-01
4.555555555555556024e-01
4.500000000000000111e-01
4.555555555555555469e-01
4.722222222222222099e-01
5.000000000000000000e-01
5.388888888888888618e-01
5.888888888888887951e-01
6.500000000000000222e-01
7.222222222222220989e-01
8.055555555555553582e-01
9.000000000000000222e-01
1.005555555555555314e+00
1.122222222222222010e+00
1.250000000000000000e+00
1.388888888888888395e+00
1.538888888888888529e+00
1.699999999999999956e+00
1.705555555555555491e+00
1.544444444444444731e+00
1.394444444444444375e+00
1.255555555555555536e+00
1.127777777777777990e+00
1.011111111111111294e+00
9.055555555555555580e-01
8.111111111111111160e-01
7.277777777777778567e-01
6.555555555555555580e-01
5.944444444444444420e-01
5.444444444444445086e-01
5.055555555555555358e-01
4.777777777777778012e-01
4.611111111111111382e-01
4.555555555555555469e-01
4.611111111111110827e-01
4.777777777777777457e-01
5.055555555555555358e-01
5.444444444444443976e-01
5.944444444444443310e-01
6.555555555555555580e-01
7.277777777777776347e-01
8.111111111111108940e-01
9.055555555555555580e-01
1.011111111111110850e+00
1.127777777777777546e+00
1.255555555555555536e+00
1.394444444444443931e+00
1.544444444444444065e+00
1.705555555555555491e+00
1.722222222222222099e+00
1.561111111111111338e+00
1.411111111111110983e+00
1.272222222222222143e+00
1.144444444444444597e+00
1.027777777777777901e+00
9.222222222222222765e-01
8.277777777777778345e-01
7.444444444444444642e-01
6.722222222222222765e-01
6.111111111111111605e-01
5.611111111111111160e-01
5.222222222222221433e-01
4.944444444444444642e-01
4.777777777777777457e-01
4.722222222222222099e-01
4.777777777777777457e-01
4.944444444444443532e-01
5.222222222222221433e-01
5.611111111111110050e-01
6.111111111111109384e-01
6.722222222222222765e-01
7.444444444444443532e-01
8.277777777777776125e-01
9.222222222222222765e-01
1.027777777777777457e+00
1.144444444444444153e+00
1.272222222222222143e+00
1.411111111111110539e+00
1.561111111111110672e+00
1.722222222222222099e+00
1.750000000000000000e+00
1.588888888888889239e+00
1.438888888888888884e+00
1.300000000000000044e+00
1.172222222222222499e+00
1.055555555555555802e+00
9.499999999999999556e-01
8.555555555555556246e-01
7.722222222222223653e-01
6.999999999999999556e-01
6.388888888888889506e-01
5.888888888888889062e-01
5.500000000000000444e-01
5.222222222222222543e-01
5.055555555555555358e-01
5.000000000000000000e-01
5.055555555555555358e-01
5.222222222222221433e-01
5.500000000000000444e-01
5.888888888888887951e-01
6.388888888888888395e-01
6.999999999999999556e-01
7.722222222222221433e-01
8.555555555555554026e-01
9.499999999999999556e-01
1.055555555555555358e+00
1.172222222222222054e+00
1.300000000000000044e+00
1.438888888888888440e+00
1.588888888888888573e+00
1.750000000000000000e+00
1.788888888888888751e+00
1.627777777777777990e+00
1.477777777777777635e+00
1.338888888888888795e+00
1.211111111111111249e+00
1.094444444444444553e+00
9.888888888888889284e-01
8.944444444444444864e-01
8.111111111111111160e-01
7.388888888888889284e-01
6.777777777777778123e-01
6.277777777777777679e-01
5.888888888888887951e-01
5.611111111111111160e-01
5.444444444444443976e-01
5.388888888888888618e-01
5.444444444444443976e-01
5.611111111111110050e-01
5.888888888888887951e-01
6.277777777777777679e-01
6.777777777777777013e-01
7.388888888888889284e-01
8.111111111111110050e-01
8.944444444444442643e-01
9.888888888888889284e-01
1.094444444444444109e+00
1.211111111111110805e+00
1.338888888888888795e+00
1.477777777777777191e+00
1.627777777777777324e+00
1.788888888888888751e+00
1.838888888888888795e+00
1.677777777777778034e+00
1.527777777777777457e+00
1.388888888888888840e+00
1.261111111111111294e+00
1.144444444444444597e+00
1.038888888888888751e+00
9.444444444444444198e-01
8.611111111111111605e-01
7.888888888888887507e-01
7.277777777777777457e-01
6.777777777777777013e-01
6.388888888888888395e-01
6.111111111111110494e-01
5.944444444444443310e-01
5.888888888888887951e-01
5.944444444444443310e-01
6.111111111111109384e-01
6.388888888888888395e-01
6.777777777777777013e-01
7.277777777777776347e-01
7.888888888888887507e-01
8.611111111111109384e-01
9.444444444444441977e-01
1.038888888888888751e+00
1.144444444444444153e+00
1.261111111111110850e+00
1.388888888888888840e+00
1.527777777777777235e+00
1.677777777777777368e+00
1.838888888888888795e+00
1.899999999999999911e+00
1.738888888888889150e+00
1.588888888888888795e+00
1.449999999999999956e+00
1.322222222222222410e+00
1.205555555555555713e+00
1.100000000000000089e+00
1.005555555555555536e+00
9.222222222222222765e-01
8.500000000000000888e-01
7.888888888888889728e-01
7.388888888888889284e-01
6.999999999999999556e-01
6.722222222222222765e-01
6.555555555555555580e-01
6.500000000000000222e-01
6.555555555555555580e-01
6.722222222222222765e-01
6.999999999999999556e-01
7.388888888888889284e-01
7.888888888888887507e-01
8.500000000000000888e-01
9.222222222222221655e-01
1.005555555555555314e+00
1.100000000000000089e+00
1.205555555555555269e+00
1.322222222222221966e+00
1.449999999999999956e+00
1.588888888888888351e+00
1.738888888888888484e+00
1.899999999999999911e+00
1.972222222222222099e+00
1.811111111111111338e+00
1.661111111111110761e+00
1.522222222222222143e+00
1.394444444444444597e+00
1.277777777777777901e+00
1.172222222222222054e+00
1.077777777777777724e+00
9.944444444444444642e-01
9.222222222222221655e-01
8.611111111111111605e-01
8.111111111111111160e-01
7.722222222222221433e-01
7.444444444444444642e-01
7.277777777777777457e-01
7.222222222222220989e-01
7.277777777777776347e-01
7.444444444444443532e-01
7.722222222222221433e-01
8.111111111111110050e-01
8.611111111111109384e-01
9.222222222222221655e-01
9.944444444444442421e-01
1.077777777777777501e+00
1.172222222222222054e+00
1.277777777777777457e+00
1.394444444444444153e+00
1.522222222222222143e+00
1.661111111111110539e+00
1.811111111111110672e+00
1.972222222222222099e+00
2.055555555555555358e+00
1.894444444444444597e+00
1.744444444444444242e+00
1.605555555555555403e+00
1.477777777777777635e+00
1.361111111111111160e+00
1.255555555555555314e+00
1.161111111111110983e+00
1.077777777777777724e+00
1.005555555555555314e+00
9.444444444444444198e-01
8.944444444444443754e-01
8.555555555555554026e-01
8.277777777777777235e-01
8.111111111111110050e-01
8.055555555555553582e-01
8.111111111111108940e-01
8.277777777777776125e-01
8.555555555555554026e-01
8.944444444444442643e-01
9.444444444444441977e-01
1.005555555555555314e+00
1.077777777777777501e+00
1.161111111111110761e+00
1.255555555555555314e+00
1.361111111111110716e+00
1.477777777777777413e+00
1.605555555555555403e+00
1.744444444444443798e+00
1.894444444444443931e+00
2.055555555555555358e+00
2.149999999999999911e+00
1.988888888888889150e+00
1.838888888888888795e+00
1.699999999999999956e+00
1.572222222222222410e+00
1.455555555555555713e+00
1.350000000000000089e+00
1.255555555555555536e+00
1.172222222222222276e+00
1.100000000000000089e+00
1.038888888888888973e+00
9.888888888888889284e-01
9.499999999999999556e-01
9.222222222222222765e-01
9.055555555555556690e-01
9.000000000000000222e-01
9.055555555555555580e-01
9.222222222222222765e-01
9.499999999999999556e-01
9.888888888888889284e-01
1.038888888888888751e+00
1.100000000000000089e+00
1.172222222222222054e+00
1.255555555555555314e+00
1.350000000000000089e+00
1.455555555555555269e+00
1.572222222222221966e+00
1.699999999999999956e+00
1.838888888888888351e+00
1.988888888888888484e+00
2.149999999999999911e+00
2.255555555555555536e+00
2.094444444444444553e+00
1.944444444444443976e+00
1.805555555555555136e+00
1.677777777777777590e+00
1.561111111111110894e+00
1.455555555555555269e+00
1.361111111111110938e+00
1.277777777777777457e+00
1.205555555555555269e+00
1.144444444444444153e+00
1.094444444444444109e+00
1.055555555555555358e+00
1.027777777777777457e+00
1.011111111111110850e+00
1.005555555555555314e+00
1.011111111111110850e+00
1.027777777777777457e+00
1.055555555555555358e+00
1.094444444444444109e+00
1.144444444444444153e+00
1.205555555555555269e+00
1.277777777777777457e+00
1.361111111111110716e+00
1.455555555555555269e+00
1.561111111111110450e+00
1.677777777777777368e+00
1.805555555555555136e+00
1.944444444444443532e+00
2.094444444444444109e+00
2.255555555555555536e+00
2.372222222222222232e+00
2.211111111111111249e+00
2.061111111111110894e+00
1.922222222222222054e+00
1.794444444444444509e+00
1.677777777777777812e+00
1.572222222222221966e+00
1.477777777777777635e+00
1.394444444444444375e+00
1.322222222222221966e+00
1.261111111111111072e+00
1.211111111111111027e+00
1.172222222222222054e+00
1.144444444444444375e+00
1.127777777777777546e+00
1.122222222222222010e+00
1.127777777777777546e+00
1.144444444444444153e+00
1.172222222222222054e+00
1.211111111111110805e+00
1.261111111111110850e+00
1.322222222222221966e+00
1.394444444444444153e+00
1.477777777777777413e+00
1.572222222222221966e+00
1.677777777777777368e+00
1.794444444444444065e+00
1.922222222222222054e+00
2.061111111111110450e+00
2.211111111111110805e+00
2.372222222222222232e+00
2.500000000000000000e+00
2.338888888888889461e+00
2.188888888888889106e+00
2.050000000000000266e+00
1.922222222222222276e+00
1.805555555555555580e+00
1.699999999999999956e+00
1.605555555555555625e+00
1.522222222222222365e+00
1.449999999999999956e+00
1.388888888888889062e+00
1.338888888888889017e+00
1.300000000000000044e+00
1.272222222222222365e+00
1.255555555555555536e+00
1.250000000000000000e+00
1.255555555555555536e+00
1.272222222222222143e+00
1.300000000000000044e+00
1.338888888888888795e+00
1.388888888888888840e+00
1.449999999999999956e+00
1.522222222222222143e+00
1.605555555555555403e+00
1.699999999999999956e+00
1.805555555555555136e+00
1.922222222222222054e+00
2.050000000000000266e+00
2.188888888888888662e+00
2.338888888888888573e+00
2.500000000000000000e+00
2.638888888888888395e+00
2.477777777777777857e+00
2.327777777777777501e+00
2.188888888888888662e+00
2.061111111111110894e+00
1.944444444444443976e+00
1.838888888888888351e+00
1.744444444444444020e+00
1.661111111111110761e+00
1.588888888888888351e+00
1.527777777777777235e+00
1.477777777777777191e+00
1.438888888888888440e+00
1.411111111111110761e+00
1.394444444444443931e+00
1.388888888888888395e+00
1.394444444444443931e+00
1.411111111111110539e+00
1.438888888888888440e+00
1.477777777777777191e+00
1.527777777777777235e+00
1.588888888888888351e+00
1.661111111111110539e+00
1.744444444444443798e+00
1.838888888888888351e+00
1.944444444444443532e+00
2.061111111111110450e+00
2.188888888888888662e+00
2.327777777777777057e+00
2.477777777777776969e+00
2.638888888888888395e+00
2.788888888888888751e+00
2.627777777777778212e+00
2.477777777777777413e+00
2.338888888888888573e+00
2.211111111111111249e+00
2.094444444444444553e+00
1.988888888888888484e+00
1.894444444444444153e+00
1.811111111111110894e+00
1.738888888888888484e+00
1.677777777777777368e+00
1.627777777777777546e+00
1.588888888888888573e+00
1.561111111111110672e+00
1.544444444444444065e+00
1.538888888888888529e+00
1.544444444444444065e+00
1.561111111111110672e+00
1.588888888888888573e+00
1.627777777777777324e+00
1.677777777777777368e+00
1.738888888888888484e+00
1.811111111111110672e+00
1.894444444444443931e+00
1.988888888888888484e+00
2.094444444444444109e+00
2.211111111111110805e+00
2.338888888888888573e+00
2.477777777777776969e+00
2.627777777777777324e+00
2.788888888888888751e+00
2.950000000000000178e+00
2.788888888888889639e+00
2.638888888888888840e+00
2.500000000000000000e+00
2.372222222222222676e+00
2.255555555555555980e+00
2.149999999999999911e+00
2.055555555555555802e+00
1.972222222222222321e+00
1.899999999999999911e+00
1.838888888888888795e+00
1.788888888888888973e+00
1.750000000000000000e+00
1.722222222222222099e+00
1.705555555555555491e+00
1.699999999999999956e+00
1.705555555555555491e+00
1.722222222222222099e+00
1.750000000000000000e+00
1.788888888888888751e+00
1.838888888888888795e+00
1.899999999999999911e+00
1.972222222222222099e+00
2.055555555555555358e+00
2.149999999999999911e+00
2.255555555555555536e+00
2.372222222222222232e+00
2.500000000000000000e+00
2.638888888888888395e+00
2.788888888888888751e+00
2.950000000000000178e+00
3.055555555555555358e+00
2.894444444444444819e+00
2.744444444444444020e+00
2.605555555555555181e+00
2.477777777777777857e+00
2.361111111111111160e+00
2.255555555555555092e+00
2.161111111111110983e+00
2.077777777777777501e+00
2.005555555555555092e+00
1.944444444444444198e+00
1.894444444444444375e+00
1.855555555555555181e+00
1.827777777777777501e+00
1.811111111111110894e+00
1.805555555555555358e+00
1.811111111111110894e+00
1.827777777777777501e+00
1.855555555555555181e+00
1.894444444444443931e+00
1.944444444444444198e+00
2.005555555555555092e+00
2.077777777777777501e+00
2.161111111111110539e+00
2.255555555555555092e+00
2.361111111111110716e+00
2.477777777777777413e+00
2.605555555555555181e+00
2.744444444444443576e+00
2.894444444444443931e+00
3.055555555555555358e+00
2.894444444444444819e+00
2.733333333333333837e+00
2.583333333333333481e+00
2.444444444444444642e+00
2.316666666666666874e+00
2.200000000000000178e+00
2.094444444444444553e+00
2.000000000000000000e+00
1.916666666666666963e+00
1.844444444444444553e+00
1.783333333333333215e+00
1.733333333333333393e+00
1.694444444444444642e+00
1.666666666666666519e+00
1.649999999999999911e+00
1.644444444444444375e+00
1.649999999999999911e+00
1.666666666666666519e+00
1.694444444444444642e+00
1.733333333333333393e+00
1.783333333333333215e+00
1.844444444444444553e+00
1.916666666666666519e+00
2.000000000000000000e+00
2.094444444444444553e+00
2.199999999999999734e+00
2.316666666666666430e+00
2.444444444444444642e+00
2.583333333333333037e+00
2.733333333333333393e+00
2.894444444444444819e+00
2.744444444444444020e+00
2.583333333333333481e+00
2.433333333333332682e+00
2.294444444444444287e+00
2.166666666666666519e+00
2.049999999999999822e+00
1.944444444444444198e+00
1.849999999999999645e+00
1.766666666666666163e+00
1.694444444444444198e+00
1.633333333333332860e+00
1.583333333333333037e+00
1.544444444444444065e+00
1.516666666666666163e+00
1.499999999999999556e+00
1.494444444444444020e+00
1.499999999999999556e+00
1.516666666666666163e+00
1.544444444444444065e+00
1.583333333333333037e+00
1.633333333333332860e+00
1.694444444444444198e+00
1.766666666666666163e+00
1.849999999999999645e+00
1.944444444444444198e+00
2.049999999999999378e+00
2.166666666666666075e+00
2.294444444444444287e+00
2.433333333333332682e+00
2.583333333333332593e+00
2.744444444444444020e+00
2.605555555555555181e+00
2.444444444444444642e+00
2.294444444444444287e+00
2.155555555555555447e+00
2.027777777777777679e+00
1.911111111111110983e+00
1.805555555555555358e+00
1.711111111111110805e+00
1.627777777777777768e+00
1.555555555555555358e+00
1.494444444444444242e+00
1.444444444444444198e+00
1.405555555555555447e+00
1.377777777777777546e+00
1.361111111111110716e+00
1.355555555555555181e+00
1.361111111111110716e+00
1.377777777777777324e+00
1.405555555555555447e+00
1.444444444444444198e+00
1.494444444444444020e+00
1.555555555555555358e+00
1.627777777777777324e+00
1.711111111111110805e+00
1.805555555555555358e+00
1.911111111111110539e+00
2.027777777777777235e+00
2.155555555555555447e+00
2.294444444444443842e+00
2.444444444444443754e+00
2.605555555555555181e+00
2.477777777777777857e+00
2.316666666666666874e+00
2.166666666666666519e+00
2.027777777777777679e+00
1.899999999999999911e+00
1.783333333333333215e+00
1.677777777777777590e+00
1.583333333333333481e+00
1.500000000000000000e+00
1.427777777777777590e+00
1.366666666666666696e+00
1.316666666666666430e+00
1.277777777777777679e+00
1.250000000000000000e+00
1.233333333333333171e+00
1.227777777777777635e+00
1.233333333333333171e+00
1.249999999999999778e+00
1.277777777777777679e+00
1.316666666666666430e+00
1.366666666666666474e+00
1.427777777777777590e+00
1.499999999999999778e+00
1.583333333333333037e+00
1.677777777777777590e+00
1.783333333333332771e+00
1.899999999999999911e+00
2.027777777777777679e+00
2.166666666666666075e+00
2.316666666666666430e+00
2.477777777777777857e+00
2.361111111111111160e+00
2.200000000000000178e+00
2.049999999999999822e+00
1.911111111111110983e+00
1.783333333333333215e+00
1.666666666666666519e+00
1.561111111111110894e+00
1.466666666666666563e+00
1.383333333333333304e+00
1.311111111111110894e+00
1.250000000000000000e+00
1.199999999999999734e+00
1.161111111111110983e+00
1.133333333333333304e+00
1.116666666666666474e+00
1.111111111111110938e+00
1.116666666666666474e+00
1.133333333333333082e+00
1.161111111111110983e+00
1.199999999999999734e+00
1.249999999999999778e+00
1.311111111111110894e+00
1.383333333333333082e+00
1.466666666666666341e+00
1.561111111111110894e+00
1.666666666666666075e+00
1.783333333333333215e+00
1.911111111111110983e+00
2.049999999999999378e+00
2.199999999999999734e+00
2.361111111111111160e+00
2.255555555555555092e+00
2.094444444444444553e+00
1.944444444444444198e+00
1.805555555555555358e+00
1.677777777777777590e+00
1.561111111111110894e+00
1.455555555555555269e+00
1.361111111111110716e+00
1.277777777777777679e+00
1.205555555555555269e+00
1.144444444444444153e+00
1.094444444444444109e+00
1.055555555555555358e+00
1.027777777777777457e+00
1.011111111111110850e+00
1.005555555555555314e+00
1.011111111111110850e+00
1.027777777777777457e+00
1.055555555555555358e+00
1.094444444444444109e+00
1.144444444444443931e+00
1.205555555555555269e+00
1.277777777777777235e+00
1.361111111111110716e+00
1.455555555555555269e+00
1.561111111111110450e+00
1.677777777777777146e+00
1.805555555555555358e+00
1.944444444444443754e+00
2.094444444444443665e+00
2.255555555555555092e+00
2.161111111111110983e+00
2.000000000000000000e+00
1.849999999999999645e+00
1.711111111111110805e+00
1.583333333333333481e+00
1.466666666666666563e+00
1.361111111111110716e+00
1.266666666666666607e+00
1.183333333333333126e+00
1.111111111111110716e+00
1.049999999999999822e+00
9.999999999999997780e-01
9.611111111111108052e-01
9.333333333333331261e-01
9.166666666666665186e-01
9.111111111111108718e-01
9.166666666666664076e-01
9.333333333333331261e-01
9.611111111111108052e-01
9.999999999999997780e-01
1.049999999999999822e+00
1.111111111111110716e+00
1.183333333333333126e+00
1.266666666666666163e+00
1.361111111111110716e+00
1.466666666666666119e+00
1.583333333333333037e+00
1.711111111111110805e+00
1.849999999999999201e+00
1.999999999999999556e+00
2.161111111111110983e+00
2.077777777777777501e+00
1.916666666666666963e+00
1.766666666666666163e+00
1.627777777777777768e+00
1.500000000000000000e+00
1.383333333333333304e+00
1.277777777777777679e+00
1.183333333333333126e+00
1.099999999999999867e+00
1.027777777777777679e+00
9.666666666666664520e-01
9.166666666666665186e-01
8.777777777777775459e-01
8.499999999999998668e-01
8.333333333333331483e-01
8.277777777777775015e-01
8.333333333333330373e-01
8.499999999999997558e-01
8.777777777777775459e-01
9.166666666666664076e-01
9.666666666666663410e-01
1.027777777777777679e+00
1.099999999999999645e+00
1.183333333333333126e+00
1.277777777777777679e+00
1.383333333333332860e+00
1.499999999999999556e+00
1.627777777777777768e+00
1.766666666666666163e+00
1.916666666666666075e+00
2.077777777777777501e+00
2.005555555555555092e+00
1.844444444444444553e+00
1.694444444444444198e+00
1.555555555555555358e+00
1.427777777777777590e+00
1.311111111111110894e+00
1.205555555555555269e+00
1.111111111111110716e+00
1.027777777777777679e+00
9.555555555555552694e-01
8.944444444444441533e-01
8.444444444444441089e-01
8.055555555555552472e-01
7.777777777777774570e-01
7.611111111111108496e-01
7.555555555555553138e-01
7.611111111111108496e-01
7.777777777777774570e-01
8.055555555555552472e-01
8.444444444444441089e-01
8.944444444444440423e-01
9.555555555555552694e-01
1.027777777777777457e+00
1.111111111111110716e+00
1.205555555555555269e+00
1.311111111111110450e+00
1.427777777777777146e+00
1.555555555555555358e+00
1.694444444444443754e+00
1.844444444444443665e+00
2.005555555555555092e+00
1.944444444444444198e+00
1.783333333333333215e+00
1.633333333333332860e+00
1.494444444444444242e+00
1.366666666666666696e+00
1.250000000000000000e+00
1.144444444444444153e+00
1.049999999999999822e+00
9.666666666666664520e-01
8.944444444444441533e-01
8.333333333333330373e-01
7.833333333333331039e-01
7.444444444444442421e-01
7.166666666666664520e-01
6.999999999999997335e-01
6.944444444444441977e-01
6.999999999999997335e-01
7.166666666666663410e-01
7.444444444444442421e-01
7.833333333333329929e-01
8.333333333333330373e-01
8.944444444444441533e-01
9.666666666666663410e-01
1.049999999999999600e+00
1.144444444444444153e+00
1.249999999999999556e+00
1.366666666666666252e+00
1.494444444444444242e+00
1.633333333333332416e+00
1.783333333333332771e+00
1.944444444444444198e+00
1.894444444444444375e+00
1.733333333333333393e+00
1.583333333333333037e+00
1.444444444444444198e+00
1.316666666666666430e+00
1.199999999999999734e+00
1.094444444444444109e+00
9.999999999999997780e-01
9.166666666666665186e-01
8.444444444444441089e-01
7.833333333333331039e-01
7.333333333333330595e-01
6.944444444444441977e-01
6.666666666666664076e-01
6.499999999999996891e-01
6.444444444444441533e-01
6.499999999999996891e-01
6.666666666666662966e-01
6.944444444444441977e-01
7.333333333333329485e-01
7.833333333333329929e-01
8.444444444444441089e-01
9.166666666666662966e-01
9.999999999999995559e-01
1.094444444444444109e+00
1.199999999999999289e+00
1.316666666666666208e+00
1.444444444444444198e+00
1.583333333333332593e+00
1.733333333333332948e+00
1.894444444444444375e+00
1.855555555555555181e+00
1.694444444444444642e+00
1.544444444444444065e+00
1.405555555555555447e+00
1.277777777777777679e+00
1.161111111111110983e+00
1.055555555555555358e+00
9.611111111111108052e-01
8.777777777777775459e-01
8.055555555555552472e-01
7.444444444444442421e-01
6.944444444444441977e-01
6.555555555555552250e-01
6.277777777777775459e-01
6.111111111111108274e-01
6.055555555555552916e-01
6.111111111111108274e-01
6.277777777777774348e-01
6.555555555555552250e-01
6.944444444444440867e-01
7.444444444444440201e-01
8.055555555555552472e-01
8.777777777777773238e-01
9.611111111111105831e-01
1.055555555555555358e+00
1.161111111111110539e+00
1.277777777777777235e+00
1.405555555555555447e+00
1.544444444444443842e+00
1.694444444444443754e+00
1.855555555555555181e+00
1.827777777777777501e+00
1.666666666666666519e+00
1.516666666666666163e+00
1.377777777777777546e+00
1.250000000000000000e+00
1.133333333333333304e+00
1.027777777777777457e+00
9.333333333333331261e-01
8.499999999999998668e-01
7.777777777777774570e-01
7.166666666666664520e-01
6.666666666666664076e-01
6.277777777777775459e-01
5.999999999999997558e-01
5.833333333333330373e-01
5.777777777777775015e-01
5.833333333333330373e-01
5.999999999999996447e-01
6.277777777777775459e-01
6.666666666666662966e-01
7.166666666666663410e-01
7.777777777777774570e-01
8.499999999999996447e-01
9.333333333333329040e-01
1.027777777777777457e+00
1.133333333333332860e+00
1.249999999999999556e+00
1.377777777777777546e+00
1.516666666666665941e+00
1.666666666666666075e+00
1.827777777777777501e+00
1.811111111111110894e+00
1.649999999999999911e+00
1.499999999999999556e+00
1.361111111111110716e+00
1.233333333333333171e+00
1.116666666666666474e+00
1.011111111111110850e+00
9.166666666666665186e-01
8.333333333333331483e-01
7.611111111111108496e-01
6.999999999999997335e-01
6.499999999999996891e-01
6.111111111111108274e-01
5.833333333333330373e-01
5.666666666666664298e-01
5.611111111111107830e-01
5.666666666666663188e-01
5.833333333333330373e-01
6.111111111111108274e-01
6.499999999999996891e-01
6.999999999999996225e-01
7.611111111111108496e-01
8.333333333333330373e-01
9.166666666666662966e-01
1.011111111111110850e+00
1.116666666666666030e+00
1.233333333333332948e+00
1.361111111111110716e+00
1.499999999999999112e+00
1.649999999999999467e+00
1.811111111111110894e+00
1.805555555555555358e+00
1.644444444444444375e+00
1.494444444444444020e+00
1.355555555555555181e+00
1.227777777777777635e+00
1.111111111111110938e+00
1.005555555555555314e+00
9.111111111111108718e-01
8.277777777777775015e-01
7.555555555555553138e-01
6.944444444444441977e-01
6.444444444444441533e-01
6.055555555555552916e-01
5.777777777777775015e-01
5.611111111111107830e-01
5.555555555555552472e-01
5.611111111111107830e-01
5.777777777777773904e-01
6.055555555555552916e-01
6.444444444444441533e-01
6.944444444444440867e-01
7.555555555555553138e-01
8.277777777777773904e-01
9.111111111111106498e-01
1.005555555555555314e+00
1.111111111111110494e+00
1.227777777777777413e+00
1.355555555555555181e+00
1.494444444444443576e+00
1.644444444444443931e+00
1.805555555555555358e+00
1.811111111111110894e+00
1.649999999999999911e+00
1.499999999999999556e+00
1.361111111111110716e+00
1.233333333333333171e+00
1.116666666666666474e+00
1.011111111111110850e+00
9.166666666666664076e-01
8.333333333333330373e-01
7.611111111111108496e-01
6.999999999999997335e-01
6.499999999999996891e-01
6.111111111111108274e-01
5.833333333333330373e-01
5.666666666666663188e-01
5.611111111111107830e-01
5.666666666666663188e-01
5.833333333333329263e-01
6.111111111111108274e-01
6.499999999999996891e-01
6.999999999999996225e-01
7.611111111111108496e-01
8.333333333333329263e-01
9.166666666666661856e-01
1.011111111111110850e+00
1.116666666666666030e+00
1.233333333333332948e+00
1.361111111111110716e+00
1.499999999999999112e+00
1.649999999999999467e+00
1.811111111111110894e+00
1.827777777777777501e+00
1.666666666666666519e+00
1.516666666666666163e+00
1.377777777777777324e+00
1.249999999999999778e+00
1.133333333333333082e+00
1.027777777777777457e+00
9.333333333333331261e-01
8.499999999999997558e-01
7.777777777777774570e-01
7.166666666666663410e-01
6.666666666666662966e-01
6.277777777777774348e-01
5.999999999999996447e-01
5.833333333333330373e-01
5.777777777777773904e-01
5.833333333333329263e-01
5.999999999999996447e-01
6.277777777777774348e-01
6.666666666666662966e-01
7.166666666666662300e-01
7.777777777777774570e-01
8.499999999999996447e-01
9.333333333333329040e-01
1.027777777777777457e+00
1.133333333333332638e+00
1.249999999999999556e+00
1.377777777777777324e+00
1.516666666666665719e+00
1.666666666666666075e+00
1.827777777777777501e+00
1.855555555555555181e+00
1.694444444444444642e+00
1.544444444444444065e+00
1.405555555555555447e+00
1.277777777777777679e+00
1.161111111111110983e+00
1.055555555555555358e+00
9.611111111111108052e-01
8.777777777777775459e-01
8.055555555555552472e-01
7.444444444444442421e-01
6.944444444444441977e-01
6.555555555555552250e-01
6.277777777777775459e-01
6.111111111111108274e-01
6.055555555555552916e-01
6.111111111111108274e-01
6.277777777777774348e-01
6.555555555555552250e-01
6.944444444444440867e-01
7.444444444444440201e-01
8.055555555555552472e-01
8.777777777777773238e-01
9.611111111111105831e-01
1.055555555555555358e+00
1.161111111111110539e+00
1.277777777777777235e+00
1.405555555555555447e+00
1.544444444444443842e+00
1.694444444444443754e+00
1.855555555555555181e+00
1.894444444444443931e+00
1.733333333333333393e+00
1.583333333333333037e+00
1.444444444444444198e+00
1.316666666666666430e+00
1.199999999999999734e+00
1.094444444444444109e+00
9.999999999999997780e-01
9.166666666666664076e-01
8.444444444444441089e-01
7.833333333333329929e-01
7.333333333333329485e-01
6.944444444444440867e-01
6.666666666666662966e-01
6.499999999999996891e-01
6.444444444444441533e-01
6.499999999999996891e-01
6.666666666666662966e-01
6.944444444444440867e-01
7.333333333333329485e-01
7.833333333333328818e-01
8.444444444444441089e-01
9.166666666666662966e-01
9.999999999999995559e-01
1.094444444444444109e+00
1.199999999999999289e+00
1.316666666666665986e+00
1.444444444444444198e+00
1.583333333333332593e+00
1.733333333333332504e+00
1.894444444444443931e+00
1.944444444444444198e+00
1.783333333333333215e+00
1.633333333333332860e+00
1.494444444444444020e+00
1.366666666666666474e+00
1.249999999999999778e+00
1.144444444444443931e+00
1.049999999999999822e+00
9.666666666666663410e-01
8.944444444444440423e-01
8.333333333333330373e-01
7.833333333333329929e-01
7.444444444444440201e-01
7.166666666666663410e-01
6.999999999999996225e-01
6.944444444444440867e-01
6.999999999999996225e-01
7.166666666666662300e-01
7.444444444444440201e-01
7.833333333333328818e-01
8.333333333333328152e-01
8.944444444444440423e-01
9.666666666666662300e-01
1.049999999999999378e+00
1.144444444444443931e+00
1.249999999999999334e+00
1.366666666666666252e+00
1.494444444444444020e+00
1.633333333333332416e+00
1.783333333333332771e+00
1.944444444444444198e+00
2.005555555555555092e+00
1.844444444444444553e+00
1.694444444444444198e+00
1.555555555555555358e+00
1.427777777777777590e+00
1.311111111111110894e+00
1.205555555555555269e+00
1.111111111111110716e+00
1.027777777777777679e+00
9.555555555555552694e-01
8.944444444444441533e-01
8.444444444444441089e-01
8.055555555555552472e-01
7.777777777777774570e-01
7.611111111111108496e-01
7.555555555555553138e-01
7.611111111111108496e-01
7.777777777777774570e-01
8.055555555555552472e-01
8.444444444444441089e-01
8.944444444444440423e-01
9.555555555555552694e-01
1.027777777777777457e+00
1.111111111111110716e+00
1.205555555555555269e+00
1.311111111111110450e+00
1.427777777777777146e+00
1.555555555555555358e+00
1.694444444444443754e+00
1.844444444444443665e+00
2.005555555555555092e+00
2.077777777777777501e+00
1.916666666666666519e+00
1.766666666666666163e+00
1.627777777777777324e+00
1.499999999999999778e+00
1.383333333333333082e+00
1.277777777777777235e+00
1.183333333333333126e+00
1.099999999999999645e+00
1.027777777777777457e+00
9.666666666666663410e-01
9.166666666666662966e-01
8.777777777777773238e-01
8.499999999999996447e-01
8.333333333333330373e-01
8.277777777777773904e-01
8.333333333333329263e-01
8.499999999999996447e-01
8.777777777777773238e-01
9.166666666666662966e-01
9.666666666666662300e-01
1.027777777777777457e+00
1.099999999999999645e+00
1.183333333333332682e+00
1.277777777777777235e+00
1.383333333333332638e+00
1.499999999999999556e+00
1.627777777777777324e+00
1.766666666666665719e+00
1.916666666666666075e+00
2.077777777777777501e+00
2.161111111111110539e+00
2.000000000000000000e+00
1.849999999999999645e+00
1.711111111111110805e+00
1.583333333333333037e+00
1.466666666666666341e+00
1.361111111111110716e+00
1.266666666666666163e+00
1.183333333333333126e+00
1.111111111111110716e+00
1.049999999999999600e+00
9.999999999999995559e-01
9.611111111111105831e-01
9.333333333333329040e-01
9.166666666666662966e-01
9.111111111111106498e-01
9.166666666666661856e-01
9.333333333333329040e-01
9.611111111111105831e-01
9.999999999999995559e-01
1.049999999999999378e+00
1.111111111111110716e+00
1.183333333333332682e+00
1.266666666666666163e+00
1.361111111111110716e+00
1.466666666666665897e+00
1.583333333333332593e+00
1.711111111111110805e+00
1.849999999999999201e+00
1.999999999999999112e+00
2.161111111111110539e+00
2.255555555555555092e+00
2.094444444444444553e+00
1.944444444444444198e+00
1.805555555555555358e+00
1.677777777777777590e+00
1.561111111111110894e+00
1.455555555555555269e+00
1.361111111111110716e+00
1.277777777777777679e+00
1.205555555555555269e+00
1.144444444444444153e+00
1.094444444444444109e+00
1.055555555555555358e+00
1.027777777777777457e+00
1.011111111111110850e+00
1.005555555555555314e+00
1.011111111111110850e+00
1.027777777777777457e+00
1.055555555555555358e+00
1.094444444444444109e+00
1.144444444444443931e+00
1.205555555555555269e+00
1.277777777777777235e+00
1.361111111111110716e+00
1.455555555555555269e+00
1.561111111111110450e+00
1.677777777777777146e+00
1.805555555555555358e+00
1.944444444444443754e+00
2.094444444444443665e+00
2.255555555555555092e+00
2.361111111111110716e+00
2.199999999999999734e+00
2.049999999999999378e+00
1.911111111111110539e+00
1.783333333333332771e+00
1.666666666666666075e+00
1.561111111111110450e+00
1.466666666666666119e+00
1.383333333333332860e+00
1.311111111111110450e+00
1.249999999999999556e+00
1.199999999999999289e+00
1.161111111111110539e+00
1.133333333333332860e+00
1.116666666666666030e+00
1.111111111111110494e+00
1.116666666666666030e+00
1.133333333333332638e+00
1.161111111111110539e+00
1.199999999999999289e+00
1.249999999999999334e+00
1.311111111111110450e+00
1.383333333333332638e+00
1.466666666666665897e+00
1.561111111111110450e+00
1.666666666666665630e+00
1.783333333333332771e+00
1.911111111111110539e+00
2.049999999999998934e+00
2.199999999999999289e+00
2.361111111111110716e+00
2.477777777777777413e+00
2.316666666666666430e+00
2.166666666666666075e+00
2.027777777777777235e+00
1.899999999999999911e+00
1.783333333333333215e+00
1.677777777777777146e+00
1.583333333333333037e+00
1.499999999999999556e+00
1.427777777777777146e+00
1.366666666666666252e+00
1.316666666666666208e+00
1.277777777777777235e+00
1.249999999999999556e+00
1.233333333333332948e+00
1.227777777777777413e+00
1.233333333333332948e+00
1.249999999999999556e+00
1.277777777777777235e+00
1.316666666666665986e+00
1.366666666666666252e+00
1.427777777777777146e+00
1.499999999999999556e+00
1.583333333333332593e+00
1.677777777777777146e+00
1.783333333333332771e+00
1.899999999999999467e+00
2.027777777777777235e+00
2.166666666666665630e+00
2.316666666666665986e+00
2.477777777777777413e+00
2.605555555555555181e+00
2.444444444444444642e+00
2.294444444444444287e+00
2.155555555555555447e+00
2.027777777777777679e+00
1.911111111111110983e+00
1.805555555555555358e+00
1.711111111111110805e+00
1.627777777777777768e+00
1.555555555555555358e+00
1.494444444444444242e+00
1.444444444444444198e+00
1.405555555555555447e+00
1.377777777777777546e+00
1.361111111111110716e+00
1.355555555555555181e+00
1.361111111111110716e+00
1.377777777777777324e+00
1.405555555555555447e+00
1.444444444444444198e+00
1.494444444444444020e+00
1.555555555555555358e+00
1.627777777777777324e+00
1.711111111111110805e+00
1.805555555555555358e+00
1.911111111111110539e+00
2.027777777777777235e+00
2.155555555555555447e+00
2.294444444444443842e+00
2.444444444444443754e+00
2.605555555555555181e+00
2.744444444444443576e+00
2.583333333333333037e+00
2.433333333333332682e+00
2.294444444444443842e+00
2.166666666666666075e+00
2.049999999999999378e+00
1.944444444444443754e+00
1.849999999999999201e+00
1.766666666666666163e+00
1.694444444444443754e+00
1.633333333333332416e+00
1.583333333333332593e+00
1.544444444444443842e+00
1.516666666666665941e+00
1.499999999999999112e+00
1.494444444444443576e+00
1.499999999999999112e+00
1.516666666666665719e+00
1.544444444444443842e+00
1.583333333333332593e+00
1.633333333333332416e+00
1.694444444444443754e+00
1.766666666666665719e+00
1.849999999999999201e+00
1.944444444444443754e+00
2.049999999999998934e+00
2.166666666666665630e+00
2.294444444444443842e+00
2.433333333333332238e+00
2.583333333333332149e+00
2.744444444444443576e+00
2.894444444444443931e+00
2.733333333333333393e+00
2.583333333333332593e+00
2.444444444444443754e+00
2.316666666666666430e+00
2.199999999999999734e+00
2.094444444444443665e+00
1.999999999999999556e+00
1.916666666666666075e+00
1.844444444444443665e+00
1.783333333333332771e+00
1.733333333333332948e+00
1.694444444444443754e+00
1.666666666666666075e+00
1.649999999999999467e+00
1.644444444444443931e+00
1.649999999999999467e+00
1.666666666666666075e+00
1.694444444444443754e+00
1.733333333333332504e+00
1.783333333333332771e+00
1.844444444444443665e+00
1.916666666666666075e+00
1.999999999999999112e+00
2.094444444444443665e+00
2.199999999999999289e+00
2.316666666666665986e+00
2.444444444444443754e+00
2.583333333333332149e+00
2.733333333333332504e+00
2.894444444444443931e+00
3.055555555555555358e+00
2.894444444444444819e+00
2.744444444444444020e+00
2.605555555555555181e+00
2.477777777777777857e+00
2.361111111111111160e+00
2.255555555555555092e+00
2.161111111111110983e+00
2.077777777777777501e+00
2.005555555555555092e+00
1.944444444444444198e+00
1.894444444444444375e+00
1.855555555555555181e+00
1.827777777777777501e+00
1.811111111111110894e+00
1.805555555555555358e+00
1.811111111111110894e+00
1.827777777777777501e+00
1.855555555555555181e+00
1.894444444444443931e+00
1.944444444444444198e+00
2.005555555555555092e+00
2.077777777777777501e+00
2.161111111111110539e+00
2.255555555555555092e+00
2.361111111111110716e+00
2.477777777777777413e+00
2.605555555555555181e+00
2.744444444444443576e+00
2.894444444444443931e+00
3.055555555555555358e+00
3.172222222222222054e+00
3.011111111111111516e+00
2.861111111111110716e+00
2.722222222222221877e+00
2.594444444444444553e+00
2.477777777777777857e+00
2.372222222222221788e+00
2.277777777777777679e+00
2.194444444444444642e+00
2.122222222222221788e+00
2.061111111111110894e+00
2.011111111111111072e+00
1.972222222222222099e+00
1.944444444444444198e+00
1.927777777777777590e+00
1.922222222222222054e+00
1.927777777777777590e+00
1.944444444444444198e+00
1.972222222222222099e+00
2.011111111111111072e+00
2.061111111111110894e+00
2.122222222222221788e+00
2.194444444444444198e+00
2.277777777777777679e+00
2.372222222222221788e+00
2.477777777777777413e+00
2.594444444444444109e+00
2.722222222222221877e+00
2.861111111111110272e+00
3.011111111111110628e+00
3.172222222222222054e+00
3.011111111111111516e+00
2.850000000000000533e+00
2.700000000000000178e+00
2.561111111111111338e+00
2.433333333333333570e+00
2.316666666666666874e+00
2.211111111111111249e+00
2.116666666666667140e+00
2.033333333333333659e+00
1.961111111111111249e+00
1.900000000000000133e+00
1.850000000000000089e+00
1.811111111111111338e+00
1.783333333333333437e+00
1.766666666666666829e+00
1.761111111111111294e+00
1.766666666666666829e+00
1.783333333333333437e+00
1.811111111111111338e+00
1.850000000000000089e+00
1.900000000000000133e+00
1.961111111111111249e+00
2.033333333333333215e+00
2.116666666666666696e+00
2.211111111111111249e+00
2.316666666666666430e+00
2.433333333333333570e+00
2.561111111111111338e+00
2.699999999999999734e+00
2.850000000000000089e+00
3.011111111111111516e+00
2.861111111111110716e+00
2.700000000000000178e+00
2.549999999999999822e+00
2.411111111111110983e+00
2.283333333333333215e+00
2.166666666666666519e+00
2.061111111111110894e+00
1.966666666666666341e+00
1.883333333333333082e+00
1.811111111111110894e+00
1.749999999999999778e+00
1.699999999999999734e+00
1.661111111111110983e+00
1.633333333333333082e+00
1.616666666666666252e+00
1.611111111111110716e+00
1.616666666666666252e+00
1.633333333333332860e+00
1.661111111111110983e+00
1.699999999999999734e+00
1.749999999999999556e+00
1.811111111111110894e+00
1.883333333333332860e+00
1.966666666666666341e+00
2.061111111111110894e+00
2.166666666666666075e+00
2.283333333333332771e+00
2.411111111111110983e+00
2.549999999999999378e+00
2.699999999999999289e+00
2.861111111111110716e+00
2.722222222222221877e+00
2.561111111111111338e+00
2.411111111111110983e+00
2.272222222222222143e+00
2.144444444444444375e+00
2.027777777777777679e+00
1.922222222222222054e+00
1.827777777777777724e+00
1.744444444444444464e+00
1.672222222222222054e+00
1.611111111111111160e+00
1.561111111111110894e+00
1.522222222222222143e+00
1.494444444444444464e+00
1.477777777777777635e+00
1.472222222222222099e+00
1.477777777777777635e+00
1.494444444444444242e+00
1.522222222222222143e+00
1.561111111111110894e+00
1.611111111111110938e+00
1.672222222222222054e+00
1.744444444444444242e+00
1.827777777777777501e+00
1.922222222222222054e+00
2.027777777777777235e+00
2.144444444444443931e+00
2.272222222222222143e+00
2.411111111111110539e+00
2.561111111111110894e+00
2.722222222222221877e+00
2.594444444444444553e+00
2.433333333333333570e+00
2.283333333333333215e+00
2.144444444444444375e+00
2.016666666666666607e+00
1.900000000000000133e+00
1.794444444444444509e+00
1.700000000000000178e+00
1.616666666666666696e+00
1.544444444444444509e+00
1.483333333333333393e+00
1.433333333333333348e+00
1.394444444444444375e+00
1.366666666666666696e+00
1.350000000000000089e+00
1.344444444444444553e+00
1.350000000000000089e+00
1.366666666666666696e+00
1.394444444444444375e+00
1.433333333333333348e+00
1.483333333333333393e+00
1.544444444444444509e+00
1.616666666666666696e+00
1.699999999999999734e+00
1.794444444444444509e+00
1.899999999999999689e+00
2.016666666666666607e+00
2.144444444444444375e+00
2.283333333333332771e+00
2.433333333333333126e+00
2.594444444444444553e+00
2.477777777777777857e+00
2.316666666666666874e+00
2.166666666666666519e+00
2.027777777777777679e+00
1.900000000000000133e+00
1.783333333333333437e+00
1.677777777777777812e+00
1.583333333333333481e+00
1.500000000000000000e+00
1.427777777777777812e+00
1.366666666666666696e+00
1.316666666666666652e+00
1.277777777777777679e+00
1.250000000000000000e+00
1.233333333333333393e+00
1.227777777777777857e+00
1.233333333333333393e+00
1.250000000000000000e+00
1.277777777777777679e+00
1.316666666666666652e+00
1.366666666666666696e+00
1.427777777777777812e+00
1.500000000000000000e+00
1.583333333333333037e+00
1.677777777777777812e+00
1.783333333333332993e+00
1.899999999999999911e+00
2.027777777777777679e+00
2.166666666666666075e+00
2.316666666666666430e+00
2.477777777777777857e+00
2.372222222222221788e+00
2.211111111111111249e+00
2.061111111111110894e+00
1.922222222222222054e+00
1.794444444444444509e+00
1.677777777777777812e+00
1.572222222222221966e+00
1.477777777777777635e+00
1.394444444444444375e+00
1.322222222222221966e+00
1.261111111111111072e+00
1.211111111111111027e+00
1.172222222222222054e+00
1.144444444444444375e+00
1.127777777777777768e+00
1.122222222222222010e+00
1.127777777777777546e+00
1.144444444444444375e+00
1.172222222222222054e+00
1.211111111111110805e+00
1.261111111111110850e+00
1.322222222222221966e+00
1.394444444444444153e+00
1.477777777777777413e+00
1.572222222222221966e+00
1.677777777777777368e+00
1.794444444444444065e+00
1.922222222222222054e+00
2.061111111111110450e+00
2.211111111111110361e+00
2.372222222222221788e+00
2.277777777777777679e+00
2.116666666666667140e+00
1.966666666666666341e+00
1.827777777777777724e+00
1.700000000000000178e+00
1.583333333333333481e+00
1.477777777777777635e+00
1.383333333333333304e+00
1.300000000000000044e+00
1.227777777777777635e+00
1.166666666666666519e+00
1.116666666666666696e+00
1.077777777777777724e+00
1.049999999999999822e+00
1.033333333333333215e+00
1.027777777777777679e+00
1.033333333333333215e+00
1.049999999999999822e+00
1.077777777777777724e+00
1.116666666666666474e+00
1.166666666666666519e+00
1.227777777777777635e+00
1.299999999999999822e+00
1.383333333333333082e+00
1.477777777777777635e+00
1.583333333333333037e+00
1.699999999999999734e+00
1.827777777777777724e+00
1.966666666666666119e+00
2.116666666666666252e+00
2.277777777777777679e+00
2.194444444444444642e+00
2.033333333333333659e+00
1.883333333333333082e+00
1.744444444444444464e+00
1.616666666666666696e+00
1.500000000000000000e+00
1.394444444444444375e+00
1.300000000000000044e+00
1.216666666666666785e+00
1.144444444444444375e+00
1.083333333333333259e+00
1.033333333333333215e+00
9.944444444444443532e-01
9.666666666666665630e-01
9.499999999999999556e-01
9.444444444444444198e-01
9.499999999999999556e-01
9.666666666666665630e-01
9.944444444444443532e-01
1.033333333333333215e+00
1.083333333333333037e+00
1.144444444444444375e+00
1.216666666666666563e+00
1.299999999999999822e+00
1.394444444444444375e+00
1.499999999999999556e+00
1.616666666666666474e+00
1.744444444444444464e+00
1.883333333333332860e+00
2.033333333333333215e+00
2.194444444444444642e+00
2.122222222222221788e+00
1.961111111111111249e+00
1.811111111111110894e+00
1.672222222222222054e+00
1.544444444444444509e+00
1.427777777777777812e+00
1.322222222222221966e+00
1.227777777777777635e+00
1.144444444444444375e+00
1.072222222222221966e+00
1.011111111111111072e+00
9.611111111111110272e-01
9.222222222222220545e-01
8.944444444444443754e-01
8.777777777777776569e-01
8.722222222222220100e-01
8.777777777777775459e-01
8.944444444444442643e-01
9.222222222222220545e-01
9.611111111111109162e-01
1.011111111111110850e+00
1.072222222222221966e+00
1.144444444444444153e+00
1.227777777777777413e+00
1.322222222222221966e+00
1.427777777777777368e+00
1.544444444444444065e+00
1.672222222222222054e+00
1.811111111111110450e+00
1.961111111111110583e+00
2.122222222222221788e+00
2.061111111111110894e+00
1.900000000000000133e+00
1.749999999999999778e+00
1.611111111111111160e+00
1.483333333333333393e+00
1.366666666666666696e+00
1.261111111111111072e+00
1.166666666666666519e+00
1.083333333333333259e+00
1.011111111111111072e+00
9.499999999999999556e-01
8.999999999999999112e-01
8.611111111111109384e-01
8.333333333333332593e-01
8.166666666666665408e-01
8.111111111111110050e-01
8.166666666666665408e-01
8.333333333333331483e-01
8.611111111111109384e-01
8.999999999999998002e-01
9.499999999999997335e-01
1.011111111111111072e+00
1.083333333333333037e+00
1.166666666666666519e+00
1.261111111111111072e+00
1.366666666666666252e+00
1.483333333333332948e+00
1.611111111111111160e+00
1.749999999999999334e+00
1.899999999999999467e+00
2.061111111111110894e+00
2.011111111111111072e+00
1.850000000000000089e+00
1.699999999999999734e+00
1.561111111111110894e+00
1.433333333333333348e+00
1.316666666666666652e+00
1.211111111111111027e+00
1.116666666666666696e+00
1.033333333333333215e+00
9.611111111111110272e-01
8.999999999999999112e-01
8.499999999999998668e-01
8.111111111111108940e-01
7.833333333333332149e-01
7.666666666666664964e-01
7.611111111111109606e-01
7.666666666666664964e-01
7.833333333333331039e-01
8.111111111111108940e-01
8.499999999999998668e-01
8.999999999999998002e-01
9.611111111111110272e-01
1.033333333333333215e+00
1.116666666666666252e+00
1.211111111111111027e+00
1.316666666666666208e+00
1.433333333333333126e+00
1.561111111111110894e+00
1.699999999999999289e+00
1.849999999999999645e+00
2.011111111111111072e+00
1.972222222222222099e+00
1.811111111111111338e+00
1.661111111111110983e+00
1.522222222222222143e+00
1.394444444444444375e+00
1.277777777777777679e+00
1.172222222222222054e+00
1.077777777777777724e+00
9.944444444444443532e-01
9.222222222222220545e-01
8.611111111111109384e-01
8.111111111111108940e-01
7.722222222222220323e-01
7.444444444444442421e-01
7.277777777777776347e-01
7.222222222222220989e-01
7.277777777777776347e-01
7.444444444444442421e-01
7.722222222222220323e-01
8.111111111111108940e-01
8.611111111111109384e-01
9.222222222222220545e-01
9.944444444444442421e-01
1.077777777777777501e+00
1.172222222222222054e+00
1.277777777777777235e+00
1.394444444444444153e+00
1.522222222222222143e+00
1.661111111111110539e+00
1.811111111111110672e+00
1.972222222222222099e+00
1.944444444444444198e+00
1.783333333333333437e+00
1.633333333333333082e+00
1.494444444444444464e+00
1.366666666666666696e+00
1.250000000000000000e+00
1.144444444444444375e+00
1.049999999999999822e+00
9.666666666666665630e-01
8.944444444444443754e-01
8.333333333333332593e-01
7.833333333333332149e-01
7.444444444444442421e-01
7.166666666666665630e-01
6.999999999999998446e-01
6.944444444444443088e-01
6.999999999999998446e-01
7.166666666666664520e-01
7.444444444444442421e-01
7.833333333333331039e-01
8.333333333333331483e-01
8.944444444444443754e-01
9.666666666666664520e-01
1.049999999999999822e+00
1.144444444444444375e+00
1.249999999999999556e+00
1.366666666666666252e+00
1.494444444444444464e+00
1.633333333333332860e+00
1.783333333333332771e+00
1.944444444444444198e+00
1.927777777777777590e+00
1.766666666666666829e+00
1.616666666666666252e+00
1.477777777777777635e+00
1.350000000000000089e+00
1.233333333333333393e+00
1.127777777777777768e+00
1.033333333333333215e+00
9.499999999999999556e-01
8.777777777777776569e-01
8.166666666666665408e-01
7.666666666666664964e-01
7.277777777777776347e-01
6.999999999999998446e-01
6.833333333333332371e-01
6.777777777777775903e-01
6.833333333333331261e-01
6.999999999999998446e-01
7.277777777777776347e-01
7.666666666666664964e-01
8.166666666666664298e-01
8.777777777777776569e-01
9.499999999999997335e-01
1.033333333333332993e+00
1.127777777777777768e+00
1.233333333333332948e+00
1.349999999999999645e+00
1.477777777777777635e+00
1.616666666666666030e+00
1.766666666666666163e+00
1.927777777777777590e+00
1.922222222222222054e+00
1.761111111111111294e+00
1.611111111111110716e+00
1.472222222222222099e+00
1.344444444444444553e+00
1.227777777777777857e+00
1.122222222222222010e+00
1.027777777777777679e+00
9.444444444444444198e-01
8.722222222222220100e-01
8.111111111111110050e-01
7.611111111111109606e-01
7.222222222222220989e-01
6.944444444444443088e-01
6.777777777777775903e-01
6.722222222222220545e-01
6.777777777777775903e-01
6.944444444444441977e-01
7.222222222222220989e-01
7.611111111111108496e-01
8.111111111111108940e-01
8.722222222222220100e-01
9.444444444444441977e-01
1.027777777777777457e+00
1.122222222222222010e+00
1.227777777777777413e+00
1.344444444444444109e+00
1.472222222222222099e+00
1.611111111111110494e+00
1.761111111111110628e+00
1.922222222222222054e+00
1.927777777777777590e+00
1.766666666666666829e+00
1.616666666666666252e+00
1.477777777777777635e+00
1.350000000000000089e+00
1.233333333333333393e+00
1.127777777777777546e+00
1.033333333333333215e+00
9.499999999999999556e-01
8.777777777777775459e-01
8.166666666666665408e-01
7.666666666666664964e-01
7.277777777777776347e-01
6.999999999999998446e-01
6.833333333333331261e-01
6.777777777777775903e-01
6.833333333333331261e-01
6.999999999999997335e-01
7.277777777777776347e-01
7.666666666666664964e-01
8.166666666666664298e-01
8.777777777777775459e-01
9.499999999999997335e-01
1.033333333333332993e+00
1.127777777777777546e+00
1.233333333333332948e+00
1.349999999999999645e+00
1.477777777777777635e+00
1.616666666666666030e+00
1.766666666666666163e+00
1.927777777777777590e+00
1.944444444444444198e+00
1.783333333333333437e+00
1.633333333333332860e+00
1.494444444444444242e+00
1.366666666666666696e+00
1.250000000000000000e+00
1.144444444444444375e+00
1.049999999999999822e+00
9.666666666666665630e-01
8.944444444444442643e-01
8.333333333333331483e-01
7.833333333333331039e-01
7.444444444444442421e-01
7.166666666666664520e-01
6.999999999999998446e-01
6.944444444444441977e-01
6.999999999999997335e-01
7.166666666666664520e-01
7.444444444444442421e-01
7.833333333333331039e-01
8.333333333333330373e-01
8.944444444444442643e-01
9.666666666666663410e-01
1.049999999999999600e+00
1.144444444444444375e+00
1.249999999999999556e+00
1.366666666666666252e+00
1.494444444444444242e+00
1.633333333333332638e+00
1.783333333333332771e+00
1.944444444444444198e+00
1.972222222222222099e+00
1.811111111111111338e+00
1.661111111111110983e+00
1.522222222222222143e+00
1.394444444444444375e+00
1.277777777777777679e+00
1.172222222222222054e+00
1.077777777777777724e+00
9.944444444444443532e-01
9.222222222222220545e-01
8.611111111111109384e-01
8.111111111111108940e-01
7.722222222222220323e-01
7.444444444444442421e-01
7.277777777777776347e-01
7.222222222222220989e-01
7.277777777777776347e-01
7.444444444444442421e-01
7.722222222222220323e-01
8.111111111111108940e-01
8.611111111111109384e-01
9.222222222222220545e-01
9.944444444444442421e-01
1.077777777777777501e+00
1.172222222222222054e+00
1.277777777777777235e+00
1.394444444444444153e+00
1.522222222222222143e+00
1.661111111111110539e+00
1.811111111111110672e+00
1.972222222222222099e+00
2.011111111111111072e+00
1.850000000000000089e+00
1.699999999999999734e+00
1.561111111111110894e+00
1.433333333333333348e+00
1.316666666666666652e+00
1.211111111111110805e+00
1.116666666666666474e+00
1.033333333333333215e+00
9.611111111111109162e-01
8.999999999999998002e-01
8.499999999999998668e-01
8.111111111111108940e-01
7.833333333333331039e-01
7.666666666666664964e-01
7.611111111111108496e-01
7.666666666666664964e-01
7.833333333333331039e-01
8.111111111111108940e-01
8.499999999999997558e-01
8.999999999999996891e-01
9.611111111111109162e-01
1.033333333333332993e+00
1.116666666666666252e+00
1.211111111111110805e+00
1.316666666666666208e+00
1.433333333333332904e+00
1.561111111111110894e+00
1.699999999999999289e+00
1.849999999999999423e+00
2.011111111111111072e+00
2.061111111111110894e+00
1.900000000000000133e+00
1.749999999999999556e+00
1.611111111111110938e+00
1.483333333333333393e+00
1.366666666666666696e+00
1.261111111111110850e+00
1.166666666666666519e+00
1.083333333333333037e+00
1.011111111111110850e+00
9.499999999999997335e-01
8.999999999999998002e-01
8.611111111111109384e-01
8.333333333333331483e-01
8.166666666666664298e-01
8.111111111111108940e-01
8.166666666666664298e-01
8.333333333333330373e-01
8.611111111111109384e-01
8.999999999999996891e-01
9.499999999999997335e-01
1.011111111111110850e+00
1.083333333333333037e+00
1.166666666666666297e+00
1.261111111111110850e+00
1.366666666666666252e+00
1.483333333333332948e+00
1.611111111111110938e+00
1.749999999999999334e+00
1.899999999999999467e+00
2.061111111111110894e+00
2.122222222222221788e+00
1.961111111111111249e+00
1.811111111111110894e+00
1.672222222222222054e+00
1.544444444444444509e+00
1.427777777777777812e+00
1.322222222222221966e+00
1.227777777777777635e+00
1.144444444444444375e+00
1.072222222222221966e+00
1.011111111111111072e+00
9.611111111111110272e-01
9.222222222222220545e-01
8.944444444444443754e-01
8.777777777777776569e-01
8.722222222222220100e-01
8.777777777777775459e-01
8.944444444444442643e-01
9.222222222222220545e-01
9.611111111111109162e-01
1.011111111111110850e+00
1.072222222222221966e+00
1.144444444444444153e+00
1.227777777777777413e+00
1.322222222222221966e+00
1.427777777777777368e+00
1.544444444444444065e+00
1.672222222222222054e+00
1.811111111111110450e+00
1.961111111111110583e+00
2.122222222222221788e+00
2.194444444444444198e+00
2.033333333333333215e+00
1.883333333333332860e+00
1.744444444444444242e+00
1.616666666666666696e+00
1.500000000000000000e+00
1.394444444444444153e+00
1.299999999999999822e+00
1.216666666666666563e+00
1.144444444444444153e+00
1.083333333333333037e+00
1.033333333333333215e+00
9.944444444444442421e-01
9.666666666666664520e-01
9.499999999999997335e-01
9.444444444444441977e-01
9.499999999999997335e-01
9.666666666666663410e-01
9.944444444444442421e-01
1.033333333333332993e+00
1.083333333333333037e+00
1.144444444444444153e+00
1.216666666666666341e+00
1.299999999999999600e+00
1.394444444444444153e+00
1.499999999999999556e+00
1.616666666666666252e+00
1.744444444444444242e+00
1.883333333333332638e+00
2.033333333333332771e+00
2.194444444444444198e+00
2.277777777777777679e+00
2.116666666666666696e+00
1.966666666666666341e+00
1.827777777777777501e+00
1.699999999999999734e+00
1.583333333333333037e+00
1.477777777777777413e+00
1.383333333333333082e+00
1.299999999999999822e+00
1.227777777777777413e+00
1.166666666666666519e+00
1.116666666666666252e+00
1.077777777777777501e+00
1.049999999999999822e+00
1.033333333333332993e+00
1.027777777777777457e+00
1.033333333333332993e+00
1.049999999999999600e+00
1.077777777777777501e+00
1.116666666666666252e+00
1.166666666666666297e+00
1.227777777777777413e+00
1.299999999999999600e+00
1.383333333333332860e+00
1.477777777777777413e+00
1.583333333333332593e+00
1.699999999999999512e+00
1.827777777777777501e+00
1.966666666666665897e+00
2.116666666666666252e+00
2.277777777777777679e+00
2.372222222222221788e+00
2.211111111111111249e+00
2.061111111111110894e+00
1.922222222222222054e+00
1.794444444444444509e+00
1.677777777777777812e+00
1.572222222222221966e+00
1.477777777777777635e+00
1.394444444444444375e+00
1.322222222222221966e+00
1.261111111111111072e+00
1.211111111111111027e+00
1.172222222222222054e+00
1.144444444444444375e+00
1.127777777777777768e+00
1.122222222222222010e+00
1.127777777777777546e+00
1.144444444444444375e+00
1.172222222222222054e+00
1.211111111111110805e+00
1.261111111111110850e+00
1.322222222222221966e+00
1.394444444444444153e+00
1.477777777777777413e+00
1.572222222222221966e+00
1.677777777777777368e+00
1.794444444444444065e+00
1.922222222222222054e+00
2.061111111111110450e+00
2.211111111111110361e+00
2.372222222222221788e+00
2.477777777777777413e+00
2.316666666666666430e+00
2.166666666666666075e+00
2.027777777777777235e+00
1.899999999999999689e+00
1.783333333333332993e+00
1.677777777777777368e+00
1.583333333333333037e+00
1.499999999999999556e+00
1.427777777777777368e+00
1.366666666666666252e+00
1.316666666666666208e+00
1.277777777777777235e+00
1.249999999999999556e+00
1.233333333333332948e+00
1.227777777777777413e+00
1.233333333333332948e+00
1.249999999999999556e+00
1.277777777777777235e+00
1.316666666666666208e+00
1.366666666666666252e+00
1.427777777777777368e+00
1.499999999999999556e+00
1.583333333333332593e+00
1.677777777777777368e+00
1.783333333333332549e+00
1.899999999999999467e+00
2.027777777777777235e+00
2.166666666666665630e+00
2.316666666666665986e+00
2.477777777777777413e+00
2.594444444444444109e+00
2.433333333333333570e+00
2.283333333333332771e+00
2.144444444444443931e+00
2.016666666666666607e+00
1.899999999999999911e+00
1.794444444444444065e+00
1.699999999999999734e+00
1.616666666666666474e+00
1.544444444444444065e+00
1.483333333333332948e+00
1.433333333333333126e+00
1.394444444444444153e+00
1.366666666666666252e+00
1.349999999999999645e+00
1.344444444444444109e+00
1.349999999999999645e+00
1.366666666666666252e+00
1.394444444444444153e+00
1.433333333333332904e+00
1.483333333333332948e+00
1.544444444444444065e+00
1.616666666666666252e+00
1.699999999999999512e+00
1.794444444444444065e+00
1.899999999999999467e+00
2.016666666666666163e+00
2.144444444444443931e+00
2.283333333333332327e+00
2.433333333333332682e+00
2.594444444444444109e+00
2.722222222222221877e+00
2.561111111111111338e+00
2.411111111111110983e+00
2.272222222222222143e+00
2.144444444444444375e+00
2.027777777777777679e+00
1.922222222222222054e+00
1.827777777777777724e+00
1.744444444444444464e+00
1.672222222222222054e+00
1.611111111111111160e+00
1.561111111111110894e+00
1.522222222222222143e+00
1.494444444444444464e+00
1.477777777777777635e+00
1.472222222222222099e+00
1.477777777777777635e+00
1.494444444444444242e+00
1.522222222222222143e+00
1.561111111111110894e+00
1.611111111111110938e+00
1.672222222222222054e+00
1.744444444444444242e+00
1.827777777777777501e+00
1.922222222222222054e+00
2.027777777777777235e+00
2.144444444444443931e+00
2.272222222222222143e+00
2.411111111111110539e+00
2.561111111111110894e+00
2.722222222222221877e+00
2.861111111111110272e+00
2.699999999999999734e+00
2.549999999999999378e+00
2.411111111111110539e+00
2.283333333333332771e+00
2.166666666666666075e+00
2.061111111111110450e+00
1.966666666666666119e+00
1.883333333333332860e+00
1.811111111111110450e+00
1.749999999999999334e+00
1.699999999999999289e+00
1.661111111111110539e+00
1.633333333333332860e+00
1.616666666666666030e+00
1.611111111111110494e+00
1.616666666666666030e+00
1.633333333333332638e+00
1.661111111111110539e+00
1.699999999999999289e+00
1.749999999999999334e+00
1.811111111111110450e+00
1.883333333333332638e+00
1.966666666666665897e+00
2.061111111111110450e+00
2.166666666666665630e+00
2.283333333333332327e+00
2.411111111111110539e+00
2.549999999999998934e+00
2.699999999999998845e+00
2.861111111111110272e+00
3.011111111111110628e+00
2.850000000000000089e+00
2.699999999999999289e+00
2.561111111111110894e+00
2.433333333333333126e+00
2.316666666666666430e+00
2.211111111111110361e+00
2.116666666666666252e+00
2.033333333333333215e+00
1.961111111111110583e+00
1.899999999999999467e+00
1.849999999999999645e+00
1.811111111111110672e+00
1.783333333333332771e+00
1.766666666666666163e+00
1.761111111111110628e+00
1.766666666666666163e+00
1.783333333333332771e+00
1.811111111111110672e+00
1.849999999999999423e+00
1.899999999999999467e+00
1.961111111111110583e+00
2.033333333333332771e+00
2.116666666666666252e+00
2.211111111111110361e+00
2.316666666666665986e+00
2.433333333333332682e+00
2.561111111111110894e+00
2.699999999999998845e+00
2.849999999999999201e+00
3.011111111111110628e+00
3.172222222222222054e+00
3.011111111111111516e+00
2.861111111111110716e+00
2.722222222222221877e+00
2.594444444444444553e+00
2.477777777777777857e+00
2.372222222222221788e+00
2.277777777777777679e+00
2.194444444444444642e+00
2.122222222222221788e+00
2.061111111111110894e+00
2.011111111111111072e+00
1.972222222222222099e+00
1.944444444444444198e+00
1.927777777777777590e+00
1.922222222222222054e+00
1.927777777777777590e+00
1.944444444444444198e+00
1.972222222222222099e+00
2.011111111111111072e+00
2.061111111111110894e+00
2.122222222222221788e+00
2.194444444444444198e+00
2.277777777777777679e+00
2.372222222222221788e+00
2.477777777777777413e+00
2.594444444444444109e+00
2.722222222222221877e+00
2.861111111111110272e+00
3.011111111111110628e+00
3.172222222222222054e+00
3.299999999999999822e+00
3.138888888888889284e+00
2.988888888888888928e+00
2.849999999999999645e+00
2.722222222222222321e+00
2.605555555555556069e+00
2.500000000000000000e+00
2.405555555555555891e+00
2.322222222222222410e+00
2.250000000000000000e+00
2.188888888888889106e+00
2.138888888888889284e+00
2.100000000000000089e+00
2.072222222222221966e+00
2.055555555555555358e+00
2.049999999999999822e+00
2.055555555555555358e+00
2.072222222222221966e+00
2.100000000000000089e+00
2.138888888888888840e+00
2.188888888888889106e+00
2.250000000000000000e+00
2.322222222222221966e+00
2.405555555555555447e+00
2.500000000000000000e+00
2.605555555555555181e+00
2.722222222222222321e+00
2.849999999999999645e+00
2.988888888888888040e+00
3.138888888888888395e+00
3.299999999999999822e+00
3.138888888888889284e+00
2.977777777777778745e+00
2.827777777777778390e+00
2.688888888888889106e+00
2.561111111111111782e+00
2.444444444444444642e+00
2.338888888888889461e+00
2.244444444444444908e+00
2.161111111111111427e+00
2.088888888888889461e+00
2.027777777777778123e+00
1.977777777777778079e+00
1.938888888888889328e+00
1.911111111111111427e+00
1.894444444444444819e+00
1.888888888888889284e+00
1.894444444444444819e+00
1.911111111111111427e+00
1.938888888888889328e+00
1.977777777777778079e+00
2.027777777777778123e+00
2.088888888888889461e+00
2.161111111111111427e+00
2.244444444444444464e+00
2.338888888888889461e+00
2.444444444444444642e+00
2.561111111111111338e+00
2.688888888888889106e+00
2.827777777777777501e+00
2.977777777777777857e+00
3.138888888888889284e+00
2.988888888888888928e+00
2.827777777777778390e+00
2.677777777777777590e+00
2.538888888888888751e+00
2.411111111111111427e+00
2.294444444444444287e+00
2.188888888888889106e+00
2.094444444444444109e+00
2.011111111111111072e+00
1.938888888888888884e+00
1.877777777777777768e+00
1.827777777777777724e+00
1.788888888888888751e+00
1.761111111111111072e+00
1.744444444444444464e+00
1.738888888888888928e+00
1.744444444444444464e+00
1.761111111111111072e+00
1.788888888888888751e+00
1.827777777777777724e+00
1.877777777777777546e+00
1.938888888888888884e+00
2.011111111111111072e+00
2.094444444444444109e+00
2.188888888888889106e+00
2.294444444444444287e+00
2.411111111111110539e+00
2.538888888888888751e+00
2.677777777777777146e+00
2.827777777777777501e+00
2.988888888888888928e+00
2.849999999999999645e+00
2.688888888888889106e+00
2.538888888888888751e+00
2.400000000000000355e+00
2.272222222222222143e+00
2.155555555555555891e+00
2.049999999999999822e+00
1.955555555555555713e+00
1.872222222222222454e+00
1.800000000000000044e+00
1.738888888888888928e+00
1.688888888888889106e+00
1.650000000000000133e+00
1.622222222222222232e+00
1.605555555555555625e+00
1.600000000000000089e+00
1.605555555555555625e+00
1.622222222222222232e+00
1.650000000000000133e+00
1.688888888888888884e+00
1.738888888888888928e+00
1.800000000000000044e+00
1.872222222222222232e+00
1.955555555555555491e+00
2.049999999999999822e+00
2.155555555555555003e+00
2.272222222222222143e+00
2.400000000000000355e+00
2.538888888888888751e+00
2.688888888888888662e+00
2.849999999999999645e+00
2.722222222222222321e+00
2.561111111111111782e+00
2.411111111111111427e+00
2.272222222222222143e+00
2.144444444444444819e+00
2.027777777777778123e+00
1.922222222222222499e+00
1.827777777777778168e+00
1.744444444444444686e+00
1.672222222222222499e+00
1.611111111111111382e+00
1.561111111111111338e+00
1.522222222222222587e+00
1.494444444444444686e+00
1.477777777777777857e+00
1.472222222222222321e+00
1.477777777777777857e+00
1.494444444444444464e+00
1.522222222222222587e+00
1.561111111111111338e+00
1.611111111111111160e+00
1.672222222222222499e+00
1.744444444444444464e+00
1.827777777777777724e+00
1.922222222222222499e+00
2.027777777777777679e+00
2.144444444444444819e+00
2.272222222222222143e+00
2.411111111111110539e+00
2.561111111111110894e+00
2.722222222222222321e+00
2.605555555555556069e+00
2.444444444444444642e+00
2.294444444444444287e+00
2.155555555555555891e+00
2.027777777777778123e+00
1.911111111111111427e+00
1.805555555555555802e+00
1.711111111111111249e+00
1.627777777777777990e+00
1.555555555555555802e+00
1.494444444444444686e+00
1.444444444444444642e+00
1.405555555555555891e+00
1.377777777777777990e+00
1.361111111111111160e+00
1.355555555555555625e+00
1.361111111111111160e+00
1.377777777777777768e+00
1.405555555555555891e+00
1.444444444444444642e+00
1.494444444444444464e+00
1.555555555555555802e+00
1.627777777777777768e+00
1.711111111111111249e+00
1.805555555555555802e+00
1.911111111111110983e+00
2.027777777777777679e+00
2.155555555555555891e+00
2.294444444444444287e+00
2.444444444444444642e+00
2.605555555555556069e+00
2.500000000000000000e+00
2.338888888888889461e+00
2.188888888888889106e+00
2.049999999999999822e+00
1.922222222222222499e+00
1.805555555555555802e+00
1.700000000000000178e+00
1.605555555555555625e+00
1.522222222222222365e+00
1.450000000000000178e+00
1.388888888888888840e+00
1.338888888888889017e+00
1.300000000000000044e+00
1.272222222222222365e+00
1.255555555555555536e+00
1.250000000000000000e+00
1.255555555555555536e+00
1.272222222222222143e+00
1.300000000000000044e+00
1.338888888888889017e+00
1.388888888888888840e+00
1.450000000000000178e+00
1.522222222222222143e+00
1.605555555555555403e+00
1.700000000000000178e+00
1.805555555555555358e+00
1.922222222222222054e+00
2.049999999999999822e+00
2.188888888888888218e+00
2.338888888888888573e+00
2.500000000000000000e+00
2.405555555555555891e+00
2.244444444444444908e+00
2.094444444444444109e+00
1.955555555555555713e+00
1.827777777777778168e+00
1.711111111111111249e+00
1.605555555555555625e+00
1.511111111111111294e+00
1.427777777777778034e+00
1.355555555555555625e+00
1.294444444444444731e+00
1.244444444444444464e+00
1.205555555555555713e+00
1.177777777777778034e+00
1.161111111111111205e+00
1.155555555555555669e+00
1.161111111111111205e+00
1.177777777777777812e+00
1.205555555555555713e+00
1.244444444444444464e+00
1.294444444444444509e+00
1.355555555555555625e+00
1.427777777777777812e+00
1.511111111111111072e+00
1.605555555555555625e+00
1.711111111111110805e+00
1.827777777777777724e+00
1.955555555555555713e+00
2.094444444444444109e+00
2.244444444444444464e+00
2.405555555555555891e+00
2.322222222222222410e+00
2.161111111111111427e+00
2.011111111111111072e+00
1.872222222222222454e+00
1.744444444444444686e+00
1.627777777777777990e+00
1.522222222222222365e+00
1.427777777777778034e+00
1.344444444444444553e+00
1.272222222222222365e+00
1.211111111111111249e+00
1.161111111111111205e+00
1.122222222222222232e+00
1.094444444444444553e+00
1.077777777777777946e+00
1.072222222222222410e+00
1.077777777777777946e+00
1.094444444444444553e+00
1.122222222222222232e+00
1.161111111111111205e+00
1.211111111111111249e+00
1.272222222222222365e+00
1.344444444444444553e+00
1.427777777777777812e+00
1.522222222222222365e+00
1.627777777777777546e+00
1.744444444444444464e+00
1.872222222222222454e+00
2.011111111111111072e+00
2.161111111111110983e+00
2.322222222222222410e+00
2.250000000000000000e+00
2.088888888888889461e+00
1.938888888888888884e+00
1.800000000000000044e+00
1.672222222222222499e+00
1.555555555555555802e+00
1.450000000000000178e+00
1.355555555555555625e+00
1.272222222222222365e+00
1.200000000000000178e+00
1.138888888888888840e+00
1.088888888888889017e+00
1.050000000000000044e+00
1.022222222222222365e+00
1.005555555555555536e+00
1.000000000000000000e+00
1.005555555555555536e+00
1.022222222222222143e+00
1.050000000000000044e+00
1.088888888888889017e+00
1.138888888888888840e+00
1.200000000000000178e+00
1.272222222222222143e+00
1.355555555555555403e+00
1.450000000000000178e+00
1.555555555555555358e+00
1.672222222222222054e+00
1.800000000000000044e+00
1.938888888888888440e+00
2.088888888888888573e+00
2.250000000000000000e+00
2.188888888888889106e+00
2.027777777777778123e+00
1.877777777777777768e+00
1.738888888888888928e+00
1.611111111111111382e+00
1.494444444444444686e+00
1.388888888888888840e+00
1.294444444444444731e+00
1.211111111111111249e+00
1.138888888888888840e+00
1.077777777777777946e+00
1.027777777777777901e+00
9.888888888888889284e-01
9.611111111111112493e-01
9.444444444444445308e-01
9.388888888888889950e-01
9.444444444444445308e-01
9.611111111111111382e-01
9.888888888888889284e-01
1.027777777777777901e+00
1.077777777777777724e+00
1.138888888888888840e+00
1.211111111111111249e+00
1.294444444444444287e+00
1.388888888888888840e+00
1.494444444444444242e+00
1.611111111111111160e+00
1.738888888888888928e+00
1.877777777777777324e+00
2.027777777777777679e+00
2.188888888888889106e+00
2.138888888888889284e+00
1.977777777777778079e+00
1.827777777777777724e+00
1.688888888888889106e+00
1.561111111111111338e+00
1.444444444444444642e+00
1.338888888888889017e+00
1.244444444444444464e+00
1.161111111111111205e+00
1.088888888888889017e+00
1.027777777777777901e+00
9.777777777777778567e-01
9.388888888888888840e-01
9.111111111111112049e-01
8.944444444444444864e-01
8.888888888888889506e-01
8.944444444444444864e-01
9.111111111111110938e-01
9.388888888888888840e-01
9.777777777777778567e-01
1.027777777777777679e+00
1.088888888888889017e+00
1.161111111111110983e+00
1.244444444444444464e+00
1.338888888888889017e+00
1.444444444444444198e+00
1.561111111111110894e+00
1.688888888888889106e+00
1.827777777777777279e+00
1.977777777777777635e+00
2.138888888888889284e+00
2.100000000000000089e+00
1.938888888888889328e+00
1.788888888888888751e+00
1.650000000000000133e+00
1.522222222222222587e+00
1.405555555555555891e+00
1.300000000000000044e+00
1.205555555555555713e+00
1.122222222222222232e+00
1.050000000000000044e+00
9.888888888888889284e-01
9.388888888888888840e-01
9.000000000000000222e-01
8.722222222222222321e-01
8.555555555555556246e-01
8.500000000000000888e-01
8.555555555555556246e-01
8.722222222222222321e-01
9.000000000000000222e-01
9.388888888888888840e-01
9.888888888888889284e-01
1.050000000000000044e+00
1.122222222222222232e+00
1.205555555555555491e+00
1.300000000000000044e+00
1.405555555555555447e+00
1.522222222222222143e+00
1.650000000000000133e+00
1.788888888888888529e+00
1.938888888888888662e+00
2.100000000000000089e+00
2.072222222222221966e+00
1.911111111111111427e+00
1.761111111111111072e+00
1.622222222222222232e+00
1.494444444444444686e+00
1.377777777777777990e+00
1.272222222222222365e+00
1.177777777777778034e+00
1.094444444444444553e+00
1.022222222222222365e+00
9.611111111111112493e-01
9.111111111111112049e-01
8.722222222222222321e-01
8.444444444444445530e-01
8.277777777777778345e-01
8.222222222222222987e-01
8.277777777777778345e-01
8.444444444444444420e-01
8.722222222222222321e-01
9.111111111111110938e-01
9.611111111111111382e-01
1.022222222222222365e+00
1.094444444444444553e+00
1.177777777777777590e+00
1.272222222222222365e+00
1.377777777777777546e+00
1.494444444444444464e+00
1.622222222222222232e+00
1.761111111111110628e+00
1.911111111111110761e+00
2.072222222222221966e+00
2.055555555555555358e+00
1.894444444444444819e+00
1.744444444444444464e+00
1.605555555555555625e+00
1.477777777777777857e+00
1.361111111111111160e+00
1.255555555555555536e+00
1.161111111111111205e+00
1.077777777777777946e+00
1.005555555555555536e+00
9.444444444444445308e-01
8.944444444444444864e-01
8.555555555555556246e-01
8.277777777777778345e-01
8.111111111111112271e-01
8.055555555555555802e-01
8.111111111111111160e-01
8.277777777777778345e-01
8.555555555555556246e-01
8.944444444444444864e-01
9.444444444444444198e-01
1.005555555555555536e+00
1.077777777777777724e+00
1.161111111111110983e+00
1.255555555555555536e+00
1.361111111111110716e+00
1.477777777777777635e+00
1.605555555555555625e+00
1.744444444444444020e+00
1.894444444444444153e+00
2.055555555555555358e+00
2.049999999999999822e+00
1.888888888888889284e+00
1.738888888888888928e+00
1.600000000000000089e+00
1.472222222222222321e+00
1.355555555555555625e+00
1.250000000000000000e+00
1.155555555555555669e+00
1.072222222222222410e+00
1.000000000000000000e+00
9.388888888888889950e-01
8.888888888888889506e-01
8.500000000000000888e-01
8.222222222222222987e-01
8.055555555555555802e-01
8.000000000000000444e-01
8.055555555555555802e-01
8.222222222222221877e-01
8.500000000000000888e-01
8.888888888888888395e-01
9.388888888888888840e-01
1.000000000000000000e+00
1.072222222222222188e+00
1.155555555555555447e+00
1.250000000000000000e+00
1.355555555555555181e+00
1.472222222222222099e+00
1.600000000000000089e+00
1.738888888888888484e+00
1.888888888888888618e+00
2.049999999999999822e+00
2.055555555555555358e+00
1.894444444444444819e+00
1.744444444444444464e+00
1.605555555555555625e+00
1.477777777777777857e+00
1.361111111111111160e+00
1.255555555555555536e+00
1.161111111111111205e+00
1.077777777777777946e+00
1.005555555555555536e+00
9.444444444444445308e-01
8.944444444444444864e-01
8.555555555555556246e-01
8.277777777777778345e-01
8.111111111111111160e-01
8.055555555555555802e-01
8.111111111111111160e-01
8.277777777777777235e-01
8.555555555555556246e-01
8.944444444444444864e-01
9.444444444444444198e-01
1.005555555555555536e+00
1.077777777777777724e+00
1.161111111111110983e+00
1.255555555555555536e+00
1.361111111111110716e+00
1.477777777777777635e+00
1.605555555555555625e+00
1.744444444444444020e+00
1.894444444444444153e+00
2.055555555555555358e+00
2.072222222222221966e+00
1.911111111111111427e+00
1.761111111111111072e+00
1.622222222222222232e+00
1.494444444444444464e+00
1.377777777777777768e+00
1.272222222222222143e+00
1.177777777777777812e+00
1.094444444444444553e+00
1.022222222222222143e+00
9.611111111111111382e-01
9.111111111111110938e-01
8.722222222222222321e-01
8.444444444444444420e-01
8.277777777777778345e-01
8.222222222222221877e-01
8.277777777777777235e-01
8.444444444444444420e-01
8.722222222222222321e-01
9.111111111111110938e-01
9.611111111111110272e-01
1.022222222222222143e+00
1.094444444444444331e+00
1.177777777777777590e+00
1.272222222222222143e+00
1.377777777777777324e+00
1.494444444444444242e+00
1.622222222222222232e+00
1.761111111111110628e+00
1.911111111111110761e+00
2.072222222222221966e+00
2.100000000000000089e+00
1.938888888888889328e+00
1.788888888888888751e+00
1.650000000000000133e+00
1.522222222222222587e+00
1.405555555555555891e+00
1.300000000000000044e+00
1.205555555555555713e+00
1.122222222222222232e+00
1.050000000000000044e+00
9.888888888888889284e-01
9.388888888888888840e-01
9.000000000000000222e-01
8.722222222222222321e-01
8.555555555555556246e-01
8.500000000000000888e-01
8.555555555555556246e-01
8.722222222222222321e-01
9.000000000000000222e-01
9.388888888888888840e-01
9.888888888888889284e-01
1.050000000000000044e+00
1.122222222222222232e+00
1.205555555555555491e+00
1.300000000000000044e+00
1.405555555555555447e+00
1.522222222222222143e+00
1.650000000000000133e+00
1.788888888888888529e+00
1.938888888888888662e+00
2.100000000000000089e+00
2.138888888888888840e+00
1.977777777777778079e+00
1.827777777777777724e+00
1.688888888888888884e+00
1.561111111111111338e+00
1.444444444444444642e+00
1.338888888888889017e+00
1.244444444444444464e+00
1.161111111111111205e+00
1.088888888888889017e+00
1.027777777777777901e+00
9.777777777777778567e-01
9.388888888888888840e-01
9.111111111111110938e-01
8.944444444444444864e-01
8.888888888888888395e-01
8.944444444444444864e-01
9.111111111111110938e-01
9.388888888888888840e-01
9.777777777777777457e-01
1.027777777777777679e+00
1.088888888888889017e+00
1.161111111111110983e+00
1.244444444444444242e+00
1.338888888888889017e+00
1.444444444444444198e+00
1.561111111111110894e+00
1.688888888888888884e+00
1.827777777777777279e+00
1.977777777777777413e+00
2.138888888888888840e+00
2.188888888888889106e+00
2.027777777777778123e+00
1.877777777777777546e+00
1.738888888888888928e+00
1.611111111111111160e+00
1.494444444444444464e+00
1.388888888888888840e+00
1.294444444444444509e+00
1.211111111111111249e+00
1.138888888888888840e+00
1.077777777777777724e+00
1.027777777777777679e+00
9.888888888888889284e-01
9.611111111111111382e-01
9.444444444444444198e-01
9.388888888888888840e-01
9.444444444444444198e-01
9.611111111111110272e-01
9.888888888888889284e-01
1.027777777777777679e+00
1.077777777777777724e+00
1.138888888888888840e+00
1.211111111111111027e+00
1.294444444444444287e+00
1.388888888888888840e+00
1.494444444444444020e+00
1.611111111111110938e+00
1.738888888888888928e+00
1.877777777777777324e+00
2.027777777777777679e+00
2.188888888888889106e+00
2.250000000000000000e+00
2.088888888888889461e+00
1.938888888888888884e+00
1.800000000000000044e+00
1.672222222222222499e+00
1.555555555555555802e+00
1.450000000000000178e+00
1.355555555555555625e+00
1.272222222222222365e+00
1.200000000000000178e+00
1.138888888888888840e+00
1.088888888888889017e+00
1.050000000000000044e+00
1.022222222222222365e+00
1.005555555555555536e+00
1.000000000000000000e+00
1.005555555555555536e+00
1.022222222222222143e+00
1.050000000000000044e+00
1.088888888888889017e+00
1.138888888888888840e+00
1.200000000000000178e+00
1.272222222222222143e+00
1.355555555555555403e+00
1.450000000000000178e+00
1.555555555555555358e+00
1.672222222222222054e+00
1.800000000000000044e+00
1.938888888888888440e+00
2.088888888888888573e+00
2.250000000000000000e+00
2.322222222222221966e+00
2.161111111111111427e+00
2.011111111111111072e+00
1.872222222222222232e+00
1.744444444444444464e+00
1.627777777777777768e+00
1.522222222222222143e+00
1.427777777777777812e+00
1.344444444444444553e+00
1.272222222222222143e+00
1.211111111111111249e+00
1.161111111111110983e+00
1.122222222222222232e+00
1.094444444444444553e+00
1.077777777777777724e+00
1.072222222222222188e+00
1.077777777777777724e+00
1.094444444444444331e+00
1.122222222222222232e+00
1.161111111111110983e+00
1.211111111111111027e+00
1.272222222222222143e+00
1.344444444444444331e+00
1.427777777777777590e+00
1.522222222222222143e+00
1.627777777777777324e+00
1.744444444444444242e+00
1.872222222222222232e+00
2.011111111111110628e+00
2.161111111111110539e+00
2.322222222222221966e+00
2.405555555555555447e+00
2.244444444444444464e+00
2.094444444444444109e+00
1.955555555555555491e+00
1.827777777777777724e+00
1.711111111111111249e+00
1.605555555555555403e+00
1.511111111111111072e+00
1.427777777777777812e+00
1.355555555555555403e+00
1.294444444444444287e+00
1.244444444444444464e+00
1.205555555555555491e+00
1.177777777777777590e+00
1.161111111111110983e+00
1.155555555555555447e+00
1.161111111111110983e+00
1.177777777777777590e+00
1.205555555555555491e+00
1.244444444444444242e+00
1.294444444444444287e+00
1.355555555555555403e+00
1.427777777777777590e+00
1.511111111111110850e+00
1.605555555555555403e+00
1.711111111111110805e+00
1.827777777777777501e+00
1.955555555555555491e+00
2.094444444444444109e+00
2.244444444444444020e+00
2.405555555555555447e+00
2.500000000000000000e+00
2.338888888888889461e+00
2.188888888888889106e+00
2.049999999999999822e+00
1.922222222222222499e+00
1.805555555555555802e+00
1.700000000000000178e+00
1.605555555555555625e+00
1.522222222222222365e+00
1.450000000000000178e+00
1.388888888888888840e+00
1.338888888888889017e+00
1.300000000000000044e+00
1.272222222222222365e+00
1.255555555555555536e+00
1.250000000000000000e+00
1.255555555555555536e+00
1.272222222222222143e+00
1.300000000000000044e+00
1.338888888888889017e+00
1.388888888888888840e+00
1.450000000000000178e+00
1.522222222222222143e+00
1.605555555555555403e+00
1.700000000000000178e+00
1.805555555555555358e+00
1.922222222222222054e+00
2.049999999999999822e+00
2.188888888888888218e+00
2.338888888888888573e+00
2.500000000000000000e+00
2.605555555555555181e+00
2.444444444444444642e+00
2.294444444444444287e+00
2.155555555555555003e+00
2.027777777777777679e+00
1.911111111111110983e+00
1.805555555555555358e+00
1.711111111111110805e+00
1.627777777777777546e+00
1.555555555555555358e+00
1.494444444444444242e+00
1.444444444444444198e+00
1.405555555555555447e+00
1.377777777777777546e+00
1.361111111111110716e+00
1.355555555555555181e+00
1.361111111111110716e+00
1.377777777777777324e+00
1.405555555555555447e+00
1.444444444444444198e+00
1.494444444444444020e+00
1.555555555555555358e+00
1.627777777777777324e+00
1.711111111111110805e+00
1.805555555555555358e+00
1.911111111111110539e+00
2.027777777777777679e+00
2.155555555555555003e+00
2.294444444444443398e+00
2.444444444444443754e+00
2.605555555555555181e+00
2.722222222222222321e+00
2.561111111111111338e+00
2.411111111111110539e+00
2.272222222222222143e+00
2.144444444444444819e+00
2.027777777777777679e+00
1.922222222222222054e+00
1.827777777777777724e+00
1.744444444444444464e+00
1.672222222222222054e+00
1.611111111111111160e+00
1.561111111111110894e+00
1.522222222222222143e+00
1.494444444444444464e+00
1.477777777777777635e+00
1.472222222222222099e+00
1.477777777777777635e+00
1.494444444444444242e+00
1.522222222222222143e+00
1.561111111111110894e+00
1.611111111111110938e+00
1.672222222222222054e+00
1.744444444444444242e+00
1.827777777777777501e+00
1.922222222222222054e+00
2.027777777777777679e+00
2.144444444444443931e+00
2.272222222222222143e+00
2.411111111111110539e+00
2.561111111111110894e+00
2.722222222222222321e+00
2.849999999999999645e+00
2.688888888888889106e+00
2.538888888888888751e+00
2.400000000000000355e+00
2.272222222222222143e+00
2.155555555555555891e+00
2.049999999999999822e+00
1.955555555555555713e+00
1.872222222222222454e+00
1.800000000000000044e+00
1.738888888888888928e+00
1.688888888888889106e+00
1.650000000000000133e+00
1.622222222222222232e+00
1.605555555555555625e+00
1.600000000000000089e+00
1.605555555555555625e+00
1.622222222222222232e+00
1.650000000000000133e+00
1.688888888888888884e+00
1.738888888888888928e+00
1.800000000000000044e+00
1.872222222222222232e+00
1.955555555555555491e+00
2.049999999999999822e+00
2.155555555555555003e+00
2.272222222222222143e+00
2.400000000000000355e+00
2.538888888888888751e+00
2.688888888888888662e+00
2.849999999999999645e+00
2.988888888888888040e+00
2.827777777777777501e+00
2.677777777777777146e+00
2.538888888888888751e+00
2.411111111111110539e+00
2.294444444444444287e+00
2.188888888888888218e+00
2.094444444444444109e+00
2.011111111111111072e+00
1.938888888888888440e+00
1.877777777777777324e+00
1.827777777777777279e+00
1.788888888888888529e+00
1.761111111111110628e+00
1.744444444444444020e+00
1.738888888888888484e+00
1.744444444444444020e+00
1.761111111111110628e+00
1.788888888888888529e+00
1.827777777777777279e+00
1.877777777777777324e+00
1.938888888888888440e+00
2.011111111111110628e+00
2.094444444444444109e+00
2.188888888888888218e+00
2.294444444444443398e+00
2.411111111111110539e+00
2.538888888888888751e+00
2.677777777777777146e+00
2.827777777777776613e+00
2.988888888888888040e+00
3.138888888888888395e+00
2.977777777777777857e+00
2.827777777777777501e+00
2.688888888888888662e+00
2.561111111111110894e+00
2.444444444444444642e+00
2.338888888888888573e+00
2.244444444444444464e+00
2.161111111111110983e+00
2.088888888888888573e+00
2.027777777777777679e+00
1.977777777777777635e+00
1.938888888888888662e+00
1.911111111111110761e+00
1.894444444444444153e+00
1.888888888888888618e+00
1.894444444444444153e+00
1.911111111111110761e+00
1.938888888888888662e+00
1.977777777777777413e+00
2.027777777777777679e+00
2.088888888888888573e+00
2.161111111111110539e+00
2.244444444444444020e+00
2.338888888888888573e+00
2.444444444444443754e+00
2.561111111111110894e+00
2.688888888888888662e+00
2.827777777777776613e+00
2.977777777777776969e+00
3.138888888888888395e+00
3.299999999999999822e+00
3.138888888888889284e+00
2.988888888888888928e+00
2.849999999999999645e+00
2.722222222222222321e+00
2.605555555555556069e+00
2.500000000000000000e+00
2.405555555555555891e+00
2.322222222222222410e+00
2.250000000000000000e+00
2.188888888888889106e+00
2.138888888888889284e+00
2.100000000000000089e+00
2.072222222222221966e+00
2.055555555555555358e+00
2.049999999999999822e+00
2.055555555555555358e+00
2.072222222222221966e+00
2.100000000000000089e+00
2.138888888888888840e+00
2.188888888888889106e+00
2.250000000000000000e+00
2.322222222222221966e+00
2.405555555555555447e+00
2.500000000000000000e+00
2.605555555555555181e+00
2.722222222222222321e+00
2.849999999999999645e+00
2.988888888888888040e+00
3.138888888888888395e+00
3.299999999999999822e+00
3.438888888888888218e+00
3.277777777777777679e+00
3.127777777777777324e+00
2.988888888888888040e+00
2.861111111111110716e+00
2.744444444444444464e+00
2.638888888888888395e+00
2.544444444444444287e+00
2.461111111111110805e+00
2.388888888888888395e+00
2.327777777777777501e+00
2.277777777777777679e+00
2.238888888888888484e+00
2.211111111111110361e+00
2.194444444444443754e+00
2.188888888888888218e+00
2.194444444444443754e+00
2.211111111111110361e+00
2.238888888888888484e+00
2.277777777777777235e+00
2.327777777777777501e+00
2.388888888888888395e+00
2.461111111111110361e+00
2.544444444444443842e+00
2.638888888888888395e+00
2.744444444444443576e+00
2.861111111111110716e+00
2.988888888888888040e+00
3.127777777777776436e+00
3.277777777777776791e+00
3.438888888888888218e+00
3.277777777777777679e+00
3.116666666666667140e+00
2.966666666666666785e+00
2.827777777777777501e+00
2.700000000000000178e+00
2.583333333333333037e+00
2.477777777777777857e+00
2.383333333333333304e+00
2.299999999999999822e+00
2.227777777777777857e+00
2.166666666666666519e+00
2.116666666666666252e+00
2.077777777777777501e+00
2.049999999999999822e+00
2.033333333333333215e+00
2.027777777777777679e+00
2.033333333333333215e+00
2.049999999999999822e+00
2.077777777777777501e+00
2.116666666666666252e+00
2.166666666666666519e+00
2.227777777777777857e+00
2.299999999999999822e+00
2.383333333333332860e+00
2.477777777777777857e+00
2.583333333333333037e+00
2.699999999999999734e+00
2.827777777777777501e+00
2.966666666666665897e+00
3.116666666666666252e+00
3.277777777777777679e+00
3.127777777777777324e+00
2.966666666666666785e+00
2.816666666666665986e+00
2.677777777777777146e+00
2.549999999999999822e+00
2.433333333333332682e+00
2.327777777777777501e+00
2.233333333333332504e+00
2.149999999999999467e+00
2.077777777777777501e+00
2.016666666666666163e+00
1.966666666666666119e+00
1.927777777777777146e+00
1.899999999999999467e+00
1.883333333333332860e+00
1.877777777777777324e+00
1.883333333333332860e+00
1.899999999999999467e+00
1.927777777777777146e+00
1.966666666666666119e+00
2.016666666666665719e+00
2.077777777777777501e+00
2.149999999999999467e+00
2.233333333333332504e+00
2.327777777777777501e+00
2.433333333333332682e+00
2.549999999999998934e+00
2.677777777777777146e+00
2.816666666666665542e+00
2.966666666666665897e+00
3.127777777777777324e+00
2.988888888888888040e+00
2.827777777777777501e+00
2.677777777777777146e+00
2.538888888888888751e+00
2.411111111111110539e+00
2.294444444444444287e+00
2.188888888888888218e+00
2.094444444444444109e+00
2.011111111111111072e+00
1.938888888888888440e+00
1.877777777777777324e+00
1.827777777777777501e+00
1.788888888888888529e+00
1.761111111111110628e+00
1.744444444444444020e+00
1.738888888888888484e+00
1.744444444444444020e+00
1.761111111111110628e+00
1.788888888888888529e+00
1.827777777777777279e+00
1.877777777777777324e+00
1.938888888888888440e+00
2.011111111111110628e+00
2.094444444444444109e+00
2.188888888888888218e+00
2.294444444444443398e+00
2.411111111111110539e+00
2.538888888888888751e+00
2.677777777777777146e+00
2.827777777777777057e+00
2.988888888888888040e+00
2.861111111111110716e+00
2.700000000000000178e+00
2.549999999999999822e+00
2.411111111111110539e+00
2.283333333333333215e+00
2.166666666666666519e+00
2.061111111111110894e+00
1.966666666666666563e+00
1.883333333333333082e+00
1.811111111111110894e+00
1.749999999999999778e+00
1.699999999999999734e+00
1.661111111111110983e+00
1.633333333333333082e+00
1.616666666666666252e+00
1.611111111111110716e+00
1.616666666666666252e+00
1.633333333333332860e+00
1.661111111111110983e+00
1.699999999999999734e+00
1.749999999999999556e+00
1.811111111111110894e+00
1.883333333333332860e+00
1.966666666666666119e+00
2.061111111111110894e+00
2.166666666666666075e+00
2.283333333333333215e+00
2.411111111111110539e+00
2.549999999999998934e+00
2.699999999999999289e+00
2.861111111111110716e+00
2.744444444444444464e+00
2.583333333333333037e+00
2.433333333333332682e+00
2.294444444444444287e+00
2.166666666666666519e+00
2.049999999999999822e+00
1.944444444444444198e+00
1.849999999999999645e+00
1.766666666666666385e+00
1.694444444444444198e+00
1.633333333333333082e+00
1.583333333333333037e+00
1.544444444444444287e+00
1.516666666666666385e+00
1.499999999999999556e+00
1.494444444444444020e+00
1.499999999999999556e+00
1.516666666666666163e+00
1.544444444444444287e+00
1.583333333333333037e+00
1.633333333333332860e+00
1.694444444444444198e+00
1.766666666666666163e+00
1.849999999999999645e+00
1.944444444444444198e+00
2.049999999999999378e+00
2.166666666666666075e+00
2.294444444444444287e+00
2.433333333333332682e+00
2.583333333333333037e+00
2.744444444444444464e+00
2.638888888888888395e+00
2.477777777777777857e+00
2.327777777777777501e+00
2.188888888888888218e+00
2.061111111111110894e+00
1.944444444444444198e+00
1.838888888888888573e+00
1.744444444444444020e+00
1.661111111111110761e+00
1.588888888888888573e+00
1.527777777777777235e+00
1.477777777777777413e+00
1.438888888888888440e+00
1.411111111111110761e+00
1.394444444444443931e+00
1.388888888888888395e+00
1.394444444444443931e+00
1.411111111111110539e+00
1.438888888888888440e+00
1.477777777777777413e+00
1.527777777777777235e+00
1.588888888888888573e+00
1.661111111111110539e+00
1.744444444444443798e+00
1.838888888888888573e+00
1.944444444444443754e+00
2.061111111111110450e+00
2.188888888888888218e+00
2.327777777777776613e+00
2.477777777777776969e+00
2.638888888888888395e+00
2.544444444444444287e+00
2.383333333333333304e+00
2.233333333333332504e+00
2.094444444444444109e+00
1.966666666666666563e+00
1.849999999999999645e+00
1.744444444444444020e+00
1.649999999999999689e+00
1.566666666666666430e+00
1.494444444444444020e+00
1.433333333333333126e+00
1.383333333333332860e+00
1.344444444444444109e+00
1.316666666666666430e+00
1.299999999999999600e+00
1.294444444444444065e+00
1.299999999999999600e+00
1.316666666666666208e+00
1.344444444444444109e+00
1.383333333333332860e+00
1.433333333333332904e+00
1.494444444444444020e+00
1.566666666666666208e+00
1.649999999999999467e+00
1.744444444444444020e+00
1.849999999999999201e+00
1.966666666666666119e+00
2.094444444444444109e+00
2.233333333333332504e+00
2.383333333333332860e+00
2.544444444444444287e+00
2.461111111111110805e+00
2.299999999999999822e+00
2.149999999999999467e+00
2.011111111111111072e+00
1.883333333333333082e+00
1.766666666666666385e+00
1.661111111111110761e+00
1.566666666666666430e+00
1.483333333333332948e+00
1.411111111111110761e+00
1.349999999999999645e+00
1.299999999999999600e+00
1.261111111111110628e+00
1.233333333333332948e+00
1.216666666666666341e+00
1.211111111111110805e+00
1.216666666666666341e+00
1.233333333333332948e+00
1.261111111111110628e+00
1.299999999999999600e+00
1.349999999999999645e+00
1.411111111111110761e+00
1.483333333333332948e+00
1.566666666666666208e+00
1.661111111111110761e+00
1.766666666666665941e+00
1.883333333333332860e+00
2.011111111111111072e+00
2.149999999999999467e+00
2.299999999999999378e+00
2.461111111111110805e+00
2.388888888888888395e+00
2.227777777777777857e+00
2.077777777777777501e+00
1.938888888888888440e+00
1.811111111111110894e+00
1.694444444444444198e+00
1.588888888888888573e+00
1.494444444444444020e+00
1.411111111111110761e+00
1.338888888888888573e+00
1.277777777777777235e+00
1.227777777777777413e+00
1.188888888888888440e+00
1.161111111111110761e+00
1.144444444444443931e+00
1.138888888888888395e+00
1.144444444444443931e+00
1.161111111111110539e+00
1.188888888888888440e+00
1.227777777777777413e+00
1.277777777777777235e+00
1.338888888888888573e+00
1.411111111111110539e+00
1.494444444444443798e+00
1.588888888888888573e+00
1.694444444444443754e+00
1.811111111111110450e+00
1.938888888888888440e+00
2.077777777777776613e+00
2.227777777777776969e+00
2.388888888888888395e+00
2.327777777777777501e+00
2.166666666666666519e+00
2.016666666666666163e+00
1.877777777777777324e+00
1.749999999999999778e+00
1.633333333333333082e+00
1.527777777777777235e+00
1.433333333333333126e+00
1.349999999999999645e+00
1.277777777777777235e+00
1.216666666666666341e+00
1.166666666666666297e+00
1.127777777777777324e+00
1.099999999999999645e+00
1.083333333333333037e+00
1.077777777777777279e+00
1.083333333333332815e+00
1.099999999999999645e+00
1.127777777777777324e+00
1.166666666666666297e+00
1.216666666666666119e+00
1.277777777777777235e+00
1.349999999999999645e+00
1.433333333333332682e+00
1.527777777777777235e+00
1.633333333333332638e+00
1.749999999999999556e+00
1.877777777777777324e+00
2.016666666666665719e+00
2.166666666666666075e+00
2.327777777777777501e+00
2.277777777777777679e+00
2.116666666666666252e+00
1.966666666666666119e+00
1.827777777777777501e+00
1.699999999999999734e+00
1.583333333333333037e+00
1.477777777777777413e+00
1.383333333333332860e+00
1.299999999999999600e+00
1.227777777777777413e+00
1.166666666666666297e+00
1.116666666666666252e+00
1.077777777777777279e+00
1.049999999999999600e+00
1.033333333333332993e+00
1.027777777777777235e+00
1.033333333333332993e+00
1.049999999999999600e+00
1.077777777777777279e+00
1.116666666666666252e+00
1.166666666666666075e+00
1.227777777777777413e+00
1.299999999999999378e+00
1.383333333333332860e+00
1.477777777777777413e+00
1.583333333333332593e+00
1.699999999999999289e+00
1.827777777777777501e+00
1.966666666666665675e+00
2.116666666666666252e+00
2.277777777777777679e+00
2.238888888888888484e+00
2.077777777777777501e+00
1.927777777777777146e+00
1.788888888888888529e+00
1.661111111111110983e+00
1.544444444444444287e+00
1.438888888888888440e+00
1.344444444444444109e+00
1.261111111111110628e+00
1.188888888888888440e+00
1.127777777777777324e+00
1.077777777777777279e+00
1.038888888888888529e+00
1.011111111111110628e+00
9.944444444444440201e-01
9.888888888888884843e-01
9.944444444444440201e-01
1.011111111111110628e+00
1.038888888888888529e+00
1.077777777777777279e+00
1.127777777777777324e+00
1.188888888888888440e+00
1.261111111111110628e+00
1.344444444444443887e+00
1.438888888888888440e+00
1.544444444444443842e+00
1.661111111111110539e+00
1.788888888888888529e+00
1.927777777777776924e+00
2.077777777777777057e+00
2.238888888888888484e+00
2.211111111111110361e+00
2.049999999999999822e+00
1.899999999999999467e+00
1.761111111111110628e+00
1.633333333333333082e+00
1.516666666666666385e+00
1.411111111111110761e+00
1.316666666666666430e+00
1.233333333333332948e+00
1.161111111111110761e+00
1.099999999999999645e+00
1.049999999999999600e+00
1.011111111111110628e+00
9.833333333333329485e-01
9.666666666666662300e-01
9.611111111111106942e-01
9.666666666666662300e-01
9.833333333333328374e-01
1.011111111111110628e+00
1.049999999999999600e+00
1.099999999999999423e+00
1.161111111111110761e+00
1.233333333333332948e+00
1.316666666666665986e+00
1.411111111111110761e+00
1.516666666666665941e+00
1.633333333333332860e+00
1.761111111111110628e+00
1.899999999999999023e+00
2.049999999999998934e+00
2.211111111111110361e+00
2.194444444444443754e+00
2.033333333333333215e+00
1.883333333333332860e+00
1.744444444444444020e+00
1.616666666666666252e+00
1.499999999999999556e+00
1.394444444444443931e+00
1.299999999999999600e+00
1.216666666666666341e+00
1.144444444444443931e+00
1.083333333333333037e+00
1.033333333333332993e+00
9.944444444444440201e-01
9.666666666666662300e-01
9.499999999999996225e-01
9.444444444444439757e-01
9.499999999999995115e-01
9.666666666666662300e-01
9.944444444444440201e-01
1.033333333333332771e+00
1.083333333333332815e+00
1.144444444444443931e+00
1.216666666666666119e+00
1.299999999999999378e+00
1.394444444444443931e+00
1.499999999999999112e+00
1.616666666666666030e+00
1.744444444444444020e+00
1.883333333333332416e+00
2.033333333333332327e+00
2.194444444444443754e+00
2.188888888888888218e+00
2.027777777777777679e+00
1.877777777777777324e+00
1.738888888888888484e+00
1.611111111111110716e+00
1.494444444444444020e+00
1.388888888888888395e+00
1.294444444444444065e+00
1.211111111111110805e+00
1.138888888888888395e+00
1.077777777777777279e+00
1.027777777777777235e+00
9.888888888888884843e-01
9.611111111111106942e-01
9.444444444444439757e-01
9.388888888888884399e-01
9.444444444444439757e-01
9.611111111111105831e-01
9.888888888888884843e-01
1.027777777777777235e+00
1.077777777777777279e+00
1.138888888888888395e+00
1.211111111111110583e+00
1.294444444444443842e+00
1.388888888888888395e+00
1.494444444444443576e+00
1.611111111111110494e+00
1.738888888888888484e+00
1.877777777777776880e+00
2.027777777777776791e+00
2.188888888888888218e+00
2.194444444444443754e+00
2.033333333333333215e+00
1.883333333333332860e+00
1.744444444444444020e+00
1.616666666666666252e+00
1.499999999999999556e+00
1.394444444444443931e+00
1.299999999999999600e+00
1.216666666666666341e+00
1.144444444444443931e+00
1.083333333333332815e+00
1.033333333333332993e+00
9.944444444444440201e-01
9.666666666666662300e-01
9.499999999999995115e-01
9.444444444444439757e-01
9.499999999999995115e-01
9.666666666666661190e-01
9.944444444444440201e-01
1.033333333333332771e+00
1.083333333333332815e+00
1.144444444444443931e+00
1.216666666666666119e+00
1.299999999999999378e+00
1.394444444444443931e+00
1.499999999999999112e+00
1.616666666666666030e+00
1.744444444444444020e+00
1.883333333333332416e+00
2.033333333333332327e+00
2.194444444444443754e+00
2.211111111111110361e+00
2.049999999999999822e+00
1.899999999999999467e+00
1.761111111111110628e+00
1.633333333333332860e+00
1.516666666666666163e+00
1.411111111111110539e+00
1.316666666666666208e+00
1.233333333333332948e+00
1.161111111111110539e+00
1.099999999999999645e+00
1.049999999999999600e+00
1.011111111111110628e+00
9.833333333333328374e-01
9.666666666666662300e-01
9.611111111111105831e-01
9.666666666666661190e-01
9.833333333333328374e-01
1.011111111111110628e+00
1.049999999999999378e+00
1.099999999999999423e+00
1.161111111111110539e+00
1.233333333333332726e+00
1.316666666666665986e+00
1.411111111111110539e+00
1.516666666666665719e+00
1.633333333333332638e+00
1.761111111111110628e+00
1.899999999999999023e+00
2.049999999999998934e+00
2.211111111111110361e+00
2.238888888888888484e+00
2.077777777777777501e+00
1.927777777777777146e+00
1.788888888888888529e+00
1.661111111111110983e+00
1.544444444444444287e+00
1.438888888888888440e+00
1.344444444444444109e+00
1.261111111111110628e+00
1.188888888888888440e+00
1.127777777777777324e+00
1.077777777777777279e+00
1.038888888888888529e+00
1.011111111111110628e+00
9.944444444444440201e-01
9.888888888888884843e-01
9.944444444444440201e-01
1.011111111111110628e+00
1.038888888888888529e+00
1.077777777777777279e+00
1.127777777777777324e+00
1.188888888888888440e+00
1.261111111111110628e+00
1.344444444444443887e+00
1.438888888888888440e+00
1.544444444444443842e+00
1.661111111111110539e+00
1.788888888888888529e+00
1.927777777777776924e+00
2.077777777777777057e+00
2.238888888888888484e+00
2.277777777777777235e+00
2.116666666666666252e+00
1.966666666666666119e+00
1.827777777777777279e+00
1.699999999999999734e+00
1.583333333333333037e+00
1.477777777777777413e+00
1.383333333333332860e+00
1.299999999999999600e+00
1.227777777777777413e+00
1.166666666666666297e+00
1.116666666666666252e+00
1.077777777777777279e+00
1.049999999999999600e+00
1.033333333333332771e+00
1.027777777777777235e+00
1.033333333333332771e+00
1.049999999999999378e+00
1.077777777777777279e+00
1.116666666666666252e+00
1.166666666666666075e+00
1.227777777777777413e+00
1.299999999999999378e+00
1.383333333333332638e+00
1.477777777777777413e+00
1.583333333333332593e+00
1.699999999999999289e+00
1.827777777777777279e+00
1.966666666666665675e+00
2.116666666666665808e+00
2.277777777777777235e+00
2.327777777777777501e+00
2.166666666666666519e+00
2.016666666666665719e+00
1.877777777777777324e+00
1.749999999999999556e+00
1.633333333333332860e+00
1.527777777777777235e+00
1.433333333333332904e+00
1.349999999999999645e+00
1.277777777777777235e+00
1.216666666666666119e+00
1.166666666666666075e+00
1.127777777777777324e+00
1.099999999999999423e+00
1.083333333333332815e+00
1.077777777777777279e+00
1.083333333333332815e+00
1.099999999999999423e+00
1.127777777777777324e+00
1.166666666666666075e+00
1.216666666666666119e+00
1.277777777777777235e+00
1.349999999999999423e+00
1.433333333333332682e+00
1.527777777777777235e+00
1.633333333333332416e+00
1.749999999999999334e+00
1.877777777777777324e+00
2.016666666666665719e+00
2.166666666666666075e+00
2.327777777777777501e+00
2.388888888888888395e+00
2.227777777777777857e+00
2.077777777777777501e+00
1.938888888888888440e+00
1.811111111111110894e+00
1.694444444444444198e+00
1.588888888888888573e+00
1.494444444444444020e+00
1.411111111111110761e+00
1.338888888888888573e+00
1.277777777777777235e+00
1.227777777777777413e+00
1.188888888888888440e+00
1.161111111111110761e+00
1.144444444444443931e+00
1.138888888888888395e+00
1.144444444444443931e+00
1.161111111111110539e+00
1.188888888888888440e+00
1.227777777777777413e+00
1.277777777777777235e+00
1.338888888888888573e+00
1.411111111111110539e+00
1.494444444444443798e+00
1.588888888888888573e+00
1.694444444444443754e+00
1.811111111111110450e+00
1.938888888888888440e+00
2.077777777777776613e+00
2.227777777777776969e+00
2.388888888888888395e+00
2.461111111111110361e+00
2.299999999999999822e+00
2.149999999999999467e+00
2.011111111111110628e+00
1.883333333333332860e+00
1.766666666666666163e+00
1.661111111111110539e+00
1.566666666666666208e+00
1.483333333333332948e+00
1.411111111111110539e+00
1.349999999999999645e+00
1.299999999999999378e+00
1.261111111111110628e+00
1.233333333333332948e+00
1.216666666666666119e+00
1.211111111111110583e+00
1.216666666666666119e+00
1.233333333333332726e+00
1.261111111111110628e+00
1.299999999999999378e+00
1.349999999999999423e+00
1.411111111111110539e+00
1.483333333333332726e+00
1.566666666666665986e+00
1.661111111111110539e+00
1.766666666666665719e+00
1.883333333333332638e+00
2.011111111111110628e+00
2.149999999999999023e+00
2.299999999999998934e+00
2.461111111111110361e+00
2.544444444444443842e+00
2.383333333333332860e+00
2.233333333333332504e+00
2.094444444444444109e+00
1.966666666666666119e+00
1.849999999999999645e+00
1.744444444444443798e+00
1.649999999999999467e+00
1.566666666666666208e+00
1.494444444444443798e+00
1.433333333333332682e+00
1.383333333333332860e+00
1.344444444444443887e+00
1.316666666666665986e+00
1.299999999999999378e+00
1.294444444444443842e+00
1.299999999999999378e+00
1.316666666666665986e+00
1.344444444444443887e+00
1.383333333333332638e+00
1.433333333333332682e+00
1.494444444444443798e+00
1.566666666666665986e+00
1.649999999999999245e+00
1.744444444444443798e+00
1.849999999999999201e+00
1.966666666666665897e+00
2.094444444444444109e+00
2.233333333333332504e+00
2.383333333333332416e+00
2.544444444444443842e+00
2.638888888888888395e+00
2.477777777777777857e+00
2.327777777777777501e+00
2.188888888888888218e+00
2.061111111111110894e+00
1.944444444444444198e+00
1.838888888888888573e+00
1.744444444444444020e+00
1.661111111111110761e+00
1.588888888888888573e+00
1.527777777777777235e+00
1.477777777777777413e+00
1.438888888888888440e+00
1.411111111111110761e+00
1.394444444444443931e+00
1.388888888888888395e+00
1.394444444444443931e+00
1.411111111111110539e+00
1.438888888888888440e+00
1.477777777777777413e+00
1.527777777777777235e+00
1.588888888888888573e+00
1.661111111111110539e+00
1.744444444444443798e+00
1.838888888888888573e+00
1.944444444444443754e+00
2.061111111111110450e+00
2.188888888888888218e+00
2.327777777777776613e+00
2.477777777777776969e+00
2.638888888888888395e+00
2.744444444444443576e+00
2.583333333333333037e+00
2.433333333333332682e+00
2.294444444444443398e+00
2.166666666666666075e+00
2.049999999999999378e+00
1.944444444444443754e+00
1.849999999999999201e+00
1.766666666666665941e+00
1.694444444444443754e+00
1.633333333333332638e+00
1.583333333333332593e+00
1.544444444444443842e+00
1.516666666666665941e+00
1.499999999999999112e+00
1.494444444444443576e+00
1.499999999999999112e+00
1.516666666666665719e+00
1.544444444444443842e+00
1.583333333333332593e+00
1.633333333333332416e+00
1.694444444444443754e+00
1.766666666666665719e+00
1.849999999999999201e+00
1.944444444444443754e+00
2.049999999999998934e+00
2.166666666666666075e+00
2.294444444444443398e+00
2.433333333333331794e+00
2.583333333333332149e+00
2.744444444444443576e+00
2.861111111111110716e+00
2.699999999999999734e+00
2.549999999999998934e+00
2.411111111111110539e+00
2.283333333333333215e+00
2.166666666666666075e+00
2.061111111111110450e+00
1.966666666666666119e+00
1.883333333333332860e+00
1.811111111111110450e+00
1.749999999999999556e+00
1.699999999999999289e+00
1.661111111111110539e+00
1.633333333333332860e+00
1.616666666666666030e+00
1.611111111111110494e+00
1.616666666666666030e+00
1.633333333333332638e+00
1.661111111111110539e+00
1.699999999999999289e+00
1.749999999999999334e+00
1.811111111111110450e+00
1.883333333333332638e+00
1.966666666666665897e+00
2.061111111111110450e+00
2.166666666666666075e+00
2.283333333333332327e+00
2.411111111111110539e+00
2.549999999999998934e+00
2.699999999999999289e+00
2.861111111111110716e+00
2.988888888888888040e+00
2.827777777777777501e+00
2.677777777777777146e+00
2.538888888888888751e+00
2.411111111111110539e+00
2.294444444444444287e+00
2.188888888888888218e+00
2.094444444444444109e+00
2.011111111111111072e+00
1.938888888888888440e+00
1.877777777777777324e+00
1.827777777777777501e+00
1.788888888888888529e+00
1.761111111111110628e+00
1.744444444444444020e+00
1.738888888888888484e+00
1.744444444444444020e+00
1.761111111111110628e+00
1.788888888888888529e+00
1.827777777777777279e+00
1.877777777777777324e+00
1.938888888888888440e+00
2.011111111111110628e+00
2.094444444444444109e+00
2.188888888888888218e+00
2.294444444444443398e+00
2.411111111111110539e+00
2.538888888888888751e+00
2.677777777777777146e+00
2.827777777777777057e+00
2.988888888888888040e+00
3.127777777777776436e+00
2.966666666666665897e+00
2.816666666666665542e+00
2.677777777777777146e+00
2.549999999999998934e+00
2.433333333333332682e+00
2.327777777777776613e+00
2.233333333333332504e+00
2.149999999999999467e+00
2.077777777777776613e+00
2.016666666666665719e+00
1.966666666666665675e+00
1.927777777777776924e+00
1.899999999999999023e+00
1.883333333333332416e+00
1.877777777777776880e+00
1.883333333333332416e+00
1.899999999999999023e+00
1.927777777777776924e+00
1.966666666666665675e+00
2.016666666666665719e+00
2.077777777777776613e+00
2.149999999999999023e+00
2.233333333333332504e+00
2.327777777777776613e+00
2.433333333333331794e+00
2.549999999999998934e+00
2.677777777777777146e+00
2.816666666666665542e+00
2.966666666666665009e+00
3.127777777777776436e+00
3.277777777777776791e+00
3.116666666666666252e+00
2.966666666666665897e+00
2.827777777777777057e+00
2.699999999999999289e+00
2.583333333333333037e+00
2.477777777777776969e+00
2.383333333333332860e+00
2.299999999999999378e+00
2.227777777777776969e+00
2.166666666666666075e+00
2.116666666666666252e+00
2.077777777777777057e+00
2.049999999999998934e+00
2.033333333333332327e+00
2.027777777777776791e+00
2.033333333333332327e+00
2.049999999999998934e+00
2.077777777777777057e+00
2.116666666666665808e+00
2.166666666666666075e+00
2.227777777777776969e+00
2.299999999999998934e+00
2.383333333333332416e+00
2.477777777777776969e+00
2.583333333333332149e+00
2.699999999999999289e+00
2.827777777777777057e+00
2.966666666666665009e+00
3.116666666666665364e+00
3.277777777777776791e+00
3.438888888888888218e+00
3.277777777777777679e+00
3.127777777777777324e+00
2.988888888888888040e+00
2.861111111111110716e+00
2.744444444444444464e+00
2.638888888888888395e+00
2.544444444444444287e+00
2.461111111111110805e+00
2.388888888888888395e+00
2.327777777777777501e+00
2.277777777777777679e+00
2.238888888888888484e+00
2.211111111111110361e+00
2.194444444444443754e+00
2.188888888888888218e+00
2.194444444444443754e+00
2.211111111111110361e+00
2.238888888888888484e+00
2.277777777777777235e+00
2.327777777777777501e+00
2.388888888888888395e+00
2.461111111111110361e+00
2.544444444444443842e+00
2.638888888888888395e+00
2.744444444444443576e+00
2.861111111111110716e+00
2.988888888888888040e+00
3.127777777777776436e+00
3.277777777777776791e+00
3.438888888888888218e+00
3.588888888888888573e+00
3.427777777777778034e+00
3.277777777777777235e+00
3.138888888888888395e+00
3.011111111111111072e+00
2.894444444444444375e+00
2.788888888888888751e+00
2.694444444444444198e+00
2.611111111111110716e+00
2.538888888888888751e+00
2.477777777777777413e+00
2.427777777777777590e+00
2.388888888888888395e+00
2.361111111111110716e+00
2.344444444444444109e+00
2.338888888888888573e+00
2.344444444444444109e+00
2.361111111111110716e+00
2.388888888888888395e+00
2.427777777777777146e+00
2.477777777777777413e+00
2.538888888888888751e+00
2.611111111111110716e+00
2.694444444444443754e+00
2.788888888888888751e+00
2.894444444444443931e+00
3.011111111111110628e+00
3.138888888888888395e+00
3.277777777777776791e+00
3.427777777777777146e+00
3.588888888888888573e+00
3.427777777777778034e+00
3.266666666666667052e+00
3.116666666666666696e+00
2.977777777777777857e+00
2.850000000000000089e+00
2.733333333333333393e+00
2.627777777777777768e+00
2.533333333333333215e+00
2.450000000000000178e+00
2.377777777777777768e+00
2.316666666666666430e+00
2.266666666666666607e+00
2.227777777777777857e+00
2.200000000000000178e+00
2.183333333333333570e+00
2.177777777777778034e+00
2.183333333333333570e+00
2.200000000000000178e+00
2.227777777777777857e+00
2.266666666666666607e+00
2.316666666666666430e+00
2.377777777777777768e+00
2.450000000000000178e+00
2.533333333333333215e+00
2.627777777777777768e+00
2.733333333333332948e+00
2.849999999999999645e+00
2.977777777777777857e+00
3.116666666666666252e+00
3.266666666666666607e+00
3.427777777777778034e+00
3.277777777777777235e+00
3.116666666666666696e+00
2.966666666666665897e+00
2.827777777777777501e+00
2.699999999999999734e+00
2.583333333333333037e+00
2.477777777777777413e+00
2.383333333333332860e+00
2.299999999999999822e+00
2.227777777777777413e+00
2.166666666666666075e+00
2.116666666666666252e+00
2.077777777777777501e+00
2.049999999999999822e+00
2.033333333333332771e+00
2.027777777777777235e+00
2.033333333333332771e+00
2.049999999999999378e+00
2.077777777777777501e+00
2.116666666666666252e+00
2.166666666666666075e+00
2.227777777777777413e+00
2.299999999999999378e+00
2.383333333333332860e+00
2.477777777777777413e+00
2.583333333333332593e+00
2.699999999999999289e+00
2.827777777777777501e+00
2.966666666666665897e+00
3.116666666666665808e+00
3.277777777777777235e+00
3.138888888888888395e+00
2.977777777777777857e+00
2.827777777777777501e+00
2.688888888888888662e+00
2.561111111111110894e+00
2.444444444444444198e+00
2.338888888888888573e+00
2.244444444444444464e+00
2.161111111111110983e+00
2.088888888888888573e+00
2.027777777777777679e+00
1.977777777777777413e+00
1.938888888888888662e+00
1.911111111111110983e+00
1.894444444444444153e+00
1.888888888888888618e+00
1.894444444444444153e+00
1.911111111111110761e+00
1.938888888888888662e+00
1.977777777777777413e+00
2.027777777777777679e+00
2.088888888888888573e+00
2.161111111111110539e+00
2.244444444444444020e+00
2.338888888888888573e+00
2.444444444444443754e+00
2.561111111111110894e+00
2.688888888888888662e+00
2.827777777777777057e+00
2.977777777777776969e+00
3.138888888888888395e+00
3.011111111111111072e+00
2.850000000000000089e+00
2.699999999999999734e+00
2.561111111111110894e+00
2.433333333333333570e+00
2.316666666666666430e+00
2.211111111111111249e+00
2.116666666666666696e+00
2.033333333333333215e+00
1.961111111111111027e+00
1.899999999999999911e+00
1.849999999999999867e+00
1.811111111111110894e+00
1.783333333333333215e+00
1.766666666666666607e+00
1.761111111111111072e+00
1.766666666666666607e+00
1.783333333333333215e+00
1.811111111111110894e+00
1.849999999999999867e+00
1.899999999999999911e+00
1.961111111111111027e+00
2.033333333333333215e+00
2.116666666666666252e+00
2.211111111111111249e+00
2.316666666666666430e+00
2.433333333333333126e+00
2.561111111111110894e+00
2.699999999999999289e+00
2.849999999999999645e+00
3.011111111111111072e+00
2.894444444444444375e+00
2.733333333333333393e+00
2.583333333333333037e+00
2.444444444444444198e+00
2.316666666666666430e+00
2.200000000000000178e+00
2.094444444444444109e+00
2.000000000000000000e+00
1.916666666666666519e+00
1.844444444444444331e+00
1.783333333333333215e+00
1.733333333333333171e+00
1.694444444444444198e+00
1.666666666666666519e+00
1.649999999999999911e+00
1.644444444444444375e+00
1.649999999999999911e+00
1.666666666666666519e+00
1.694444444444444198e+00
1.733333333333333171e+00
1.783333333333333215e+00
1.844444444444444331e+00
1.916666666666666519e+00
1.999999999999999556e+00
2.094444444444444109e+00
2.199999999999999289e+00
2.316666666666666430e+00
2.444444444444444198e+00
2.583333333333332593e+00
2.733333333333332948e+00
2.894444444444444375e+00
2.788888888888888751e+00
2.627777777777777768e+00
2.477777777777777413e+00
2.338888888888888573e+00
2.211111111111111249e+00
2.094444444444444109e+00
1.988888888888888484e+00
1.894444444444444153e+00
1.811111111111110894e+00
1.738888888888888484e+00
1.677777777777777590e+00
1.627777777777777546e+00
1.588888888888888573e+00
1.561111111111110894e+00
1.544444444444444287e+00
1.538888888888888529e+00
1.544444444444444065e+00
1.561111111111110894e+00
1.588888888888888573e+00
1.627777777777777324e+00
1.677777777777777368e+00
1.738888888888888484e+00
1.811111111111110672e+00
1.894444444444443931e+00
1.988888888888888484e+00
2.094444444444444109e+00
2.211111111111110361e+00
2.338888888888888573e+00
2.477777777777776969e+00
2.627777777777777324e+00
2.788888888888888751e+00
2.694444444444444198e+00
2.533333333333333215e+00
2.383333333333332860e+00
2.244444444444444464e+00
2.116666666666666696e+00
2.000000000000000000e+00
1.894444444444444153e+00
1.799999999999999822e+00
1.716666666666666563e+00
1.644444444444444153e+00
1.583333333333333037e+00
1.533333333333333215e+00
1.494444444444444242e+00
1.466666666666666341e+00
1.449999999999999734e+00
1.444444444444444198e+00
1.449999999999999734e+00
1.466666666666666341e+00
1.494444444444444242e+00
1.533333333333332993e+00
1.583333333333333037e+00
1.644444444444444153e+00
1.716666666666666341e+00
1.799999999999999600e+00
1.894444444444444153e+00
1.999999999999999556e+00
2.116666666666666252e+00
2.244444444444444464e+00
2.383333333333332860e+00
2.533333333333332771e+00
2.694444444444444198e+00
2.611111111111110716e+00
2.450000000000000178e+00
2.299999999999999822e+00
2.161111111111110983e+00
2.033333333333333215e+00
1.916666666666666519e+00
1.811111111111110894e+00
1.716666666666666563e+00
1.633333333333333304e+00
1.561111111111110894e+00
1.499999999999999778e+00
1.449999999999999734e+00
1.411111111111110983e+00
1.383333333333333082e+00
1.366666666666666474e+00
1.361111111111110938e+00
1.366666666666666474e+00
1.383333333333333082e+00
1.411111111111110983e+00
1.449999999999999734e+00
1.499999999999999556e+00
1.561111111111110894e+00
1.633333333333333082e+00
1.716666666666666341e+00
1.811111111111110894e+00
1.916666666666666075e+00
2.033333333333333215e+00
2.161111111111110983e+00
2.299999999999999378e+00
2.449999999999999289e+00
2.611111111111110716e+00
2.538888888888888751e+00
2.377777777777777768e+00
2.227777777777777413e+00
2.088888888888888573e+00
1.961111111111111027e+00
1.844444444444444331e+00
1.738888888888888484e+00
1.644444444444444153e+00
1.561111111111110894e+00
1.488888888888888484e+00
1.427777777777777590e+00
1.377777777777777546e+00
1.338888888888888573e+00
1.311111111111110894e+00
1.294444444444444065e+00
1.288888888888888529e+00
1.294444444444444065e+00
1.311111111111110894e+00
1.338888888888888573e+00
1.377777777777777324e+00
1.427777777777777368e+00
1.488888888888888484e+00
1.561111111111110672e+00
1.644444444444443931e+00
1.738888888888888484e+00
1.844444444444443887e+00
1.961111111111110583e+00
2.088888888888888573e+00
2.227777777777776969e+00
2.377777777777777324e+00
2.538888888888888751e+00
2.477777777777777413e+00
2.316666666666666430e+00
2.166666666666666075e+00
2.027777777777777679e+00
1.899999999999999911e+00
1.783333333333333215e+00
1.677777777777777590e+00
1.583333333333333037e+00
1.499999999999999778e+00
1.427777777777777590e+00
1.366666666666666474e+00
1.316666666666666430e+00
1.277777777777777457e+00
1.249999999999999778e+00
1.233333333333332948e+00
1.227777777777777413e+00
1.233333333333332948e+00
1.249999999999999556e+00
1.277777777777777457e+00
1.316666666666666430e+00
1.366666666666666252e+00
1.427777777777777590e+00
1.499999999999999556e+00
1.583333333333333037e+00
1.677777777777777590e+00
1.783333333333332771e+00
1.899999999999999467e+00
2.027777777777777679e+00
2.166666666666666075e+00
2.316666666666665986e+00
2.477777777777777413e+00
2.427777777777777590e+00
2.266666666666666607e+00
2.116666666666666252e+00
1.977777777777777413e+00
1.849999999999999867e+00
1.733333333333333171e+00
1.627777777777777546e+00
1.533333333333333215e+00
1.449999999999999734e+00
1.377777777777777546e+00
1.316666666666666430e+00
1.266666666666666385e+00
1.227777777777777413e+00
1.199999999999999734e+00
1.183333333333333126e+00
1.177777777777777590e+00
1.183333333333333126e+00
1.199999999999999734e+00
1.227777777777777413e+00
1.266666666666666385e+00
1.316666666666666208e+00
1.377777777777777546e+00
1.449999999999999734e+00
1.533333333333332771e+00
1.627777777777777546e+00
1.733333333333332726e+00
1.849999999999999645e+00
1.977777777777777413e+00
2.116666666666665808e+00
2.266666666666666163e+00
2.427777777777777590e+00
2.388888888888888395e+00
2.227777777777777857e+00
2.077777777777777501e+00
1.938888888888888662e+00
1.811111111111110894e+00
1.694444444444444198e+00
1.588888888888888573e+00
1.494444444444444242e+00
1.411111111111110983e+00
1.338888888888888573e+00
1.277777777777777457e+00
1.227777777777777413e+00
1.188888888888888662e+00
1.161111111111110761e+00
1.144444444444444153e+00
1.138888888888888618e+00
1.144444444444444153e+00
1.161111111111110761e+00
1.188888888888888662e+00
1.227777777777777413e+00
1.277777777777777457e+00
1.338888888888888573e+00
1.411111111111110761e+00
1.494444444444444020e+00
1.588888888888888573e+00
1.694444444444443754e+00
1.811111111111110672e+00
1.938888888888888662e+00
2.077777777777777057e+00
2.227777777777776969e+00
2.388888888888888395e+00
2.361111111111110716e+00
2.200000000000000178e+00
2.049999999999999822e+00
1.911111111111110983e+00
1.783333333333333215e+00
1.666666666666666519e+00
1.561111111111110894e+00
1.466666666666666341e+00
1.383333333333333082e+00
1.311111111111110894e+00
1.249999999999999778e+00
1.199999999999999734e+00
1.161111111111110761e+00
1.133333333333333082e+00
1.116666666666666474e+00
1.111111111111110716e+00
1.116666666666666252e+00
1.133333333333333082e+00
1.161111111111110761e+00
1.199999999999999734e+00
1.249999999999999556e+00
1.311111111111110894e+00
1.383333333333332860e+00
1.466666666666666341e+00
1.561111111111110894e+00
1.666666666666666075e+00
1.783333333333332771e+00
1.911111111111110983e+00
2.049999999999999378e+00
2.199999999999999289e+00
2.361111111111110716e+00
2.344444444444444109e+00
2.183333333333333570e+00
2.033333333333332771e+00
1.894444444444444153e+00
1.766666666666666607e+00
1.649999999999999911e+00
1.544444444444444287e+00
1.449999999999999734e+00
1.366666666666666474e+00
1.294444444444444065e+00
1.233333333333332948e+00
1.183333333333333126e+00
1.144444444444444153e+00
1.116666666666666474e+00
1.099999999999999645e+00
1.094444444444444109e+00
1.099999999999999645e+00
1.116666666666666252e+00
1.144444444444444153e+00
1.183333333333332904e+00
1.233333333333332948e+00
1.294444444444444065e+00
1.366666666666666252e+00
1.449999999999999512e+00
1.544444444444444287e+00
1.649999999999999467e+00
1.766666666666666163e+00
1.894444444444444153e+00
2.033333333333332327e+00
2.183333333333332682e+00
2.344444444444444109e+00
2.338888888888888573e+00
2.177777777777778034e+00
2.027777777777777235e+00
1.888888888888888618e+00
1.761111111111111072e+00
1.644444444444444375e+00
1.538888888888888529e+00
1.444444444444444198e+00
1.361111111111110938e+00
1.288888888888888529e+00
1.227777777777777413e+00
1.177777777777777590e+00
1.138888888888888618e+00
1.111111111111110716e+00
1.094444444444444109e+00
1.088888888888888573e+00
1.094444444444444109e+00
1.111111111111110716e+00
1.138888888888888618e+00
1.177777777777777368e+00
1.227777777777777413e+00
1.288888888888888529e+00
1.361111111111110716e+00
1.444444444444443976e+00
1.538888888888888529e+00
1.644444444444443931e+00
1.761111111111110628e+00
1.888888888888888618e+00
2.027777777777776791e+00
2.177777777777777146e+00
2.338888888888888573e+00
2.344444444444444109e+00
2.183333333333333570e+00
2.033333333333332771e+00
1.894444444444444153e+00
1.766666666666666607e+00
1.649999999999999911e+00
1.544444444444444065e+00
1.449999999999999734e+00
1.366666666666666474e+00
1.294444444444444065e+00
1.233333333333332948e+00
1.183333333333333126e+00
1.144444444444444153e+00
1.116666666666666252e+00
1.099999999999999645e+00
1.094444444444444109e+00
1.099999999999999645e+00
1.116666666666666252e+00
1.144444444444444153e+00
1.183333333333332904e+00
1.233333333333332948e+00
1.294444444444444065e+00
1.366666666666666252e+00
1.449999999999999512e+00
1.544444444444444065e+00
1.649999999999999467e+00
1.766666666666666163e+00
1.894444444444444153e+00
2.033333333333332327e+00
2.183333333333332682e+00
2.344444444444444109e+00
2.361111111111110716e+00
2.200000000000000178e+00
2.049999999999999378e+00
1.911111111111110761e+00
1.783333333333333215e+00
1.666666666666666519e+00
1.561111111111110894e+00
1.466666666666666341e+00
1.383333333333333082e+00
1.311111111111110894e+00
1.249999999999999556e+00
1.199999999999999734e+00
1.161111111111110761e+00
1.133333333333333082e+00
1.116666666666666252e+00
1.111111111111110716e+00
1.116666666666666252e+00
1.133333333333332860e+00
1.161111111111110761e+00
1.199999999999999512e+00
1.249999999999999556e+00
1.311111111111110894e+00
1.383333333333332860e+00
1.466666666666666119e+00
1.561111111111110894e+00
1.666666666666666075e+00
1.783333333333332771e+00
1.911111111111110761e+00
2.049999999999998934e+00
2.199999999999999289e+00
2.361111111111110716e+00
2.388888888888888395e+00
2.227777777777777857e+00
2.077777777777777501e+00
1.938888888888888662e+00
1.811111111111110894e+00
1.694444444444444198e+00
1.588888888888888573e+00
1.494444444444444242e+00
1.411111111111110983e+00
1.338888888888888573e+00
1.277777777777777457e+00
1.227777777777777413e+00
1.188888888888888662e+00
1.161111111111110761e+00
1.144444444444444153e+00
1.138888888888888618e+00
1.144444444444444153e+00
1.161111111111110761e+00
1.188888888888888662e+00
1.227777777777777413e+00
1.277777777777777457e+00
1.338888888888888573e+00
1.411111111111110761e+00
1.494444444444444020e+00
1.588888888888888573e+00
1.694444444444443754e+00
1.811111111111110672e+00
1.938888888888888662e+00
2.077777777777777057e+00
2.227777777777776969e+00
2.388888888888888395e+00
2.427777777777777146e+00
2.266666666666666607e+00
2.116666666666666252e+00
1.977777777777777413e+00
1.849999999999999867e+00
1.733333333333333171e+00
1.627777777777777324e+00
1.533333333333332993e+00
1.449999999999999734e+00
1.377777777777777324e+00
1.316666666666666430e+00
1.266666666666666385e+00
1.227777777777777413e+00
1.199999999999999734e+00
1.183333333333332904e+00
1.177777777777777368e+00
1.183333333333332904e+00
1.199999999999999512e+00
1.227777777777777413e+00
1.266666666666666163e+00
1.316666666666666208e+00
1.377777777777777324e+00
1.449999999999999512e+00
1.533333333333332771e+00
1.627777777777777324e+00
1.733333333333332726e+00
1.849999999999999423e+00
1.977777777777777413e+00
2.116666666666665808e+00
2.266666666666665719e+00
2.427777777777777146e+00
2.477777777777777413e+00
2.316666666666666430e+00
2.166666666666666075e+00
2.027777777777777679e+00
1.899999999999999911e+00
1.783333333333333215e+00
1.677777777777777368e+00
1.583333333333333037e+00
1.499999999999999556e+00
1.427777777777777368e+00
1.366666666666666252e+00
1.316666666666666208e+00
1.277777777777777457e+00
1.249999999999999556e+00
1.233333333333332948e+00
1.227777777777777413e+00
1.233333333333332948e+00
1.249999999999999556e+00
1.277777777777777457e+00
1.316666666666666208e+00
1.366666666666666252e+00
1.427777777777777368e+00
1.499999999999999556e+00
1.583333333333332815e+00
1.677777777777777368e+00
1.783333333333332771e+00
1.899999999999999467e+00
2.027777777777777679e+00
2.166666666666666075e+00
2.316666666666665986e+00
2.477777777777777413e+00
2.538888888888888751e+00
2.377777777777777768e+00
2.227777777777777413e+00
2.088888888888888573e+00
1.961111111111111027e+00
1.844444444444444331e+00
1.738888888888888484e+00
1.644444444444444153e+00
1.561111111111110894e+00
1.488888888888888484e+00
1.427777777777777590e+00
1.377777777777777546e+00
1.338888888888888573e+00
1.311111111111110894e+00
1.294444444444444065e+00
1.288888888888888529e+00
1.294444444444444065e+00
1.311111111111110894e+00
1.338888888888888573e+00
1.377777777777777324e+00
1.427777777777777368e+00
1.488888888888888484e+00
1.561111111111110672e+00
1.644444444444443931e+00
1.738888888888888484e+00
1.844444444444443887e+00
1.961111111111110583e+00
2.088888888888888573e+00
2.227777777777776969e+00
2.377777777777777324e+00
2.538888888888888751e+00
2.611111111111110716e+00
2.450000000000000178e+00
2.299999999999999378e+00
2.161111111111110539e+00
2.033333333333333215e+00
1.916666666666666519e+00
1.811111111111110672e+00
1.716666666666666341e+00
1.633333333333333082e+00
1.561111111111110672e+00
1.499999999999999556e+00
1.449999999999999734e+00
1.411111111111110761e+00
1.383333333333332860e+00
1.366666666666666252e+00
1.361111111111110716e+00
1.366666666666666252e+00
1.383333333333332860e+00
1.411111111111110761e+00
1.449999999999999512e+00
1.499999999999999556e+00
1.561111111111110672e+00
1.633333333333332860e+00
1.716666666666666119e+00
1.811111111111110672e+00
1.916666666666666075e+00
2.033333333333332771e+00
2.161111111111110539e+00
2.299999999999998934e+00
2.449999999999999289e+00
2.611111111111110716e+00
2.694444444444443754e+00
2.533333333333333215e+00
2.383333333333332860e+00
2.244444444444444020e+00
2.116666666666666252e+00
1.999999999999999556e+00
1.894444444444443931e+00
1.799999999999999600e+00
1.716666666666666341e+00
1.644444444444443931e+00
1.583333333333333037e+00
1.533333333333332771e+00
1.494444444444444020e+00
1.466666666666666341e+00
1.449999999999999512e+00
1.444444444444443976e+00
1.449999999999999512e+00
1.466666666666666119e+00
1.494444444444444020e+00
1.533333333333332771e+00
1.583333333333332815e+00
1.644444444444443931e+00
1.716666666666666119e+00
1.799999999999999378e+00
1.894444444444443931e+00
1.999999999999999112e+00
2.116666666666666252e+00
2.244444444444444020e+00
2.383333333333332416e+00
2.533333333333332327e+00
2.694444444444443754e+00
2.788888888888888751e+00
2.627777777777777768e+00
2.477777777777777413e+00
2.338888888888888573e+00
2.211111111111111249e+00
2.094444444444444109e+00
1.988888888888888484e+00
1.894444444444444153e+00
1.811111111111110894e+00
1.738888888888888484e+00
1.677777777777777590e+00
1.627777777777777546e+00
1.588888888888888573e+00
1.561111111111110894e+00
1.544444444444444287e+00
1.538888888888888529e+00
1.544444444444444065e+00
1.561111111111110894e+00
1.588888888888888573e+00
1.627777777777777324e+00
1.677777777777777368e+00
1.738888888888888484e+00
1.811111111111110672e+00
1.894444444444443931e+00
1.988888888888888484e+00
2.094444444444444109e+00
2.211111111111110361e+00
2.338888888888888573e+00
2.477777777777776969e+00
2.627777777777777324e+00
2.788888888888888751e+00
2.894444444444443931e+00
2.733333333333332948e+00
2.583333333333332593e+00
2.444444444444443754e+00
2.316666666666666430e+00
2.199999999999999289e+00
2.094444444444444109e+00
1.999999999999999556e+00
1.916666666666666075e+00
1.844444444444443887e+00
1.783333333333332771e+00
1.733333333333332726e+00
1.694444444444443754e+00
1.666666666666666075e+00
1.649999999999999467e+00
1.644444444444443931e+00
1.649999999999999467e+00
1.666666666666666075e+00
1.694444444444443754e+00
1.733333333333332726e+00
1.783333333333332771e+00
1.844444444444443887e+00
1.916666666666666075e+00
1.999999999999999112e+00
2.094444444444444109e+00
2.199999999999999289e+00
2.316666666666665986e+00
2.444444444444443754e+00
2.583333333333332149e+00
2.733333333333332504e+00
2.894444444444443931e+00
3.011111111111110628e+00
2.849999999999999645e+00
2.699999999999999289e+00
2.561111111111110894e+00
2.433333333333333126e+00
2.316666666666666430e+00
2.211111111111110361e+00
2.116666666666666252e+00
2.033333333333333215e+00
1.961111111111110583e+00
1.899999999999999467e+00
1.849999999999999645e+00
1.811111111111110672e+00
1.783333333333332771e+00
1.766666666666666163e+00
1.761111111111110628e+00
1.766666666666666163e+00
1.783333333333332771e+00
1.811111111111110672e+00
1.849999999999999423e+00
1.899999999999999467e+00
1.961111111111110583e+00
2.033333333333332771e+00
2.116666666666666252e+00
2.211111111111110361e+00
2.316666666666665986e+00
2.433333333333332682e+00
2.561111111111110894e+00
2.699999999999999289e+00
2.849999999999999201e+00
3.011111111111110628e+00
3.138888888888888395e+00
2.977777777777777857e+00
2.827777777777777501e+00
2.688888888888888662e+00
2.561111111111110894e+00
2.444444444444444198e+00
2.338888888888888573e+00
2.244444444444444464e+00
2.161111111111110983e+00
2.088888888888888573e+00
2.027777777777777679e+00
1.977777777777777413e+00
1.938888888888888662e+00
1.911111111111110983e+00
1.894444444444444153e+00
1.888888888888888618e+00
1.894444444444444153e+00
1.911111111111110761e+00
1.938888888888888662e+00
1.977777777777777413e+00
2.027777777777777679e+00
2.088888888888888573e+00
2.161111111111110539e+00
2.244444444444444020e+00
2.338888888888888573e+00
2.444444444444443754e+00
2.561111111111110894e+00
2.688888888888888662e+00
2.827777777777777057e+00
2.977777777777776969e+00
3.138888888888888395e+00
3.277777777777776791e+00
3.116666666666666252e+00
2.966666666666665897e+00
2.827777777777777057e+00
2.699999999999999289e+00
2.583333333333332593e+00
2.477777777777776969e+00
2.383333333333332860e+00
2.299999999999999378e+00
2.227777777777776969e+00
2.166666666666666075e+00
2.116666666666665808e+00
2.077777777777777057e+00
2.049999999999999378e+00
2.033333333333332327e+00
2.027777777777776791e+00
2.033333333333332327e+00
2.049999999999998934e+00
2.077777777777777057e+00
2.116666666666665808e+00
2.166666666666666075e+00
2.227777777777776969e+00
2.299999999999998934e+00
2.383333333333332416e+00
2.477777777777776969e+00
2.583333333333332149e+00
2.699999999999999289e+00
2.827777777777777057e+00
2.966666666666665453e+00
3.116666666666665364e+00
3.277777777777776791e+00
3.427777777777777146e+00
3.266666666666666607e+00
3.116666666666665808e+00
2.977777777777776969e+00
2.849999999999999645e+00
2.733333333333332948e+00
2.627777777777777324e+00
2.533333333333332771e+00
2.449999999999999289e+00
2.377777777777777324e+00
2.316666666666665986e+00
2.266666666666666163e+00
2.227777777777776969e+00
2.199999999999999289e+00
2.183333333333332682e+00
2.177777777777777146e+00
2.183333333333332682e+00
2.199999999999999289e+00
2.227777777777776969e+00
2.266666666666665719e+00
2.316666666666665986e+00
2.377777777777777324e+00
2.449999999999999289e+00
2.533333333333332327e+00
2.627777777777777324e+00
2.733333333333332504e+00
2.849999999999999201e+00
2.977777777777776969e+00
3.116666666666665364e+00
3.266666666666665719e+00
3.427777777777777146e+00
3.588888888888888573e+00
3.427777777777778034e+00
3.277777777777777235e+00
3.138888888888888395e+00
3.011111111111111072e+00
2.894444444444444375e+00
2.788888888888888751e+00
2.694444444444444198e+00
2.611111111111110716e+00
2.538888888888888751e+00
2.477777777777777413e+00
2.427777777777777590e+00
2.388888888888888395e+00
2.361111111111110716e+00
2.344444444444444109e+00
2.338888888888888573e+00
2.344444444444444109e+00
2.361111111111110716e+00
2.388888888888888395e+00
2.427777777777777146e+00
2.477777777777777413e+00
2.538888888888888751e+00
2.611111111111110716e+00
2.694444444444443754e+00
2.788888888888888751e+00
2.894444444444443931e+00
3.011111111111110628e+00
3.138888888888888395e+00
3.277777777777776791e+00
3.427777777777777146e+00
3.588888888888888573e+00
3.750000000000000000e+00
3.588888888888889461e+00
3.438888888888888662e+00
3.299999999999999822e+00
3.172222222222222499e+00
3.055555555555555802e+00
2.950000000000000178e+00
2.855555555555555625e+00
2.772222222222222143e+00
2.700000000000000178e+00
2.638888888888888840e+00
2.588888888888889017e+00
2.549999999999999822e+00
2.522222222222222143e+00
2.505555555555555536e+00
2.500000000000000000e+00
2.505555555555555536e+00
2.522222222222222143e+00
2.549999999999999822e+00
2.588888888888888573e+00
2.638888888888888840e+00
2.700000000000000178e+00
2.772222222222222143e+00
2.855555555555555181e+00
2.950000000000000178e+00
3.055555555555555358e+00
3.172222222222222054e+00
3.299999999999999822e+00
3.438888888888888218e+00
3.588888888888888573e+00
3.750000000000000000e+00
3.588888888888889461e+00
3.427777777777778478e+00
3.277777777777778123e+00
3.138888888888889284e+00
3.011111111111111516e+00
2.894444444444444819e+00
2.788888888888889195e+00
2.694444444444444642e+00
2.611111111111111605e+00
2.538888888888889195e+00
2.477777777777777857e+00
2.427777777777778034e+00
2.388888888888889284e+00
2.361111111111111605e+00
2.344444444444444997e+00
2.338888888888889461e+00
2.344444444444444997e+00
2.361111111111111605e+00
2.388888888888889284e+00
2.427777777777778034e+00
2.477777777777777857e+00
2.538888888888889195e+00
2.611111111111111605e+00
2.694444444444444642e+00
2.788888888888889195e+00
2.894444444444444375e+00
3.011111111111111072e+00
3.138888888888889284e+00
3.277777777777777679e+00
3.427777777777778034e+00
3.588888888888889461e+00
3.438888888888888662e+00
3.277777777777778123e+00
3.127777777777777324e+00
2.988888888888888928e+00
2.861111111111111160e+00
2.744444444444444464e+00
2.638888888888888840e+00
2.544444444444444287e+00
2.461111111111111249e+00
2.388888888888888840e+00
2.327777777777777501e+00
2.277777777777777679e+00
2.238888888888888928e+00
2.211111111111111249e+00
2.194444444444444198e+00
2.188888888888888662e+00
2.194444444444444198e+00
2.211111111111110805e+00
2.238888888888888928e+00
2.277777777777777679e+00
2.327777777777777501e+00
2.388888888888888840e+00
2.461111111111110805e+00
2.544444444444444287e+00
2.638888888888888840e+00
2.744444444444444020e+00
2.861111111111110716e+00
2.988888888888888928e+00
3.127777777777777324e+00
3.277777777777777235e+00
3.438888888888888662e+00
3.299999999999999822e+00
3.138888888888889284e+00
2.988888888888888928e+00
2.850000000000000089e+00
2.722222222222222321e+00
2.605555555555555625e+00
2.500000000000000000e+00
2.405555555555555891e+00
2.322222222222222410e+00
2.250000000000000000e+00
2.188888888888889106e+00
2.138888888888888840e+00
2.100000000000000089e+00
2.072222222222222410e+00
2.055555555555555358e+00
2.049999999999999822e+00
2.055555555555555358e+00
2.072222222222221966e+00
2.100000000000000089e+00
2.138888888888888840e+00
2.188888888888889106e+00
2.250000000000000000e+00
2.322222222222221966e+00
2.405555555555555447e+00
2.500000000000000000e+00
2.605555555555555181e+00
2.722222222222222321e+00
2.850000000000000089e+00
2.988888888888888484e+00
3.138888888888888395e+00
3.299999999999999822e+00
3.172222222222222499e+00
3.011111111111111516e+00
2.861111111111111160e+00
2.722222222222222321e+00
2.594444444444444997e+00
2.477777777777777857e+00
2.372222222222222676e+00
2.277777777777778123e+00
2.194444444444444642e+00
2.122222222222222676e+00
2.061111111111111338e+00
2.011111111111111072e+00
1.972222222222222321e+00
1.944444444444444642e+00
1.927777777777778034e+00
1.922222222222222499e+00
1.927777777777778034e+00
1.944444444444444642e+00
1.972222222222222321e+00
2.011111111111111072e+00
2.061111111111111338e+00
2.122222222222222676e+00
2.194444444444444642e+00
2.277777777777777679e+00
2.372222222222222676e+00
2.477777777777777857e+00
2.594444444444444553e+00
2.722222222222222321e+00
2.861111111111110716e+00
3.011111111111111072e+00
3.172222222222222499e+00
3.055555555555555802e+00
2.894444444444444819e+00
2.744444444444444464e+00
2.605555555555555625e+00
2.477777777777777857e+00
2.361111111111111605e+00
2.255555555555555536e+00
2.161111111111111427e+00
2.077777777777777946e+00
2.005555555555555536e+00
1.944444444444444642e+00
1.894444444444444597e+00
1.855555555555555625e+00
1.827777777777777946e+00
1.811111111111111338e+00
1.805555555555555802e+00
1.811111111111111338e+00
1.827777777777777946e+00
1.855555555555555625e+00
1.894444444444444597e+00
1.944444444444444642e+00
2.005555555555555536e+00
2.077777777777777946e+00
2.161111111111110983e+00
2.255555555555555536e+00
2.361111111111110716e+00
2.477777777777777857e+00
2.605555555555555625e+00
2.744444444444444020e+00
2.894444444444444375e+00
3.055555555555555802e+00
2.950000000000000178e+00
2.788888888888889195e+00
2.638888888888888840e+00
2.500000000000000000e+00
2.372222222222222676e+00
2.255555555555555536e+00
2.149999999999999911e+00
2.055555555555555358e+00
1.972222222222222321e+00
1.899999999999999911e+00
1.838888888888889017e+00
1.788888888888888973e+00
1.750000000000000000e+00
1.722222222222222321e+00
1.705555555555555713e+00
1.699999999999999956e+00
1.705555555555555491e+00
1.722222222222222321e+00
1.750000000000000000e+00
1.788888888888888751e+00
1.838888888888888795e+00
1.899999999999999911e+00
1.972222222222222099e+00
2.055555555555555358e+00
2.149999999999999911e+00
2.255555555555555536e+00
2.372222222222221788e+00
2.500000000000000000e+00
2.638888888888888395e+00
2.788888888888888751e+00
2.950000000000000178e+00
2.855555555555555625e+00
2.694444444444444642e+00
2.544444444444444287e+00
2.405555555555555891e+00
2.277777777777778123e+00
2.161111111111111427e+00
2.055555555555555358e+00
1.961111111111111249e+00
1.877777777777777990e+00
1.805555555555555580e+00
1.744444444444444464e+00
1.694444444444444642e+00
1.655555555555555669e+00
1.627777777777777768e+00
1.611111111111111160e+00
1.605555555555555625e+00
1.611111111111111160e+00
1.627777777777777768e+00
1.655555555555555669e+00
1.694444444444444420e+00
1.744444444444444464e+00
1.805555555555555580e+00
1.877777777777777768e+00
1.961111111111111027e+00
2.055555555555555358e+00
2.161111111111110983e+00
2.277777777777777679e+00
2.405555555555555891e+00
2.544444444444444287e+00
2.694444444444444198e+00
2.855555555555555625e+00
2.772222222222222143e+00
2.611111111111111605e+00
2.461111111111111249e+00
2.322222222222222410e+00
2.194444444444444642e+00
2.077777777777777946e+00
1.972222222222222321e+00
1.877777777777777990e+00
1.794444444444444731e+00
1.722222222222222321e+00
1.661111111111111205e+00
1.611111111111111160e+00
1.572222222222222410e+00
1.544444444444444509e+00
1.527777777777777901e+00
1.522222222222222365e+00
1.527777777777777901e+00
1.544444444444444509e+00
1.572222222222222410e+00
1.611111111111111160e+00
1.661111111111110983e+00
1.722222222222222321e+00
1.794444444444444509e+00
1.877777777777777768e+00
1.972222222222222321e+00
2.077777777777777501e+00
2.194444444444444642e+00
2.322222222222222410e+00
2.461111111111110805e+00
2.611111111111110716e+00
2.772222222222222143e+00
2.700000000000000178e+00
2.538888888888889195e+00
2.388888888888888840e+00
2.250000000000000000e+00
2.122222222222222676e+00
2.005555555555555536e+00
1.899999999999999911e+00
1.805555555555555580e+00
1.722222222222222321e+00
1.649999999999999911e+00
1.588888888888889017e+00
1.538888888888888973e+00
1.500000000000000000e+00
1.472222222222222321e+00
1.455555555555555491e+00
1.449999999999999956e+00
1.455555555555555491e+00
1.472222222222222321e+00
1.500000000000000000e+00
1.538888888888888751e+00
1.588888888888888795e+00
1.649999999999999911e+00
1.722222222222222099e+00
1.805555555555555358e+00
1.899999999999999911e+00
2.005555555555555536e+00
2.122222222222221788e+00
2.250000000000000000e+00
2.388888888888888395e+00
2.538888888888888751e+00
2.700000000000000178e+00
2.638888888888888840e+00
2.477777777777777857e+00
2.327777777777777501e+00
2.188888888888889106e+00
2.061111111111111338e+00
1.944444444444444642e+00
1.838888888888889017e+00
1.744444444444444464e+00
1.661111111111111205e+00
1.588888888888889017e+00
1.527777777777777901e+00
1.477777777777777857e+00
1.438888888888888884e+00
1.411111111111111205e+00
1.394444444444444375e+00
1.388888888888888840e+00
1.394444444444444375e+00
1.411111111111110983e+00
1.438888888888888884e+00
1.477777777777777857e+00
1.527777777777777679e+00
1.588888888888889017e+00
1.661111111111110983e+00
1.744444444444444464e+00
1.838888888888889017e+00
1.944444444444444198e+00
2.061111111111110894e+00
2.188888888888889106e+00
2.327777777777777501e+00
2.477777777777777413e+00
2.638888888888888840e+00
2.588888888888889017e+00
2.427777777777778034e+00
2.277777777777777679e+00
2.138888888888888840e+00
2.011111111111111072e+00
1.894444444444444597e+00
1.788888888888888973e+00
1.694444444444444642e+00
1.611111111111111160e+00
1.538888888888888973e+00
1.477777777777777857e+00
1.427777777777777812e+00
1.388888888888888840e+00
1.361111111111111160e+00
1.344444444444444553e+00
1.338888888888889017e+00
1.344444444444444553e+00
1.361111111111111160e+00
1.388888888888888840e+00
1.427777777777777812e+00
1.477777777777777635e+00
1.538888888888888973e+00
1.611111111111111160e+00
1.694444444444444198e+00
1.788888888888888973e+00
1.894444444444444153e+00
2.011111111111111072e+00
2.138888888888888840e+00
2.277777777777777235e+00
2.427777777777777590e+00
2.588888888888889017e+00
2.549999999999999822e+00
2.388888888888889284e+00
2.238888888888888928e+00
2.100000000000000089e+00
1.972222222222222321e+00
1.855555555555555625e+00
1.750000000000000000e+00
1.655555555555555669e+00
1.572222222222222410e+00
1.500000000000000000e+00
1.438888888888888884e+00
1.388888888888888840e+00
1.350000000000000089e+00
1.322222222222222188e+00
1.305555555555555580e+00
1.300000000000000044e+00
1.305555555555555580e+00
1.322222222222222188e+00
1.350000000000000089e+00
1.388888888888888840e+00
1.438888888888888884e+00
1.500000000000000000e+00
1.572222222222222188e+00
1.655555555555555447e+00
1.750000000000000000e+00
1.855555555555555181e+00
1.972222222222222099e+00
2.100000000000000089e+00
2.238888888888888484e+00
2.388888888888888395e+00
2.549999999999999822e+00
2.522222222222222143e+00
2.361111111111111605e+00
2.211111111111111249e+00
2.072222222222222410e+00
1.944444444444444642e+00
1.827777777777777946e+00
1.722222222222222321e+00
1.627777777777777768e+00
1.544444444444444509e+00
1.472222222222222321e+00
1.411111111111111205e+00
1.361111111111111160e+00
1.322222222222222188e+00
1.294444444444444509e+00
1.277777777777777901e+00
1.272222222222222143e+00
1.277777777777777679e+00
1.294444444444444509e+00
1.322222222222222188e+00
1.361111111111111160e+00
1.411111111111110983e+00
1.472222222222222321e+00
1.544444444444444287e+00
1.627777777777777768e+00
1.722222222222222321e+00
1.827777777777777501e+00
1.944444444444444198e+00
2.072222222222222410e+00
2.211111111111110805e+00
2.361111111111110716e+00
2.522222222222222143e+00
2.505555555555555536e+00
2.344444444444444997e+00
2.194444444444444198e+00
2.055555555555555358e+00
1.927777777777778034e+00
1.811111111111111338e+00
1.705555555555555713e+00
1.611111111111111160e+00
1.527777777777777901e+00
1.455555555555555491e+00
1.394444444444444375e+00
1.344444444444444553e+00
1.305555555555555580e+00
1.277777777777777901e+00
1.261111111111111072e+00
1.255555555555555536e+00
1.261111111111111072e+00
1.277777777777777679e+00
1.305555555555555580e+00
1.344444444444444331e+00
1.394444444444444375e+00
1.455555555555555491e+00
1.527777777777777679e+00
1.611111111111110938e+00
1.705555555555555713e+00
1.811111111111110894e+00
1.927777777777777590e+00
2.055555555555555358e+00
2.194444444444443754e+00
2.344444444444444109e+00
2.505555555555555536e+00
2.500000000000000000e+00
2.338888888888889461e+00
2.188888888888888662e+00
2.049999999999999822e+00
1.922222222222222499e+00
1.805555555555555802e+00
1.699999999999999956e+00
1.605555555555555625e+00
1.522222222222222365e+00
1.449999999999999956e+00
1.388888888888888840e+00
1.338888888888889017e+00
1.300000000000000044e+00
1.272222222222222143e+00
1.255555555555555536e+00
1.250000000000000000e+00
1.255555555555555536e+00
1.272222222222222143e+00
1.300000000000000044e+00
1.338888888888888795e+00
1.388888888888888840e+00
1.449999999999999956e+00
1.522222222222222143e+00
1.605555555555555403e+00
1.699999999999999956e+00
1.805555555555555358e+00
1.922222222222222054e+00
2.049999999999999822e+00
2.188888888888888218e+00
2.338888888888888573e+00
2.500000000000000000e+00
2.505555555555555536e+00
2.344444444444444997e+00
2.194444444444444198e+00
2.055555555555555358e+00
1.927777777777778034e+00
1.811111111111111338e+00
1.705555555555555491e+00
1.611111111111111160e+00
1.527777777777777901e+00
1.455555555555555491e+00
1.394444444444444375e+00
1.344444444444444553e+00
1.305555555555555580e+00
1.277777777777777679e+00
1.261111111111111072e+00
1.255555555555555536e+00
1.261111111111111072e+00
1.277777777777777679e+00
1.305555555555555580e+00
1.344444444444444331e+00
1.394444444444444375e+00
1.455555555555555491e+00
1.527777777777777679e+00
1.611111111111110938e+00
1.705555555555555491e+00
1.811111111111110894e+00
1.927777777777777590e+00
2.055555555555555358e+00
2.194444444444443754e+00
2.344444444444444109e+00
2.505555555555555536e+00
2.522222222222222143e+00
2.361111111111111605e+00
2.211111111111110805e+00
2.072222222222221966e+00
1.944444444444444642e+00
1.827777777777777946e+00
1.722222222222222321e+00
1.627777777777777768e+00
1.544444444444444509e+00
1.472222222222222321e+00
1.411111111111110983e+00
1.361111111111111160e+00
1.322222222222222188e+00
1.294444444444444509e+00
1.277777777777777679e+00
1.272222222222222143e+00
1.277777777777777679e+00
1.294444444444444287e+00
1.322222222222222188e+00
1.361111111111110938e+00
1.411111111111110983e+00
1.472222222222222321e+00
1.544444444444444287e+00
1.627777777777777546e+00
1.722222222222222321e+00
1.827777777777777501e+00
1.944444444444444198e+00
2.072222222222221966e+00
2.211111111111110361e+00
2.361111111111110716e+00
2.522222222222222143e+00
2.549999999999999822e+00
2.388888888888889284e+00
2.238888888888888928e+00
2.100000000000000089e+00
1.972222222222222321e+00
1.855555555555555625e+00
1.750000000000000000e+00
1.655555555555555669e+00
1.572222222222222410e+00
1.500000000000000000e+00
1.438888888888888884e+00
1.388888888888888840e+00
1.350000000000000089e+00
1.322222222222222188e+00
1.305555555555555580e+00
1.300000000000000044e+00
1.305555555555555580e+00
1.322222222222222188e+00
1.350000000000000089e+00
1.388888888888888840e+00
1.438888888888888884e+00
1.500000000000000000e+00
1.572222222222222188e+00
1.655555555555555447e+00
1.750000000000000000e+00
1.855555555555555181e+00
1.972222222222222099e+00
2.100000000000000089e+00
2.238888888888888484e+00
2.388888888888888395e+00
2.549999999999999822e+00
2.588888888888888573e+00
2.427777777777778034e+00
2.277777777777777679e+00
2.138888888888888840e+00
2.011111111111111072e+00
1.894444444444444597e+00
1.788888888888888751e+00
1.694444444444444420e+00
1.611111111111111160e+00
1.538888888888888751e+00
1.477777777777777857e+00
1.427777777777777812e+00
1.388888888888888840e+00
1.361111111111111160e+00
1.344444444444444331e+00
1.338888888888888795e+00
1.344444444444444331e+00
1.361111111111110938e+00
1.388888888888888840e+00
1.427777777777777590e+00
1.477777777777777635e+00
1.538888888888888751e+00
1.611111111111110938e+00
1.694444444444444198e+00
1.788888888888888751e+00
1.894444444444444153e+00
2.011111111111111072e+00
2.138888888888888840e+00
2.277777777777777235e+00
2.427777777777777146e+00
2.588888888888888573e+00
2.638888888888888840e+00
2.477777777777777857e+00
2.327777777777777501e+00
2.188888888888889106e+00
2.061111111111111338e+00
1.944444444444444642e+00
1.838888888888888795e+00
1.744444444444444464e+00
1.661111111111110983e+00
1.588888888888888795e+00
1.527777777777777679e+00
1.477777777777777635e+00
1.438888888888888884e+00
1.411111111111110983e+00
1.394444444444444375e+00
1.388888888888888840e+00
1.394444444444444375e+00
1.411111111111110983e+00
1.438888888888888884e+00
1.477777777777777635e+00
1.527777777777777679e+00
1.588888888888888795e+00
1.661111111111110983e+00
1.744444444444444242e+00
1.838888888888888795e+00
1.944444444444444198e+00
2.061111111111110894e+00
2.188888888888889106e+00
2.327777777777777501e+00
2.477777777777777413e+00
2.638888888888888840e+00
2.700000000000000178e+00
2.538888888888889195e+00
2.388888888888888840e+00
2.250000000000000000e+00
2.122222222222222676e+00
2.005555555555555536e+00
1.899999999999999911e+00
1.805555555555555580e+00
1.722222222222222321e+00
1.649999999999999911e+00
1.588888888888889017e+00
1.538888888888888973e+00
1.500000000000000000e+00
1.472222222222222321e+00
1.455555555555555491e+00
1.449999999999999956e+00
1.455555555555555491e+00
1.472222222222222321e+00
1.500000000000000000e+00
1.538888888888888751e+00
1.588888888888888795e+00
1.649999999999999911e+00
1.722222222222222099e+00
1.805555555555555358e+00
1.899999999999999911e+00
2.005555555555555536e+00
2.122222222222221788e+00
2.250000000000000000e+00
2.388888888888888395e+00
2.538888888888888751e+00
2.700000000000000178e+00
2.772222222222222143e+00
2.611111111111111605e+00
2.461111111111110805e+00
2.322222222222221966e+00
2.194444444444444642e+00
2.077777777777777946e+00
1.972222222222222099e+00
1.877777777777777768e+00
1.794444444444444509e+00
1.722222222222222099e+00
1.661111111111110983e+00
1.611111111111111160e+00
1.572222222222222188e+00
1.544444444444444287e+00
1.527777777777777679e+00
1.522222222222222143e+00
1.527777777777777679e+00
1.544444444444444287e+00
1.572222222222222188e+00
1.611111111111110938e+00
1.661111111111110983e+00
1.722222222222222099e+00
1.794444444444444287e+00
1.877777777777777546e+00
1.972222222222222099e+00
2.077777777777777501e+00
2.194444444444444198e+00
2.322222222222221966e+00
2.461111111111110361e+00
2.611111111111110716e+00
2.772222222222222143e+00
2.855555555555555181e+00
2.694444444444444642e+00
2.544444444444444287e+00
2.405555555555555447e+00
2.277777777777777679e+00
2.161111111111110983e+00
2.055555555555555358e+00
1.961111111111111027e+00
1.877777777777777768e+00
1.805555555555555358e+00
1.744444444444444464e+00
1.694444444444444198e+00
1.655555555555555447e+00
1.627777777777777768e+00
1.611111111111110938e+00
1.605555555555555403e+00
1.611111111111110938e+00
1.627777777777777546e+00
1.655555555555555447e+00
1.694444444444444198e+00
1.744444444444444242e+00
1.805555555555555358e+00
1.877777777777777546e+00
1.961111111111110805e+00
2.055555555555555358e+00
2.161111111111110539e+00
2.277777777777777679e+00
2.405555555555555447e+00
2.544444444444443842e+00
2.694444444444443754e+00
2.855555555555555181e+00
2.950000000000000178e+00
2.788888888888889195e+00
2.638888888888888840e+00
2.500000000000000000e+00
2.372222222222222676e+00
2.255555555555555536e+00
2.149999999999999911e+00
2.055555555555555358e+00
1.972222222222222321e+00
1.899999999999999911e+00
1.838888888888889017e+00
1.788888888888888973e+00
1.750000000000000000e+00
1.722222222222222321e+00
1.705555555555555713e+00
1.699999999999999956e+00
1.705555555555555491e+00
1.722222222222222321e+00
1.750000000000000000e+00
1.788888888888888751e+00
1.838888888888888795e+00
1.899999999999999911e+00
1.972222222222222099e+00
2.055555555555555358e+00
2.149999999999999911e+00
2.255555555555555536e+00
2.372222222222221788e+00
2.500000000000000000e+00
2.638888888888888395e+00
2.788888888888888751e+00
2.950000000000000178e+00
3.055555555555555358e+00
2.894444444444444375e+00
2.744444444444444020e+00
2.605555555555555181e+00
2.477777777777777857e+00
2.361111111111110716e+00
2.255555555555555536e+00
2.161111111111110983e+00
2.077777777777777501e+00
2.005555555555555536e+00
1.944444444444444198e+00
1.894444444444444153e+00
1.855555555555555181e+00
1.827777777777777501e+00
1.811111111111110894e+00
1.805555555555555358e+00
1.811111111111110894e+00
1.827777777777777501e+00
1.855555555555555181e+00
1.894444444444444153e+00
1.944444444444444198e+00
2.005555555555555536e+00
2.077777777777777501e+00
2.161111111111110539e+00
2.255555555555555536e+00
2.361111111111110716e+00
2.477777777777777413e+00
2.605555555555555181e+00
2.744444444444443576e+00
2.894444444444443931e+00
3.055555555555555358e+00
3.172222222222222054e+00
3.011111111111111072e+00
2.861111111111110716e+00
2.722222222222222321e+00
2.594444444444444553e+00
2.477777777777777857e+00
2.372222222222221788e+00
2.277777777777777679e+00
2.194444444444444642e+00
2.122222222222221788e+00
2.061111111111110894e+00
2.011111111111111072e+00
1.972222222222222099e+00
1.944444444444444198e+00
1.927777777777777590e+00
1.922222222222222054e+00
1.927777777777777590e+00
1.944444444444444198e+00
1.972222222222222099e+00
2.011111111111111072e+00
2.061111111111110894e+00
2.122222222222221788e+00
2.194444444444444198e+00
2.277777777777777679e+00
2.372222222222221788e+00
2.477777777777777413e+00
2.594444444444444109e+00
2.722222222222222321e+00
2.861111111111110716e+00
3.011111111111110628e+00
3.172222222222222054e+00
3.299999999999999822e+00
3.138888888888889284e+00
2.988888888888888928e+00
2.850000000000000089e+00
2.722222222222222321e+00
2.605555555555555625e+00
2.500000000000000000e+00
2.405555555555555891e+00
2.322222222222222410e+00
2.250000000000000000e+00
2.188888888888889106e+00
2.138888888888888840e+00
2.100000000000000089e+00
2.072222222222222410e+00
2.055555555555555358e+00
2.049999999999999822e+00
2.055555555555555358e+00
2.072222222222221966e+00
2.100000000000000089e+00
2.138888888888888840e+00
2.188888888888889106e+00
2.250000000000000000e+00
2.322222222222221966e+00
2.405555555555555447e+00
2.500000000000000000e+00
2.605555555555555181e+00
2.722222222222222321e+00
2.850000000000000089e+00
2.988888888888888484e+00
3.138888888888888395e+00
3.299999999999999822e+00
3.438888888888888218e+00
3.277777777777777679e+00
3.127777777777777324e+00
2.988888888888888484e+00
2.861111111111110716e+00
2.744444444444444020e+00
2.638888888888888395e+00
2.544444444444444287e+00
2.461111111111110805e+00
2.388888888888888395e+00
2.327777777777777501e+00
2.277777777777777235e+00
2.238888888888888484e+00
2.211111111111110805e+00
2.194444444444443754e+00
2.188888888888888218e+00
2.194444444444443754e+00
2.211111111111110361e+00
2.238888888888888484e+00
2.277777777777777235e+00
2.327777777777777501e+00
2.388888888888888395e+00
2.461111111111110361e+00
2.544444444444443842e+00
2.638888888888888395e+00
2.744444444444443576e+00
2.861111111111110716e+00
2.988888888888888484e+00
3.127777777777776880e+00
3.277777777777776791e+00
3.438888888888888218e+00
3.588888888888888573e+00
3.427777777777778034e+00
3.277777777777777235e+00
3.138888888888888395e+00
3.011111111111111072e+00
2.894444444444444375e+00
2.788888888888888751e+00
2.694444444444444198e+00
2.611111111111110716e+00
2.538888888888888751e+00
2.477777777777777413e+00
2.427777777777777590e+00
2.388888888888888395e+00
2.361111111111110716e+00
2.344444444444444109e+00
2.338888888888888573e+00
2.344444444444444109e+00
2.361111111111110716e+00
2.388888888888888395e+00
2.427777777777777146e+00
2.477777777777777413e+00
2.538888888888888751e+00
2.611111111111110716e+00
2.694444444444443754e+00
2.788888888888888751e+00
2.894444444444443931e+00
3.011111111111110628e+00
3.138888888888888395e+00
3.277777777777776791e+00
3.427777777777777146e+00
3.588888888888888573e+00
3.750000000000000000e+00
3.588888888888889461e+00
3.438888888888888662e+00
3.299999999999999822e+00
3.172222222222222499e+00
3.055555555555555802e+00
2.950000000000000178e+00
2.855555555555555625e+00
2.772222222222222143e+00
2.700000000000000178e+00
2.638888888888888840e+00
2.588888888888889017e+00
2.549999999999999822e+00
2.522222222222222143e+00
2.505555555555555536e+00
2.500000000000000000e+00
2.505555555555555536e+00
2.522222222222222143e+00
2.549999999999999822e+00
2.588888888888888573e+00
2.638888888888888840e+00
2.700000000000000178e+00
2.772222222222222143e+00
2.855555555555555181e+00
2.950000000000000178e+00
3.055555555555555358e+00
3.172222222222222054e+00
3.299999999999999822e+00
3.438888888888888218e+00
3.588888888888888573e+00
3.750000000000000000e+00
